ArrestID,PersonID,CaseID,ArrestDate,CustodyDays,BailGranted
1,506869,1834,2026-08-09,7,True
2,509669,767,2024-01-09,40,True
3,513641,2070,2022-08-07,46,False
4,513641,4993,2026-10-05,5,False
5,514019,256,2024-07-11,25,True
6,507489,4096,2024-11-08,52,True
7,507489,3260,2025-08-25,16,False
8,512910,2976,2026-07-26,9,False
9,512910,3219,2025-10-17,83,False
10,512910,788,2023-04-11,14,True
11,509568,3355,2023-04-12,76,False
12,521424,1195,2022-12-10,34,True
13,506658,345,2024-11-12,19,True
14,502519,303,2025-06-16,24,False
15,502519,595,2024-11-07,1,False
16,521136,4071,2022-06-18,8,True
17,521081,1412,2026-07-16,43,False
18,506493,731,2024-11-19,15,True
19,508615,1709,2024-05-08,40,False
20,512061,4951,2022-02-19,57,False
21,519123,2223,2023-05-02,47,False
22,512280,1838,2022-10-10,30,False
23,516448,4066,2026-10-14,12,False
24,514338,491,2022-03-06,2,False
25,522164,3253,2025-12-27,11,True
26,522164,800,2024-09-17,5,True
27,522164,4380,2025-12-25,50,False
28,510278,4692,2023-10-05,42,True
29,524428,4745,2027-01-03,1,True
30,517717,82,2026-10-20,30,True
31,507947,3032,2022-08-20,84,False
32,505101,351,2022-01-02,41,True
33,523949,4990,2022-10-05,26,False
34,523949,2072,2024-12-14,58,True
35,500734,2225,2024-05-23,62,True
36,518405,482,2022-11-01,86,True
37,509889,190,2022-06-14,77,True
38,509889,3983,2024-03-30,15,False
39,504406,3072,2024-12-15,45,False
40,521743,530,2022-11-06,79,False
41,521743,1952,2023-05-25,49,False
42,522489,2914,2025-08-22,61,False
43,522489,544,2022-10-21,26,True
44,522489,4603,2026-07-13,6,True
45,514093,4003,2025-09-25,48,False
46,503493,850,2023-10-08,82,False
47,519350,71,2023-12-01,72,False
48,519350,2838,2023-04-12,42,False
49,519350,462,2025-03-29,1,True
50,515658,2059,2022-07-31,10,True
51,503590,1993,2026-05-11,31,True
52,508505,1744,2023-12-05,22,False
53,506254,696,2023-02-11,47,False
54,506254,4171,2026-07-13,60,False
55,512332,2263,2026-07-27,38,True
56,512332,1120,2025-05-19,21,False
57,520199,474,2025-10-29,7,False
58,520199,761,2025-01-03,73,False
59,500867,2577,2026-06-30,76,True
60,500867,862,2024-09-12,13,True
61,500867,3138,2024-07-16,68,True
62,500867,132,2022-12-07,30,True
63,511507,2585,2025-06-29,23,False
64,511507,660,2024-09-25,13,True
65,511507,138,2025-11-02,13,True
66,509808,3371,2022-07-08,64,False
67,505036,441,2024-07-08,66,False
68,505036,3115,2022-03-13,56,False
69,521079,4661,2024-03-19,13,False
70,524662,3147,2024-03-11,89,True
71,512147,989,2023-07-19,50,False
72,516542,1904,2026-08-20,84,False
73,516542,1189,2025-12-26,40,False
74,509318,2899,2026-12-22,37,False
75,515821,2459,2023-12-17,80,False
76,515821,4516,2026-04-25,18,True
77,512059,4821,2023-04-15,77,False
78,508092,948,2023-06-23,51,False
79,508092,1715,2023-01-26,41,False
80,507229,3506,2025-10-18,53,False
81,507229,4256,2023-03-29,52,True
82,522666,573,2022-12-05,66,False
83,513339,3865,2024-01-23,55,False
84,513339,3403,2026-07-17,44,False
85,509516,1432,2025-06-26,76,True
86,522390,4775,2023-12-12,69,True
87,505690,4333,2023-05-05,78,False
88,506516,4670,2023-11-15,78,True
89,503610,4096,2024-11-24,17,True
90,512403,1592,2022-04-22,88,False
91,512403,622,2023-09-25,13,True
92,501916,4058,2024-03-06,39,False
93,501916,3147,2024-03-14,48,False
94,507812,975,2026-10-19,49,False
95,509603,3920,2026-02-04,85,True
96,520140,1600,2022-03-30,79,True
97,520140,1451,2026-08-17,83,False
98,510601,1350,2025-02-08,23,False
99,514799,2855,2026-02-19,57,True
100,514799,1305,2024-09-24,25,True
101,515466,4057,2023-02-27,82,False
102,506665,4409,2023-07-26,72,True
103,523886,4758,2025-07-15,21,False
104,523886,2168,2026-03-18,27,False
105,503078,4835,2025-03-10,90,True
106,503078,1642,2026-07-17,18,False
107,503078,4572,2022-04-28,19,False
108,524839,4568,2026-10-21,3,False
109,508183,679,2024-04-11,9,False
110,501347,582,2025-02-24,16,True
111,509527,3872,2024-04-24,38,True
112,509527,832,2026-08-02,55,True
113,504373,4243,2022-12-05,14,True
114,501890,3797,2025-05-28,18,True
115,507199,1784,2024-09-22,89,True
116,502906,1281,2023-07-21,68,True
117,502906,1875,2022-06-04,11,True
118,506663,921,2026-09-19,30,False
119,509810,4037,2023-04-30,85,True
120,505419,2896,2025-09-17,26,False
121,505419,2777,2022-11-16,76,True
122,503548,3389,2022-09-19,37,True
123,503548,100,2023-07-29,53,False
124,503548,2151,2026-06-09,46,True
125,511128,3878,2022-03-01,55,True
126,504745,3749,2026-03-24,54,True
127,504745,2879,2023-10-12,2,True
128,521162,2815,2025-01-28,70,False
129,500537,2179,2023-01-15,73,False
130,516452,266,2023-07-21,46,True
131,515253,2005,2024-07-24,9,True
132,515253,992,2022-02-13,31,False
133,515253,1309,2024-08-21,10,True
134,522276,4981,2026-06-05,22,False
135,522276,2994,2024-03-23,15,False
136,518873,1554,2022-11-11,4,False
137,502843,2223,2023-04-17,83,False
138,524635,1498,2025-01-04,5,False
139,524635,3960,2026-04-16,22,False
140,524635,2458,2024-05-27,38,True
141,510762,582,2025-02-03,64,True
142,510841,1932,2026-05-15,29,False
143,510841,1411,2025-08-31,36,False
144,521480,866,2023-07-27,71,False
145,521480,134,2022-12-24,56,True
146,513621,2347,2023-09-02,17,True
147,513621,373,2026-07-30,56,False
148,521394,3822,2022-08-22,70,True
149,524697,679,2024-04-15,1,True
150,516675,1573,2025-12-27,75,False
151,512366,1290,2024-06-03,3,False
152,500960,2716,2025-02-24,45,True
153,512397,4030,2022-10-10,57,False
154,501819,4969,2023-08-07,38,True
155,501819,3989,2024-04-05,74,False
156,517918,882,2023-04-24,1,True
157,517918,3001,2024-11-06,46,False
158,517918,2335,2025-03-09,2,True
159,516791,4311,2025-05-07,72,True
160,500324,430,2025-09-02,63,False
161,512751,4667,2025-07-14,15,False
162,522708,4223,2024-01-23,83,True
163,520799,1219,2026-12-07,11,True
164,524717,477,2022-02-19,80,True
165,513837,54,2026-05-29,17,True
166,502282,2785,2026-03-02,6,True
167,502282,3896,2022-02-14,26,False
168,513515,471,2026-04-27,30,True
169,513515,2262,2025-08-07,8,False
170,521715,943,2025-01-22,49,False
171,510463,4319,2024-02-01,67,True
172,510463,2582,2025-07-02,44,False
173,506816,3527,2023-09-03,24,False
174,507956,1192,2023-11-09,59,True
175,507956,3280,2022-07-12,47,False
176,522932,1598,2023-02-13,13,True
177,504520,2254,2022-07-03,67,True
178,504520,1723,2026-07-21,53,False
179,504520,212,2024-09-17,62,True
180,515260,3186,2022-02-18,39,True
181,520015,4966,2025-11-12,90,True
182,520015,1352,2024-03-28,37,False
183,520015,3071,2025-09-22,73,False
184,503844,4706,2023-12-13,66,False
185,523909,4642,2024-08-09,20,True
186,523909,441,2024-07-08,88,False
187,502852,3030,2023-06-02,28,True
188,512571,631,2025-10-03,79,False
189,513074,905,2025-10-25,46,False
190,513074,1358,2027-01-11,2,False
191,505816,905,2025-10-29,9,True
192,512592,4847,2022-06-05,11,False
193,508158,3438,2024-06-22,18,False
194,506380,842,2025-04-14,20,False
195,506380,4995,2023-10-29,90,True
196,515444,4262,2023-11-06,37,True
197,500398,2420,2025-09-26,40,True
198,500398,325,2026-07-19,13,False
199,506879,3596,2024-01-25,3,True
200,506879,1621,2023-01-23,32,False
201,506879,2190,2027-01-07,66,False
202,508551,835,2024-05-15,68,False
203,500517,3749,2026-03-21,62,False
204,503589,562,2022-11-21,10,False
205,503589,563,2024-05-12,64,True
206,502251,3102,2024-01-13,2,True
207,518162,1879,2025-01-08,11,False
208,518162,2778,2023-09-30,23,True
209,504557,9,2022-03-07,82,True
210,507517,2801,2025-01-01,6,False
211,503352,4395,2023-01-13,45,False
212,503352,752,2026-10-07,83,True
213,519138,1862,2025-07-03,4,True
214,519138,4766,2023-04-02,6,False
215,505475,219,2024-10-31,66,False
216,505475,1973,2022-10-21,26,True
217,505475,3855,2025-10-24,21,False
218,512137,2879,2023-09-28,21,True
219,512137,4017,2025-07-28,11,False
220,506600,4968,2022-04-11,58,True
221,517356,1018,2025-05-20,81,False
222,503190,1831,2025-06-21,35,False
223,503190,2283,2024-03-05,62,True
224,516812,996,2022-05-31,29,False
225,508241,1603,2024-02-05,4,False
226,508241,2959,2023-04-21,14,False
227,504521,532,2026-09-01,45,True
228,514418,3535,2022-12-24,15,False
229,515795,3059,2024-03-04,70,False
230,515795,3459,2022-01-21,3,False
231,515795,682,2024-09-24,26,True
232,524239,4755,2025-08-20,71,True
233,503635,4334,2023-02-01,32,True
234,503635,3837,2022-10-10,9,True
235,503635,1324,2025-04-07,57,True
236,519588,3315,2023-10-27,6,True
237,518009,3060,2022-01-26,52,False
238,512432,3940,2022-03-22,37,True
239,506070,4467,2025-01-13,39,False
240,506070,680,2023-09-20,90,False
241,506070,1610,2023-04-12,28,False
242,524186,2072,2024-12-03,58,False
243,524556,832,2026-07-04,18,False
244,524556,3653,2026-07-28,9,True
245,505118,4900,2025-04-03,48,True
246,515667,947,2023-05-05,88,True
247,502560,4260,2023-03-01,10,False
248,502749,1925,2022-07-23,69,False
249,502749,467,2024-04-08,54,True
250,518928,3224,2022-06-16,52,False
251,520538,63,2023-02-13,45,True
252,510629,4420,2024-06-01,73,False
253,510629,3248,2024-08-19,19,True
254,505924,1326,2025-10-05,22,False
255,505924,1893,2024-03-31,15,False
256,518217,4592,2022-10-04,2,False
257,502347,1825,2023-01-02,28,True
258,518359,17,2025-04-04,67,False
259,518359,4386,2026-05-23,18,True
260,524769,1456,2026-10-17,37,True
261,521300,2645,2023-05-04,34,False
262,520020,4655,2024-05-25,48,False
263,504411,3255,2022-05-20,10,False
264,504411,1479,2023-03-17,71,True
265,504411,1778,2022-02-14,56,True
266,508859,4021,2023-11-05,50,False
267,508859,2171,2024-08-20,21,True
268,523987,2990,2023-11-05,66,True
269,511243,4667,2025-08-01,79,True
270,516426,1123,2024-03-25,63,False
271,516426,2985,2026-05-25,49,True
272,512035,4865,2025-03-11,7,True
273,522810,3345,2022-09-10,82,False
274,522810,1243,2022-12-22,44,True
275,500964,1765,2026-08-01,69,False
276,521217,231,2025-08-28,31,False
277,521217,3750,2024-04-06,24,False
278,512537,623,2022-02-11,40,False
279,512537,2709,2026-10-11,34,True
280,521252,3249,2023-12-29,55,False
281,521252,4092,2024-08-03,66,False
282,521252,2535,2024-11-26,21,True
283,500627,1104,2024-07-24,20,True
284,519986,1509,2024-04-16,59,True
285,510982,4590,2023-06-17,83,False
286,506848,10,2023-04-15,36,True
287,505935,1683,2026-06-13,47,False
288,505935,609,2022-10-27,83,True
289,515560,917,2022-10-03,31,False
290,513979,3270,2023-08-14,49,True
291,523685,1769,2025-04-08,25,False
292,523685,2411,2026-06-30,12,False
293,503464,4065,2022-12-30,72,False
294,503464,2234,2024-01-21,38,True
295,510671,865,2026-04-17,40,True
296,510671,912,2024-05-13,34,False
297,511925,4325,2024-08-01,16,True
298,511925,1340,2024-08-10,66,False
299,510423,1066,2023-10-24,46,True
300,505497,1031,2026-02-20,39,True
301,510373,4737,2026-05-10,33,False
302,504085,2543,2022-11-22,85,False
303,506831,3720,2023-05-05,83,False
304,508529,1629,2024-10-20,19,True
305,508529,307,2024-02-02,47,False
306,518519,3162,2025-03-22,17,False
307,518519,4916,2026-12-26,32,False
308,500260,2781,2022-10-10,31,False
309,500260,1112,2026-10-22,89,True
310,507908,1003,2022-12-28,52,False
311,522303,2947,2025-07-24,31,False
312,514983,2484,2024-03-05,70,True
313,509827,1279,2022-06-17,70,False
314,509827,334,2024-01-31,25,True
315,509827,1632,2022-03-07,89,True
316,501941,3239,2023-04-05,33,True
317,510245,4435,2026-11-22,62,True
318,510245,920,2022-08-09,14,False
319,510245,3997,2023-06-17,22,False
320,513839,2350,2025-05-02,12,False
321,523120,3699,2023-08-07,49,True
322,519408,391,2024-05-03,60,True
323,519408,2196,2024-03-16,24,True
324,511317,548,2023-02-27,11,False
325,511317,755,2027-01-06,88,True
326,511317,125,2026-01-16,4,False
327,511317,2964,2026-09-20,52,False
328,522549,1314,2022-05-06,22,False
329,503687,4699,2023-02-15,72,True
330,508342,1290,2024-05-29,28,False
331,505930,3231,2024-05-24,45,False
332,502137,477,2022-03-11,85,False
333,502137,637,2024-08-04,75,False
334,520854,442,2026-12-13,74,True
335,517896,4168,2024-12-08,49,True
336,507091,2994,2024-03-12,52,False
337,516398,140,2023-12-02,30,True
338,516398,2285,2022-04-29,67,False
339,500100,1964,2025-01-25,35,True
340,513020,1906,2024-11-01,82,False
341,513996,3874,2023-10-22,58,False
342,504158,1346,2026-06-02,7,True
343,507720,4497,2022-06-29,3,True
344,507720,4765,2024-09-15,28,True
345,508159,841,2023-02-15,20,True
346,508819,1659,2025-09-10,54,True
347,523361,4824,2024-06-24,19,True
348,524441,3433,2026-12-25,7,False
349,508994,4063,2023-06-30,34,True
350,510322,1562,2025-08-15,14,False
351,515798,3987,2023-12-23,15,False
352,506562,2117,2023-09-04,57,True
353,506562,494,2023-09-30,81,False
354,506562,3661,2026-09-01,50,False
355,516277,3126,2022-08-28,35,False
356,516277,4101,2024-11-20,28,True
357,516277,4329,2024-06-14,40,False
358,515833,3329,2023-10-27,38,False
359,515833,141,2022-10-10,13,False
360,515833,3829,2025-11-13,27,False
361,506693,1686,2022-09-28,90,False
362,500347,169,2023-07-07,72,False
363,509854,3173,2022-02-10,71,False
364,500251,1343,2024-08-31,37,False
365,524466,3823,2022-07-26,24,True
366,504098,3592,2024-08-10,9,False
367,504098,874,2022-08-21,44,False
368,504098,3325,2023-12-07,59,False
369,504098,4731,2025-10-07,72,False
370,504098,4528,2026-03-14,47,False
371,522647,4434,2023-08-14,68,True
372,518639,3815,2023-10-03,72,True
373,523825,2584,2025-05-16,8,True
374,509356,904,2023-05-31,15,True
375,509356,1325,2025-04-11,37,True
376,510230,755,2026-12-28,86,True
377,518184,2644,2023-08-23,68,False
378,508030,4841,2024-11-05,89,True
379,508030,4677,2026-05-21,61,True
380,523262,4975,2022-11-17,12,False
381,523262,4453,2023-03-24,57,False
382,511754,4327,2024-03-10,18,True
383,507537,1935,2026-08-08,66,False
384,504565,2873,2026-05-12,6,True
385,504565,4318,2022-10-24,49,True
386,504951,3150,2026-01-14,68,False
387,513200,4860,2025-04-20,74,False
388,509890,1134,2024-01-12,56,True
389,511215,3371,2022-06-25,15,True
390,500076,668,2022-09-11,17,False
391,500076,1218,2023-06-08,17,True
392,501148,3713,2025-12-16,64,False
393,501148,287,2025-09-12,8,True
394,501148,4122,2026-10-07,7,False
395,522395,4439,2024-05-25,38,False
396,522395,4831,2025-08-13,81,False
397,500035,2495,2023-09-09,43,True
398,500035,1357,2026-10-21,58,True
399,500035,3804,2025-08-11,44,False
400,504580,2388,2023-12-17,70,False
401,520042,3385,2026-10-15,2,False
402,517790,1566,2023-06-19,80,False
403,509301,1504,2023-07-31,62,True
404,509301,680,2023-09-11,41,True
405,507364,4859,2023-11-20,67,True
406,514265,137,2026-06-05,43,False
407,510580,574,2023-01-24,49,True
408,510580,1146,2026-10-20,36,False
409,511922,4699,2023-02-07,3,False
410,513011,1005,2024-10-29,90,True
411,513011,3324,2024-12-20,43,True
412,513011,3827,2026-11-30,40,True
413,515802,2863,2026-08-04,64,True
414,503549,401,2023-04-01,64,True
415,522422,4130,2024-09-11,22,True
416,521092,4806,2024-12-22,44,True
417,503707,4527,2026-02-23,7,False
418,509685,809,2025-10-10,59,False
419,524629,3705,2024-07-30,9,False
420,503954,3803,2022-06-12,27,True
421,505743,672,2025-04-13,26,False
422,505743,1570,2023-12-16,63,False
423,505743,3268,2022-09-07,12,False
424,502517,1530,2024-02-22,84,True
425,509775,3913,2025-06-19,59,True
426,504069,2959,2023-04-26,28,False
427,515583,978,2023-06-27,63,True
428,515583,2471,2022-03-01,32,True
429,518380,1244,2024-10-14,60,False
430,523755,582,2025-02-22,33,True
431,512282,2380,2022-02-06,26,False
432,503223,3471,2025-03-14,54,True
433,503223,3403,2026-07-27,78,False
434,518037,4446,2024-04-01,90,False
435,514500,4868,2022-11-01,65,True
436,515549,1947,2024-08-17,1,True
437,515549,1234,2026-12-12,77,False
438,515549,2908,2024-12-25,18,True
439,524596,3456,2026-12-30,80,True
440,514229,4429,2024-10-29,60,True
441,505788,2927,2023-08-03,50,True
442,515506,2750,2022-07-28,29,False
443,514931,3938,2024-11-15,27,False
444,514931,330,2024-07-27,52,False
445,505884,4549,2026-04-19,70,True
446,506174,4747,2023-03-31,43,False
447,506174,4265,2022-05-15,46,False
448,503275,622,2023-09-15,40,True
449,503275,4488,2024-03-05,62,True
450,521514,416,2025-04-15,1,True
451,502768,2047,2025-03-15,80,True
452,510949,2813,2026-09-06,34,False
453,501484,811,2026-10-28,80,False
454,500053,1333,2026-03-29,73,True
455,515388,4299,2025-08-10,42,True
456,515388,4845,2024-11-24,21,False
457,515779,2804,2024-02-11,45,True
458,510597,2631,2026-06-03,32,False
459,510597,1163,2026-04-11,63,False
460,503048,2113,2024-11-11,64,False
461,507570,4650,2024-03-25,64,False
462,518630,144,2024-09-09,44,False
463,518630,3461,2025-08-04,86,True
464,501457,2075,2025-10-03,89,False
465,501457,1189,2026-01-19,50,False
466,517553,4381,2022-10-16,84,True
467,514727,3910,2023-08-26,20,False
468,514727,997,2024-01-27,79,True
469,515880,2889,2025-09-24,49,False
470,522977,875,2022-01-03,69,False
471,505479,3439,2024-09-26,58,True
472,505479,1558,2025-07-12,63,True
473,512631,3076,2023-07-21,84,False
474,512631,1062,2024-10-09,22,False
475,504680,3478,2025-04-22,55,True
476,504680,3965,2026-10-23,79,True
477,522755,3704,2026-11-16,19,True
478,519185,793,2026-12-02,69,True
479,510466,3695,2022-03-09,79,True
480,505515,3876,2023-05-26,54,True
481,508640,856,2026-04-03,6,False
482,509887,246,2025-05-28,52,False
483,514215,204,2026-12-14,21,False
484,509314,3154,2025-05-04,74,True
485,506491,1816,2024-03-16,81,True
486,503741,1183,2024-02-08,7,False
487,510281,4017,2025-07-29,1,False
488,503097,4862,2026-03-07,4,True
489,500231,3041,2022-03-04,81,True
490,500231,4823,2024-01-14,20,False
491,500502,2875,2023-04-16,64,True
492,505684,4403,2026-08-12,75,True
493,505684,447,2023-05-25,82,True
494,505684,4092,2024-08-09,24,False
495,508884,3179,2025-06-17,85,False
496,503036,3489,2026-11-13,89,True
497,509402,2825,2023-10-06,42,True
498,504992,2966,2022-06-25,53,False
499,505928,2707,2023-03-30,48,False
500,505928,403,2024-08-28,80,True
501,506727,3936,2025-01-11,88,False
502,506727,3615,2022-03-02,19,True
503,515974,2803,2025-01-29,71,True
504,520062,3100,2025-04-28,52,False
505,520062,2017,2022-10-29,64,False
506,506129,174,2024-05-02,42,True
507,523428,1952,2023-06-08,31,False
508,523428,824,2024-04-15,87,True
509,523428,4192,2025-02-14,16,True
510,510713,2048,2023-05-19,41,False
511,511713,3605,2026-11-04,13,False
512,502120,576,2026-06-08,77,True
513,502120,2317,2022-01-21,72,False
514,520401,2801,2025-01-06,22,False
515,511179,3849,2024-11-25,81,True
516,511179,4242,2024-02-19,27,False
517,511179,1901,2026-03-14,26,True
518,500281,475,2025-11-01,30,True
519,510816,4439,2024-06-06,58,False
520,510816,4339,2022-08-03,8,False
521,510816,2359,2026-10-24,47,False
522,508543,2003,2027-01-01,63,False
523,520710,2966,2022-07-25,55,True
524,520710,3556,2026-01-26,1,True
525,511694,3992,2023-12-11,18,True
526,507672,1519,2022-04-13,83,False
527,507672,4335,2024-09-15,7,True
528,507672,2658,2022-05-23,47,False
529,521603,1880,2025-04-17,85,False
530,521603,3677,2023-09-08,82,True
531,518585,121,2022-04-04,48,False
532,504490,4778,2022-07-16,22,True
533,509198,3746,2022-01-29,50,True
534,507841,1593,2023-11-28,10,False
535,507841,2618,2026-12-20,19,False
536,519988,1483,2022-10-03,71,True
537,519988,4286,2023-10-28,9,False
538,523263,2641,2023-01-31,53,False
539,523263,2846,2022-05-13,9,False
540,519074,3359,2024-08-18,56,False
541,506236,603,2024-02-04,74,False
542,502860,1240,2023-04-07,81,False
543,502860,2405,2026-05-24,72,False
544,512464,4420,2024-06-02,52,False
545,504304,3929,2025-08-21,16,True
546,504304,2649,2023-03-26,82,False
547,516623,2532,2024-02-19,30,False
548,504716,2552,2023-06-15,87,False
549,507628,1362,2024-07-11,3,False
550,507628,4986,2026-04-05,35,True
551,507628,136,2026-04-01,6,True
552,514650,3318,2025-09-21,24,True
553,514650,224,2024-03-24,56,True
554,511076,2117,2023-08-29,45,False
555,511076,4741,2023-05-07,9,True
556,511076,3338,2026-08-10,14,False
557,524249,2874,2022-02-18,66,True
558,524249,2547,2027-01-10,66,False
559,519907,1924,2022-04-06,50,False
560,519570,4121,2026-04-15,86,True
561,509993,73,2024-10-14,40,True
562,509993,1903,2025-11-14,61,False
563,509993,3549,2024-07-10,12,False
564,506317,907,2024-09-11,2,True
565,524872,292,2023-03-13,24,True
566,524872,3858,2025-03-17,68,False
567,518747,2457,2022-08-27,87,True
568,518747,3043,2023-04-15,15,False
569,506434,558,2027-01-04,52,True
570,517211,4039,2022-02-13,50,True
571,511645,2378,2024-10-23,53,True
572,511645,922,2024-03-02,80,True
573,515005,1628,2022-08-21,49,False
574,520792,413,2025-12-10,52,False
575,508083,91,2025-01-12,40,False
576,516307,1969,2026-04-17,15,True
577,518675,3890,2025-04-12,85,True
578,508688,3854,2026-09-21,21,True
579,515756,4108,2024-06-21,42,False
580,517464,155,2025-10-11,15,False
581,517464,2237,2023-03-16,69,True
582,517464,2983,2026-10-03,22,False
583,507686,3209,2025-10-31,10,True
584,502196,3164,2023-07-19,57,True
585,502196,4990,2022-10-15,38,True
586,502196,1125,2025-08-26,44,True
587,510507,2803,2025-02-05,4,False
588,500753,853,2025-02-09,50,True
589,505200,1825,2022-12-17,54,True
590,505200,1829,2025-03-09,55,True
591,524523,3948,2025-10-05,61,True
592,524523,23,2025-12-08,60,False
593,524523,2709,2026-10-01,40,True
594,516993,3576,2026-01-01,74,True
595,522092,129,2026-07-04,61,True
596,502580,3570,2025-05-27,41,False
597,522285,1566,2023-06-17,56,True
598,522285,4226,2022-10-19,85,False
599,517184,1145,2023-09-14,49,True
600,517184,1247,2023-06-09,55,False
601,519783,3502,2023-11-30,66,True
602,505763,4614,2022-12-06,31,False
603,510211,1913,2024-11-14,40,False
604,500200,3478,2025-05-07,56,False
605,500200,2125,2026-12-25,3,True
606,509023,1230,2024-03-30,38,False
607,516328,2015,2024-03-07,35,True
608,516328,3130,2025-03-23,80,True
609,514330,4226,2022-10-14,3,True
610,508519,1328,2023-09-23,58,False
611,504385,626,2024-08-26,61,True
612,504385,617,2023-12-17,20,False
613,504385,454,2023-07-06,26,False
614,510169,4161,2022-12-23,79,False
615,506215,3094,2025-03-13,18,False
616,516079,2268,2024-04-12,32,True
617,500513,3763,2023-09-11,81,True
618,509332,1896,2022-01-13,72,True
619,509332,2892,2023-01-29,17,True
620,509332,4973,2024-04-03,52,True
621,516923,2742,2024-05-27,29,True
622,516923,3603,2024-02-04,46,False
623,517976,3040,2026-01-08,61,True
624,517976,2566,2025-04-03,25,True
625,517976,3907,2026-04-14,71,True
626,511611,982,2025-11-20,23,True
627,515790,3266,2022-11-25,68,False
628,501203,3305,2024-02-29,75,True
629,501203,2235,2024-06-19,12,False
630,501348,4317,2022-03-13,17,True
631,512245,2628,2026-04-11,69,False
632,512726,2449,2025-12-07,65,True
633,512726,3035,2027-01-08,60,False
634,515006,2277,2023-12-08,47,False
635,519911,970,2024-11-27,79,False
636,519911,2037,2024-08-25,56,True
637,519911,110,2024-06-22,47,False
638,522260,1804,2022-06-30,4,True
639,522260,1657,2025-11-10,60,True
640,500148,3573,2026-08-07,13,False
641,517809,4050,2023-10-06,78,True
642,514761,1866,2024-10-14,17,False
643,518332,3956,2026-09-13,80,True
644,518332,462,2025-03-11,45,False
645,502534,2640,2023-06-13,81,True
646,517811,4603,2026-07-23,24,True
647,517811,3145,2023-03-06,73,False
648,501123,902,2026-01-08,30,True
649,514480,3786,2026-06-02,45,True
650,514480,2615,2024-06-10,2,False
651,522816,1349,2023-10-10,56,False
652,504548,3641,2024-01-22,74,False
653,521191,587,2026-03-09,19,False
654,521191,3641,2024-02-03,25,True
655,508338,1756,2023-12-01,78,False
656,508338,3668,2022-04-01,24,True
657,505585,638,2022-05-28,36,False
658,512045,1968,2024-04-12,9,False
659,512045,887,2026-02-28,85,True
660,523286,2568,2022-04-04,19,True
661,523286,3864,2026-01-23,19,False
662,523564,2603,2025-03-13,85,True
663,514751,408,2026-08-08,19,True
664,511032,259,2026-01-18,19,True
665,511032,2283,2024-02-14,26,False
666,504535,278,2026-03-14,42,False
667,504535,879,2024-03-31,77,False
668,514333,3116,2023-07-10,61,True
669,514333,3873,2024-08-04,36,True
670,503845,3790,2023-10-07,67,True
671,503845,3877,2024-05-18,89,False
672,515547,2687,2024-08-03,88,False
673,520392,4759,2025-09-25,61,False
674,520392,4390,2025-12-16,6,False
675,519904,1361,2022-11-17,53,True
676,519904,1054,2024-05-04,18,False
677,504564,3956,2026-10-04,51,True
678,523301,3654,2025-11-27,85,True
679,524421,2756,2022-12-03,57,True
680,511375,2230,2025-10-08,2,True
681,506276,2710,2025-05-03,85,True
682,506276,474,2025-10-31,69,False
683,504060,3505,2024-06-17,7,True
684,508362,1773,2025-04-30,48,False
685,513116,1645,2025-11-24,45,False
686,513116,851,2025-01-26,87,True
687,513116,2695,2022-03-17,64,True
688,513116,3649,2023-12-01,7,False
689,519403,465,2026-07-14,33,False
690,519403,2644,2023-09-06,58,False
691,507890,260,2022-11-15,70,False
692,520312,3431,2024-03-02,37,False
693,521352,1919,2026-10-23,67,False
694,521352,2862,2022-12-23,27,True
695,505211,1909,2023-09-12,36,False
696,508966,1721,2025-08-29,70,True
697,511407,823,2023-07-22,45,False
698,507086,4623,2022-11-10,6,True
699,507511,3572,2024-04-17,40,True
700,518183,1892,2026-06-14,44,False
701,517539,3769,2026-09-23,22,False
702,511449,3710,2026-03-31,88,True
703,511449,2729,2024-06-12,74,False
704,511449,4486,2025-02-24,81,False
705,512812,3882,2023-04-30,17,True
706,510329,2624,2022-12-02,13,True
707,510329,3578,2022-04-26,31,True
708,510329,444,2023-02-16,35,False
709,523808,3104,2024-04-26,63,True
710,523808,296,2025-08-17,26,False
711,523808,2700,2023-09-13,43,False
712,518716,609,2022-10-25,55,False
713,521918,3682,2022-10-21,18,False
714,521918,2496,2026-10-21,25,True
715,501730,342,2024-01-03,42,True
716,514273,2929,2024-08-31,62,True
717,514273,1466,2024-07-14,68,True
718,521631,4497,2022-07-19,27,False
719,521631,2421,2026-02-21,13,True
720,503170,443,2024-09-14,39,True
721,503170,2231,2023-07-05,64,False
722,518917,2177,2025-06-20,21,False
723,519743,2534,2024-01-11,16,False
724,516028,2336,2025-01-28,43,True
725,516028,4825,2023-09-22,55,False
726,516028,1705,2025-08-27,31,True
727,524498,1551,2023-01-28,82,True
728,524498,380,2022-11-21,14,False
729,514360,2239,2022-12-14,64,True
730,507202,1278,2023-12-22,61,True
731,505860,2933,2023-10-12,11,True
732,505860,454,2023-06-29,66,False
733,505860,2825,2023-10-12,2,True
734,517453,4900,2025-03-28,84,True
735,519832,1085,2025-08-21,84,True
736,523870,2322,2026-01-26,69,False
737,514511,48,2022-07-10,88,True
738,506922,44,2023-12-07,4,True
739,503051,3929,2025-09-03,27,False
740,503051,1841,2024-07-29,5,False
741,503051,4882,2024-11-04,39,False
742,513003,3388,2023-09-06,72,False
743,518839,3503,2023-08-03,61,True
744,518839,813,2023-06-13,52,False
745,518839,1652,2023-09-15,6,False
746,518839,3570,2025-05-05,3,True
747,502752,4791,2025-03-11,48,True
748,515940,1090,2026-03-18,57,False
749,515940,797,2023-12-18,76,True
750,520666,4306,2024-11-02,21,True
751,520666,3054,2022-08-23,88,True
752,524555,3107,2023-06-03,26,False
753,524555,4014,2026-04-14,70,True
754,507354,1844,2023-07-30,64,False
755,512899,3407,2024-06-28,5,False
756,519795,2285,2022-05-13,35,True
757,505941,4025,2025-11-23,3,False
758,505941,4272,2022-08-29,37,True
759,523228,580,2026-03-01,72,False
760,519527,4365,2023-04-23,30,True
761,505103,4216,2022-03-22,36,True
762,520269,317,2026-06-09,58,False
763,520269,4454,2025-10-28,16,True
764,507764,1161,2023-08-31,54,True
765,506092,4302,2024-01-30,61,False
766,508242,1355,2026-02-18,24,False
767,515794,3644,2023-04-14,13,True
768,515794,4258,2023-12-23,16,True
769,515794,1129,2022-02-02,61,True
770,515924,2126,2024-08-14,53,True
771,515924,4553,2026-02-21,50,False
772,513341,482,2022-10-31,40,False
773,520702,1078,2025-07-29,4,True
774,524004,2150,2022-04-26,84,False
775,524004,3087,2026-01-26,17,True
776,524004,140,2023-12-04,17,True
777,514193,3637,2026-04-14,26,True
778,514193,2107,2023-03-01,57,False
779,514193,632,2023-06-01,33,False
780,510658,3822,2022-08-06,42,True
781,515842,534,2024-10-01,77,True
782,515842,4349,2022-07-28,52,True
783,518003,556,2025-07-07,75,True
784,514046,2349,2025-06-23,33,False
785,514046,3718,2022-07-11,7,True
786,510846,2378,2024-10-17,84,True
787,514757,3187,2022-05-15,83,False
788,507673,4205,2024-04-10,22,True
789,516243,3427,2024-09-22,12,True
790,502477,3104,2024-04-18,29,True
791,507931,4134,2027-01-11,14,True
792,502255,914,2024-03-23,76,False
793,505750,1564,2026-05-27,56,True
794,505750,900,2022-12-22,74,True
795,504705,303,2025-06-18,88,True
796,514101,1409,2025-01-17,2,False
797,515551,4419,2026-03-23,59,True
798,515251,328,2024-01-01,9,True
799,515251,2561,2023-08-07,89,True
800,515251,3602,2026-07-17,62,True
801,511759,2955,2025-11-19,26,True
802,508887,1525,2026-07-05,15,True
803,508887,2334,2022-03-04,47,False
804,523045,1984,2026-02-05,40,True
805,523045,1088,2022-01-18,84,True
806,507485,2684,2024-07-26,16,False
807,522937,3797,2025-05-21,19,True
808,522937,4886,2025-10-01,68,False
809,503442,3464,2023-04-15,24,False
810,503442,1967,2026-11-28,44,False
811,503442,2234,2024-01-08,62,True
812,509648,212,2024-09-04,64,False
813,511342,212,2024-09-01,85,False
814,504071,2316,2022-05-26,37,False
815,506461,4180,2023-02-11,69,False
816,518736,660,2024-09-11,38,False
817,520241,1863,2024-10-23,9,True
818,520241,2294,2022-12-09,28,True
819,522427,3958,2024-11-19,79,False
820,522427,4842,2026-01-01,71,True
821,504833,2569,2026-12-13,86,True
822,504833,1067,2023-10-23,11,True
823,504833,284,2023-02-09,59,True
824,502005,4051,2023-09-03,66,False
825,508127,2019,2025-07-16,16,False
826,521815,1504,2023-07-28,65,False
827,521815,1421,2024-04-26,77,True
828,521815,2305,2025-04-26,43,False
829,524253,137,2026-06-09,25,True
830,504286,243,2023-12-31,45,True
831,517326,3244,2025-07-28,77,True
832,517067,3808,2022-06-28,27,False
833,522090,3747,2026-09-26,47,True
834,522090,3486,2023-05-25,48,False
835,502154,4876,2025-01-16,5,False
836,501114,1895,2024-06-03,21,False
837,511193,463,2022-05-01,75,False
838,502636,2672,2023-11-25,37,False
839,519691,2505,2025-11-26,47,False
840,519691,4194,2024-04-20,12,True
841,500551,1882,2023-06-08,56,False
842,500551,1030,2025-10-02,10,False
843,511225,1656,2025-03-26,88,True
844,510688,4907,2023-05-03,37,False
845,512600,2894,2025-11-06,85,True
846,508198,2866,2026-01-29,63,True
847,508198,4300,2025-04-07,13,False
848,508198,2889,2025-09-29,87,False
849,518299,246,2025-05-23,15,False
850,518299,629,2026-01-05,66,True
851,502593,1555,2023-11-23,80,True
852,516272,1720,2025-10-05,66,True
853,516272,2273,2022-12-12,52,True
854,524205,610,2025-01-23,64,True
855,503143,4952,2026-07-11,64,False
856,522991,2452,2022-08-01,42,True
857,520586,2056,2025-07-29,27,False
858,514865,4833,2026-12-22,30,True
859,514865,4603,2026-07-14,55,True
860,514448,2292,2025-01-15,54,False
861,520258,3927,2026-08-27,14,True
862,520258,114,2026-12-26,78,False
863,517178,3467,2022-06-04,81,False
864,500439,2958,2023-09-11,85,True
865,515420,4087,2024-04-25,17,True
866,515420,79,2022-04-13,18,True
867,522402,2792,2023-04-12,69,False
868,522402,1226,2025-01-09,25,False
869,514986,132,2022-12-14,42,False
870,520525,2641,2023-01-25,34,True
871,510193,4512,2025-04-10,18,False
872,506651,2032,2025-11-30,81,False
873,506651,77,2023-12-03,12,False
874,511506,1863,2024-11-05,12,False
875,524893,521,2025-02-06,59,True
876,524893,4866,2023-03-19,45,True
877,503636,2290,2025-02-04,17,True
878,512953,1701,2024-07-08,76,True
879,512953,158,2025-07-21,87,False
880,518398,4712,2024-08-12,49,True
881,518398,1794,2026-07-28,10,False
882,508286,1144,2024-04-30,49,True
883,508286,484,2023-06-23,17,False
884,508828,3448,2026-02-28,66,True
885,523383,3063,2024-01-07,63,False
886,512536,3013,2025-12-05,58,False
887,524445,1622,2026-03-08,21,True
888,523284,437,2025-09-06,62,True
889,500682,1024,2026-12-24,69,True
890,516172,1167,2023-01-28,46,True
891,502899,998,2025-01-29,71,False
892,503397,4463,2026-09-26,14,True
893,513174,4302,2024-02-06,19,False
894,513174,3263,2024-09-09,81,True
895,513174,3408,2025-07-10,69,True
896,519359,4681,2023-12-14,23,True
897,519814,1121,2026-10-23,85,True
898,519814,981,2023-07-04,61,True
899,519814,3804,2025-07-23,64,True
900,508897,3510,2023-01-05,17,True
901,508897,1722,2026-11-27,74,True
902,514662,3290,2025-03-10,80,False
903,521873,3791,2025-06-15,6,True
904,520736,2146,2026-03-30,50,True
905,509007,4820,2025-06-21,24,False
906,516004,4260,2023-03-04,71,False
907,516004,4518,2023-10-31,22,True
908,514605,3965,2026-10-09,19,True
909,507526,2209,2023-04-03,8,False
910,524932,2691,2024-10-06,51,False
911,524932,744,2023-06-25,57,False
912,524932,3414,2024-07-25,16,True
913,500539,207,2022-06-27,59,True
914,522832,4687,2022-11-16,30,False
915,522832,3552,2024-05-28,10,True
916,522832,2535,2024-11-06,2,True
917,502509,4722,2022-03-13,2,True
918,502509,227,2025-05-16,78,False
919,507407,1527,2025-01-31,12,True
920,507407,3394,2023-02-19,90,False
921,524845,1201,2023-11-03,34,True
922,524845,4061,2026-08-04,79,False
923,511770,3039,2023-02-14,13,False
924,524412,4146,2022-07-07,77,True
925,509683,1850,2023-11-28,57,False
926,518082,3713,2025-12-25,62,False
927,522483,3013,2025-11-25,67,True
928,522483,4530,2025-04-15,29,True
929,511244,10,2023-04-21,72,False
930,514223,1284,2026-12-17,29,True
931,509768,2304,2026-10-16,14,False
932,504337,2658,2022-06-17,57,True
933,504337,3677,2023-09-24,44,True
934,504337,786,2023-09-29,39,True
935,517689,1812,2022-10-15,51,False
936,507073,3757,2026-11-19,5,True
937,507073,2761,2023-12-26,75,True
938,511093,1184,2025-06-30,39,True
939,502056,4181,2025-11-17,11,True
940,504673,3900,2024-03-30,26,True
941,504673,4720,2022-04-07,73,True
942,508300,3887,2023-01-27,34,False
943,508300,2584,2025-05-18,35,False
944,501109,3047,2026-05-15,40,True
945,520868,4581,2026-08-09,73,True
946,520868,1580,2026-08-10,88,True
947,518002,4425,2023-11-28,39,True
948,518002,4497,2022-07-10,89,True
949,523629,538,2025-12-26,55,True
950,523629,3829,2025-10-22,20,True
951,522974,2980,2024-03-16,36,False
952,522974,4681,2023-12-08,69,False
953,522974,1943,2023-02-07,65,False
954,503733,2156,2023-11-22,74,True
955,508280,539,2026-11-26,84,True
956,502363,2442,2027-01-17,77,False
957,500874,4436,2024-12-02,20,True
958,500874,1358,2027-01-06,22,False
959,500874,1671,2025-01-16,84,True
960,518227,3487,2026-04-01,1,True
961,518227,585,2026-04-07,6,False
962,516779,2733,2022-08-22,5,False
963,520364,1151,2024-04-12,13,False
964,504611,339,2025-08-13,49,False
965,504611,4605,2025-03-13,40,False
966,522670,1647,2025-07-20,15,True
967,516798,3214,2026-04-02,35,True
968,521115,1489,2025-04-07,60,True
969,501669,4735,2023-05-31,20,False
970,505524,833,2026-06-16,86,True
971,523098,694,2026-04-24,38,True
972,523098,2968,2026-10-23,59,True
973,523098,1207,2025-04-13,65,False
974,506137,761,2025-01-11,19,False
975,513934,505,2023-04-21,61,True
976,509200,1924,2022-04-09,22,True
977,513526,1075,2023-02-26,18,True
978,513526,4259,2024-01-20,78,True
979,513526,345,2024-11-16,32,True
980,510030,1482,2026-11-09,72,False
981,520827,319,2025-05-20,67,True
982,507704,347,2024-09-28,3,False
983,507704,2268,2024-04-01,26,True
984,510915,4200,2026-02-03,49,True
985,510915,2014,2024-10-18,20,False
986,510915,1009,2024-01-29,85,True
987,510501,4424,2023-07-31,54,True
988,524051,430,2025-09-19,84,False
989,503434,1708,2024-06-09,59,False
990,515644,737,2022-09-10,13,False
991,501531,4613,2025-05-19,32,False
992,511586,307,2024-02-05,7,False
993,519341,3413,2022-12-27,79,False
994,510114,492,2026-01-09,67,False
995,523553,789,2023-04-07,42,False
996,523553,3679,2022-10-23,9,True
997,524045,4691,2022-09-05,67,False
998,509162,75,2025-08-06,44,False
999,517046,4358,2022-03-17,56,True
1000,523555,2820,2022-11-26,9,True
1001,512661,3658,2023-08-29,87,False
1002,500965,3456,2026-12-20,60,False
1003,500965,1490,2024-02-07,20,True
1004,500965,695,2023-12-30,55,True
1005,500965,1121,2026-10-14,9,True
1006,524489,4456,2023-04-09,37,False
1007,524489,1146,2026-10-11,22,True
1008,502343,2994,2024-03-20,72,True
1009,507213,889,2026-07-18,19,True
1010,510931,4018,2023-11-19,59,True
1011,510931,1734,2024-11-28,49,True
1012,510931,1490,2024-01-27,61,True
1013,511122,3198,2022-03-09,73,False
1014,511122,1008,2022-08-30,33,True
1015,511122,2544,2026-01-03,21,True
1016,503793,3422,2023-12-15,28,True
1017,500504,2589,2022-08-07,70,True
1018,522253,4616,2025-03-22,15,True
1019,521708,4599,2022-08-20,90,True
1020,521708,3963,2022-05-19,50,False
1021,521708,1440,2022-08-05,27,False
1022,516329,3947,2024-11-24,36,False
1023,516797,4327,2024-03-21,3,False
1024,516797,4163,2024-11-12,23,False
1025,520783,3026,2026-03-08,25,False
1026,520783,3208,2022-01-22,58,True
1027,501604,660,2024-09-21,83,False
1028,505653,2684,2024-07-25,1,False
1029,507582,4965,2022-02-09,49,True
1030,502715,3415,2023-11-02,39,False
1031,518616,2706,2024-04-29,15,True
1032,505722,509,2026-04-28,5,False
1033,505722,4869,2023-08-29,65,True
1034,501645,3144,2025-05-30,11,False
1035,502112,1485,2023-03-01,37,True
1036,500829,3358,2025-11-05,26,True
1037,500829,4159,2022-03-24,84,False
1038,507748,2524,2026-06-05,36,True
1039,502435,4163,2024-10-29,74,False
1040,502435,602,2024-07-08,49,True
1041,511969,230,2025-05-24,14,False
1042,517599,4597,2025-03-21,62,False
1043,517599,2761,2024-01-11,83,False
1044,515261,3299,2022-08-06,78,False
1045,515261,1771,2026-08-15,10,False
1046,515261,601,2023-09-19,3,True
1047,511833,2744,2026-12-10,85,True
1048,513208,1911,2024-01-16,28,True
1049,513208,1561,2024-09-14,71,False
1050,513208,1631,2024-01-20,5,False
1051,513208,1792,2022-04-13,62,True
1052,505837,968,2022-12-29,46,True
1053,523235,3825,2026-01-10,20,False
1054,524782,3726,2023-04-01,84,False
1055,524782,4358,2022-02-26,63,True
1056,522500,1897,2023-05-11,26,False
1057,502905,4119,2023-09-23,9,False
1058,502905,1939,2026-12-26,80,False
1059,502905,1075,2023-03-17,34,False
1060,510728,14,2023-11-10,69,True
1061,514586,639,2024-01-15,42,True
1062,514586,3907,2026-04-24,60,False
1063,510153,631,2025-10-14,43,False
1064,510153,1785,2024-04-19,9,True
1065,510153,4242,2024-03-05,80,False
1066,508511,1736,2023-04-23,55,True
1067,508511,4083,2026-10-06,45,False
1068,511855,4779,2022-09-15,85,True
1069,518571,4089,2023-10-18,70,True
1070,518416,1281,2023-07-18,80,False
1071,518416,3032,2022-08-15,81,False
1072,518416,3625,2022-03-10,11,True
1073,515655,2207,2024-05-22,35,True
1074,501922,4409,2023-07-28,57,True
1075,508978,3855,2025-10-22,18,True
1076,522748,1000,2022-12-10,54,False
1077,522748,3493,2025-03-21,67,True
1078,507271,3647,2025-03-31,73,True
1079,507271,4639,2024-08-26,71,True
1080,524125,414,2024-05-01,74,False
1081,524125,4434,2023-08-19,42,False
1082,506052,2682,2022-10-20,82,True
1083,506052,800,2024-09-19,1,False
1084,503800,4532,2023-04-08,77,True
1085,508589,3642,2025-06-17,11,True
1086,516183,694,2026-05-09,26,True
1087,516183,2527,2025-08-24,75,True
1088,516183,2126,2024-08-09,32,True
1089,516183,3395,2027-01-30,48,True
1090,503923,3331,2022-11-28,69,True
1091,506545,3767,2024-12-25,88,True
1092,523798,4053,2025-11-11,57,False
1093,523798,1536,2026-10-09,34,True
1094,523798,400,2025-07-29,76,False
1095,510313,3630,2026-11-04,48,False
1096,510313,4914,2023-08-17,62,True
1097,513553,58,2022-04-14,37,False
1098,513553,1362,2024-07-02,28,False
1099,512624,3368,2025-08-03,14,True
1100,520572,565,2023-02-22,40,False
1101,519708,3970,2024-11-29,20,True
1102,504230,4995,2023-10-07,88,False
1103,504230,1986,2025-10-18,73,False
1104,508118,4647,2024-04-24,33,True
1105,507278,599,2022-12-25,81,False
1106,507278,379,2026-09-14,16,True
1107,507278,2269,2026-03-12,62,True
1108,514718,4593,2022-10-31,32,True
1109,514718,3753,2026-12-30,70,True
1110,514718,1023,2023-11-01,30,False
1111,520503,1558,2025-07-22,29,True
1112,509094,821,2022-02-12,68,False
1113,509094,2218,2024-10-15,52,True
1114,503474,30,2022-03-01,17,False
1115,507998,3570,2025-05-24,3,False
1116,507998,4930,2027-01-10,65,True
1117,512148,3466,2024-12-31,87,False
1118,512148,2632,2024-03-13,64,False
1119,505355,1231,2022-06-17,5,False
1120,506603,4343,2025-07-18,14,True
1121,506603,3214,2026-03-14,9,False
1122,513244,2301,2022-04-30,24,True
1123,513244,3163,2024-03-24,68,True
1124,522969,4455,2025-03-03,80,False
1125,522969,4261,2024-01-21,11,False
1126,513197,4713,2023-02-03,14,True
1127,513197,3162,2025-03-15,85,True
1128,507072,3533,2025-05-10,53,False
1129,518247,4123,2023-04-26,46,True
1130,518247,3903,2026-01-16,79,True
1131,524195,4847,2022-06-23,64,True
1132,521102,3705,2024-07-16,24,True
1133,507224,2627,2024-12-30,75,True
1134,514005,4850,2026-12-18,68,True
1135,520656,4500,2022-07-11,31,True
1136,520656,4667,2025-07-09,84,False
1137,514583,401,2023-04-03,16,False
1138,510456,1255,2027-01-03,37,True
1139,510350,4100,2022-03-24,27,False
1140,512287,632,2023-05-26,28,False
1141,512287,3794,2026-06-23,57,True
1142,503212,4159,2022-04-02,87,True
1143,503212,1264,2025-03-30,76,True
1144,521561,4112,2024-09-27,71,True
1145,502436,448,2026-07-08,47,True
1146,513539,284,2023-02-16,45,False
1147,509535,1310,2025-05-07,57,True
1148,502267,1164,2023-04-03,79,False
1149,512112,2977,2022-07-18,12,False
1150,513203,3969,2022-07-20,61,True
1151,522054,4681,2023-12-14,66,False
1152,510735,1785,2024-04-04,82,False
1153,510735,2408,2023-01-31,35,True
1154,501010,477,2022-03-10,72,True
1155,517123,1627,2023-06-04,28,False
1156,509645,4238,2025-07-19,21,True
1157,509645,532,2026-08-08,70,True
1158,505438,3325,2023-12-07,22,True
1159,505438,1918,2023-07-27,39,True
1160,509223,95,2022-03-29,75,True
1161,519715,252,2025-08-13,79,False
1162,519715,539,2026-11-30,67,True
1163,519715,3040,2026-01-05,3,False
1164,523130,3089,2025-01-12,39,False
1165,520197,4054,2022-06-17,90,True
1166,520197,2139,2025-05-05,78,False
1167,521763,4312,2025-09-14,43,False
1168,502167,327,2023-11-10,81,False
1169,509756,4338,2026-01-21,18,False
1170,509756,1708,2024-06-11,78,True
1171,517437,3009,2026-06-30,80,True
1172,517437,3910,2023-09-21,16,False
1173,503403,4706,2023-12-30,27,True
1174,512115,342,2024-01-01,65,False
1175,512115,3816,2022-01-15,10,False
1176,500650,616,2024-12-02,1,False
1177,511007,2012,2025-10-12,2,False
1178,511007,2960,2025-10-18,87,True
1179,500218,4968,2022-03-16,87,True
1180,510409,3217,2026-05-26,53,False
1181,505622,3928,2022-08-05,35,False
1182,519893,4049,2023-08-31,19,False
1183,504421,4998,2024-10-31,81,False
1184,504421,2539,2023-05-16,7,True
1185,504421,744,2023-06-23,60,True
1186,504421,366,2022-09-23,52,False
1187,507851,919,2025-01-30,63,False
1188,507851,3827,2026-12-07,90,False
1189,511468,556,2025-07-13,73,True
1190,510561,3847,2023-05-21,79,False
1191,516362,2012,2025-10-18,8,True
1192,510354,3088,2026-02-17,28,True
1193,521041,2660,2025-05-23,79,True
1194,502450,3396,2025-02-15,49,True
1195,516455,4755,2025-08-10,46,False
1196,516704,1997,2022-08-20,84,True
1197,512841,1682,2025-03-16,34,False
1198,507933,1515,2023-04-02,24,False
1199,507933,1159,2024-04-12,23,True
1200,507933,3000,2025-04-07,90,True
1201,522589,2371,2022-12-22,29,True
1202,502767,3796,2024-01-21,32,False
1203,502767,500,2022-10-11,85,False
1204,509352,4670,2023-10-28,44,True
1205,508478,1933,2024-01-20,39,True
1206,507340,4269,2022-04-16,78,True
1207,516041,3023,2025-01-27,70,True
1208,516041,2923,2024-10-01,87,False
1209,517596,4890,2025-09-25,73,False
1210,522541,2949,2023-07-26,52,False
1211,515045,4838,2022-02-09,71,True
1212,509974,4497,2022-07-01,29,True
1213,509974,1168,2024-10-31,45,True
1214,520122,4724,2022-10-21,75,True
1215,502300,3562,2026-03-12,25,False
1216,502300,882,2023-04-08,32,False
1217,524160,3302,2023-01-12,39,False
1218,505815,2157,2024-05-21,85,False
1219,519347,3237,2022-10-27,8,False
1220,513813,2381,2023-10-21,47,True
1221,513813,4765,2024-09-24,61,False
1222,513813,2132,2022-12-09,18,False
1223,508619,2919,2026-02-09,13,True
1224,511118,1615,2024-01-11,50,True
1225,502728,225,2022-03-16,85,False
1226,502728,966,2026-12-03,81,False
1227,508035,4358,2022-03-04,2,False
1228,519085,4724,2022-11-01,26,True
1229,502642,859,2023-10-21,88,False
1230,516465,1048,2026-08-16,14,True
1231,516465,1732,2024-08-09,48,False
1232,516465,199,2024-11-17,48,False
1233,510095,1852,2025-11-11,74,False
1234,514254,4810,2022-10-25,10,True
1235,514254,1610,2023-04-22,54,True
1236,517615,4666,2024-11-02,67,False
1237,517615,4770,2026-01-14,40,True
1238,517615,1710,2025-04-07,69,False
1239,506872,3168,2022-08-12,65,True
1240,516660,1372,2022-02-19,85,False
1241,500147,811,2026-10-31,50,True
1242,520550,4156,2024-08-07,71,False
1243,524530,702,2022-06-25,19,False
1244,513352,1051,2024-03-24,60,True
1245,508133,4898,2022-08-06,37,True
1246,512685,1922,2023-08-13,56,False
1247,512685,662,2024-07-17,26,False
1248,520597,2231,2023-07-15,35,False
1249,520597,3793,2024-04-24,64,True
1250,503382,1499,2022-05-08,47,False
1251,503382,3674,2022-04-16,57,True
1252,504259,2883,2024-01-31,5,False
1253,504259,522,2022-11-23,42,False
1254,523166,497,2026-01-13,28,False
1255,519374,4378,2023-04-25,89,False
1256,519374,2115,2026-01-10,30,True
1257,517197,3830,2025-05-14,12,True
1258,515876,2979,2022-11-19,25,True
1259,515876,1965,2026-05-18,43,False
1260,515876,642,2025-11-08,23,False
1261,515876,3990,2022-11-27,7,True
1262,508611,1088,2022-01-07,45,False
1263,508611,318,2023-01-20,35,False
1264,514205,140,2023-12-04,28,False
1265,514205,4702,2023-12-29,13,True
1266,514205,671,2026-06-10,36,False
1267,512573,2323,2023-01-31,20,True
1268,509562,2272,2026-11-24,16,False
1269,501064,1578,2023-03-05,41,True
1270,508590,4199,2026-02-06,50,True
1271,500092,2341,2022-06-16,44,True
1272,512786,2389,2024-05-30,74,False
1273,500944,449,2023-06-05,57,True
1274,504102,4027,2025-12-29,86,False
1275,520732,4664,2022-10-30,2,False
1276,516804,1782,2024-06-11,34,True
1277,516804,599,2022-11-29,3,True
1278,515356,1505,2027-01-02,40,True
1279,515356,2343,2022-09-03,2,False
1280,500448,4699,2023-02-01,9,False
1281,503071,4288,2022-05-05,85,False
1282,505219,4225,2023-11-12,72,False
1283,505219,2561,2023-07-27,53,True
1284,505219,465,2026-07-14,27,True
1285,501823,244,2024-03-22,67,False
1286,501823,1330,2026-05-06,49,True
1287,501823,2245,2022-08-25,68,False
1288,524955,840,2025-08-22,55,True
1289,524955,2708,2023-07-08,72,False
1290,511823,2155,2025-12-20,84,True
1291,516063,4552,2024-03-18,51,True
1292,509750,3692,2024-09-18,26,False
1293,508333,682,2024-09-15,23,True
1294,501969,1468,2022-09-07,43,False
1295,521541,1114,2022-02-18,80,False
1296,511431,2577,2026-06-23,3,True
1297,511431,1849,2025-05-24,85,False
1298,511431,1174,2024-02-18,11,False
1299,503211,3238,2022-07-12,3,True
1300,503211,1870,2025-12-06,62,True
1301,503211,4624,2026-05-22,8,True
1302,523037,1511,2022-05-10,84,True
1303,505533,2763,2024-10-03,42,False
1304,501494,4807,2024-02-27,60,True
1305,501494,915,2023-08-25,53,False
1306,501494,1813,2024-05-18,43,True
1307,521277,2095,2023-11-16,41,True
1308,521277,870,2025-05-14,69,False
1309,516404,2848,2025-11-25,46,True
1310,516404,1916,2022-12-03,16,False
1311,506353,2500,2024-06-17,26,False
1312,514230,438,2022-04-22,12,False
1313,514230,3504,2023-12-08,90,False
1314,508779,4105,2022-12-04,65,True
1315,508779,232,2024-03-09,7,False
1316,506012,3530,2026-09-26,67,False
1317,506012,1652,2023-09-14,2,False
1318,512778,1849,2025-05-30,40,True
1319,524181,3221,2025-05-11,58,False
1320,520484,1554,2022-12-02,5,False
1321,520484,3040,2025-12-27,71,True
1322,520484,2492,2024-05-02,3,True
1323,524474,417,2023-11-04,13,False
1324,522673,1431,2025-10-31,49,False
1325,521476,152,2026-09-24,12,False
1326,523612,130,2026-08-25,40,True
1327,521402,526,2023-05-17,26,True
1328,521402,2384,2022-07-24,22,False
1329,521402,4446,2024-03-07,62,False
1330,518329,336,2025-11-11,14,False
1331,507308,4073,2023-02-16,18,True
1332,507308,70,2024-02-02,47,True
1333,502865,1603,2024-02-13,56,True
1334,509163,1631,2024-01-22,76,False
1335,509163,1005,2024-09-29,4,True
1336,513772,2941,2023-04-24,46,True
1337,515003,2026,2025-11-30,35,False
1338,508020,2461,2024-04-11,52,False
1339,508020,1741,2025-01-06,29,True
1340,521580,960,2026-01-17,38,True
1341,524989,4665,2025-11-03,34,True
1342,522595,3685,2024-04-12,76,False
1343,522595,2390,2022-03-11,1,False
1344,515835,3743,2025-08-21,58,False
1345,516783,224,2024-03-21,26,True
1346,517168,1182,2022-10-18,56,True
1347,504814,4133,2024-11-04,45,True
1348,504814,3811,2024-10-11,62,False
1349,502663,105,2022-08-12,27,True
1350,504221,3903,2026-01-13,38,False
1351,503299,1267,2026-08-01,30,True
1352,503299,2828,2023-04-23,7,True
1353,503299,1524,2026-04-13,67,False
1354,520052,659,2023-06-05,1,False
1355,511481,1964,2025-01-15,4,True
1356,503736,1556,2026-12-11,36,True
1357,503736,1626,2022-10-26,25,True
1358,503182,527,2026-12-17,83,False
1359,500470,317,2026-06-03,28,False
1360,511079,670,2022-04-01,6,False
1361,524878,575,2023-07-29,57,True
1362,524878,3204,2022-03-29,9,True
1363,515449,2862,2022-12-20,74,False
1364,515449,1094,2024-10-29,55,True
1365,515449,1800,2026-09-26,2,True
1366,515449,1262,2024-12-26,8,True
1367,522089,3256,2026-01-21,13,False
1368,506449,1965,2026-05-15,37,False
1369,522020,2420,2025-09-22,83,False
1370,501513,1380,2025-04-21,27,False
1371,501513,4489,2025-10-16,51,True
1372,510710,3449,2022-06-30,65,False
1373,510710,676,2022-04-11,12,False
1374,507406,836,2024-11-29,76,True
1375,512779,4382,2023-11-07,1,False
1376,512779,3437,2025-08-01,69,True
1377,512779,576,2026-06-07,26,True
1378,512779,152,2026-10-03,19,True
1379,524689,3498,2025-02-04,21,True
1380,504045,1874,2024-03-09,68,True
1381,509749,3299,2022-08-04,44,True
1382,514827,716,2024-09-21,9,False
1383,502763,118,2023-04-20,90,True
1384,502763,3453,2024-12-24,49,True
1385,506881,1158,2022-08-02,48,False
1386,506881,4860,2025-04-07,22,False
1387,514369,2473,2023-07-17,34,False
1388,514369,4439,2024-05-22,61,False
1389,510139,3922,2025-09-16,81,True
1390,510139,3251,2026-02-04,76,True
1391,510139,18,2024-05-08,57,False
1392,512260,2132,2022-12-17,27,True
1393,512260,3003,2024-03-22,89,True
1394,517440,1118,2023-02-07,60,False
1395,520549,359,2023-01-01,8,False
1396,507761,2805,2024-02-07,58,False
1397,507761,920,2022-08-13,82,True
1398,523598,3163,2024-04-07,33,True
1399,523598,2651,2024-05-01,42,True
1400,517712,432,2024-07-03,88,True
1401,518346,1258,2023-03-08,81,False
1402,502938,1470,2022-10-19,42,True
1403,501298,2947,2025-07-19,6,False
1404,515972,4541,2025-07-21,76,False
1405,514530,4225,2023-11-20,1,True
1406,514530,1556,2026-12-09,48,False
1407,500636,1590,2023-09-01,20,True
1408,500636,3846,2023-05-10,63,False
1409,500636,3630,2026-10-20,63,True
1410,500636,1197,2022-11-24,74,False
1411,523930,3511,2026-12-06,77,True
1412,523888,2077,2023-10-05,76,True
1413,523888,2102,2024-02-11,40,False
1414,513992,225,2022-03-04,70,True
1415,513992,4075,2024-01-31,62,True
1416,510546,1954,2022-11-04,18,False
1417,510546,2825,2023-09-28,89,True
1418,510546,129,2026-06-25,8,True
1419,509166,3379,2024-06-05,75,True
1420,516433,2203,2026-01-01,58,True
1421,516433,4632,2022-05-08,15,False
1422,506530,4533,2026-07-02,22,False
1423,505549,3057,2025-11-27,70,True
1424,509057,3274,2026-06-08,24,False
1425,503996,2926,2024-09-17,43,True
1426,505260,1080,2024-05-30,23,False
1427,502062,3584,2025-04-06,80,True
1428,502062,441,2024-07-19,75,True
1429,502908,1474,2022-10-30,13,False
1430,502908,2615,2024-06-17,75,True
1431,514347,3065,2022-03-21,44,False
1432,501046,3067,2026-04-11,58,True
1433,511652,1242,2026-05-07,40,False
1434,511652,394,2026-12-08,75,True
1435,509060,4441,2023-08-08,66,True
1436,514450,4021,2023-11-19,62,False
1437,514450,2192,2024-04-15,24,False
1438,503875,1744,2023-12-29,18,True
1439,503875,3772,2025-11-07,62,False
1440,511861,4631,2023-09-16,68,True
1441,522151,1064,2024-07-07,67,True
1442,503740,2472,2025-08-06,19,False
1443,500030,3220,2023-12-16,57,True
1444,500030,191,2026-05-29,76,True
1445,508844,4821,2023-04-06,90,False
1446,508844,304,2025-09-16,43,True
1447,511258,2126,2024-08-30,57,True
1448,505450,373,2026-07-14,6,False
1449,517985,2749,2026-04-08,1,True
1450,507126,2255,2025-05-27,19,False
1451,511290,4378,2023-04-23,7,False
1452,504878,3947,2024-12-02,60,False
1453,504878,531,2024-11-16,79,True
1454,500961,3400,2022-04-03,81,False
1455,500961,2985,2026-06-03,17,True
1456,500985,3344,2023-01-17,31,True
1457,502562,3452,2025-12-10,85,True
1458,502562,3489,2026-12-03,62,False
1459,502562,1691,2023-04-21,50,True
1460,512141,1433,2024-12-20,38,True
1461,512141,2598,2023-11-03,34,True
1462,508320,835,2024-05-23,39,True
1463,508320,798,2023-12-18,56,False
1464,505360,747,2024-04-11,37,False
1465,505360,4602,2022-04-15,20,True
1466,518621,4680,2022-11-15,37,False
1467,509615,1792,2022-05-04,80,True
1468,504203,2705,2025-07-17,65,False
1469,508026,1828,2022-02-12,47,False
1470,508026,4502,2022-04-09,78,False
1471,502727,841,2023-02-04,17,False
1472,500342,3307,2023-07-29,48,False
1473,500342,1145,2023-09-21,9,True
1474,500292,1741,2025-01-12,45,True
1475,523979,799,2023-05-17,74,True
1476,523979,4820,2025-06-15,72,False
1477,521404,2263,2026-07-18,55,False
1478,519705,1793,2022-08-30,28,False
1479,501889,2777,2022-11-11,60,False
1480,503399,2585,2025-07-11,44,False
1481,517419,3234,2025-11-06,74,True
1482,514492,1379,2022-09-18,82,False
1483,524975,2808,2026-02-06,61,False
1484,515580,70,2024-02-06,63,True
1485,523858,812,2025-08-16,63,True
1486,508395,1431,2025-11-11,46,False
1487,504439,4006,2026-07-25,25,True
1488,503663,1419,2023-02-26,22,True
1489,503663,1975,2022-08-15,20,True
1490,507428,864,2024-09-10,13,True
1491,507428,3037,2023-10-22,82,False
1492,509125,1864,2024-12-14,29,True
1493,509125,2842,2023-07-05,31,False
1494,513708,3323,2022-05-26,80,True
1495,513708,2494,2023-12-08,44,True
1496,512822,3029,2025-12-19,37,True
1497,512822,800,2024-09-21,47,True
1498,523942,4267,2026-01-13,28,False
1499,521612,4374,2022-12-28,74,False
1500,521612,1355,2026-02-01,31,False
1501,521987,2170,2024-09-14,14,True
1502,521002,980,2022-11-26,32,True
1503,519873,2829,2026-03-26,89,True
1504,518609,2083,2025-02-07,6,True
1505,508958,3320,2023-02-03,82,False
1506,508958,2473,2023-06-26,70,False
1507,508958,3309,2023-02-19,13,True
1508,508958,2401,2023-05-27,17,False
1509,511306,4032,2026-03-25,6,False
1510,511306,601,2023-09-25,33,True
1511,512376,1881,2022-08-08,54,True
1512,512376,3712,2022-03-05,57,True
1513,520105,1461,2026-09-26,4,True
1514,520105,661,2026-04-03,17,True
1515,520105,1109,2025-03-12,8,True
1516,507443,3538,2027-01-01,34,False
1517,502172,4151,2023-07-18,21,False
1518,509145,3515,2023-02-04,72,False
1519,515934,473,2023-08-21,32,False
1520,520223,2078,2024-03-01,16,True
1521,515617,229,2022-04-07,77,True
1522,515617,3981,2022-07-15,20,False
1523,515617,135,2022-01-30,73,False
1524,521211,2412,2024-07-12,17,True
1525,521211,1642,2026-08-12,79,False
1526,521211,4948,2025-07-04,16,False
1527,521211,4509,2024-04-05,35,False
1528,521230,4257,2025-03-05,84,True
1529,523913,2587,2025-04-14,40,True
1530,512015,4842,2025-12-20,10,False
1531,505261,2632,2024-03-05,82,True
1532,519407,3293,2022-02-09,60,False
1533,510853,3645,2022-02-02,65,True
1534,510853,1408,2026-07-21,73,True
1535,510853,1578,2023-03-02,28,False
1536,505793,3122,2022-02-21,15,False
1537,519789,4459,2024-11-23,18,True
1538,517455,1877,2025-07-09,22,True
1539,521335,404,2026-07-08,60,False
1540,517255,1511,2022-05-08,64,True
1541,517255,3737,2022-06-30,33,False
1542,501515,4480,2022-03-29,62,False
1543,505929,3635,2025-12-28,41,True
1544,500140,1800,2026-10-03,37,False
1545,500140,4141,2025-10-08,64,False
1546,503779,3155,2025-03-15,16,False
1547,508224,632,2023-06-07,28,True
1548,508944,3240,2024-09-18,27,False
1549,508944,811,2026-11-25,17,True
1550,520924,2629,2027-01-15,86,True
1551,524500,2340,2026-10-23,46,True
1552,501816,1909,2023-09-02,32,True
1553,500697,4005,2023-09-13,56,True
1554,502584,3949,2023-01-03,73,True
1555,502584,1592,2022-04-01,74,False
1556,502584,1611,2022-05-22,85,False
1557,502584,4849,2022-06-16,51,False
1558,502584,4869,2023-09-12,77,True
1559,517602,374,2026-06-27,15,False
1560,510091,1133,2025-11-12,72,True
1561,510091,2479,2025-04-29,22,False
1562,510091,4219,2024-08-28,31,True
1563,508605,1957,2022-07-28,16,True
1564,509873,1163,2026-03-20,15,False
1565,509873,3521,2024-09-26,10,True
1566,509873,2103,2026-01-03,44,False
1567,500151,2046,2025-08-10,33,False
1568,503109,4789,2026-05-08,42,False
1569,515110,2817,2024-05-03,60,True
1570,515110,2847,2024-02-21,70,False
1571,506225,3331,2022-12-20,3,True
1572,502142,3424,2025-01-25,53,False
1573,509762,3567,2023-04-22,80,False
1574,503703,2808,2026-03-01,28,False
1575,503703,2754,2025-01-31,80,False
1576,500018,1893,2024-03-03,38,True
1577,500018,3201,2024-08-06,20,False
1578,509150,3305,2024-03-04,57,False
1579,509150,2686,2026-11-19,13,True
1580,520899,1447,2023-10-22,51,False
1581,524386,2615,2024-06-16,45,True
1582,524386,3712,2022-03-04,14,False
1583,503499,3705,2024-07-23,62,False
1584,503499,3145,2023-03-04,64,False
1585,503101,1291,2024-10-10,50,False
1586,503101,3173,2022-02-18,29,False
1587,514371,1354,2025-05-13,70,True
1588,515077,3106,2022-08-06,67,True
1589,519164,2377,2027-01-06,30,True
1590,519164,4764,2025-11-07,61,True
1591,524406,1989,2026-05-09,70,False
1592,524406,2559,2025-02-09,74,True
1593,522511,2993,2025-12-03,53,False
1594,522511,1201,2023-11-06,34,True
1595,522511,2308,2025-12-24,67,False
1596,506150,4104,2024-03-15,22,False
1597,513607,2026,2025-10-31,2,True
1598,513607,2205,2023-02-17,59,True
1599,524444,3160,2022-09-06,5,False
1600,524444,2263,2026-07-25,50,True
1601,504171,4170,2022-11-09,26,False
1602,514779,2649,2023-03-26,72,False
1603,514779,795,2025-07-22,57,True
1604,523998,1106,2024-11-29,12,True
1605,523998,4533,2026-06-07,43,True
1606,507885,463,2022-04-13,4,True
1607,506518,3662,2026-09-30,18,False
1608,503579,2999,2026-10-09,40,True
1609,520843,1568,2025-05-01,10,True
1610,509694,4492,2022-03-07,32,False
1611,509694,907,2024-09-09,50,True
1612,504306,1639,2023-09-04,12,False
1613,504306,914,2024-03-29,40,True
1614,517492,2158,2025-01-06,59,True
1615,517492,3711,2026-06-01,72,True
1616,516309,4850,2026-12-28,78,True
1617,520965,4601,2024-05-04,58,True
1618,519023,3114,2026-08-26,81,False
1619,502871,3976,2024-03-05,89,False
1620,502871,1330,2026-05-16,73,True
1621,502871,1617,2025-10-26,71,False
1622,507862,2229,2026-02-11,4,True
1623,507862,3073,2024-06-27,10,False
1624,506347,3120,2026-06-23,33,True
1625,506347,4164,2024-11-21,31,False
1626,517395,662,2024-07-21,85,False
1627,517395,1760,2025-12-18,90,False
1628,510360,3473,2024-11-04,49,False
1629,510360,3128,2022-04-13,30,False
1630,510360,896,2026-10-16,13,False
1631,512305,2467,2025-08-03,90,True
1632,524889,2115,2025-12-16,13,False
1633,517228,4762,2025-09-25,9,True
1634,509607,927,2025-02-11,35,False
1635,520279,406,2026-10-23,26,False
1636,520279,4079,2025-06-16,87,True
1637,505220,4164,2024-11-23,28,False
1638,521945,4894,2023-01-13,11,True
1639,519432,1390,2024-02-25,35,False
1640,503059,652,2023-06-21,36,False
1641,513942,4859,2023-11-18,56,True
1642,517838,2516,2024-03-05,63,False
1643,517838,2563,2026-11-12,66,True
1644,511252,2145,2023-12-07,60,False
1645,511252,3579,2023-12-03,61,False
1646,514460,3097,2023-06-20,15,True
1647,501809,972,2026-07-30,51,True
1648,511135,4963,2025-01-10,47,True
1649,511135,1749,2026-01-12,46,False
1650,518786,731,2024-12-07,60,False
1651,518786,2965,2024-04-11,11,False
1652,524750,4378,2023-05-02,37,False
1653,524750,2331,2023-05-15,71,False
1654,524750,835,2024-05-31,16,False
1655,523183,3695,2022-03-05,77,False
1656,517894,609,2022-10-31,79,True
1657,508920,3437,2025-07-18,16,True
1658,508920,3907,2026-04-25,54,True
1659,504283,2384,2022-08-03,37,False
1660,515885,2031,2024-01-02,27,False
1661,515885,601,2023-10-10,6,True
1662,507901,1112,2026-11-11,8,False
1663,510444,4216,2022-03-16,66,False
1664,523303,1069,2024-02-28,71,True
1665,523303,1180,2024-06-08,75,False
1666,514352,2014,2024-10-16,82,True
1667,514352,1567,2022-03-26,10,False
1668,512231,495,2026-06-27,78,False
1669,500316,3363,2024-08-25,2,True
1670,500316,1605,2022-10-04,5,True
1671,500316,140,2023-11-22,58,False
1672,524235,1727,2023-12-23,62,False
1673,506021,3620,2022-11-17,21,False
1674,506021,4830,2024-11-13,41,True
1675,500209,4308,2024-09-27,69,True
1676,521106,2012,2025-10-29,5,False
1677,500937,3110,2023-10-21,86,False
1678,513692,3938,2024-12-03,69,True
1679,513692,400,2025-08-11,56,True
1680,513692,314,2023-02-06,56,True
1681,505334,2697,2023-01-11,76,True
1682,524021,3424,2025-01-02,12,True
1683,524021,2977,2022-07-26,40,True
1684,513261,3960,2026-04-06,18,False
1685,513261,4150,2022-08-01,32,False
1686,501511,4261,2024-01-24,47,False
1687,501511,1028,2023-04-11,4,True
1688,522083,3450,2025-06-25,57,False
1689,512089,3327,2026-01-16,31,True
1690,521670,500,2022-10-21,55,True
1691,521498,2597,2025-03-04,81,True
1692,521498,178,2025-07-06,14,True
1693,508345,1278,2023-12-27,16,True
1694,510213,1022,2023-10-04,1,False
1695,510213,2941,2023-04-30,88,False
1696,507640,275,2025-04-29,70,False
1697,507640,1659,2025-08-28,68,False
1698,506138,4387,2023-08-24,8,False
1699,520655,1485,2023-02-28,86,True
1700,518159,3814,2023-03-23,61,False
1701,522805,3694,2026-06-29,29,True
1702,512308,3444,2023-05-01,62,True
1703,512308,3963,2022-05-11,27,False
1704,512308,2453,2022-10-12,4,False
1705,512308,2440,2026-03-14,70,True
1706,512308,2838,2023-03-21,4,True
1707,519156,4576,2023-09-13,47,False
1708,515478,2738,2022-12-21,47,False
1709,515478,3754,2023-05-22,25,True
1710,515478,3706,2026-12-07,60,True
1711,515478,2134,2025-05-23,16,False
1712,503595,3586,2025-03-28,30,False
1713,503595,2575,2025-03-04,14,False
1714,508940,2935,2023-09-25,28,False
1715,524570,553,2026-07-18,69,True
1716,524570,333,2025-03-08,8,False
1717,501662,1191,2022-04-25,8,True
1718,501662,1427,2022-07-21,16,True
1719,521262,3854,2026-09-03,58,True
1720,502443,4,2022-09-27,35,True
1721,502443,4690,2026-01-13,16,True
1722,502443,3939,2022-10-14,10,False
1723,508526,134,2022-12-04,5,False
1724,520561,2309,2026-10-06,64,False
1725,503367,159,2025-01-01,56,True
1726,500994,3509,2026-08-31,65,False
1727,523748,527,2026-12-11,58,False
1728,523748,3450,2025-06-18,58,False
1729,510393,788,2023-04-15,77,False
1730,510393,2863,2026-07-24,3,True
1731,524905,480,2026-12-09,71,True
1732,514703,1833,2023-03-04,32,False
1733,514703,2911,2024-01-22,68,True
1734,519330,945,2026-01-01,3,True
1735,503790,4056,2023-04-07,26,True
1736,505095,494,2023-09-29,1,False
1737,523530,3184,2026-03-06,29,False
1738,523530,4211,2023-09-07,75,False
1739,513627,2567,2026-09-30,4,False
1740,508864,3303,2025-05-13,40,False
1741,511400,4465,2024-04-26,68,False
1742,520601,3166,2023-06-11,72,True
1743,512924,3535,2023-01-13,13,False
1744,514979,4927,2023-10-01,85,False
1745,514979,3858,2025-03-17,9,False
1746,511624,4055,2024-09-02,36,True
1747,510908,3069,2024-11-28,86,False
1748,518198,1805,2026-05-07,83,False
1749,505097,2036,2023-01-29,59,False
1750,517186,1,2026-08-22,7,True
1751,520587,3009,2026-07-19,21,False
1752,509243,1548,2022-05-10,28,True
1753,515540,2562,2022-04-02,22,False
1754,522659,4345,2022-04-20,83,False
1755,522659,406,2026-10-05,45,False
1756,514760,3016,2024-12-21,15,True
1757,517171,3561,2023-10-14,74,True
1758,522418,2789,2025-06-24,36,True
1759,513989,1900,2025-04-21,10,False
1760,524621,101,2023-01-11,76,True
1761,503510,3612,2023-11-03,63,False
1762,523768,2573,2024-04-30,64,True
1763,504004,4352,2025-12-29,29,False
1764,508162,221,2025-05-21,84,True
1765,523656,2945,2025-10-20,70,True
1766,523656,1050,2023-10-08,30,False
1767,523905,2868,2025-09-21,35,False
1768,517604,1929,2025-06-17,90,False
1769,523184,1987,2026-07-15,82,False
1770,522175,72,2024-06-30,24,True
1771,512168,2300,2024-03-22,60,True
1772,512168,2502,2024-03-04,38,True
1773,505108,952,2023-09-09,88,True
1774,505108,4486,2025-02-26,59,True
1775,505108,1040,2026-02-12,81,False
1776,502174,3454,2024-09-28,23,True
1777,502174,3028,2022-10-16,61,False
1778,523449,1238,2024-09-20,83,True
1779,518216,4735,2023-06-10,48,True
1780,518216,569,2026-08-18,84,False
1781,518216,3654,2025-12-05,15,True
1782,514547,4027,2026-01-04,65,True
1783,514547,1523,2025-02-22,41,False
1784,514547,522,2022-11-26,81,False
1785,505514,1025,2024-01-07,78,True
1786,521033,2602,2026-09-16,76,False
1787,521001,1457,2022-06-01,48,False
1788,521001,4029,2023-08-25,33,False
1789,522710,479,2024-01-29,56,False
1790,522710,1347,2025-04-21,15,True
1791,515545,628,2022-04-09,55,True
1792,515545,4,2022-10-10,51,True
1793,516848,4778,2022-07-10,79,False
1794,516095,3378,2023-12-18,22,True
1795,504120,3451,2026-05-11,28,False
1796,504120,4001,2023-05-30,9,True
1797,524201,4268,2024-08-22,85,False
1798,508212,2024,2022-07-31,1,False
1799,502725,3097,2023-07-03,44,True
1800,506428,4008,2025-01-28,47,True
1801,521293,3756,2025-09-04,5,False
1802,505385,452,2023-11-09,89,False
1803,505503,1608,2022-08-19,22,True
1804,520211,4697,2023-01-06,44,False
1805,520211,3942,2023-08-07,43,True
1806,502233,4222,2022-03-10,46,True
1807,510610,1630,2025-07-04,30,True
1808,513756,4468,2023-02-19,30,True
1809,501384,4107,2022-12-14,5,True
1810,501384,2236,2023-05-03,56,False
1811,501384,275,2025-04-30,78,False
1812,500912,3056,2024-04-18,74,False
1813,502153,519,2024-06-17,62,True
1814,515468,885,2026-08-07,18,True
1815,515468,1479,2023-03-15,64,False
1816,500460,29,2024-01-16,69,False
1817,500460,4896,2022-12-14,39,True
1818,500460,832,2026-07-28,65,True
1819,512142,2964,2026-10-06,81,True
1820,504772,716,2024-10-15,8,True
1821,509000,3398,2024-09-12,36,True
1822,508281,1021,2026-05-10,82,False
1823,504161,4621,2025-01-03,53,True
1824,515963,1432,2025-06-10,73,False
1825,502831,4641,2025-10-10,88,False
1826,502831,4253,2023-10-20,89,True
1827,502831,3015,2024-04-23,38,True
1828,522854,554,2026-01-31,78,False
1829,522854,3356,2024-09-25,33,True
1830,505502,2481,2023-09-25,58,True
1831,505502,1689,2025-06-20,8,True
1832,502813,485,2024-01-05,77,True
1833,502813,3431,2024-02-21,15,False
1834,502813,3771,2023-03-20,11,False
1835,513974,2161,2023-07-21,31,False
1836,523573,2795,2023-08-29,5,False
1837,515231,2613,2025-12-16,35,True
1838,505228,3312,2022-07-17,81,False
1839,515181,2323,2023-01-29,6,False
1840,515181,2183,2024-07-26,40,True
1841,515181,1469,2025-12-13,10,False
1842,515181,375,2024-04-12,51,True
1843,512323,3896,2022-02-25,76,False
1844,512323,3795,2026-02-19,74,True
1845,518683,2839,2025-07-14,43,False
1846,518683,384,2022-11-06,86,True
1847,510599,4690,2026-01-12,81,False
1848,510599,1251,2022-07-30,2,False
1849,513968,2184,2022-09-04,10,False
1850,513968,1755,2022-02-04,39,True
1851,500675,1497,2024-10-08,52,False
1852,502141,794,2026-11-19,82,False
1853,502141,3687,2022-07-11,11,True
1854,502141,4789,2026-06-03,86,True
1855,500972,2097,2023-10-29,20,True
1856,500972,2103,2026-01-14,45,True
1857,515927,428,2023-08-25,47,False
1858,521287,3072,2024-11-20,74,False
1859,503024,736,2025-02-23,54,True
1860,503024,626,2024-08-11,24,True
1861,516818,617,2023-12-27,78,False
1862,516818,1294,2025-10-01,8,True
1863,523812,2470,2026-03-16,78,False
1864,523812,2657,2025-05-31,41,True
1865,524363,3007,2025-02-26,64,True
1866,503028,2450,2023-07-03,72,True
1867,503028,619,2022-12-27,2,True
1868,513358,2557,2026-12-01,51,True
1869,517389,3202,2024-05-03,9,True
1870,520170,4514,2026-08-14,18,True
1871,520170,364,2023-02-26,21,False
1872,520170,3659,2023-03-16,85,False
1873,516582,4444,2024-06-10,56,False
1874,516582,4726,2023-12-26,76,True
1875,519843,1575,2026-06-17,37,True
1876,506235,346,2026-08-02,73,True
1877,509608,4388,2023-07-27,50,False
1878,509608,491,2022-03-06,47,True
1879,509148,2560,2026-03-18,82,True
1880,509148,3932,2026-09-22,12,True
1881,515911,4662,2024-12-17,69,False
1882,503533,1413,2026-07-02,48,False
1883,508088,1028,2023-04-25,23,True
1884,508088,3350,2024-05-21,87,False
1885,523404,4264,2025-05-06,89,False
1886,511880,3123,2026-01-30,27,True
1887,508171,1904,2026-08-28,27,False
1888,522586,2836,2024-01-02,29,False
1889,502223,3704,2026-11-04,52,False
1890,502223,4112,2024-09-29,28,True
1891,512388,1660,2023-01-14,68,False
1892,504505,97,2025-03-22,46,True
1893,504505,2775,2024-05-03,85,True
1894,504505,157,2024-12-25,84,False
1895,518506,575,2023-07-25,60,True
1896,503231,259,2025-12-23,35,True
1897,508833,4543,2023-04-27,50,True
1898,508833,3587,2023-06-17,77,False
1899,508833,2212,2023-07-02,26,False
1900,513029,3902,2022-12-20,90,False
1901,513029,2733,2022-08-12,87,False
1902,513029,1281,2023-07-22,69,True
1903,513029,760,2023-01-28,13,False
1904,504389,2941,2023-04-23,51,False
1905,504389,442,2026-12-09,22,False
1906,503112,928,2026-09-05,55,True
1907,520527,4228,2022-09-18,28,True
1908,503965,1653,2024-08-13,84,True
1909,505529,2802,2026-02-22,67,False
1910,500467,209,2024-09-04,83,True
1911,506036,2235,2024-07-05,11,False
1912,512695,4164,2024-12-21,23,True
1913,516688,4570,2026-04-30,11,True
1914,516688,2949,2023-07-17,64,False
1915,506246,3337,2024-05-06,21,True
1916,506246,264,2024-11-17,87,True
1917,515742,2611,2025-07-17,71,True
1918,515742,1059,2026-10-27,64,True
1919,515742,3492,2024-03-30,23,True
1920,505981,4878,2023-05-13,35,False
1921,505981,4035,2025-03-03,52,False
1922,515171,773,2024-03-06,11,True
1923,501581,2940,2023-02-22,5,True
1924,501581,1188,2025-07-30,34,False
1925,519303,1467,2023-08-03,9,False
1926,520557,1844,2023-07-27,15,False
1927,507113,1749,2026-01-19,72,True
1928,500845,392,2024-08-13,2,True
1929,522373,2561,2023-08-06,26,True
1930,513923,4145,2023-06-20,17,True
1931,511888,1382,2024-11-25,5,False
1932,501399,1785,2024-03-25,16,False
1933,501399,601,2023-09-20,40,True
1934,501399,1411,2025-09-08,44,False
1935,508953,4846,2022-04-27,56,False
1936,500122,4556,2025-02-02,77,True
1937,510698,300,2026-09-09,8,True
1938,510698,2227,2023-03-21,72,False
1939,510698,1852,2025-11-14,46,True
1940,523126,1942,2024-02-21,9,False
1941,519495,527,2026-12-16,49,False
1942,505188,1366,2026-09-17,88,True
1943,506629,2889,2025-09-03,38,True
1944,505858,4868,2022-10-20,82,False
1945,505858,4387,2023-08-26,31,False
1946,505858,4597,2025-03-09,19,True
1947,516800,2353,2024-08-14,5,False
1948,524307,4478,2022-05-05,12,False
1949,524307,155,2025-09-24,19,True
1950,524307,2835,2024-03-15,28,False
1951,502387,2836,2024-01-07,69,True
1952,502387,4468,2023-03-13,15,False
1953,502202,4626,2024-01-07,50,True
1954,520697,2860,2024-08-04,77,True
1955,520697,235,2023-06-05,70,True
1956,519557,3,2026-09-08,56,False
1957,519557,1608,2022-08-31,76,False
1958,519557,4525,2025-11-29,14,False
1959,519557,4702,2024-01-07,69,False
1960,504689,1806,2025-10-21,33,False
1961,504689,3858,2025-03-30,66,False
1962,502605,887,2026-03-01,58,True
1963,502605,808,2024-09-05,1,True
1964,503922,1760,2026-01-02,33,False
1965,503922,1605,2022-09-08,86,True
1966,503483,2098,2024-09-07,50,False
1967,503483,3036,2022-05-23,11,True
1968,514910,47,2023-10-04,51,False
1969,514910,3802,2024-07-21,46,True
1970,520641,4467,2025-01-21,41,False
1971,510330,1642,2026-08-08,41,False
1972,510330,3770,2024-05-14,52,False
1973,503841,348,2024-08-23,34,True
1974,502291,1784,2024-10-04,84,False
1975,524984,2170,2024-09-05,13,True
1976,523439,1167,2023-01-07,37,False
1977,523410,3399,2022-01-23,78,True
1978,523410,195,2022-09-12,81,False
1979,523410,3428,2024-06-27,34,False
1980,510665,4401,2023-03-15,15,True
1981,524054,3954,2026-03-10,14,False
1982,524054,1255,2027-01-03,66,False
1983,524054,4670,2023-10-23,24,True
1984,518248,2178,2026-08-19,72,True
1985,519488,4800,2026-01-11,84,False
1986,519488,2549,2025-05-17,59,True
1987,509359,4067,2025-08-09,84,True
1988,509359,4042,2023-06-03,45,True
1989,519092,3469,2026-06-04,11,False
1990,515943,1692,2026-08-26,37,True
1991,505069,3177,2026-03-22,54,True
1992,505069,4471,2026-01-31,64,True
1993,505069,4539,2025-09-26,2,True
1994,521647,1717,2024-11-15,12,False
1995,513986,3764,2026-12-10,16,True
1996,501351,4116,2026-11-08,78,False
1997,522017,4579,2025-11-17,90,False
1998,508239,822,2024-06-02,18,False
1999,506632,4170,2022-11-03,47,True
2000,504456,3800,2025-02-15,79,True
2001,504575,2038,2022-11-02,49,True
2002,504619,1867,2026-01-27,51,True
2003,504619,307,2024-02-08,17,True
2004,504619,513,2026-04-13,36,True
2005,504619,4298,2025-01-15,48,False
2006,505513,1214,2025-01-18,51,False
2007,514222,2420,2025-10-05,35,False
2008,514222,2976,2026-08-06,73,False
2009,505554,1762,2023-07-01,38,False
2010,514661,1644,2023-04-30,21,True
2011,514661,1456,2026-11-03,20,True
2012,514661,4113,2023-04-17,29,True
2013,502684,1071,2026-04-15,80,True
2014,508310,4243,2022-12-11,7,True
2015,519360,3089,2024-12-31,79,False
2016,522394,2348,2024-02-19,43,False
2017,502506,204,2026-12-04,62,True
2018,516043,32,2024-05-15,67,True
2019,524694,1163,2026-03-30,86,True
2020,524694,3399,2022-01-26,70,True
2021,511769,3590,2026-12-15,5,False
2022,518548,3471,2025-03-16,5,True
2023,515812,4741,2023-05-23,25,False
2024,503669,1828,2022-02-24,75,False
2025,506443,2402,2023-12-07,67,False
2026,509802,1874,2024-03-22,36,True
2027,509802,3344,2023-01-01,17,True
2028,501028,1382,2024-11-10,12,False
2029,501028,4499,2026-05-06,25,False
2030,517547,2091,2026-02-10,81,True
2031,506180,1246,2022-02-02,49,False
2032,505720,2918,2023-07-17,17,False
2033,518265,1642,2026-08-05,83,True
2034,500656,1986,2025-10-21,25,True
2035,515556,3447,2024-03-23,80,True
2036,514772,3425,2022-12-30,65,True
2037,505517,4436,2024-12-09,20,False
2038,519663,4529,2025-02-08,32,True
2039,519663,3908,2023-06-10,72,False
2040,502529,3515,2023-02-07,89,True
2041,520844,3173,2022-01-27,65,False
2042,507133,1470,2022-10-29,36,True
2043,500279,1707,2024-04-21,79,False
2044,517993,588,2024-10-13,90,False
2045,517993,1431,2025-10-25,73,True
2046,514804,3422,2023-12-19,59,True
2047,520482,4396,2023-01-15,79,True
2048,501636,4061,2026-07-09,71,False
2049,501636,522,2022-12-08,45,True
2050,501636,1792,2022-05-01,19,False
2051,502814,4283,2024-11-23,62,False
2052,509932,1710,2025-04-16,84,False
2053,510557,4485,2024-09-09,30,True
2054,510557,4399,2023-01-27,27,True
2055,510557,3879,2022-12-13,87,False
2056,501132,1015,2022-12-11,83,True
2057,501132,3242,2025-01-20,25,False
2058,502042,2842,2023-07-16,46,False
2059,520957,3641,2024-01-09,65,True
2060,520957,1569,2025-04-12,14,False
2061,502541,3977,2026-07-13,68,False
2062,503618,1934,2026-06-25,30,False
2063,503618,60,2023-01-23,54,False
2064,512011,2508,2023-07-10,90,False
2065,512011,4084,2022-12-20,46,True
2066,517844,3435,2025-10-06,12,False
2067,501419,4464,2026-03-14,62,False
2068,501419,3087,2026-01-13,23,True
2069,519485,1256,2024-01-28,35,True
2070,520263,1255,2027-01-13,37,True
2071,512352,1546,2026-09-13,21,True
2072,512352,570,2026-11-26,4,False
2073,501596,1915,2023-08-14,59,False
2074,501596,1540,2022-04-16,6,True
2075,501596,559,2026-06-28,28,False
2076,517711,4714,2025-12-23,83,False
2077,509636,1440,2022-08-13,89,True
2078,503247,1596,2025-06-30,84,False
2079,518495,1731,2025-06-07,66,True
2080,520624,1460,2025-02-09,49,True
2081,505408,4838,2022-02-24,51,True
2082,521775,1089,2026-08-09,3,False
2083,501504,3922,2025-09-13,41,True
2084,501504,3073,2024-07-10,55,False
2085,501555,3735,2024-06-28,9,True
2086,501076,2200,2024-09-23,52,True
2087,501076,1286,2025-09-02,34,False
2088,511703,1078,2025-07-27,62,True
2089,511209,927,2025-02-11,11,False
2090,511209,4120,2026-05-20,38,False
2091,505926,1439,2025-03-17,34,True
2092,508488,4920,2026-03-27,57,False
2093,508488,1204,2023-08-02,58,False
2094,508488,2862,2022-12-04,29,True
2095,515279,1399,2023-04-28,68,True
2096,515279,87,2023-01-09,38,True
2097,515279,2121,2025-08-15,80,True
2098,513505,499,2023-03-20,81,False
2099,513505,963,2024-10-15,14,True
2100,513505,2264,2026-09-23,90,True
2101,510521,3818,2023-09-12,89,True
2102,523025,4538,2025-06-12,16,False
2103,514494,2116,2023-12-25,51,False
2104,514494,3069,2024-11-08,14,False
2105,508152,4380,2025-12-28,88,True
2106,508152,3451,2026-05-08,45,False
2107,509202,1026,2023-03-21,2,False
2108,509202,1526,2025-06-17,14,True
2109,510506,4645,2022-12-17,58,False
2110,510506,3392,2024-06-19,27,True
2111,524227,2673,2026-10-12,17,False
2112,524227,2755,2022-09-24,32,False
2113,524227,4947,2026-09-20,32,True
2114,502565,3129,2022-06-14,56,False
2115,521280,2688,2022-04-29,33,False
2116,510598,3116,2023-06-23,34,False
2117,510598,3810,2025-12-14,19,True
2118,510598,187,2022-12-30,16,False
2119,510598,3073,2024-07-06,61,True
2120,510598,4259,2024-01-07,38,True
2121,522695,207,2022-07-09,26,True
2122,522695,1464,2022-06-02,84,True
2123,502175,4177,2026-07-29,62,False
2124,500548,265,2023-10-05,25,False
2125,508194,2375,2022-12-26,30,True
2126,504037,1552,2024-07-18,67,False
2127,504037,499,2023-03-04,86,False
2128,501681,542,2023-10-23,67,False
2129,518186,2002,2025-10-09,21,True
2130,504266,4512,2025-04-05,1,True
2131,504266,1837,2022-12-11,36,True
2132,504266,2935,2023-09-01,35,True
2133,518569,2688,2022-04-10,5,True
2134,518569,4387,2023-09-09,82,False
2135,518145,2437,2022-05-03,81,True
2136,518145,937,2022-02-13,90,True
2137,518145,2986,2023-12-31,57,False
2138,504246,3328,2024-01-30,82,False
2139,504246,2347,2023-09-09,46,True
2140,504246,3584,2025-04-23,38,True
2141,500104,2968,2026-10-26,31,True
2142,500104,277,2024-06-10,33,True
2143,521434,2226,2026-12-29,27,True
2144,521434,3247,2027-01-04,79,True
2145,521071,3515,2023-02-15,39,False
2146,521071,1852,2025-12-04,51,False
2147,507692,3182,2023-12-03,89,True
2148,507692,230,2025-05-03,54,True
2149,511869,3366,2025-10-10,9,True
2150,516988,803,2026-02-17,88,False
2151,516988,62,2023-06-29,74,True
2152,510615,4810,2022-10-13,60,True
2153,510615,60,2023-01-24,39,True
2154,522698,572,2025-09-19,59,False
2155,522698,841,2023-02-18,71,True
2156,503316,3051,2022-12-06,81,True
2157,516278,1153,2025-12-04,9,True
2158,517113,2522,2022-08-25,30,False
2159,509251,4999,2023-02-12,56,False
2160,510422,4963,2024-12-17,79,True
2161,500665,1000,2023-01-06,43,False
2162,516572,4710,2024-12-05,71,False
2163,516572,3294,2026-06-16,7,True
2164,515958,873,2022-07-21,36,False
2165,515483,2585,2025-06-30,47,False
2166,517802,2883,2024-01-25,39,False
2167,510045,2381,2023-10-13,12,True
2168,502209,299,2022-08-23,25,False
2169,500564,4407,2025-05-31,22,False
2170,500564,5000,2026-02-24,17,False
2171,504708,3688,2026-05-07,45,True
2172,504708,1479,2023-03-23,54,True
2173,513124,3849,2024-11-13,54,False
2174,513124,2039,2024-09-13,45,False
2175,517465,2249,2025-03-12,82,True
2176,517465,2226,2027-01-08,25,False
2177,512456,3641,2024-01-07,1,False
2178,512456,1710,2025-04-13,89,False
2179,512456,677,2025-05-29,34,True
2180,506519,2709,2026-10-08,57,False
2181,509899,2007,2026-04-29,50,True
2182,516366,3389,2022-09-25,19,True
2183,516402,2783,2024-01-31,7,True
2184,516402,975,2026-10-26,27,True
2185,520039,4723,2023-12-16,54,False
2186,520039,1405,2024-08-31,88,False
2187,520039,4527,2026-02-03,83,False
2188,517714,1201,2023-10-23,2,False
2189,522365,523,2026-07-21,88,True
2190,508857,916,2024-01-11,83,False
2191,509420,3858,2025-04-09,46,False
2192,500327,237,2022-03-18,83,True
2193,500327,2897,2023-07-23,50,True
2194,504086,1008,2022-08-26,78,True
2195,517285,2304,2026-10-23,69,False
2196,517285,59,2025-08-13,82,False
2197,514815,2582,2025-07-08,33,True
2198,514815,433,2024-06-14,3,False
2199,520939,3929,2025-09-10,52,False
2200,512554,2795,2023-08-27,56,True
2201,512554,4789,2026-05-22,35,True
2202,512554,4612,2025-05-21,35,False
2203,500689,4051,2023-08-31,77,False
2204,505461,1849,2025-06-15,1,True
2205,505461,691,2024-12-09,53,False
2206,524418,2707,2023-04-13,59,False
2207,524418,1977,2026-11-14,53,False
2208,516619,23,2025-12-15,90,False
2209,512404,1681,2024-03-23,46,True
2210,504476,4662,2024-12-07,52,True
2211,517990,1864,2024-12-04,35,True
2212,520790,2013,2025-03-09,71,True
2213,515422,1914,2024-04-16,50,False
2214,505218,3556,2026-01-24,37,False
2215,501528,3963,2022-05-27,41,True
2216,501528,2449,2025-12-07,37,False
2217,501528,2985,2026-06-09,64,True
2218,506511,4878,2023-05-06,8,False
2219,504978,1222,2022-09-14,45,True
2220,504978,3535,2023-01-11,11,True
2221,522139,1346,2026-06-16,25,False
2222,514963,94,2025-07-07,6,False
2223,513154,2833,2022-07-14,79,True
2224,513154,1509,2024-04-13,86,True
2225,513154,243,2023-12-25,38,True
2226,503422,4751,2023-11-24,80,True
2227,503422,2875,2023-04-29,32,False
2228,518968,1568,2025-04-23,69,True
2229,516000,4163,2024-11-04,50,False
2230,524224,2545,2023-06-25,10,True
2231,518484,742,2025-12-30,61,False
2232,501434,614,2026-06-22,48,False
2233,501434,2345,2022-10-01,82,True
2234,512094,3670,2022-07-25,90,True
2235,502773,1251,2022-08-20,75,False
2236,502773,1883,2025-12-24,84,True
2237,502773,3920,2026-02-12,31,False
2238,518907,4951,2022-02-12,39,True
2239,506931,265,2023-09-23,70,True
2240,506931,755,2026-12-18,31,True
2241,510379,4331,2024-12-17,47,True
2242,505663,4734,2022-02-01,61,True
2243,505663,3869,2026-06-15,38,True
2244,506053,4206,2023-11-22,3,False
2245,516471,433,2024-06-26,90,False
2246,500743,1927,2025-05-01,75,True
2247,517282,1514,2026-08-22,74,False
2248,517979,3332,2022-08-05,79,False
2249,503074,1762,2023-07-24,55,False
2250,503074,1229,2026-12-30,83,False
2251,520906,685,2025-08-04,18,True
2252,501394,4516,2026-05-18,60,False
2253,501394,497,2025-12-18,25,True
2254,514396,1504,2023-08-03,28,True
2255,514396,1404,2025-06-08,53,False
2256,507192,4946,2022-05-26,77,False
2257,516947,314,2023-01-22,50,False
2258,516947,2673,2026-10-02,27,True
2259,515904,3061,2025-10-29,40,False
2260,520012,3128,2022-03-30,2,False
2261,519853,3880,2024-09-11,72,False
2262,515908,4494,2023-05-20,88,True
2263,500908,1668,2026-11-18,10,False
2264,500908,2914,2025-09-15,80,True
2265,522651,1291,2024-10-21,56,False
2266,522651,2335,2025-02-15,51,True
2267,522651,3356,2024-09-20,72,True
2268,504105,365,2022-07-27,44,False
2269,504105,1680,2022-01-03,14,True
2270,518825,3184,2026-04-03,83,False
2271,518825,3493,2025-02-27,66,True
2272,520855,1415,2026-03-04,11,False
2273,515309,1009,2024-01-31,87,False
2274,513239,193,2025-09-26,5,True
2275,513239,1941,2025-07-14,36,False
2276,511394,3948,2025-10-02,14,False
2277,504485,2241,2024-09-06,89,False
2278,508937,3096,2026-04-30,4,True
2279,510783,577,2024-07-30,84,True
2280,523278,4012,2022-07-15,90,False
2281,523278,4129,2023-01-21,83,True
2282,523278,4592,2022-10-14,88,True
2283,506778,4585,2024-04-20,33,True
2284,506778,764,2025-10-21,74,False
2285,524460,1850,2023-12-04,41,False
2286,524460,1635,2026-10-29,87,True
2287,502426,1040,2026-02-15,69,False
2288,502426,1037,2025-07-04,65,False
2289,510357,3821,2022-10-04,70,True
2290,510357,4948,2025-07-16,7,False
2291,515430,3431,2024-02-12,32,False
2292,524684,4476,2022-11-17,52,True
2293,509280,3145,2023-03-13,87,True
2294,514945,3270,2023-08-11,28,True
2295,514945,2167,2025-01-31,36,True
2296,501216,1921,2022-09-15,68,False
2297,509758,3856,2025-08-13,78,True
2298,509758,1460,2025-02-01,48,True
2299,505457,1847,2026-08-10,74,False
2300,505457,1961,2022-07-26,30,False
2301,514078,4837,2026-10-22,16,False
2302,516177,1061,2023-12-12,51,False
2303,508617,3919,2025-03-23,38,False
2304,508617,4450,2025-09-26,31,True
2305,503257,1366,2026-08-24,34,True
2306,503257,4926,2022-04-24,7,False
2307,500857,4673,2023-06-16,4,True
2308,500857,2047,2025-03-27,75,False
2309,501927,1562,2025-08-16,62,True
2310,507140,433,2024-06-11,38,True
2311,515050,3359,2024-07-29,22,False
2312,523032,2850,2022-10-23,20,False
2313,504880,4344,2026-11-18,67,False
2314,523249,3467,2022-06-20,13,False
2315,500045,666,2024-03-30,41,False
2316,514385,153,2024-07-20,53,False
2317,522191,2506,2025-11-22,10,True
2318,522191,4873,2022-07-11,46,True
2319,509743,4235,2024-06-24,36,False
2320,520283,4274,2023-07-26,41,False
2321,500586,1188,2025-08-20,68,False
2322,505659,107,2026-05-10,34,True
2323,522542,4080,2024-12-30,46,True
2324,522542,4670,2023-10-29,46,True
2325,522542,1395,2024-07-14,36,True
2326,517870,2704,2022-04-01,10,True
2327,517870,708,2024-12-22,5,False
2328,517870,3124,2024-06-16,16,False
2329,515492,1330,2026-05-10,32,False
2330,515492,62,2023-06-13,23,False
2331,510715,3115,2022-03-29,20,True
2332,514875,1328,2023-10-15,62,False
2333,520721,4973,2024-03-14,23,True
2334,502648,1814,2026-03-25,8,True
2335,521935,422,2026-02-22,54,True
2336,522245,1852,2025-11-17,38,True
2337,522245,4788,2022-12-09,58,False
2338,505888,2351,2023-07-09,54,True
2339,502885,4123,2023-05-07,19,True
2340,514734,3900,2024-03-16,43,True
2341,512977,723,2023-05-03,35,False
2342,501367,350,2025-10-27,85,True
2343,506914,3236,2026-08-21,49,True
2344,506914,2142,2026-04-05,5,True
2345,517660,760,2023-01-14,32,True
2346,521893,3124,2024-06-21,73,True
2347,521893,1607,2022-10-23,62,True
2348,501066,2200,2024-08-31,4,False
2349,501066,3785,2026-08-31,49,False
2350,501066,1917,2025-04-04,44,False
2351,513173,4770,2026-01-16,13,True
2352,513173,527,2026-12-06,63,False
2353,524332,2922,2025-01-07,11,True
2354,524332,4351,2023-09-25,48,True
2355,524332,4862,2026-02-09,35,False
2356,504166,3319,2024-02-02,77,False
2357,522266,3370,2026-07-31,30,True
2358,522266,4639,2024-08-25,71,True
2359,518466,2060,2022-05-27,41,False
2360,524408,4836,2027-01-04,26,False
2361,523197,825,2025-11-27,82,False
2362,523197,2913,2023-08-22,89,True
2363,519430,3489,2026-11-23,15,True
2364,502930,4575,2022-06-26,28,False
2365,502930,2919,2026-02-20,48,True
2366,507218,2480,2023-03-06,85,True
2367,507218,3938,2024-11-22,40,False
2368,514609,4253,2023-11-05,79,False
2369,514609,444,2023-02-09,69,True
2370,521701,2676,2023-09-29,40,True
2371,521701,396,2025-12-27,62,False
2372,504956,1282,2024-07-17,8,False
2373,502021,2058,2026-11-12,89,True
2374,520474,4193,2026-03-29,89,True
2375,500906,3876,2023-05-28,55,True
2376,508294,66,2025-03-24,65,True
2377,524795,2460,2022-09-01,82,False
2378,524795,4198,2023-09-03,20,True
2379,524795,4445,2026-07-07,73,True
2380,507268,303,2025-07-05,55,False
2381,509872,1321,2025-02-23,86,False
2382,503065,2821,2026-08-19,7,True
2383,522412,2789,2025-06-17,43,False
2384,522412,2051,2022-06-26,32,True
2385,514741,3650,2022-12-28,38,True
2386,515962,2068,2026-11-20,26,True
2387,510428,3223,2024-09-24,88,False
2388,510428,1665,2023-07-10,32,False
2389,508234,1057,2026-01-07,12,True
2390,511593,107,2026-05-28,88,True
2391,511593,1301,2024-09-18,2,False
2392,521558,45,2024-04-29,27,True
2393,514640,2392,2024-09-13,23,False
2394,509510,4033,2026-06-15,58,False
2395,517740,145,2022-07-05,81,False
2396,517740,3199,2023-12-03,28,True
2397,513439,4651,2024-11-27,29,False
2398,514713,2227,2023-02-22,53,False
2399,501813,2115,2026-01-10,20,False
2400,501813,1669,2024-10-01,45,True
2401,501789,2773,2023-09-11,56,True
2402,500730,351,2022-01-05,37,False
2403,500730,4216,2022-03-06,72,True
2404,500314,2314,2023-04-06,6,True
2405,500314,1023,2023-11-24,43,False
2406,512618,3572,2024-05-06,90,True
2407,510355,4087,2024-05-17,55,False
2408,510355,1053,2024-01-08,55,False
2409,512386,3701,2022-07-10,72,True
2410,502948,186,2025-09-11,78,True
2411,510183,1076,2025-09-22,37,True
2412,523022,2846,2022-04-27,51,False
2413,504470,4106,2025-08-04,20,True
2414,519428,3495,2023-09-25,11,False
2415,519428,1034,2026-02-07,69,False
2416,519846,3343,2024-12-04,52,True
2417,519846,1152,2026-04-30,69,True
2418,521691,2827,2022-04-29,10,False
2419,521691,4609,2024-09-08,36,True
2420,506701,2843,2024-06-25,58,False
2421,506701,4246,2023-09-07,35,False
2422,524483,3923,2023-11-28,62,True
2423,512316,3882,2023-04-28,74,True
2424,511189,533,2026-05-22,6,False
2425,511189,2451,2022-03-02,80,True
2426,501312,4347,2026-10-21,66,True
2427,501312,693,2022-05-16,39,False
2428,506776,3543,2024-11-13,30,False
2429,506776,3350,2024-05-03,39,False
2430,506754,653,2023-11-06,51,True
2431,506754,2547,2027-01-09,85,True
2432,518702,881,2025-09-09,60,False
2433,505437,4434,2023-08-31,60,False
2434,505437,2741,2023-08-07,31,False
2435,514453,52,2026-12-30,30,True
2436,514453,3723,2023-02-20,44,False
2437,514453,815,2022-02-26,1,True
2438,514453,2855,2026-02-24,45,False
2439,518321,4681,2023-12-08,28,False
2440,518321,4261,2024-02-07,26,False
2441,518321,4822,2024-12-19,79,True
2442,512458,3117,2025-01-15,15,False
2443,502859,3527,2023-09-08,16,False
2444,502859,3649,2023-12-07,46,False
2445,504592,1014,2022-10-28,29,True
2446,502535,160,2023-11-18,76,False
2447,502535,3,2026-09-17,55,False
2448,504570,1995,2025-03-26,21,True
2449,510510,2675,2023-10-01,42,True
2450,509740,1268,2023-10-17,36,False
2451,507923,4231,2026-12-27,35,True
2452,522608,1118,2023-02-11,1,True
2453,515323,1569,2025-03-23,48,False
2454,505864,1779,2022-07-06,16,True
2455,510060,3058,2025-04-24,15,True
2456,510060,3469,2026-06-21,35,False
2457,509186,4061,2026-08-04,37,True
2458,509186,68,2023-11-22,53,True
2459,509186,1214,2025-01-21,43,True
2460,509799,3977,2026-07-29,7,False
2461,515799,2478,2025-05-05,17,True
2462,515799,1554,2022-11-23,75,True
2463,505002,3910,2023-09-05,31,False
2464,520426,138,2025-11-15,35,True
2465,511612,3630,2026-10-12,1,False
2466,514515,923,2025-10-21,36,True
2467,514515,2468,2025-01-31,60,False
2468,516208,3874,2023-11-01,82,False
2469,516208,3616,2026-12-05,56,False
2470,516208,3700,2023-03-30,87,True
2471,519433,2589,2022-09-02,59,True
2472,517841,1486,2025-02-02,24,False
2473,517841,2271,2022-01-27,34,True
2474,517841,2081,2025-09-30,11,True
2475,524305,3096,2026-04-26,9,False
2476,524240,3666,2023-11-28,56,True
2477,521485,4313,2024-11-01,75,True
2478,521485,2966,2022-06-25,56,False
2479,521485,3821,2022-09-24,37,False
2480,517540,1641,2025-05-12,60,False
2481,517540,2639,2024-05-02,8,False
2482,510134,1509,2024-04-19,28,True
2483,510134,838,2025-01-21,68,True
2484,524728,3505,2024-07-16,28,True
2485,524728,1497,2024-10-09,48,False
2486,524728,1777,2026-12-19,83,True
2487,514614,2177,2025-06-19,85,False
2488,511012,2073,2026-01-28,31,True
2489,512368,3049,2024-11-23,25,False
2490,521247,2966,2022-07-04,38,True
2491,500899,4231,2026-12-10,85,True
2492,500899,4746,2022-03-31,54,False
2493,511308,1736,2023-05-12,48,True
2494,518785,2929,2024-08-26,50,True
2495,518785,3306,2022-07-06,19,True
2496,512195,3391,2023-06-07,59,False
2497,512195,3502,2023-11-28,25,False
2498,512195,1315,2024-12-16,31,False
2499,519041,2645,2023-04-27,45,True
2500,506203,4594,2025-07-07,58,True
2501,516401,4545,2022-01-27,74,True
2502,524255,4744,2026-05-21,53,False
2503,524255,2258,2025-01-27,29,False
2504,518121,2250,2023-02-22,36,False
2505,518121,3495,2023-09-19,10,False
2506,511124,4758,2025-07-19,88,True
2507,517216,721,2023-02-15,90,True
2508,512439,671,2026-05-29,36,False
2509,512439,1601,2024-07-25,60,True
2510,504126,147,2025-06-17,67,True
2511,505484,4835,2025-02-17,13,False
2512,507592,3755,2025-06-18,16,True
2513,508764,3287,2023-04-18,77,False
2514,508764,1761,2022-06-04,80,False
2515,508764,275,2025-05-11,9,False
2516,521113,4124,2022-05-20,53,False
2517,523639,3365,2026-01-29,5,True
2518,523639,2739,2024-09-03,79,True
2519,523639,4229,2026-04-28,75,False
2520,523639,4891,2023-11-12,79,False
2521,523639,507,2023-01-24,64,False
2522,502699,17,2025-04-12,22,True
2523,502699,4554,2026-04-04,47,False
2524,502096,973,2025-10-03,32,False
2525,502096,1682,2025-02-27,42,True
2526,522433,1628,2022-09-10,37,False
2527,506689,483,2023-10-11,53,True
2528,506689,2818,2024-09-07,70,False
2529,514863,251,2022-12-30,90,False
2530,504394,3755,2025-07-08,90,False
2531,504394,4727,2022-04-07,18,False
2532,506015,2538,2026-09-12,32,True
2533,506015,554,2026-02-03,2,True
2534,506015,576,2026-06-15,22,True
2535,516304,3652,2026-10-23,49,False
2536,506593,2877,2025-12-10,23,False
2537,508199,1197,2022-11-10,27,True
2538,523234,3468,2022-09-05,44,True
2539,521158,1013,2023-05-03,15,False
2540,500981,3585,2024-06-23,59,False
2541,514072,2381,2023-09-29,36,True
2542,501881,2383,2022-03-11,88,True
2543,514574,305,2025-03-28,52,True
2544,502708,3757,2026-11-28,24,False
2545,502708,3143,2026-06-25,68,True
2546,502708,1572,2022-12-07,9,False
2547,502708,849,2023-11-30,20,True
2548,515462,2722,2025-06-09,37,True
2549,515462,4062,2025-08-09,34,True
2550,522848,4483,2026-01-19,63,True
2551,505141,1469,2025-12-06,66,False
2552,505141,2113,2024-11-30,3,True
2553,521067,3545,2025-06-17,4,False
2554,521067,1392,2024-05-31,32,False
2555,508029,2220,2022-01-23,46,False
2556,519267,4832,2024-10-17,81,False
2557,512351,294,2023-12-09,82,False
2558,509858,129,2026-07-02,33,True
2559,501319,2012,2025-10-22,56,False
2560,501319,4333,2023-04-29,49,True
2561,516422,3067,2026-03-25,33,False
2562,507822,2272,2026-11-22,49,False
2563,507822,476,2024-01-20,19,False
2564,517760,2467,2025-07-26,43,True
2565,515101,2741,2023-09-01,68,True
2566,515101,262,2026-06-29,41,False
2567,502002,3626,2026-06-12,15,True
2568,500312,4636,2022-02-18,14,False
2569,518511,3050,2024-09-03,58,False
2570,500058,3339,2024-10-16,15,False
2571,500058,4964,2023-03-16,70,False
2572,515165,1493,2022-01-25,45,True
2573,515165,747,2024-04-19,14,False
2574,508727,369,2023-01-21,29,True
2575,522399,2552,2023-06-02,21,True
2576,522399,2709,2026-10-03,44,False
2577,522399,3992,2023-12-26,22,True
2578,501535,4163,2024-10-29,27,False
2579,501535,3453,2024-12-23,31,False
2580,501535,2805,2024-03-05,89,False
2581,522811,2456,2024-10-09,68,True
2582,511784,4927,2023-09-04,8,True
2583,511784,470,2026-01-06,71,True
2584,511784,1419,2023-02-09,8,True
2585,510979,1726,2023-05-26,62,True
2586,510979,3727,2024-08-13,23,True
2587,514510,1678,2026-09-14,11,True
2588,514510,2863,2026-07-14,24,False
2589,517230,198,2026-01-14,55,False
2590,508293,928,2026-08-31,55,True
2591,504044,4956,2026-03-14,77,False
2592,504345,3218,2026-08-27,76,False
2593,509947,4934,2022-10-12,10,False
2594,509947,1964,2025-01-18,51,True
2595,500885,1022,2023-09-26,72,True
2596,522761,2181,2023-01-06,21,False
2597,522761,3218,2026-08-14,13,False
2598,505380,2120,2022-04-03,73,False
2599,519144,2352,2022-11-15,14,True
2600,519144,3385,2026-10-06,6,True
2601,508919,731,2024-12-11,67,False
2602,500323,3126,2022-08-17,31,True
2603,512344,4131,2026-11-15,62,False
2604,523142,1315,2024-12-25,69,False
2605,508471,517,2023-06-01,23,True
2606,517618,4326,2024-03-08,20,False
2607,507047,2873,2026-04-24,24,True
2608,500736,159,2025-01-08,68,False
2609,504743,443,2024-09-20,85,True
2610,506706,709,2025-05-25,50,True
2611,508517,4184,2026-01-07,55,True
2612,503363,3681,2022-06-27,61,False
2613,519452,65,2025-11-17,35,True
2614,506718,885,2026-07-25,13,False
2615,503735,730,2024-07-07,2,True
2616,514164,2103,2026-01-08,51,False
2617,508426,4384,2023-01-04,73,True
2618,508426,1373,2023-11-06,75,True
2619,502646,3197,2026-12-23,33,True
2620,502646,365,2022-07-18,82,False
2621,511777,1680,2022-01-15,63,True
2622,511777,4047,2026-11-24,21,False
2623,510988,1829,2025-02-26,26,True
2624,510988,2350,2025-05-03,52,False
2625,516198,736,2025-02-24,87,False
2626,519242,1827,2023-12-09,22,True
2627,519242,4077,2022-08-30,28,True
2628,519242,1779,2022-06-16,15,True
2629,513899,2167,2025-02-06,89,False
2630,513899,2172,2022-12-17,79,False
2631,508351,671,2026-06-07,72,True
2632,508351,477,2022-02-14,35,False
2633,515334,1097,2022-02-01,76,True
2634,520534,3838,2025-06-18,78,True
2635,520534,3948,2025-10-04,71,True
2636,508822,4292,2022-03-25,90,False
2637,518900,3582,2024-04-03,46,True
2638,518900,3525,2022-12-29,46,False
2639,518910,1318,2026-08-30,82,True
2640,517496,2077,2023-10-13,33,False
2641,517496,89,2025-05-02,82,True
2642,505184,2359,2026-11-05,50,False
2643,522230,4504,2024-10-05,25,False
2644,522713,488,2025-07-10,15,False
2645,522713,4322,2022-03-01,50,True
2646,500492,3423,2023-10-12,67,True
2647,500386,4373,2024-11-03,14,False
2648,507503,3015,2024-04-14,75,True
2649,515265,2864,2026-05-08,90,False
2650,515265,2042,2026-11-12,41,False
2651,513364,2114,2025-11-06,35,True
2652,503508,455,2022-06-05,88,False
2653,501283,1070,2024-05-05,8,False
2654,518964,2556,2024-06-01,40,True
2655,518964,1608,2022-08-17,70,False
2656,502555,2670,2023-04-20,10,False
2657,512499,3697,2024-04-26,74,False
2658,512499,2869,2024-09-01,57,False
2659,512499,3674,2022-04-27,64,False
2660,513594,1202,2025-10-17,90,True
2661,501357,212,2024-09-22,14,True
2662,517081,3858,2025-04-05,20,False
2663,504950,3208,2022-02-07,78,True
2664,502253,4414,2022-06-08,38,False
2665,502253,1682,2025-03-26,6,False
2666,518695,3661,2026-08-19,23,True
2667,518695,3856,2025-08-31,77,True
2668,521807,4786,2026-07-31,42,True
2669,516168,4879,2024-11-23,40,True
2670,516168,652,2023-07-02,49,True
2671,516168,378,2025-08-24,81,False
2672,517121,2918,2023-07-19,39,False
2673,507949,1862,2025-07-09,53,False
2674,521566,2668,2025-05-10,72,False
2675,508942,4306,2024-10-06,18,True
2676,520159,1126,2023-02-15,83,False
2677,509003,3044,2023-10-30,46,True
2678,516580,431,2023-09-03,48,True
2679,516580,4525,2025-12-09,4,False
2680,520832,4026,2023-11-29,50,False
2681,514635,845,2022-12-19,33,False
2682,514635,235,2023-06-02,30,True
2683,514635,1401,2022-09-05,76,False
2684,521803,4327,2024-03-09,83,True
2685,521803,4398,2024-09-30,53,True
2686,521803,2915,2023-03-10,40,False
2687,515950,3121,2023-02-20,49,False
2688,511216,769,2023-09-18,42,False
2689,511216,4741,2023-05-13,19,False
2690,511216,3541,2026-10-02,39,True
2691,510912,241,2025-06-22,13,True
2692,517791,2066,2024-04-11,70,True
2693,512504,4709,2026-11-02,54,False
2694,519068,3421,2027-01-03,53,True
2695,515672,4950,2023-03-25,65,False
2696,515672,2975,2022-06-21,42,True
2697,511702,870,2025-04-25,81,True
2698,511702,210,2022-02-22,79,True
2699,511702,2461,2024-04-16,30,True
2700,518305,2608,2025-03-23,58,False
2701,518305,796,2025-07-07,17,False
2702,524891,1297,2024-12-03,53,False
2703,515320,4308,2024-09-04,2,False
2704,524583,4523,2022-11-26,5,True
2705,514067,1999,2025-03-20,76,True
2706,514067,29,2024-01-24,41,False
2707,514067,3410,2026-10-05,32,True
2708,514067,935,2023-10-12,76,False
2709,510133,154,2022-11-08,51,True
2710,510133,1357,2026-10-16,77,True
2711,524898,2232,2025-09-03,58,True
2712,524898,3545,2025-07-03,7,True
2713,524198,4197,2022-09-16,52,True
2714,524198,3848,2025-03-16,75,False
2715,524198,3654,2025-11-17,52,True
2716,521132,2397,2024-07-02,69,True
2717,521132,3307,2023-07-21,8,True
2718,521132,3549,2024-07-12,77,False
2719,521170,232,2024-03-08,73,False
2720,520770,2017,2022-11-06,60,False
2721,523302,4090,2024-11-14,65,True
2722,523302,2720,2022-10-09,53,True
2723,518168,1526,2025-06-23,36,False
2724,518168,1055,2024-08-26,36,False
2725,519632,4117,2024-10-12,61,False
2726,505332,3538,2027-01-10,58,False
2727,505332,1876,2024-05-04,88,True
2728,505313,1022,2023-10-20,47,True
2729,505313,4589,2025-04-27,44,True
2730,519218,1178,2026-05-27,49,False
2731,503384,149,2026-09-20,29,False
2732,501277,4925,2025-10-21,7,False
2733,505733,2483,2027-01-15,40,False
2734,506905,3108,2024-03-29,67,False
2735,506905,2276,2025-05-24,78,False
2736,506707,25,2025-11-03,86,True
2737,506707,534,2024-10-03,44,True
2738,506707,1385,2023-05-15,65,False
2739,504480,2658,2022-06-11,49,True
2740,523615,4082,2026-03-21,29,True
2741,523615,3073,2024-06-30,46,False
2742,503319,3752,2026-10-11,26,False
2743,503319,4485,2024-08-15,69,False
2744,509996,2960,2025-10-11,18,True
2745,512800,567,2026-01-26,73,False
2746,512800,52,2026-12-07,65,True
2747,513745,132,2022-12-26,39,False
2748,513745,591,2023-07-25,87,False
2749,513745,1634,2025-11-08,16,True
2750,520891,3221,2025-05-03,30,True
2751,520891,3278,2025-10-16,66,False
2752,517768,3878,2022-02-19,57,True
2753,517768,1018,2025-05-20,34,True
2754,517768,2880,2027-01-18,54,False
2755,517768,115,2026-02-24,51,False
2756,517487,3093,2026-06-22,53,True
2757,501454,3471,2025-03-01,60,True
2758,502333,407,2024-07-05,39,True
2759,502333,1573,2026-01-20,58,False
2760,517936,78,2023-05-31,32,True
2761,517936,3390,2024-10-01,78,False
2762,524580,3640,2022-06-06,34,True
2763,515289,819,2022-10-08,82,False
2764,500669,946,2022-08-26,82,True
2765,522233,1387,2025-06-09,28,True
2766,511459,3030,2023-06-08,73,True
2767,516046,1780,2024-11-10,42,False
2768,520476,2412,2024-07-23,19,False
2769,505395,1512,2022-10-14,26,True
2770,504835,3264,2023-11-18,20,True
2771,504835,3962,2023-11-17,47,True
2772,504835,3607,2025-04-08,35,False
2773,513787,2453,2022-10-17,44,False
2774,513787,850,2023-10-14,77,False
2775,513787,490,2026-11-27,22,True
2776,516316,1839,2026-10-09,24,False
2777,502394,2586,2025-03-23,61,True
2778,512926,2172,2022-12-31,88,False
2779,512926,1832,2026-10-28,32,False
2780,507468,791,2024-09-23,53,False
2781,507468,2900,2025-07-02,83,False
2782,507468,3330,2023-12-17,15,True
2783,509906,120,2023-03-30,28,False
2784,523599,1367,2026-02-15,6,False
2785,518377,2895,2025-10-03,45,False
2786,513540,302,2026-05-21,60,False
2787,524764,1744,2023-12-27,9,True
2788,524764,335,2023-04-03,30,True
2789,522830,3227,2026-03-15,54,True
2790,521656,3383,2023-03-29,78,False
2791,511609,991,2025-10-09,1,True
2792,511609,4179,2024-06-23,19,True
2793,513511,443,2024-09-25,77,True
2794,513511,140,2023-11-13,19,False
2795,513511,4728,2023-12-22,84,True
2796,510020,1225,2023-03-22,52,True
2797,505199,1813,2024-05-14,6,True
2798,522136,4552,2024-03-23,28,True
2799,513448,3068,2023-09-22,20,True
2800,515327,2373,2025-05-31,45,True
2801,512021,2817,2024-05-14,31,True
2802,522417,110,2024-06-11,14,True
2803,521303,4071,2022-06-09,2,False
2804,521303,1927,2025-04-30,74,True
2805,507909,4051,2023-08-31,59,False
2806,520491,1693,2026-05-30,19,False
2807,504192,3576,2026-01-29,88,True
2808,503861,4552,2024-03-18,2,False
2809,517831,3454,2024-09-07,83,True
2810,517831,4329,2024-06-17,37,False
2811,512194,1924,2022-04-06,90,False
2812,518261,4849,2022-07-03,1,True
2813,518261,4278,2026-11-15,9,False
2814,518261,4153,2024-05-09,51,True
2815,518261,1492,2026-04-20,41,False
2816,523941,1862,2025-07-04,11,True
2817,516418,4782,2026-10-14,65,True
2818,500709,3686,2022-10-24,47,True
2819,500709,4157,2022-11-20,73,True
2820,510220,4332,2022-02-28,9,False
2821,510220,2325,2023-01-12,90,True
2822,521606,3622,2024-03-02,26,True
2823,521606,60,2023-02-15,52,True
2824,510632,1207,2025-04-06,64,True
2825,508399,2030,2025-08-15,27,False
2826,505576,1870,2025-12-10,7,False
2827,505576,4878,2023-05-01,34,False
2828,522961,1137,2026-02-19,44,False
2829,505876,3013,2025-11-26,58,True
2830,504236,1603,2024-02-11,62,False
2831,523457,413,2025-12-05,72,False
2832,512170,2657,2025-06-10,26,True
2833,512170,2125,2026-12-11,73,False
2834,512170,2105,2023-01-01,9,True
2835,511519,3940,2022-04-15,59,False
2836,511519,4774,2025-09-08,66,False
2837,524792,4462,2023-04-07,25,True
2838,506389,2155,2025-12-10,6,True
2839,510040,3059,2024-02-22,38,True
2840,515992,2112,2022-02-13,79,True
2841,515992,4530,2025-04-17,12,True
2842,518442,2178,2026-09-11,6,True
2843,518442,2165,2025-04-15,66,True
2844,518442,4216,2022-03-29,5,True
2845,512995,2743,2024-03-28,79,False
2846,512995,2882,2026-04-30,69,True
2847,513885,1287,2025-01-02,57,True
2848,513885,2336,2025-01-26,78,True
2849,500702,3943,2022-12-15,59,False
2850,500702,3698,2022-08-06,54,False
2851,515944,864,2024-09-22,1,True
2852,519027,995,2024-07-01,23,True
2853,517446,4309,2026-03-01,75,True
2854,517446,3339,2024-10-17,42,False
2855,508311,1402,2025-06-14,20,True
2856,516598,526,2023-05-16,22,True
2857,501982,3530,2026-10-03,11,False
2858,504547,4427,2026-03-14,11,True
2859,504547,3400,2022-04-09,36,True
2860,522838,338,2022-04-06,79,True
2861,522838,2153,2022-01-31,83,True
2862,522838,4008,2025-02-08,63,False
2863,519272,224,2024-03-23,28,True
2864,508576,4464,2026-02-21,72,False
2865,510905,3664,2025-03-06,24,True
2866,510147,2997,2025-07-31,41,True
2867,516774,4585,2024-04-14,62,False
2868,519500,707,2025-12-08,36,True
2869,523441,2873,2026-04-17,20,False
2870,507331,3936,2025-01-02,36,False
2871,507331,2029,2025-03-09,38,False
2872,512610,4076,2025-03-19,56,True
2873,512610,4109,2026-03-07,63,False
2874,507656,3468,2022-08-27,9,True
2875,512383,3049,2024-11-27,32,False
2876,520309,4109,2026-03-25,18,True
2877,512155,2180,2024-01-16,3,True
2878,512155,4831,2025-08-07,65,False
2879,514817,2531,2024-11-13,74,True
2880,501225,1892,2026-06-11,44,True
2881,501225,83,2026-03-17,59,False
2882,501225,1088,2022-01-16,90,False
2883,509170,4375,2023-07-31,64,False
2884,514696,4797,2025-12-06,32,True
2885,514696,4807,2024-02-20,30,False
2886,516997,3654,2025-11-20,14,True
2887,516997,1474,2022-10-22,15,False
2888,500346,1789,2026-06-05,3,True
2889,500346,106,2023-10-25,18,True
2890,514989,2838,2023-04-05,18,False
2891,514989,1119,2026-01-11,46,False
2892,509881,3916,2025-10-07,43,True
2893,509881,559,2026-06-13,20,True
2894,506847,3168,2022-07-28,42,True
2895,506847,1627,2023-06-11,77,True
2896,519419,516,2025-01-22,46,False
2897,519640,3919,2025-03-26,89,False
2898,513737,158,2025-08-05,34,False
2899,506146,357,2025-03-13,70,True
2900,506146,714,2022-07-07,83,False
2901,505505,407,2024-06-30,46,True
2902,517776,1368,2022-09-26,32,True
2903,523419,2271,2022-01-21,89,False
2904,523419,3583,2024-06-11,22,True
2905,512185,3045,2025-02-18,43,False
2906,510944,2203,2026-01-13,43,True
2907,509682,2537,2025-04-19,36,True
2908,524071,4040,2024-12-11,78,False
2909,515256,954,2026-05-25,84,False
2910,510312,2757,2025-10-03,54,True
2911,503738,778,2026-11-21,72,True
2912,505764,1964,2025-01-06,53,False
2913,505764,2417,2023-03-27,13,True
2914,502324,3523,2026-02-27,27,False
2915,502324,3052,2024-06-27,5,True
2916,503947,1931,2023-10-23,18,False
2917,503947,3347,2022-12-25,75,True
2918,512098,3737,2022-06-09,61,False
2919,519849,2159,2026-07-25,61,False
2920,505717,1218,2023-06-03,6,True
2921,522192,4977,2024-03-04,39,False
2922,518166,670,2022-04-06,55,True
2923,501892,525,2023-04-03,90,False
2924,501892,295,2026-02-21,17,True
2925,505598,2088,2024-10-26,72,True
2926,507648,1300,2023-08-20,57,True
2927,523270,4783,2023-04-19,85,True
2928,520898,1732,2024-08-28,65,True
2929,506423,3664,2025-03-09,78,True
2930,506423,109,2024-01-22,58,True
2931,505571,534,2024-09-24,2,True
2932,509621,4569,2026-07-01,33,True
2933,523087,615,2025-12-07,10,False
2934,516319,870,2025-05-14,59,True
2935,516319,4036,2026-12-26,44,False
2936,518327,1141,2024-09-25,37,True
2937,508166,4511,2026-07-23,20,True
2938,512703,4958,2026-09-03,1,True
2939,512703,346,2026-07-24,81,True
2940,500617,4488,2024-03-02,69,True
2941,500617,4814,2025-05-13,19,False
2942,500617,2885,2022-08-25,7,False
2943,517055,4736,2022-04-21,70,False
2944,501902,4193,2026-03-19,1,False
2945,518613,3959,2026-08-31,7,True
2946,509238,272,2022-02-22,61,False
2947,507725,1148,2024-04-06,24,True
2948,520679,2581,2026-07-08,46,False
2949,520679,3171,2026-12-27,32,True
2950,520679,2496,2026-10-08,15,False
2951,501232,3338,2026-09-06,17,True
2952,501232,3832,2023-01-16,75,False
2953,501232,4902,2023-08-14,10,False
2954,501232,3547,2022-06-18,59,False
2955,502082,788,2023-04-18,16,False
2956,515068,4098,2023-12-31,12,True
2957,515401,915,2023-09-17,30,True
2958,507370,4048,2024-03-02,69,False
2959,507370,1293,2026-02-05,74,True
2960,524135,3962,2023-12-10,32,True
2961,524135,4936,2022-06-06,73,True
2962,519822,2776,2025-10-12,57,True
2963,519822,4530,2025-04-02,49,True
2964,502863,2444,2022-04-26,25,True
2965,502863,1001,2023-12-11,62,False
2966,504986,389,2024-07-01,5,False
2967,516265,1618,2024-01-31,50,False
2968,509935,942,2024-01-29,55,False
2969,521669,2933,2023-10-14,87,True
2970,521669,2380,2022-01-18,63,False
2971,506425,4585,2024-04-07,89,False
2972,501688,916,2024-01-16,41,False
2973,520388,4479,2025-01-04,22,True
2974,517649,950,2023-11-06,63,True
2975,500176,4149,2025-08-29,9,False
2976,500176,4506,2024-01-25,33,False
2977,502618,282,2023-01-03,60,True
2978,521430,1846,2025-05-24,56,False
2979,521430,3724,2026-12-15,63,True
2980,503726,2751,2022-09-07,78,True
2981,503726,2036,2023-01-25,21,False
2982,501442,2981,2024-12-18,45,False
2983,519313,384,2022-11-12,32,False
2984,519313,3680,2026-12-26,2,True
2985,520659,3834,2026-10-03,25,True
2986,512215,4767,2026-07-03,20,False
2987,502520,1133,2025-11-14,59,False
2988,505594,3362,2026-08-03,47,False
2989,514700,2490,2022-05-02,87,True
2990,506620,2778,2023-10-18,4,True
2991,506620,3751,2025-11-18,34,False
2992,512565,94,2025-07-05,5,True
2993,512565,4824,2024-06-04,73,True
2994,521736,432,2024-06-28,32,False
2995,518925,639,2024-01-18,72,True
2996,518925,4466,2025-09-24,42,False
2997,501350,2976,2026-08-12,31,False
2998,501350,2126,2024-08-28,77,True
2999,513762,1385,2023-06-01,40,False
3000,503224,3934,2025-12-26,10,True
3001,506406,901,2022-09-18,32,True
3002,506406,3985,2024-03-03,69,False
3003,500266,1410,2024-03-31,34,True
3004,500266,2431,2026-01-18,30,False
3005,500834,3004,2022-05-21,7,False
3006,500834,208,2026-04-11,46,True
3007,506688,580,2026-02-22,81,False
3008,506688,4302,2024-01-27,69,True
3009,512931,3319,2024-02-06,41,False
3010,520439,2522,2022-09-03,18,True
3011,517828,2043,2026-02-21,31,True
3012,517828,4967,2024-05-22,77,True
3013,523756,4026,2023-12-13,54,True
3014,512239,4335,2024-09-09,78,True
3015,512239,2678,2026-01-02,52,True
3016,521203,4186,2025-10-30,39,True
3017,524803,4412,2022-03-07,77,False
3018,505865,3189,2026-11-24,80,False
3019,513140,1954,2022-10-23,73,False
3020,507569,1382,2024-11-10,66,False
3021,507569,2115,2026-01-08,64,True
3022,511038,4382,2023-11-18,14,False
3023,507004,3068,2023-09-09,22,False
3024,512859,4209,2025-12-31,28,True
3025,523304,498,2022-04-17,77,False
3026,511729,1876,2024-04-27,28,True
3027,507303,4788,2022-11-24,44,True
3028,518634,3488,2022-09-26,87,False
3029,512311,2529,2026-12-09,9,False
3030,512311,272,2022-03-09,69,True
3031,512311,3590,2026-12-05,88,True
3032,516869,3639,2024-08-29,28,False
3033,503602,1974,2024-01-26,21,True
3034,513251,1725,2025-08-04,5,False
3035,513414,569,2026-08-05,86,False
3036,513477,4530,2025-04-20,90,False
3037,513477,2607,2022-12-29,25,False
3038,501262,3695,2022-03-09,63,True
3039,501262,1661,2022-03-06,69,False
3040,522793,4385,2023-04-01,12,True
3041,514150,4739,2022-05-06,81,False
3042,514774,2806,2022-03-20,78,True
3043,514774,406,2026-11-01,19,True
3044,509923,1626,2022-10-04,72,False
3045,509923,3289,2026-02-26,79,False
3046,515319,459,2024-07-30,13,False
3047,515319,772,2026-11-11,80,False
3048,522956,4596,2023-08-05,85,False
3049,522956,1511,2022-05-03,14,False
3050,522956,2700,2023-09-29,53,False
3051,522653,3271,2023-09-19,69,False
3052,522653,4377,2022-09-06,69,False
3053,511732,2511,2023-07-06,80,False
3054,511732,4333,2023-05-21,77,True
3055,513915,4281,2024-11-17,38,True
3056,513915,2806,2022-03-19,8,False
3057,503111,3789,2026-06-13,42,True
3058,503111,2094,2022-07-22,24,True
3059,524695,4955,2023-08-13,88,False
3060,524695,4924,2026-03-22,17,False
3061,520089,4203,2022-11-07,46,True
3062,500425,3502,2023-11-19,87,False
3063,500425,2270,2023-02-26,25,True
3064,514412,2881,2026-06-04,23,True
3065,514412,1062,2024-10-19,47,True
3066,514412,3525,2022-12-25,53,True
3067,518500,2774,2023-12-09,74,True
3068,518500,2256,2022-08-30,23,False
3069,518500,4120,2026-05-18,48,False
3070,524525,991,2025-10-06,79,False
3071,524525,34,2022-08-17,61,False
3072,523658,268,2025-11-01,3,False
3073,514543,4697,2022-12-29,22,True
3074,507175,3647,2025-03-20,54,True
3075,507175,2103,2025-12-25,84,True
3076,507175,1744,2023-12-28,2,True
3077,503342,4168,2024-12-03,9,False
3078,516057,2269,2026-03-25,55,False
3079,513741,4526,2024-04-23,7,False
3080,515768,1016,2025-12-07,51,True
3081,500813,399,2022-07-13,54,False
3082,517885,4417,2022-09-28,73,False
3083,514308,4608,2022-03-13,59,False
3084,506120,4046,2022-10-28,6,False
3085,506120,2270,2023-02-24,44,False
3086,510644,3324,2024-12-30,89,False
3087,510644,1802,2024-03-11,50,False
3088,511328,771,2022-07-04,69,False
3089,521083,4541,2025-07-13,28,False
3090,521083,918,2023-04-18,33,True
3091,508365,4108,2024-06-14,83,True
3092,508188,4034,2023-07-06,32,True
3093,508188,3630,2026-10-18,64,False
3094,515378,4522,2025-02-09,4,True
3095,515378,3226,2023-06-02,72,True
3096,508359,1371,2022-12-12,56,False
3097,512262,4188,2026-10-19,90,True
3098,514885,1201,2023-11-04,1,False
3099,500946,234,2023-12-23,1,True
3100,500946,4170,2022-10-26,64,False
3101,512087,3428,2024-06-24,90,True
3102,507977,748,2024-04-25,63,True
3103,507977,2937,2023-12-27,84,False
3104,519140,3557,2026-06-08,23,True
3105,517967,2687,2024-08-02,48,True
3106,504048,2964,2026-10-04,12,True
3107,520950,4185,2022-06-17,42,True
3108,513821,3510,2023-01-02,14,False
3109,513821,4560,2026-07-26,40,False
3110,507360,2590,2026-07-29,76,False
3111,507360,330,2024-07-23,7,False
3112,507360,2121,2025-07-25,78,True
3113,521456,3931,2025-09-25,64,False
3114,521456,656,2025-05-28,49,False
3115,508378,4179,2024-07-06,14,True
3116,508378,554,2026-02-04,54,False
3117,518155,1656,2025-03-17,16,True
3118,516240,4939,2025-12-16,11,False
3119,505817,2035,2022-04-12,29,True
3120,524594,3531,2023-11-27,20,True
3121,524594,2266,2025-12-28,50,True
3122,502189,3901,2024-09-27,63,False
3123,515383,2033,2022-08-30,50,False
3124,508829,4540,2024-07-15,64,False
3125,513301,583,2023-07-21,5,False
3126,502782,3103,2023-04-27,76,True
3127,509454,619,2022-12-21,6,False
3128,517396,1177,2022-07-05,10,True
3129,513078,1927,2025-05-06,5,False
3130,517012,4218,2022-06-19,45,False
3131,505175,2821,2026-09-07,30,True
3132,519307,3695,2022-03-12,4,True
3133,517657,718,2023-08-25,73,True
3134,510425,58,2022-04-12,19,True
3135,514402,60,2023-02-11,26,False
3136,519048,4386,2026-05-05,63,False
3137,512990,172,2023-10-18,89,True
3138,512990,4491,2023-06-22,48,True
3139,512990,3625,2022-03-20,73,True
3140,519894,849,2023-11-20,79,True
3141,505872,4422,2025-09-09,90,True
3142,512037,2568,2022-04-19,34,True
3143,504985,4705,2024-08-16,76,False
3144,504985,4844,2024-12-01,22,True
3145,504985,1076,2025-09-26,5,False
3146,504253,2754,2025-01-19,18,False
3147,520581,3083,2023-12-05,11,False
3148,524703,1487,2026-08-28,2,False
3149,524703,1958,2024-05-19,13,False
3150,509464,773,2024-03-16,48,True
3151,523167,3542,2026-03-04,9,True
3152,505465,2136,2023-10-18,43,True
3153,504417,4845,2024-11-24,28,True
3154,510550,1731,2025-07-02,88,False
3155,510550,4098,2023-12-17,16,False
3156,500777,989,2023-08-10,59,True
3157,521706,1275,2026-05-21,87,True
3158,514802,4769,2027-01-07,85,False
3159,513595,2016,2024-08-12,29,True
3160,503234,3049,2024-12-08,20,True
3161,516090,2948,2022-03-28,75,True
3162,521078,289,2026-07-23,73,True
3163,521078,2114,2025-10-25,11,True
3164,521078,1047,2025-01-08,55,True
3165,509705,4715,2025-12-29,65,True
3166,509705,3160,2022-09-17,9,False
3167,509705,2634,2025-03-11,71,True
3168,516106,1637,2024-11-01,27,False
3169,503534,4841,2024-11-17,41,False
3170,524370,375,2024-05-01,23,False
3171,523149,3964,2022-01-29,69,True
3172,523149,2823,2022-10-21,37,True
3173,505677,1787,2024-01-16,61,True
3174,513434,4443,2023-07-27,38,False
3175,513434,4917,2022-11-29,23,False
3176,521089,34,2022-08-30,43,False
3177,517826,2150,2022-04-09,24,False
3178,517826,3375,2025-01-10,9,True
3179,505486,17,2025-04-23,85,True
3180,505486,2211,2023-11-19,15,False
3181,523110,260,2022-11-25,80,True
3182,507787,2837,2025-12-25,39,True
3183,507787,1994,2024-04-05,4,True
3184,508673,864,2024-09-06,10,True
3185,511409,4341,2022-04-27,6,True
3186,511409,3498,2025-02-25,41,True
3187,511409,882,2023-04-08,78,True
3188,516135,2226,2027-01-14,44,False
3189,516135,2748,2022-04-10,4,False
3190,516135,4353,2022-05-02,69,True
3191,511973,3711,2026-05-20,36,True
3192,511973,3045,2025-02-05,35,False
3193,511973,755,2027-01-07,30,False
3194,513316,875,2022-01-25,71,False
3195,508952,4443,2023-07-12,12,False
3196,523011,4319,2024-01-27,49,False
3197,513805,2495,2023-09-24,68,False
3198,513805,889,2026-07-14,48,True
3199,513805,2971,2025-07-15,54,False
3200,506499,1985,2025-01-24,46,False
3201,520594,817,2022-06-07,16,True
3202,520594,1200,2026-11-15,4,False
3203,520594,4145,2023-06-09,67,True
3204,523763,1953,2025-02-16,55,True
3205,522654,3915,2022-03-22,66,False
3206,522654,49,2023-01-07,18,True
3207,523180,3813,2025-10-10,46,True
3208,520841,4963,2025-01-11,19,True
3209,512736,1641,2025-05-20,38,True
3210,512257,4718,2024-05-28,72,False
3211,521302,2603,2025-02-24,8,True
3212,501739,1337,2025-07-20,23,True
3213,501739,2469,2027-01-15,43,True
3214,501739,3406,2023-08-21,61,False
3215,506920,3423,2023-10-19,46,True
3216,509576,3166,2023-05-19,77,False
3217,507647,4630,2022-11-07,41,False
3218,507647,3732,2023-12-31,67,True
3219,502623,942,2024-01-27,86,True
3220,517630,2959,2023-04-25,64,True
3221,519483,3143,2026-06-06,69,False
3222,519483,4917,2022-11-09,34,False
3223,522938,4257,2025-03-13,79,True
3224,522938,113,2026-12-20,6,False
3225,512523,2759,2024-11-14,71,True
3226,502898,4989,2024-04-29,9,False
3227,517385,4191,2022-11-09,33,False
3228,500745,4703,2022-02-06,5,True
3229,503799,2798,2023-06-01,20,True
3230,511068,2901,2023-05-26,24,True
3231,503289,1783,2023-10-10,10,False
3232,503289,3581,2024-06-09,36,False
3233,503289,52,2026-12-12,57,False
3234,520629,4355,2023-09-15,72,True
3235,520629,3045,2025-02-16,62,True
3236,510765,3470,2026-06-02,70,True
3237,502214,268,2025-11-18,24,True
3238,521053,4594,2025-07-27,58,True
3239,506291,3215,2024-08-09,15,False
3240,504741,2868,2025-09-23,3,True
3241,514029,3969,2022-07-22,81,True
3242,502166,3212,2022-04-18,61,True
3243,502166,416,2025-05-07,73,False
3244,515120,3105,2022-02-03,16,True
3245,513838,4953,2024-04-14,46,True
3246,513838,705,2022-11-11,63,False
3247,513838,4111,2022-03-15,77,False
3248,513083,4992,2025-05-20,40,True
3249,513083,1336,2026-08-21,59,False
3250,519344,1849,2025-05-29,72,False
3251,519344,217,2022-04-10,35,False
3252,522187,4897,2022-11-27,40,False
3253,522187,1548,2022-05-12,89,True
3254,511682,2359,2026-10-14,11,False
3255,511682,2059,2022-08-24,35,True
3256,511682,604,2024-12-13,72,True
3257,522791,2255,2025-06-01,26,False
3258,522791,4158,2024-09-02,12,True
3259,522791,598,2024-02-20,38,False
3260,521965,4774,2025-08-28,4,True
3261,521965,1825,2022-12-21,75,True
3262,520488,3034,2026-08-25,26,False
3263,520488,1831,2025-06-17,81,True
3264,504635,2943,2024-02-27,51,False
3265,515787,909,2024-06-01,20,True
3266,506546,3431,2024-03-06,71,True
3267,508869,3368,2025-08-01,63,True
3268,508869,1780,2024-11-27,82,True
3269,503423,4529,2025-01-26,42,False
3270,503423,2540,2022-11-17,54,True
3271,505263,2511,2023-06-22,76,False
3272,505263,2265,2023-09-23,69,False
3273,505263,3635,2026-01-08,73,True
3274,510405,1525,2026-07-30,74,False
3275,524867,287,2025-08-26,9,True
3276,505062,2488,2023-07-19,70,True
3277,505062,1817,2025-12-31,11,True
3278,515381,281,2023-07-24,8,True
3279,508658,4771,2024-08-31,90,True
3280,508397,490,2026-11-05,18,False
3281,522792,3963,2022-05-10,16,False
3282,521015,3083,2023-11-23,68,True
3283,505996,997,2024-02-11,33,False
3284,504529,4530,2025-04-04,40,False
3285,523592,4108,2024-06-03,25,False
3286,523592,1171,2022-06-27,9,True
3287,504204,791,2024-09-19,77,False
3288,502572,168,2022-07-15,75,True
3289,501449,1561,2024-09-14,6,True
3290,501449,422,2026-02-06,2,True
3291,501449,3401,2022-05-04,86,True
3292,501449,2710,2025-04-28,41,False
3293,521867,983,2025-12-09,71,False
3294,523198,2189,2024-09-30,75,True
3295,507579,860,2022-08-26,2,False
3296,523472,1734,2024-11-08,38,False
3297,508424,1199,2025-06-14,45,False
3298,508424,4459,2024-11-02,15,True
3299,508424,4697,2023-01-02,82,True
3300,500881,3680,2026-12-23,55,False
3301,500881,2472,2025-07-30,24,False
3302,518800,1728,2025-10-20,61,True
3303,518800,3114,2026-09-11,19,True
3304,503712,2208,2022-08-14,55,True
3305,511190,1022,2023-09-25,87,False
3306,511190,3065,2022-03-17,73,False
3307,511190,3775,2025-11-13,71,False
3308,513550,4251,2023-01-01,89,True
3309,524398,2898,2024-07-07,88,True
3310,522384,4316,2022-05-16,43,False
3311,509819,2631,2026-05-26,20,True
3312,512968,3621,2027-01-12,9,False
3313,512968,2684,2024-07-27,2,True
3314,502513,2424,2026-03-21,67,False
3315,510575,1426,2024-07-05,76,True
3316,510575,3392,2024-07-12,12,True
3317,512093,138,2025-10-23,2,True
3318,512093,2718,2025-01-05,52,False
3319,512093,4912,2026-08-01,4,True
3320,515543,3101,2026-08-11,54,False
3321,522071,3849,2024-11-26,33,True
3322,521249,3969,2022-08-02,59,False
3323,518769,3434,2026-07-29,35,True
3324,517671,3480,2025-06-08,35,False
3325,521663,1824,2023-02-27,76,True
3326,504149,4624,2026-05-16,36,True
3327,504149,2334,2022-03-16,87,True
3328,504149,3151,2026-07-21,13,False
3329,513102,1342,2023-05-28,72,True
3330,518969,4857,2026-03-26,74,True
3331,514203,4855,2024-07-16,86,False
3332,500345,3710,2026-03-30,1,True
3333,500345,1701,2024-07-04,90,False
3334,519045,1801,2023-05-08,75,True
3335,504746,2402,2023-12-06,73,False
3336,503495,633,2022-11-06,81,False
3337,524535,521,2025-02-05,35,True
3338,515474,2669,2025-02-28,22,False
3339,515474,2475,2023-05-26,9,True
3340,512288,3648,2026-01-16,53,True
3341,512288,3908,2023-06-24,78,True
3342,501720,3672,2025-06-12,56,False
3343,501720,2089,2024-09-17,76,True
3344,516395,250,2023-03-15,37,False
3345,516395,2112,2022-02-10,24,False
3346,522107,905,2025-11-16,24,False
3347,507629,800,2024-09-28,62,True
3348,507629,2491,2024-03-12,5,True
3349,511130,1221,2023-09-19,11,False
3350,511130,7,2024-02-04,57,True
3351,511130,4079,2025-05-31,36,False
3352,501979,2383,2022-03-19,74,False
