RecordID,CaseID,PersonID,Role
1,1,506322,Co-Accused
2,1,515370,Co-Accused
3,2,519769,Main Accused
4,2,519681,Co-Accused
5,2,517394,Main Accused
6,2,514079,Co-Accused
7,3,511822,Main Accused
8,3,517327,Co-Accused
9,3,503198,Main Accused
10,4,504894,Main Accused
11,5,518189,Co-Accused
12,5,519152,Main Accused
13,5,511116,Co-Accused
14,5,506667,Main Accused
15,6,502010,Co-Accused
16,6,500718,Co-Accused
17,7,507975,Main Accused
18,7,518355,Main Accused
19,8,519141,Main Accused
20,8,517394,Co-Accused
21,9,515025,Co-Accused
22,10,508129,Co-Accused
23,10,513510,Main Accused
24,10,517965,Co-Accused
25,10,521425,Co-Accused
26,11,506062,Main Accused
27,11,517085,Main Accused
28,11,508035,Main Accused
29,12,503690,Main Accused
30,12,513577,Main Accused
31,13,513667,Co-Accused
32,13,517980,Co-Accused
33,14,506096,Main Accused
34,14,521096,Co-Accused
35,14,509313,Main Accused
36,15,503758,Co-Accused
37,15,500604,Main Accused
38,16,515377,Co-Accused
39,16,517773,Co-Accused
40,16,502856,Co-Accused
41,17,515915,Main Accused
42,17,513503,Co-Accused
43,17,521568,Main Accused
44,18,507511,Main Accused
45,18,512884,Co-Accused
46,19,518468,Main Accused
47,19,521081,Co-Accused
48,19,516059,Co-Accused
49,20,508576,Co-Accused
50,20,514818,Co-Accused
51,20,521396,Co-Accused
52,20,505308,Co-Accused
53,21,503501,Co-Accused
54,22,512392,Co-Accused
55,23,524599,Co-Accused
56,23,508253,Main Accused
57,23,522194,Co-Accused
58,24,501471,Main Accused
59,24,509382,Co-Accused
60,24,520562,Main Accused
61,24,508078,Co-Accused
62,25,510771,Co-Accused
63,25,516173,Co-Accused
64,25,504912,Main Accused
65,25,523727,Main Accused
66,26,512906,Main Accused
67,26,505719,Main Accused
68,27,506959,Main Accused
69,27,506471,Main Accused
70,27,504073,Co-Accused
71,28,506057,Co-Accused
72,28,511890,Main Accused
73,28,513221,Co-Accused
74,29,507556,Main Accused
75,29,507807,Co-Accused
76,29,516507,Main Accused
77,30,517386,Main Accused
78,30,510496,Main Accused
79,30,523477,Co-Accused
80,30,520565,Main Accused
81,31,524752,Co-Accused
82,31,517433,Main Accused
83,31,501603,Main Accused
84,31,515131,Main Accused
85,32,522955,Co-Accused
86,33,521613,Main Accused
87,33,513958,Main Accused
88,33,505590,Co-Accused
89,33,524481,Main Accused
90,34,502739,Co-Accused
91,34,503749,Main Accused
92,34,509317,Co-Accused
93,34,519311,Co-Accused
94,35,522821,Main Accused
95,35,511606,Main Accused
96,35,523565,Co-Accused
97,35,524696,Main Accused
98,36,509947,Co-Accused
99,36,505065,Co-Accused
100,36,511217,Co-Accused
101,36,501109,Co-Accused
102,37,514453,Main Accused
103,37,507618,Co-Accused
104,37,523770,Main Accused
105,38,513381,Co-Accused
106,38,521919,Main Accused
107,39,505051,Co-Accused
108,39,510769,Main Accused
109,39,502534,Co-Accused
110,39,523879,Co-Accused
111,40,514427,Co-Accused
112,41,504132,Co-Accused
113,42,500688,Main Accused
114,43,516517,Main Accused
115,43,514559,Main Accused
116,43,522660,Main Accused
117,44,501663,Co-Accused
118,44,517256,Main Accused
119,44,505289,Co-Accused
120,44,510495,Co-Accused
121,45,518504,Co-Accused
122,46,516467,Main Accused
123,46,511427,Co-Accused
124,46,516678,Co-Accused
125,46,515424,Co-Accused
126,47,511670,Main Accused
127,47,506219,Main Accused
128,47,520932,Co-Accused
129,48,524973,Co-Accused
130,49,517265,Co-Accused
131,49,508343,Main Accused
132,50,502311,Main Accused
133,50,516674,Co-Accused
134,50,512191,Co-Accused
135,50,512364,Main Accused
136,51,521159,Main Accused
137,51,511040,Main Accused
138,52,505186,Main Accused
139,52,521262,Main Accused
140,52,509461,Main Accused
141,52,507770,Co-Accused
142,53,505117,Co-Accused
143,54,507377,Main Accused
144,54,517198,Main Accused
145,55,523856,Co-Accused
146,55,503513,Co-Accused
147,56,503432,Main Accused
148,56,500203,Main Accused
149,57,523850,Co-Accused
150,58,524300,Co-Accused
151,58,517477,Co-Accused
152,58,512585,Main Accused
153,58,509867,Co-Accused
154,59,512430,Co-Accused
155,59,508257,Co-Accused
156,60,508924,Main Accused
157,60,518243,Main Accused
158,61,500327,Co-Accused
159,62,523546,Co-Accused
160,62,513858,Co-Accused
161,62,517834,Co-Accused
162,62,503282,Main Accused
163,63,513342,Main Accused
164,64,513379,Main Accused
165,64,500781,Main Accused
166,64,507776,Main Accused
167,65,519499,Co-Accused
168,66,508132,Co-Accused
169,66,502799,Main Accused
170,66,502437,Main Accused
171,66,505110,Co-Accused
172,67,518115,Main Accused
173,67,517690,Main Accused
174,67,500853,Main Accused
175,67,513119,Main Accused
176,68,502393,Co-Accused
177,69,521314,Co-Accused
178,69,500005,Main Accused
179,70,517152,Co-Accused
180,70,501717,Co-Accused
181,71,523682,Main Accused
182,72,511318,Main Accused
183,72,505252,Co-Accused
184,73,524120,Co-Accused
185,74,524834,Co-Accused
186,75,520318,Main Accused
187,75,504246,Main Accused
188,75,507544,Main Accused
189,76,501887,Co-Accused
190,76,523015,Co-Accused
191,76,508759,Co-Accused
192,77,524025,Main Accused
193,77,503216,Main Accused
194,77,501664,Main Accused
195,78,514036,Co-Accused
196,78,504641,Main Accused
197,78,504799,Main Accused
198,78,524902,Co-Accused
199,79,504660,Co-Accused
200,79,521537,Co-Accused
201,80,509291,Main Accused
202,80,504113,Main Accused
203,80,503167,Co-Accused
204,80,517149,Main Accused
205,81,502811,Co-Accused
206,81,502672,Co-Accused
207,81,522028,Co-Accused
208,82,516824,Main Accused
209,82,510129,Co-Accused
210,82,516880,Main Accused
211,82,510960,Co-Accused
212,83,522023,Co-Accused
213,84,503498,Co-Accused
214,84,511436,Co-Accused
215,85,520805,Co-Accused
216,85,516101,Co-Accused
217,85,504749,Main Accused
218,86,511980,Main Accused
219,86,514223,Co-Accused
220,86,514832,Main Accused
221,87,513880,Co-Accused
222,87,505011,Co-Accused
223,87,504124,Co-Accused
224,88,509302,Main Accused
225,88,502941,Co-Accused
226,88,518867,Co-Accused
227,89,513117,Co-Accused
228,90,511677,Main Accused
229,90,501498,Main Accused
230,90,515493,Co-Accused
231,90,515586,Co-Accused
232,91,517601,Co-Accused
233,91,502092,Co-Accused
234,92,505747,Co-Accused
235,92,520827,Co-Accused
236,92,523078,Main Accused
237,92,503276,Main Accused
238,93,500018,Main Accused
239,93,508506,Co-Accused
240,93,520802,Co-Accused
241,94,505845,Co-Accused
242,94,510127,Main Accused
243,94,516590,Main Accused
244,95,500553,Main Accused
245,96,520832,Main Accused
246,96,517542,Main Accused
247,97,503228,Co-Accused
248,97,502652,Main Accused
249,97,502017,Co-Accused
250,97,517123,Co-Accused
251,98,504812,Main Accused
252,98,505740,Co-Accused
253,99,514477,Co-Accused
254,99,520362,Main Accused
255,99,516948,Main Accused
256,100,524649,Main Accused
257,100,501327,Main Accused
258,100,515137,Main Accused
259,101,510436,Main Accused
260,102,509684,Main Accused
261,103,514482,Co-Accused
262,103,522496,Main Accused
263,104,505786,Main Accused
264,105,518275,Main Accused
265,106,522689,Main Accused
266,106,524063,Main Accused
267,106,516858,Co-Accused
268,107,502418,Main Accused
269,107,505341,Co-Accused
270,107,516522,Main Accused
271,108,501522,Main Accused
272,108,515081,Co-Accused
273,108,508658,Co-Accused
274,109,502777,Main Accused
275,110,514818,Co-Accused
276,110,524039,Co-Accused
277,111,504866,Co-Accused
278,111,517799,Main Accused
279,111,509765,Main Accused
280,111,508628,Main Accused
281,112,513525,Main Accused
282,112,508537,Co-Accused
283,112,509448,Co-Accused
284,112,503659,Co-Accused
285,113,511746,Co-Accused
286,113,521268,Co-Accused
287,114,508879,Main Accused
288,114,506146,Co-Accused
289,115,518838,Co-Accused
290,115,504675,Main Accused
291,115,523298,Main Accused
292,115,508356,Co-Accused
293,116,521498,Co-Accused
294,117,518593,Main Accused
295,117,515402,Main Accused
296,118,509508,Co-Accused
297,118,522251,Co-Accused
298,118,503294,Main Accused
299,119,504335,Co-Accused
300,119,508925,Main Accused
301,119,516553,Co-Accused
302,119,521364,Co-Accused
303,120,511255,Main Accused
304,120,517448,Co-Accused
305,121,502034,Co-Accused
306,122,502483,Main Accused
307,122,506809,Main Accused
308,122,522296,Main Accused
309,122,516528,Co-Accused
310,123,511044,Main Accused
311,124,507582,Co-Accused
312,124,502261,Main Accused
313,124,514461,Main Accused
314,125,511283,Main Accused
315,125,513630,Main Accused
316,125,504802,Co-Accused
317,126,522154,Co-Accused
318,126,523055,Co-Accused
319,126,524684,Main Accused
320,127,515266,Main Accused
321,128,502204,Main Accused
322,128,510269,Co-Accused
323,128,508163,Co-Accused
324,128,508104,Co-Accused
325,129,505152,Co-Accused
326,130,508414,Main Accused
327,131,514736,Co-Accused
328,131,510206,Co-Accused
329,131,518754,Main Accused
330,132,523405,Main Accused
331,132,509967,Main Accused
332,132,522151,Co-Accused
333,132,517619,Co-Accused
334,133,521792,Main Accused
335,133,506528,Main Accused
336,133,522872,Main Accused
337,134,516126,Main Accused
338,134,515862,Main Accused
339,134,521259,Main Accused
340,134,501897,Main Accused
341,135,512765,Co-Accused
342,135,512990,Main Accused
343,135,515588,Co-Accused
344,135,522067,Co-Accused
345,136,507873,Main Accused
346,137,523480,Main Accused
347,137,507595,Main Accused
348,138,504091,Main Accused
349,139,500247,Co-Accused
350,139,507417,Main Accused
351,139,515508,Main Accused
352,140,522313,Main Accused
353,140,512162,Main Accused
354,140,515793,Co-Accused
355,140,512765,Co-Accused
356,141,513207,Main Accused
357,141,515528,Main Accused
358,141,524946,Co-Accused
359,141,512402,Co-Accused
360,142,504542,Main Accused
361,142,524607,Main Accused
362,142,521430,Main Accused
363,143,505560,Main Accused
364,143,500501,Main Accused
365,143,518105,Co-Accused
366,143,524800,Main Accused
367,144,518533,Co-Accused
368,144,507475,Co-Accused
369,144,504709,Main Accused
370,144,504663,Main Accused
371,145,515768,Main Accused
372,145,518772,Main Accused
373,145,520430,Main Accused
374,146,522357,Main Accused
375,146,511055,Co-Accused
376,147,511010,Main Accused
377,148,506967,Main Accused
378,148,511401,Co-Accused
379,148,512104,Main Accused
380,148,505413,Co-Accused
381,149,513740,Co-Accused
382,150,521799,Main Accused
383,150,522852,Co-Accused
384,151,519482,Co-Accused
385,151,522259,Main Accused
386,151,513906,Main Accused
387,152,505052,Main Accused
388,152,510777,Co-Accused
389,153,501093,Co-Accused
390,153,510049,Main Accused
391,154,514779,Main Accused
392,155,510247,Main Accused
393,155,508303,Co-Accused
394,155,516832,Main Accused
395,155,504996,Main Accused
396,156,503931,Main Accused
397,157,517067,Main Accused
398,157,500744,Co-Accused
399,157,520981,Main Accused
400,158,514527,Main Accused
401,159,512874,Main Accused
402,159,520968,Co-Accused
403,160,524027,Main Accused
404,160,515427,Main Accused
405,160,518680,Co-Accused
406,160,500431,Co-Accused
407,161,507914,Co-Accused
408,161,509035,Main Accused
409,162,500080,Main Accused
410,162,516072,Main Accused
411,163,505390,Co-Accused
412,163,515523,Co-Accused
413,164,513700,Co-Accused
414,164,521386,Main Accused
415,165,519068,Main Accused
416,165,506834,Main Accused
417,165,523812,Co-Accused
418,166,501802,Main Accused
419,167,518734,Main Accused
420,167,521475,Main Accused
421,167,508334,Main Accused
422,167,506452,Main Accused
423,168,504233,Co-Accused
424,168,516246,Main Accused
425,168,511626,Main Accused
426,169,520871,Co-Accused
427,169,509029,Main Accused
428,170,505343,Main Accused
429,170,503586,Main Accused
430,171,505140,Main Accused
431,171,515774,Co-Accused
432,171,513749,Main Accused
433,171,509562,Co-Accused
434,172,511698,Main Accused
435,172,514804,Main Accused
436,173,508502,Co-Accused
437,173,502314,Co-Accused
438,174,515922,Main Accused
439,174,524500,Main Accused
440,174,524101,Main Accused
441,174,513551,Co-Accused
442,175,502573,Main Accused
443,176,519647,Main Accused
444,176,507501,Co-Accused
445,177,520296,Co-Accused
446,177,519901,Main Accused
447,177,504852,Main Accused
448,177,508345,Main Accused
449,178,513728,Main Accused
450,179,521362,Co-Accused
451,180,516298,Co-Accused
452,180,514803,Main Accused
453,180,509350,Main Accused
454,180,524520,Main Accused
455,181,523922,Main Accused
456,181,523808,Co-Accused
457,181,503017,Co-Accused
458,182,503296,Co-Accused
459,183,516526,Co-Accused
460,183,507373,Co-Accused
461,183,522889,Main Accused
462,184,506554,Main Accused
463,184,510949,Main Accused
464,185,501886,Co-Accused
465,185,522833,Co-Accused
466,185,517041,Main Accused
467,186,503949,Co-Accused
468,186,502834,Co-Accused
469,186,521578,Main Accused
470,187,515372,Main Accused
471,188,509470,Co-Accused
472,188,504601,Main Accused
473,188,521895,Co-Accused
474,189,511940,Co-Accused
475,190,518413,Main Accused
476,191,524012,Main Accused
477,191,508727,Main Accused
478,192,503916,Co-Accused
479,192,501742,Co-Accused
480,193,516183,Co-Accused
481,194,510967,Co-Accused
482,194,512561,Co-Accused
483,194,509840,Main Accused
484,194,521766,Main Accused
485,195,506812,Co-Accused
486,195,520184,Co-Accused
487,196,520212,Main Accused
488,196,515912,Main Accused
489,196,510249,Main Accused
490,197,522154,Main Accused
491,197,513817,Main Accused
492,197,509177,Co-Accused
493,198,522435,Main Accused
494,198,524168,Main Accused
495,198,516970,Co-Accused
496,199,517276,Co-Accused
497,199,514659,Co-Accused
498,199,502569,Main Accused
499,199,519050,Co-Accused
500,200,505910,Co-Accused
501,201,524390,Main Accused
502,201,523777,Main Accused
503,201,521272,Main Accused
504,202,512738,Main Accused
505,202,513961,Main Accused
506,202,517286,Co-Accused
507,203,515831,Main Accused
508,203,505062,Main Accused
509,203,500419,Co-Accused
510,203,507007,Main Accused
511,204,506727,Main Accused
512,204,505912,Main Accused
513,204,524870,Main Accused
514,205,517304,Co-Accused
515,205,520417,Co-Accused
516,205,500101,Co-Accused
517,206,508077,Co-Accused
518,206,515599,Main Accused
519,206,510097,Main Accused
520,206,506347,Co-Accused
521,207,524839,Main Accused
522,208,504811,Main Accused
523,209,513640,Main Accused
524,210,522730,Co-Accused
525,210,519041,Co-Accused
526,211,524461,Main Accused
527,211,510221,Co-Accused
528,211,515252,Main Accused
529,211,503756,Main Accused
530,212,521053,Main Accused
531,212,516794,Main Accused
532,212,524121,Co-Accused
533,213,508277,Co-Accused
534,213,522454,Main Accused
535,214,521163,Main Accused
536,214,502495,Co-Accused
537,215,504613,Main Accused
538,215,523238,Co-Accused
539,215,513696,Co-Accused
540,215,518636,Main Accused
541,216,520331,Main Accused
542,216,505353,Main Accused
543,217,504896,Co-Accused
544,217,523430,Co-Accused
545,218,507864,Main Accused
546,218,514591,Main Accused
547,218,515504,Co-Accused
548,218,513223,Co-Accused
549,219,506605,Main Accused
550,219,521022,Co-Accused
551,219,502239,Main Accused
552,220,522532,Co-Accused
553,220,516654,Co-Accused
554,221,500293,Co-Accused
555,222,512199,Main Accused
556,222,516490,Co-Accused
557,223,512791,Co-Accused
558,223,522705,Main Accused
559,223,520133,Main Accused
560,224,513675,Co-Accused
561,225,517689,Co-Accused
562,226,515711,Co-Accused
563,226,509039,Main Accused
564,227,514871,Main Accused
565,227,522730,Co-Accused
566,227,517564,Co-Accused
567,228,521447,Main Accused
568,228,509576,Main Accused
569,228,522885,Main Accused
570,229,524692,Main Accused
571,229,519653,Main Accused
572,229,519631,Co-Accused
573,229,523992,Co-Accused
574,230,506168,Co-Accused
575,230,500700,Main Accused
576,230,500214,Co-Accused
577,230,510753,Co-Accused
578,231,522164,Co-Accused
579,232,512474,Main Accused
580,232,504644,Co-Accused
581,232,522458,Co-Accused
582,232,506286,Co-Accused
583,233,506942,Co-Accused
584,233,507194,Co-Accused
585,233,500594,Main Accused
586,234,510815,Main Accused
587,234,510679,Co-Accused
588,235,523567,Co-Accused
589,236,505971,Co-Accused
590,237,522517,Main Accused
591,237,507018,Co-Accused
592,237,515856,Main Accused
593,238,517045,Co-Accused
594,238,521604,Main Accused
595,238,511110,Main Accused
596,239,513519,Main Accused
597,239,507547,Co-Accused
598,240,516501,Co-Accused
599,240,505723,Co-Accused
600,240,523725,Main Accused
601,240,515159,Co-Accused
602,241,503025,Main Accused
603,242,504702,Main Accused
604,242,504367,Co-Accused
605,242,501765,Co-Accused
606,243,521279,Main Accused
607,244,508993,Co-Accused
608,245,516281,Co-Accused
609,245,514526,Co-Accused
610,245,512485,Main Accused
611,245,516034,Main Accused
612,246,519479,Co-Accused
613,246,501819,Main Accused
614,246,523913,Main Accused
615,246,517767,Co-Accused
616,247,514824,Co-Accused
617,247,516800,Main Accused
618,247,508799,Main Accused
619,247,516976,Main Accused
620,248,511608,Co-Accused
621,248,524146,Main Accused
622,248,509884,Main Accused
623,249,520848,Co-Accused
624,249,506099,Main Accused
625,250,516623,Main Accused
626,250,524876,Co-Accused
627,250,519972,Co-Accused
628,251,515790,Co-Accused
629,252,508831,Main Accused
630,252,511317,Co-Accused
631,253,516357,Co-Accused
632,253,511601,Co-Accused
633,253,522451,Main Accused
634,254,516052,Co-Accused
635,255,522897,Main Accused
636,255,513158,Co-Accused
637,256,518200,Co-Accused
638,256,515727,Co-Accused
639,256,506451,Co-Accused
640,257,513532,Main Accused
641,257,513463,Co-Accused
642,257,523134,Main Accused
643,258,510558,Main Accused
644,258,507143,Co-Accused
645,258,506880,Co-Accused
646,258,523701,Co-Accused
647,259,524351,Co-Accused
648,260,514213,Main Accused
649,260,502500,Main Accused
650,260,507733,Main Accused
651,261,501172,Co-Accused
652,262,502948,Main Accused
653,262,501457,Co-Accused
654,262,514153,Co-Accused
655,262,518231,Co-Accused
656,263,518297,Main Accused
657,263,512463,Co-Accused
658,263,509893,Main Accused
659,264,513433,Co-Accused
660,265,508557,Co-Accused
661,266,501722,Main Accused
662,266,522304,Co-Accused
663,266,519313,Main Accused
664,267,514681,Main Accused
665,267,518840,Main Accused
666,267,516378,Co-Accused
667,267,502590,Co-Accused
668,268,519893,Main Accused
669,268,517337,Main Accused
670,269,522121,Main Accused
671,269,517112,Main Accused
672,269,508593,Main Accused
673,270,524382,Main Accused
674,270,512205,Main Accused
675,271,500451,Co-Accused
676,271,504431,Co-Accused
677,271,512221,Main Accused
678,272,506498,Main Accused
679,273,507277,Main Accused
680,273,515110,Co-Accused
681,273,514114,Main Accused
682,274,505018,Co-Accused
683,275,510099,Co-Accused
684,275,516822,Co-Accused
685,276,515693,Co-Accused
686,277,501444,Main Accused
687,277,500121,Main Accused
688,277,502752,Main Accused
689,278,513592,Main Accused
690,278,521004,Main Accused
691,278,523211,Co-Accused
692,278,504502,Co-Accused
693,279,519216,Co-Accused
694,279,510937,Co-Accused
695,279,520357,Main Accused
696,279,508542,Main Accused
697,280,522071,Main Accused
698,280,519218,Main Accused
699,280,517332,Main Accused
700,281,510374,Co-Accused
701,281,522995,Main Accused
702,281,510586,Co-Accused
703,282,519819,Main Accused
704,283,517067,Main Accused
705,283,516977,Co-Accused
706,284,500439,Main Accused
707,285,503398,Co-Accused
708,286,514639,Main Accused
709,287,514030,Co-Accused
710,288,507645,Main Accused
711,288,502664,Main Accused
712,288,509023,Co-Accused
713,289,509068,Co-Accused
714,289,500444,Main Accused
715,290,520961,Main Accused
716,290,504030,Co-Accused
717,291,523363,Co-Accused
718,291,509163,Co-Accused
719,292,511147,Main Accused
720,292,505070,Co-Accused
721,292,509748,Main Accused
722,292,510673,Main Accused
723,293,514017,Co-Accused
724,293,505909,Main Accused
725,294,523266,Co-Accused
726,295,502290,Co-Accused
727,295,522389,Main Accused
728,295,519616,Co-Accused
729,295,515279,Co-Accused
730,296,511707,Main Accused
731,297,518869,Main Accused
732,297,502513,Co-Accused
733,298,523535,Main Accused
734,298,507404,Main Accused
735,298,515420,Main Accused
736,299,504434,Co-Accused
737,299,522652,Main Accused
738,299,500804,Co-Accused
739,299,501703,Co-Accused
740,300,514617,Main Accused
741,300,519332,Main Accused
742,300,518708,Co-Accused
743,300,508917,Main Accused
744,301,501176,Co-Accused
745,301,521576,Co-Accused
746,301,513662,Main Accused
747,302,502967,Main Accused
748,302,505149,Co-Accused
749,302,502515,Main Accused
750,303,521268,Co-Accused
751,303,511058,Main Accused
752,304,523480,Co-Accused
753,304,513128,Main Accused
754,304,524101,Main Accused
755,305,519694,Main Accused
756,305,516753,Co-Accused
757,305,507808,Co-Accused
758,306,504185,Main Accused
759,306,509074,Main Accused
760,307,514624,Main Accused
761,307,500624,Co-Accused
762,307,524169,Co-Accused
763,308,509756,Main Accused
764,308,513040,Co-Accused
765,309,500823,Main Accused
766,310,507048,Main Accused
767,310,513585,Main Accused
768,311,517691,Co-Accused
769,311,524369,Main Accused
770,311,520439,Co-Accused
771,312,507756,Main Accused
772,313,512866,Main Accused
773,314,504446,Main Accused
774,314,521942,Co-Accused
775,314,522320,Co-Accused
776,315,501215,Co-Accused
777,315,508487,Main Accused
778,315,504277,Main Accused
779,316,505058,Co-Accused
780,317,512036,Co-Accused
781,317,520249,Co-Accused
782,317,509385,Co-Accused
783,317,502486,Co-Accused
784,318,524208,Co-Accused
785,318,502399,Main Accused
786,318,513447,Co-Accused
787,318,517089,Main Accused
788,319,519588,Main Accused
789,320,517960,Co-Accused
790,320,515543,Co-Accused
791,321,517430,Main Accused
792,321,514573,Main Accused
793,321,505208,Main Accused
794,322,523639,Co-Accused
795,323,500665,Main Accused
796,323,515004,Co-Accused
797,323,520954,Main Accused
798,324,512471,Main Accused
799,324,517359,Co-Accused
800,324,507308,Main Accused
801,325,501092,Main Accused
802,325,516636,Main Accused
803,325,508712,Co-Accused
804,325,502681,Main Accused
805,326,511585,Main Accused
806,326,507932,Co-Accused
807,327,503510,Main Accused
808,327,507486,Main Accused
809,328,507687,Co-Accused
810,328,507905,Co-Accused
811,328,512704,Main Accused
812,328,513227,Main Accused
813,329,510883,Main Accused
814,329,520903,Main Accused
815,329,503930,Co-Accused
816,330,517555,Main Accused
817,330,512380,Co-Accused
818,330,522327,Main Accused
819,331,524136,Main Accused
820,331,521443,Main Accused
821,332,514904,Co-Accused
822,332,524486,Main Accused
823,332,507671,Main Accused
824,333,506038,Co-Accused
825,334,506701,Co-Accused
826,334,505618,Main Accused
827,334,522740,Main Accused
828,334,507417,Co-Accused
829,335,512690,Main Accused
830,335,504479,Main Accused
831,335,515535,Main Accused
832,335,502553,Co-Accused
833,336,509724,Co-Accused
834,336,501615,Main Accused
835,336,520411,Co-Accused
836,337,509683,Co-Accused
837,337,506300,Co-Accused
838,337,506215,Main Accused
839,337,518481,Co-Accused
840,338,512144,Main Accused
841,338,501690,Co-Accused
842,338,510711,Co-Accused
843,339,500314,Main Accused
844,339,517369,Main Accused
845,340,521193,Main Accused
846,340,501843,Main Accused
847,341,516801,Main Accused
848,341,501896,Main Accused
849,341,510409,Main Accused
850,341,506635,Co-Accused
851,342,517390,Main Accused
852,342,515770,Main Accused
853,342,520075,Main Accused
854,342,514472,Co-Accused
855,343,517763,Main Accused
856,343,517874,Co-Accused
857,343,502122,Co-Accused
858,343,519792,Main Accused
859,344,516050,Main Accused
860,344,523700,Main Accused
861,344,515509,Main Accused
862,345,503011,Main Accused
863,345,524627,Co-Accused
864,345,524867,Co-Accused
865,346,506020,Co-Accused
866,346,508194,Co-Accused
867,346,516682,Main Accused
868,347,524045,Co-Accused
869,347,502158,Main Accused
870,348,523413,Co-Accused
871,349,520211,Main Accused
872,349,502960,Main Accused
873,349,513744,Co-Accused
874,349,524021,Main Accused
875,350,510027,Main Accused
876,351,505719,Main Accused
877,351,501090,Main Accused
878,351,519740,Main Accused
879,351,517842,Main Accused
880,352,513615,Co-Accused
881,352,513354,Main Accused
882,353,515329,Main Accused
883,353,520125,Co-Accused
884,353,523763,Co-Accused
885,353,517715,Main Accused
886,354,502724,Main Accused
887,354,506901,Co-Accused
888,354,504753,Co-Accused
889,354,517728,Co-Accused
890,355,523222,Main Accused
891,355,511135,Main Accused
892,355,506512,Co-Accused
893,355,520563,Co-Accused
894,356,511231,Co-Accused
895,357,511149,Main Accused
896,357,518415,Co-Accused
897,357,524181,Co-Accused
898,358,514237,Main Accused
899,358,503181,Co-Accused
900,359,520648,Main Accused
901,359,500149,Co-Accused
902,359,501525,Main Accused
903,359,504418,Co-Accused
904,360,519218,Main Accused
905,360,524369,Main Accused
906,361,517962,Co-Accused
907,361,518896,Main Accused
908,362,523764,Co-Accused
909,362,511362,Main Accused
910,362,506162,Main Accused
911,362,514107,Main Accused
912,363,508999,Co-Accused
913,363,520870,Co-Accused
914,363,502740,Co-Accused
915,363,517990,Main Accused
916,364,508628,Co-Accused
917,365,506648,Main Accused
918,365,520574,Co-Accused
919,365,512136,Co-Accused
920,366,522722,Co-Accused
921,367,500890,Main Accused
922,367,515957,Co-Accused
923,367,503392,Main Accused
924,367,503597,Main Accused
925,368,519788,Co-Accused
926,368,520478,Main Accused
927,369,501562,Main Accused
928,369,514562,Co-Accused
929,370,501220,Main Accused
930,370,508054,Co-Accused
931,370,517332,Main Accused
932,371,500534,Main Accused
933,371,501311,Co-Accused
934,372,505816,Main Accused
935,372,507869,Co-Accused
936,372,501034,Main Accused
937,373,505607,Co-Accused
938,373,524334,Co-Accused
939,374,510508,Co-Accused
940,374,522440,Main Accused
941,375,501809,Co-Accused
942,376,511327,Co-Accused
943,376,510077,Co-Accused
944,377,519458,Co-Accused
945,377,513122,Co-Accused
946,378,522675,Co-Accused
947,378,520177,Main Accused
948,378,503337,Main Accused
949,379,519253,Co-Accused
950,379,514204,Co-Accused
951,380,515702,Main Accused
952,380,506496,Co-Accused
953,380,514714,Co-Accused
954,381,507130,Co-Accused
955,381,501521,Main Accused
956,382,514796,Main Accused
957,382,515765,Main Accused
958,382,513568,Co-Accused
959,382,511970,Main Accused
960,383,502716,Co-Accused
961,384,501506,Co-Accused
962,384,505158,Co-Accused
963,384,519646,Main Accused
964,385,518591,Main Accused
965,385,502120,Co-Accused
966,386,516859,Main Accused
967,387,524590,Main Accused
968,387,519215,Main Accused
969,387,510566,Main Accused
970,388,501123,Co-Accused
971,388,512684,Main Accused
972,389,508912,Main Accused
973,389,510986,Co-Accused
974,389,507922,Main Accused
975,389,505231,Main Accused
976,390,519371,Co-Accused
977,390,512150,Main Accused
978,391,504569,Main Accused
979,391,505264,Main Accused
980,391,518904,Main Accused
981,392,521315,Main Accused
982,393,508380,Main Accused
983,393,512735,Co-Accused
984,393,501277,Main Accused
985,394,501095,Co-Accused
986,394,511398,Main Accused
987,394,500533,Co-Accused
988,394,509867,Co-Accused
989,395,520059,Co-Accused
990,395,507559,Main Accused
991,395,523201,Main Accused
992,395,500230,Co-Accused
993,396,517481,Main Accused
994,396,502213,Main Accused
995,397,516740,Co-Accused
996,397,511889,Main Accused
997,397,514895,Co-Accused
998,397,504584,Co-Accused
999,398,523056,Co-Accused
1000,398,505153,Main Accused
1001,398,505398,Co-Accused
1002,399,508034,Main Accused
1003,399,508145,Co-Accused
1004,399,508298,Main Accused
1005,399,503088,Co-Accused
1006,400,524669,Co-Accused
1007,400,507742,Co-Accused
1008,401,524030,Co-Accused
1009,401,501071,Co-Accused
1010,401,523536,Main Accused
1011,401,505527,Co-Accused
1012,402,507163,Co-Accused
1013,402,523911,Co-Accused
1014,402,521242,Co-Accused
1015,403,516693,Main Accused
1016,403,501264,Co-Accused
1017,403,500607,Main Accused
1018,403,508134,Co-Accused
1019,404,521170,Main Accused
1020,405,513082,Co-Accused
1021,405,519697,Main Accused
1022,405,521213,Main Accused
1023,406,503950,Main Accused
1024,406,503934,Main Accused
1025,406,516102,Co-Accused
1026,407,520575,Co-Accused
1027,407,515819,Main Accused
1028,408,501923,Co-Accused
1029,408,511183,Main Accused
1030,408,508320,Co-Accused
1031,408,506274,Co-Accused
1032,409,516299,Main Accused
1033,409,506825,Main Accused
1034,409,505508,Co-Accused
1035,410,513222,Co-Accused
1036,411,504980,Co-Accused
1037,411,518622,Main Accused
1038,411,517563,Main Accused
1039,412,517287,Main Accused
1040,412,508717,Co-Accused
1041,412,504825,Main Accused
1042,413,509177,Co-Accused
1043,413,521615,Co-Accused
1044,413,521798,Co-Accused
1045,413,511895,Main Accused
1046,414,523606,Main Accused
1047,414,502746,Co-Accused
1048,415,517469,Main Accused
1049,416,519151,Main Accused
1050,417,509649,Main Accused
1051,417,515047,Main Accused
1052,418,519110,Co-Accused
1053,419,511087,Co-Accused
1054,419,522525,Main Accused
1055,420,515680,Main Accused
1056,420,510673,Main Accused
1057,420,511488,Co-Accused
1058,420,504764,Co-Accused
1059,421,519101,Co-Accused
1060,421,509155,Co-Accused
1061,421,513392,Main Accused
1062,421,504168,Co-Accused
1063,422,517244,Main Accused
1064,423,502386,Co-Accused
1065,424,515010,Main Accused
1066,425,513094,Co-Accused
1067,425,513124,Main Accused
1068,426,508381,Main Accused
1069,426,519307,Co-Accused
1070,426,507076,Main Accused
1071,426,524360,Main Accused
1072,427,507932,Main Accused
1073,428,501683,Main Accused
1074,428,506036,Main Accused
1075,429,502878,Main Accused
1076,429,514838,Co-Accused
1077,429,521251,Co-Accused
1078,429,523671,Main Accused
1079,430,512244,Co-Accused
1080,430,523744,Co-Accused
1081,430,509207,Co-Accused
1082,431,507890,Main Accused
1083,431,501347,Main Accused
1084,431,524910,Co-Accused
1085,432,522250,Co-Accused
1086,432,510852,Co-Accused
1087,433,505355,Main Accused
1088,433,511791,Main Accused
1089,433,500005,Main Accused
1090,434,513096,Co-Accused
1091,434,522808,Co-Accused
1092,434,523196,Co-Accused
1093,434,517028,Co-Accused
1094,435,518840,Co-Accused
1095,435,501243,Main Accused
1096,435,521078,Main Accused
1097,435,521784,Main Accused
1098,436,517216,Main Accused
1099,436,517872,Main Accused
1100,437,507402,Main Accused
1101,437,505492,Co-Accused
1102,437,518118,Main Accused
1103,438,524587,Main Accused
1104,439,516938,Main Accused
1105,439,506343,Main Accused
1106,439,518834,Main Accused
1107,439,518461,Main Accused
1108,440,522961,Co-Accused
1109,440,519412,Co-Accused
1110,440,523005,Main Accused
1111,441,503445,Co-Accused
1112,441,510668,Co-Accused
1113,442,511431,Main Accused
1114,442,513087,Co-Accused
1115,443,511003,Co-Accused
1116,443,511059,Co-Accused
1117,443,519331,Main Accused
1118,443,503491,Main Accused
1119,444,511131,Main Accused
1120,444,515200,Main Accused
1121,445,505867,Co-Accused
1122,446,523138,Main Accused
1123,447,522070,Co-Accused
1124,447,501885,Main Accused
1125,447,519822,Co-Accused
1126,447,508190,Co-Accused
1127,448,515741,Main Accused
1128,449,523456,Co-Accused
1129,449,507315,Co-Accused
1130,449,501115,Main Accused
1131,450,504165,Co-Accused
1132,451,511386,Co-Accused
1133,451,501579,Main Accused
1134,451,505834,Main Accused
1135,452,510866,Main Accused
1136,453,509243,Co-Accused
1137,453,513758,Co-Accused
1138,454,503002,Main Accused
1139,454,518376,Co-Accused
1140,455,524846,Co-Accused
1141,455,503958,Main Accused
1142,455,506500,Co-Accused
1143,456,503961,Main Accused
1144,456,513221,Co-Accused
1145,456,524562,Main Accused
1146,456,510547,Co-Accused
1147,457,511560,Main Accused
1148,457,509566,Main Accused
1149,457,517787,Main Accused
1150,458,503294,Main Accused
1151,458,514635,Co-Accused
1152,458,510715,Co-Accused
1153,458,522994,Co-Accused
1154,459,522755,Main Accused
1155,460,500631,Main Accused
1156,460,501790,Co-Accused
1157,460,512188,Main Accused
1158,460,511789,Co-Accused
1159,461,520000,Main Accused
1160,461,521559,Co-Accused
1161,461,519104,Co-Accused
1162,462,521170,Co-Accused
1163,462,520353,Co-Accused
1164,462,509853,Co-Accused
1165,463,515491,Co-Accused
1166,463,509713,Main Accused
1167,464,500929,Main Accused
1168,464,514296,Main Accused
1169,464,505558,Main Accused
1170,464,522654,Co-Accused
1171,465,514228,Main Accused
1172,465,521341,Co-Accused
1173,466,515043,Co-Accused
1174,466,516636,Main Accused
1175,466,506637,Main Accused
1176,466,521724,Co-Accused
1177,467,510546,Main Accused
1178,468,521099,Co-Accused
1179,469,516247,Main Accused
1180,469,521914,Co-Accused
1181,469,522225,Main Accused
1182,469,507610,Co-Accused
1183,470,504288,Main Accused
1184,470,519508,Co-Accused
1185,471,523652,Co-Accused
1186,471,506150,Main Accused
1187,472,512521,Co-Accused
1188,472,508698,Co-Accused
1189,472,521991,Main Accused
1190,473,504922,Co-Accused
1191,474,512787,Co-Accused
1192,475,503272,Main Accused
1193,476,517597,Co-Accused
1194,476,511046,Co-Accused
1195,476,516309,Main Accused
1196,477,521770,Co-Accused
1197,477,500128,Co-Accused
1198,477,516253,Co-Accused
1199,477,518060,Co-Accused
1200,478,501309,Co-Accused
1201,478,511343,Main Accused
1202,478,508941,Main Accused
1203,478,521435,Co-Accused
1204,479,501942,Main Accused
1205,479,517189,Main Accused
1206,480,506232,Main Accused
1207,480,521501,Co-Accused
1208,480,507213,Main Accused
1209,480,515336,Co-Accused
1210,481,514055,Co-Accused
1211,482,514279,Co-Accused
1212,483,517730,Co-Accused
1213,483,515270,Main Accused
1214,484,518586,Co-Accused
1215,484,517116,Co-Accused
1216,485,503084,Co-Accused
1217,485,512192,Main Accused
1218,485,510941,Co-Accused
1219,486,517934,Main Accused
1220,486,521298,Co-Accused
1221,487,511738,Main Accused
1222,487,521615,Co-Accused
1223,488,500338,Co-Accused
1224,488,501136,Main Accused
1225,488,502216,Main Accused
1226,489,521323,Co-Accused
1227,489,520693,Main Accused
1228,489,502521,Co-Accused
1229,489,523328,Main Accused
1230,490,524768,Main Accused
1231,490,518785,Co-Accused
1232,490,508475,Co-Accused
1233,491,510632,Main Accused
1234,491,521566,Co-Accused
1235,491,500939,Main Accused
1236,492,506462,Main Accused
1237,492,513398,Co-Accused
1238,493,512179,Main Accused
1239,493,500661,Main Accused
1240,494,520683,Co-Accused
1241,494,509551,Main Accused
1242,495,510691,Co-Accused
1243,496,518175,Main Accused
1244,497,515375,Co-Accused
1245,497,516224,Co-Accused
1246,497,516407,Main Accused
1247,497,517178,Co-Accused
1248,498,519375,Co-Accused
1249,498,512992,Co-Accused
1250,498,523340,Main Accused
1251,499,510545,Main Accused
1252,499,523356,Co-Accused
1253,499,503597,Co-Accused
1254,500,502256,Main Accused
1255,500,512709,Co-Accused
1256,500,523625,Co-Accused
1257,501,507022,Co-Accused
1258,501,506382,Co-Accused
1259,502,510124,Main Accused
1260,502,519935,Main Accused
1261,503,520232,Main Accused
1262,504,502567,Co-Accused
1263,505,522128,Main Accused
1264,505,504906,Co-Accused
1265,506,511366,Main Accused
1266,506,506286,Main Accused
1267,507,515250,Co-Accused
1268,507,508046,Main Accused
1269,507,506035,Main Accused
1270,508,504285,Main Accused
1271,509,507146,Main Accused
1272,509,503260,Main Accused
1273,509,514866,Co-Accused
1274,510,502992,Main Accused
1275,511,513449,Main Accused
1276,511,514984,Main Accused
1277,511,522985,Co-Accused
1278,511,509586,Main Accused
1279,512,524434,Main Accused
1280,513,508569,Main Accused
1281,514,516560,Co-Accused
1282,514,523776,Main Accused
1283,515,500453,Co-Accused
1284,516,512871,Co-Accused
1285,517,504865,Co-Accused
1286,517,508328,Co-Accused
1287,517,517895,Co-Accused
1288,517,509727,Main Accused
1289,518,513306,Co-Accused
1290,518,513714,Co-Accused
1291,518,504932,Main Accused
1292,519,506432,Main Accused
1293,519,506579,Main Accused
1294,519,501110,Co-Accused
1295,519,511803,Co-Accused
1296,520,522512,Co-Accused
1297,520,501977,Co-Accused
1298,521,505216,Co-Accused
1299,521,501608,Co-Accused
1300,521,520701,Co-Accused
1301,522,520474,Co-Accused
1302,522,514050,Main Accused
1303,522,520162,Co-Accused
1304,523,518352,Main Accused
1305,523,513727,Main Accused
1306,523,509270,Co-Accused
1307,523,523395,Co-Accused
1308,524,508545,Co-Accused
1309,524,500269,Main Accused
1310,524,508066,Co-Accused
1311,524,518548,Main Accused
1312,525,523772,Main Accused
1313,525,509581,Main Accused
1314,525,518289,Co-Accused
1315,525,519064,Main Accused
1316,526,511617,Co-Accused
1317,527,502834,Main Accused
1318,527,520260,Main Accused
1319,528,519323,Co-Accused
1320,528,516728,Co-Accused
1321,528,521566,Co-Accused
1322,528,511396,Main Accused
1323,529,510328,Main Accused
1324,529,509179,Main Accused
1325,530,513362,Co-Accused
1326,530,512561,Co-Accused
1327,531,511414,Main Accused
1328,531,515842,Main Accused
1329,531,520272,Main Accused
1330,532,523885,Main Accused
1331,532,523732,Co-Accused
1332,533,502063,Co-Accused
1333,534,514714,Main Accused
1334,534,513834,Co-Accused
1335,534,509628,Main Accused
1336,534,504455,Co-Accused
1337,535,516484,Main Accused
1338,535,504641,Main Accused
1339,536,513905,Co-Accused
1340,536,503683,Main Accused
1341,537,503160,Main Accused
1342,537,500947,Co-Accused
1343,538,515583,Co-Accused
1344,538,510070,Main Accused
1345,539,524938,Co-Accused
1346,539,509051,Main Accused
1347,539,513613,Main Accused
1348,539,508868,Main Accused
1349,540,506524,Co-Accused
1350,541,521267,Main Accused
1351,541,516995,Co-Accused
1352,542,523171,Co-Accused
1353,542,511681,Main Accused
1354,542,513935,Co-Accused
1355,542,520721,Main Accused
1356,543,520512,Co-Accused
1357,543,511842,Main Accused
1358,543,513215,Co-Accused
1359,543,516936,Main Accused
1360,544,504637,Co-Accused
1361,544,511423,Main Accused
1362,544,511489,Main Accused
1363,544,502393,Main Accused
1364,545,512832,Main Accused
1365,545,514318,Main Accused
1366,545,506098,Co-Accused
1367,545,524021,Main Accused
1368,546,500391,Co-Accused
1369,547,501968,Main Accused
1370,547,512284,Co-Accused
1371,547,519309,Main Accused
1372,547,506439,Co-Accused
1373,548,509494,Main Accused
1374,548,509255,Co-Accused
1375,549,509845,Co-Accused
1376,550,510344,Main Accused
1377,550,518128,Main Accused
1378,551,509002,Co-Accused
1379,551,523514,Co-Accused
1380,551,511286,Co-Accused
1381,551,510759,Main Accused
1382,552,523011,Co-Accused
1383,552,500609,Main Accused
1384,553,519168,Co-Accused
1385,553,504743,Co-Accused
1386,554,514160,Main Accused
1387,554,507437,Main Accused
1388,554,511821,Co-Accused
1389,554,521739,Co-Accused
1390,555,511778,Co-Accused
1391,555,502833,Main Accused
1392,556,503764,Main Accused
1393,556,514124,Co-Accused
1394,556,500704,Co-Accused
1395,557,504667,Co-Accused
1396,558,511501,Co-Accused
1397,558,522677,Main Accused
1398,558,502075,Main Accused
1399,559,517902,Co-Accused
1400,560,502683,Main Accused
1401,560,506402,Main Accused
1402,560,504037,Main Accused
1403,560,519508,Co-Accused
1404,561,500707,Co-Accused
1405,562,508464,Co-Accused
1406,563,501578,Main Accused
1407,563,524805,Co-Accused
1408,564,508009,Co-Accused
1409,565,511218,Co-Accused
1410,565,520493,Main Accused
1411,566,514932,Main Accused
1412,566,520962,Co-Accused
1413,567,517154,Co-Accused
1414,567,519132,Co-Accused
1415,567,522531,Co-Accused
1416,567,512083,Main Accused
1417,568,518625,Main Accused
1418,568,504217,Main Accused
1419,568,523566,Co-Accused
1420,568,504104,Main Accused
1421,569,510585,Co-Accused
1422,569,506857,Co-Accused
1423,570,522603,Co-Accused
1424,570,521471,Main Accused
1425,570,513185,Co-Accused
1426,570,519144,Main Accused
1427,571,523867,Main Accused
1428,571,523111,Co-Accused
1429,571,507417,Main Accused
1430,571,511885,Main Accused
1431,572,516778,Co-Accused
1432,573,512143,Main Accused
1433,573,519615,Main Accused
1434,574,511391,Co-Accused
1435,574,503753,Co-Accused
1436,574,516843,Main Accused
1437,575,522520,Main Accused
1438,575,515549,Main Accused
1439,576,504851,Co-Accused
1440,576,521575,Co-Accused
1441,576,505011,Co-Accused
1442,576,515253,Co-Accused
1443,577,507891,Co-Accused
1444,578,514987,Co-Accused
1445,579,518902,Co-Accused
1446,579,512727,Main Accused
1447,579,503818,Main Accused
1448,579,506495,Co-Accused
1449,580,512777,Co-Accused
1450,580,517992,Co-Accused
1451,581,507024,Main Accused
1452,582,502340,Main Accused
1453,582,517126,Co-Accused
1454,583,518041,Co-Accused
1455,583,522332,Main Accused
1456,583,524494,Co-Accused
1457,583,519460,Co-Accused
1458,584,523842,Co-Accused
1459,584,503747,Main Accused
1460,585,506188,Co-Accused
1461,585,519759,Main Accused
1462,585,521531,Co-Accused
1463,585,522374,Co-Accused
1464,586,513192,Main Accused
1465,586,518979,Co-Accused
1466,586,503210,Co-Accused
1467,587,510796,Co-Accused
1468,587,509154,Main Accused
1469,587,518982,Co-Accused
1470,587,501263,Co-Accused
1471,588,506137,Co-Accused
1472,588,504612,Co-Accused
1473,588,501806,Co-Accused
1474,588,521894,Co-Accused
1475,589,523988,Main Accused
1476,589,502044,Co-Accused
1477,590,513231,Co-Accused
1478,590,508943,Main Accused
1479,591,519450,Co-Accused
1480,591,520563,Main Accused
1481,591,518600,Co-Accused
1482,591,510802,Main Accused
1483,592,523619,Co-Accused
1484,592,505722,Co-Accused
1485,593,507308,Main Accused
1486,593,504840,Main Accused
1487,593,510055,Co-Accused
1488,594,500748,Co-Accused
1489,594,506091,Main Accused
1490,595,501020,Main Accused
1491,596,524652,Co-Accused
1492,596,505364,Co-Accused
1493,596,502382,Main Accused
1494,597,504661,Co-Accused
1495,597,516476,Co-Accused
1496,597,522420,Main Accused
1497,597,520120,Main Accused
1498,598,520077,Main Accused
1499,598,505257,Co-Accused
1500,598,517325,Co-Accused
1501,599,511435,Main Accused
1502,600,524102,Co-Accused
1503,601,512611,Co-Accused
1504,602,514589,Co-Accused
1505,602,514134,Co-Accused
1506,602,513155,Co-Accused
1507,603,522930,Co-Accused
1508,603,507613,Main Accused
1509,604,514934,Co-Accused
1510,604,510743,Co-Accused
1511,605,505538,Main Accused
1512,606,508361,Main Accused
1513,607,514353,Co-Accused
1514,607,524817,Co-Accused
1515,608,517070,Co-Accused
1516,608,524772,Main Accused
1517,609,500169,Co-Accused
1518,609,515874,Main Accused
1519,609,500379,Co-Accused
1520,610,503654,Main Accused
1521,610,517697,Main Accused
1522,611,514189,Co-Accused
1523,611,505327,Main Accused
1524,611,517536,Main Accused
1525,612,509781,Main Accused
1526,612,509017,Co-Accused
1527,612,505300,Main Accused
1528,612,522236,Main Accused
1529,613,521471,Co-Accused
1530,613,516741,Main Accused
1531,614,523339,Main Accused
1532,614,521099,Main Accused
1533,614,515506,Main Accused
1534,615,522693,Co-Accused
1535,615,520237,Main Accused
1536,616,521689,Main Accused
1537,616,508053,Co-Accused
1538,616,516119,Main Accused
1539,616,521836,Co-Accused
1540,617,508977,Co-Accused
1541,618,520147,Main Accused
1542,618,500570,Co-Accused
1543,619,515080,Co-Accused
1544,619,511783,Main Accused
1545,620,517763,Co-Accused
1546,620,502958,Main Accused
1547,620,503082,Co-Accused
1548,620,506472,Co-Accused
1549,621,524586,Main Accused
1550,621,520507,Main Accused
1551,621,515745,Main Accused
1552,622,523129,Main Accused
1553,622,508354,Co-Accused
1554,622,508607,Main Accused
1555,623,506364,Co-Accused
1556,623,521698,Co-Accused
1557,623,500639,Co-Accused
1558,624,512285,Co-Accused
1559,624,520257,Co-Accused
1560,624,501647,Main Accused
1561,624,523071,Co-Accused
1562,625,524562,Co-Accused
1563,625,505775,Co-Accused
1564,625,518960,Co-Accused
1565,625,503528,Main Accused
1566,626,520442,Co-Accused
1567,626,507706,Co-Accused
1568,626,519346,Main Accused
1569,626,522500,Main Accused
1570,627,519404,Co-Accused
1571,628,520721,Co-Accused
1572,628,508319,Co-Accused
1573,629,524328,Main Accused
1574,629,509954,Co-Accused
1575,629,524266,Main Accused
1576,629,504924,Main Accused
1577,630,509348,Co-Accused
1578,630,504991,Co-Accused
1579,630,502221,Main Accused
1580,631,518571,Co-Accused
1581,632,511334,Main Accused
1582,633,506881,Main Accused
1583,633,506386,Co-Accused
1584,633,501857,Main Accused
1585,634,501830,Co-Accused
1586,634,524074,Main Accused
1587,634,508084,Main Accused
1588,635,515340,Main Accused
1589,635,507899,Main Accused
1590,636,501263,Co-Accused
1591,636,519534,Main Accused
1592,637,501433,Co-Accused
1593,638,504861,Co-Accused
1594,638,508383,Main Accused
1595,639,520311,Main Accused
1596,639,500010,Main Accused
1597,639,506560,Main Accused
1598,639,503516,Co-Accused
1599,640,511487,Co-Accused
1600,640,506786,Main Accused
1601,641,519312,Co-Accused
1602,641,509613,Main Accused
1603,641,506051,Main Accused
1604,641,508595,Main Accused
1605,642,512952,Co-Accused
1606,642,523027,Co-Accused
1607,642,510775,Co-Accused
1608,643,523629,Co-Accused
1609,643,501286,Co-Accused
1610,643,505638,Main Accused
1611,643,512843,Co-Accused
1612,644,522529,Co-Accused
1613,644,510207,Co-Accused
1614,645,504543,Co-Accused
1615,645,519969,Co-Accused
1616,645,510342,Co-Accused
1617,645,511910,Co-Accused
1618,646,515251,Co-Accused
1619,646,511950,Co-Accused
1620,646,509536,Co-Accused
1621,646,517744,Co-Accused
1622,647,514968,Co-Accused
1623,648,516277,Main Accused
1624,648,515769,Co-Accused
1625,649,516007,Co-Accused
1626,650,506416,Main Accused
1627,651,513522,Main Accused
1628,651,505677,Co-Accused
1629,651,509393,Co-Accused
1630,652,500644,Main Accused
1631,653,501617,Co-Accused
1632,653,502042,Co-Accused
1633,653,513151,Co-Accused
1634,654,520383,Co-Accused
1635,655,511102,Co-Accused
1636,655,521675,Co-Accused
1637,655,507580,Co-Accused
1638,655,501228,Co-Accused
1639,656,514867,Co-Accused
1640,656,516936,Main Accused
1641,657,509291,Co-Accused
1642,657,516919,Co-Accused
1643,658,500303,Main Accused
1644,659,514564,Main Accused
1645,659,519647,Main Accused
1646,660,500376,Co-Accused
1647,660,513867,Co-Accused
1648,660,508756,Co-Accused
1649,661,500274,Main Accused
1650,661,513812,Main Accused
1651,661,518515,Main Accused
1652,661,523414,Main Accused
1653,662,507646,Main Accused
1654,662,513871,Main Accused
1655,663,514711,Co-Accused
1656,663,505608,Co-Accused
1657,664,507289,Co-Accused
1658,664,506899,Main Accused
1659,665,513342,Main Accused
1660,665,501339,Main Accused
1661,665,500989,Co-Accused
1662,665,507298,Co-Accused
1663,666,502278,Main Accused
1664,666,511609,Co-Accused
1665,666,516715,Co-Accused
1666,666,503477,Co-Accused
1667,667,508933,Co-Accused
1668,668,520394,Co-Accused
1669,669,516352,Co-Accused
1670,669,519503,Main Accused
1671,670,506953,Main Accused
1672,670,510905,Co-Accused
1673,670,515846,Main Accused
1674,671,523297,Co-Accused
1675,671,512513,Main Accused
1676,672,503720,Co-Accused
1677,672,524951,Co-Accused
1678,672,502036,Co-Accused
1679,672,513421,Main Accused
1680,673,516300,Main Accused
1681,673,508762,Main Accused
1682,673,512083,Main Accused
1683,674,509796,Co-Accused
1684,675,512408,Main Accused
1685,676,505082,Co-Accused
1686,677,511552,Co-Accused
1687,677,524421,Co-Accused
1688,678,507346,Main Accused
1689,678,502829,Main Accused
1690,679,500221,Main Accused
1691,679,512355,Co-Accused
1692,680,511684,Main Accused
1693,680,514754,Co-Accused
1694,681,503140,Main Accused
1695,681,511141,Main Accused
1696,682,507858,Co-Accused
1697,683,510887,Co-Accused
1698,683,517441,Co-Accused
1699,683,516597,Main Accused
1700,684,517026,Co-Accused
1701,684,502821,Main Accused
1702,685,504955,Main Accused
1703,685,523077,Co-Accused
1704,686,508697,Co-Accused
1705,686,508774,Co-Accused
1706,687,506766,Main Accused
1707,687,500153,Co-Accused
1708,688,522492,Co-Accused
1709,689,524729,Co-Accused
1710,689,507159,Main Accused
1711,689,502042,Co-Accused
1712,689,502742,Main Accused
1713,690,515926,Co-Accused
1714,690,512535,Co-Accused
1715,690,520323,Co-Accused
1716,691,500105,Co-Accused
1717,691,507735,Co-Accused
1718,691,519886,Main Accused
1719,691,502407,Co-Accused
1720,692,503732,Main Accused
1721,692,501317,Main Accused
1722,692,515345,Main Accused
1723,693,506786,Main Accused
1724,694,508806,Main Accused
1725,694,509770,Main Accused
1726,695,509540,Co-Accused
1727,695,517620,Co-Accused
1728,695,512068,Main Accused
1729,695,522275,Co-Accused
1730,696,503203,Co-Accused
1731,696,522387,Main Accused
1732,696,501900,Main Accused
1733,696,500131,Co-Accused
1734,697,508095,Co-Accused
1735,697,522336,Main Accused
1736,697,522007,Co-Accused
1737,697,505610,Co-Accused
1738,698,524208,Co-Accused
1739,698,517518,Main Accused
1740,699,502517,Co-Accused
1741,699,510039,Main Accused
1742,699,516181,Main Accused
1743,700,501366,Co-Accused
1744,700,502753,Co-Accused
1745,701,510502,Main Accused
1746,701,505867,Co-Accused
1747,701,521969,Main Accused
1748,702,507918,Co-Accused
1749,702,513238,Main Accused
1750,702,523483,Co-Accused
1751,703,521171,Main Accused
1752,703,513909,Co-Accused
1753,703,511500,Main Accused
1754,703,522510,Co-Accused
1755,704,502499,Main Accused
1756,704,511855,Co-Accused
1757,704,515575,Main Accused
1758,704,506636,Co-Accused
1759,705,507393,Co-Accused
1760,706,500385,Main Accused
1761,707,506110,Main Accused
1762,707,502757,Co-Accused
1763,707,507015,Co-Accused
1764,708,513179,Co-Accused
1765,708,506859,Main Accused
1766,708,505851,Main Accused
1767,709,518015,Co-Accused
1768,709,520829,Co-Accused
1769,709,505586,Main Accused
1770,709,521253,Main Accused
1771,710,524502,Co-Accused
1772,710,519155,Main Accused
1773,710,517845,Main Accused
1774,711,504046,Main Accused
1775,711,505596,Co-Accused
1776,711,521962,Co-Accused
1777,711,502843,Co-Accused
1778,712,521040,Main Accused
1779,712,506628,Co-Accused
1780,713,522419,Co-Accused
1781,713,523967,Main Accused
1782,713,512900,Co-Accused
1783,713,520888,Co-Accused
1784,714,509112,Main Accused
1785,714,515764,Main Accused
1786,715,523458,Main Accused
1787,715,502689,Main Accused
1788,715,521777,Main Accused
1789,715,514527,Co-Accused
1790,716,512487,Main Accused
1791,717,503393,Main Accused
1792,717,511384,Co-Accused
1793,718,506863,Co-Accused
1794,718,509443,Co-Accused
1795,718,523620,Main Accused
1796,718,504392,Co-Accused
1797,719,509768,Co-Accused
1798,719,500124,Main Accused
1799,719,515784,Main Accused
1800,719,506237,Co-Accused
1801,720,509379,Main Accused
1802,721,520668,Co-Accused
1803,721,517218,Main Accused
1804,721,511985,Main Accused
1805,721,517435,Main Accused
1806,722,513722,Main Accused
1807,722,517344,Co-Accused
1808,722,512088,Main Accused
1809,722,522353,Main Accused
1810,723,509755,Co-Accused
1811,723,504665,Main Accused
1812,723,505643,Co-Accused
1813,724,503122,Co-Accused
1814,725,504581,Main Accused
1815,726,504202,Co-Accused
1816,726,509780,Main Accused
1817,726,504755,Co-Accused
1818,727,520970,Main Accused
1819,727,513709,Co-Accused
1820,727,516515,Co-Accused
1821,727,523772,Main Accused
1822,728,509177,Co-Accused
1823,729,516550,Main Accused
1824,729,501362,Co-Accused
1825,729,503919,Main Accused
1826,730,520308,Main Accused
1827,730,522806,Co-Accused
1828,730,516208,Co-Accused
1829,731,506431,Main Accused
1830,731,509179,Main Accused
1831,731,517808,Co-Accused
1832,732,511862,Co-Accused
1833,732,504198,Main Accused
1834,732,509894,Co-Accused
1835,733,502025,Co-Accused
1836,733,510593,Co-Accused
1837,733,522610,Main Accused
1838,733,524346,Main Accused
1839,734,506187,Main Accused
1840,735,517567,Main Accused
1841,735,506242,Co-Accused
1842,736,504565,Co-Accused
1843,736,522149,Main Accused
1844,736,514333,Co-Accused
1845,737,508458,Co-Accused
1846,738,513313,Main Accused
1847,738,524363,Co-Accused
1848,738,508444,Main Accused
1849,738,510147,Main Accused
1850,739,510144,Co-Accused
1851,739,502598,Co-Accused
1852,739,512303,Co-Accused
1853,740,501469,Co-Accused
1854,740,520330,Co-Accused
1855,741,514591,Co-Accused
1856,741,503751,Main Accused
1857,741,502549,Main Accused
1858,742,506865,Main Accused
1859,742,502318,Main Accused
1860,742,508205,Main Accused
1861,743,516977,Main Accused
1862,743,517259,Co-Accused
1863,743,516268,Main Accused
1864,743,518346,Co-Accused
1865,744,510774,Main Accused
1866,744,506319,Main Accused
1867,744,501823,Main Accused
1868,745,507076,Co-Accused
1869,746,507144,Main Accused
1870,746,500548,Co-Accused
1871,746,507863,Co-Accused
1872,746,503734,Main Accused
1873,747,513226,Co-Accused
1874,747,517827,Co-Accused
1875,748,505002,Main Accused
1876,748,513820,Main Accused
1877,748,522082,Main Accused
1878,749,512811,Main Accused
1879,749,510644,Co-Accused
1880,749,522413,Co-Accused
1881,750,513449,Main Accused
1882,750,523877,Main Accused
1883,750,503774,Co-Accused
1884,750,502485,Main Accused
1885,751,502293,Main Accused
1886,751,506405,Main Accused
1887,751,507095,Co-Accused
1888,752,504698,Main Accused
1889,753,520268,Co-Accused
1890,753,517503,Co-Accused
1891,753,513016,Main Accused
1892,754,502672,Co-Accused
1893,755,521035,Co-Accused
1894,755,507569,Main Accused
1895,755,515105,Co-Accused
1896,756,517600,Co-Accused
1897,757,500747,Main Accused
1898,757,512600,Co-Accused
1899,757,510702,Main Accused
1900,758,506619,Co-Accused
1901,758,505709,Main Accused
1902,758,514168,Main Accused
1903,759,515492,Main Accused
1904,759,514683,Main Accused
1905,759,505954,Main Accused
1906,759,513043,Main Accused
1907,760,501929,Co-Accused
1908,761,502938,Co-Accused
1909,761,519308,Co-Accused
1910,761,504270,Main Accused
1911,762,511080,Main Accused
1912,762,502707,Main Accused
1913,763,524616,Co-Accused
1914,763,509791,Main Accused
1915,763,507214,Co-Accused
1916,763,502449,Co-Accused
1917,764,524546,Main Accused
1918,764,509048,Co-Accused
1919,765,524744,Main Accused
1920,765,522861,Co-Accused
1921,766,518563,Co-Accused
1922,767,503073,Main Accused
1923,767,505036,Main Accused
1924,767,509843,Co-Accused
1925,768,503898,Main Accused
1926,768,521835,Co-Accused
1927,768,511052,Main Accused
1928,768,514713,Co-Accused
1929,769,516630,Co-Accused
1930,769,501207,Main Accused
1931,770,521286,Co-Accused
1932,770,503530,Main Accused
1933,770,519851,Main Accused
1934,771,501383,Main Accused
1935,771,523954,Co-Accused
1936,771,511814,Co-Accused
1937,771,515835,Co-Accused
1938,772,507706,Co-Accused
1939,772,500152,Main Accused
1940,773,517996,Co-Accused
1941,774,514276,Co-Accused
1942,774,516138,Main Accused
1943,774,519777,Co-Accused
1944,775,510474,Co-Accused
1945,775,524667,Main Accused
1946,775,502860,Co-Accused
1947,776,506209,Co-Accused
1948,776,523930,Co-Accused
1949,776,504911,Main Accused
1950,777,518875,Main Accused
1951,778,500255,Main Accused
1952,778,515541,Main Accused
1953,778,506858,Co-Accused
1954,778,510452,Main Accused
1955,779,518617,Main Accused
1956,779,519550,Main Accused
1957,779,509525,Co-Accused
1958,780,506120,Main Accused
1959,780,502203,Main Accused
1960,781,523982,Main Accused
1961,782,519817,Co-Accused
1962,782,503820,Co-Accused
1963,782,502701,Main Accused
1964,782,522252,Co-Accused
1965,783,523766,Main Accused
1966,783,505759,Main Accused
1967,783,502574,Co-Accused
1968,783,505339,Co-Accused
1969,784,521580,Main Accused
1970,784,515407,Co-Accused
1971,784,506327,Co-Accused
1972,785,521273,Co-Accused
1973,785,513713,Co-Accused
1974,785,524469,Co-Accused
1975,786,514046,Main Accused
1976,786,506582,Main Accused
1977,786,518708,Co-Accused
1978,787,521072,Main Accused
1979,787,507017,Co-Accused
1980,788,516641,Main Accused
1981,789,516565,Main Accused
1982,790,514034,Co-Accused
1983,791,518192,Co-Accused
1984,791,516082,Main Accused
1985,791,516581,Co-Accused
1986,791,519121,Main Accused
1987,792,520461,Main Accused
1988,793,505731,Co-Accused
1989,793,506043,Co-Accused
1990,794,500738,Co-Accused
1991,794,507457,Main Accused
1992,794,512905,Main Accused
1993,795,506313,Main Accused
1994,796,506016,Main Accused
1995,797,508874,Co-Accused
1996,797,503770,Main Accused
1997,797,505801,Main Accused
1998,797,512456,Co-Accused
1999,798,513697,Co-Accused
2000,799,513159,Co-Accused
2001,799,516799,Co-Accused
2002,799,504526,Main Accused
2003,799,503210,Main Accused
2004,800,522178,Main Accused
2005,801,505911,Co-Accused
2006,802,505878,Main Accused
2007,802,518549,Main Accused
2008,802,513311,Main Accused
2009,803,500979,Co-Accused
2010,803,505972,Main Accused
2011,803,524820,Main Accused
2012,803,514721,Main Accused
2013,804,520668,Main Accused
2014,805,512269,Co-Accused
2015,805,506802,Main Accused
2016,805,504147,Main Accused
2017,805,512329,Main Accused
2018,806,519920,Main Accused
2019,807,524074,Main Accused
2020,807,504895,Main Accused
2021,807,508437,Co-Accused
2022,807,513701,Co-Accused
2023,808,516450,Main Accused
2024,808,508657,Co-Accused
2025,808,514444,Main Accused
2026,808,522317,Main Accused
2027,809,500981,Co-Accused
2028,809,519517,Co-Accused
2029,809,520409,Co-Accused
2030,810,520864,Co-Accused
2031,810,523513,Main Accused
2032,811,502420,Main Accused
2033,812,513707,Main Accused
2034,812,502186,Main Accused
2035,813,516419,Co-Accused
2036,813,508081,Main Accused
2037,813,506506,Main Accused
2038,813,516680,Main Accused
2039,814,506138,Main Accused
2040,815,515589,Co-Accused
2041,815,515524,Co-Accused
2042,815,505886,Main Accused
2043,816,505996,Main Accused
2044,817,516218,Co-Accused
2045,817,507221,Main Accused
2046,817,522643,Co-Accused
2047,818,516682,Main Accused
2048,818,504593,Co-Accused
2049,818,500326,Main Accused
2050,818,502969,Main Accused
2051,819,509649,Co-Accused
2052,820,508067,Co-Accused
2053,820,520375,Main Accused
2054,820,520844,Main Accused
2055,820,508677,Co-Accused
2056,821,501617,Co-Accused
2057,821,523360,Co-Accused
2058,822,514856,Co-Accused
2059,823,502120,Co-Accused
2060,823,500888,Co-Accused
2061,824,501136,Main Accused
2062,824,519395,Main Accused
2063,824,522286,Main Accused
2064,825,520075,Main Accused
2065,825,506675,Main Accused
2066,825,511555,Co-Accused
2067,825,510202,Main Accused
2068,826,511854,Co-Accused
2069,826,524247,Main Accused
2070,827,515322,Main Accused
2071,828,516999,Main Accused
2072,828,507153,Main Accused
2073,829,503695,Co-Accused
2074,829,510950,Co-Accused
2075,830,515360,Co-Accused
2076,830,518305,Co-Accused
2077,830,513097,Main Accused
2078,830,521293,Co-Accused
2079,831,502734,Co-Accused
2080,832,509976,Co-Accused
2081,832,504975,Main Accused
2082,832,518391,Co-Accused
2083,833,514815,Main Accused
2084,833,522550,Co-Accused
2085,833,501532,Co-Accused
2086,833,515534,Main Accused
2087,834,507471,Co-Accused
2088,834,505826,Main Accused
2089,834,524479,Co-Accused
2090,835,502572,Main Accused
2091,836,503658,Co-Accused
2092,836,521074,Co-Accused
2093,836,524471,Main Accused
2094,836,502059,Main Accused
2095,837,500477,Co-Accused
2096,838,503886,Co-Accused
2097,838,520996,Main Accused
2098,838,513552,Main Accused
2099,838,519966,Co-Accused
2100,839,523386,Main Accused
2101,839,518126,Co-Accused
2102,839,517881,Main Accused
2103,840,513232,Co-Accused
2104,840,515358,Co-Accused
2105,841,508358,Co-Accused
2106,841,521771,Co-Accused
2107,841,514574,Co-Accused
2108,841,514259,Co-Accused
2109,842,515444,Main Accused
2110,842,512708,Co-Accused
2111,843,518744,Main Accused
2112,843,515649,Co-Accused
2113,843,508758,Main Accused
2114,844,505152,Co-Accused
2115,844,518403,Main Accused
2116,844,504698,Co-Accused
2117,844,505280,Main Accused
2118,845,500269,Co-Accused
2119,845,514240,Co-Accused
2120,845,517972,Main Accused
2121,845,518924,Co-Accused
2122,846,522046,Main Accused
2123,846,506159,Co-Accused
2124,846,511913,Co-Accused
2125,846,517372,Main Accused
2126,847,519444,Co-Accused
2127,848,523697,Main Accused
2128,848,502931,Main Accused
2129,849,503763,Co-Accused
2130,850,514246,Co-Accused
2131,850,524500,Co-Accused
2132,851,502497,Main Accused
2133,851,501322,Co-Accused
2134,851,502698,Co-Accused
2135,852,502308,Co-Accused
2136,852,502663,Co-Accused
2137,853,515932,Co-Accused
2138,854,510231,Co-Accused
2139,854,500231,Main Accused
2140,854,519988,Main Accused
2141,854,508494,Co-Accused
2142,855,514800,Main Accused
2143,855,503112,Main Accused
2144,855,504964,Main Accused
2145,855,513813,Co-Accused
2146,856,501956,Main Accused
2147,856,518053,Co-Accused
2148,857,510363,Main Accused
2149,858,521388,Co-Accused
2150,858,506161,Main Accused
2151,859,519683,Main Accused
2152,860,522575,Co-Accused
2153,860,524361,Co-Accused
2154,861,512730,Co-Accused
2155,861,510582,Co-Accused
2156,862,501129,Main Accused
2157,863,510405,Co-Accused
2158,864,511623,Main Accused
2159,864,512957,Co-Accused
2160,865,523374,Co-Accused
2161,865,524127,Main Accused
2162,865,503016,Main Accused
2163,865,517370,Main Accused
2164,866,503341,Main Accused
2165,867,503514,Main Accused
2166,867,503426,Co-Accused
2167,867,516173,Co-Accused
2168,867,504875,Co-Accused
2169,868,520428,Co-Accused
2170,868,524980,Co-Accused
2171,868,515221,Co-Accused
2172,868,522559,Main Accused
2173,869,506600,Co-Accused
2174,870,505691,Co-Accused
2175,870,522911,Main Accused
2176,870,515014,Main Accused
2177,871,524565,Main Accused
2178,871,509042,Co-Accused
2179,871,500802,Co-Accused
2180,871,509842,Co-Accused
2181,872,516472,Main Accused
2182,872,503140,Main Accused
2183,872,523924,Main Accused
2184,872,505524,Main Accused
2185,873,507320,Co-Accused
2186,873,501902,Co-Accused
2187,873,502939,Main Accused
2188,874,511266,Co-Accused
2189,874,507989,Main Accused
2190,874,507145,Co-Accused
2191,875,508650,Main Accused
2192,875,506549,Co-Accused
2193,875,505221,Main Accused
2194,875,524057,Main Accused
2195,876,523553,Co-Accused
2196,876,509529,Main Accused
2197,876,521352,Main Accused
2198,877,509164,Main Accused
2199,877,521678,Main Accused
2200,877,521105,Main Accused
2201,878,522013,Co-Accused
2202,878,502643,Main Accused
2203,878,510272,Co-Accused
2204,878,513085,Main Accused
2205,879,510493,Co-Accused
2206,880,512706,Co-Accused
2207,880,506089,Co-Accused
2208,880,500104,Co-Accused
2209,880,500934,Main Accused
2210,881,522524,Co-Accused
2211,882,504341,Main Accused
2212,882,507748,Main Accused
2213,883,509352,Main Accused
2214,883,505350,Co-Accused
2215,883,520815,Co-Accused
2216,884,502366,Co-Accused
2217,885,511423,Main Accused
2218,885,513486,Co-Accused
2219,886,519180,Main Accused
2220,887,506405,Main Accused
2221,888,512123,Main Accused
2222,888,517531,Co-Accused
2223,888,520632,Co-Accused
2224,888,504680,Co-Accused
2225,889,522786,Main Accused
2226,889,513676,Co-Accused
2227,890,505569,Co-Accused
2228,890,521375,Co-Accused
2229,891,500618,Main Accused
2230,891,505886,Main Accused
2231,891,520300,Main Accused
2232,891,506560,Co-Accused
2233,892,505758,Co-Accused
2234,893,513883,Main Accused
2235,893,517528,Main Accused
2236,893,524191,Co-Accused
2237,893,505622,Co-Accused
2238,894,501687,Co-Accused
2239,894,503488,Co-Accused
2240,895,515934,Main Accused
2241,895,504161,Main Accused
2242,895,505435,Main Accused
2243,896,515395,Co-Accused
2244,896,521609,Main Accused
2245,896,504873,Main Accused
2246,896,524150,Main Accused
2247,897,519025,Co-Accused
2248,897,521904,Main Accused
2249,898,523357,Main Accused
2250,899,523321,Co-Accused
2251,899,523263,Main Accused
2252,899,503632,Main Accused
2253,900,521938,Main Accused
2254,900,523206,Main Accused
2255,901,504035,Co-Accused
2256,901,520666,Co-Accused
2257,901,517103,Main Accused
2258,901,516422,Main Accused
2259,902,518778,Main Accused
2260,903,502038,Main Accused
2261,903,520143,Main Accused
2262,903,513525,Co-Accused
2263,903,513302,Main Accused
2264,904,503296,Main Accused
2265,904,524240,Co-Accused
2266,904,500848,Co-Accused
2267,904,505142,Main Accused
2268,905,518087,Co-Accused
2269,906,507175,Main Accused
2270,906,513419,Main Accused
2271,907,511588,Co-Accused
2272,907,509716,Main Accused
2273,907,516068,Main Accused
2274,907,508072,Co-Accused
2275,908,521773,Main Accused
2276,908,509273,Main Accused
2277,908,519906,Co-Accused
2278,909,517049,Co-Accused
2279,909,502713,Co-Accused
2280,909,516147,Co-Accused
2281,909,507258,Main Accused
2282,910,509330,Main Accused
2283,910,506176,Co-Accused
2284,910,500736,Main Accused
2285,911,519463,Main Accused
2286,912,523051,Co-Accused
2287,912,506177,Main Accused
2288,912,516340,Co-Accused
2289,913,512911,Co-Accused
2290,913,502703,Co-Accused
2291,913,504770,Main Accused
2292,913,521085,Main Accused
2293,914,523823,Co-Accused
2294,914,508498,Main Accused
2295,915,508936,Co-Accused
2296,915,504190,Main Accused
2297,916,505855,Co-Accused
2298,916,511867,Main Accused
2299,916,506060,Co-Accused
2300,916,513484,Main Accused
2301,917,516906,Main Accused
2302,917,503076,Main Accused
2303,918,507781,Co-Accused
2304,919,505602,Main Accused
2305,919,509255,Co-Accused
2306,919,509591,Co-Accused
2307,920,500580,Main Accused
2308,920,519783,Main Accused
2309,920,519565,Co-Accused
2310,920,507621,Co-Accused
2311,921,523474,Main Accused
2312,922,505331,Co-Accused
2313,922,506841,Co-Accused
2314,922,502578,Main Accused
2315,922,519247,Main Accused
2316,923,519374,Main Accused
2317,923,522520,Co-Accused
2318,923,521570,Co-Accused
2319,923,509283,Co-Accused
2320,924,523525,Co-Accused
2321,924,520546,Main Accused
2322,925,501961,Main Accused
2323,925,512348,Main Accused
2324,925,502402,Co-Accused
2325,925,512049,Main Accused
2326,926,522221,Co-Accused
2327,926,519114,Co-Accused
2328,926,515962,Co-Accused
2329,927,524799,Main Accused
2330,927,502913,Main Accused
2331,927,522275,Main Accused
2332,928,506284,Co-Accused
2333,928,516454,Co-Accused
2334,928,507795,Co-Accused
2335,929,506998,Main Accused
2336,929,505244,Main Accused
2337,930,523629,Main Accused
2338,930,520259,Main Accused
2339,930,523192,Main Accused
2340,930,505544,Co-Accused
2341,931,516366,Co-Accused
2342,931,524632,Main Accused
2343,932,506857,Co-Accused
2344,933,505332,Main Accused
2345,934,520542,Co-Accused
2346,934,516632,Co-Accused
2347,934,509885,Main Accused
2348,934,502450,Co-Accused
2349,935,504118,Main Accused
2350,935,500995,Co-Accused
2351,936,508475,Main Accused
2352,936,516872,Main Accused
2353,936,515461,Co-Accused
2354,937,515281,Main Accused
2355,937,503266,Main Accused
2356,937,510782,Main Accused
2357,938,505761,Co-Accused
2358,939,511258,Co-Accused
2359,939,509010,Main Accused
2360,940,513234,Co-Accused
2361,941,510458,Co-Accused
2362,941,502073,Co-Accused
2363,941,501397,Co-Accused
2364,942,500585,Co-Accused
2365,942,515014,Main Accused
2366,942,524917,Main Accused
2367,943,509068,Co-Accused
2368,943,502619,Main Accused
2369,944,501608,Main Accused
2370,944,513107,Co-Accused
2371,945,506238,Co-Accused
2372,946,512408,Co-Accused
2373,946,509890,Main Accused
2374,947,504612,Main Accused
2375,947,519399,Main Accused
2376,947,505534,Co-Accused
2377,947,503502,Co-Accused
2378,948,507112,Co-Accused
2379,948,501885,Co-Accused
2380,948,511689,Co-Accused
2381,948,511341,Co-Accused
2382,949,504215,Co-Accused
2383,949,511880,Co-Accused
2384,950,505675,Co-Accused
2385,950,513755,Main Accused
2386,950,504154,Co-Accused
2387,951,516422,Main Accused
2388,952,504520,Main Accused
2389,952,503312,Co-Accused
2390,953,502622,Main Accused
2391,953,520436,Main Accused
2392,953,522503,Main Accused
2393,953,505037,Main Accused
2394,954,510854,Co-Accused
2395,954,517783,Main Accused
2396,954,511586,Main Accused
2397,955,509413,Main Accused
2398,956,508940,Co-Accused
2399,956,517192,Co-Accused
2400,956,501603,Main Accused
2401,956,506844,Co-Accused
2402,957,521313,Co-Accused
2403,957,515686,Co-Accused
2404,958,505256,Main Accused
2405,958,513239,Main Accused
2406,958,500432,Co-Accused
2407,959,515548,Main Accused
2408,959,505676,Main Accused
2409,960,506747,Co-Accused
2410,960,507792,Co-Accused
2411,960,507471,Main Accused
2412,960,519540,Co-Accused
2413,961,511421,Main Accused
2414,961,510766,Main Accused
2415,961,506622,Co-Accused
2416,962,507640,Main Accused
2417,962,504384,Main Accused
2418,962,502768,Co-Accused
2419,963,502780,Co-Accused
2420,964,502983,Co-Accused
2421,964,512324,Co-Accused
2422,964,512654,Main Accused
2423,965,511074,Co-Accused
2424,965,500578,Main Accused
2425,965,523804,Co-Accused
2426,965,521706,Main Accused
2427,966,514205,Main Accused
2428,966,523261,Co-Accused
2429,966,505175,Co-Accused
2430,967,510376,Main Accused
2431,967,516983,Co-Accused
2432,967,511207,Co-Accused
2433,968,516302,Main Accused
2434,968,522575,Main Accused
2435,968,504878,Main Accused
2436,969,509842,Co-Accused
2437,969,507002,Co-Accused
2438,970,521754,Main Accused
2439,970,501383,Main Accused
2440,971,508756,Main Accused
2441,971,510318,Main Accused
2442,971,506972,Main Accused
2443,972,512230,Main Accused
2444,972,511190,Co-Accused
2445,972,510152,Co-Accused
2446,972,509954,Main Accused
2447,973,516962,Co-Accused
2448,973,521088,Co-Accused
2449,974,502715,Co-Accused
2450,975,509958,Co-Accused
2451,976,502354,Co-Accused
2452,976,500057,Main Accused
2453,976,501235,Main Accused
2454,977,507701,Co-Accused
2455,977,500308,Main Accused
2456,978,519072,Co-Accused
2457,978,501593,Co-Accused
2458,979,516042,Main Accused
2459,980,523579,Co-Accused
2460,980,520835,Main Accused
2461,980,521049,Main Accused
2462,980,508208,Co-Accused
2463,981,514332,Co-Accused
2464,981,513162,Co-Accused
2465,981,513341,Main Accused
2466,982,511154,Co-Accused
2467,982,503654,Main Accused
2468,982,513266,Co-Accused
2469,983,513692,Co-Accused
2470,983,515725,Co-Accused
2471,983,516537,Main Accused
2472,983,520790,Main Accused
2473,984,517573,Main Accused
2474,984,509597,Co-Accused
2475,985,518519,Main Accused
2476,986,522485,Co-Accused
2477,986,514222,Main Accused
2478,986,502302,Co-Accused
2479,986,515641,Co-Accused
2480,987,514911,Main Accused
2481,988,503572,Main Accused
2482,989,506994,Co-Accused
2483,989,505124,Main Accused
2484,989,517074,Main Accused
2485,989,500093,Main Accused
2486,990,514934,Main Accused
2487,990,520291,Main Accused
2488,990,524724,Main Accused
2489,991,501074,Co-Accused
2490,991,502659,Co-Accused
2491,991,516741,Co-Accused
2492,991,502266,Co-Accused
2493,992,520317,Main Accused
2494,992,502837,Main Accused
2495,992,519736,Main Accused
2496,992,519732,Co-Accused
2497,993,504229,Main Accused
2498,993,512767,Main Accused
2499,994,506800,Main Accused
2500,994,507833,Main Accused
2501,994,506274,Main Accused
2502,995,507691,Co-Accused
2503,996,506777,Main Accused
2504,996,518360,Main Accused
2505,997,500948,Co-Accused
2506,997,501936,Main Accused
2507,997,521017,Main Accused
2508,998,513230,Main Accused
2509,999,507589,Main Accused
2510,999,506825,Main Accused
2511,1000,524982,Main Accused
2512,1000,514378,Co-Accused
2513,1000,521123,Co-Accused
2514,1001,512447,Co-Accused
2515,1001,501973,Co-Accused
2516,1002,515653,Co-Accused
2517,1002,513047,Co-Accused
2518,1002,517079,Main Accused
2519,1003,501097,Co-Accused
2520,1003,503463,Main Accused
2521,1003,505786,Main Accused
2522,1004,514222,Co-Accused
2523,1005,508156,Co-Accused
2524,1005,501629,Co-Accused
2525,1005,524025,Main Accused
2526,1005,506498,Main Accused
2527,1006,501644,Co-Accused
2528,1006,513254,Co-Accused
2529,1006,513831,Main Accused
2530,1006,508346,Co-Accused
2531,1007,516887,Co-Accused
2532,1007,513052,Co-Accused
2533,1007,503733,Co-Accused
2534,1007,508777,Main Accused
2535,1008,506021,Main Accused
2536,1008,516107,Main Accused
2537,1008,515229,Co-Accused
2538,1009,520466,Co-Accused
2539,1009,514132,Main Accused
2540,1010,517322,Main Accused
2541,1010,500089,Main Accused
2542,1011,502872,Co-Accused
2543,1011,505810,Main Accused
2544,1011,521695,Main Accused
2545,1011,507755,Main Accused
2546,1012,503593,Co-Accused
2547,1012,506996,Co-Accused
2548,1012,500750,Main Accused
2549,1012,513100,Main Accused
2550,1013,522538,Co-Accused
2551,1013,513574,Co-Accused
2552,1013,521820,Main Accused
2553,1014,503375,Main Accused
2554,1014,507471,Co-Accused
2555,1014,510615,Main Accused
2556,1014,500066,Co-Accused
2557,1015,518907,Co-Accused
2558,1015,504066,Co-Accused
2559,1016,508262,Main Accused
2560,1016,506859,Main Accused
2561,1016,504845,Co-Accused
2562,1017,502364,Main Accused
2563,1017,519488,Main Accused
2564,1018,515779,Co-Accused
2565,1019,518562,Main Accused
2566,1019,501428,Co-Accused
2567,1019,503064,Main Accused
2568,1019,504447,Main Accused
2569,1020,514225,Co-Accused
2570,1020,510750,Co-Accused
2571,1020,504277,Main Accused
2572,1021,510859,Co-Accused
2573,1021,505515,Main Accused
2574,1021,524429,Main Accused
2575,1022,512680,Main Accused
2576,1022,506897,Main Accused
2577,1022,512419,Main Accused
2578,1022,513242,Main Accused
2579,1023,522817,Co-Accused
2580,1023,524135,Co-Accused
2581,1024,500269,Main Accused
2582,1024,523980,Co-Accused
2583,1025,519614,Co-Accused
2584,1026,511986,Co-Accused
2585,1027,518899,Main Accused
2586,1027,514301,Main Accused
2587,1027,513882,Main Accused
2588,1028,522783,Co-Accused
2589,1028,522322,Co-Accused
2590,1028,519044,Main Accused
2591,1028,514429,Co-Accused
2592,1029,500130,Co-Accused
2593,1029,516019,Co-Accused
2594,1029,503378,Main Accused
2595,1029,523988,Main Accused
2596,1030,513066,Co-Accused
2597,1030,521781,Main Accused
2598,1031,508072,Main Accused
2599,1031,504112,Co-Accused
2600,1031,518686,Main Accused
2601,1032,511047,Co-Accused
2602,1033,506357,Main Accused
2603,1033,518376,Main Accused
2604,1033,515252,Co-Accused
2605,1033,501288,Co-Accused
2606,1034,509149,Main Accused
2607,1034,523742,Co-Accused
2608,1035,521089,Co-Accused
2609,1035,500522,Co-Accused
2610,1036,519425,Main Accused
2611,1036,513174,Co-Accused
2612,1037,512499,Co-Accused
2613,1037,517669,Co-Accused
2614,1037,517995,Co-Accused
2615,1037,503927,Co-Accused
2616,1038,521467,Main Accused
2617,1039,511168,Main Accused
2618,1039,503618,Co-Accused
2619,1040,523524,Co-Accused
2620,1041,513006,Main Accused
2621,1041,507997,Co-Accused
2622,1041,511309,Co-Accused
2623,1041,524293,Co-Accused
2624,1042,517594,Main Accused
2625,1042,516544,Co-Accused
2626,1043,501167,Co-Accused
2627,1043,520350,Co-Accused
2628,1044,504870,Co-Accused
2629,1045,505030,Co-Accused
2630,1046,516898,Co-Accused
2631,1046,514145,Main Accused
2632,1046,508255,Co-Accused
2633,1046,520679,Co-Accused
2634,1047,516094,Main Accused
2635,1047,506609,Co-Accused
2636,1048,501408,Main Accused
2637,1049,505385,Co-Accused
2638,1049,523339,Main Accused
2639,1049,511136,Main Accused
2640,1050,507905,Main Accused
2641,1050,517830,Co-Accused
2642,1051,516738,Main Accused
2643,1051,502734,Main Accused
2644,1052,507799,Co-Accused
2645,1052,515807,Co-Accused
2646,1052,501701,Main Accused
2647,1052,523866,Main Accused
2648,1053,506228,Main Accused
2649,1053,505433,Co-Accused
2650,1053,507063,Main Accused
2651,1053,520120,Co-Accused
2652,1054,519738,Main Accused
2653,1054,510900,Co-Accused
2654,1055,509460,Co-Accused
2655,1055,510286,Main Accused
2656,1056,502745,Main Accused
2657,1057,513512,Co-Accused
2658,1057,512645,Co-Accused
2659,1058,512713,Main Accused
2660,1058,521318,Co-Accused
2661,1059,514404,Co-Accused
2662,1059,514609,Co-Accused
2663,1059,520504,Main Accused
2664,1060,522265,Co-Accused
2665,1060,515722,Co-Accused
2666,1060,504372,Main Accused
2667,1061,514720,Co-Accused
2668,1061,519096,Co-Accused
2669,1061,520630,Main Accused
2670,1061,511685,Co-Accused
2671,1062,521054,Main Accused
2672,1062,509416,Main Accused
2673,1062,520668,Co-Accused
2674,1062,508227,Main Accused
2675,1063,520799,Co-Accused
2676,1063,511740,Main Accused
2677,1064,504567,Co-Accused
2678,1064,513736,Main Accused
2679,1064,511283,Main Accused
2680,1065,521036,Co-Accused
2681,1065,519620,Main Accused
2682,1066,523583,Co-Accused
2683,1066,502690,Co-Accused
2684,1066,509325,Co-Accused
2685,1066,509324,Co-Accused
2686,1067,521553,Main Accused
2687,1067,505890,Main Accused
2688,1067,510337,Main Accused
2689,1068,517377,Co-Accused
2690,1069,514401,Main Accused
2691,1070,512171,Co-Accused
2692,1070,500122,Co-Accused
2693,1071,510417,Co-Accused
2694,1071,519607,Main Accused
2695,1072,504241,Main Accused
2696,1073,507017,Co-Accused
2697,1073,506755,Co-Accused
2698,1073,516091,Co-Accused
2699,1073,500658,Main Accused
2700,1074,503913,Co-Accused
2701,1075,518512,Main Accused
2702,1076,500120,Main Accused
2703,1077,514475,Co-Accused
2704,1077,503563,Main Accused
2705,1077,519609,Co-Accused
2706,1078,517058,Main Accused
2707,1078,500135,Main Accused
2708,1079,521444,Co-Accused
2709,1079,505759,Main Accused
2710,1080,515892,Main Accused
2711,1080,503075,Main Accused
2712,1080,511198,Co-Accused
2713,1080,518591,Co-Accused
2714,1081,505802,Co-Accused
2715,1081,507537,Co-Accused
2716,1081,515514,Co-Accused
2717,1081,524405,Co-Accused
2718,1082,514454,Main Accused
2719,1082,523994,Main Accused
2720,1082,520822,Main Accused
2721,1083,522348,Co-Accused
2722,1083,513964,Main Accused
2723,1084,508244,Main Accused
2724,1084,508669,Main Accused
2725,1084,508753,Co-Accused
2726,1085,517189,Co-Accused
2727,1085,508840,Main Accused
2728,1085,513198,Co-Accused
2729,1086,521793,Co-Accused
2730,1086,524024,Main Accused
2731,1086,510320,Co-Accused
2732,1087,508409,Main Accused
2733,1087,502084,Main Accused
2734,1088,510384,Co-Accused
2735,1089,513324,Co-Accused
2736,1090,513915,Co-Accused
2737,1090,513171,Main Accused
2738,1090,519485,Main Accused
2739,1091,502107,Main Accused
2740,1092,500639,Co-Accused
2741,1092,520469,Main Accused
2742,1092,510555,Main Accused
2743,1093,512764,Main Accused
2744,1093,523538,Main Accused
2745,1093,514237,Co-Accused
2746,1094,513540,Main Accused
2747,1094,504869,Main Accused
2748,1094,518767,Main Accused
2749,1094,517326,Co-Accused
2750,1095,522866,Co-Accused
2751,1095,504450,Co-Accused
2752,1095,524113,Main Accused
2753,1095,504242,Main Accused
2754,1096,506832,Main Accused
2755,1096,505892,Main Accused
2756,1096,504948,Main Accused
2757,1097,512792,Main Accused
2758,1097,503122,Main Accused
2759,1097,510975,Main Accused
2760,1098,513764,Main Accused
2761,1099,503516,Main Accused
2762,1099,500771,Co-Accused
2763,1099,505379,Main Accused
2764,1099,503789,Main Accused
2765,1100,501018,Co-Accused
2766,1100,510568,Co-Accused
2767,1100,512485,Main Accused
2768,1100,519534,Co-Accused
2769,1101,506005,Co-Accused
2770,1101,518665,Co-Accused
2771,1102,507240,Co-Accused
2772,1102,520889,Co-Accused
2773,1102,514259,Co-Accused
2774,1103,511268,Main Accused
2775,1103,509525,Co-Accused
2776,1103,523045,Main Accused
2777,1103,510268,Co-Accused
2778,1104,515566,Co-Accused
2779,1104,520391,Main Accused
2780,1105,504907,Co-Accused
2781,1105,522377,Co-Accused
2782,1105,511840,Co-Accused
2783,1105,522873,Co-Accused
2784,1106,513508,Co-Accused
2785,1106,514242,Co-Accused
2786,1107,508438,Co-Accused
2787,1107,517742,Co-Accused
2788,1108,511744,Co-Accused
2789,1108,518355,Main Accused
2790,1108,514752,Main Accused
2791,1108,513683,Co-Accused
2792,1109,505787,Main Accused
2793,1110,505244,Main Accused
2794,1110,521426,Co-Accused
2795,1110,521554,Main Accused
2796,1110,500376,Co-Accused
2797,1111,520259,Co-Accused
2798,1111,509677,Main Accused
2799,1112,523255,Main Accused
2800,1112,514532,Main Accused
2801,1113,505079,Co-Accused
2802,1114,509097,Co-Accused
2803,1114,504079,Co-Accused
2804,1114,511607,Main Accused
2805,1114,524126,Co-Accused
2806,1115,522770,Co-Accused
2807,1115,509208,Co-Accused
2808,1115,508908,Co-Accused
2809,1115,509960,Main Accused
2810,1116,506720,Co-Accused
2811,1116,512860,Main Accused
2812,1116,510141,Main Accused
2813,1116,511483,Co-Accused
2814,1117,522750,Main Accused
2815,1117,513218,Main Accused
2816,1117,500873,Main Accused
2817,1117,512819,Co-Accused
2818,1118,512086,Main Accused
2819,1118,508449,Main Accused
2820,1118,520675,Main Accused
2821,1119,521599,Main Accused
2822,1119,508988,Main Accused
2823,1120,524633,Main Accused
2824,1120,520541,Main Accused
2825,1120,503269,Main Accused
2826,1121,511016,Co-Accused
2827,1121,504796,Co-Accused
2828,1122,504501,Co-Accused
2829,1122,516722,Co-Accused
2830,1122,522155,Co-Accused
2831,1123,502321,Co-Accused
2832,1123,506580,Co-Accused
2833,1123,515206,Co-Accused
2834,1124,518868,Co-Accused
2835,1124,510164,Co-Accused
2836,1125,509720,Co-Accused
2837,1125,516064,Main Accused
2838,1125,522522,Main Accused
2839,1125,519600,Main Accused
2840,1126,510032,Main Accused
2841,1126,517641,Main Accused
2842,1126,503556,Co-Accused
2843,1127,509148,Co-Accused
2844,1127,512845,Co-Accused
2845,1128,520758,Co-Accused
2846,1128,501726,Co-Accused
2847,1128,502697,Main Accused
2848,1128,507051,Main Accused
2849,1129,511442,Main Accused
2850,1129,511809,Co-Accused
2851,1130,523012,Main Accused
2852,1131,506476,Main Accused
2853,1131,508934,Co-Accused
2854,1131,509483,Co-Accused
2855,1131,522543,Main Accused
2856,1132,511657,Main Accused
2857,1132,504486,Main Accused
2858,1133,509659,Main Accused
2859,1134,518551,Co-Accused
2860,1134,516395,Main Accused
2861,1134,524147,Co-Accused
2862,1135,514599,Main Accused
2863,1135,510061,Co-Accused
2864,1136,523494,Main Accused
2865,1136,521043,Main Accused
2866,1136,502777,Main Accused
2867,1137,503664,Co-Accused
2868,1138,515158,Co-Accused
2869,1138,507370,Co-Accused
2870,1138,505836,Main Accused
2871,1138,514880,Main Accused
2872,1139,506497,Co-Accused
2873,1139,523647,Main Accused
2874,1140,517608,Main Accused
2875,1140,512892,Co-Accused
2876,1140,509075,Main Accused
2877,1141,504437,Main Accused
2878,1142,518203,Main Accused
2879,1142,503213,Co-Accused
2880,1142,508251,Main Accused
2881,1143,511516,Co-Accused
2882,1144,519099,Co-Accused
2883,1145,521885,Main Accused
2884,1145,503102,Co-Accused
2885,1146,501329,Main Accused
2886,1146,512415,Co-Accused
2887,1146,522350,Main Accused
2888,1147,521733,Main Accused
2889,1147,518770,Co-Accused
2890,1148,504830,Co-Accused
2891,1148,502318,Main Accused
2892,1148,521504,Main Accused
2893,1148,521239,Co-Accused
2894,1149,524030,Main Accused
2895,1149,515028,Co-Accused
2896,1149,518763,Co-Accused
2897,1150,502073,Main Accused
2898,1151,501514,Co-Accused
2899,1152,513063,Main Accused
2900,1153,502825,Co-Accused
2901,1153,508549,Co-Accused
2902,1153,512125,Co-Accused
2903,1154,515871,Co-Accused
2904,1154,503840,Co-Accused
2905,1155,514129,Co-Accused
2906,1156,502559,Main Accused
2907,1156,503574,Co-Accused
2908,1156,522928,Co-Accused
2909,1157,511017,Co-Accused
2910,1157,511366,Main Accused
2911,1158,511078,Main Accused
2912,1158,523316,Main Accused
2913,1158,519238,Co-Accused
2914,1158,523613,Co-Accused
2915,1159,514306,Main Accused
2916,1159,511841,Co-Accused
2917,1160,509222,Main Accused
2918,1160,516429,Main Accused
2919,1160,522565,Co-Accused
2920,1160,503717,Co-Accused
2921,1161,520238,Main Accused
2922,1161,507161,Co-Accused
2923,1161,514352,Main Accused
2924,1162,516797,Main Accused
2925,1162,524648,Main Accused
2926,1162,522350,Co-Accused
2927,1162,516952,Co-Accused
2928,1163,504447,Main Accused
2929,1163,503575,Main Accused
2930,1163,522206,Co-Accused
2931,1163,501661,Co-Accused
2932,1164,523551,Co-Accused
2933,1164,509602,Co-Accused
2934,1164,517881,Co-Accused
2935,1164,508901,Co-Accused
2936,1165,521645,Main Accused
2937,1165,504339,Co-Accused
2938,1165,511441,Co-Accused
2939,1166,519764,Co-Accused
2940,1167,511643,Main Accused
2941,1167,520327,Main Accused
2942,1167,509880,Co-Accused
2943,1168,502089,Main Accused
2944,1169,500232,Co-Accused
2945,1169,515776,Co-Accused
2946,1169,513415,Co-Accused
2947,1170,505833,Co-Accused
2948,1170,516644,Co-Accused
2949,1170,517896,Main Accused
2950,1170,511240,Main Accused
2951,1171,504567,Co-Accused
2952,1171,509234,Co-Accused
2953,1172,513924,Main Accused
2954,1172,520670,Main Accused
2955,1172,517169,Main Accused
2956,1172,513645,Main Accused
2957,1173,521668,Main Accused
2958,1174,502957,Co-Accused
2959,1174,509679,Main Accused
2960,1175,508694,Main Accused
2961,1176,516267,Main Accused
2962,1176,509115,Main Accused
2963,1176,500011,Co-Accused
2964,1177,501628,Co-Accused
2965,1177,515395,Co-Accused
2966,1177,511989,Main Accused
2967,1178,514717,Co-Accused
2968,1178,510153,Main Accused
2969,1178,523739,Co-Accused
2970,1178,524614,Co-Accused
2971,1179,517835,Co-Accused
2972,1179,511024,Main Accused
2973,1180,510031,Co-Accused
2974,1180,505856,Main Accused
2975,1180,524777,Co-Accused
2976,1180,515237,Main Accused
2977,1181,509257,Co-Accused
2978,1181,509475,Main Accused
2979,1181,520903,Main Accused
2980,1182,511365,Co-Accused
2981,1182,521746,Co-Accused
2982,1182,505265,Main Accused
2983,1183,507002,Co-Accused
2984,1183,517085,Main Accused
2985,1183,520394,Main Accused
2986,1183,506621,Co-Accused
2987,1184,522522,Main Accused
2988,1184,519244,Co-Accused
2989,1184,505201,Co-Accused
2990,1185,513121,Co-Accused
2991,1185,502842,Main Accused
2992,1186,520770,Co-Accused
2993,1186,508798,Main Accused
2994,1186,513612,Co-Accused
2995,1187,522167,Main Accused
2996,1187,511275,Co-Accused
2997,1188,502544,Main Accused
2998,1189,511107,Co-Accused
2999,1190,522213,Co-Accused
3000,1191,514536,Co-Accused
3001,1192,514967,Main Accused
3002,1192,503603,Main Accused
3003,1192,522682,Co-Accused
3004,1193,512582,Main Accused
3005,1193,521084,Main Accused
3006,1193,503663,Main Accused
3007,1194,500458,Co-Accused
3008,1194,512935,Main Accused
3009,1195,506440,Co-Accused
3010,1195,505296,Main Accused
3011,1195,507659,Co-Accused
3012,1196,513887,Co-Accused
3013,1196,514670,Co-Accused
3014,1196,519223,Co-Accused
3015,1196,513214,Co-Accused
3016,1197,501881,Main Accused
3017,1197,520946,Co-Accused
3018,1198,517527,Main Accused
3019,1199,521134,Co-Accused
3020,1200,503910,Co-Accused
3021,1200,512728,Co-Accused
3022,1200,513523,Co-Accused
3023,1201,501673,Co-Accused
3024,1202,507578,Main Accused
3025,1203,512223,Co-Accused
3026,1203,514567,Main Accused
3027,1204,505483,Co-Accused
3028,1205,524583,Co-Accused
3029,1205,507907,Main Accused
3030,1206,500804,Co-Accused
3031,1206,520754,Main Accused
3032,1207,506107,Co-Accused
3033,1207,519302,Co-Accused
3034,1208,524329,Main Accused
3035,1208,522260,Main Accused
3036,1209,520951,Main Accused
3037,1209,511288,Co-Accused
3038,1209,508905,Co-Accused
3039,1209,501552,Main Accused
3040,1210,507300,Co-Accused
3041,1211,509143,Co-Accused
3042,1211,510204,Main Accused
3043,1211,520438,Co-Accused
3044,1212,520145,Main Accused
3045,1212,516425,Main Accused
3046,1212,513881,Main Accused
3047,1213,519972,Main Accused
3048,1214,516499,Main Accused
3049,1214,521378,Co-Accused
3050,1214,502913,Co-Accused
3051,1214,500886,Co-Accused
3052,1215,509792,Co-Accused
3053,1216,508034,Main Accused
3054,1216,505933,Main Accused
3055,1216,501274,Co-Accused
3056,1216,508602,Main Accused
3057,1217,500596,Main Accused
3058,1217,501087,Main Accused
3059,1217,508291,Co-Accused
3060,1217,518819,Main Accused
3061,1218,507837,Main Accused
3062,1219,509129,Co-Accused
3063,1220,518984,Main Accused
3064,1220,517614,Main Accused
3065,1221,500767,Co-Accused
3066,1221,516314,Main Accused
3067,1221,511135,Main Accused
3068,1222,522822,Co-Accused
3069,1222,506020,Main Accused
3070,1222,512784,Co-Accused
3071,1223,513124,Co-Accused
3072,1223,509842,Co-Accused
3073,1223,509297,Main Accused
3074,1224,513236,Main Accused
3075,1225,515519,Co-Accused
3076,1225,503437,Main Accused
3077,1226,518444,Co-Accused
3078,1226,500708,Main Accused
3079,1227,503928,Main Accused
3080,1227,522977,Main Accused
3081,1227,522272,Co-Accused
3082,1228,503128,Co-Accused
3083,1228,519671,Main Accused
3084,1228,508792,Co-Accused
3085,1229,501321,Co-Accused
3086,1229,523999,Main Accused
3087,1229,505712,Main Accused
3088,1229,510033,Main Accused
3089,1230,502749,Co-Accused
3090,1230,517378,Co-Accused
3091,1231,513055,Co-Accused
3092,1231,522350,Main Accused
3093,1231,508778,Co-Accused
3094,1232,515206,Co-Accused
3095,1232,510092,Main Accused
3096,1232,511415,Co-Accused
3097,1232,500692,Main Accused
3098,1233,509933,Main Accused
3099,1233,507797,Co-Accused
3100,1233,511958,Co-Accused
3101,1233,523901,Co-Accused
3102,1234,519067,Main Accused
3103,1234,517130,Co-Accused
3104,1234,521732,Co-Accused
3105,1235,513996,Co-Accused
3106,1236,507642,Co-Accused
3107,1236,510634,Co-Accused
3108,1237,521441,Co-Accused
3109,1237,516906,Co-Accused
3110,1237,517540,Main Accused
3111,1238,519215,Co-Accused
3112,1238,524680,Main Accused
3113,1239,512306,Main Accused
3114,1240,504145,Co-Accused
3115,1241,512210,Co-Accused
3116,1241,512589,Co-Accused
3117,1241,520617,Main Accused
3118,1241,520426,Main Accused
3119,1242,500362,Co-Accused
3120,1242,514371,Main Accused
3121,1242,514118,Main Accused
3122,1242,522500,Co-Accused
3123,1243,522229,Co-Accused
3124,1243,523383,Co-Accused
3125,1243,505861,Main Accused
3126,1244,521403,Co-Accused
3127,1245,513380,Co-Accused
3128,1245,504814,Main Accused
3129,1245,520651,Main Accused
3130,1245,508599,Co-Accused
3131,1246,507532,Co-Accused
3132,1246,511301,Co-Accused
3133,1246,516241,Main Accused
3134,1247,505594,Main Accused
3135,1247,516164,Co-Accused
3136,1247,508258,Co-Accused
3137,1248,510513,Main Accused
3138,1248,523864,Main Accused
3139,1249,504903,Main Accused
3140,1250,502617,Main Accused
3141,1250,524725,Co-Accused
3142,1250,506331,Co-Accused
3143,1251,519236,Co-Accused
3144,1252,520412,Co-Accused
3145,1252,520570,Co-Accused
3146,1253,517454,Co-Accused
3147,1254,508816,Main Accused
3148,1254,508719,Main Accused
3149,1255,504808,Main Accused
3150,1256,516479,Main Accused
3151,1257,504968,Main Accused
3152,1257,514873,Main Accused
3153,1257,512570,Main Accused
3154,1257,513376,Main Accused
3155,1258,507544,Main Accused
3156,1258,514901,Main Accused
3157,1259,508369,Main Accused
3158,1260,517384,Main Accused
3159,1261,516209,Co-Accused
3160,1261,501217,Main Accused
3161,1261,508115,Main Accused
3162,1262,510781,Main Accused
3163,1262,519020,Co-Accused
3164,1262,504701,Main Accused
3165,1262,500910,Co-Accused
3166,1263,507249,Co-Accused
3167,1263,518571,Co-Accused
3168,1263,507149,Main Accused
3169,1263,502543,Main Accused
3170,1264,515186,Main Accused
3171,1264,518537,Co-Accused
3172,1264,515180,Co-Accused
3173,1265,515621,Main Accused
3174,1266,519095,Main Accused
3175,1266,516717,Co-Accused
3176,1267,506002,Co-Accused
3177,1267,523085,Co-Accused
3178,1267,511606,Main Accused
3179,1268,503957,Main Accused
3180,1268,500356,Co-Accused
3181,1268,505888,Co-Accused
3182,1268,524420,Main Accused
3183,1269,516440,Co-Accused
3184,1269,516982,Main Accused
3185,1269,512832,Main Accused
3186,1269,523934,Main Accused
3187,1270,502867,Co-Accused
3188,1270,510307,Main Accused
3189,1271,520482,Co-Accused
3190,1272,500339,Co-Accused
3191,1272,502202,Main Accused
3192,1273,502438,Co-Accused
3193,1273,520977,Co-Accused
3194,1274,504042,Main Accused
3195,1274,509225,Main Accused
3196,1274,517520,Main Accused
3197,1274,506374,Main Accused
3198,1275,518963,Main Accused
3199,1276,500028,Co-Accused
3200,1276,520087,Co-Accused
3201,1276,503463,Main Accused
3202,1276,521635,Main Accused
3203,1277,524124,Main Accused
3204,1277,509232,Co-Accused
3205,1278,523927,Co-Accused
3206,1278,503092,Co-Accused
3207,1278,515036,Co-Accused
3208,1279,522836,Main Accused
3209,1280,514136,Main Accused
3210,1280,506326,Co-Accused
3211,1281,500090,Main Accused
3212,1281,518113,Co-Accused
3213,1282,517851,Main Accused
3214,1282,522018,Main Accused
3215,1282,512296,Main Accused
3216,1283,521522,Co-Accused
3217,1284,522546,Main Accused
3218,1284,510243,Main Accused
3219,1285,517205,Co-Accused
3220,1285,513986,Co-Accused
3221,1285,508529,Main Accused
3222,1286,508042,Main Accused
3223,1286,517503,Main Accused
3224,1286,516252,Co-Accused
3225,1286,516584,Co-Accused
3226,1287,503404,Co-Accused
3227,1287,524910,Main Accused
3228,1287,510015,Main Accused
3229,1287,523777,Main Accused
3230,1288,504139,Co-Accused
3231,1289,502556,Co-Accused
3232,1290,500001,Co-Accused
3233,1290,524529,Main Accused
3234,1290,508391,Co-Accused
3235,1291,503940,Main Accused
3236,1291,507073,Co-Accused
3237,1292,519348,Co-Accused
3238,1293,510715,Co-Accused
3239,1293,516979,Main Accused
3240,1294,506786,Co-Accused
3241,1294,516167,Main Accused
3242,1294,514360,Main Accused
3243,1294,519066,Co-Accused
3244,1295,507077,Co-Accused
3245,1295,514520,Co-Accused
3246,1295,503649,Co-Accused
3247,1296,505172,Main Accused
3248,1296,507747,Co-Accused
3249,1297,511665,Main Accused
3250,1298,517659,Main Accused
3251,1298,508264,Co-Accused
3252,1298,506665,Co-Accused
3253,1298,521957,Main Accused
3254,1299,512910,Co-Accused
3255,1299,508691,Co-Accused
3256,1299,516984,Co-Accused
3257,1299,503032,Co-Accused
3258,1300,515156,Main Accused
3259,1300,501311,Main Accused
3260,1300,501734,Co-Accused
3261,1300,517176,Co-Accused
3262,1301,522518,Co-Accused
3263,1301,502587,Main Accused
3264,1302,523689,Main Accused
3265,1302,514984,Co-Accused
3266,1302,512436,Co-Accused
3267,1302,502544,Co-Accused
3268,1303,505447,Main Accused
3269,1304,510934,Co-Accused
3270,1304,513193,Co-Accused
3271,1305,523561,Main Accused
3272,1306,517854,Co-Accused
3273,1306,520674,Co-Accused
3274,1306,504388,Main Accused
3275,1307,510763,Co-Accused
3276,1307,522676,Co-Accused
3277,1307,521271,Co-Accused
3278,1308,500819,Co-Accused
3279,1308,507834,Main Accused
3280,1308,510008,Co-Accused
3281,1308,510066,Main Accused
3282,1309,524178,Main Accused
3283,1309,501867,Main Accused
3284,1309,502957,Main Accused
3285,1309,520481,Main Accused
3286,1310,512039,Co-Accused
3287,1310,516675,Main Accused
3288,1310,515516,Co-Accused
3289,1311,520748,Main Accused
3290,1312,513723,Co-Accused
3291,1312,521977,Co-Accused
3292,1312,516383,Co-Accused
3293,1313,502983,Main Accused
3294,1313,513772,Main Accused
3295,1313,523069,Co-Accused
3296,1313,524361,Co-Accused
3297,1314,522134,Main Accused
3298,1314,512936,Main Accused
3299,1314,509799,Main Accused
3300,1315,520363,Co-Accused
3301,1315,505691,Co-Accused
3302,1316,506394,Co-Accused
3303,1317,507926,Main Accused
3304,1317,521166,Co-Accused
3305,1317,510783,Main Accused
3306,1318,500086,Co-Accused
3307,1318,517942,Main Accused
3308,1319,520086,Co-Accused
3309,1319,521765,Main Accused
3310,1319,517292,Co-Accused
3311,1320,500672,Co-Accused
3312,1320,518352,Main Accused
3313,1321,515538,Main Accused
3314,1321,501846,Co-Accused
3315,1321,523866,Main Accused
3316,1322,517963,Co-Accused
3317,1322,521771,Main Accused
3318,1322,512662,Co-Accused
3319,1322,504262,Main Accused
3320,1323,520970,Co-Accused
3321,1323,518748,Main Accused
3322,1324,500699,Main Accused
3323,1324,512087,Co-Accused
3324,1324,515187,Co-Accused
3325,1324,520423,Main Accused
3326,1325,516669,Main Accused
3327,1326,522478,Main Accused
3328,1326,511277,Co-Accused
3329,1327,524810,Co-Accused
3330,1327,522245,Main Accused
3331,1328,519533,Main Accused
3332,1328,516443,Co-Accused
3333,1328,518458,Main Accused
3334,1329,522160,Main Accused
3335,1329,510171,Main Accused
3336,1329,509671,Main Accused
3337,1330,504018,Co-Accused
3338,1331,506504,Main Accused
3339,1331,522247,Co-Accused
3340,1331,519126,Main Accused
3341,1332,521415,Co-Accused
3342,1333,513211,Main Accused
3343,1333,500860,Co-Accused
3344,1333,522687,Main Accused
3345,1334,510829,Main Accused
3346,1334,522694,Co-Accused
3347,1334,509636,Main Accused
3348,1334,505272,Co-Accused
3349,1335,514742,Main Accused
3350,1335,508052,Co-Accused
3351,1335,517626,Co-Accused
3352,1336,506170,Co-Accused
3353,1337,521962,Co-Accused
3354,1338,521368,Co-Accused
3355,1338,508690,Main Accused
3356,1338,502503,Main Accused
3357,1339,507850,Main Accused
3358,1339,522507,Main Accused
3359,1339,514597,Co-Accused
3360,1340,509881,Co-Accused
3361,1340,520347,Co-Accused
3362,1340,511399,Main Accused
3363,1341,512139,Main Accused
3364,1342,507149,Co-Accused
3365,1342,504827,Main Accused
3366,1343,516148,Main Accused
3367,1344,505483,Co-Accused
3368,1344,502473,Main Accused
3369,1344,522913,Main Accused
3370,1345,513100,Co-Accused
3371,1345,518334,Main Accused
3372,1346,522544,Co-Accused
3373,1347,502599,Co-Accused
3374,1347,512119,Co-Accused
3375,1347,511235,Co-Accused
3376,1347,524873,Co-Accused
3377,1348,502361,Co-Accused
3378,1348,523588,Co-Accused
3379,1349,504113,Co-Accused
3380,1349,505007,Main Accused
3381,1349,511006,Co-Accused
3382,1349,519722,Co-Accused
3383,1350,506025,Co-Accused
3384,1350,500579,Main Accused
3385,1350,512078,Main Accused
3386,1350,508292,Co-Accused
3387,1351,516340,Co-Accused
3388,1351,501541,Co-Accused
3389,1352,523459,Co-Accused
3390,1352,518099,Co-Accused
3391,1353,508715,Co-Accused
3392,1353,501741,Co-Accused
3393,1354,523024,Co-Accused
3394,1355,503128,Main Accused
3395,1355,520403,Main Accused
3396,1355,510336,Co-Accused
3397,1356,514878,Main Accused
3398,1356,515437,Co-Accused
3399,1356,520128,Main Accused
3400,1357,512197,Main Accused
3401,1357,524516,Main Accused
3402,1357,515212,Main Accused
3403,1358,509521,Co-Accused
3404,1358,508254,Main Accused
3405,1358,519393,Co-Accused
3406,1358,503593,Co-Accused
3407,1359,502080,Main Accused
3408,1359,514872,Co-Accused
3409,1359,516532,Co-Accused
3410,1359,509438,Main Accused
3411,1360,507413,Main Accused
3412,1361,515070,Main Accused
3413,1361,518894,Co-Accused
3414,1361,521762,Co-Accused
3415,1362,521055,Main Accused
3416,1363,504506,Co-Accused
3417,1363,516397,Main Accused
3418,1363,515303,Main Accused
3419,1364,512160,Main Accused
3420,1364,522683,Main Accused
3421,1365,511692,Main Accused
3422,1365,519011,Main Accused
3423,1366,510572,Co-Accused
3424,1366,503339,Co-Accused
3425,1366,513137,Co-Accused
3426,1367,502210,Co-Accused
3427,1367,523450,Main Accused
3428,1367,503072,Main Accused
3429,1368,501228,Main Accused
3430,1368,505922,Co-Accused
3431,1368,514735,Main Accused
3432,1369,507049,Main Accused
3433,1369,502299,Co-Accused
3434,1369,507561,Co-Accused
3435,1369,507766,Main Accused
3436,1370,503667,Co-Accused
3437,1371,504713,Co-Accused
3438,1371,511851,Co-Accused
3439,1372,522177,Main Accused
3440,1373,518984,Main Accused
3441,1373,521913,Main Accused
3442,1374,500735,Main Accused
3443,1374,523087,Main Accused
3444,1374,510069,Main Accused
3445,1375,506680,Main Accused
3446,1376,524749,Co-Accused
3447,1376,501510,Co-Accused
3448,1376,514734,Co-Accused
3449,1377,512850,Co-Accused
3450,1377,502131,Co-Accused
3451,1377,510790,Main Accused
3452,1377,512584,Co-Accused
3453,1378,507728,Co-Accused
3454,1379,506006,Main Accused
3455,1379,501805,Main Accused
3456,1380,518478,Main Accused
3457,1380,507798,Co-Accused
3458,1381,517859,Main Accused
3459,1381,511594,Co-Accused
3460,1381,519196,Main Accused
3461,1382,515569,Main Accused
3462,1383,504729,Main Accused
3463,1383,501920,Main Accused
3464,1384,501930,Co-Accused
3465,1384,504660,Main Accused
3466,1385,518644,Main Accused
3467,1386,500320,Main Accused
3468,1386,512115,Co-Accused
3469,1387,515596,Co-Accused
3470,1387,509766,Main Accused
3471,1387,501536,Co-Accused
3472,1388,522390,Co-Accused
3473,1389,522075,Co-Accused
3474,1389,509419,Main Accused
3475,1389,516120,Main Accused
3476,1389,507407,Main Accused
3477,1390,521762,Co-Accused
3478,1391,512410,Co-Accused
3479,1391,516502,Main Accused
3480,1391,505868,Main Accused
3481,1391,508599,Co-Accused
3482,1392,507598,Main Accused
3483,1392,513778,Main Accused
3484,1392,522806,Co-Accused
3485,1393,516684,Main Accused
3486,1394,509898,Main Accused
3487,1394,518617,Co-Accused
3488,1395,503868,Co-Accused
3489,1396,511632,Co-Accused
3490,1397,506979,Main Accused
3491,1397,505641,Main Accused
3492,1398,512928,Co-Accused
3493,1398,506771,Main Accused
3494,1398,509559,Co-Accused
3495,1398,509519,Main Accused
3496,1399,514192,Co-Accused
3497,1399,507511,Main Accused
3498,1399,512677,Main Accused
3499,1400,524204,Main Accused
3500,1400,511087,Co-Accused
3501,1400,509561,Co-Accused
3502,1401,522502,Co-Accused
3503,1401,517640,Co-Accused
3504,1402,500575,Co-Accused
3505,1402,522372,Main Accused
3506,1402,524027,Main Accused
3507,1402,521718,Main Accused
3508,1403,514251,Co-Accused
3509,1403,523037,Co-Accused
3510,1404,513854,Main Accused
3511,1404,510370,Main Accused
3512,1405,511270,Main Accused
3513,1405,514600,Main Accused
3514,1405,511716,Co-Accused
3515,1406,517759,Co-Accused
3516,1406,500785,Co-Accused
3517,1406,518612,Co-Accused
3518,1407,518228,Main Accused
3519,1408,510285,Co-Accused
3520,1408,512223,Main Accused
3521,1409,510526,Co-Accused
3522,1409,523178,Main Accused
3523,1409,508930,Main Accused
3524,1409,513329,Main Accused
3525,1410,506836,Main Accused
3526,1411,506806,Main Accused
3527,1412,512253,Main Accused
3528,1413,510365,Main Accused
3529,1414,505077,Main Accused
3530,1415,510455,Co-Accused
3531,1415,503505,Co-Accused
3532,1415,514642,Main Accused
3533,1415,506187,Co-Accused
3534,1416,516192,Co-Accused
3535,1416,502590,Main Accused
3536,1416,522485,Co-Accused
3537,1416,521227,Co-Accused
3538,1417,519014,Co-Accused
3539,1417,513543,Main Accused
3540,1417,519539,Main Accused
3541,1418,506562,Main Accused
3542,1418,524558,Co-Accused
3543,1418,502011,Main Accused
3544,1418,524329,Co-Accused
3545,1419,511745,Co-Accused
3546,1419,513819,Co-Accused
3547,1419,510725,Main Accused
3548,1419,503612,Co-Accused
3549,1420,512935,Co-Accused
3550,1420,516529,Main Accused
3551,1421,505625,Co-Accused
3552,1421,517469,Main Accused
3553,1421,511518,Main Accused
3554,1421,516074,Main Accused
3555,1422,522205,Co-Accused
3556,1422,512620,Main Accused
3557,1423,515957,Main Accused
3558,1423,512116,Co-Accused
3559,1423,524480,Main Accused
3560,1424,509756,Co-Accused
3561,1424,501216,Co-Accused
3562,1424,521354,Co-Accused
3563,1425,511058,Main Accused
3564,1425,522752,Co-Accused
3565,1425,504269,Main Accused
3566,1425,508851,Main Accused
3567,1426,522665,Co-Accused
3568,1426,509303,Main Accused
3569,1426,504090,Main Accused
3570,1426,510184,Co-Accused
3571,1427,516009,Co-Accused
3572,1428,524764,Main Accused
3573,1428,514805,Co-Accused
3574,1428,502075,Main Accused
3575,1429,514356,Main Accused
3576,1429,513596,Main Accused
3577,1429,511554,Main Accused
3578,1430,522795,Main Accused
3579,1430,522373,Co-Accused
3580,1430,502586,Main Accused
3581,1430,506467,Co-Accused
3582,1431,507819,Co-Accused
3583,1431,510392,Main Accused
3584,1431,523830,Co-Accused
3585,1432,522107,Main Accused
3586,1432,523577,Co-Accused
3587,1433,516971,Co-Accused
3588,1433,518665,Main Accused
3589,1434,508132,Main Accused
3590,1434,501798,Co-Accused
3591,1434,511563,Co-Accused
3592,1435,510835,Co-Accused
3593,1435,502868,Main Accused
3594,1435,519673,Main Accused
3595,1435,503529,Main Accused
3596,1436,522258,Main Accused
3597,1436,511832,Main Accused
3598,1436,520869,Co-Accused
3599,1436,500815,Co-Accused
3600,1437,507623,Main Accused
3601,1437,513741,Co-Accused
3602,1437,520055,Co-Accused
3603,1438,504973,Co-Accused
3604,1438,504536,Main Accused
3605,1438,513285,Main Accused
3606,1439,504877,Co-Accused
3607,1440,502245,Main Accused
3608,1440,505855,Main Accused
3609,1440,509572,Main Accused
3610,1441,519661,Main Accused
3611,1441,513486,Main Accused
3612,1441,502378,Main Accused
3613,1441,522312,Co-Accused
3614,1442,509601,Main Accused
3615,1442,522786,Co-Accused
3616,1442,511201,Co-Accused
3617,1443,515891,Main Accused
3618,1444,507614,Co-Accused
3619,1445,506973,Main Accused
3620,1446,519166,Co-Accused
3621,1446,509492,Co-Accused
3622,1447,501001,Co-Accused
3623,1448,504069,Main Accused
3624,1448,501030,Main Accused
3625,1448,516372,Co-Accused
3626,1448,506979,Main Accused
3627,1449,508920,Co-Accused
3628,1449,511156,Main Accused
3629,1449,524005,Co-Accused
3630,1450,506840,Co-Accused
3631,1450,517249,Main Accused
3632,1450,513085,Main Accused
3633,1451,505055,Co-Accused
3634,1451,507095,Co-Accused
3635,1451,508627,Co-Accused
3636,1452,522581,Co-Accused
3637,1452,504998,Co-Accused
3638,1453,502145,Co-Accused
3639,1453,503062,Main Accused
3640,1453,521831,Main Accused
3641,1454,511685,Co-Accused
3642,1455,520010,Main Accused
3643,1455,502117,Main Accused
3644,1455,517001,Main Accused
3645,1455,509334,Main Accused
3646,1456,502675,Co-Accused
3647,1456,507773,Co-Accused
3648,1456,513717,Main Accused
3649,1457,523402,Co-Accused
3650,1457,519478,Co-Accused
3651,1457,504642,Co-Accused
3652,1458,503741,Co-Accused
3653,1458,504101,Co-Accused
3654,1459,504958,Co-Accused
3655,1460,524542,Co-Accused
3656,1460,506381,Main Accused
3657,1460,509736,Co-Accused
3658,1461,514853,Main Accused
3659,1461,522285,Co-Accused
3660,1461,510292,Co-Accused
3661,1462,517607,Main Accused
3662,1462,514234,Co-Accused
3663,1462,506384,Main Accused
3664,1462,515166,Main Accused
3665,1463,511886,Co-Accused
3666,1464,519548,Main Accused
3667,1464,519567,Main Accused
3668,1464,504907,Co-Accused
3669,1464,506289,Co-Accused
3670,1465,517294,Main Accused
3671,1465,513697,Co-Accused
3672,1465,508911,Co-Accused
3673,1465,522881,Co-Accused
3674,1466,509769,Co-Accused
3675,1466,509887,Co-Accused
3676,1466,508774,Co-Accused
3677,1467,511756,Main Accused
3678,1467,508792,Main Accused
3679,1467,508332,Main Accused
3680,1468,524857,Main Accused
3681,1468,521532,Main Accused
3682,1468,505558,Co-Accused
3683,1468,505980,Co-Accused
3684,1469,518858,Co-Accused
3685,1469,508852,Main Accused
3686,1469,513152,Co-Accused
3687,1469,516277,Co-Accused
3688,1470,506760,Co-Accused
3689,1471,519520,Main Accused
3690,1471,506333,Main Accused
3691,1471,513490,Co-Accused
3692,1472,505004,Main Accused
3693,1472,513331,Co-Accused
3694,1473,516099,Main Accused
3695,1474,522975,Co-Accused
3696,1474,514064,Co-Accused
3697,1474,503957,Main Accused
3698,1475,515439,Main Accused
3699,1475,502241,Main Accused
3700,1475,514028,Main Accused
3701,1475,514292,Co-Accused
3702,1476,516808,Main Accused
3703,1476,501705,Main Accused
3704,1476,501345,Main Accused
3705,1477,517570,Main Accused
3706,1477,509218,Co-Accused
3707,1478,511898,Co-Accused
3708,1478,519083,Co-Accused
3709,1479,520920,Co-Accused
3710,1479,501357,Main Accused
3711,1479,508216,Main Accused
3712,1479,509863,Main Accused
3713,1480,516067,Co-Accused
3714,1481,514636,Co-Accused
3715,1482,519320,Co-Accused
3716,1482,507021,Main Accused
3717,1482,511491,Main Accused
3718,1482,523364,Main Accused
3719,1483,502810,Main Accused
3720,1483,506304,Main Accused
3721,1483,523886,Main Accused
3722,1483,501008,Co-Accused
3723,1484,504639,Co-Accused
3724,1484,503920,Main Accused
3725,1485,523679,Main Accused
3726,1485,519816,Co-Accused
3727,1485,509298,Co-Accused
3728,1486,504348,Co-Accused
3729,1486,520365,Main Accused
3730,1486,510377,Co-Accused
3731,1486,507543,Co-Accused
3732,1487,502505,Co-Accused
3733,1487,524269,Co-Accused
3734,1487,508170,Main Accused
3735,1487,509084,Main Accused
3736,1488,508276,Main Accused
3737,1488,511346,Main Accused
3738,1489,500751,Co-Accused
3739,1489,518334,Co-Accused
3740,1490,507070,Main Accused
3741,1490,513731,Co-Accused
3742,1490,501676,Co-Accused
3743,1491,501594,Main Accused
3744,1492,518350,Main Accused
3745,1493,509490,Co-Accused
3746,1493,514346,Main Accused
3747,1494,522394,Main Accused
3748,1494,508148,Co-Accused
3749,1494,523754,Main Accused
3750,1495,511358,Main Accused
3751,1495,514328,Main Accused
3752,1495,513230,Main Accused
3753,1495,503259,Co-Accused
3754,1496,524220,Main Accused
3755,1496,516616,Co-Accused
3756,1496,506916,Main Accused
3757,1497,516107,Co-Accused
3758,1498,511446,Main Accused
3759,1498,501997,Co-Accused
3760,1498,514155,Main Accused
3761,1499,507519,Main Accused
3762,1499,523390,Co-Accused
3763,1500,521239,Main Accused
3764,1501,511768,Main Accused
3765,1501,500053,Co-Accused
3766,1501,509957,Main Accused
3767,1501,508990,Co-Accused
3768,1502,514183,Main Accused
3769,1502,506904,Co-Accused
3770,1502,523806,Co-Accused
3771,1502,523705,Main Accused
3772,1503,524735,Co-Accused
3773,1503,518019,Co-Accused
3774,1503,502028,Main Accused
3775,1503,518988,Co-Accused
3776,1504,519223,Main Accused
3777,1505,516296,Co-Accused
3778,1505,515141,Co-Accused
3779,1505,507274,Main Accused
3780,1505,506392,Co-Accused
3781,1506,520398,Co-Accused
3782,1506,515719,Main Accused
3783,1506,521906,Main Accused
3784,1506,500892,Main Accused
3785,1507,523987,Main Accused
3786,1507,502540,Co-Accused
3787,1508,513605,Main Accused
3788,1509,504412,Co-Accused
3789,1509,507287,Main Accused
3790,1510,522271,Main Accused
3791,1511,523214,Co-Accused
3792,1511,518629,Co-Accused
3793,1511,515211,Main Accused
3794,1512,521388,Co-Accused
3795,1512,519622,Co-Accused
3796,1513,513848,Co-Accused
3797,1513,521424,Co-Accused
3798,1513,511197,Main Accused
3799,1513,504182,Main Accused
3800,1514,520507,Main Accused
3801,1514,516178,Main Accused
3802,1514,501309,Co-Accused
3803,1515,516003,Main Accused
3804,1515,501491,Co-Accused
3805,1515,518757,Co-Accused
3806,1516,507900,Main Accused
3807,1517,515126,Co-Accused
3808,1517,503898,Main Accused
3809,1517,504816,Co-Accused
3810,1518,510311,Co-Accused
3811,1518,501171,Main Accused
3812,1518,508467,Co-Accused
3813,1518,510139,Main Accused
3814,1519,512474,Co-Accused
3815,1520,517935,Main Accused
3816,1520,507425,Co-Accused
3817,1521,509129,Co-Accused
3818,1521,505802,Co-Accused
3819,1522,512916,Main Accused
3820,1523,523015,Main Accused
3821,1524,508032,Co-Accused
3822,1524,518406,Main Accused
3823,1524,517900,Co-Accused
3824,1525,516558,Co-Accused
3825,1526,517718,Main Accused
3826,1527,517710,Co-Accused
3827,1527,517450,Main Accused
3828,1528,503887,Co-Accused
3829,1528,521505,Main Accused
3830,1528,507713,Main Accused
3831,1529,519625,Co-Accused
3832,1529,520948,Main Accused
3833,1530,512963,Main Accused
3834,1530,524898,Main Accused
3835,1530,512646,Co-Accused
3836,1530,504012,Main Accused
3837,1531,505190,Main Accused
3838,1531,507236,Main Accused
3839,1531,513259,Co-Accused
3840,1531,509409,Main Accused
3841,1532,503653,Main Accused
3842,1532,502673,Main Accused
3843,1532,503989,Main Accused
3844,1533,503206,Co-Accused
3845,1533,511945,Co-Accused
3846,1533,512902,Co-Accused
3847,1534,500306,Main Accused
3848,1534,519490,Co-Accused
3849,1535,516236,Main Accused
3850,1536,509179,Main Accused
3851,1537,523579,Co-Accused
3852,1538,520879,Main Accused
3853,1538,506746,Main Accused
3854,1538,504823,Co-Accused
3855,1538,522589,Co-Accused
3856,1539,515815,Co-Accused
3857,1539,518340,Co-Accused
3858,1540,516312,Co-Accused
3859,1541,508024,Co-Accused
3860,1541,513991,Main Accused
3861,1542,519064,Co-Accused
3862,1542,500831,Co-Accused
3863,1543,513214,Co-Accused
3864,1543,504714,Co-Accused
3865,1543,521352,Main Accused
3866,1544,522384,Co-Accused
3867,1544,520851,Co-Accused
3868,1544,510821,Main Accused
3869,1544,512645,Main Accused
3870,1545,515998,Co-Accused
3871,1545,500937,Co-Accused
3872,1545,503689,Co-Accused
3873,1545,520315,Co-Accused
3874,1546,520674,Co-Accused
3875,1546,506692,Co-Accused
3876,1546,500912,Main Accused
3877,1547,502617,Co-Accused
3878,1547,507014,Main Accused
3879,1547,506726,Main Accused
3880,1547,515559,Co-Accused
3881,1548,518844,Main Accused
3882,1548,522035,Main Accused
3883,1548,518292,Co-Accused
3884,1548,510466,Co-Accused
3885,1549,513286,Main Accused
3886,1550,502559,Main Accused
3887,1551,511962,Co-Accused
3888,1551,516297,Co-Accused
3889,1551,515114,Co-Accused
3890,1551,521529,Main Accused
3891,1552,508492,Main Accused
3892,1553,509927,Main Accused
3893,1554,522180,Co-Accused
3894,1554,506138,Co-Accused
3895,1555,504243,Co-Accused
3896,1555,502660,Co-Accused
3897,1555,509186,Main Accused
3898,1556,500311,Main Accused
3899,1557,510615,Main Accused
3900,1557,512489,Co-Accused
3901,1558,501150,Co-Accused
3902,1558,521050,Main Accused
3903,1558,519472,Co-Accused
3904,1558,503341,Main Accused
3905,1559,505634,Co-Accused
3906,1559,519699,Main Accused
3907,1559,511320,Co-Accused
3908,1560,502411,Main Accused
3909,1560,522306,Main Accused
3910,1560,502079,Main Accused
3911,1560,516389,Main Accused
3912,1561,504990,Co-Accused
3913,1561,500758,Co-Accused
3914,1562,510389,Co-Accused
3915,1562,503161,Co-Accused
3916,1562,514867,Main Accused
3917,1562,501004,Co-Accused
3918,1563,514692,Co-Accused
3919,1563,511402,Co-Accused
3920,1564,522204,Main Accused
3921,1564,506123,Main Accused
3922,1565,524672,Co-Accused
3923,1565,503465,Co-Accused
3924,1566,518856,Co-Accused
3925,1566,519929,Co-Accused
3926,1566,506396,Main Accused
3927,1567,519613,Main Accused
3928,1567,513579,Main Accused
3929,1567,513822,Co-Accused
3930,1568,506700,Main Accused
3931,1568,523065,Main Accused
3932,1568,514127,Main Accused
3933,1569,524490,Co-Accused
3934,1569,504635,Main Accused
3935,1569,505302,Co-Accused
3936,1570,510987,Main Accused
3937,1570,507206,Co-Accused
3938,1570,508028,Co-Accused
3939,1571,510375,Main Accused
3940,1572,510560,Co-Accused
3941,1572,502931,Co-Accused
3942,1572,521668,Main Accused
3943,1572,523087,Main Accused
3944,1573,519173,Co-Accused
3945,1573,523719,Co-Accused
3946,1574,521732,Co-Accused
3947,1574,502801,Main Accused
3948,1575,522418,Co-Accused
3949,1575,509578,Main Accused
3950,1575,502605,Main Accused
3951,1575,500398,Main Accused
3952,1576,506088,Main Accused
3953,1577,522015,Main Accused
3954,1578,521875,Co-Accused
3955,1578,507770,Co-Accused
3956,1578,513673,Main Accused
3957,1578,502929,Main Accused
3958,1579,520626,Main Accused
3959,1579,511243,Main Accused
3960,1579,511928,Main Accused
3961,1580,509298,Main Accused
3962,1580,518828,Main Accused
3963,1580,519179,Main Accused
3964,1580,514466,Main Accused
3965,1581,516375,Co-Accused
3966,1581,505395,Co-Accused
3967,1581,500509,Co-Accused
3968,1581,523234,Co-Accused
3969,1582,508656,Main Accused
3970,1582,511810,Main Accused
3971,1583,509477,Main Accused
3972,1583,503986,Main Accused
3973,1583,518454,Co-Accused
3974,1583,512736,Co-Accused
3975,1584,512811,Main Accused
3976,1584,521690,Main Accused
3977,1584,513438,Co-Accused
3978,1584,515340,Main Accused
3979,1585,519369,Main Accused
3980,1586,513119,Main Accused
3981,1586,504778,Main Accused
3982,1586,519761,Co-Accused
3983,1586,517782,Main Accused
3984,1587,518645,Co-Accused
3985,1587,521805,Main Accused
3986,1588,514199,Co-Accused
3987,1588,513133,Co-Accused
3988,1588,505079,Main Accused
3989,1589,519221,Co-Accused
3990,1589,514217,Co-Accused
3991,1590,501677,Main Accused
3992,1590,520301,Main Accused
3993,1591,516887,Main Accused
3994,1592,504478,Co-Accused
3995,1592,501490,Main Accused
3996,1592,510167,Main Accused
3997,1593,518764,Co-Accused
3998,1594,509137,Main Accused
3999,1594,514537,Main Accused
4000,1594,500295,Co-Accused
4001,1595,508289,Co-Accused
4002,1595,524341,Co-Accused
4003,1595,518569,Co-Accused
4004,1596,524779,Co-Accused
4005,1596,517674,Main Accused
4006,1596,504306,Co-Accused
4007,1597,503169,Main Accused
4008,1598,508283,Co-Accused
4009,1598,516351,Co-Accused
4010,1599,515142,Main Accused
4011,1599,505858,Co-Accused
4012,1599,521274,Main Accused
4013,1599,508076,Co-Accused
4014,1600,516370,Co-Accused
4015,1600,501907,Co-Accused
4016,1601,520207,Co-Accused
4017,1601,503881,Co-Accused
4018,1601,506339,Co-Accused
4019,1602,522491,Main Accused
4020,1603,510276,Main Accused
4021,1604,503326,Main Accused
4022,1605,502476,Co-Accused
4023,1605,518966,Main Accused
4024,1606,503563,Co-Accused
4025,1606,524487,Co-Accused
4026,1606,522681,Co-Accused
4027,1607,513096,Co-Accused
4028,1607,519043,Main Accused
4029,1608,517071,Co-Accused
4030,1608,504851,Co-Accused
4031,1608,520313,Main Accused
4032,1608,503711,Co-Accused
4033,1609,505953,Main Accused
4034,1609,517912,Main Accused
4035,1609,517960,Main Accused
4036,1609,510591,Co-Accused
4037,1610,504748,Co-Accused
4038,1610,501733,Main Accused
4039,1610,511547,Co-Accused
4040,1611,518623,Main Accused
4041,1611,510013,Co-Accused
4042,1611,520867,Co-Accused
4043,1611,508620,Co-Accused
4044,1612,503075,Co-Accused
4045,1612,502761,Main Accused
4046,1612,518398,Co-Accused
4047,1612,524991,Main Accused
4048,1613,521416,Co-Accused
4049,1614,518637,Co-Accused
4050,1614,516482,Main Accused
4051,1614,506186,Main Accused
4052,1615,505867,Main Accused
4053,1615,506403,Co-Accused
4054,1616,505281,Co-Accused
4055,1616,522614,Co-Accused
4056,1616,516661,Main Accused
4057,1617,517869,Co-Accused
4058,1618,506233,Co-Accused
4059,1618,501997,Main Accused
4060,1618,522834,Co-Accused
4061,1618,507339,Main Accused
4062,1619,506859,Main Accused
4063,1619,518238,Main Accused
4064,1619,515897,Main Accused
4065,1620,521683,Main Accused
4066,1620,508034,Co-Accused
4067,1621,505121,Main Accused
4068,1621,505888,Co-Accused
4069,1621,503834,Co-Accused
4070,1621,523775,Main Accused
4071,1622,503564,Co-Accused
4072,1622,507359,Main Accused
4073,1623,504672,Co-Accused
4074,1623,508712,Main Accused
4075,1623,509043,Co-Accused
4076,1623,503679,Main Accused
4077,1624,518922,Main Accused
4078,1624,520773,Co-Accused
4079,1624,524660,Main Accused
4080,1624,500363,Co-Accused
4081,1625,514508,Main Accused
4082,1625,502551,Main Accused
4083,1626,510837,Main Accused
4084,1626,500263,Main Accused
4085,1626,500530,Co-Accused
4086,1626,512119,Main Accused
4087,1627,503627,Main Accused
4088,1627,519750,Main Accused
4089,1627,514279,Main Accused
4090,1627,505423,Main Accused
4091,1628,513514,Co-Accused
4092,1628,507196,Main Accused
4093,1628,521189,Main Accused
4094,1628,515981,Co-Accused
4095,1629,510072,Main Accused
4096,1629,513495,Co-Accused
4097,1630,517252,Main Accused
4098,1631,503536,Co-Accused
4099,1631,523636,Co-Accused
4100,1632,512001,Co-Accused
4101,1632,514563,Main Accused
4102,1632,521701,Co-Accused
4103,1633,520455,Main Accused
4104,1634,511031,Co-Accused
4105,1634,517331,Co-Accused
4106,1634,517732,Main Accused
4107,1634,502529,Main Accused
4108,1635,524540,Main Accused
4109,1635,500080,Main Accused
4110,1635,521799,Main Accused
4111,1635,512065,Main Accused
4112,1636,509699,Co-Accused
4113,1637,508067,Main Accused
4114,1637,515989,Co-Accused
4115,1637,517945,Main Accused
4116,1638,518040,Main Accused
4117,1638,513668,Co-Accused
4118,1639,500772,Main Accused
4119,1639,508638,Co-Accused
4120,1639,503484,Co-Accused
4121,1640,520936,Main Accused
4122,1641,517303,Co-Accused
4123,1642,502086,Co-Accused
4124,1642,507425,Main Accused
4125,1642,522871,Main Accused
4126,1642,515296,Co-Accused
4127,1643,524179,Co-Accused
4128,1643,512144,Main Accused
4129,1643,521693,Co-Accused
4130,1644,514116,Co-Accused
4131,1644,500353,Main Accused
4132,1644,500230,Main Accused
4133,1645,506705,Co-Accused
4134,1645,512542,Main Accused
4135,1646,507478,Co-Accused
4136,1646,503451,Main Accused
4137,1646,505744,Main Accused
4138,1646,517131,Co-Accused
4139,1647,507940,Main Accused
4140,1647,523135,Main Accused
4141,1647,520827,Main Accused
4142,1648,513633,Co-Accused
4143,1649,521733,Co-Accused
4144,1649,509874,Co-Accused
4145,1650,506697,Main Accused
4146,1650,515852,Main Accused
4147,1651,517856,Co-Accused
4148,1651,520311,Co-Accused
4149,1651,520434,Main Accused
4150,1651,519141,Co-Accused
4151,1652,511369,Main Accused
4152,1653,505247,Co-Accused
4153,1653,519866,Co-Accused
4154,1653,510043,Co-Accused
4155,1654,518341,Co-Accused
4156,1654,502256,Main Accused
4157,1655,520868,Co-Accused
4158,1656,519158,Main Accused
4159,1656,516556,Co-Accused
4160,1657,515883,Main Accused
4161,1657,513931,Main Accused
4162,1657,515831,Main Accused
4163,1657,515096,Main Accused
4164,1658,500820,Co-Accused
4165,1658,519483,Main Accused
4166,1658,520390,Main Accused
4167,1658,505239,Co-Accused
4168,1659,517911,Co-Accused
4169,1659,518111,Co-Accused
4170,1660,508216,Main Accused
4171,1660,521565,Main Accused
4172,1661,509010,Co-Accused
4173,1661,500599,Co-Accused
4174,1662,503198,Main Accused
4175,1663,505121,Co-Accused
4176,1663,518911,Co-Accused
4177,1663,500602,Main Accused
4178,1663,511231,Main Accused
4179,1664,511426,Co-Accused
4180,1664,520134,Co-Accused
4181,1664,511545,Co-Accused
4182,1664,523059,Co-Accused
4183,1665,522900,Main Accused
4184,1665,522513,Co-Accused
4185,1665,511359,Main Accused
4186,1665,522866,Main Accused
4187,1666,523951,Co-Accused
4188,1667,514006,Co-Accused
4189,1668,514701,Main Accused
4190,1668,509087,Main Accused
4191,1668,514084,Main Accused
4192,1669,519268,Main Accused
4193,1669,521120,Main Accused
4194,1669,508511,Main Accused
4195,1669,519485,Main Accused
4196,1670,502779,Main Accused
4197,1670,523071,Co-Accused
4198,1670,517644,Co-Accused
4199,1671,511660,Main Accused
4200,1671,516031,Main Accused
4201,1671,504212,Co-Accused
4202,1671,517595,Co-Accused
4203,1672,517372,Main Accused
4204,1672,519699,Co-Accused
4205,1672,519990,Main Accused
4206,1673,515929,Co-Accused
4207,1673,500856,Main Accused
4208,1673,513494,Co-Accused
4209,1674,504222,Main Accused
4210,1674,509109,Main Accused
4211,1674,507354,Main Accused
4212,1674,502072,Main Accused
4213,1675,511558,Co-Accused
4214,1675,521946,Main Accused
4215,1675,510121,Main Accused
4216,1675,521095,Co-Accused
4217,1676,513727,Main Accused
4218,1676,506185,Main Accused
4219,1676,523249,Main Accused
4220,1677,508456,Main Accused
4221,1677,514561,Co-Accused
4222,1677,509867,Main Accused
4223,1677,518882,Main Accused
4224,1678,514369,Main Accused
4225,1678,504890,Co-Accused
4226,1678,510814,Co-Accused
4227,1678,506619,Co-Accused
4228,1679,518498,Main Accused
4229,1679,523096,Main Accused
4230,1679,522033,Co-Accused
4231,1680,509086,Main Accused
4232,1681,510452,Co-Accused
4233,1681,512130,Co-Accused
4234,1681,524200,Co-Accused
4235,1682,517916,Main Accused
4236,1682,510719,Co-Accused
4237,1682,500578,Co-Accused
4238,1682,522246,Co-Accused
4239,1683,520717,Main Accused
4240,1684,513856,Co-Accused
4241,1684,506780,Main Accused
4242,1684,519084,Co-Accused
4243,1685,524301,Co-Accused
4244,1685,519794,Main Accused
4245,1685,504494,Co-Accused
4246,1686,519241,Co-Accused
4247,1686,515273,Main Accused
4248,1686,504157,Main Accused
4249,1686,520945,Main Accused
4250,1687,501851,Co-Accused
4251,1687,520723,Main Accused
4252,1687,522586,Co-Accused
4253,1688,505853,Main Accused
4254,1689,523132,Co-Accused
4255,1689,522608,Main Accused
4256,1689,516300,Main Accused
4257,1689,520818,Main Accused
4258,1690,520096,Co-Accused
4259,1690,523802,Main Accused
4260,1690,500218,Co-Accused
4261,1690,522762,Main Accused
4262,1691,515534,Main Accused
4263,1691,512605,Main Accused
4264,1691,517098,Co-Accused
4265,1691,517990,Main Accused
4266,1692,521682,Co-Accused
4267,1692,509369,Co-Accused
4268,1692,511319,Main Accused
4269,1692,514002,Co-Accused
4270,1693,524787,Co-Accused
4271,1693,514379,Main Accused
4272,1694,507933,Main Accused
4273,1695,516852,Main Accused
4274,1695,501554,Main Accused
4275,1696,506324,Co-Accused
4276,1697,506322,Co-Accused
4277,1697,516778,Main Accused
4278,1697,509367,Co-Accused
4279,1697,521336,Co-Accused
4280,1698,520094,Co-Accused
4281,1699,518631,Co-Accused
4282,1699,511535,Co-Accused
4283,1700,522329,Co-Accused
4284,1701,513093,Co-Accused
4285,1701,515331,Co-Accused
4286,1701,512133,Main Accused
4287,1701,523792,Main Accused
4288,1702,501836,Main Accused
4289,1702,510476,Co-Accused
4290,1702,508995,Co-Accused
4291,1703,517873,Co-Accused
4292,1703,508866,Main Accused
4293,1704,521831,Main Accused
4294,1704,510077,Main Accused
4295,1705,515061,Main Accused
4296,1706,521382,Co-Accused
4297,1706,513502,Co-Accused
4298,1706,505336,Main Accused
4299,1707,504402,Main Accused
4300,1708,500661,Main Accused
4301,1708,513172,Main Accused
4302,1708,502039,Co-Accused
4303,1708,522306,Main Accused
4304,1709,516414,Co-Accused
4305,1709,517240,Co-Accused
4306,1709,515810,Co-Accused
4307,1710,503672,Co-Accused
4308,1710,502863,Main Accused
4309,1710,517058,Main Accused
4310,1711,500718,Main Accused
4311,1711,510951,Main Accused
4312,1711,503148,Co-Accused
4313,1712,508571,Main Accused
4314,1712,502356,Co-Accused
4315,1712,523717,Co-Accused
4316,1712,503629,Main Accused
4317,1713,519788,Co-Accused
4318,1713,517951,Main Accused
4319,1714,518764,Main Accused
4320,1715,500511,Main Accused
4321,1715,511339,Main Accused
4322,1715,500068,Main Accused
4323,1715,517887,Co-Accused
4324,1716,510733,Co-Accused
4325,1716,500138,Co-Accused
4326,1716,512494,Main Accused
4327,1716,505537,Main Accused
4328,1717,512024,Main Accused
4329,1717,503458,Main Accused
4330,1717,512065,Co-Accused
4331,1717,509623,Co-Accused
4332,1718,511908,Main Accused
4333,1718,514973,Co-Accused
4334,1719,507004,Main Accused
4335,1719,503159,Co-Accused
4336,1719,513127,Main Accused
4337,1719,520322,Co-Accused
4338,1720,505985,Co-Accused
4339,1720,506263,Co-Accused
4340,1720,512993,Co-Accused
4341,1721,514453,Main Accused
4342,1721,508760,Co-Accused
4343,1722,523737,Main Accused
4344,1722,522546,Main Accused
4345,1722,519991,Co-Accused
4346,1722,502644,Co-Accused
4347,1723,511686,Main Accused
4348,1723,500870,Co-Accused
4349,1724,503784,Co-Accused
4350,1724,509660,Co-Accused
4351,1724,506741,Main Accused
4352,1724,524348,Main Accused
4353,1725,522854,Co-Accused
4354,1725,516523,Main Accused
4355,1726,518824,Co-Accused
4356,1726,502574,Co-Accused
4357,1727,521830,Main Accused
4358,1727,501499,Main Accused
4359,1727,517401,Co-Accused
4360,1728,510899,Co-Accused
4361,1728,523243,Co-Accused
4362,1728,517883,Main Accused
4363,1729,514693,Main Accused
4364,1729,511514,Main Accused
4365,1729,516410,Co-Accused
4366,1730,524600,Main Accused
4367,1730,520866,Main Accused
4368,1730,513201,Co-Accused
4369,1731,507662,Co-Accused
4370,1732,523082,Main Accused
4371,1732,523627,Main Accused
4372,1732,503311,Co-Accused
4373,1732,524842,Main Accused
4374,1733,516414,Co-Accused
4375,1733,518393,Co-Accused
4376,1734,502128,Main Accused
4377,1734,506854,Main Accused
4378,1734,522895,Main Accused
4379,1734,503981,Co-Accused
4380,1735,500541,Main Accused
4381,1735,500431,Main Accused
4382,1735,514563,Main Accused
4383,1736,517780,Main Accused
4384,1736,524201,Co-Accused
4385,1736,524102,Co-Accused
4386,1737,516959,Co-Accused
4387,1738,510870,Main Accused
4388,1738,516448,Main Accused
4389,1739,515870,Co-Accused
4390,1740,501708,Co-Accused
4391,1740,519207,Main Accused
4392,1740,504438,Co-Accused
4393,1740,523450,Co-Accused
4394,1741,518694,Co-Accused
4395,1741,503063,Main Accused
4396,1742,505775,Main Accused
4397,1742,512226,Co-Accused
4398,1742,512332,Co-Accused
4399,1743,502142,Co-Accused
4400,1743,516686,Main Accused
4401,1743,503860,Co-Accused
4402,1743,510834,Co-Accused
4403,1744,506283,Co-Accused
4404,1744,520032,Co-Accused
4405,1744,507327,Main Accused
4406,1745,517118,Co-Accused
4407,1745,510289,Co-Accused
4408,1745,502452,Main Accused
4409,1746,514721,Main Accused
4410,1747,521086,Main Accused
4411,1747,511427,Main Accused
4412,1747,523021,Main Accused
4413,1747,517314,Co-Accused
4414,1748,509773,Co-Accused
4415,1748,507392,Main Accused
4416,1748,519950,Main Accused
4417,1748,518291,Co-Accused
4418,1749,505222,Co-Accused
4419,1750,513799,Main Accused
4420,1750,518507,Main Accused
4421,1750,521049,Co-Accused
4422,1750,510087,Main Accused
4423,1751,513632,Main Accused
4424,1751,500519,Main Accused
4425,1752,506665,Co-Accused
4426,1752,506435,Main Accused
4427,1752,516712,Co-Accused
4428,1752,512708,Co-Accused
4429,1753,507145,Co-Accused
4430,1753,518417,Co-Accused
4431,1754,502973,Co-Accused
4432,1755,511353,Main Accused
4433,1755,510602,Co-Accused
4434,1755,524240,Main Accused
4435,1756,500166,Main Accused
4436,1756,519619,Main Accused
4437,1756,503011,Main Accused
4438,1756,516345,Co-Accused
4439,1757,503750,Co-Accused
4440,1757,513080,Co-Accused
4441,1758,514919,Co-Accused
4442,1759,502210,Co-Accused
4443,1759,520785,Co-Accused
4444,1759,509973,Co-Accused
4445,1760,515908,Main Accused
4446,1761,512959,Main Accused
4447,1761,519455,Co-Accused
4448,1762,514558,Co-Accused
4449,1763,505495,Main Accused
4450,1763,515425,Co-Accused
4451,1764,523885,Main Accused
4452,1764,506860,Main Accused
4453,1764,505980,Main Accused
4454,1764,505653,Main Accused
4455,1765,506098,Main Accused
4456,1765,512441,Main Accused
4457,1765,516844,Co-Accused
4458,1765,505114,Co-Accused
4459,1766,511590,Co-Accused
4460,1767,521459,Co-Accused
4461,1767,511674,Co-Accused
4462,1767,508178,Co-Accused
4463,1767,519409,Main Accused
4464,1768,515088,Main Accused
4465,1768,515816,Main Accused
4466,1769,517822,Co-Accused
4467,1770,513097,Main Accused
4468,1770,503305,Co-Accused
4469,1770,516962,Co-Accused
4470,1770,522696,Main Accused
4471,1771,505327,Main Accused
4472,1772,506635,Co-Accused
4473,1772,502406,Co-Accused
4474,1773,524451,Co-Accused
4475,1773,512164,Main Accused
4476,1773,507795,Co-Accused
4477,1773,517341,Main Accused
4478,1774,500818,Co-Accused
4479,1774,504188,Main Accused
4480,1774,513823,Main Accused
4481,1775,514444,Co-Accused
4482,1775,504497,Co-Accused
4483,1775,518249,Co-Accused
4484,1776,515388,Co-Accused
4485,1776,516627,Main Accused
4486,1777,522540,Co-Accused
4487,1777,519372,Main Accused
4488,1777,514621,Main Accused
4489,1777,521173,Co-Accused
4490,1778,515024,Co-Accused
4491,1779,515002,Co-Accused
4492,1779,501399,Co-Accused
4493,1779,513625,Main Accused
4494,1779,510039,Main Accused
4495,1780,502909,Co-Accused
4496,1780,507908,Main Accused
4497,1781,508897,Co-Accused
4498,1781,521426,Co-Accused
4499,1781,520820,Co-Accused
4500,1781,508164,Co-Accused
4501,1782,510356,Main Accused
4502,1783,512070,Co-Accused
4503,1783,504848,Main Accused
4504,1783,519513,Co-Accused
4505,1783,522286,Main Accused
4506,1784,503091,Co-Accused
4507,1784,510159,Main Accused
4508,1785,524500,Co-Accused
4509,1785,520192,Main Accused
4510,1785,517336,Main Accused
4511,1785,510701,Co-Accused
4512,1786,523790,Main Accused
4513,1786,507129,Co-Accused
4514,1786,514962,Main Accused
4515,1787,505032,Co-Accused
4516,1788,503899,Co-Accused
4517,1788,507711,Main Accused
4518,1789,514073,Main Accused
4519,1789,503808,Main Accused
4520,1789,507757,Co-Accused
4521,1789,523357,Co-Accused
4522,1790,509215,Main Accused
4523,1790,521300,Co-Accused
4524,1790,512320,Main Accused
4525,1790,518804,Co-Accused
4526,1791,520538,Co-Accused
4527,1792,514479,Main Accused
4528,1793,502648,Co-Accused
4529,1793,501936,Co-Accused
4530,1793,503022,Co-Accused
4531,1793,517350,Co-Accused
4532,1794,515416,Main Accused
4533,1795,522715,Co-Accused
4534,1795,505033,Co-Accused
4535,1795,512239,Co-Accused
4536,1796,517529,Co-Accused
4537,1797,509560,Main Accused
4538,1797,514833,Main Accused
4539,1797,513779,Co-Accused
4540,1797,502582,Main Accused
4541,1798,506514,Main Accused
4542,1798,508060,Main Accused
4543,1798,521919,Main Accused
4544,1798,515509,Main Accused
4545,1799,519293,Main Accused
4546,1799,507915,Co-Accused
4547,1799,505690,Co-Accused
4548,1800,507131,Main Accused
4549,1800,501856,Co-Accused
4550,1801,500560,Co-Accused
4551,1802,519365,Co-Accused
4552,1802,519757,Main Accused
4553,1802,519802,Main Accused
4554,1803,523941,Main Accused
4555,1804,516823,Main Accused
4556,1805,502234,Main Accused
4557,1805,511567,Co-Accused
4558,1805,523793,Co-Accused
4559,1805,510665,Co-Accused
4560,1806,507664,Co-Accused
4561,1806,516640,Main Accused
4562,1806,501069,Main Accused
4563,1807,520961,Co-Accused
4564,1808,513944,Main Accused
4565,1809,500473,Co-Accused
4566,1809,517918,Co-Accused
4567,1809,513573,Co-Accused
4568,1810,501405,Co-Accused
4569,1810,523733,Main Accused
4570,1810,516247,Co-Accused
4571,1811,515706,Co-Accused
4572,1811,516146,Co-Accused
4573,1811,510083,Main Accused
4574,1812,518359,Co-Accused
4575,1812,506602,Co-Accused
4576,1812,508358,Co-Accused
4577,1813,518759,Main Accused
4578,1813,510430,Co-Accused
4579,1813,514308,Co-Accused
4580,1814,520496,Co-Accused
4581,1814,515714,Co-Accused
4582,1815,503490,Main Accused
4583,1815,506508,Co-Accused
4584,1815,509153,Main Accused
4585,1815,514369,Main Accused
4586,1816,511588,Co-Accused
4587,1816,518352,Co-Accused
4588,1816,522529,Co-Accused
4589,1817,516827,Main Accused
4590,1817,517885,Co-Accused
4591,1818,518816,Main Accused
4592,1818,506504,Co-Accused
4593,1818,514464,Main Accused
4594,1818,508383,Co-Accused
4595,1819,520787,Co-Accused
4596,1819,505949,Main Accused
4597,1820,517180,Main Accused
4598,1820,507590,Co-Accused
4599,1820,506402,Co-Accused
4600,1820,518377,Co-Accused
4601,1821,502572,Co-Accused
4602,1821,518269,Main Accused
4603,1822,506498,Main Accused
4604,1822,514615,Main Accused
4605,1822,517894,Main Accused
4606,1822,520180,Main Accused
4607,1823,518785,Main Accused
4608,1823,512544,Co-Accused
4609,1823,504850,Main Accused
4610,1823,512686,Co-Accused
4611,1824,512305,Co-Accused
4612,1824,506924,Co-Accused
4613,1825,502836,Main Accused
4614,1826,504671,Main Accused
4615,1826,520999,Co-Accused
4616,1827,521726,Co-Accused
4617,1827,516771,Main Accused
4618,1827,503267,Co-Accused
4619,1828,520931,Co-Accused
4620,1828,518172,Main Accused
4621,1829,520544,Main Accused
4622,1829,514773,Main Accused
4623,1829,507248,Co-Accused
4624,1830,522786,Main Accused
4625,1831,507734,Co-Accused
4626,1831,500395,Co-Accused
4627,1831,508915,Co-Accused
4628,1832,519274,Co-Accused
4629,1832,523014,Main Accused
4630,1833,510712,Main Accused
4631,1833,520450,Main Accused
4632,1833,510654,Co-Accused
4633,1834,511146,Main Accused
4634,1835,509634,Main Accused
4635,1835,507116,Main Accused
4636,1835,503219,Main Accused
4637,1835,500665,Main Accused
4638,1836,522012,Main Accused
4639,1837,509531,Co-Accused
4640,1837,519079,Main Accused
4641,1837,507074,Main Accused
4642,1837,504276,Main Accused
4643,1838,503733,Co-Accused
4644,1838,520520,Co-Accused
4645,1838,511229,Main Accused
4646,1839,520950,Main Accused
4647,1839,517524,Co-Accused
4648,1839,501076,Co-Accused
4649,1839,513912,Co-Accused
4650,1840,520912,Co-Accused
4651,1840,524279,Co-Accused
4652,1840,523513,Main Accused
4653,1840,511614,Co-Accused
4654,1841,519983,Main Accused
4655,1841,522408,Co-Accused
4656,1842,520149,Main Accused
4657,1843,524016,Main Accused
4658,1843,508266,Main Accused
4659,1844,500312,Main Accused
4660,1844,515410,Main Accused
4661,1845,502191,Main Accused
4662,1845,515063,Co-Accused
4663,1845,523092,Co-Accused
4664,1846,506570,Main Accused
4665,1846,507125,Co-Accused
4666,1846,511893,Main Accused
4667,1847,515060,Co-Accused
4668,1847,511669,Main Accused
4669,1848,503614,Co-Accused
4670,1848,515736,Main Accused
4671,1848,505010,Main Accused
4672,1849,515346,Main Accused
4673,1849,507073,Main Accused
4674,1850,502661,Main Accused
4675,1850,510166,Co-Accused
4676,1850,512835,Main Accused
4677,1851,512807,Co-Accused
4678,1851,515394,Co-Accused
4679,1851,523458,Co-Accused
4680,1851,521883,Main Accused
4681,1852,516683,Co-Accused
4682,1852,513138,Main Accused
4683,1852,524072,Main Accused
4684,1853,502773,Co-Accused
4685,1854,510658,Main Accused
4686,1855,522496,Co-Accused
4687,1855,507182,Main Accused
4688,1855,524939,Co-Accused
4689,1856,507974,Co-Accused
4690,1856,520251,Co-Accused
4691,1856,524181,Co-Accused
4692,1856,513932,Co-Accused
4693,1857,518391,Co-Accused
4694,1857,506451,Main Accused
4695,1857,500884,Main Accused
4696,1857,506261,Co-Accused
4697,1858,523230,Main Accused
4698,1859,509482,Co-Accused
4699,1859,506860,Co-Accused
4700,1859,514205,Main Accused
4701,1860,520643,Main Accused
4702,1861,505550,Co-Accused
4703,1861,516841,Main Accused
4704,1862,501549,Main Accused
4705,1862,504231,Main Accused
4706,1863,514385,Co-Accused
4707,1863,511378,Co-Accused
4708,1864,509084,Main Accused
4709,1864,502208,Main Accused
4710,1864,504049,Co-Accused
4711,1865,508343,Main Accused
4712,1866,521764,Co-Accused
4713,1867,521776,Main Accused
4714,1867,514119,Co-Accused
4715,1868,521243,Main Accused
4716,1868,503934,Co-Accused
4717,1869,513749,Co-Accused
4718,1869,518427,Co-Accused
4719,1869,502897,Co-Accused
4720,1870,519373,Main Accused
4721,1870,515181,Main Accused
4722,1870,509728,Co-Accused
4723,1870,505705,Co-Accused
4724,1871,501696,Co-Accused
4725,1871,501015,Co-Accused
4726,1871,520660,Main Accused
4727,1871,520267,Main Accused
4728,1872,506160,Main Accused
4729,1872,505016,Co-Accused
4730,1872,514077,Main Accused
4731,1872,508589,Co-Accused
4732,1873,507954,Co-Accused
4733,1873,514285,Co-Accused
4734,1874,507095,Main Accused
4735,1874,505810,Co-Accused
4736,1874,503578,Co-Accused
4737,1875,523738,Co-Accused
4738,1875,512141,Co-Accused
4739,1875,519115,Main Accused
4740,1876,507173,Main Accused
4741,1877,509209,Main Accused
4742,1877,512014,Main Accused
4743,1877,506959,Co-Accused
4744,1877,519556,Co-Accused
4745,1878,522226,Main Accused
4746,1879,507382,Co-Accused
4747,1879,513787,Co-Accused
4748,1880,519717,Main Accused
4749,1881,522355,Main Accused
4750,1882,514298,Main Accused
4751,1882,513272,Co-Accused
4752,1882,505173,Main Accused
4753,1882,506853,Co-Accused
4754,1883,519623,Main Accused
4755,1884,518536,Co-Accused
4756,1884,524833,Main Accused
4757,1884,517693,Main Accused
4758,1885,505330,Co-Accused
4759,1885,504211,Main Accused
4760,1885,504428,Main Accused
4761,1886,518445,Main Accused
4762,1887,521599,Co-Accused
4763,1887,517963,Co-Accused
4764,1888,509417,Main Accused
4765,1888,502424,Co-Accused
4766,1889,508384,Main Accused
4767,1889,516777,Main Accused
4768,1890,512686,Main Accused
4769,1890,504028,Main Accused
4770,1890,501812,Co-Accused
4771,1890,518973,Co-Accused
4772,1891,522613,Main Accused
4773,1891,514378,Main Accused
4774,1892,517577,Main Accused
4775,1892,524993,Co-Accused
4776,1893,512493,Co-Accused
4777,1894,514743,Main Accused
4778,1895,524583,Main Accused
4779,1895,501252,Co-Accused
4780,1896,501718,Co-Accused
4781,1896,501581,Co-Accused
4782,1897,516061,Main Accused
4783,1897,524717,Co-Accused
4784,1898,522965,Co-Accused
4785,1898,504742,Main Accused
4786,1899,520722,Main Accused
4787,1900,520387,Main Accused
4788,1900,503536,Co-Accused
4789,1901,503658,Main Accused
4790,1901,521454,Co-Accused
4791,1901,521369,Co-Accused
4792,1901,519531,Co-Accused
4793,1902,523311,Co-Accused
4794,1903,519803,Main Accused
4795,1903,513969,Co-Accused
4796,1903,514137,Co-Accused
4797,1904,508779,Co-Accused
4798,1904,506009,Main Accused
4799,1904,502550,Co-Accused
4800,1905,509289,Co-Accused
4801,1906,501007,Main Accused
4802,1907,520101,Main Accused
4803,1907,509237,Co-Accused
4804,1907,509856,Main Accused
4805,1907,504002,Main Accused
4806,1908,513883,Co-Accused
4807,1909,507586,Main Accused
4808,1910,502444,Co-Accused
4809,1910,522051,Co-Accused
4810,1911,512360,Co-Accused
4811,1912,513119,Main Accused
4812,1912,501822,Main Accused
4813,1913,522047,Co-Accused
4814,1913,505181,Co-Accused
4815,1913,523684,Main Accused
4816,1913,522537,Main Accused
4817,1914,501396,Main Accused
4818,1914,509735,Main Accused
4819,1914,500405,Co-Accused
4820,1914,524646,Main Accused
4821,1915,522349,Co-Accused
4822,1915,518664,Main Accused
4823,1916,517041,Main Accused
4824,1916,521693,Main Accused
4825,1916,510501,Co-Accused
4826,1916,509330,Co-Accused
4827,1917,509465,Co-Accused
4828,1917,509917,Main Accused
4829,1917,509114,Main Accused
4830,1917,524728,Co-Accused
4831,1918,501728,Co-Accused
4832,1918,507699,Main Accused
4833,1919,523775,Main Accused
4834,1919,521042,Main Accused
4835,1920,516244,Main Accused
4836,1920,506214,Co-Accused
4837,1920,502913,Main Accused
4838,1921,515471,Co-Accused
4839,1921,524717,Co-Accused
4840,1922,513911,Co-Accused
4841,1922,524618,Co-Accused
4842,1922,512406,Co-Accused
4843,1923,522086,Main Accused
4844,1923,521230,Co-Accused
4845,1924,514725,Main Accused
4846,1924,514063,Co-Accused
4847,1925,509396,Main Accused
4848,1925,515857,Co-Accused
4849,1926,504315,Co-Accused
4850,1926,512480,Main Accused
4851,1927,524094,Co-Accused
4852,1927,503293,Co-Accused
4853,1927,521545,Co-Accused
4854,1928,503796,Co-Accused
4855,1929,514548,Main Accused
4856,1930,518340,Co-Accused
4857,1930,501381,Main Accused
4858,1930,505972,Main Accused
4859,1930,510127,Main Accused
4860,1931,522262,Main Accused
4861,1932,520393,Main Accused
4862,1932,514448,Main Accused
4863,1932,503692,Co-Accused
4864,1933,512045,Main Accused
4865,1933,511866,Main Accused
4866,1933,522796,Co-Accused
4867,1934,512427,Co-Accused
4868,1935,519130,Co-Accused
4869,1936,511617,Co-Accused
4870,1937,523421,Co-Accused
4871,1937,503649,Co-Accused
4872,1937,524388,Co-Accused
4873,1938,517478,Main Accused
4874,1938,521865,Co-Accused
4875,1939,501346,Main Accused
4876,1939,503713,Co-Accused
4877,1939,523216,Main Accused
4878,1939,522271,Main Accused
4879,1940,505807,Co-Accused
4880,1940,512693,Main Accused
4881,1940,504900,Main Accused
4882,1940,514712,Co-Accused
4883,1941,500729,Co-Accused
4884,1941,514293,Co-Accused
4885,1941,503918,Main Accused
4886,1942,505426,Co-Accused
4887,1942,518227,Co-Accused
4888,1942,500740,Co-Accused
4889,1942,521888,Co-Accused
4890,1943,502227,Co-Accused
4891,1943,514284,Main Accused
4892,1943,521843,Co-Accused
4893,1943,524023,Co-Accused
4894,1944,521858,Co-Accused
4895,1945,506468,Co-Accused
4896,1945,515968,Co-Accused
4897,1945,511346,Main Accused
4898,1946,516450,Co-Accused
4899,1946,504935,Co-Accused
4900,1946,522650,Main Accused
4901,1947,520766,Co-Accused
4902,1947,521558,Co-Accused
4903,1947,513369,Main Accused
4904,1947,517682,Main Accused
4905,1948,504464,Main Accused
4906,1949,504966,Main Accused
4907,1950,518016,Co-Accused
4908,1950,510832,Main Accused
4909,1951,523733,Co-Accused
4910,1951,524902,Main Accused
4911,1951,503126,Main Accused
4912,1951,510311,Main Accused
4913,1952,519568,Co-Accused
4914,1952,500264,Co-Accused
4915,1952,506157,Co-Accused
4916,1952,519377,Main Accused
4917,1953,519646,Co-Accused
4918,1953,507507,Co-Accused
4919,1953,507850,Co-Accused
4920,1953,513445,Co-Accused
4921,1954,509841,Main Accused
4922,1954,524122,Main Accused
4923,1954,521000,Co-Accused
4924,1954,503716,Co-Accused
4925,1955,520715,Main Accused
4926,1956,505743,Main Accused
4927,1956,500992,Co-Accused
4928,1956,503413,Main Accused
4929,1957,524649,Co-Accused
4930,1958,516118,Co-Accused
4931,1959,500897,Main Accused
4932,1960,507477,Co-Accused
4933,1960,522363,Main Accused
4934,1960,503615,Co-Accused
4935,1961,508135,Co-Accused
4936,1962,504110,Main Accused
4937,1962,512810,Co-Accused
4938,1963,517063,Co-Accused
4939,1963,523565,Co-Accused
4940,1964,514918,Co-Accused
4941,1964,509719,Main Accused
4942,1964,505383,Main Accused
4943,1965,510960,Main Accused
4944,1965,518708,Main Accused
4945,1965,503541,Main Accused
4946,1965,506082,Co-Accused
4947,1966,511035,Main Accused
4948,1966,508958,Main Accused
4949,1967,523418,Co-Accused
4950,1967,501452,Main Accused
4951,1968,505974,Co-Accused
4952,1968,519160,Co-Accused
4953,1968,522285,Co-Accused
4954,1969,521313,Co-Accused
4955,1969,516716,Co-Accused
4956,1969,507476,Main Accused
4957,1970,501977,Co-Accused
4958,1970,522652,Co-Accused
4959,1970,518323,Main Accused
4960,1970,524080,Main Accused
4961,1971,502925,Main Accused
4962,1971,508087,Co-Accused
4963,1971,504976,Co-Accused
4964,1972,522584,Co-Accused
4965,1972,515339,Main Accused
4966,1972,520717,Co-Accused
4967,1973,502560,Main Accused
4968,1973,519296,Co-Accused
4969,1973,518701,Main Accused
4970,1974,522132,Co-Accused
4971,1974,507012,Co-Accused
4972,1975,510641,Main Accused
4973,1976,504512,Main Accused
4974,1977,510748,Main Accused
4975,1977,502051,Main Accused
4976,1977,507870,Main Accused
4977,1977,517926,Co-Accused
4978,1978,522188,Main Accused
4979,1978,521134,Main Accused
4980,1978,521280,Co-Accused
4981,1979,507469,Co-Accused
4982,1979,522846,Main Accused
4983,1979,510924,Main Accused
4984,1980,514599,Co-Accused
4985,1980,501374,Main Accused
4986,1981,509415,Main Accused
4987,1982,514206,Main Accused
4988,1982,522998,Main Accused
4989,1982,523084,Main Accused
4990,1983,515114,Co-Accused
4991,1984,519227,Main Accused
4992,1984,511890,Main Accused
4993,1985,515291,Main Accused
4994,1985,503790,Main Accused
4995,1986,523475,Co-Accused
4996,1986,522872,Main Accused
4997,1986,503927,Co-Accused
4998,1987,511320,Main Accused
4999,1987,507460,Main Accused
5000,1987,524677,Main Accused
5001,1987,519787,Co-Accused
5002,1988,511619,Co-Accused
5003,1988,510716,Co-Accused
5004,1988,500901,Co-Accused
5005,1988,519089,Co-Accused
5006,1989,522411,Co-Accused
5007,1989,502331,Main Accused
5008,1990,509915,Co-Accused
5009,1990,517387,Main Accused
5010,1990,505259,Main Accused
5011,1991,513112,Co-Accused
5012,1992,524489,Co-Accused
5013,1992,506204,Main Accused
5014,1993,501187,Main Accused
5015,1993,504952,Main Accused
5016,1994,501119,Main Accused
5017,1994,517874,Main Accused
5018,1995,514266,Main Accused
5019,1995,513791,Co-Accused
5020,1995,520637,Co-Accused
5021,1995,500690,Co-Accused
5022,1996,524694,Main Accused
5023,1997,521131,Main Accused
5024,1997,514965,Main Accused
5025,1998,509642,Co-Accused
5026,1998,515049,Co-Accused
5027,1998,506418,Main Accused
5028,1998,521767,Co-Accused
5029,1999,520910,Main Accused
5030,1999,522791,Main Accused
5031,1999,510956,Co-Accused
5032,2000,504035,Co-Accused
5033,2000,511988,Co-Accused
5034,2001,518747,Co-Accused
5035,2001,524205,Co-Accused
5036,2002,518372,Co-Accused
5037,2003,515608,Main Accused
5038,2003,524321,Co-Accused
5039,2004,518203,Co-Accused
5040,2005,506523,Co-Accused
5041,2005,524952,Co-Accused
5042,2006,512815,Main Accused
5043,2006,500236,Main Accused
5044,2007,505550,Co-Accused
5045,2007,522949,Co-Accused
5046,2008,509852,Main Accused
5047,2008,524161,Main Accused
5048,2008,511915,Co-Accused
5049,2008,513479,Co-Accused
5050,2009,521933,Co-Accused
5051,2010,507185,Main Accused
5052,2010,507524,Co-Accused
5053,2011,507775,Co-Accused
5054,2011,510077,Co-Accused
5055,2012,514022,Co-Accused
5056,2012,500480,Co-Accused
5057,2012,518681,Main Accused
5058,2013,521248,Main Accused
5059,2013,503625,Main Accused
5060,2013,519014,Main Accused
5061,2014,515244,Main Accused
5062,2015,520529,Co-Accused
5063,2015,510879,Main Accused
5064,2015,512709,Main Accused
5065,2015,515926,Co-Accused
5066,2016,518158,Main Accused
5067,2016,510272,Co-Accused
5068,2016,508344,Co-Accused
5069,2016,507184,Main Accused
5070,2017,521345,Co-Accused
5071,2017,515290,Co-Accused
5072,2017,517089,Co-Accused
5073,2017,513884,Main Accused
5074,2018,514251,Main Accused
5075,2019,510544,Co-Accused
5076,2019,512950,Main Accused
5077,2020,524261,Main Accused
5078,2020,500731,Main Accused
5079,2020,509588,Co-Accused
5080,2021,517005,Main Accused
5081,2022,523904,Co-Accused
5082,2022,518443,Co-Accused
5083,2022,515128,Main Accused
5084,2023,511975,Co-Accused
5085,2024,512803,Co-Accused
5086,2024,509702,Co-Accused
5087,2024,511910,Main Accused
5088,2025,523836,Main Accused
5089,2025,508084,Main Accused
5090,2025,515573,Co-Accused
5091,2026,521727,Co-Accused
5092,2026,500205,Main Accused
5093,2026,503683,Co-Accused
5094,2027,518198,Main Accused
5095,2027,514606,Co-Accused
5096,2028,520767,Main Accused
5097,2028,507308,Main Accused
5098,2028,513452,Co-Accused
5099,2028,519762,Main Accused
5100,2029,523579,Co-Accused
5101,2029,502978,Main Accused
5102,2029,520585,Co-Accused
5103,2030,518768,Main Accused
5104,2030,507708,Main Accused
5105,2030,508340,Main Accused
5106,2031,502884,Co-Accused
5107,2032,506228,Co-Accused
5108,2033,502463,Co-Accused
5109,2033,516742,Co-Accused
5110,2033,514249,Co-Accused
5111,2033,506810,Main Accused
5112,2034,506817,Main Accused
5113,2034,521441,Co-Accused
5114,2035,517956,Main Accused
5115,2035,508974,Main Accused
5116,2036,511187,Main Accused
5117,2036,501826,Co-Accused
5118,2037,508220,Main Accused
5119,2038,501735,Co-Accused
5120,2038,506733,Main Accused
5121,2038,521202,Co-Accused
5122,2038,510069,Co-Accused
5123,2039,512366,Co-Accused
5124,2039,523224,Main Accused
5125,2039,512210,Co-Accused
5126,2039,520474,Co-Accused
5127,2040,521225,Co-Accused
5128,2040,505885,Main Accused
5129,2040,506241,Main Accused
5130,2041,509000,Co-Accused
5131,2041,506888,Main Accused
5132,2041,509476,Main Accused
5133,2041,515338,Co-Accused
5134,2042,512625,Main Accused
5135,2043,504051,Main Accused
5136,2043,522019,Co-Accused
5137,2043,518501,Main Accused
5138,2044,510427,Co-Accused
5139,2044,514265,Co-Accused
5140,2044,519044,Co-Accused
5141,2045,521064,Main Accused
5142,2045,502818,Co-Accused
5143,2046,510570,Co-Accused
5144,2046,515572,Co-Accused
5145,2046,516998,Co-Accused
5146,2047,518291,Main Accused
5147,2047,511744,Co-Accused
5148,2048,509955,Co-Accused
5149,2048,521983,Main Accused
5150,2048,524224,Co-Accused
5151,2049,522905,Main Accused
5152,2049,523029,Co-Accused
5153,2050,510943,Co-Accused
5154,2050,523122,Co-Accused
5155,2051,521880,Main Accused
5156,2052,516545,Main Accused
5157,2052,520675,Main Accused
5158,2052,507948,Main Accused
5159,2052,518699,Co-Accused
5160,2053,512715,Main Accused
5161,2053,502315,Co-Accused
5162,2053,502176,Main Accused
5163,2054,513365,Co-Accused
5164,2055,505187,Co-Accused
5165,2055,510424,Co-Accused
5166,2055,508895,Co-Accused
5167,2055,514632,Main Accused
5168,2056,504498,Co-Accused
5169,2057,514532,Co-Accused
5170,2057,501941,Co-Accused
5171,2058,512248,Main Accused
5172,2058,510687,Main Accused
5173,2058,518677,Co-Accused
5174,2059,510025,Main Accused
5175,2060,518570,Co-Accused
5176,2060,504783,Co-Accused
5177,2060,509197,Main Accused
5178,2060,511603,Main Accused
5179,2061,500681,Co-Accused
5180,2061,515987,Co-Accused
5181,2061,502209,Main Accused
5182,2061,510630,Main Accused
5183,2062,507038,Main Accused
5184,2063,516230,Co-Accused
5185,2063,507510,Co-Accused
5186,2063,517853,Main Accused
5187,2063,514117,Main Accused
5188,2064,524048,Main Accused
5189,2064,506001,Main Accused
5190,2064,512303,Co-Accused
5191,2064,507523,Main Accused
5192,2065,521273,Main Accused
5193,2066,516427,Main Accused
5194,2067,507731,Co-Accused
5195,2067,514695,Co-Accused
5196,2067,504303,Main Accused
5197,2067,518030,Main Accused
5198,2068,522024,Co-Accused
5199,2068,501907,Main Accused
5200,2068,502307,Co-Accused
5201,2068,517859,Co-Accused
5202,2069,513221,Co-Accused
5203,2069,518019,Main Accused
5204,2069,520878,Co-Accused
5205,2069,511805,Co-Accused
5206,2070,507333,Co-Accused
5207,2070,518390,Main Accused
5208,2071,515182,Co-Accused
5209,2071,508670,Main Accused
5210,2072,517642,Co-Accused
5211,2072,524178,Co-Accused
5212,2072,517879,Main Accused
5213,2073,516885,Co-Accused
5214,2074,506498,Co-Accused
5215,2074,511553,Main Accused
5216,2074,516271,Co-Accused
5217,2075,512058,Co-Accused
5218,2075,506424,Co-Accused
5219,2076,523339,Main Accused
5220,2076,516702,Co-Accused
5221,2077,522017,Main Accused
5222,2077,504404,Co-Accused
5223,2078,521505,Co-Accused
5224,2078,508124,Main Accused
5225,2078,510885,Co-Accused
5226,2078,517986,Co-Accused
5227,2079,517169,Main Accused
5228,2079,523630,Co-Accused
5229,2080,522893,Co-Accused
5230,2080,500213,Co-Accused
5231,2081,518297,Main Accused
5232,2081,507413,Main Accused
5233,2082,518239,Main Accused
5234,2083,511434,Main Accused
5235,2083,501258,Co-Accused
5236,2083,522552,Main Accused
5237,2083,501493,Main Accused
5238,2084,501083,Co-Accused
5239,2084,503508,Co-Accused
5240,2084,519034,Main Accused
5241,2085,522450,Co-Accused
5242,2085,510476,Main Accused
5243,2085,512442,Main Accused
5244,2086,502593,Main Accused
5245,2086,505973,Main Accused
5246,2086,513743,Co-Accused
5247,2087,514067,Main Accused
5248,2087,503683,Main Accused
5249,2087,512140,Main Accused
5250,2088,519624,Main Accused
5251,2088,517709,Co-Accused
5252,2088,509750,Co-Accused
5253,2088,507669,Co-Accused
5254,2089,517924,Main Accused
5255,2089,518515,Co-Accused
5256,2089,521647,Co-Accused
5257,2090,512090,Co-Accused
5258,2090,521386,Main Accused
5259,2090,515005,Main Accused
5260,2091,506003,Main Accused
5261,2092,515146,Co-Accused
5262,2092,506000,Main Accused
5263,2092,510941,Main Accused
5264,2092,513517,Main Accused
5265,2093,521865,Co-Accused
5266,2093,515841,Main Accused
5267,2094,508403,Main Accused
5268,2094,519138,Main Accused
5269,2095,510938,Main Accused
5270,2095,520120,Co-Accused
5271,2095,509465,Co-Accused
5272,2095,516665,Main Accused
5273,2096,502396,Co-Accused
5274,2097,518102,Co-Accused
5275,2097,504500,Main Accused
5276,2097,522856,Co-Accused
5277,2098,522224,Co-Accused
5278,2099,505996,Main Accused
5279,2099,523507,Main Accused
5280,2099,501562,Main Accused
5281,2100,507404,Co-Accused
5282,2101,516465,Main Accused
5283,2102,515482,Main Accused
5284,2102,513760,Co-Accused
5285,2102,511379,Main Accused
5286,2103,512144,Co-Accused
5287,2103,520452,Main Accused
5288,2103,505807,Co-Accused
5289,2103,514064,Co-Accused
5290,2104,511799,Co-Accused
5291,2104,515361,Co-Accused
5292,2104,504426,Main Accused
5293,2105,517507,Co-Accused
5294,2105,517658,Co-Accused
5295,2105,522155,Co-Accused
5296,2105,502321,Co-Accused
5297,2106,524758,Main Accused
5298,2106,508133,Main Accused
5299,2107,517439,Main Accused
5300,2108,505203,Co-Accused
5301,2109,507582,Co-Accused
5302,2109,516078,Co-Accused
5303,2109,509170,Co-Accused
5304,2109,524733,Co-Accused
5305,2110,515660,Main Accused
5306,2110,509823,Main Accused
5307,2111,520866,Main Accused
5308,2111,508882,Main Accused
5309,2111,502075,Co-Accused
5310,2112,521713,Co-Accused
5311,2112,520973,Co-Accused
5312,2113,524685,Co-Accused
5313,2113,509020,Main Accused
5314,2114,503905,Co-Accused
5315,2114,515987,Co-Accused
5316,2114,506751,Co-Accused
5317,2114,519959,Main Accused
5318,2115,516749,Main Accused
5319,2115,523853,Co-Accused
5320,2115,514706,Co-Accused
5321,2115,505272,Main Accused
5322,2116,505907,Co-Accused
5323,2116,517765,Main Accused
5324,2116,503628,Main Accused
5325,2117,505306,Main Accused
5326,2118,507167,Main Accused
5327,2118,511738,Co-Accused
5328,2118,521838,Co-Accused
5329,2119,523625,Main Accused
5330,2119,501299,Main Accused
5331,2119,516012,Main Accused
5332,2120,502918,Main Accused
5333,2120,516053,Main Accused
5334,2120,504441,Main Accused
5335,2120,504368,Main Accused
5336,2121,505973,Co-Accused
5337,2121,517341,Main Accused
5338,2121,513182,Co-Accused
5339,2121,510732,Co-Accused
5340,2122,517651,Co-Accused
5341,2122,520624,Co-Accused
5342,2122,509622,Main Accused
5343,2123,514291,Co-Accused
5344,2123,519499,Co-Accused
5345,2123,512442,Co-Accused
5346,2124,513275,Main Accused
5347,2124,503272,Main Accused
5348,2125,502111,Co-Accused
5349,2125,500744,Main Accused
5350,2125,517699,Co-Accused
5351,2126,506269,Main Accused
5352,2126,516755,Co-Accused
5353,2126,506800,Co-Accused
5354,2126,501913,Co-Accused
5355,2127,514867,Co-Accused
5356,2128,516527,Co-Accused
5357,2128,524679,Co-Accused
5358,2128,508935,Co-Accused
5359,2129,515169,Co-Accused
5360,2130,504619,Main Accused
5361,2130,504108,Co-Accused
5362,2131,516208,Main Accused
5363,2131,512109,Co-Accused
5364,2131,508812,Co-Accused
5365,2131,514709,Main Accused
5366,2132,502353,Main Accused
5367,2133,505375,Co-Accused
5368,2133,521728,Co-Accused
5369,2134,520284,Co-Accused
5370,2134,508621,Co-Accused
5371,2134,512150,Main Accused
5372,2135,519044,Main Accused
5373,2136,515804,Co-Accused
5374,2136,514856,Main Accused
5375,2136,521424,Co-Accused
5376,2136,502939,Co-Accused
5377,2137,523787,Main Accused
5378,2137,506290,Main Accused
5379,2138,523291,Co-Accused
5380,2138,505965,Co-Accused
5381,2139,522123,Co-Accused
5382,2139,510053,Main Accused
5383,2139,507642,Main Accused
5384,2140,500306,Co-Accused
5385,2141,512320,Main Accused
5386,2141,509575,Co-Accused
5387,2141,516216,Main Accused
5388,2141,500545,Co-Accused
5389,2142,520708,Main Accused
5390,2142,504502,Co-Accused
5391,2142,501451,Co-Accused
5392,2143,519981,Co-Accused
5393,2144,516678,Main Accused
5394,2144,505754,Main Accused
5395,2145,518486,Co-Accused
5396,2145,508242,Main Accused
5397,2146,519007,Main Accused
5398,2146,502946,Main Accused
5399,2146,503091,Main Accused
5400,2147,503963,Main Accused
5401,2147,500170,Main Accused
5402,2147,522501,Main Accused
5403,2148,523469,Main Accused
5404,2148,521038,Co-Accused
5405,2149,502104,Co-Accused
5406,2149,505574,Main Accused
5407,2149,517316,Co-Accused
5408,2149,521074,Co-Accused
5409,2150,514832,Co-Accused
5410,2150,523803,Main Accused
5411,2150,505869,Main Accused
5412,2150,507401,Co-Accused
5413,2151,505772,Co-Accused
5414,2151,510375,Co-Accused
5415,2151,504032,Main Accused
5416,2151,513172,Co-Accused
5417,2152,508135,Co-Accused
5418,2153,519358,Main Accused
5419,2153,523499,Main Accused
5420,2153,507712,Main Accused
5421,2153,516531,Main Accused
5422,2154,506321,Co-Accused
5423,2155,505188,Main Accused
5424,2155,521713,Co-Accused
5425,2156,521725,Main Accused
5426,2156,513129,Co-Accused
5427,2156,506448,Main Accused
5428,2157,509138,Co-Accused
5429,2157,502812,Co-Accused
5430,2157,520168,Co-Accused
5431,2158,514673,Co-Accused
5432,2158,515524,Co-Accused
5433,2158,504394,Main Accused
5434,2159,506996,Main Accused
5435,2159,507146,Co-Accused
5436,2159,511715,Co-Accused
5437,2159,512601,Co-Accused
5438,2160,522763,Co-Accused
5439,2160,504251,Co-Accused
5440,2160,509126,Co-Accused
5441,2160,514549,Co-Accused
5442,2161,511219,Co-Accused
5443,2161,520907,Main Accused
5444,2161,523013,Co-Accused
5445,2161,502082,Main Accused
5446,2162,517441,Main Accused
5447,2163,505691,Main Accused
5448,2163,505527,Main Accused
5449,2164,500970,Main Accused
5450,2164,504643,Main Accused
5451,2164,508236,Co-Accused
5452,2165,516043,Main Accused
5453,2166,508359,Co-Accused
5454,2166,507646,Co-Accused
5455,2166,511956,Co-Accused
5456,2167,514662,Co-Accused
5457,2167,501654,Co-Accused
5458,2167,501787,Main Accused
5459,2167,523908,Main Accused
5460,2168,513242,Main Accused
5461,2168,513474,Main Accused
5462,2169,509745,Co-Accused
5463,2169,524813,Main Accused
5464,2169,512994,Main Accused
5465,2169,517593,Main Accused
5466,2170,514921,Main Accused
5467,2170,500094,Main Accused
5468,2170,509587,Co-Accused
5469,2171,501403,Main Accused
5470,2171,502692,Main Accused
5471,2171,503073,Co-Accused
5472,2171,511949,Co-Accused
5473,2172,514981,Co-Accused
5474,2173,512489,Co-Accused
5475,2173,509600,Main Accused
5476,2174,505150,Co-Accused
5477,2174,515700,Co-Accused
5478,2174,501295,Main Accused
5479,2175,508953,Co-Accused
5480,2175,514357,Main Accused
5481,2176,522493,Co-Accused
5482,2176,523819,Co-Accused
5483,2176,520050,Co-Accused
5484,2176,508438,Main Accused
5485,2177,513330,Co-Accused
5486,2178,521858,Main Accused
5487,2178,503227,Main Accused
5488,2179,523024,Main Accused
5489,2179,519641,Co-Accused
5490,2179,517660,Main Accused
5491,2179,504660,Co-Accused
5492,2180,524389,Co-Accused
5493,2180,524662,Co-Accused
5494,2180,509129,Co-Accused
5495,2181,515090,Co-Accused
5496,2181,506402,Main Accused
5497,2182,504151,Co-Accused
5498,2182,507315,Co-Accused
5499,2183,515367,Co-Accused
5500,2183,516092,Co-Accused
5501,2184,520511,Co-Accused
5502,2184,507621,Co-Accused
5503,2184,503786,Main Accused
5504,2185,524836,Co-Accused
5505,2185,519666,Main Accused
5506,2186,514268,Main Accused
5507,2186,524866,Main Accused
5508,2187,508688,Main Accused
5509,2187,505659,Co-Accused
5510,2187,519045,Co-Accused
5511,2188,506710,Co-Accused
5512,2188,518703,Co-Accused
5513,2189,501997,Main Accused
5514,2189,524367,Main Accused
5515,2189,507178,Main Accused
5516,2190,502982,Co-Accused
5517,2190,522135,Main Accused
5518,2191,504407,Main Accused
5519,2191,504235,Main Accused
5520,2191,505463,Main Accused
5521,2192,511635,Co-Accused
5522,2192,513728,Co-Accused
5523,2192,517720,Main Accused
5524,2193,501904,Co-Accused
5525,2193,517859,Co-Accused
5526,2193,501858,Co-Accused
5527,2194,517416,Main Accused
5528,2194,522293,Co-Accused
5529,2195,520747,Main Accused
5530,2195,517727,Main Accused
5531,2195,502567,Co-Accused
5532,2195,503788,Main Accused
5533,2196,511749,Co-Accused
5534,2196,517490,Main Accused
5535,2196,516149,Co-Accused
5536,2197,506375,Main Accused
5537,2197,523775,Co-Accused
5538,2197,524858,Main Accused
5539,2198,508761,Main Accused
5540,2198,501097,Co-Accused
5541,2199,518088,Main Accused
5542,2199,520161,Main Accused
5543,2199,502848,Main Accused
5544,2200,520993,Co-Accused
5545,2200,508367,Main Accused
5546,2200,502778,Co-Accused
5547,2200,515061,Main Accused
5548,2201,516467,Co-Accused
5549,2201,523551,Main Accused
5550,2201,510067,Co-Accused
5551,2201,509789,Co-Accused
5552,2202,501638,Co-Accused
5553,2202,502904,Co-Accused
5554,2202,504127,Co-Accused
5555,2202,507698,Co-Accused
5556,2203,523404,Main Accused
5557,2203,520560,Main Accused
5558,2204,502542,Co-Accused
5559,2204,506120,Co-Accused
5560,2205,513097,Main Accused
5561,2205,505242,Co-Accused
5562,2205,504716,Co-Accused
5563,2205,517214,Main Accused
5564,2206,516487,Co-Accused
5565,2206,515335,Co-Accused
5566,2206,518371,Main Accused
5567,2206,506291,Co-Accused
5568,2207,516958,Co-Accused
5569,2208,517383,Main Accused
5570,2208,516410,Co-Accused
5571,2209,503921,Co-Accused
5572,2209,524715,Co-Accused
5573,2209,518614,Main Accused
5574,2210,504082,Main Accused
5575,2210,506417,Co-Accused
5576,2210,507007,Co-Accused
5577,2211,503982,Main Accused
5578,2211,503217,Main Accused
5579,2211,500795,Co-Accused
5580,2211,501482,Main Accused
5581,2212,502592,Main Accused
5582,2213,514358,Co-Accused
5583,2213,510374,Main Accused
5584,2213,509602,Main Accused
5585,2214,507619,Main Accused
5586,2214,502410,Co-Accused
5587,2214,510364,Main Accused
5588,2214,509715,Main Accused
5589,2215,522049,Main Accused
5590,2215,511490,Co-Accused
5591,2215,521118,Co-Accused
5592,2215,524272,Main Accused
5593,2216,510379,Main Accused
5594,2216,519402,Co-Accused
5595,2217,512543,Co-Accused
5596,2217,501508,Co-Accused
5597,2217,502848,Main Accused
5598,2217,523847,Co-Accused
5599,2218,511826,Main Accused
5600,2219,516073,Main Accused
5601,2219,508182,Co-Accused
5602,2220,504630,Co-Accused
5603,2220,501508,Co-Accused
5604,2221,503571,Co-Accused
5605,2222,502267,Main Accused
5606,2222,521001,Main Accused
5607,2222,509828,Main Accused
5608,2222,509442,Main Accused
5609,2223,512382,Co-Accused
5610,2223,517193,Main Accused
5611,2223,502589,Co-Accused
5612,2223,502428,Main Accused
5613,2224,517293,Co-Accused
5614,2225,518121,Main Accused
5615,2225,520998,Main Accused
5616,2225,519255,Co-Accused
5617,2225,522777,Co-Accused
5618,2226,514746,Co-Accused
5619,2226,513824,Co-Accused
5620,2226,510570,Co-Accused
5621,2226,505371,Main Accused
5622,2227,519461,Co-Accused
5623,2227,501769,Co-Accused
5624,2227,516353,Co-Accused
5625,2228,517102,Main Accused
5626,2228,515993,Main Accused
5627,2228,503821,Co-Accused
5628,2228,515954,Main Accused
5629,2229,524893,Main Accused
5630,2230,502255,Co-Accused
5631,2230,519616,Main Accused
5632,2230,508544,Main Accused
5633,2231,522771,Co-Accused
5634,2232,517471,Co-Accused
5635,2232,515627,Main Accused
5636,2232,514295,Main Accused
5637,2232,520905,Main Accused
5638,2233,507651,Co-Accused
5639,2233,512724,Main Accused
5640,2233,524346,Main Accused
5641,2233,502872,Co-Accused
5642,2234,520346,Main Accused
5643,2234,514591,Co-Accused
5644,2234,518368,Main Accused
5645,2235,509357,Co-Accused
5646,2236,521193,Co-Accused
5647,2237,512179,Main Accused
5648,2237,503576,Co-Accused
5649,2238,524765,Co-Accused
5650,2238,508754,Co-Accused
5651,2238,520256,Main Accused
5652,2239,515479,Main Accused
5653,2239,516528,Main Accused
5654,2239,506474,Main Accused
5655,2239,518523,Main Accused
5656,2240,516171,Main Accused
5657,2240,509464,Main Accused
5658,2241,523966,Main Accused
5659,2242,512341,Co-Accused
5660,2242,505508,Main Accused
5661,2243,512322,Co-Accused
5662,2243,515316,Main Accused
5663,2244,517107,Co-Accused
5664,2244,518450,Co-Accused
5665,2245,522160,Main Accused
5666,2246,517149,Main Accused
5667,2247,502369,Main Accused
5668,2248,518955,Co-Accused
5669,2248,501673,Co-Accused
5670,2249,521058,Main Accused
5671,2250,515426,Main Accused
5672,2250,514792,Co-Accused
5673,2251,518322,Main Accused
5674,2251,501280,Co-Accused
5675,2251,512851,Main Accused
5676,2251,508848,Main Accused
5677,2252,509962,Co-Accused
5678,2252,509625,Co-Accused
5679,2252,502311,Main Accused
5680,2253,504920,Co-Accused
5681,2253,505428,Co-Accused
5682,2253,506163,Co-Accused
5683,2253,507230,Main Accused
5684,2254,518023,Co-Accused
5685,2254,510282,Co-Accused
5686,2255,501657,Main Accused
5687,2255,502626,Co-Accused
5688,2255,506127,Co-Accused
5689,2256,512464,Main Accused
5690,2256,512957,Main Accused
5691,2256,502625,Main Accused
5692,2257,515185,Co-Accused
5693,2257,520354,Co-Accused
5694,2258,513838,Co-Accused
5695,2258,500375,Co-Accused
5696,2258,504873,Main Accused
5697,2259,516360,Main Accused
5698,2260,505130,Co-Accused
5699,2260,513326,Co-Accused
5700,2260,519383,Co-Accused
5701,2261,512005,Main Accused
5702,2261,522242,Co-Accused
5703,2262,500977,Main Accused
5704,2262,505218,Co-Accused
5705,2262,522821,Co-Accused
5706,2263,502268,Main Accused
5707,2264,513005,Co-Accused
5708,2264,505083,Main Accused
5709,2265,511192,Co-Accused
5710,2265,502518,Co-Accused
5711,2266,512187,Main Accused
5712,2266,516875,Co-Accused
5713,2267,523706,Main Accused
5714,2268,519143,Co-Accused
5715,2269,518404,Main Accused
5716,2269,503167,Main Accused
5717,2270,511077,Co-Accused
5718,2271,507282,Main Accused
5719,2271,510170,Co-Accused
5720,2272,514544,Co-Accused
5721,2272,522050,Main Accused
5722,2272,504139,Co-Accused
5723,2272,511172,Co-Accused
5724,2273,501259,Main Accused
5725,2273,521246,Main Accused
5726,2274,523058,Main Accused
5727,2274,504132,Co-Accused
5728,2274,504898,Co-Accused
5729,2275,518933,Co-Accused
5730,2275,518445,Main Accused
5731,2275,502970,Main Accused
5732,2276,524978,Main Accused
5733,2277,505017,Main Accused
5734,2277,516319,Main Accused
5735,2277,516020,Co-Accused
5736,2277,503816,Main Accused
5737,2278,524073,Main Accused
5738,2278,501667,Co-Accused
5739,2279,523333,Co-Accused
5740,2279,507083,Co-Accused
5741,2279,503405,Main Accused
5742,2279,523796,Main Accused
5743,2280,504728,Main Accused
5744,2281,520528,Main Accused
5745,2281,509521,Main Accused
5746,2281,524511,Co-Accused
5747,2282,502533,Co-Accused
5748,2282,500436,Main Accused
5749,2282,520430,Main Accused
5750,2283,500418,Co-Accused
5751,2283,507510,Co-Accused
5752,2284,504241,Main Accused
5753,2284,508826,Co-Accused
5754,2285,518142,Main Accused
5755,2285,516885,Main Accused
5756,2286,504258,Co-Accused
5757,2287,517416,Main Accused
5758,2288,516365,Co-Accused
5759,2289,512579,Main Accused
5760,2289,515177,Main Accused
5761,2289,511077,Co-Accused
5762,2289,524461,Main Accused
5763,2290,503004,Main Accused
5764,2290,520006,Co-Accused
5765,2291,524055,Co-Accused
5766,2291,519470,Main Accused
5767,2291,508387,Main Accused
5768,2292,502434,Co-Accused
5769,2292,510653,Main Accused
5770,2292,521844,Main Accused
5771,2292,504208,Main Accused
5772,2293,505327,Co-Accused
5773,2294,500641,Co-Accused
5774,2294,522251,Main Accused
5775,2295,516349,Co-Accused
5776,2296,506849,Main Accused
5777,2296,510364,Co-Accused
5778,2296,501772,Main Accused
5779,2296,508341,Main Accused
5780,2297,516990,Main Accused
5781,2297,524689,Main Accused
5782,2297,515920,Co-Accused
5783,2298,505751,Co-Accused
5784,2298,510946,Co-Accused
5785,2299,516125,Main Accused
5786,2299,515006,Main Accused
5787,2300,502628,Co-Accused
5788,2300,521582,Co-Accused
5789,2300,521029,Main Accused
5790,2301,524556,Co-Accused
5791,2301,509793,Main Accused
5792,2301,516534,Co-Accused
5793,2301,511423,Main Accused
5794,2302,506020,Main Accused
5795,2302,517626,Co-Accused
5796,2302,522922,Co-Accused
5797,2302,503971,Co-Accused
5798,2303,500945,Co-Accused
5799,2303,519974,Co-Accused
5800,2303,501532,Main Accused
5801,2304,504610,Co-Accused
5802,2304,513960,Main Accused
5803,2304,504737,Co-Accused
5804,2304,506630,Co-Accused
5805,2305,511822,Co-Accused
5806,2305,500637,Main Accused
5807,2306,505462,Co-Accused
5808,2306,517569,Main Accused
5809,2306,512443,Main Accused
5810,2306,523078,Co-Accused
5811,2307,524330,Main Accused
5812,2307,507931,Main Accused
5813,2307,507156,Co-Accused
5814,2307,522620,Main Accused
5815,2308,508924,Main Accused
5816,2308,519644,Co-Accused
5817,2308,511776,Main Accused
5818,2309,504912,Co-Accused
5819,2309,510292,Co-Accused
5820,2309,517884,Co-Accused
5821,2309,511520,Co-Accused
5822,2310,503047,Main Accused
5823,2310,514645,Main Accused
5824,2310,505422,Main Accused
5825,2310,512077,Main Accused
5826,2311,505314,Main Accused
5827,2311,503635,Co-Accused
5828,2312,502566,Co-Accused
5829,2313,501343,Main Accused
5830,2313,515479,Main Accused
5831,2314,505163,Main Accused
5832,2315,521084,Co-Accused
5833,2315,519739,Co-Accused
5834,2315,518663,Main Accused
5835,2315,502499,Main Accused
5836,2316,500201,Main Accused
5837,2317,519062,Co-Accused
5838,2318,514805,Main Accused
5839,2318,523833,Co-Accused
5840,2318,501979,Co-Accused
5841,2318,514348,Main Accused
5842,2319,507757,Main Accused
5843,2319,500195,Co-Accused
5844,2319,508231,Co-Accused
5845,2320,502276,Main Accused
5846,2321,516410,Main Accused
5847,2321,507036,Co-Accused
5848,2321,503703,Co-Accused
5849,2322,502038,Main Accused
5850,2322,509977,Main Accused
5851,2323,515385,Main Accused
5852,2323,503660,Main Accused
5853,2323,500952,Main Accused
5854,2324,508964,Co-Accused
5855,2324,508929,Co-Accused
5856,2325,504998,Main Accused
5857,2325,502019,Co-Accused
5858,2326,511954,Co-Accused
5859,2326,514437,Main Accused
5860,2326,501326,Co-Accused
5861,2326,513209,Main Accused
5862,2327,500406,Main Accused
5863,2327,519182,Main Accused
5864,2327,515005,Co-Accused
5865,2327,505731,Main Accused
5866,2328,509258,Main Accused
5867,2328,513881,Main Accused
5868,2328,502788,Co-Accused
5869,2328,505193,Co-Accused
5870,2329,513588,Co-Accused
5871,2329,502244,Co-Accused
5872,2329,516408,Main Accused
5873,2330,512513,Main Accused
5874,2330,521782,Co-Accused
5875,2330,509254,Co-Accused
5876,2331,515050,Main Accused
5877,2332,500184,Main Accused
5878,2332,514458,Main Accused
5879,2332,509020,Main Accused
5880,2332,502479,Main Accused
5881,2333,501522,Co-Accused
5882,2334,519588,Main Accused
5883,2334,504746,Main Accused
5884,2335,523112,Co-Accused
5885,2336,524185,Co-Accused
5886,2336,514485,Co-Accused
5887,2337,514217,Co-Accused
5888,2337,520752,Co-Accused
5889,2337,512999,Main Accused
5890,2338,518383,Co-Accused
5891,2338,503544,Co-Accused
5892,2339,523292,Co-Accused
5893,2339,521976,Main Accused
5894,2339,514923,Main Accused
5895,2340,510055,Main Accused
5896,2341,516673,Co-Accused
5897,2341,504534,Main Accused
5898,2342,512821,Main Accused
5899,2343,514412,Main Accused
5900,2344,507949,Co-Accused
5901,2344,517582,Main Accused
5902,2344,521531,Co-Accused
5903,2345,508167,Co-Accused
5904,2345,510063,Co-Accused
5905,2345,513539,Co-Accused
5906,2345,507295,Main Accused
5907,2346,513823,Main Accused
5908,2346,521978,Main Accused
5909,2347,514252,Co-Accused
5910,2347,518361,Main Accused
5911,2348,502304,Main Accused
5912,2349,512947,Main Accused
5913,2349,523793,Co-Accused
5914,2349,518821,Main Accused
5915,2350,524745,Co-Accused
5916,2350,513231,Main Accused
5917,2350,514845,Co-Accused
5918,2350,520552,Main Accused
5919,2351,503076,Main Accused
5920,2352,519169,Main Accused
5921,2352,520528,Co-Accused
5922,2352,519716,Co-Accused
5923,2352,518811,Co-Accused
5924,2353,512695,Main Accused
5925,2353,512280,Main Accused
5926,2353,523706,Main Accused
5927,2353,504846,Co-Accused
5928,2354,516979,Co-Accused
5929,2354,507326,Main Accused
5930,2354,507019,Main Accused
5931,2355,515387,Co-Accused
5932,2355,509077,Main Accused
5933,2355,511606,Main Accused
5934,2356,508877,Co-Accused
5935,2356,512414,Co-Accused
5936,2356,519214,Co-Accused
5937,2357,523109,Main Accused
5938,2358,523721,Main Accused
5939,2358,502117,Main Accused
5940,2358,517670,Main Accused
5941,2358,518478,Main Accused
5942,2359,513814,Main Accused
5943,2359,514087,Main Accused
5944,2359,511042,Co-Accused
5945,2359,511985,Main Accused
5946,2360,502917,Co-Accused
5947,2360,508621,Main Accused
5948,2360,503216,Co-Accused
5949,2360,504905,Co-Accused
5950,2361,509370,Main Accused
5951,2361,500095,Co-Accused
5952,2361,516250,Main Accused
5953,2361,502604,Main Accused
5954,2362,514306,Co-Accused
5955,2362,504827,Main Accused
5956,2362,514346,Co-Accused
5957,2362,516121,Co-Accused
5958,2363,520973,Main Accused
5959,2363,512419,Main Accused
5960,2363,520139,Main Accused
5961,2363,513383,Main Accused
5962,2364,506413,Main Accused
5963,2364,504832,Main Accused
5964,2364,508313,Main Accused
5965,2364,506536,Co-Accused
5966,2365,505136,Co-Accused
5967,2365,509176,Main Accused
5968,2366,519189,Main Accused
5969,2366,500815,Co-Accused
5970,2367,512017,Co-Accused
5971,2367,504202,Co-Accused
5972,2367,501610,Main Accused
5973,2368,520443,Co-Accused
5974,2369,508775,Main Accused
5975,2369,518701,Co-Accused
5976,2369,513543,Co-Accused
5977,2370,501920,Co-Accused
5978,2370,523208,Main Accused
5979,2370,512908,Main Accused
5980,2370,519652,Co-Accused
5981,2371,522370,Main Accused
5982,2371,509902,Main Accused
5983,2371,519359,Co-Accused
5984,2371,505438,Co-Accused
5985,2372,519439,Main Accused
5986,2373,517228,Co-Accused
5987,2373,500167,Co-Accused
5988,2373,501397,Co-Accused
5989,2373,520756,Main Accused
5990,2374,517037,Co-Accused
5991,2374,522326,Main Accused
5992,2374,510158,Main Accused
5993,2375,505051,Co-Accused
5994,2375,510889,Co-Accused
5995,2376,502644,Co-Accused
5996,2376,522530,Co-Accused
5997,2376,519483,Co-Accused
5998,2377,510022,Main Accused
5999,2377,505180,Co-Accused
6000,2377,524618,Main Accused
6001,2377,510758,Main Accused
6002,2378,500130,Main Accused
6003,2378,510438,Main Accused
6004,2378,519684,Main Accused
6005,2378,501075,Co-Accused
6006,2379,522309,Main Accused
6007,2379,514855,Co-Accused
6008,2380,524867,Main Accused
6009,2381,517283,Main Accused
6010,2381,511445,Main Accused
6011,2381,507375,Main Accused
6012,2382,518628,Main Accused
6013,2382,504079,Co-Accused
6014,2382,524690,Co-Accused
6015,2382,510507,Co-Accused
6016,2383,506073,Co-Accused
6017,2383,507502,Co-Accused
6018,2384,500766,Co-Accused
6019,2384,501616,Main Accused
6020,2384,523204,Main Accused
6021,2384,524263,Co-Accused
6022,2385,514581,Co-Accused
6023,2386,500192,Main Accused
6024,2387,516045,Main Accused
6025,2387,500197,Main Accused
6026,2387,518658,Main Accused
6027,2388,522850,Main Accused
6028,2388,513962,Co-Accused
6029,2388,508560,Main Accused
6030,2388,522853,Co-Accused
6031,2389,506319,Co-Accused
6032,2389,518789,Main Accused
6033,2389,501632,Co-Accused
6034,2389,501475,Main Accused
6035,2390,512057,Main Accused
6036,2390,502014,Co-Accused
6037,2390,503410,Main Accused
6038,2390,523003,Co-Accused
6039,2391,522907,Co-Accused
6040,2392,512097,Main Accused
6041,2392,510051,Co-Accused
6042,2392,511148,Co-Accused
6043,2392,523284,Co-Accused
6044,2393,500454,Main Accused
6045,2393,513533,Main Accused
6046,2394,520993,Main Accused
6047,2394,515748,Main Accused
6048,2394,524402,Main Accused
6049,2395,505422,Main Accused
6050,2395,504051,Co-Accused
6051,2395,500362,Co-Accused
6052,2396,503765,Main Accused
6053,2396,507120,Main Accused
6054,2396,522842,Co-Accused
6055,2396,512378,Main Accused
6056,2397,518747,Co-Accused
6057,2397,517623,Main Accused
6058,2397,503222,Co-Accused
6059,2398,500577,Co-Accused
6060,2398,504435,Co-Accused
6061,2399,506200,Main Accused
6062,2399,519054,Main Accused
6063,2399,501059,Co-Accused
6064,2399,505205,Main Accused
6065,2400,504808,Main Accused
6066,2400,506822,Main Accused
6067,2401,517251,Main Accused
6068,2401,506718,Co-Accused
6069,2401,522926,Main Accused
6070,2401,507853,Main Accused
6071,2402,509104,Co-Accused
6072,2402,508231,Co-Accused
6073,2402,511503,Main Accused
6074,2403,500060,Co-Accused
6075,2404,514465,Co-Accused
6076,2404,510848,Main Accused
6077,2404,521055,Main Accused
6078,2404,518476,Main Accused
6079,2405,512335,Main Accused
6080,2406,508930,Co-Accused
6081,2407,501247,Main Accused
6082,2407,500815,Main Accused
6083,2408,504871,Main Accused
6084,2408,521991,Main Accused
6085,2408,500923,Co-Accused
6086,2409,500923,Main Accused
6087,2409,524793,Co-Accused
6088,2409,504764,Co-Accused
6089,2409,502222,Co-Accused
6090,2410,514864,Main Accused
6091,2410,503279,Co-Accused
6092,2411,504138,Co-Accused
6093,2411,522850,Main Accused
6094,2412,503695,Co-Accused
6095,2412,502684,Main Accused
6096,2412,500141,Main Accused
6097,2412,514376,Co-Accused
6098,2413,522248,Co-Accused
6099,2413,509340,Main Accused
6100,2413,510613,Main Accused
6101,2414,511430,Main Accused
6102,2414,511390,Main Accused
6103,2414,510279,Co-Accused
6104,2415,520590,Main Accused
6105,2415,515966,Main Accused
6106,2415,524552,Co-Accused
6107,2416,520345,Main Accused
6108,2416,506285,Main Accused
6109,2416,515310,Co-Accused
6110,2417,504278,Main Accused
6111,2417,505630,Main Accused
6112,2417,506404,Main Accused
6113,2417,503922,Main Accused
6114,2418,502354,Co-Accused
6115,2418,507476,Main Accused
6116,2418,520666,Co-Accused
6117,2418,507918,Co-Accused
6118,2419,500212,Main Accused
6119,2420,502804,Main Accused
6120,2420,517086,Co-Accused
6121,2421,510398,Co-Accused
6122,2422,505547,Co-Accused
6123,2422,514787,Main Accused
6124,2423,507759,Main Accused
6125,2423,519257,Main Accused
6126,2423,501447,Main Accused
6127,2424,502396,Co-Accused
6128,2424,516607,Co-Accused
6129,2424,507715,Main Accused
6130,2424,511960,Co-Accused
6131,2425,523331,Main Accused
6132,2425,512442,Main Accused
6133,2425,507448,Co-Accused
6134,2426,519949,Main Accused
6135,2426,523704,Co-Accused
6136,2426,505290,Main Accused
6137,2426,523185,Main Accused
6138,2427,514034,Main Accused
6139,2427,511025,Co-Accused
6140,2428,506197,Co-Accused
6141,2429,516428,Main Accused
6142,2429,514892,Co-Accused
6143,2429,507458,Co-Accused
6144,2429,516815,Main Accused
6145,2430,510102,Co-Accused
6146,2430,506845,Main Accused
6147,2430,514217,Co-Accused
6148,2430,500894,Main Accused
6149,2431,519854,Main Accused
6150,2431,511920,Main Accused
6151,2431,523281,Main Accused
6152,2431,514030,Co-Accused
6153,2432,517926,Main Accused
6154,2432,510280,Co-Accused
6155,2433,500504,Co-Accused
6156,2434,501343,Main Accused
6157,2434,523862,Main Accused
6158,2435,522360,Co-Accused
6159,2435,510850,Main Accused
6160,2435,518791,Main Accused
6161,2435,522792,Main Accused
6162,2436,523509,Main Accused
6163,2436,502958,Co-Accused
6164,2436,520038,Co-Accused
6165,2436,507675,Main Accused
6166,2437,502442,Co-Accused
6167,2437,511691,Main Accused
6168,2438,504182,Main Accused
6169,2438,521593,Main Accused
6170,2438,507635,Main Accused
6171,2438,524673,Co-Accused
6172,2439,508014,Co-Accused
6173,2440,524968,Co-Accused
6174,2440,521901,Co-Accused
6175,2440,519846,Co-Accused
6176,2440,511964,Co-Accused
6177,2441,507022,Main Accused
6178,2441,514099,Co-Accused
6179,2441,523973,Main Accused
6180,2442,508037,Main Accused
6181,2442,514390,Main Accused
6182,2443,513744,Main Accused
6183,2443,514672,Main Accused
6184,2444,512096,Main Accused
6185,2444,516107,Co-Accused
6186,2445,513086,Main Accused
6187,2445,510961,Main Accused
6188,2446,521587,Co-Accused
6189,2446,509075,Main Accused
6190,2446,513780,Main Accused
6191,2447,514445,Main Accused
6192,2448,512585,Main Accused
6193,2449,512759,Co-Accused
6194,2449,512569,Co-Accused
6195,2449,508049,Co-Accused
6196,2450,515336,Co-Accused
6197,2450,518089,Co-Accused
6198,2451,524578,Main Accused
6199,2451,500336,Co-Accused
6200,2451,511276,Co-Accused
6201,2452,500771,Main Accused
6202,2452,520774,Co-Accused
6203,2453,521220,Co-Accused
6204,2453,505053,Co-Accused
6205,2453,522924,Main Accused
6206,2454,501660,Main Accused
6207,2454,518592,Co-Accused
6208,2454,511398,Co-Accused
6209,2454,504114,Co-Accused
6210,2455,523451,Main Accused
6211,2455,509558,Main Accused
6212,2456,512187,Main Accused
6213,2456,510364,Co-Accused
6214,2456,501470,Main Accused
6215,2457,509926,Main Accused
6216,2457,524829,Main Accused
6217,2458,521065,Main Accused
6218,2459,507924,Co-Accused
6219,2459,502897,Co-Accused
6220,2459,511817,Co-Accused
6221,2460,509007,Main Accused
6222,2461,505838,Co-Accused
6223,2461,519712,Co-Accused
6224,2462,522026,Co-Accused
6225,2462,501497,Co-Accused
6226,2462,522165,Main Accused
6227,2462,510885,Co-Accused
6228,2463,502383,Co-Accused
6229,2463,501658,Main Accused
6230,2463,522811,Co-Accused
6231,2464,523853,Co-Accused
6232,2464,519442,Co-Accused
6233,2464,513825,Main Accused
6234,2464,520295,Co-Accused
6235,2465,511434,Co-Accused
6236,2465,505972,Co-Accused
6237,2466,523840,Co-Accused
6238,2466,512487,Main Accused
6239,2466,516547,Main Accused
6240,2467,503900,Co-Accused
6241,2467,501919,Co-Accused
6242,2468,501988,Co-Accused
6243,2468,512647,Main Accused
6244,2468,504504,Main Accused
6245,2468,507085,Co-Accused
6246,2469,505301,Co-Accused
6247,2470,513438,Main Accused
6248,2470,524482,Co-Accused
6249,2471,520639,Main Accused
6250,2472,522196,Co-Accused
6251,2472,506295,Co-Accused
6252,2472,517925,Co-Accused
6253,2472,516373,Main Accused
6254,2473,522980,Main Accused
6255,2473,507403,Co-Accused
6256,2474,500385,Co-Accused
6257,2474,513868,Co-Accused
6258,2474,507847,Co-Accused
6259,2474,512461,Main Accused
6260,2475,506336,Main Accused
6261,2475,509008,Main Accused
6262,2475,517511,Main Accused
6263,2475,522475,Main Accused
6264,2476,502946,Co-Accused
6265,2476,512026,Main Accused
6266,2476,504174,Main Accused
6267,2476,523093,Main Accused
6268,2477,507992,Co-Accused
6269,2478,503152,Main Accused
6270,2479,520515,Co-Accused
6271,2480,513019,Co-Accused
6272,2480,523222,Main Accused
6273,2480,508943,Main Accused
6274,2480,512998,Main Accused
6275,2481,517436,Co-Accused
6276,2481,516731,Main Accused
6277,2481,503522,Co-Accused
6278,2481,508376,Main Accused
6279,2482,518601,Co-Accused
6280,2482,514382,Co-Accused
6281,2482,506042,Co-Accused
6282,2483,511341,Main Accused
6283,2483,500975,Main Accused
6284,2484,501775,Main Accused
6285,2484,504843,Co-Accused
6286,2485,514147,Co-Accused
6287,2485,517108,Co-Accused
6288,2486,517702,Main Accused
6289,2486,500990,Co-Accused
6290,2486,514542,Co-Accused
6291,2487,515612,Main Accused
6292,2487,510987,Main Accused
6293,2487,517018,Main Accused
6294,2488,501758,Co-Accused
6295,2489,514074,Main Accused
6296,2489,518787,Main Accused
6297,2489,504279,Main Accused
6298,2490,519946,Main Accused
6299,2490,518182,Main Accused
6300,2490,505492,Co-Accused
6301,2490,520052,Co-Accused
6302,2491,509295,Main Accused
6303,2491,506079,Main Accused
6304,2491,518974,Main Accused
6305,2491,510084,Main Accused
6306,2492,513050,Co-Accused
6307,2493,502832,Co-Accused
6308,2493,523135,Co-Accused
6309,2493,503975,Main Accused
6310,2493,501510,Co-Accused
6311,2494,512573,Main Accused
6312,2494,504697,Co-Accused
6313,2494,520844,Main Accused
6314,2495,503954,Main Accused
6315,2495,520311,Co-Accused
6316,2495,518570,Main Accused
6317,2496,501243,Co-Accused
6318,2497,506916,Main Accused
6319,2497,510115,Co-Accused
6320,2497,502599,Co-Accused
6321,2497,524100,Main Accused
6322,2498,519677,Main Accused
6323,2499,519367,Co-Accused
6324,2499,516719,Co-Accused
6325,2499,501801,Co-Accused
6326,2500,516649,Main Accused
6327,2500,513670,Co-Accused
6328,2500,506270,Co-Accused
6329,2500,504328,Main Accused
6330,2501,522450,Main Accused
6331,2501,524922,Main Accused
6332,2501,520559,Co-Accused
6333,2501,500143,Main Accused
6334,2502,517931,Main Accused
6335,2502,505466,Main Accused
6336,2503,521578,Main Accused
6337,2504,500469,Co-Accused
6338,2504,503636,Main Accused
6339,2504,516009,Co-Accused
6340,2505,516107,Co-Accused
6341,2506,506340,Main Accused
6342,2506,501628,Co-Accused
6343,2507,524859,Co-Accused
6344,2507,515305,Co-Accused
6345,2507,500308,Main Accused
6346,2508,512027,Co-Accused
6347,2509,524403,Main Accused
6348,2509,521379,Co-Accused
6349,2510,524118,Co-Accused
6350,2511,505931,Co-Accused
6351,2512,523946,Co-Accused
6352,2513,522757,Co-Accused
6353,2513,501272,Co-Accused
6354,2513,523748,Main Accused
6355,2513,511676,Main Accused
6356,2514,519713,Main Accused
6357,2515,515170,Co-Accused
6358,2515,502028,Main Accused
6359,2516,510335,Main Accused
6360,2516,521937,Main Accused
6361,2516,501632,Main Accused
6362,2516,502321,Co-Accused
6363,2517,517220,Co-Accused
6364,2517,524093,Main Accused
6365,2518,500234,Co-Accused
6366,2518,509646,Main Accused
6367,2519,522776,Co-Accused
6368,2520,514469,Main Accused
6369,2520,500490,Co-Accused
6370,2520,524330,Co-Accused
6371,2521,523803,Main Accused
6372,2521,508270,Co-Accused
6373,2521,519539,Co-Accused
6374,2522,500099,Co-Accused
6375,2522,500185,Co-Accused
6376,2522,513958,Main Accused
6377,2523,518559,Co-Accused
6378,2524,503819,Main Accused
6379,2525,518885,Main Accused
6380,2525,514562,Co-Accused
6381,2526,510809,Main Accused
6382,2526,517970,Main Accused
6383,2527,502619,Main Accused
6384,2527,514485,Main Accused
6385,2527,511268,Main Accused
6386,2527,507648,Co-Accused
6387,2528,523444,Co-Accused
6388,2528,505579,Main Accused
6389,2528,517931,Main Accused
6390,2529,508686,Co-Accused
6391,2529,503035,Co-Accused
6392,2529,523294,Co-Accused
6393,2529,519471,Co-Accused
6394,2530,505558,Main Accused
6395,2530,522501,Co-Accused
6396,2530,519474,Co-Accused
6397,2531,500324,Co-Accused
6398,2531,500494,Co-Accused
6399,2531,516214,Main Accused
6400,2531,510569,Main Accused
6401,2532,509416,Main Accused
6402,2532,523263,Co-Accused
6403,2532,518866,Main Accused
6404,2532,515393,Co-Accused
6405,2533,516187,Main Accused
6406,2533,522671,Co-Accused
6407,2533,521732,Co-Accused
6408,2533,516299,Main Accused
6409,2534,522746,Main Accused
6410,2534,511200,Co-Accused
6411,2535,519613,Main Accused
6412,2535,516633,Co-Accused
6413,2536,502971,Main Accused
6414,2537,514244,Main Accused
6415,2537,510174,Main Accused
6416,2537,506322,Main Accused
6417,2538,514334,Main Accused
6418,2538,502865,Co-Accused
6419,2538,502843,Co-Accused
6420,2538,514565,Co-Accused
6421,2539,521750,Co-Accused
6422,2539,504875,Main Accused
6423,2539,517435,Main Accused
6424,2539,508376,Co-Accused
6425,2540,500005,Main Accused
6426,2540,514085,Co-Accused
6427,2540,521894,Main Accused
6428,2541,519737,Co-Accused
6429,2541,516802,Main Accused
6430,2542,506142,Main Accused
6431,2543,501099,Main Accused
6432,2544,509889,Main Accused
6433,2544,520334,Main Accused
6434,2545,511956,Co-Accused
6435,2545,513793,Main Accused
6436,2545,510762,Main Accused
6437,2546,521060,Main Accused
6438,2546,506521,Main Accused
6439,2546,515402,Main Accused
6440,2547,507462,Co-Accused
6441,2548,514357,Main Accused
6442,2548,520634,Co-Accused
6443,2548,513892,Co-Accused
6444,2549,523785,Co-Accused
6445,2549,512747,Main Accused
6446,2549,502291,Main Accused
6447,2549,507379,Co-Accused
6448,2550,504659,Main Accused
6449,2550,522048,Main Accused
6450,2550,523513,Main Accused
6451,2550,517117,Co-Accused
6452,2551,503676,Main Accused
6453,2551,506535,Main Accused
6454,2551,510949,Co-Accused
6455,2551,511683,Co-Accused
6456,2552,511694,Main Accused
6457,2552,512405,Main Accused
6458,2552,504614,Co-Accused
6459,2552,508070,Main Accused
6460,2553,515043,Main Accused
6461,2553,513820,Co-Accused
6462,2554,503910,Main Accused
6463,2554,506407,Main Accused
6464,2554,512511,Co-Accused
6465,2555,516907,Main Accused
6466,2555,509623,Main Accused
6467,2555,523806,Main Accused
6468,2556,514485,Main Accused
6469,2556,512584,Main Accused
6470,2557,519151,Main Accused
6471,2557,514623,Main Accused
6472,2558,514814,Co-Accused
6473,2559,502898,Main Accused
6474,2560,502413,Co-Accused
6475,2561,507736,Main Accused
6476,2561,521642,Co-Accused
6477,2562,509252,Co-Accused
6478,2562,511929,Co-Accused
6479,2562,503672,Main Accused
6480,2562,519365,Main Accused
6481,2563,501877,Co-Accused
6482,2564,514039,Main Accused
6483,2564,524602,Co-Accused
6484,2564,513260,Main Accused
6485,2564,521081,Co-Accused
6486,2565,510283,Co-Accused
6487,2566,507559,Main Accused
6488,2566,507626,Co-Accused
6489,2566,500376,Co-Accused
6490,2566,524250,Co-Accused
6491,2567,518796,Co-Accused
6492,2568,503512,Co-Accused
6493,2569,518766,Co-Accused
6494,2570,524455,Co-Accused
6495,2570,506950,Co-Accused
6496,2570,505508,Main Accused
6497,2571,514995,Main Accused
6498,2571,524638,Main Accused
6499,2571,516693,Main Accused
6500,2572,517813,Co-Accused
6501,2573,501303,Main Accused
6502,2573,501316,Co-Accused
6503,2574,513486,Co-Accused
6504,2574,524470,Co-Accused
6505,2574,501208,Co-Accused
6506,2574,503017,Co-Accused
6507,2575,515723,Co-Accused
6508,2575,503594,Main Accused
6509,2575,523651,Co-Accused
6510,2575,514404,Co-Accused
6511,2576,507789,Co-Accused
6512,2576,513607,Main Accused
6513,2577,510800,Main Accused
6514,2578,513617,Main Accused
6515,2578,503920,Main Accused
6516,2578,507707,Co-Accused
6517,2578,511766,Main Accused
6518,2579,521799,Main Accused
6519,2579,514952,Main Accused
6520,2580,516740,Co-Accused
6521,2580,513347,Co-Accused
6522,2580,512153,Main Accused
6523,2580,520581,Main Accused
6524,2581,500745,Main Accused
6525,2582,515959,Co-Accused
6526,2582,500610,Co-Accused
6527,2582,510755,Main Accused
6528,2582,514194,Main Accused
6529,2583,515910,Main Accused
6530,2584,511492,Main Accused
6531,2584,501248,Main Accused
6532,2584,516579,Co-Accused
6533,2585,516595,Main Accused
6534,2586,524420,Co-Accused
6535,2587,506853,Co-Accused
6536,2587,515763,Co-Accused
6537,2587,502132,Main Accused
6538,2588,509818,Co-Accused
6539,2588,505092,Co-Accused
6540,2589,519169,Co-Accused
6541,2590,521015,Co-Accused
6542,2590,522261,Co-Accused
6543,2591,515509,Main Accused
6544,2592,513230,Co-Accused
6545,2593,502652,Co-Accused
6546,2593,524076,Main Accused
6547,2594,509783,Co-Accused
6548,2594,518967,Co-Accused
6549,2594,508774,Main Accused
6550,2594,502883,Main Accused
6551,2595,516997,Co-Accused
6552,2596,519071,Co-Accused
6553,2596,507137,Main Accused
6554,2596,518205,Co-Accused
6555,2597,524090,Main Accused
6556,2598,504375,Main Accused
6557,2598,519906,Co-Accused
6558,2599,518851,Main Accused
6559,2599,519899,Main Accused
6560,2599,522710,Main Accused
6561,2599,522998,Co-Accused
6562,2600,513679,Co-Accused
6563,2600,519315,Main Accused
6564,2600,505931,Main Accused
6565,2600,519748,Co-Accused
6566,2601,523664,Co-Accused
6567,2601,521913,Main Accused
6568,2601,509167,Main Accused
6569,2601,514600,Main Accused
6570,2602,523475,Main Accused
6571,2602,508439,Co-Accused
6572,2602,523175,Co-Accused
6573,2603,522737,Co-Accused
6574,2603,509632,Co-Accused
6575,2603,503765,Main Accused
6576,2604,504779,Co-Accused
6577,2604,507145,Co-Accused
6578,2604,518918,Main Accused
6579,2604,503917,Main Accused
6580,2605,511114,Main Accused
6581,2605,515130,Co-Accused
6582,2606,504856,Main Accused
6583,2606,522190,Co-Accused
6584,2607,511762,Co-Accused
6585,2607,515363,Main Accused
6586,2607,505678,Co-Accused
6587,2607,502060,Main Accused
6588,2608,516315,Co-Accused
6589,2608,505611,Co-Accused
6590,2608,517645,Main Accused
6591,2609,524783,Main Accused
6592,2609,510965,Main Accused
6593,2610,500057,Co-Accused
6594,2611,501764,Co-Accused
6595,2611,520698,Co-Accused
6596,2611,505321,Main Accused
6597,2611,521336,Main Accused
6598,2612,522298,Co-Accused
6599,2612,516941,Main Accused
6600,2612,524376,Main Accused
6601,2613,501582,Main Accused
6602,2613,512494,Main Accused
6603,2613,500127,Co-Accused
6604,2613,522223,Main Accused
6605,2614,509650,Co-Accused
6606,2614,522531,Main Accused
6607,2615,522443,Co-Accused
6608,2615,518384,Main Accused
6609,2615,509626,Main Accused
6610,2615,520409,Main Accused
6611,2616,517902,Co-Accused
6612,2617,502593,Co-Accused
6613,2618,502829,Main Accused
6614,2618,503538,Main Accused
6615,2618,524625,Main Accused
6616,2619,500834,Co-Accused
6617,2619,505373,Co-Accused
6618,2620,501042,Co-Accused
6619,2621,510967,Main Accused
6620,2621,523742,Main Accused
6621,2621,515523,Main Accused
6622,2621,521768,Co-Accused
6623,2622,523807,Co-Accused
6624,2622,524300,Co-Accused
6625,2622,515470,Main Accused
6626,2622,500134,Co-Accused
6627,2623,519411,Co-Accused
6628,2623,513668,Main Accused
6629,2623,509241,Co-Accused
6630,2623,512851,Co-Accused
6631,2624,512883,Main Accused
6632,2624,518576,Main Accused
6633,2624,512622,Co-Accused
6634,2625,513966,Co-Accused
6635,2625,520859,Co-Accused
6636,2625,506486,Main Accused
6637,2625,515048,Co-Accused
6638,2626,503063,Co-Accused
6639,2626,509304,Main Accused
6640,2626,521273,Co-Accused
6641,2627,506902,Co-Accused
6642,2628,503889,Main Accused
6643,2628,503926,Co-Accused
6644,2628,521149,Co-Accused
6645,2629,511418,Main Accused
6646,2630,515400,Co-Accused
6647,2630,501361,Co-Accused
6648,2630,522045,Co-Accused
6649,2630,509713,Co-Accused
6650,2631,520144,Co-Accused
6651,2631,507594,Co-Accused
6652,2631,510966,Main Accused
6653,2632,500284,Main Accused
6654,2633,510029,Main Accused
6655,2634,517932,Main Accused
6656,2634,514275,Main Accused
6657,2634,504358,Co-Accused
6658,2634,522318,Co-Accused
6659,2635,509184,Co-Accused
6660,2635,500347,Co-Accused
6661,2635,523124,Main Accused
6662,2635,514035,Co-Accused
6663,2636,523080,Main Accused
6664,2636,516894,Co-Accused
6665,2637,520348,Main Accused
6666,2637,507461,Main Accused
6667,2638,512794,Co-Accused
6668,2638,522697,Main Accused
6669,2638,503042,Main Accused
6670,2639,503114,Main Accused
6671,2640,510496,Main Accused
6672,2640,511527,Co-Accused
6673,2641,515215,Main Accused
6674,2641,522992,Co-Accused
6675,2641,522949,Main Accused
6676,2642,518782,Co-Accused
6677,2642,523001,Co-Accused
6678,2642,512511,Main Accused
6679,2643,500817,Co-Accused
6680,2644,506408,Main Accused
6681,2644,500206,Main Accused
6682,2645,518374,Main Accused
6683,2645,519527,Co-Accused
6684,2645,504625,Main Accused
6685,2646,514144,Main Accused
6686,2646,519918,Co-Accused
6687,2646,510289,Main Accused
6688,2646,523554,Main Accused
6689,2647,508135,Main Accused
6690,2647,515330,Co-Accused
6691,2647,507726,Co-Accused
6692,2647,513701,Main Accused
6693,2648,514003,Main Accused
6694,2648,524098,Main Accused
6695,2649,500548,Co-Accused
6696,2649,503970,Main Accused
6697,2649,524493,Main Accused
6698,2649,502352,Main Accused
6699,2650,517322,Main Accused
6700,2650,503351,Co-Accused
6701,2650,507521,Main Accused
6702,2650,507564,Main Accused
6703,2651,512821,Co-Accused
6704,2652,503158,Co-Accused
6705,2652,522137,Main Accused
6706,2652,524435,Main Accused
6707,2653,520339,Co-Accused
6708,2653,522843,Main Accused
6709,2654,524614,Main Accused
6710,2654,503727,Co-Accused
6711,2654,522229,Co-Accused
6712,2654,515500,Co-Accused
6713,2655,522849,Co-Accused
6714,2656,500515,Co-Accused
6715,2657,511364,Co-Accused
6716,2657,510079,Main Accused
6717,2658,517881,Main Accused
6718,2658,518631,Co-Accused
6719,2659,504265,Main Accused
6720,2659,516379,Main Accused
6721,2659,519798,Co-Accused
6722,2659,521392,Main Accused
6723,2660,516818,Co-Accused
6724,2660,515057,Co-Accused
6725,2660,510786,Main Accused
6726,2660,505454,Co-Accused
6727,2661,515794,Co-Accused
6728,2661,508509,Main Accused
6729,2661,523561,Main Accused
6730,2662,519189,Main Accused
6731,2662,518875,Main Accused
6732,2662,521403,Co-Accused
6733,2662,500266,Main Accused
6734,2663,509263,Co-Accused
6735,2663,523140,Co-Accused
6736,2663,517838,Main Accused
6737,2664,504475,Main Accused
6738,2664,523861,Co-Accused
6739,2665,516338,Main Accused
6740,2665,510465,Main Accused
6741,2665,505838,Co-Accused
6742,2666,517620,Co-Accused
6743,2666,520307,Main Accused
6744,2666,522039,Main Accused
6745,2666,502837,Main Accused
6746,2667,516840,Main Accused
6747,2667,522657,Co-Accused
6748,2667,521386,Co-Accused
6749,2668,501209,Main Accused
6750,2668,522011,Co-Accused
6751,2668,522783,Main Accused
6752,2669,517308,Main Accused
6753,2669,509048,Co-Accused
6754,2669,509342,Co-Accused
6755,2669,512707,Main Accused
6756,2670,510093,Co-Accused
6757,2670,519609,Main Accused
6758,2670,523314,Main Accused
6759,2670,515015,Main Accused
6760,2671,515042,Co-Accused
6761,2671,507792,Co-Accused
6762,2671,502989,Co-Accused
6763,2672,509469,Main Accused
6764,2672,524898,Co-Accused
6765,2673,507276,Main Accused
6766,2673,501294,Main Accused
6767,2674,503848,Main Accused
6768,2674,514142,Co-Accused
6769,2674,501366,Main Accused
6770,2675,511359,Main Accused
6771,2676,521168,Main Accused
6772,2677,517044,Main Accused
6773,2677,504086,Co-Accused
6774,2677,509521,Main Accused
6775,2677,524537,Main Accused
6776,2678,509201,Main Accused
6777,2679,504575,Main Accused
6778,2680,510436,Co-Accused
6779,2680,509540,Main Accused
6780,2680,517965,Main Accused
6781,2680,518518,Main Accused
6782,2681,504871,Main Accused
6783,2681,517950,Co-Accused
6784,2681,503862,Main Accused
6785,2681,509868,Co-Accused
6786,2682,513876,Co-Accused
6787,2682,503345,Main Accused
6788,2682,510598,Co-Accused
6789,2683,519091,Main Accused
6790,2683,513503,Main Accused
6791,2683,508542,Co-Accused
6792,2684,510044,Co-Accused
6793,2684,505458,Main Accused
6794,2685,515656,Co-Accused
6795,2685,524560,Co-Accused
6796,2686,518398,Main Accused
6797,2687,500805,Co-Accused
6798,2688,516840,Main Accused
6799,2688,511245,Co-Accused
6800,2688,522342,Main Accused
6801,2688,505992,Co-Accused
6802,2689,519713,Main Accused
6803,2690,505669,Co-Accused
6804,2690,507585,Co-Accused
6805,2690,519295,Main Accused
6806,2691,515733,Main Accused
6807,2691,503483,Co-Accused
6808,2691,509701,Main Accused
6809,2691,512367,Co-Accused
6810,2692,512376,Main Accused
6811,2692,524287,Co-Accused
6812,2692,508499,Co-Accused
6813,2692,512406,Co-Accused
6814,2693,506829,Main Accused
6815,2693,523918,Main Accused
6816,2693,513543,Main Accused
6817,2693,507147,Co-Accused
6818,2694,503940,Main Accused
6819,2694,504435,Main Accused
6820,2694,500046,Main Accused
6821,2695,519255,Co-Accused
6822,2695,522409,Main Accused
6823,2695,508173,Co-Accused
6824,2695,509284,Co-Accused
6825,2696,504273,Main Accused
6826,2696,521530,Main Accused
6827,2696,516166,Main Accused
6828,2696,514001,Main Accused
6829,2697,522201,Main Accused
6830,2697,501023,Main Accused
6831,2697,524145,Co-Accused
6832,2698,505884,Main Accused
6833,2698,505333,Main Accused
6834,2699,517872,Co-Accused
6835,2700,515518,Main Accused
6836,2700,510159,Co-Accused
6837,2701,507120,Co-Accused
6838,2701,523391,Main Accused
6839,2702,510360,Co-Accused
6840,2702,506823,Co-Accused
6841,2702,515769,Main Accused
6842,2702,509440,Co-Accused
6843,2703,518066,Main Accused
6844,2704,506610,Main Accused
6845,2705,524714,Co-Accused
6846,2705,508739,Co-Accused
6847,2705,504318,Co-Accused
6848,2706,523776,Co-Accused
6849,2706,507859,Co-Accused
6850,2707,510001,Co-Accused
6851,2708,511904,Main Accused
6852,2709,512279,Co-Accused
6853,2709,523191,Main Accused
6854,2709,502983,Main Accused
6855,2710,514684,Main Accused
6856,2710,521133,Main Accused
6857,2710,508664,Main Accused
6858,2710,517461,Main Accused
6859,2711,520764,Main Accused
6860,2711,502516,Co-Accused
6861,2712,503326,Co-Accused
6862,2712,502780,Main Accused
6863,2712,506796,Main Accused
6864,2712,503675,Co-Accused
6865,2713,501505,Main Accused
6866,2714,522455,Main Accused
6867,2714,524001,Co-Accused
6868,2714,504849,Co-Accused
6869,2714,512818,Co-Accused
6870,2715,515060,Main Accused
6871,2715,506591,Main Accused
6872,2716,522960,Main Accused
6873,2717,518133,Co-Accused
6874,2717,510744,Co-Accused
6875,2717,500802,Main Accused
6876,2717,523756,Main Accused
6877,2718,510377,Main Accused
6878,2718,520712,Main Accused
6879,2718,509113,Co-Accused
6880,2718,514078,Main Accused
6881,2719,506172,Main Accused
6882,2720,522626,Main Accused
6883,2721,514128,Co-Accused
6884,2721,504974,Main Accused
6885,2722,514702,Co-Accused
6886,2723,516618,Co-Accused
6887,2723,500441,Co-Accused
6888,2723,513564,Co-Accused
6889,2724,523160,Co-Accused
6890,2724,522200,Co-Accused
6891,2725,513412,Main Accused
6892,2725,508329,Co-Accused
6893,2725,507713,Main Accused
6894,2725,522403,Main Accused
6895,2726,514259,Main Accused
6896,2727,518062,Main Accused
6897,2727,516461,Co-Accused
6898,2727,501899,Main Accused
6899,2727,512961,Co-Accused
6900,2728,503398,Main Accused
6901,2728,504510,Co-Accused
6902,2728,503287,Co-Accused
6903,2729,505118,Co-Accused
6904,2730,524037,Co-Accused
6905,2731,512275,Co-Accused
6906,2731,516611,Main Accused
6907,2731,503238,Main Accused
6908,2732,517395,Main Accused
6909,2733,524272,Main Accused
6910,2733,522088,Main Accused
6911,2733,504619,Main Accused
6912,2734,524428,Main Accused
6913,2734,520565,Co-Accused
6914,2734,524957,Main Accused
6915,2735,523963,Main Accused
6916,2735,513950,Co-Accused
6917,2735,514622,Co-Accused
6918,2735,524307,Main Accused
6919,2736,500975,Main Accused
6920,2736,501065,Main Accused
6921,2736,503747,Main Accused
6922,2736,520157,Main Accused
6923,2737,504362,Co-Accused
6924,2738,501344,Main Accused
6925,2739,507471,Main Accused
6926,2739,514159,Main Accused
6927,2739,523458,Main Accused
6928,2739,522451,Co-Accused
6929,2740,516081,Main Accused
6930,2741,510323,Main Accused
6931,2741,521090,Co-Accused
6932,2741,502302,Co-Accused
6933,2742,501462,Co-Accused
6934,2742,520398,Main Accused
6935,2742,524039,Co-Accused
6936,2742,505228,Main Accused
6937,2743,501195,Co-Accused
6938,2743,505289,Main Accused
6939,2743,510805,Co-Accused
6940,2744,501546,Main Accused
6941,2744,515246,Co-Accused
6942,2744,513658,Main Accused
6943,2745,503588,Main Accused
6944,2745,506497,Co-Accused
6945,2746,501457,Main Accused
6946,2746,523356,Co-Accused
6947,2746,506267,Main Accused
6948,2747,509652,Co-Accused
6949,2747,519541,Main Accused
6950,2748,516275,Main Accused
6951,2748,524301,Main Accused
6952,2748,518707,Co-Accused
6953,2749,524259,Main Accused
6954,2749,504565,Main Accused
6955,2749,515264,Co-Accused
6956,2749,516514,Main Accused
6957,2750,515964,Main Accused
6958,2750,514062,Co-Accused
6959,2751,514310,Co-Accused
6960,2751,522660,Main Accused
6961,2751,524913,Co-Accused
6962,2751,521594,Co-Accused
6963,2752,506075,Main Accused
6964,2752,501020,Main Accused
6965,2752,523626,Co-Accused
6966,2753,513989,Co-Accused
6967,2754,506920,Main Accused
6968,2754,514967,Main Accused
6969,2754,510218,Co-Accused
6970,2755,522853,Co-Accused
6971,2755,511991,Co-Accused
6972,2756,510469,Co-Accused
6973,2757,518952,Main Accused
6974,2758,522464,Co-Accused
6975,2758,510001,Co-Accused
6976,2759,502544,Main Accused
6977,2759,505829,Main Accused
6978,2759,503326,Co-Accused
6979,2759,508719,Main Accused
6980,2760,524036,Main Accused
6981,2760,505491,Co-Accused
6982,2760,507968,Main Accused
6983,2760,511953,Main Accused
6984,2761,502517,Co-Accused
6985,2761,505767,Co-Accused
6986,2761,514885,Co-Accused
6987,2762,501354,Co-Accused
6988,2763,519454,Main Accused
6989,2763,518878,Main Accused
6990,2763,524713,Main Accused
6991,2763,503397,Co-Accused
6992,2764,522811,Co-Accused
6993,2765,518275,Main Accused
6994,2765,502100,Main Accused
6995,2765,508497,Main Accused
6996,2766,516002,Main Accused
6997,2766,522022,Main Accused
6998,2766,501276,Main Accused
6999,2766,512769,Co-Accused
7000,2767,502410,Co-Accused
7001,2767,521983,Main Accused
7002,2767,504472,Main Accused
7003,2768,505810,Main Accused
7004,2769,510698,Co-Accused
7005,2769,519171,Main Accused
7006,2769,521832,Co-Accused
7007,2770,513010,Co-Accused
7008,2770,522721,Co-Accused
7009,2770,519875,Co-Accused
7010,2770,516402,Co-Accused
7011,2771,524492,Co-Accused
7012,2771,501168,Co-Accused
7013,2771,518755,Main Accused
7014,2771,519287,Co-Accused
7015,2772,507034,Main Accused
7016,2772,512185,Co-Accused
7017,2772,515438,Co-Accused
7018,2772,505218,Main Accused
7019,2773,502444,Main Accused
7020,2773,519071,Co-Accused
7021,2773,505941,Co-Accused
7022,2773,509426,Co-Accused
7023,2774,513105,Co-Accused
7024,2774,521079,Co-Accused
7025,2775,515772,Main Accused
7026,2775,518148,Main Accused
7027,2775,509253,Co-Accused
7028,2775,507942,Co-Accused
7029,2776,504388,Main Accused
7030,2776,504024,Main Accused
7031,2776,500274,Co-Accused
7032,2777,512352,Main Accused
7033,2777,511764,Main Accused
7034,2777,507589,Co-Accused
7035,2777,512408,Co-Accused
7036,2778,523878,Main Accused
7037,2778,524057,Main Accused
7038,2778,505423,Co-Accused
7039,2778,501162,Main Accused
7040,2779,524153,Main Accused
7041,2779,520536,Co-Accused
7042,2779,507893,Co-Accused
7043,2779,516551,Co-Accused
7044,2780,513718,Co-Accused
7045,2780,514492,Co-Accused
7046,2780,500786,Main Accused
7047,2781,505632,Co-Accused
7048,2782,518635,Main Accused
7049,2782,505378,Main Accused
7050,2783,510978,Main Accused
7051,2783,519887,Co-Accused
7052,2783,518398,Co-Accused
7053,2783,516599,Co-Accused
7054,2784,517727,Main Accused
7055,2785,522495,Co-Accused
7056,2785,522654,Main Accused
7057,2786,503223,Main Accused
7058,2786,521510,Main Accused
7059,2786,507444,Co-Accused
7060,2786,516682,Co-Accused
7061,2787,519633,Main Accused
7062,2787,500025,Main Accused
7063,2787,516240,Co-Accused
7064,2787,509878,Co-Accused
7065,2788,523859,Co-Accused
7066,2788,515532,Main Accused
7067,2788,519565,Co-Accused
7068,2788,521242,Main Accused
7069,2789,518283,Main Accused
7070,2789,523211,Co-Accused
7071,2789,520334,Co-Accused
7072,2789,513306,Main Accused
7073,2790,519000,Co-Accused
7074,2790,515065,Co-Accused
7075,2790,510543,Main Accused
7076,2790,519427,Co-Accused
7077,2791,519591,Co-Accused
7078,2791,512493,Co-Accused
7079,2791,511069,Co-Accused
7080,2792,510819,Co-Accused
7081,2793,501931,Co-Accused
7082,2793,505686,Main Accused
7083,2793,524518,Main Accused
7084,2794,518871,Main Accused
7085,2794,519705,Co-Accused
7086,2794,503660,Main Accused
7087,2794,521851,Co-Accused
7088,2795,500362,Main Accused
7089,2795,520642,Co-Accused
7090,2796,518492,Co-Accused
7091,2796,518907,Co-Accused
7092,2797,510883,Main Accused
7093,2797,500019,Main Accused
7094,2797,500756,Main Accused
7095,2797,517960,Main Accused
7096,2798,521030,Main Accused
7097,2798,508350,Main Accused
7098,2798,514264,Main Accused
7099,2799,523335,Main Accused
7100,2799,517595,Main Accused
7101,2800,503939,Main Accused
7102,2800,517751,Co-Accused
7103,2800,503576,Main Accused
7104,2801,511932,Main Accused
7105,2801,510243,Main Accused
7106,2801,502617,Main Accused
7107,2801,524546,Main Accused
7108,2802,522001,Main Accused
7109,2802,524045,Co-Accused
7110,2803,515672,Co-Accused
7111,2803,505317,Main Accused
7112,2803,516371,Main Accused
7113,2803,522324,Co-Accused
7114,2804,517354,Co-Accused
7115,2804,513102,Co-Accused
7116,2804,524457,Co-Accused
7117,2804,516344,Main Accused
7118,2805,513995,Main Accused
7119,2805,516753,Co-Accused
7120,2805,500399,Main Accused
7121,2805,508690,Main Accused
7122,2806,523439,Co-Accused
7123,2807,518230,Co-Accused
7124,2808,517191,Main Accused
7125,2808,524502,Main Accused
7126,2808,519306,Co-Accused
7127,2808,504110,Main Accused
7128,2809,505736,Co-Accused
7129,2809,500745,Main Accused
7130,2809,511528,Co-Accused
7131,2810,522298,Main Accused
7132,2810,514059,Co-Accused
7133,2810,514793,Co-Accused
7134,2810,510794,Main Accused
7135,2811,513196,Co-Accused
7136,2811,518990,Main Accused
7137,2812,511388,Main Accused
7138,2812,509266,Main Accused
7139,2812,508780,Main Accused
7140,2813,513822,Co-Accused
7141,2813,523241,Co-Accused
7142,2813,505873,Co-Accused
7143,2813,511467,Main Accused
7144,2814,500960,Co-Accused
7145,2815,520685,Main Accused
7146,2815,511596,Main Accused
7147,2816,504123,Co-Accused
7148,2816,502370,Co-Accused
7149,2816,502799,Main Accused
7150,2816,517423,Co-Accused
7151,2817,512814,Co-Accused
7152,2817,510266,Main Accused
7153,2817,515729,Main Accused
7154,2818,506185,Co-Accused
7155,2818,517947,Main Accused
7156,2819,505162,Main Accused
7157,2819,509788,Co-Accused
7158,2819,510067,Main Accused
7159,2819,519982,Co-Accused
7160,2820,510813,Main Accused
7161,2820,512043,Main Accused
7162,2821,522545,Co-Accused
7163,2821,518513,Main Accused
7164,2821,507144,Main Accused
7165,2821,508513,Main Accused
7166,2822,508597,Main Accused
7167,2822,518353,Main Accused
7168,2823,503176,Main Accused
7169,2823,511783,Co-Accused
7170,2824,513459,Co-Accused
7171,2825,503858,Main Accused
7172,2825,513471,Co-Accused
7173,2825,503676,Co-Accused
7174,2825,508830,Co-Accused
7175,2826,508260,Main Accused
7176,2826,520779,Co-Accused
7177,2826,508563,Main Accused
7178,2827,507417,Main Accused
7179,2827,505613,Main Accused
7180,2828,514475,Main Accused
7181,2828,512570,Main Accused
7182,2828,513403,Co-Accused
7183,2829,501690,Co-Accused
7184,2829,516701,Co-Accused
7185,2830,523637,Main Accused
7186,2830,501546,Main Accused
7187,2831,503374,Co-Accused
7188,2832,515350,Main Accused
7189,2833,512088,Main Accused
7190,2834,515850,Co-Accused
7191,2834,503018,Co-Accused
7192,2835,517024,Co-Accused
7193,2836,507260,Main Accused
7194,2836,500791,Main Accused
7195,2837,505103,Co-Accused
7196,2837,505195,Main Accused
7197,2837,505858,Main Accused
7198,2838,517955,Main Accused
7199,2839,517471,Main Accused
7200,2839,513701,Co-Accused
7201,2839,500867,Main Accused
7202,2840,521546,Co-Accused
7203,2841,521195,Main Accused
7204,2842,506633,Main Accused
7205,2843,523053,Co-Accused
7206,2843,507760,Main Accused
7207,2843,521242,Main Accused
7208,2843,522735,Co-Accused
7209,2844,500682,Co-Accused
7210,2844,506450,Main Accused
7211,2844,505398,Main Accused
7212,2845,507950,Main Accused
7213,2845,509173,Main Accused
7214,2845,500502,Co-Accused
7215,2846,503474,Main Accused
7216,2847,502874,Co-Accused
7217,2848,516789,Co-Accused
7218,2849,511415,Main Accused
7219,2850,523955,Co-Accused
7220,2850,500008,Main Accused
7221,2850,517572,Main Accused
7222,2851,513599,Co-Accused
7223,2851,519750,Main Accused
7224,2852,521346,Main Accused
7225,2852,511087,Main Accused
7226,2852,523251,Main Accused
7227,2852,502723,Main Accused
7228,2853,511314,Main Accused
7229,2853,506881,Main Accused
7230,2853,501911,Co-Accused
7231,2853,502661,Co-Accused
7232,2854,501632,Co-Accused
7233,2854,522492,Co-Accused
7234,2854,511717,Co-Accused
7235,2854,513504,Co-Accused
7236,2855,514243,Main Accused
7237,2855,518157,Co-Accused
7238,2856,517376,Main Accused
7239,2856,501880,Co-Accused
7240,2857,519170,Main Accused
7241,2858,503793,Co-Accused
7242,2858,524033,Co-Accused
7243,2858,514555,Main Accused
7244,2858,507219,Main Accused
7245,2859,508686,Main Accused
7246,2859,500227,Main Accused
7247,2859,505381,Co-Accused
7248,2859,508871,Co-Accused
7249,2860,511658,Main Accused
7250,2861,519303,Main Accused
7251,2861,519368,Main Accused
7252,2861,508658,Co-Accused
7253,2862,500455,Co-Accused
7254,2862,501064,Main Accused
7255,2862,500592,Co-Accused
7256,2862,512016,Co-Accused
7257,2863,518836,Co-Accused
7258,2863,511187,Main Accused
7259,2864,519287,Main Accused
7260,2864,511867,Main Accused
7261,2864,509922,Co-Accused
7262,2864,506093,Main Accused
7263,2865,516646,Main Accused
7264,2866,510800,Main Accused
7265,2866,517151,Co-Accused
7266,2867,522748,Main Accused
7267,2867,508011,Co-Accused
7268,2867,522837,Co-Accused
7269,2868,518856,Main Accused
7270,2868,523506,Main Accused
7271,2869,519500,Main Accused
7272,2869,501847,Co-Accused
7273,2869,521378,Main Accused
7274,2869,505432,Main Accused
7275,2870,509223,Main Accused
7276,2870,512582,Co-Accused
7277,2870,513996,Main Accused
7278,2870,523154,Co-Accused
7279,2871,510275,Co-Accused
7280,2871,517968,Main Accused
7281,2871,507684,Co-Accused
7282,2871,521361,Main Accused
7283,2872,512235,Co-Accused
7284,2873,515171,Main Accused
7285,2873,504418,Co-Accused
7286,2874,507383,Co-Accused
7287,2874,509383,Co-Accused
7288,2874,510333,Co-Accused
7289,2874,520079,Main Accused
7290,2875,501931,Main Accused
7291,2875,512201,Main Accused
7292,2875,521916,Co-Accused
7293,2875,505447,Co-Accused
7294,2876,522391,Main Accused
7295,2877,518935,Main Accused
7296,2878,504542,Co-Accused
7297,2878,518220,Main Accused
7298,2879,521917,Main Accused
7299,2879,505112,Main Accused
7300,2880,517416,Main Accused
7301,2881,517342,Main Accused
7302,2881,512878,Main Accused
7303,2881,503189,Main Accused
7304,2882,505576,Co-Accused
7305,2882,512547,Main Accused
7306,2883,521541,Co-Accused
7307,2883,506350,Co-Accused
7308,2883,511862,Co-Accused
7309,2883,503644,Co-Accused
7310,2884,515214,Main Accused
7311,2884,502175,Co-Accused
7312,2884,506814,Co-Accused
7313,2884,509662,Co-Accused
7314,2885,500084,Co-Accused
7315,2885,500265,Co-Accused
7316,2885,516628,Main Accused
7317,2885,517601,Co-Accused
7318,2886,505199,Main Accused
7319,2886,524425,Main Accused
7320,2887,507691,Main Accused
7321,2887,523458,Co-Accused
7322,2887,504390,Co-Accused
7323,2888,501229,Main Accused
7324,2888,506838,Co-Accused
7325,2888,512159,Main Accused
7326,2889,518800,Co-Accused
7327,2889,522172,Co-Accused
7328,2890,509676,Co-Accused
7329,2890,504989,Co-Accused
7330,2890,509966,Co-Accused
7331,2891,519703,Co-Accused
7332,2891,501582,Co-Accused
7333,2891,505688,Main Accused
7334,2891,504458,Main Accused
7335,2892,510136,Main Accused
7336,2892,505670,Co-Accused
7337,2892,508908,Main Accused
7338,2893,511490,Main Accused
7339,2894,510771,Co-Accused
7340,2895,520001,Co-Accused
7341,2896,504286,Main Accused
7342,2896,511485,Main Accused
7343,2896,521663,Main Accused
7344,2896,519780,Main Accused
7345,2897,513112,Main Accused
7346,2897,501841,Co-Accused
7347,2898,518663,Co-Accused
7348,2898,509466,Main Accused
7349,2899,524628,Main Accused
7350,2900,502992,Main Accused
7351,2900,504164,Co-Accused
7352,2901,501147,Main Accused
7353,2902,518170,Main Accused
7354,2903,512683,Main Accused
7355,2903,505365,Co-Accused
7356,2903,500640,Main Accused
7357,2904,510617,Main Accused
7358,2904,516641,Main Accused
7359,2905,520180,Main Accused
7360,2905,511996,Co-Accused
7361,2905,506902,Main Accused
7362,2905,504520,Main Accused
7363,2906,522863,Co-Accused
7364,2906,504291,Main Accused
7365,2906,504873,Co-Accused
7366,2907,519408,Main Accused
7367,2907,514008,Main Accused
7368,2907,522737,Main Accused
7369,2907,502562,Main Accused
7370,2908,522875,Co-Accused
7371,2909,515096,Main Accused
7372,2910,500734,Co-Accused
7373,2910,522015,Main Accused
7374,2910,515675,Co-Accused
7375,2911,508001,Main Accused
7376,2911,507775,Main Accused
7377,2911,521838,Co-Accused
7378,2912,503208,Main Accused
7379,2912,509992,Main Accused
7380,2912,524614,Co-Accused
7381,2912,523836,Co-Accused
7382,2913,506788,Main Accused
7383,2914,504851,Co-Accused
7384,2914,510312,Co-Accused
7385,2914,523683,Co-Accused
7386,2915,501960,Main Accused
7387,2916,511467,Co-Accused
7388,2916,508237,Co-Accused
7389,2916,506895,Main Accused
7390,2916,504866,Main Accused
7391,2917,513348,Co-Accused
7392,2918,518240,Co-Accused
7393,2919,511571,Main Accused
7394,2919,511299,Main Accused
7395,2919,507093,Main Accused
7396,2919,518380,Co-Accused
7397,2920,511480,Main Accused
7398,2920,514478,Co-Accused
7399,2920,505929,Main Accused
7400,2921,522126,Main Accused
7401,2921,521937,Main Accused
7402,2921,521491,Main Accused
7403,2922,521770,Main Accused
7404,2922,510706,Main Accused
7405,2922,519136,Main Accused
7406,2923,506023,Main Accused
7407,2924,517176,Main Accused
7408,2924,509529,Main Accused
7409,2924,502123,Main Accused
7410,2925,512327,Co-Accused
7411,2925,513613,Co-Accused
7412,2925,515378,Co-Accused
7413,2926,505549,Co-Accused
7414,2926,522139,Main Accused
7415,2927,502087,Main Accused
7416,2927,507221,Main Accused
7417,2928,512604,Main Accused
7418,2929,519210,Main Accused
7419,2929,511532,Co-Accused
7420,2930,517613,Co-Accused
7421,2930,524141,Main Accused
7422,2930,513877,Co-Accused
7423,2930,509707,Main Accused
7424,2931,500771,Co-Accused
7425,2931,508316,Co-Accused
7426,2932,507198,Main Accused
7427,2932,501789,Main Accused
7428,2932,513781,Co-Accused
7429,2932,516453,Co-Accused
7430,2933,520398,Co-Accused
7431,2934,523472,Co-Accused
7432,2935,522439,Co-Accused
7433,2935,510998,Co-Accused
7434,2935,515079,Co-Accused
7435,2935,503585,Co-Accused
7436,2936,508334,Main Accused
7437,2937,507630,Main Accused
7438,2937,518358,Co-Accused
7439,2937,524844,Co-Accused
7440,2937,508554,Co-Accused
7441,2938,510407,Co-Accused
7442,2938,500647,Co-Accused
7443,2938,508377,Co-Accused
7444,2939,522458,Co-Accused
7445,2940,520438,Co-Accused
7446,2941,518535,Main Accused
7447,2941,520708,Co-Accused
7448,2941,521515,Co-Accused
7449,2942,516000,Main Accused
7450,2942,508800,Main Accused
7451,2942,511482,Co-Accused
7452,2943,511170,Main Accused
7453,2943,522097,Main Accused
7454,2944,515565,Main Accused
7455,2945,520778,Co-Accused
7456,2945,520678,Main Accused
7457,2946,522855,Main Accused
7458,2946,500814,Co-Accused
7459,2946,515900,Co-Accused
7460,2946,515880,Co-Accused
7461,2947,514569,Co-Accused
7462,2947,523816,Main Accused
7463,2947,503036,Co-Accused
7464,2947,500298,Co-Accused
7465,2948,524468,Main Accused
7466,2948,520426,Main Accused
7467,2948,517336,Co-Accused
7468,2949,514271,Co-Accused
7469,2949,522832,Main Accused
7470,2949,503004,Co-Accused
7471,2950,503613,Main Accused
7472,2950,501251,Main Accused
7473,2951,514866,Co-Accused
7474,2952,519270,Co-Accused
7475,2952,508927,Co-Accused
7476,2953,523774,Co-Accused
7477,2953,511687,Co-Accused
7478,2953,520812,Co-Accused
7479,2954,516092,Co-Accused
7480,2954,515888,Co-Accused
7481,2955,506713,Co-Accused
7482,2955,510597,Main Accused
7483,2955,517609,Main Accused
7484,2956,523914,Main Accused
7485,2957,522240,Co-Accused
7486,2957,517477,Main Accused
7487,2957,501664,Main Accused
7488,2957,515962,Co-Accused
7489,2958,504408,Main Accused
7490,2959,517861,Main Accused
7491,2960,509409,Co-Accused
7492,2960,503945,Main Accused
7493,2960,506185,Co-Accused
7494,2960,501240,Main Accused
7495,2961,504724,Co-Accused
7496,2962,516110,Co-Accused
7497,2962,520823,Co-Accused
7498,2963,504747,Co-Accused
7499,2964,510952,Co-Accused
7500,2965,513600,Main Accused
7501,2966,521488,Main Accused
7502,2967,509566,Co-Accused
7503,2967,522867,Co-Accused
7504,2968,513323,Main Accused
7505,2968,512383,Co-Accused
7506,2968,516032,Co-Accused
7507,2969,517401,Co-Accused
7508,2970,509954,Main Accused
7509,2971,512781,Main Accused
7510,2971,502096,Main Accused
7511,2972,519944,Co-Accused
7512,2973,500430,Co-Accused
7513,2973,501586,Co-Accused
7514,2973,507818,Main Accused
7515,2974,520099,Main Accused
7516,2974,500895,Co-Accused
7517,2975,516063,Co-Accused
7518,2975,513197,Main Accused
7519,2975,515797,Main Accused
7520,2976,501921,Main Accused
7521,2976,506333,Co-Accused
7522,2977,505141,Co-Accused
7523,2977,511656,Main Accused
7524,2977,515939,Main Accused
7525,2977,514493,Main Accused
7526,2978,505149,Co-Accused
7527,2978,501005,Co-Accused
7528,2978,522512,Co-Accused
7529,2978,514974,Main Accused
7530,2979,522136,Main Accused
7531,2979,501833,Main Accused
7532,2979,500560,Main Accused
7533,2980,511496,Co-Accused
7534,2980,516041,Co-Accused
7535,2980,524021,Main Accused
7536,2980,517568,Co-Accused
7537,2981,503771,Co-Accused
7538,2981,517015,Co-Accused
7539,2982,515649,Co-Accused
7540,2982,500974,Co-Accused
7541,2983,509870,Main Accused
7542,2983,514796,Main Accused
7543,2984,507086,Co-Accused
7544,2984,510955,Main Accused
7545,2984,515637,Co-Accused
7546,2985,504412,Main Accused
7547,2985,506232,Main Accused
7548,2985,519749,Main Accused
7549,2986,516629,Main Accused
7550,2986,511672,Co-Accused
7551,2987,513587,Co-Accused
7552,2987,510752,Main Accused
7553,2987,521767,Co-Accused
7554,2988,505779,Main Accused
7555,2988,520077,Co-Accused
7556,2988,500176,Main Accused
7557,2988,510420,Main Accused
7558,2989,523418,Co-Accused
7559,2989,502503,Main Accused
7560,2990,507413,Co-Accused
7561,2990,500533,Co-Accused
7562,2990,503058,Co-Accused
7563,2991,515038,Main Accused
7564,2991,504837,Main Accused
7565,2991,509447,Co-Accused
7566,2992,519022,Main Accused
7567,2992,522837,Main Accused
7568,2992,520134,Main Accused
7569,2992,514420,Main Accused
7570,2993,507492,Main Accused
7571,2993,507140,Co-Accused
7572,2993,512835,Co-Accused
7573,2993,515114,Main Accused
7574,2994,500124,Co-Accused
7575,2994,520441,Co-Accused
7576,2995,520812,Main Accused
7577,2995,512052,Main Accused
7578,2995,506361,Main Accused
7579,2996,506820,Main Accused
7580,2996,503485,Co-Accused
7581,2996,518146,Co-Accused
7582,2996,511813,Main Accused
7583,2997,504283,Main Accused
7584,2997,520534,Co-Accused
7585,2997,519744,Co-Accused
7586,2997,505565,Co-Accused
7587,2998,524514,Co-Accused
7588,2998,507122,Main Accused
7589,2998,508335,Co-Accused
7590,2998,519061,Main Accused
7591,2999,513993,Main Accused
7592,3000,506192,Co-Accused
7593,3001,509223,Co-Accused
7594,3001,518944,Co-Accused
7595,3001,503207,Main Accused
7596,3002,500852,Co-Accused
7597,3002,517660,Main Accused
7598,3003,515214,Co-Accused
7599,3003,516889,Main Accused
7600,3003,507620,Main Accused
7601,3003,504864,Main Accused
7602,3004,507774,Co-Accused
7603,3004,511172,Co-Accused
7604,3004,516415,Main Accused
7605,3005,501206,Co-Accused
7606,3005,509465,Co-Accused
7607,3006,501046,Co-Accused
7608,3006,511178,Main Accused
7609,3007,504830,Co-Accused
7610,3008,509902,Main Accused
7611,3008,507816,Main Accused
7612,3008,523322,Main Accused
7613,3009,503245,Co-Accused
7614,3010,524296,Co-Accused
7615,3010,524832,Main Accused
7616,3010,514633,Main Accused
7617,3010,517421,Co-Accused
7618,3011,523168,Main Accused
7619,3011,506147,Main Accused
7620,3011,515967,Co-Accused
7621,3011,523385,Co-Accused
7622,3012,519311,Main Accused
7623,3012,506496,Co-Accused
7624,3012,522659,Main Accused
7625,3012,501070,Main Accused
7626,3013,513292,Co-Accused
7627,3013,511583,Main Accused
7628,3013,515265,Main Accused
7629,3013,501962,Co-Accused
7630,3014,502242,Co-Accused
7631,3014,515965,Co-Accused
7632,3015,520983,Main Accused
7633,3016,514488,Main Accused
7634,3017,505527,Main Accused
7635,3017,510753,Main Accused
7636,3018,502522,Co-Accused
7637,3018,509516,Co-Accused
7638,3019,510175,Co-Accused
7639,3020,508221,Main Accused
7640,3020,506690,Co-Accused
7641,3020,507985,Co-Accused
7642,3020,503288,Co-Accused
7643,3021,503333,Co-Accused
7644,3021,520267,Co-Accused
7645,3021,517119,Co-Accused
7646,3021,501888,Main Accused
7647,3022,506676,Co-Accused
7648,3023,509383,Main Accused
7649,3023,502527,Co-Accused
7650,3023,524606,Main Accused
7651,3023,522098,Co-Accused
7652,3024,517274,Main Accused
7653,3024,503000,Co-Accused
7654,3024,513721,Main Accused
7655,3025,504129,Co-Accused
7656,3025,518811,Main Accused
7657,3025,520979,Co-Accused
7658,3026,518970,Co-Accused
7659,3026,519987,Main Accused
7660,3027,524982,Co-Accused
7661,3027,516661,Main Accused
7662,3027,518387,Co-Accused
7663,3027,520615,Co-Accused
7664,3028,518447,Co-Accused
7665,3028,515108,Co-Accused
7666,3029,503328,Main Accused
7667,3030,520911,Co-Accused
7668,3030,520716,Co-Accused
7669,3031,520291,Main Accused
7670,3031,507136,Main Accused
7671,3032,505120,Co-Accused
7672,3033,519444,Main Accused
7673,3033,503307,Co-Accused
7674,3033,522852,Co-Accused
7675,3033,522853,Co-Accused
7676,3034,501084,Main Accused
7677,3034,519636,Main Accused
7678,3035,505334,Co-Accused
7679,3035,507865,Main Accused
7680,3036,519027,Co-Accused
7681,3037,521091,Co-Accused
7682,3037,510486,Co-Accused
7683,3037,503675,Main Accused
7684,3037,519584,Co-Accused
7685,3038,511509,Main Accused
7686,3039,506913,Co-Accused
7687,3040,512874,Co-Accused
7688,3040,504919,Main Accused
7689,3041,515670,Main Accused
7690,3041,504740,Main Accused
7691,3042,506339,Main Accused
7692,3042,518899,Main Accused
7693,3043,504181,Main Accused
7694,3044,520312,Main Accused
7695,3044,513079,Co-Accused
7696,3044,514541,Main Accused
7697,3045,522444,Co-Accused
7698,3045,515824,Main Accused
7699,3046,506301,Co-Accused
7700,3046,500348,Co-Accused
7701,3046,511374,Co-Accused
7702,3047,511884,Main Accused
7703,3048,502041,Main Accused
7704,3048,505106,Co-Accused
7705,3048,506604,Main Accused
7706,3049,507549,Main Accused
7707,3049,508806,Main Accused
7708,3049,521890,Co-Accused
7709,3050,505447,Main Accused
7710,3050,508476,Main Accused
7711,3050,503622,Main Accused
7712,3050,513753,Main Accused
7713,3051,514813,Co-Accused
7714,3051,519874,Co-Accused
7715,3051,503325,Co-Accused
7716,3052,508766,Main Accused
7717,3052,507747,Co-Accused
7718,3053,507929,Main Accused
7719,3053,521523,Main Accused
7720,3053,507978,Main Accused
7721,3053,512039,Co-Accused
7722,3054,505280,Co-Accused
7723,3054,521384,Co-Accused
7724,3055,522151,Main Accused
7725,3055,508446,Co-Accused
7726,3055,516522,Co-Accused
7727,3055,518212,Co-Accused
7728,3056,509268,Co-Accused
7729,3056,523056,Co-Accused
7730,3056,522663,Co-Accused
7731,3057,522774,Main Accused
7732,3057,501939,Main Accused
7733,3058,517144,Main Accused
7734,3058,520733,Main Accused
7735,3058,509408,Main Accused
7736,3058,502033,Main Accused
7737,3059,518430,Co-Accused
7738,3060,513682,Co-Accused
7739,3060,524313,Co-Accused
7740,3060,511890,Main Accused
7741,3061,514512,Main Accused
7742,3061,515584,Main Accused
7743,3061,520565,Main Accused
7744,3061,505594,Main Accused
7745,3062,501104,Main Accused
7746,3062,514340,Co-Accused
7747,3063,505095,Co-Accused
7748,3064,522105,Main Accused
7749,3064,520829,Main Accused
7750,3064,507621,Co-Accused
7751,3065,519631,Main Accused
7752,3066,509487,Main Accused
7753,3066,510563,Main Accused
7754,3067,504006,Co-Accused
7755,3067,520492,Main Accused
7756,3068,505502,Main Accused
7757,3068,518894,Main Accused
7758,3069,518235,Co-Accused
7759,3069,500146,Main Accused
7760,3069,503646,Co-Accused
7761,3070,519719,Main Accused
7762,3070,507079,Main Accused
7763,3071,523133,Co-Accused
7764,3071,512181,Co-Accused
7765,3071,501645,Co-Accused
7766,3071,516070,Co-Accused
7767,3072,515661,Co-Accused
7768,3073,524070,Main Accused
7769,3074,520603,Main Accused
7770,3074,523150,Co-Accused
7771,3075,521805,Main Accused
7772,3075,522531,Main Accused
7773,3076,519518,Main Accused
7774,3076,509052,Main Accused
7775,3077,521529,Main Accused
7776,3078,521377,Co-Accused
7777,3079,506313,Main Accused
7778,3079,504645,Main Accused
7779,3080,510884,Co-Accused
7780,3081,523177,Main Accused
7781,3081,506693,Main Accused
7782,3081,517482,Main Accused
7783,3082,517198,Main Accused
7784,3083,511038,Main Accused
7785,3083,514934,Co-Accused
7786,3083,515468,Main Accused
7787,3083,500595,Co-Accused
7788,3084,518120,Main Accused
7789,3084,521627,Main Accused
7790,3085,509837,Co-Accused
7791,3085,507630,Main Accused
7792,3086,524264,Co-Accused
7793,3086,500351,Main Accused
7794,3086,503200,Main Accused
7795,3087,505274,Co-Accused
7796,3088,500329,Main Accused
7797,3088,506078,Main Accused
7798,3088,519474,Co-Accused
7799,3088,507786,Co-Accused
7800,3089,515466,Co-Accused
7801,3090,506576,Co-Accused
7802,3091,512915,Main Accused
7803,3092,510456,Co-Accused
7804,3092,517877,Co-Accused
7805,3093,500710,Main Accused
7806,3093,500433,Co-Accused
7807,3094,518007,Main Accused
7808,3094,520589,Main Accused
7809,3095,518465,Co-Accused
7810,3095,503185,Co-Accused
7811,3095,510696,Co-Accused
7812,3095,510800,Co-Accused
7813,3096,503098,Main Accused
7814,3096,503609,Main Accused
7815,3096,523420,Co-Accused
7816,3097,503406,Main Accused
7817,3097,523378,Co-Accused
7818,3097,517339,Main Accused
7819,3097,524403,Main Accused
7820,3098,521273,Main Accused
7821,3098,522507,Main Accused
7822,3098,523295,Main Accused
7823,3098,516881,Co-Accused
7824,3099,523784,Co-Accused
7825,3100,500155,Main Accused
7826,3101,501628,Main Accused
7827,3101,524072,Main Accused
7828,3101,524105,Co-Accused
7829,3102,506098,Main Accused
7830,3102,512560,Main Accused
7831,3102,511374,Main Accused
7832,3103,501477,Main Accused
7833,3103,523674,Main Accused
7834,3104,508523,Main Accused
7835,3105,510915,Main Accused
7836,3105,508602,Co-Accused
7837,3105,503406,Co-Accused
7838,3106,513263,Co-Accused
7839,3106,521206,Main Accused
7840,3106,505273,Co-Accused
7841,3107,504966,Main Accused
7842,3107,503345,Main Accused
7843,3108,507268,Co-Accused
7844,3108,523426,Main Accused
7845,3108,522431,Co-Accused
7846,3109,520622,Co-Accused
7847,3109,519251,Co-Accused
7848,3110,515720,Main Accused
7849,3110,513678,Main Accused
7850,3110,520818,Co-Accused
7851,3111,520237,Main Accused
7852,3111,511487,Co-Accused
7853,3111,510832,Main Accused
7854,3111,524180,Main Accused
7855,3112,515571,Co-Accused
7856,3112,503126,Co-Accused
7857,3112,506081,Co-Accused
7858,3112,507169,Main Accused
7859,3113,514300,Co-Accused
7860,3113,514142,Co-Accused
7861,3114,501913,Main Accused
7862,3115,504897,Main Accused
7863,3115,515185,Main Accused
7864,3116,507558,Co-Accused
7865,3117,515961,Co-Accused
7866,3117,522018,Main Accused
7867,3117,518429,Main Accused
7868,3118,519830,Co-Accused
7869,3118,520635,Main Accused
7870,3118,523109,Co-Accused
7871,3118,506582,Co-Accused
7872,3119,519438,Main Accused
7873,3120,520100,Main Accused
7874,3120,518118,Main Accused
7875,3120,503410,Co-Accused
7876,3120,510338,Co-Accused
7877,3121,519907,Co-Accused
7878,3121,502725,Co-Accused
7879,3121,503228,Co-Accused
7880,3122,520786,Co-Accused
7881,3122,507485,Main Accused
7882,3122,522631,Co-Accused
7883,3123,521377,Main Accused
7884,3123,511810,Main Accused
7885,3123,517989,Co-Accused
7886,3124,502727,Main Accused
7887,3125,505846,Co-Accused
7888,3125,514646,Main Accused
7889,3125,503910,Co-Accused
7890,3126,500185,Co-Accused
7891,3126,521573,Co-Accused
7892,3126,505582,Main Accused
7893,3126,524031,Main Accused
7894,3127,520307,Co-Accused
7895,3127,503934,Main Accused
7896,3127,506594,Main Accused
7897,3127,519680,Main Accused
7898,3128,512682,Main Accused
7899,3128,523206,Main Accused
7900,3129,502162,Co-Accused
7901,3129,501770,Co-Accused
7902,3130,520993,Main Accused
7903,3130,516738,Co-Accused
7904,3130,515745,Main Accused
7905,3131,514276,Main Accused
7906,3131,513799,Co-Accused
7907,3131,519007,Main Accused
7908,3131,524844,Co-Accused
7909,3132,503477,Co-Accused
7910,3132,501026,Main Accused
7911,3133,515798,Main Accused
7912,3134,500466,Main Accused
7913,3134,519555,Main Accused
7914,3135,523010,Main Accused
7915,3136,517001,Co-Accused
7916,3136,521013,Main Accused
7917,3136,521738,Main Accused
7918,3136,500006,Main Accused
7919,3137,511560,Co-Accused
7920,3137,524463,Co-Accused
7921,3138,520802,Main Accused
7922,3138,515222,Main Accused
7923,3138,503930,Main Accused
7924,3139,508654,Main Accused
7925,3139,503602,Main Accused
7926,3139,501544,Main Accused
7927,3139,502293,Co-Accused
7928,3140,518591,Co-Accused
7929,3140,514166,Main Accused
7930,3141,502827,Main Accused
7931,3141,509029,Main Accused
7932,3141,524729,Main Accused
7933,3142,503528,Co-Accused
7934,3142,524358,Co-Accused
7935,3143,512420,Co-Accused
7936,3143,523035,Main Accused
7937,3144,513279,Main Accused
7938,3144,521382,Co-Accused
7939,3144,509725,Main Accused
7940,3145,513951,Main Accused
7941,3145,506781,Main Accused
7942,3145,500228,Co-Accused
7943,3145,520180,Main Accused
7944,3146,505451,Co-Accused
7945,3147,513259,Co-Accused
7946,3147,522171,Main Accused
7947,3148,513939,Co-Accused
7948,3148,521896,Co-Accused
7949,3149,501200,Co-Accused
7950,3149,514739,Co-Accused
7951,3150,519333,Co-Accused
7952,3151,524796,Main Accused
7953,3152,512382,Main Accused
7954,3153,510468,Main Accused
7955,3153,515342,Main Accused
7956,3153,522595,Main Accused
7957,3154,515524,Co-Accused
7958,3154,501685,Main Accused
7959,3154,518299,Main Accused
7960,3154,520640,Main Accused
7961,3155,501367,Main Accused
7962,3155,517651,Co-Accused
7963,3155,506869,Co-Accused
7964,3155,503726,Main Accused
7965,3156,523622,Co-Accused
7966,3156,503625,Main Accused
7967,3156,521498,Main Accused
7968,3157,516224,Main Accused
7969,3158,519995,Co-Accused
7970,3158,524085,Co-Accused
7971,3159,505445,Main Accused
7972,3159,521480,Main Accused
7973,3159,522893,Main Accused
7974,3159,523107,Main Accused
7975,3160,506307,Main Accused
7976,3160,516379,Co-Accused
7977,3161,523376,Co-Accused
7978,3162,524755,Co-Accused
7979,3162,520464,Co-Accused
7980,3162,521737,Main Accused
7981,3162,513315,Main Accused
7982,3163,508729,Co-Accused
7983,3163,521212,Co-Accused
7984,3163,524923,Co-Accused
7985,3163,518136,Co-Accused
7986,3164,514977,Co-Accused
7987,3164,500640,Co-Accused
7988,3165,513182,Co-Accused
7989,3166,522472,Main Accused
7990,3166,511048,Main Accused
7991,3167,517935,Co-Accused
7992,3167,506895,Co-Accused
7993,3167,504316,Co-Accused
7994,3168,510185,Main Accused
7995,3168,513106,Co-Accused
7996,3169,500413,Main Accused
7997,3169,503754,Co-Accused
7998,3169,504333,Main Accused
7999,3169,505709,Main Accused
8000,3170,517148,Main Accused
8001,3170,508514,Co-Accused
8002,3170,515329,Co-Accused
8003,3170,509463,Main Accused
8004,3171,506944,Main Accused
8005,3171,515544,Main Accused
8006,3172,515208,Co-Accused
8007,3172,524115,Co-Accused
8008,3173,514678,Main Accused
8009,3173,502199,Main Accused
8010,3173,504881,Main Accused
8011,3173,501406,Main Accused
8012,3174,520242,Co-Accused
8013,3174,507621,Co-Accused
8014,3174,501269,Co-Accused
8015,3175,502391,Main Accused
8016,3175,505261,Main Accused
8017,3175,506054,Co-Accused
8018,3175,511138,Co-Accused
8019,3176,507886,Main Accused
8020,3176,521338,Main Accused
8021,3177,520651,Main Accused
8022,3177,513613,Main Accused
8023,3178,511433,Co-Accused
8024,3178,512815,Main Accused
8025,3179,503323,Main Accused
8026,3179,519145,Co-Accused
8027,3179,505750,Main Accused
8028,3180,519608,Main Accused
8029,3180,503142,Main Accused
8030,3180,517828,Main Accused
8031,3180,523308,Co-Accused
8032,3181,505140,Co-Accused
8033,3181,501761,Main Accused
8034,3181,514246,Main Accused
8035,3181,522564,Co-Accused
8036,3182,509949,Main Accused
8037,3182,501932,Main Accused
8038,3182,513656,Main Accused
8039,3183,513128,Co-Accused
8040,3183,524327,Co-Accused
8041,3183,517570,Co-Accused
8042,3184,511316,Main Accused
8043,3184,509937,Main Accused
8044,3184,500575,Co-Accused
8045,3185,503482,Main Accused
8046,3185,504016,Main Accused
8047,3185,516585,Main Accused
8048,3185,518925,Co-Accused
8049,3186,517146,Co-Accused
8050,3186,512759,Main Accused
8051,3186,500420,Co-Accused
8052,3186,512335,Co-Accused
8053,3187,516827,Main Accused
8054,3187,524543,Co-Accused
8055,3187,503505,Main Accused
8056,3187,504680,Co-Accused
8057,3188,516511,Main Accused
8058,3188,523450,Co-Accused
8059,3188,509567,Main Accused
8060,3189,524626,Co-Accused
8061,3190,524649,Co-Accused
8062,3190,503727,Main Accused
8063,3190,508966,Co-Accused
8064,3190,505687,Co-Accused
8065,3191,501439,Co-Accused
8066,3191,519556,Main Accused
8067,3192,515144,Co-Accused
8068,3192,501521,Co-Accused
8069,3192,522027,Main Accused
8070,3193,511908,Main Accused
8071,3193,502172,Main Accused
8072,3193,508696,Main Accused
8073,3193,504332,Co-Accused
8074,3194,510017,Main Accused
8075,3194,521070,Co-Accused
8076,3194,501452,Co-Accused
8077,3194,518204,Co-Accused
8078,3195,519206,Main Accused
8079,3195,516584,Co-Accused
8080,3195,505229,Main Accused
8081,3195,522875,Co-Accused
8082,3196,510536,Main Accused
8083,3197,514401,Co-Accused
8084,3198,505365,Co-Accused
8085,3199,524330,Main Accused
8086,3199,510533,Main Accused
8087,3200,522086,Main Accused
8088,3200,520138,Main Accused
8089,3200,506616,Main Accused
8090,3200,524823,Co-Accused
8091,3201,511213,Main Accused
8092,3201,517567,Co-Accused
8093,3201,510219,Main Accused
8094,3201,515179,Co-Accused
8095,3202,519637,Co-Accused
8096,3202,518478,Main Accused
8097,3203,522308,Co-Accused
8098,3204,505138,Co-Accused
8099,3204,521726,Main Accused
8100,3204,501605,Co-Accused
8101,3205,509653,Co-Accused
8102,3205,520958,Main Accused
8103,3206,518015,Co-Accused
8104,3206,504772,Main Accused
8105,3207,517390,Co-Accused
8106,3207,514754,Main Accused
8107,3207,501158,Co-Accused
8108,3208,510691,Main Accused
8109,3209,509644,Co-Accused
8110,3210,502926,Co-Accused
8111,3211,509355,Co-Accused
8112,3212,516049,Main Accused
8113,3213,524922,Co-Accused
8114,3213,513033,Co-Accused
8115,3213,523753,Main Accused
8116,3213,501789,Main Accused
8117,3214,521410,Main Accused
8118,3215,507743,Co-Accused
8119,3215,507307,Main Accused
8120,3215,520937,Co-Accused
8121,3215,502229,Main Accused
8122,3216,502628,Main Accused
8123,3216,524843,Main Accused
8124,3217,512037,Main Accused
8125,3217,501686,Main Accused
8126,3218,502083,Co-Accused
8127,3218,511099,Co-Accused
8128,3218,504614,Co-Accused
8129,3219,515526,Main Accused
8130,3219,522610,Co-Accused
8131,3219,515907,Main Accused
8132,3219,523683,Co-Accused
8133,3220,504584,Main Accused
8134,3220,511147,Co-Accused
8135,3220,501939,Main Accused
8136,3220,512675,Co-Accused
8137,3221,516276,Co-Accused
8138,3221,500607,Co-Accused
8139,3221,503279,Co-Accused
8140,3222,511487,Co-Accused
8141,3222,519273,Co-Accused
8142,3222,507964,Co-Accused
8143,3223,516953,Co-Accused
8144,3224,524492,Co-Accused
8145,3225,509749,Co-Accused
8146,3225,519906,Main Accused
8147,3226,520325,Main Accused
8148,3226,504723,Co-Accused
8149,3227,524309,Co-Accused
8150,3227,505515,Main Accused
8151,3228,510195,Main Accused
8152,3228,507746,Co-Accused
8153,3228,509351,Co-Accused
8154,3229,504592,Main Accused
8155,3229,506643,Main Accused
8156,3230,513882,Main Accused
8157,3230,515348,Co-Accused
8158,3231,520979,Co-Accused
8159,3231,502775,Co-Accused
8160,3231,518659,Co-Accused
8161,3232,500741,Co-Accused
8162,3232,515585,Main Accused
8163,3232,510173,Co-Accused
8164,3233,502836,Main Accused
8165,3233,508217,Main Accused
8166,3233,504029,Co-Accused
8167,3234,502728,Main Accused
8168,3234,520483,Co-Accused
8169,3234,505753,Co-Accused
8170,3235,517239,Main Accused
8171,3236,506479,Main Accused
8172,3237,507493,Main Accused
8173,3237,521579,Main Accused
8174,3238,502145,Co-Accused
8175,3239,501528,Main Accused
8176,3239,503789,Main Accused
8177,3240,508335,Main Accused
8178,3240,516994,Co-Accused
8179,3240,505060,Co-Accused
8180,3241,503336,Co-Accused
8181,3241,521561,Main Accused
8182,3241,505428,Main Accused
8183,3241,511494,Co-Accused
8184,3242,516700,Co-Accused
8185,3242,512487,Main Accused
8186,3242,510660,Main Accused
8187,3243,511483,Main Accused
8188,3243,502535,Main Accused
8189,3243,514689,Co-Accused
8190,3243,503999,Co-Accused
8191,3244,517223,Main Accused
8192,3245,510622,Co-Accused
8193,3245,511287,Main Accused
8194,3246,500964,Co-Accused
8195,3246,524937,Main Accused
8196,3246,502064,Co-Accused
8197,3247,519026,Co-Accused
8198,3247,524472,Co-Accused
8199,3247,518609,Co-Accused
8200,3248,500717,Main Accused
8201,3248,503147,Co-Accused
8202,3249,513897,Co-Accused
8203,3249,521889,Main Accused
8204,3249,513254,Main Accused
8205,3249,511200,Co-Accused
8206,3250,522656,Co-Accused
8207,3250,501975,Main Accused
8208,3250,505714,Co-Accused
8209,3250,524506,Main Accused
8210,3251,522083,Main Accused
8211,3251,500840,Co-Accused
8212,3252,501924,Co-Accused
8213,3253,503412,Main Accused
8214,3253,515970,Co-Accused
8215,3254,522621,Co-Accused
8216,3254,505622,Co-Accused
8217,3255,517144,Co-Accused
8218,3255,521824,Main Accused
8219,3256,513923,Co-Accused
8220,3257,513604,Co-Accused
8221,3257,501725,Co-Accused
8222,3257,517809,Co-Accused
8223,3257,513444,Co-Accused
8224,3258,518556,Main Accused
8225,3259,500312,Co-Accused
8226,3260,518675,Co-Accused
8227,3260,524042,Co-Accused
8228,3260,506465,Co-Accused
8229,3260,517687,Co-Accused
8230,3261,516961,Co-Accused
8231,3262,507268,Main Accused
8232,3262,514438,Co-Accused
8233,3263,521054,Main Accused
8234,3264,516032,Main Accused
8235,3264,516870,Co-Accused
8236,3265,519356,Main Accused
8237,3265,508589,Main Accused
8238,3266,518306,Main Accused
8239,3266,515610,Main Accused
8240,3266,516325,Main Accused
8241,3267,518637,Co-Accused
8242,3267,516806,Main Accused
8243,3268,512434,Main Accused
8244,3268,510966,Main Accused
8245,3269,521419,Main Accused
8246,3269,502653,Co-Accused
8247,3269,512183,Co-Accused
8248,3269,501278,Main Accused
8249,3270,522385,Main Accused
8250,3271,500270,Co-Accused
8251,3271,515715,Co-Accused
8252,3271,512169,Co-Accused
8253,3271,522333,Main Accused
8254,3272,510685,Co-Accused
8255,3272,516382,Co-Accused
8256,3273,504179,Co-Accused
8257,3273,524147,Main Accused
8258,3274,523739,Co-Accused
8259,3274,512240,Co-Accused
8260,3275,506125,Co-Accused
8261,3275,514563,Main Accused
8262,3276,516981,Main Accused
8263,3276,514422,Main Accused
8264,3276,514745,Main Accused
8265,3276,515341,Co-Accused
8266,3277,519589,Main Accused
8267,3277,509779,Co-Accused
8268,3278,504114,Main Accused
8269,3279,521695,Co-Accused
8270,3279,504367,Main Accused
8271,3279,511864,Co-Accused
8272,3280,521679,Co-Accused
8273,3280,509555,Main Accused
8274,3280,504380,Co-Accused
8275,3280,507998,Main Accused
8276,3281,514288,Co-Accused
8277,3281,505208,Main Accused
8278,3282,509945,Co-Accused
8279,3282,509028,Co-Accused
8280,3282,518914,Co-Accused
8281,3283,515613,Main Accused
8282,3283,514452,Co-Accused
8283,3283,515501,Co-Accused
8284,3284,512326,Main Accused
8285,3285,521480,Co-Accused
8286,3285,500081,Co-Accused
8287,3285,506638,Main Accused
8288,3286,508245,Main Accused
8289,3286,520453,Main Accused
8290,3287,523238,Main Accused
8291,3287,512375,Main Accused
8292,3287,518617,Co-Accused
8293,3287,506973,Co-Accused
8294,3288,515919,Main Accused
8295,3288,524690,Main Accused
8296,3289,516375,Co-Accused
8297,3289,521056,Main Accused
8298,3289,518441,Main Accused
8299,3290,510245,Main Accused
8300,3290,514514,Main Accused
8301,3291,507046,Main Accused
8302,3291,523414,Co-Accused
8303,3291,524989,Main Accused
8304,3291,522725,Co-Accused
8305,3292,512443,Main Accused
8306,3293,505128,Main Accused
8307,3293,515457,Co-Accused
8308,3293,514419,Co-Accused
8309,3294,510881,Main Accused
8310,3294,511290,Main Accused
8311,3295,513830,Co-Accused
8312,3295,507475,Co-Accused
8313,3295,502279,Co-Accused
8314,3295,520939,Main Accused
8315,3296,506948,Main Accused
8316,3296,519761,Co-Accused
8317,3296,520271,Co-Accused
8318,3297,502068,Co-Accused
8319,3297,505071,Main Accused
8320,3297,505299,Main Accused
8321,3297,505927,Co-Accused
8322,3298,519088,Co-Accused
8323,3299,510076,Main Accused
8324,3299,515396,Co-Accused
8325,3299,518477,Co-Accused
8326,3299,509286,Co-Accused
8327,3300,506192,Main Accused
8328,3300,524833,Co-Accused
8329,3301,514831,Main Accused
8330,3301,511505,Main Accused
8331,3301,507505,Co-Accused
8332,3301,506049,Co-Accused
8333,3302,504178,Main Accused
8334,3302,502770,Main Accused
8335,3302,515437,Main Accused
8336,3302,514040,Co-Accused
8337,3303,523828,Co-Accused
8338,3304,505196,Co-Accused
8339,3304,503968,Co-Accused
8340,3304,510335,Co-Accused
8341,3305,515573,Co-Accused
8342,3305,514915,Main Accused
8343,3306,519633,Main Accused
8344,3307,520782,Main Accused
8345,3307,500025,Co-Accused
8346,3307,501293,Co-Accused
8347,3307,516256,Main Accused
8348,3308,510457,Co-Accused
8349,3309,505625,Main Accused
8350,3309,513929,Main Accused
8351,3309,519432,Co-Accused
8352,3309,521423,Main Accused
8353,3310,517114,Co-Accused
8354,3310,505452,Main Accused
8355,3310,523686,Main Accused
8356,3311,521823,Co-Accused
8357,3311,505430,Main Accused
8358,3312,513759,Co-Accused
8359,3312,501062,Co-Accused
8360,3312,515232,Main Accused
8361,3312,522126,Co-Accused
8362,3313,520172,Main Accused
8363,3314,522802,Main Accused
8364,3314,509969,Main Accused
8365,3314,524170,Main Accused
8366,3315,510422,Main Accused
8367,3315,521239,Main Accused
8368,3315,517720,Co-Accused
8369,3316,521449,Main Accused
8370,3316,509598,Co-Accused
8371,3316,518381,Main Accused
8372,3317,524905,Co-Accused
8373,3317,510290,Main Accused
8374,3318,503084,Co-Accused
8375,3318,516873,Main Accused
8376,3318,520824,Main Accused
8377,3319,520853,Co-Accused
8378,3319,519955,Main Accused
8379,3319,507972,Main Accused
8380,3320,515719,Co-Accused
8381,3320,518506,Main Accused
8382,3321,521206,Co-Accused
8383,3322,506724,Main Accused
8384,3322,521821,Main Accused
8385,3322,512121,Co-Accused
8386,3322,501454,Main Accused
8387,3323,516570,Co-Accused
8388,3323,514902,Co-Accused
8389,3323,519430,Co-Accused
8390,3324,521074,Co-Accused
8391,3324,512865,Main Accused
8392,3324,513844,Co-Accused
8393,3324,523719,Main Accused
8394,3325,519475,Co-Accused
8395,3325,522283,Co-Accused
8396,3325,522202,Main Accused
8397,3325,502364,Co-Accused
8398,3326,501455,Co-Accused
8399,3327,514763,Main Accused
8400,3327,524865,Main Accused
8401,3327,517520,Co-Accused
8402,3328,513933,Main Accused
8403,3328,522801,Main Accused
8404,3328,507020,Main Accused
8405,3329,504055,Co-Accused
8406,3329,520155,Co-Accused
8407,3329,515296,Co-Accused
8408,3329,505476,Co-Accused
8409,3330,524716,Co-Accused
8410,3330,516097,Main Accused
8411,3330,513006,Main Accused
8412,3330,508597,Main Accused
8413,3331,502701,Main Accused
8414,3331,511521,Main Accused
8415,3332,510201,Main Accused
8416,3332,523021,Co-Accused
8417,3332,504037,Co-Accused
8418,3333,502763,Co-Accused
8419,3333,513109,Co-Accused
8420,3334,517558,Main Accused
8421,3334,505016,Co-Accused
8422,3334,515113,Co-Accused
8423,3335,506147,Co-Accused
8424,3335,523195,Co-Accused
8425,3335,519725,Main Accused
8426,3335,517658,Co-Accused
8427,3336,517053,Co-Accused
8428,3336,501201,Main Accused
8429,3336,506875,Co-Accused
8430,3336,504987,Main Accused
8431,3337,510930,Main Accused
8432,3337,506307,Main Accused
8433,3337,524734,Main Accused
8434,3337,523501,Main Accused
8435,3338,508908,Main Accused
8436,3338,509935,Main Accused
8437,3338,504610,Co-Accused
8438,3338,506909,Co-Accused
8439,3339,507643,Main Accused
8440,3339,505801,Main Accused
8441,3339,511611,Co-Accused
8442,3340,515382,Co-Accused
8443,3340,501743,Co-Accused
8444,3340,517794,Co-Accused
8445,3341,502064,Co-Accused
8446,3341,519018,Main Accused
8447,3341,509276,Co-Accused
8448,3342,518520,Main Accused
8449,3342,501308,Co-Accused
8450,3342,523524,Main Accused
8451,3343,502766,Co-Accused
8452,3343,501088,Main Accused
8453,3343,502016,Co-Accused
8454,3343,518713,Main Accused
8455,3344,514152,Co-Accused
8456,3344,517045,Main Accused
8457,3344,507029,Main Accused
8458,3345,513572,Main Accused
8459,3345,518910,Main Accused
8460,3345,501925,Main Accused
8461,3345,503049,Co-Accused
8462,3346,505073,Co-Accused
8463,3346,505675,Main Accused
8464,3347,516670,Main Accused
8465,3348,502173,Main Accused
8466,3348,507224,Main Accused
8467,3348,524485,Co-Accused
8468,3349,516105,Co-Accused
8469,3349,513927,Main Accused
8470,3349,520248,Co-Accused
8471,3350,513166,Main Accused
8472,3350,520296,Co-Accused
8473,3350,509144,Main Accused
8474,3350,509296,Co-Accused
8475,3351,520719,Main Accused
8476,3351,509717,Co-Accused
8477,3352,501757,Main Accused
8478,3353,523730,Main Accused
8479,3353,517646,Main Accused
8480,3353,503350,Main Accused
8481,3354,524189,Main Accused
8482,3355,516194,Main Accused
8483,3355,522612,Main Accused
8484,3356,521689,Co-Accused
8485,3356,520743,Co-Accused
8486,3356,510268,Main Accused
8487,3357,512858,Main Accused
8488,3357,500416,Co-Accused
8489,3358,506097,Main Accused
8490,3358,509912,Main Accused
8491,3358,510202,Main Accused
8492,3359,514787,Co-Accused
8493,3359,520882,Main Accused
8494,3360,515604,Co-Accused
8495,3360,511349,Main Accused
8496,3360,510118,Main Accused
8497,3360,510620,Co-Accused
8498,3361,512042,Main Accused
8499,3361,514150,Co-Accused
8500,3361,524587,Main Accused
8501,3361,505129,Co-Accused
8502,3362,514038,Co-Accused
8503,3362,501608,Co-Accused
8504,3362,518590,Co-Accused
8505,3362,509994,Co-Accused
8506,3363,515406,Main Accused
8507,3363,516267,Co-Accused
8508,3363,519815,Main Accused
8509,3364,514538,Co-Accused
8510,3365,504754,Main Accused
8511,3365,510147,Main Accused
8512,3365,510766,Main Accused
8513,3365,510862,Main Accused
8514,3366,511361,Main Accused
8515,3366,524557,Main Accused
8516,3366,500316,Co-Accused
8517,3366,523325,Main Accused
8518,3367,506673,Co-Accused
8519,3367,517405,Co-Accused
8520,3368,501446,Main Accused
8521,3369,501947,Co-Accused
8522,3369,521374,Co-Accused
8523,3370,524957,Co-Accused
8524,3370,513439,Main Accused
8525,3370,519261,Co-Accused
8526,3371,524651,Main Accused
8527,3371,521023,Main Accused
8528,3372,517554,Main Accused
8529,3372,504621,Main Accused
8530,3373,513052,Co-Accused
8531,3373,520974,Co-Accused
8532,3373,502663,Co-Accused
8533,3373,521870,Co-Accused
8534,3374,524584,Main Accused
8535,3375,501757,Co-Accused
8536,3375,510439,Co-Accused
8537,3375,517950,Co-Accused
8538,3376,522486,Co-Accused
8539,3376,504695,Co-Accused
8540,3377,524507,Co-Accused
8541,3377,500528,Main Accused
8542,3377,507501,Main Accused
8543,3378,501549,Co-Accused
8544,3378,521347,Co-Accused
8545,3378,518206,Co-Accused
8546,3378,511911,Main Accused
8547,3379,519462,Main Accused
8548,3380,509688,Main Accused
8549,3381,502962,Co-Accused
8550,3381,521092,Co-Accused
8551,3381,508233,Main Accused
8552,3381,506151,Main Accused
8553,3382,508186,Co-Accused
8554,3382,515382,Co-Accused
8555,3382,511269,Co-Accused
8556,3382,512512,Main Accused
8557,3383,507286,Main Accused
8558,3383,510215,Co-Accused
8559,3384,505854,Co-Accused
8560,3384,504987,Co-Accused
8561,3384,503649,Main Accused
8562,3385,524741,Main Accused
8563,3386,518523,Co-Accused
8564,3386,507352,Main Accused
8565,3386,501392,Main Accused
8566,3387,514229,Main Accused
8567,3387,509632,Co-Accused
8568,3388,510745,Co-Accused
8569,3388,524388,Co-Accused
8570,3388,512972,Main Accused
8571,3389,508433,Main Accused
8572,3389,517688,Co-Accused
8573,3389,506199,Co-Accused
8574,3389,513503,Main Accused
8575,3390,516795,Co-Accused
8576,3390,504973,Main Accused
8577,3391,510908,Main Accused
8578,3391,512433,Co-Accused
8579,3391,524274,Main Accused
8580,3392,507986,Co-Accused
8581,3392,519793,Co-Accused
8582,3392,500451,Main Accused
8583,3393,509660,Co-Accused
8584,3393,512640,Co-Accused
8585,3393,517572,Co-Accused
8586,3393,502171,Co-Accused
8587,3394,508026,Co-Accused
8588,3394,515150,Main Accused
8589,3395,510616,Main Accused
8590,3396,524361,Main Accused
8591,3396,520992,Co-Accused
8592,3397,504122,Co-Accused
8593,3397,516965,Co-Accused
8594,3398,517568,Co-Accused
8595,3399,514264,Co-Accused
8596,3399,520604,Co-Accused
8597,3399,513660,Main Accused
8598,3400,523027,Main Accused
8599,3400,522620,Main Accused
8600,3401,513572,Main Accused
8601,3402,516622,Co-Accused
8602,3403,506356,Main Accused
8603,3403,503849,Main Accused
8604,3403,510254,Main Accused
8605,3404,516000,Co-Accused
8606,3404,505027,Main Accused
8607,3405,516658,Main Accused
8608,3406,505676,Co-Accused
8609,3406,514877,Co-Accused
8610,3406,514621,Main Accused
8611,3407,507976,Main Accused
8612,3407,502465,Main Accused
8613,3407,515325,Co-Accused
8614,3408,511466,Co-Accused
8615,3408,521795,Co-Accused
8616,3408,501718,Co-Accused
8617,3408,523457,Main Accused
8618,3409,511116,Main Accused
8619,3409,519021,Co-Accused
8620,3410,502003,Co-Accused
8621,3410,514034,Co-Accused
8622,3411,502837,Co-Accused
8623,3411,523091,Co-Accused
8624,3411,516561,Main Accused
8625,3412,514903,Co-Accused
8626,3412,524223,Main Accused
8627,3412,513408,Co-Accused
8628,3412,506060,Co-Accused
8629,3413,508036,Co-Accused
8630,3413,508941,Co-Accused
8631,3414,515220,Main Accused
8632,3414,516623,Co-Accused
8633,3414,501884,Co-Accused
8634,3414,524201,Main Accused
8635,3415,505530,Main Accused
8636,3416,501941,Co-Accused
8637,3416,521091,Co-Accused
8638,3416,504272,Main Accused
8639,3416,500081,Co-Accused
8640,3417,520142,Co-Accused
8641,3417,510745,Co-Accused
8642,3417,517950,Co-Accused
8643,3418,503805,Co-Accused
8644,3418,502924,Co-Accused
8645,3419,513625,Co-Accused
8646,3419,507231,Main Accused
8647,3419,506689,Main Accused
8648,3420,524952,Co-Accused
8649,3420,508896,Main Accused
8650,3420,518965,Co-Accused
8651,3421,517653,Co-Accused
8652,3422,515057,Co-Accused
8653,3422,510247,Main Accused
8654,3423,517554,Co-Accused
8655,3423,503435,Main Accused
8656,3423,506504,Main Accused
8657,3423,514292,Co-Accused
8658,3424,506305,Co-Accused
8659,3424,513700,Main Accused
8660,3424,500463,Co-Accused
8661,3425,511658,Main Accused
8662,3425,515932,Main Accused
8663,3426,517062,Main Accused
8664,3427,510671,Co-Accused
8665,3427,511395,Co-Accused
8666,3427,500222,Co-Accused
8667,3428,507869,Main Accused
8668,3428,509181,Main Accused
8669,3428,524904,Main Accused
8670,3429,513625,Main Accused
8671,3429,504577,Main Accused
8672,3429,503098,Main Accused
8673,3430,518233,Main Accused
8674,3430,502001,Main Accused
8675,3430,519061,Main Accused
8676,3430,509536,Main Accused
8677,3431,507965,Main Accused
8678,3431,501369,Co-Accused
8679,3431,504901,Co-Accused
8680,3431,523601,Main Accused
8681,3432,512488,Co-Accused
8682,3432,503663,Co-Accused
8683,3433,507715,Main Accused
8684,3434,509112,Co-Accused
8685,3434,511987,Co-Accused
8686,3435,507513,Main Accused
8687,3435,521283,Main Accused
8688,3435,502467,Main Accused
8689,3436,515466,Main Accused
8690,3436,501764,Co-Accused
8691,3437,512218,Co-Accused
8692,3438,503432,Co-Accused
8693,3438,507052,Co-Accused
8694,3439,516649,Main Accused
8695,3439,517513,Co-Accused
8696,3439,517704,Main Accused
8697,3439,515966,Main Accused
8698,3440,521823,Main Accused
8699,3440,510587,Co-Accused
8700,3440,508428,Main Accused
8701,3440,519751,Co-Accused
8702,3441,505220,Main Accused
8703,3441,520898,Co-Accused
8704,3441,509613,Main Accused
8705,3442,521098,Main Accused
8706,3442,515091,Main Accused
8707,3443,513858,Co-Accused
8708,3443,524555,Co-Accused
8709,3443,515845,Co-Accused
8710,3444,505969,Co-Accused
8711,3444,522493,Main Accused
8712,3444,521676,Co-Accused
8713,3444,521247,Co-Accused
8714,3445,502474,Co-Accused
8715,3445,522196,Co-Accused
8716,3445,522230,Main Accused
8717,3446,504273,Co-Accused
8718,3447,512878,Co-Accused
8719,3447,518875,Co-Accused
8720,3447,504420,Co-Accused
8721,3448,514370,Main Accused
8722,3448,508954,Co-Accused
8723,3448,517990,Main Accused
8724,3448,501015,Co-Accused
8725,3449,509656,Main Accused
8726,3449,514469,Main Accused
8727,3449,514885,Main Accused
8728,3450,521303,Main Accused
8729,3450,516993,Main Accused
8730,3450,500234,Main Accused
8731,3450,505831,Co-Accused
8732,3451,509676,Co-Accused
8733,3452,507015,Main Accused
8734,3452,500899,Main Accused
8735,3452,513129,Main Accused
8736,3452,517843,Main Accused
8737,3453,515924,Main Accused
8738,3454,523012,Co-Accused
8739,3455,512787,Co-Accused
8740,3456,513658,Main Accused
8741,3456,514817,Co-Accused
8742,3456,512012,Co-Accused
8743,3457,513340,Co-Accused
8744,3458,506903,Co-Accused
8745,3458,518901,Main Accused
8746,3459,518731,Co-Accused
8747,3459,506308,Co-Accused
8748,3460,518271,Co-Accused
8749,3460,509592,Main Accused
8750,3460,517236,Co-Accused
8751,3461,501848,Co-Accused
8752,3461,511438,Main Accused
8753,3461,502177,Co-Accused
8754,3462,513646,Main Accused
8755,3463,507608,Co-Accused
8756,3464,516211,Co-Accused
8757,3464,509283,Co-Accused
8758,3465,520337,Co-Accused
8759,3466,511314,Co-Accused
8760,3467,522325,Main Accused
8761,3468,521459,Co-Accused
8762,3468,509573,Co-Accused
8763,3468,520068,Co-Accused
8764,3468,501882,Main Accused
8765,3469,517392,Co-Accused
8766,3469,506960,Co-Accused
8767,3470,519227,Co-Accused
8768,3470,503099,Co-Accused
8769,3471,521127,Main Accused
8770,3471,516426,Co-Accused
8771,3472,520390,Co-Accused
8772,3473,506714,Main Accused
8773,3474,511562,Main Accused
8774,3474,501983,Co-Accused
8775,3474,504782,Main Accused
8776,3474,507447,Co-Accused
8777,3475,509380,Co-Accused
8778,3475,519058,Main Accused
8779,3476,518768,Main Accused
8780,3476,500777,Co-Accused
8781,3476,517517,Co-Accused
8782,3476,514966,Co-Accused
8783,3477,501712,Co-Accused
8784,3478,502615,Co-Accused
8785,3478,512451,Co-Accused
8786,3478,516485,Co-Accused
8787,3479,517165,Co-Accused
8788,3480,504028,Main Accused
8789,3480,513715,Co-Accused
8790,3481,503650,Main Accused
8791,3481,510634,Main Accused
8792,3481,508856,Main Accused
8793,3482,514810,Co-Accused
8794,3482,506438,Main Accused
8795,3482,519972,Main Accused
8796,3483,515484,Main Accused
8797,3483,519453,Co-Accused
8798,3484,509341,Co-Accused
8799,3485,500419,Co-Accused
8800,3486,504395,Main Accused
8801,3486,516668,Main Accused
8802,3486,524335,Co-Accused
8803,3486,521099,Co-Accused
8804,3487,509147,Co-Accused
8805,3488,511084,Co-Accused
8806,3489,504049,Co-Accused
8807,3490,520516,Co-Accused
8808,3491,520820,Co-Accused
8809,3491,509055,Co-Accused
8810,3491,511639,Co-Accused
8811,3492,517342,Main Accused
8812,3492,506580,Main Accused
8813,3492,521435,Co-Accused
8814,3492,501894,Main Accused
8815,3493,502841,Co-Accused
8816,3494,502001,Main Accused
8817,3495,514885,Co-Accused
8818,3495,509254,Main Accused
8819,3495,506234,Co-Accused
8820,3496,517501,Co-Accused
8821,3496,512616,Main Accused
8822,3496,500367,Main Accused
8823,3497,505346,Co-Accused
8824,3497,509703,Main Accused
8825,3498,503984,Co-Accused
8826,3499,513468,Co-Accused
8827,3499,522958,Co-Accused
8828,3500,516336,Main Accused
8829,3500,510895,Co-Accused
8830,3500,520121,Main Accused
8831,3500,517108,Co-Accused
8832,3501,514923,Co-Accused
8833,3501,509430,Main Accused
8834,3502,507467,Co-Accused
8835,3502,506342,Main Accused
8836,3502,515283,Co-Accused
8837,3503,506090,Co-Accused
8838,3504,508855,Co-Accused
8839,3504,513810,Co-Accused
8840,3504,503183,Co-Accused
8841,3504,523383,Co-Accused
8842,3505,523887,Main Accused
8843,3505,516270,Co-Accused
8844,3505,524918,Main Accused
8845,3505,508607,Co-Accused
8846,3506,500900,Co-Accused
8847,3507,502162,Co-Accused
8848,3507,507337,Co-Accused
8849,3507,501773,Co-Accused
8850,3507,515625,Main Accused
8851,3508,513884,Main Accused
8852,3509,519862,Co-Accused
8853,3509,507058,Main Accused
8854,3509,502660,Main Accused
8855,3510,520594,Main Accused
8856,3510,523135,Main Accused
8857,3510,511289,Co-Accused
8858,3511,519604,Main Accused
8859,3511,511249,Co-Accused
8860,3511,502469,Main Accused
8861,3511,516584,Main Accused
8862,3512,505515,Main Accused
8863,3512,508659,Co-Accused
8864,3512,516256,Co-Accused
8865,3512,517753,Co-Accused
8866,3513,524255,Main Accused
8867,3513,523751,Main Accused
8868,3513,510250,Main Accused
8869,3513,521199,Co-Accused
8870,3514,523389,Co-Accused
8871,3514,505583,Co-Accused
8872,3514,516162,Co-Accused
8873,3515,524918,Co-Accused
8874,3515,510303,Co-Accused
8875,3515,505992,Main Accused
8876,3515,519122,Main Accused
8877,3516,517585,Co-Accused
8878,3517,519835,Co-Accused
8879,3517,515588,Main Accused
8880,3518,500293,Co-Accused
8881,3518,502330,Main Accused
8882,3518,501954,Co-Accused
8883,3518,513426,Main Accused
8884,3519,524757,Main Accused
8885,3519,503588,Co-Accused
8886,3519,519304,Co-Accused
8887,3520,510281,Main Accused
8888,3520,511895,Co-Accused
8889,3521,521614,Main Accused
8890,3521,511393,Co-Accused
8891,3521,500928,Co-Accused
8892,3521,521344,Co-Accused
8893,3522,516414,Main Accused
8894,3522,524921,Main Accused
8895,3522,505709,Co-Accused
8896,3522,523868,Main Accused
8897,3523,517468,Main Accused
8898,3523,518790,Co-Accused
8899,3523,523246,Co-Accused
8900,3524,520130,Main Accused
8901,3524,515796,Main Accused
8902,3524,519034,Co-Accused
8903,3525,520258,Main Accused
8904,3526,515033,Co-Accused
8905,3526,520126,Main Accused
8906,3526,501757,Co-Accused
8907,3526,500312,Co-Accused
8908,3527,506219,Main Accused
8909,3527,508937,Main Accused
8910,3528,514674,Main Accused
8911,3528,502898,Co-Accused
8912,3528,524838,Main Accused
8913,3528,506737,Main Accused
8914,3529,516616,Main Accused
8915,3529,521419,Co-Accused
8916,3529,511978,Co-Accused
8917,3530,514032,Main Accused
8918,3530,520398,Co-Accused
8919,3530,511289,Co-Accused
8920,3530,516532,Co-Accused
8921,3531,520995,Main Accused
8922,3531,506567,Main Accused
8923,3531,506551,Co-Accused
8924,3532,510804,Main Accused
8925,3532,520119,Main Accused
8926,3532,513067,Co-Accused
8927,3532,511073,Main Accused
8928,3533,519005,Co-Accused
8929,3533,508110,Main Accused
8930,3533,506103,Main Accused
8931,3533,504830,Main Accused
8932,3534,522265,Main Accused
8933,3534,516455,Co-Accused
8934,3534,515808,Main Accused
8935,3534,518030,Main Accused
8936,3535,512667,Main Accused
8937,3535,503823,Main Accused
8938,3535,508251,Co-Accused
8939,3536,522037,Main Accused
8940,3536,517931,Co-Accused
8941,3536,522093,Main Accused
8942,3536,511368,Main Accused
8943,3537,503947,Co-Accused
8944,3537,519424,Co-Accused
8945,3538,509806,Main Accused
8946,3538,523772,Main Accused
8947,3538,517776,Co-Accused
8948,3539,521244,Co-Accused
8949,3539,513155,Main Accused
8950,3539,512332,Main Accused
8951,3540,501264,Co-Accused
8952,3541,515066,Main Accused
8953,3541,500766,Main Accused
8954,3542,517701,Co-Accused
8955,3542,518453,Co-Accused
8956,3543,520061,Main Accused
8957,3543,507897,Co-Accused
8958,3544,512841,Co-Accused
8959,3545,524795,Main Accused
8960,3545,518098,Main Accused
8961,3545,506811,Main Accused
8962,3545,512017,Main Accused
8963,3546,505226,Co-Accused
8964,3546,500447,Main Accused
8965,3546,515564,Co-Accused
8966,3547,517113,Co-Accused
8967,3547,514540,Main Accused
8968,3547,522188,Co-Accused
8969,3547,523861,Co-Accused
8970,3548,524568,Main Accused
8971,3549,504393,Main Accused
8972,3549,517044,Co-Accused
8973,3550,505565,Co-Accused
8974,3550,520471,Co-Accused
8975,3550,521329,Main Accused
8976,3550,518211,Co-Accused
8977,3551,503342,Main Accused
8978,3551,518048,Co-Accused
8979,3551,516310,Co-Accused
8980,3552,505598,Main Accused
8981,3552,507717,Co-Accused
8982,3553,513343,Main Accused
8983,3553,505544,Co-Accused
8984,3553,521161,Co-Accused
8985,3554,511320,Co-Accused
8986,3554,505728,Co-Accused
8987,3554,504979,Co-Accused
8988,3554,500671,Main Accused
8989,3555,510804,Main Accused
8990,3555,522615,Main Accused
8991,3556,518946,Co-Accused
8992,3556,507405,Main Accused
8993,3556,519304,Co-Accused
8994,3557,504921,Main Accused
8995,3557,504304,Main Accused
8996,3557,523732,Main Accused
8997,3558,506792,Main Accused
8998,3558,515585,Co-Accused
8999,3558,509897,Main Accused
9000,3558,510062,Main Accused
9001,3559,515176,Main Accused
9002,3559,523333,Main Accused
9003,3560,522574,Main Accused
9004,3560,501438,Co-Accused
9005,3560,511899,Main Accused
9006,3560,518998,Main Accused
9007,3561,524308,Co-Accused
9008,3562,520406,Co-Accused
9009,3563,524059,Co-Accused
9010,3564,503872,Main Accused
9011,3564,520588,Main Accused
9012,3564,522583,Co-Accused
9013,3565,508394,Co-Accused
9014,3565,512100,Main Accused
9015,3565,521382,Main Accused
9016,3565,504328,Co-Accused
9017,3566,524646,Co-Accused
9018,3566,519892,Co-Accused
9019,3567,523054,Main Accused
9020,3567,522260,Main Accused
9021,3567,502923,Main Accused
9022,3567,515522,Main Accused
9023,3568,506014,Main Accused
9024,3569,515825,Main Accused
9025,3569,521906,Co-Accused
9026,3570,519662,Co-Accused
9027,3571,510338,Main Accused
9028,3572,509048,Main Accused
9029,3572,520600,Co-Accused
9030,3572,513064,Main Accused
9031,3573,507794,Main Accused
9032,3573,524014,Main Accused
9033,3574,524121,Main Accused
9034,3574,502145,Main Accused
9035,3575,512456,Main Accused
9036,3575,509955,Main Accused
9037,3576,514755,Main Accused
9038,3576,506756,Co-Accused
9039,3576,506502,Main Accused
9040,3577,511742,Co-Accused
9041,3578,517919,Main Accused
9042,3578,514843,Co-Accused
9043,3578,507520,Co-Accused
9044,3579,507281,Co-Accused
9045,3580,511305,Co-Accused
9046,3580,510737,Co-Accused
9047,3580,517764,Main Accused
9048,3581,511982,Main Accused
9049,3581,501461,Main Accused
9050,3581,510066,Main Accused
9051,3581,511844,Main Accused
9052,3582,501323,Co-Accused
9053,3582,509146,Main Accused
9054,3582,518431,Co-Accused
9055,3583,507039,Main Accused
9056,3583,505744,Main Accused
9057,3584,504943,Co-Accused
9058,3584,514428,Co-Accused
9059,3584,508622,Main Accused
9060,3585,510378,Co-Accused
9061,3585,518933,Main Accused
9062,3586,506404,Main Accused
9063,3587,500819,Co-Accused
9064,3587,516408,Main Accused
9065,3587,517654,Main Accused
9066,3588,523450,Main Accused
9067,3588,515213,Co-Accused
9068,3589,503899,Co-Accused
9069,3590,520461,Main Accused
9070,3590,520198,Main Accused
9071,3590,517476,Main Accused
9072,3591,523054,Main Accused
9073,3591,509072,Main Accused
9074,3591,519571,Co-Accused
9075,3592,512595,Co-Accused
9076,3592,524803,Main Accused
9077,3593,521446,Co-Accused
9078,3593,504418,Co-Accused
9079,3593,507248,Co-Accused
9080,3594,506101,Co-Accused
9081,3595,517721,Main Accused
9082,3596,517283,Co-Accused
9083,3596,509676,Main Accused
9084,3597,512368,Main Accused
9085,3597,524102,Main Accused
9086,3597,523560,Main Accused
9087,3597,505161,Co-Accused
9088,3598,517126,Main Accused
9089,3598,510336,Co-Accused
9090,3598,513503,Main Accused
9091,3598,523460,Co-Accused
9092,3599,513518,Co-Accused
9093,3599,510654,Main Accused
9094,3600,524019,Co-Accused
9095,3600,509361,Co-Accused
9096,3601,506311,Main Accused
9097,3601,504024,Main Accused
9098,3601,521216,Co-Accused
9099,3601,508157,Co-Accused
9100,3602,507931,Main Accused
9101,3602,517231,Main Accused
9102,3602,521016,Co-Accused
9103,3603,500306,Main Accused
9104,3603,521467,Main Accused
9105,3604,506084,Main Accused
9106,3605,522559,Main Accused
9107,3605,513834,Main Accused
9108,3605,524108,Main Accused
9109,3606,519485,Co-Accused
9110,3607,516277,Co-Accused
9111,3608,512518,Main Accused
9112,3608,509025,Co-Accused
9113,3608,508609,Co-Accused
9114,3609,510766,Co-Accused
9115,3609,503434,Co-Accused
9116,3610,511976,Co-Accused
9117,3610,513288,Main Accused
9118,3610,523696,Co-Accused
9119,3610,512290,Main Accused
9120,3611,510633,Main Accused
9121,3611,522107,Co-Accused
9122,3612,519779,Main Accused
9123,3613,521764,Main Accused
9124,3614,512645,Co-Accused
9125,3615,517873,Main Accused
9126,3615,513904,Main Accused
9127,3616,521283,Co-Accused
9128,3617,519019,Main Accused
9129,3617,507085,Co-Accused
9130,3618,521041,Co-Accused
9131,3619,515094,Main Accused
9132,3620,501283,Co-Accused
9133,3620,511709,Co-Accused
9134,3620,524394,Main Accused
9135,3621,502685,Main Accused
9136,3621,524093,Co-Accused
9137,3621,507497,Co-Accused
9138,3621,512069,Main Accused
9139,3622,508581,Main Accused
9140,3622,519982,Main Accused
9141,3623,518182,Main Accused
9142,3623,518756,Main Accused
9143,3623,524804,Main Accused
9144,3624,517619,Co-Accused
9145,3624,505724,Main Accused
9146,3624,512544,Main Accused
9147,3624,509463,Co-Accused
9148,3625,517447,Main Accused
9149,3625,523701,Co-Accused
9150,3625,500132,Co-Accused
9151,3626,505721,Main Accused
9152,3626,508657,Co-Accused
9153,3626,509116,Main Accused
9154,3627,512485,Main Accused
9155,3628,508711,Co-Accused
9156,3628,516926,Co-Accused
9157,3629,524241,Main Accused
9158,3629,504176,Main Accused
9159,3630,500735,Main Accused
9160,3630,501639,Main Accused
9161,3630,515430,Co-Accused
9162,3630,522991,Main Accused
9163,3631,513797,Co-Accused
9164,3631,513998,Co-Accused
9165,3632,504524,Co-Accused
9166,3632,514712,Main Accused
9167,3632,520373,Co-Accused
9168,3632,511046,Co-Accused
9169,3633,520185,Co-Accused
9170,3633,521439,Main Accused
9171,3633,504436,Main Accused
9172,3633,501558,Main Accused
9173,3634,511680,Main Accused
9174,3634,512394,Main Accused
9175,3635,503761,Main Accused
9176,3636,507530,Main Accused
9177,3636,521722,Co-Accused
9178,3637,524317,Main Accused
9179,3637,511136,Co-Accused
9180,3638,511144,Main Accused
9181,3638,514340,Co-Accused
9182,3638,501083,Main Accused
9183,3639,521695,Main Accused
9184,3639,509060,Co-Accused
9185,3640,518827,Co-Accused
9186,3640,505895,Co-Accused
9187,3640,523727,Main Accused
9188,3640,509809,Co-Accused
9189,3641,516352,Co-Accused
9190,3641,520592,Co-Accused
9191,3641,519058,Main Accused
9192,3642,507060,Co-Accused
9193,3643,506601,Main Accused
9194,3643,505300,Co-Accused
9195,3643,503581,Co-Accused
9196,3644,505463,Main Accused
9197,3645,514017,Co-Accused
9198,3646,519347,Main Accused
9199,3646,515209,Main Accused
9200,3647,502601,Co-Accused
9201,3647,513565,Co-Accused
9202,3647,501383,Main Accused
9203,3647,500044,Main Accused
9204,3648,507232,Co-Accused
9205,3649,516175,Main Accused
9206,3649,510499,Main Accused
9207,3650,521524,Co-Accused
9208,3650,512549,Main Accused
9209,3651,511550,Main Accused
9210,3652,510041,Main Accused
9211,3652,506036,Co-Accused
9212,3653,510475,Main Accused
9213,3654,506791,Main Accused
9214,3654,521903,Co-Accused
9215,3654,503872,Main Accused
9216,3654,514974,Main Accused
9217,3655,500578,Co-Accused
9218,3656,509234,Co-Accused
9219,3656,502884,Co-Accused
9220,3656,524843,Main Accused
9221,3657,513017,Co-Accused
9222,3658,518724,Co-Accused
9223,3658,517392,Co-Accused
9224,3659,523018,Co-Accused
9225,3659,519629,Co-Accused
9226,3660,512459,Main Accused
9227,3660,524911,Main Accused
9228,3661,522352,Main Accused
9229,3661,514268,Main Accused
9230,3661,512809,Co-Accused
9231,3662,518631,Main Accused
9232,3663,504632,Co-Accused
9233,3663,514579,Main Accused
9234,3664,524068,Main Accused
9235,3664,500282,Main Accused
9236,3664,504753,Co-Accused
9237,3665,508371,Co-Accused
9238,3665,522437,Co-Accused
9239,3666,511439,Main Accused
9240,3667,519381,Main Accused
9241,3667,524846,Main Accused
9242,3668,508388,Co-Accused
9243,3668,501866,Main Accused
9244,3668,518297,Main Accused
9245,3668,510256,Co-Accused
9246,3669,510006,Main Accused
9247,3670,520757,Main Accused
9248,3670,501620,Co-Accused
9249,3670,513194,Co-Accused
9250,3670,503020,Main Accused
9251,3671,503723,Co-Accused
9252,3672,506030,Main Accused
9253,3672,524503,Main Accused
9254,3672,513099,Main Accused
9255,3673,514226,Co-Accused
9256,3673,513793,Co-Accused
9257,3673,504804,Main Accused
9258,3674,523393,Main Accused
9259,3674,516253,Co-Accused
9260,3674,517632,Main Accused
9261,3675,517788,Main Accused
9262,3675,505336,Co-Accused
9263,3675,519597,Co-Accused
9264,3676,508464,Co-Accused
9265,3676,513871,Co-Accused
9266,3676,502418,Co-Accused
9267,3676,523418,Main Accused
9268,3677,523626,Co-Accused
9269,3677,524545,Co-Accused
9270,3677,521546,Main Accused
9271,3677,501352,Main Accused
9272,3678,507066,Co-Accused
9273,3679,506489,Main Accused
9274,3679,524974,Main Accused
9275,3679,501116,Main Accused
9276,3680,500315,Main Accused
9277,3680,502804,Main Accused
9278,3680,503776,Co-Accused
9279,3681,522524,Main Accused
9280,3681,522270,Main Accused
9281,3682,500689,Main Accused
9282,3683,515442,Main Accused
9283,3683,509393,Main Accused
9284,3683,505347,Main Accused
9285,3683,507771,Co-Accused
9286,3684,507451,Co-Accused
9287,3685,518250,Co-Accused
9288,3686,512352,Co-Accused
9289,3686,519028,Co-Accused
9290,3687,507371,Main Accused
9291,3687,513560,Co-Accused
9292,3687,502143,Co-Accused
9293,3688,500374,Co-Accused
9294,3688,510700,Co-Accused
9295,3688,516095,Main Accused
9296,3688,514496,Co-Accused
9297,3689,514192,Co-Accused
9298,3689,519576,Co-Accused
9299,3689,516854,Co-Accused
9300,3689,515168,Co-Accused
9301,3690,500269,Co-Accused
9302,3691,521986,Main Accused
9303,3691,508821,Main Accused
9304,3691,514024,Main Accused
9305,3692,506262,Main Accused
9306,3692,523412,Main Accused
9307,3692,522810,Main Accused
9308,3692,510004,Main Accused
9309,3693,515540,Co-Accused
9310,3693,512350,Co-Accused
9311,3693,524684,Co-Accused
9312,3693,510549,Main Accused
9313,3694,515458,Co-Accused
9314,3694,516718,Co-Accused
9315,3695,521037,Main Accused
9316,3695,519269,Co-Accused
9317,3695,521401,Co-Accused
9318,3696,501365,Co-Accused
9319,3696,520077,Main Accused
9320,3696,523893,Main Accused
9321,3697,515911,Co-Accused
9322,3697,503914,Main Accused
9323,3698,511554,Main Accused
9324,3699,503818,Main Accused
9325,3699,504332,Co-Accused
9326,3699,504626,Main Accused
9327,3699,503413,Main Accused
9328,3700,515636,Main Accused
9329,3701,507271,Co-Accused
9330,3701,504545,Co-Accused
9331,3701,516845,Main Accused
9332,3702,508213,Main Accused
9333,3702,505711,Co-Accused
9334,3703,519343,Co-Accused
9335,3703,523035,Main Accused
9336,3703,515125,Co-Accused
9337,3703,517779,Main Accused
9338,3704,502037,Main Accused
9339,3704,521337,Main Accused
9340,3704,501662,Co-Accused
9341,3705,515264,Main Accused
9342,3705,517624,Co-Accused
9343,3705,523731,Main Accused
9344,3706,513282,Co-Accused
9345,3707,518359,Co-Accused
9346,3708,504206,Co-Accused
9347,3708,512481,Co-Accused
9348,3708,505240,Co-Accused
9349,3708,512377,Co-Accused
9350,3709,522681,Co-Accused
9351,3709,518744,Main Accused
9352,3709,508863,Co-Accused
9353,3709,502902,Co-Accused
9354,3710,524729,Co-Accused
9355,3711,509876,Main Accused
9356,3712,509905,Co-Accused
9357,3712,501835,Main Accused
9358,3713,518998,Main Accused
9359,3713,523908,Main Accused
9360,3714,522265,Co-Accused
9361,3714,507031,Main Accused
9362,3715,502040,Co-Accused
9363,3715,512153,Co-Accused
9364,3715,511867,Co-Accused
9365,3716,504629,Main Accused
9366,3716,511999,Co-Accused
9367,3716,516647,Co-Accused
9368,3716,500364,Co-Accused
9369,3717,518481,Co-Accused
9370,3717,515487,Main Accused
9371,3717,506386,Co-Accused
9372,3718,508192,Co-Accused
9373,3719,509091,Co-Accused
9374,3720,511882,Co-Accused
9375,3720,513394,Co-Accused
9376,3720,503578,Co-Accused
9377,3720,512844,Main Accused
9378,3721,508497,Main Accused
9379,3721,504864,Co-Accused
9380,3722,518501,Co-Accused
9381,3722,513729,Main Accused
9382,3723,503717,Co-Accused
9383,3723,520487,Co-Accused
9384,3723,517717,Main Accused
9385,3724,517352,Main Accused
9386,3724,521282,Co-Accused
9387,3725,504793,Main Accused
9388,3725,514204,Main Accused
9389,3726,512039,Main Accused
9390,3726,521388,Co-Accused
9391,3727,514830,Co-Accused
9392,3728,506093,Main Accused
9393,3729,507981,Co-Accused
9394,3729,515083,Main Accused
9395,3729,523238,Main Accused
9396,3729,507458,Main Accused
9397,3730,522912,Co-Accused
9398,3730,514045,Co-Accused
9399,3731,519018,Co-Accused
9400,3732,517816,Main Accused
9401,3732,508398,Main Accused
9402,3733,520677,Co-Accused
9403,3734,519959,Main Accused
9404,3734,504004,Co-Accused
9405,3734,520253,Main Accused
9406,3735,522081,Main Accused
9407,3736,507721,Co-Accused
9408,3736,509889,Main Accused
9409,3736,512268,Main Accused
9410,3737,500372,Main Accused
9411,3737,512352,Main Accused
9412,3738,514131,Main Accused
9413,3738,516345,Co-Accused
9414,3738,517438,Main Accused
9415,3739,501623,Main Accused
9416,3740,501882,Main Accused
9417,3741,501661,Main Accused
9418,3741,518044,Co-Accused
9419,3741,510287,Co-Accused
9420,3742,504681,Co-Accused
9421,3742,501816,Co-Accused
9422,3742,516356,Co-Accused
9423,3743,522426,Main Accused
9424,3743,503800,Main Accused
9425,3743,524559,Main Accused
9426,3744,507414,Co-Accused
9427,3744,502889,Co-Accused
9428,3744,516228,Co-Accused
9429,3745,505549,Co-Accused
9430,3745,518299,Main Accused
9431,3745,519639,Main Accused
9432,3746,519916,Main Accused
9433,3746,501197,Main Accused
9434,3747,509847,Main Accused
9435,3747,502039,Main Accused
9436,3747,506469,Main Accused
9437,3747,513878,Co-Accused
9438,3748,507318,Main Accused
9439,3748,515768,Main Accused
9440,3748,520712,Co-Accused
9441,3749,503996,Co-Accused
9442,3749,513884,Co-Accused
9443,3749,502606,Co-Accused
9444,3750,512287,Main Accused
9445,3750,508551,Main Accused
9446,3750,517355,Main Accused
9447,3751,518396,Main Accused
9448,3751,518691,Co-Accused
9449,3751,502827,Main Accused
9450,3752,514244,Main Accused
9451,3753,514375,Co-Accused
9452,3753,510193,Main Accused
9453,3754,503578,Co-Accused
9454,3754,516055,Co-Accused
9455,3754,504987,Co-Accused
9456,3755,511381,Co-Accused
9457,3755,505882,Co-Accused
9458,3756,501565,Main Accused
9459,3756,504407,Co-Accused
9460,3756,517678,Co-Accused
9461,3756,507207,Co-Accused
9462,3757,502084,Co-Accused
9463,3758,502738,Co-Accused
9464,3759,514575,Main Accused
9465,3759,516861,Co-Accused
9466,3759,505223,Main Accused
9467,3759,516276,Co-Accused
9468,3760,516124,Main Accused
9469,3760,500141,Main Accused
9470,3760,516986,Co-Accused
9471,3760,520752,Main Accused
9472,3761,503557,Co-Accused
9473,3762,515032,Main Accused
9474,3762,509583,Main Accused
9475,3762,501831,Co-Accused
9476,3763,514597,Co-Accused
9477,3763,501543,Co-Accused
9478,3764,516982,Main Accused
9479,3765,520087,Main Accused
9480,3766,524645,Co-Accused
9481,3766,509111,Main Accused
9482,3766,517200,Main Accused
9483,3766,524537,Co-Accused
9484,3767,513604,Co-Accused
9485,3768,511319,Co-Accused
9486,3769,523712,Co-Accused
9487,3770,516276,Main Accused
9488,3770,508133,Main Accused
9489,3771,511832,Main Accused
9490,3771,518685,Main Accused
9491,3771,505148,Main Accused
9492,3771,510766,Co-Accused
9493,3772,522171,Co-Accused
9494,3772,521946,Main Accused
9495,3773,507610,Main Accused
9496,3773,503715,Main Accused
9497,3773,519282,Co-Accused
9498,3773,519135,Co-Accused
9499,3774,518808,Main Accused
9500,3775,517313,Main Accused
9501,3775,513808,Co-Accused
9502,3775,521586,Co-Accused
9503,3776,502944,Co-Accused
9504,3777,511809,Co-Accused
9505,3777,518398,Main Accused
9506,3777,508393,Main Accused
9507,3778,504614,Co-Accused
9508,3779,516564,Co-Accused
9509,3780,502395,Co-Accused
9510,3780,511382,Co-Accused
9511,3781,508175,Main Accused
9512,3782,507941,Co-Accused
9513,3783,501159,Main Accused
9514,3783,518210,Main Accused
9515,3783,517299,Co-Accused
9516,3784,510526,Main Accused
9517,3785,503611,Co-Accused
9518,3785,509121,Co-Accused
9519,3785,504843,Co-Accused
9520,3785,518450,Main Accused
9521,3786,501833,Co-Accused
9522,3786,523523,Main Accused
9523,3786,511884,Co-Accused
9524,3786,502367,Main Accused
9525,3787,506941,Main Accused
9526,3787,522655,Co-Accused
9527,3787,520067,Main Accused
9528,3788,521550,Co-Accused
9529,3788,517334,Co-Accused
9530,3789,519935,Main Accused
9531,3789,510957,Main Accused
9532,3790,504281,Main Accused
9533,3790,521675,Main Accused
9534,3790,501335,Co-Accused
9535,3791,502930,Main Accused
9536,3791,516325,Main Accused
9537,3792,502858,Main Accused
9538,3792,519534,Main Accused
9539,3792,522109,Co-Accused
9540,3793,513330,Main Accused
9541,3794,513016,Main Accused
9542,3795,518181,Co-Accused
9543,3795,522982,Main Accused
9544,3795,509562,Main Accused
9545,3796,517932,Main Accused
9546,3796,507721,Co-Accused
9547,3796,521637,Main Accused
9548,3797,513071,Co-Accused
9549,3797,503588,Co-Accused
9550,3797,523465,Main Accused
9551,3797,523095,Main Accused
9552,3798,514900,Co-Accused
9553,3798,509192,Main Accused
9554,3798,515030,Main Accused
9555,3799,517678,Co-Accused
9556,3799,502635,Main Accused
9557,3800,519069,Main Accused
9558,3800,517889,Main Accused
9559,3801,524668,Co-Accused
9560,3801,500051,Main Accused
9561,3801,510419,Main Accused
9562,3802,518601,Main Accused
9563,3802,511584,Main Accused
9564,3802,512269,Main Accused
9565,3803,508011,Co-Accused
9566,3803,523502,Co-Accused
9567,3803,518853,Main Accused
9568,3804,507082,Main Accused
9569,3805,521002,Co-Accused
9570,3805,502645,Main Accused
9571,3806,512761,Co-Accused
9572,3806,510349,Main Accused
9573,3807,517461,Main Accused
9574,3808,515692,Main Accused
9575,3808,506244,Main Accused
9576,3808,518423,Main Accused
9577,3809,519828,Main Accused
9578,3809,503916,Co-Accused
9579,3810,502078,Main Accused
9580,3810,509279,Main Accused
9581,3810,506263,Co-Accused
9582,3810,519503,Main Accused
9583,3811,505555,Co-Accused
9584,3811,513610,Co-Accused
9585,3811,520789,Co-Accused
9586,3811,508589,Main Accused
9587,3812,523507,Co-Accused
9588,3813,500643,Main Accused
9589,3813,517389,Main Accused
9590,3814,502978,Main Accused
9591,3814,520152,Main Accused
9592,3814,524172,Co-Accused
9593,3814,500489,Co-Accused
9594,3815,518632,Co-Accused
9595,3816,501142,Co-Accused
9596,3816,500519,Co-Accused
9597,3817,524350,Co-Accused
9598,3817,522272,Main Accused
9599,3818,524683,Main Accused
9600,3818,503149,Main Accused
9601,3818,504096,Main Accused
9602,3819,511409,Co-Accused
9603,3820,502900,Main Accused
9604,3821,521991,Main Accused
9605,3821,524291,Main Accused
9606,3821,515426,Main Accused
9607,3821,501021,Co-Accused
9608,3822,522469,Main Accused
9609,3822,510408,Co-Accused
9610,3822,521494,Co-Accused
9611,3822,512201,Main Accused
9612,3823,503102,Main Accused
9613,3824,521323,Co-Accused
9614,3824,509767,Co-Accused
9615,3824,520751,Co-Accused
9616,3824,506083,Co-Accused
9617,3825,509367,Co-Accused
9618,3825,508553,Co-Accused
9619,3825,518870,Co-Accused
9620,3826,515420,Co-Accused
9621,3826,512408,Co-Accused
9622,3827,505958,Co-Accused
9623,3827,501680,Main Accused
9624,3827,518896,Main Accused
9625,3827,502492,Co-Accused
9626,3828,524780,Main Accused
9627,3829,502946,Co-Accused
9628,3830,519343,Main Accused
9629,3830,518839,Co-Accused
9630,3830,519657,Main Accused
9631,3831,500519,Co-Accused
9632,3831,513262,Main Accused
9633,3831,500373,Main Accused
9634,3831,515695,Main Accused
9635,3832,500991,Main Accused
9636,3832,514111,Co-Accused
9637,3832,503831,Main Accused
9638,3833,521760,Co-Accused
9639,3833,515035,Co-Accused
9640,3833,507432,Main Accused
9641,3833,509070,Main Accused
9642,3834,506918,Co-Accused
9643,3834,517086,Co-Accused
9644,3835,507158,Co-Accused
9645,3835,511905,Main Accused
9646,3836,519499,Main Accused
9647,3836,504884,Co-Accused
9648,3837,514090,Co-Accused
9649,3837,510519,Co-Accused
9650,3837,503686,Co-Accused
9651,3838,501734,Main Accused
9652,3838,505278,Main Accused
9653,3838,507181,Main Accused
9654,3838,508942,Main Accused
9655,3839,516488,Co-Accused
9656,3839,504082,Main Accused
9657,3840,522441,Co-Accused
9658,3840,513190,Main Accused
9659,3841,501686,Co-Accused
9660,3842,523746,Main Accused
9661,3842,506757,Main Accused
9662,3842,510645,Co-Accused
9663,3843,507545,Co-Accused
9664,3843,521763,Co-Accused
9665,3844,503133,Main Accused
9666,3845,501919,Co-Accused
9667,3845,524350,Co-Accused
9668,3845,517551,Co-Accused
9669,3846,517383,Co-Accused
9670,3846,515784,Main Accused
9671,3847,516944,Main Accused
9672,3847,513553,Main Accused
9673,3847,521748,Main Accused
9674,3847,523613,Co-Accused
9675,3848,507306,Main Accused
9676,3848,504262,Main Accused
9677,3848,503069,Co-Accused
9678,3848,522110,Co-Accused
9679,3849,515129,Main Accused
9680,3850,501267,Co-Accused
9681,3851,518590,Co-Accused
9682,3851,508510,Main Accused
9683,3851,505494,Co-Accused
9684,3851,515150,Co-Accused
9685,3852,523190,Main Accused
9686,3852,508218,Main Accused
9687,3852,519359,Co-Accused
9688,3853,524681,Main Accused
9689,3853,508253,Main Accused
9690,3854,517257,Co-Accused
9691,3854,506217,Main Accused
9692,3855,503062,Co-Accused
9693,3855,508188,Co-Accused
9694,3855,523453,Main Accused
9695,3856,511723,Main Accused
9696,3856,513357,Main Accused
9697,3856,510311,Main Accused
9698,3856,511040,Co-Accused
9699,3857,505448,Co-Accused
9700,3857,511575,Main Accused
9701,3857,509640,Main Accused
9702,3857,523147,Co-Accused
9703,3858,524117,Main Accused
9704,3858,522290,Main Accused
9705,3858,507957,Co-Accused
9706,3859,502964,Co-Accused
9707,3859,508106,Main Accused
9708,3859,506454,Main Accused
9709,3859,501410,Co-Accused
9710,3860,523209,Co-Accused
9711,3860,519004,Main Accused
9712,3861,518748,Co-Accused
9713,3861,513482,Main Accused
9714,3862,507314,Co-Accused
9715,3862,513439,Co-Accused
9716,3862,516005,Main Accused
9717,3862,508311,Co-Accused
9718,3863,505202,Co-Accused
9719,3863,507665,Co-Accused
9720,3863,501947,Main Accused
9721,3863,502746,Co-Accused
9722,3864,513857,Co-Accused
9723,3864,511749,Co-Accused
9724,3865,504427,Co-Accused
9725,3865,500964,Main Accused
9726,3865,509667,Co-Accused
9727,3866,508676,Co-Accused
9728,3867,516630,Co-Accused
9729,3867,524619,Co-Accused
9730,3868,509887,Co-Accused
9731,3868,506352,Co-Accused
9732,3868,506406,Co-Accused
9733,3869,518843,Main Accused
9734,3869,524322,Main Accused
9735,3869,523520,Main Accused
9736,3870,514398,Co-Accused
9737,3870,513506,Main Accused
9738,3870,500887,Co-Accused
9739,3870,513138,Co-Accused
9740,3871,516411,Main Accused
9741,3872,522522,Main Accused
9742,3872,520303,Co-Accused
9743,3873,519754,Co-Accused
9744,3873,518307,Main Accused
9745,3873,502169,Co-Accused
9746,3874,503588,Co-Accused
9747,3874,524620,Co-Accused
9748,3874,507974,Main Accused
9749,3875,520344,Co-Accused
9750,3875,504292,Co-Accused
9751,3875,521540,Main Accused
9752,3876,500524,Co-Accused
9753,3877,514449,Co-Accused
9754,3877,505645,Main Accused
9755,3878,502020,Co-Accused
9756,3878,517257,Main Accused
9757,3879,516757,Main Accused
9758,3879,503590,Main Accused
9759,3880,509232,Main Accused
9760,3880,522503,Co-Accused
9761,3880,522292,Co-Accused
9762,3880,510808,Main Accused
9763,3881,503518,Main Accused
9764,3881,524198,Main Accused
9765,3881,502559,Co-Accused
9766,3881,501923,Co-Accused
9767,3882,515776,Main Accused
9768,3883,506380,Main Accused
9769,3883,504905,Main Accused
9770,3884,514924,Main Accused
9771,3884,515729,Co-Accused
9772,3884,516128,Co-Accused
9773,3885,507173,Main Accused
9774,3885,510871,Co-Accused
9775,3885,500984,Co-Accused
9776,3886,522057,Co-Accused
9777,3887,516279,Co-Accused
9778,3887,512736,Main Accused
9779,3887,504822,Co-Accused
9780,3887,507016,Main Accused
9781,3888,501923,Main Accused
9782,3889,508616,Main Accused
9783,3889,510300,Co-Accused
9784,3889,509044,Main Accused
9785,3890,520592,Main Accused
9786,3890,509614,Main Accused
9787,3890,509809,Co-Accused
9788,3891,519491,Co-Accused
9789,3891,504041,Co-Accused
9790,3891,502598,Co-Accused
9791,3892,506958,Main Accused
9792,3893,510823,Main Accused
9793,3894,522225,Main Accused
9794,3894,513582,Co-Accused
9795,3894,504299,Co-Accused
9796,3895,501131,Main Accused
9797,3895,513855,Main Accused
9798,3895,502732,Co-Accused
9799,3896,516526,Main Accused
9800,3897,510145,Main Accused
9801,3897,521799,Main Accused
9802,3897,505153,Co-Accused
9803,3897,518891,Co-Accused
9804,3898,520034,Co-Accused
9805,3898,501615,Co-Accused
9806,3898,517929,Co-Accused
9807,3899,514717,Co-Accused
9808,3899,510139,Main Accused
9809,3899,516184,Co-Accused
9810,3899,509788,Co-Accused
9811,3900,510791,Main Accused
9812,3901,506955,Main Accused
9813,3901,505853,Co-Accused
9814,3901,523241,Main Accused
9815,3901,519479,Co-Accused
9816,3902,504428,Main Accused
9817,3902,504805,Main Accused
9818,3903,503527,Co-Accused
9819,3903,515225,Main Accused
9820,3903,524034,Main Accused
9821,3903,507966,Main Accused
9822,3904,518586,Co-Accused
9823,3905,511812,Main Accused
9824,3906,523624,Co-Accused
9825,3907,515155,Co-Accused
9826,3908,513342,Main Accused
9827,3908,515428,Co-Accused
9828,3909,514673,Main Accused
9829,3909,504272,Main Accused
9830,3909,514140,Main Accused
9831,3910,507438,Co-Accused
9832,3910,511368,Main Accused
9833,3910,513788,Co-Accused
9834,3911,511235,Main Accused
9835,3911,516445,Co-Accused
9836,3911,517143,Main Accused
9837,3911,520250,Co-Accused
9838,3912,515145,Main Accused
9839,3912,505906,Main Accused
9840,3913,513043,Main Accused
9841,3914,512529,Co-Accused
9842,3914,519645,Main Accused
9843,3915,514200,Main Accused
9844,3915,502063,Main Accused
9845,3916,517775,Co-Accused
9846,3917,500696,Main Accused
9847,3917,504974,Main Accused
9848,3918,518435,Main Accused
9849,3918,505073,Main Accused
9850,3918,517198,Co-Accused
9851,3919,523982,Main Accused
9852,3920,521249,Main Accused
9853,3920,503691,Main Accused
9854,3920,500150,Co-Accused
9855,3921,508409,Co-Accused
9856,3921,519545,Main Accused
9857,3922,521330,Co-Accused
9858,3922,507189,Co-Accused
9859,3923,507168,Co-Accused
9860,3923,521856,Co-Accused
9861,3923,510684,Main Accused
9862,3923,517536,Main Accused
9863,3924,512329,Main Accused
9864,3924,515652,Main Accused
9865,3925,511355,Co-Accused
9866,3925,511254,Co-Accused
9867,3925,508802,Co-Accused
9868,3925,517028,Co-Accused
9869,3926,509122,Co-Accused
9870,3926,509087,Main Accused
9871,3926,518757,Co-Accused
9872,3927,502836,Co-Accused
9873,3927,523279,Co-Accused
9874,3927,511308,Co-Accused
9875,3928,515896,Main Accused
9876,3928,519924,Main Accused
9877,3928,514632,Co-Accused
9878,3928,508489,Co-Accused
9879,3929,514543,Main Accused
9880,3929,509444,Main Accused
9881,3929,503583,Co-Accused
9882,3929,520722,Main Accused
9883,3930,514977,Co-Accused
9884,3930,503931,Main Accused
9885,3930,512921,Main Accused
9886,3930,511312,Co-Accused
9887,3931,519899,Co-Accused
9888,3932,515261,Main Accused
9889,3932,514176,Co-Accused
9890,3932,524199,Main Accused
9891,3932,510188,Main Accused
9892,3933,501410,Co-Accused
9893,3933,523133,Co-Accused
9894,3933,511869,Co-Accused
9895,3933,513597,Main Accused
9896,3934,520768,Main Accused
9897,3934,520492,Co-Accused
9898,3935,506213,Main Accused
9899,3935,510856,Main Accused
9900,3935,509878,Co-Accused
9901,3936,519533,Co-Accused
9902,3936,514817,Co-Accused
9903,3936,504232,Co-Accused
9904,3936,520312,Co-Accused
9905,3937,516775,Co-Accused
9906,3937,515231,Main Accused
9907,3937,505539,Main Accused
9908,3938,504716,Main Accused
9909,3938,521093,Co-Accused
9910,3938,511773,Main Accused
9911,3939,506576,Co-Accused
9912,3940,506518,Main Accused
9913,3940,502379,Main Accused
9914,3940,522917,Main Accused
9915,3940,524180,Main Accused
9916,3941,510634,Main Accused
9917,3941,523125,Main Accused
9918,3941,518672,Co-Accused
9919,3942,513115,Co-Accused
9920,3942,522683,Co-Accused
9921,3943,508802,Main Accused
9922,3944,509497,Co-Accused
9923,3944,505452,Main Accused
9924,3944,513305,Co-Accused
9925,3944,520767,Co-Accused
9926,3945,513245,Main Accused
9927,3945,509722,Co-Accused
9928,3945,505744,Co-Accused
9929,3945,524563,Co-Accused
9930,3946,505605,Main Accused
9931,3947,507805,Co-Accused
9932,3947,503977,Co-Accused
9933,3947,512631,Co-Accused
9934,3947,521903,Co-Accused
9935,3948,524033,Co-Accused
9936,3949,514523,Main Accused
9937,3949,521714,Main Accused
9938,3949,506814,Main Accused
9939,3950,513197,Co-Accused
9940,3951,505024,Co-Accused
9941,3952,501059,Co-Accused
9942,3952,524528,Co-Accused
9943,3952,509003,Main Accused
9944,3953,512004,Main Accused
9945,3953,519386,Main Accused
9946,3953,517958,Main Accused
9947,3954,523614,Co-Accused
9948,3955,513571,Main Accused
9949,3955,504328,Main Accused
9950,3955,518613,Main Accused
9951,3956,517453,Main Accused
9952,3957,510933,Co-Accused
9953,3958,506664,Main Accused
9954,3958,511531,Main Accused
9955,3958,510845,Co-Accused
9956,3959,517331,Main Accused
9957,3959,508076,Main Accused
9958,3959,518896,Main Accused
9959,3960,517856,Co-Accused
9960,3960,506847,Co-Accused
9961,3960,518679,Co-Accused
9962,3960,512835,Co-Accused
9963,3961,516343,Main Accused
9964,3961,506569,Co-Accused
9965,3962,501031,Main Accused
9966,3962,522711,Main Accused
9967,3963,506435,Co-Accused
9968,3964,509468,Main Accused
9969,3964,510954,Co-Accused
9970,3964,507597,Main Accused
9971,3965,501830,Co-Accused
9972,3965,518725,Co-Accused
9973,3965,514689,Co-Accused
9974,3965,519463,Co-Accused
9975,3966,523511,Co-Accused
9976,3966,523941,Main Accused
9977,3966,505960,Main Accused
9978,3966,515516,Main Accused
9979,3967,514297,Co-Accused
9980,3967,503786,Co-Accused
9981,3967,510652,Co-Accused
9982,3968,511049,Main Accused
9983,3968,507591,Co-Accused
9984,3968,506047,Main Accused
9985,3968,524029,Main Accused
9986,3969,507992,Co-Accused
9987,3969,517870,Co-Accused
9988,3969,515516,Main Accused
9989,3969,507196,Main Accused
9990,3970,517615,Main Accused
9991,3970,524552,Co-Accused
9992,3971,505227,Co-Accused
9993,3971,507817,Main Accused
9994,3972,500551,Main Accused
9995,3972,522767,Main Accused
9996,3973,517879,Main Accused
9997,3973,510498,Co-Accused
9998,3973,507236,Co-Accused
9999,3973,522966,Co-Accused
10000,3974,523127,Co-Accused
10001,3974,512867,Co-Accused
10002,3974,501289,Co-Accused
10003,3974,511294,Main Accused
10004,3975,512600,Main Accused
10005,3975,509731,Main Accused
10006,3976,517217,Main Accused
10007,3976,500374,Co-Accused
10008,3976,505229,Main Accused
10009,3976,510684,Main Accused
10010,3977,523435,Co-Accused
10011,3977,502797,Co-Accused
10012,3978,518177,Co-Accused
10013,3978,500763,Main Accused
10014,3979,500313,Main Accused
10015,3979,508271,Co-Accused
10016,3980,507920,Main Accused
10017,3980,516839,Co-Accused
10018,3980,514368,Main Accused
10019,3980,524286,Main Accused
10020,3981,517933,Main Accused
10021,3981,510337,Main Accused
10022,3982,520717,Co-Accused
10023,3983,509752,Main Accused
10024,3983,506246,Co-Accused
10025,3983,514307,Co-Accused
10026,3983,511207,Co-Accused
10027,3984,518693,Main Accused
10028,3984,524242,Main Accused
10029,3984,511045,Co-Accused
10030,3984,513664,Co-Accused
10031,3985,512967,Main Accused
10032,3985,522637,Main Accused
10033,3985,503312,Main Accused
10034,3985,511624,Main Accused
10035,3986,515039,Co-Accused
10036,3986,513494,Co-Accused
10037,3987,515510,Main Accused
10038,3987,521824,Co-Accused
10039,3987,509582,Co-Accused
10040,3987,511359,Main Accused
10041,3988,505698,Main Accused
10042,3988,504479,Co-Accused
10043,3988,507665,Main Accused
10044,3988,511425,Co-Accused
10045,3989,517739,Co-Accused
10046,3989,510424,Main Accused
10047,3990,515408,Co-Accused
10048,3990,511958,Main Accused
10049,3990,506358,Main Accused
10050,3990,516522,Main Accused
10051,3991,516184,Main Accused
10052,3991,514579,Main Accused
10053,3992,523105,Co-Accused
10054,3992,502882,Main Accused
10055,3992,518824,Main Accused
10056,3993,515157,Main Accused
10057,3993,503453,Co-Accused
10058,3994,505448,Main Accused
10059,3994,523430,Co-Accused
10060,3994,502107,Main Accused
10061,3995,517794,Main Accused
10062,3996,519350,Main Accused
10063,3997,512581,Co-Accused
10064,3998,504515,Main Accused
10065,3999,508837,Main Accused
10066,4000,502154,Co-Accused
10067,4000,524614,Main Accused
10068,4000,502334,Main Accused
10069,4000,504343,Main Accused
10070,4001,520691,Main Accused
10071,4002,514694,Co-Accused
10072,4003,502481,Main Accused
10073,4003,501904,Co-Accused
10074,4004,518271,Co-Accused
10075,4005,508232,Co-Accused
10076,4005,520117,Co-Accused
10077,4005,506002,Main Accused
10078,4006,524644,Co-Accused
10079,4007,522447,Co-Accused
10080,4007,511421,Co-Accused
10081,4007,508430,Co-Accused
10082,4008,522658,Co-Accused
10083,4008,519597,Main Accused
10084,4008,512576,Main Accused
10085,4008,500961,Main Accused
10086,4009,503603,Main Accused
10087,4010,507841,Main Accused
10088,4011,507415,Main Accused
10089,4011,515631,Main Accused
10090,4011,523516,Co-Accused
10091,4011,514321,Main Accused
10092,4012,506117,Main Accused
10093,4013,506764,Main Accused
10094,4013,501791,Main Accused
10095,4014,518700,Co-Accused
10096,4014,502728,Co-Accused
10097,4014,503751,Co-Accused
10098,4014,518024,Co-Accused
10099,4015,522524,Co-Accused
10100,4015,501788,Main Accused
10101,4015,520205,Co-Accused
10102,4015,514161,Co-Accused
10103,4016,506708,Co-Accused
10104,4017,511848,Co-Accused
10105,4017,518715,Co-Accused
10106,4017,519540,Main Accused
10107,4018,502933,Co-Accused
10108,4018,507868,Main Accused
10109,4019,516932,Main Accused
10110,4019,500521,Co-Accused
10111,4019,520862,Main Accused
10112,4019,520841,Main Accused
10113,4020,521652,Main Accused
10114,4020,500786,Co-Accused
10115,4021,501045,Co-Accused
10116,4021,516672,Main Accused
10117,4021,516619,Co-Accused
10118,4022,517952,Co-Accused
10119,4022,509282,Co-Accused
10120,4022,510503,Main Accused
10121,4022,523089,Main Accused
10122,4023,524868,Co-Accused
10123,4024,515946,Co-Accused
10124,4024,518744,Co-Accused
10125,4024,507176,Main Accused
10126,4025,521670,Co-Accused
10127,4025,523314,Co-Accused
10128,4025,509290,Main Accused
10129,4025,505146,Co-Accused
10130,4026,512580,Main Accused
10131,4027,500070,Main Accused
10132,4027,520417,Main Accused
10133,4027,512258,Co-Accused
10134,4028,511192,Main Accused
10135,4028,502750,Co-Accused
10136,4029,513001,Co-Accused
10137,4029,503632,Co-Accused
10138,4030,512055,Co-Accused
10139,4031,511405,Co-Accused
10140,4032,500522,Co-Accused
10141,4032,508863,Main Accused
10142,4032,517671,Co-Accused
10143,4032,505863,Main Accused
10144,4033,513117,Co-Accused
10145,4034,501711,Co-Accused
10146,4034,510035,Main Accused
10147,4034,506428,Co-Accused
10148,4035,513929,Co-Accused
10149,4035,509996,Co-Accused
10150,4035,515283,Co-Accused
10151,4035,513975,Co-Accused
10152,4036,506074,Main Accused
10153,4036,508337,Co-Accused
10154,4036,506123,Main Accused
10155,4036,521454,Co-Accused
10156,4037,507003,Co-Accused
10157,4037,501471,Co-Accused
10158,4037,500326,Co-Accused
10159,4038,506724,Main Accused
10160,4038,523942,Main Accused
10161,4039,519790,Main Accused
10162,4039,512258,Co-Accused
10163,4040,513731,Co-Accused
10164,4040,519048,Main Accused
10165,4040,519122,Main Accused
10166,4040,500120,Co-Accused
10167,4041,505768,Co-Accused
10168,4041,523581,Main Accused
10169,4041,513838,Main Accused
10170,4042,502285,Main Accused
10171,4043,508518,Co-Accused
10172,4043,516208,Main Accused
10173,4044,519915,Main Accused
10174,4045,523580,Main Accused
10175,4045,516810,Co-Accused
10176,4045,520454,Co-Accused
10177,4045,513568,Main Accused
10178,4046,500789,Co-Accused
10179,4047,514769,Co-Accused
10180,4047,505155,Main Accused
10181,4047,508779,Main Accused
10182,4047,518106,Co-Accused
10183,4048,510878,Main Accused
10184,4048,521925,Co-Accused
10185,4048,515175,Co-Accused
10186,4048,508501,Main Accused
10187,4049,509863,Co-Accused
10188,4050,516576,Co-Accused
10189,4050,502492,Main Accused
10190,4050,508524,Co-Accused
10191,4051,506209,Co-Accused
10192,4052,514184,Main Accused
10193,4052,512701,Co-Accused
10194,4053,510604,Main Accused
10195,4053,521269,Co-Accused
10196,4053,513902,Main Accused
10197,4054,508322,Main Accused
10198,4054,512992,Main Accused
10199,4055,518849,Main Accused
10200,4056,510076,Main Accused
10201,4056,515494,Main Accused
10202,4057,500023,Co-Accused
10203,4057,510947,Co-Accused
10204,4057,515176,Co-Accused
10205,4058,515441,Co-Accused
10206,4058,508097,Co-Accused
10207,4059,508936,Co-Accused
10208,4060,502901,Co-Accused
10209,4061,510163,Co-Accused
10210,4061,515727,Co-Accused
10211,4062,504502,Co-Accused
10212,4062,515867,Co-Accused
10213,4062,503813,Main Accused
10214,4062,519449,Main Accused
10215,4063,516841,Co-Accused
10216,4063,520452,Main Accused
10217,4063,505033,Main Accused
10218,4063,505792,Main Accused
10219,4064,512684,Co-Accused
10220,4064,514974,Co-Accused
10221,4064,515902,Co-Accused
10222,4064,516217,Main Accused
10223,4065,506448,Co-Accused
10224,4066,511024,Main Accused
10225,4066,512144,Main Accused
10226,4066,516322,Main Accused
10227,4066,510247,Co-Accused
10228,4067,508047,Main Accused
10229,4067,500992,Co-Accused
10230,4067,506940,Co-Accused
10231,4067,521064,Main Accused
10232,4068,524562,Main Accused
10233,4068,506373,Co-Accused
10234,4068,500006,Co-Accused
10235,4069,509380,Main Accused
10236,4069,518356,Co-Accused
10237,4069,515453,Co-Accused
10238,4069,513523,Co-Accused
10239,4070,522872,Co-Accused
10240,4071,510504,Main Accused
10241,4071,512530,Co-Accused
10242,4072,517816,Main Accused
10243,4072,512199,Co-Accused
10244,4072,517686,Co-Accused
10245,4072,513551,Co-Accused
10246,4073,502040,Co-Accused
10247,4073,516558,Main Accused
10248,4073,507481,Main Accused
10249,4073,503132,Main Accused
10250,4074,510902,Co-Accused
10251,4074,512867,Main Accused
10252,4074,504954,Main Accused
10253,4074,509553,Main Accused
10254,4075,520446,Co-Accused
10255,4076,503785,Main Accused
10256,4076,513637,Main Accused
10257,4077,516161,Main Accused
10258,4077,509591,Main Accused
10259,4077,522809,Co-Accused
10260,4078,510567,Main Accused
10261,4078,521789,Main Accused
10262,4079,516975,Main Accused
10263,4079,515914,Co-Accused
10264,4079,524200,Main Accused
10265,4080,517026,Main Accused
10266,4080,504422,Main Accused
10267,4081,522213,Main Accused
10268,4081,519732,Co-Accused
10269,4082,512774,Co-Accused
10270,4083,524253,Main Accused
10271,4083,516928,Main Accused
10272,4083,522417,Main Accused
10273,4083,521996,Main Accused
10274,4084,512140,Main Accused
10275,4085,513131,Main Accused
10276,4085,513951,Co-Accused
10277,4085,512403,Main Accused
10278,4086,520619,Co-Accused
10279,4087,510659,Main Accused
10280,4087,523630,Main Accused
10281,4087,507121,Main Accused
10282,4087,507206,Co-Accused
10283,4088,510965,Main Accused
10284,4089,507298,Main Accused
10285,4090,512550,Main Accused
10286,4090,507647,Co-Accused
10287,4090,501381,Main Accused
10288,4090,500286,Main Accused
10289,4091,507787,Main Accused
10290,4091,520498,Co-Accused
10291,4091,521692,Co-Accused
10292,4092,505893,Co-Accused
10293,4092,504002,Main Accused
10294,4093,521946,Co-Accused
10295,4093,521499,Co-Accused
10296,4094,502178,Co-Accused
10297,4094,514548,Co-Accused
10298,4094,507529,Main Accused
10299,4094,511940,Main Accused
10300,4095,518497,Co-Accused
10301,4095,517173,Main Accused
10302,4095,520187,Main Accused
10303,4096,511718,Main Accused
10304,4096,511889,Main Accused
10305,4097,508832,Co-Accused
10306,4097,503106,Co-Accused
10307,4097,503530,Co-Accused
10308,4098,509694,Co-Accused
10309,4098,521557,Co-Accused
10310,4098,521356,Main Accused
10311,4099,520652,Main Accused
10312,4100,513784,Main Accused
10313,4100,502880,Main Accused
10314,4100,502280,Main Accused
10315,4100,519187,Co-Accused
10316,4101,516811,Co-Accused
10317,4102,506908,Main Accused
10318,4102,515837,Co-Accused
10319,4102,511390,Main Accused
10320,4103,508758,Co-Accused
10321,4103,516978,Co-Accused
10322,4103,501461,Main Accused
10323,4103,515855,Co-Accused
10324,4104,510812,Co-Accused
10325,4105,523175,Main Accused
10326,4105,507583,Co-Accused
10327,4105,522967,Main Accused
10328,4105,518806,Main Accused
10329,4106,513217,Main Accused
10330,4106,511897,Co-Accused
10331,4106,516205,Co-Accused
10332,4107,516776,Main Accused
10333,4107,509470,Main Accused
10334,4107,508051,Main Accused
10335,4107,518904,Co-Accused
10336,4108,516130,Main Accused
10337,4108,507787,Main Accused
10338,4109,505314,Co-Accused
10339,4109,507857,Co-Accused
10340,4109,523280,Main Accused
10341,4109,500229,Co-Accused
10342,4110,501843,Co-Accused
10343,4111,524325,Main Accused
10344,4111,508548,Co-Accused
10345,4111,517520,Main Accused
10346,4112,514598,Main Accused
10347,4112,510460,Main Accused
10348,4112,515470,Co-Accused
10349,4112,500654,Main Accused
10350,4113,520872,Main Accused
10351,4114,524541,Co-Accused
10352,4114,514328,Main Accused
10353,4114,518525,Co-Accused
10354,4115,508033,Main Accused
10355,4115,509249,Co-Accused
10356,4116,511067,Co-Accused
10357,4116,503875,Main Accused
10358,4116,503153,Co-Accused
10359,4116,517471,Main Accused
10360,4117,517917,Co-Accused
10361,4117,520938,Co-Accused
10362,4117,509194,Main Accused
10363,4117,501611,Co-Accused
10364,4118,520516,Main Accused
10365,4119,513148,Main Accused
10366,4119,505010,Main Accused
10367,4119,507183,Main Accused
10368,4120,513478,Main Accused
10369,4120,504790,Main Accused
10370,4121,517718,Main Accused
10371,4121,517971,Co-Accused
10372,4121,508859,Co-Accused
10373,4121,501587,Co-Accused
10374,4122,503325,Co-Accused
10375,4122,521098,Main Accused
10376,4122,520309,Main Accused
10377,4123,515730,Co-Accused
10378,4124,518205,Co-Accused
10379,4124,524954,Co-Accused
10380,4125,506210,Co-Accused
10381,4125,511526,Co-Accused
10382,4126,510909,Co-Accused
10383,4126,515909,Co-Accused
10384,4126,505297,Co-Accused
10385,4126,520941,Main Accused
10386,4127,508915,Co-Accused
10387,4127,515590,Main Accused
10388,4127,514601,Co-Accused
10389,4127,507950,Co-Accused
10390,4128,501804,Co-Accused
10391,4128,515253,Main Accused
10392,4128,502877,Main Accused
10393,4128,518027,Co-Accused
10394,4129,504706,Main Accused
10395,4129,504314,Co-Accused
10396,4129,505772,Main Accused
10397,4129,520286,Main Accused
10398,4130,514358,Co-Accused
10399,4130,518706,Co-Accused
10400,4131,520038,Co-Accused
10401,4132,505764,Co-Accused
10402,4132,523322,Main Accused
10403,4133,523933,Co-Accused
10404,4134,504811,Co-Accused
10405,4134,522127,Co-Accused
10406,4134,503778,Main Accused
10407,4135,525000,Co-Accused
10408,4135,518374,Main Accused
10409,4135,518803,Main Accused
10410,4136,513717,Co-Accused
10411,4137,509072,Main Accused
10412,4137,502427,Co-Accused
10413,4137,520119,Main Accused
10414,4137,508431,Co-Accused
10415,4138,507030,Main Accused
10416,4139,509623,Co-Accused
10417,4139,524764,Main Accused
10418,4140,515573,Co-Accused
10419,4140,505518,Co-Accused
10420,4141,512873,Main Accused
10421,4141,512416,Co-Accused
10422,4141,515761,Co-Accused
10423,4142,508442,Co-Accused
10424,4143,518193,Co-Accused
10425,4144,515262,Co-Accused
10426,4145,523789,Co-Accused
10427,4145,518531,Main Accused
10428,4145,512898,Main Accused
10429,4146,502443,Co-Accused
10430,4147,511286,Co-Accused
10431,4147,511756,Co-Accused
10432,4148,516682,Co-Accused
10433,4148,522295,Co-Accused
10434,4148,506538,Co-Accused
10435,4149,507373,Co-Accused
10436,4149,519027,Main Accused
10437,4149,522877,Main Accused
10438,4149,509130,Main Accused
10439,4150,521562,Main Accused
10440,4151,507944,Main Accused
10441,4151,500136,Co-Accused
10442,4151,504028,Main Accused
10443,4151,505661,Co-Accused
10444,4152,502131,Co-Accused
10445,4153,506376,Co-Accused
10446,4154,510113,Co-Accused
10447,4155,509976,Co-Accused
10448,4155,510127,Main Accused
10449,4155,502049,Co-Accused
10450,4156,510399,Co-Accused
10451,4156,509244,Co-Accused
10452,4157,500397,Co-Accused
10453,4158,502402,Main Accused
10454,4158,510750,Main Accused
10455,4158,506966,Main Accused
10456,4159,506741,Main Accused
10457,4159,501000,Main Accused
10458,4159,517283,Main Accused
10459,4160,522232,Co-Accused
10460,4160,511527,Main Accused
10461,4160,509072,Main Accused
10462,4161,515129,Co-Accused
10463,4161,501376,Co-Accused
10464,4162,517155,Main Accused
10465,4163,505493,Main Accused
10466,4164,501764,Main Accused
10467,4164,512306,Main Accused
10468,4164,523402,Co-Accused
10469,4165,516803,Co-Accused
10470,4165,515090,Main Accused
10471,4165,510640,Co-Accused
10472,4166,515254,Main Accused
10473,4166,502987,Main Accused
10474,4167,513332,Co-Accused
10475,4168,504831,Co-Accused
10476,4168,522076,Main Accused
10477,4169,506840,Co-Accused
10478,4169,511929,Main Accused
10479,4169,512186,Co-Accused
10480,4170,514048,Co-Accused
10481,4171,510710,Co-Accused
10482,4171,514020,Co-Accused
10483,4171,524408,Main Accused
10484,4171,514791,Co-Accused
10485,4172,517994,Co-Accused
10486,4172,501949,Co-Accused
10487,4173,513246,Main Accused
10488,4173,518038,Main Accused
10489,4174,501860,Co-Accused
10490,4174,507866,Main Accused
10491,4175,503089,Main Accused
10492,4175,500880,Co-Accused
10493,4175,513690,Co-Accused
10494,4176,524614,Co-Accused
10495,4176,520387,Main Accused
10496,4176,517772,Co-Accused
10497,4176,514009,Main Accused
10498,4177,521935,Co-Accused
10499,4177,516606,Main Accused
10500,4177,508379,Main Accused
10501,4178,508600,Co-Accused
10502,4178,506131,Co-Accused
10503,4178,501785,Main Accused
10504,4178,521878,Co-Accused
10505,4179,516724,Co-Accused
10506,4179,502968,Co-Accused
10507,4179,507622,Co-Accused
10508,4180,502816,Co-Accused
10509,4180,518907,Co-Accused
10510,4180,506307,Co-Accused
10511,4180,516012,Co-Accused
10512,4181,500009,Co-Accused
10513,4181,503694,Main Accused
10514,4181,514253,Main Accused
10515,4182,504764,Co-Accused
10516,4182,522328,Co-Accused
10517,4182,520885,Main Accused
10518,4183,517753,Main Accused
10519,4183,503974,Co-Accused
10520,4183,502940,Main Accused
10521,4183,519120,Co-Accused
10522,4184,501441,Co-Accused
10523,4185,521094,Main Accused
10524,4185,507100,Co-Accused
10525,4185,524197,Main Accused
10526,4185,505332,Co-Accused
10527,4186,512879,Co-Accused
10528,4186,523359,Co-Accused
10529,4187,518589,Main Accused
10530,4187,522191,Co-Accused
10531,4188,517899,Main Accused
10532,4188,522252,Main Accused
10533,4189,521698,Main Accused
10534,4189,524538,Co-Accused
10535,4189,509450,Main Accused
10536,4189,500516,Main Accused
10537,4190,513711,Co-Accused
10538,4191,520938,Main Accused
10539,4191,512318,Co-Accused
10540,4191,502170,Main Accused
10541,4192,524882,Co-Accused
10542,4192,509757,Co-Accused
10543,4193,506256,Co-Accused
10544,4193,523172,Main Accused
10545,4193,515600,Co-Accused
10546,4193,513568,Main Accused
10547,4194,517834,Co-Accused
10548,4194,506850,Co-Accused
10549,4194,521421,Main Accused
10550,4194,520705,Main Accused
10551,4195,517506,Co-Accused
10552,4195,519465,Co-Accused
10553,4195,515057,Co-Accused
10554,4195,511981,Main Accused
10555,4196,507061,Co-Accused
10556,4196,515375,Main Accused
10557,4196,524958,Co-Accused
10558,4196,507020,Main Accused
10559,4197,514525,Co-Accused
10560,4197,516463,Main Accused
10561,4197,503791,Main Accused
10562,4198,517900,Main Accused
10563,4198,518184,Main Accused
10564,4198,515258,Main Accused
10565,4198,500782,Main Accused
10566,4199,504190,Main Accused
10567,4199,509609,Co-Accused
10568,4199,523208,Co-Accused
10569,4200,512839,Co-Accused
10570,4201,514010,Main Accused
10571,4201,516707,Main Accused
10572,4201,502030,Co-Accused
10573,4202,521877,Co-Accused
10574,4202,504577,Main Accused
10575,4202,516017,Main Accused
10576,4203,515490,Co-Accused
10577,4203,524502,Co-Accused
10578,4203,500059,Main Accused
10579,4203,501212,Main Accused
10580,4204,506280,Main Accused
10581,4204,518317,Co-Accused
10582,4204,500829,Main Accused
10583,4204,515896,Main Accused
10584,4205,506164,Main Accused
10585,4205,518756,Co-Accused
10586,4205,512346,Main Accused
10587,4205,510062,Co-Accused
10588,4206,511267,Main Accused
10589,4206,509111,Main Accused
10590,4206,521688,Co-Accused
10591,4206,508684,Main Accused
10592,4207,513161,Co-Accused
10593,4207,515949,Co-Accused
10594,4208,508922,Main Accused
10595,4208,503155,Main Accused
10596,4208,500788,Co-Accused
10597,4208,520181,Main Accused
10598,4209,507724,Co-Accused
10599,4209,513913,Co-Accused
10600,4210,502922,Co-Accused
10601,4210,524385,Main Accused
10602,4211,510917,Main Accused
10603,4212,511777,Co-Accused
10604,4213,523007,Co-Accused
10605,4213,524158,Co-Accused
10606,4214,502439,Co-Accused
10607,4215,523861,Main Accused
10608,4216,523268,Co-Accused
10609,4216,505440,Co-Accused
10610,4217,513850,Co-Accused
10611,4217,509159,Main Accused
10612,4218,519398,Co-Accused
10613,4218,505299,Main Accused
10614,4218,513832,Main Accused
10615,4219,516609,Co-Accused
10616,4219,510161,Co-Accused
10617,4219,509891,Co-Accused
10618,4220,506595,Main Accused
10619,4220,500145,Main Accused
10620,4220,515999,Co-Accused
10621,4220,519249,Main Accused
10622,4221,508151,Main Accused
10623,4221,512896,Main Accused
10624,4222,503232,Main Accused
10625,4222,510059,Co-Accused
10626,4222,504640,Co-Accused
10627,4223,524433,Co-Accused
10628,4223,524083,Co-Accused
10629,4223,509145,Main Accused
10630,4224,523790,Main Accused
10631,4224,524679,Co-Accused
10632,4225,508273,Main Accused
10633,4225,520516,Co-Accused
10634,4226,522120,Main Accused
10635,4226,504078,Co-Accused
10636,4226,516670,Co-Accused
10637,4227,509421,Main Accused
10638,4227,506483,Co-Accused
10639,4227,512128,Co-Accused
10640,4228,517760,Main Accused
10641,4228,510501,Main Accused
10642,4229,504085,Co-Accused
10643,4229,517580,Co-Accused
10644,4230,509059,Main Accused
10645,4230,501696,Co-Accused
10646,4230,524789,Co-Accused
10647,4230,522528,Main Accused
10648,4231,512287,Co-Accused
10649,4231,511043,Co-Accused
10650,4231,506282,Main Accused
10651,4231,507645,Main Accused
10652,4232,517215,Main Accused
10653,4232,511096,Co-Accused
10654,4232,516403,Co-Accused
10655,4232,503936,Co-Accused
10656,4233,514627,Main Accused
10657,4233,504912,Co-Accused
10658,4233,501314,Main Accused
10659,4233,521002,Main Accused
10660,4234,519479,Co-Accused
10661,4234,501296,Main Accused
10662,4235,517256,Main Accused
10663,4235,515238,Co-Accused
10664,4235,516306,Main Accused
10665,4235,524038,Co-Accused
10666,4236,522768,Main Accused
10667,4236,506955,Main Accused
10668,4236,511744,Main Accused
10669,4237,509407,Co-Accused
10670,4237,505698,Main Accused
10671,4237,521088,Main Accused
10672,4238,516597,Co-Accused
10673,4238,517919,Co-Accused
10674,4238,504172,Main Accused
10675,4239,504800,Main Accused
10676,4239,504458,Co-Accused
10677,4239,520972,Main Accused
10678,4240,518328,Main Accused
10679,4240,501548,Co-Accused
10680,4241,524765,Main Accused
10681,4241,505630,Co-Accused
10682,4241,511791,Co-Accused
10683,4241,514370,Main Accused
10684,4242,512010,Main Accused
10685,4242,512095,Co-Accused
10686,4242,511261,Co-Accused
10687,4243,515222,Main Accused
10688,4243,514864,Main Accused
10689,4243,508315,Main Accused
10690,4243,517071,Main Accused
10691,4244,521866,Co-Accused
10692,4244,523621,Co-Accused
10693,4244,518313,Co-Accused
10694,4244,509347,Main Accused
10695,4245,519830,Co-Accused
10696,4245,515934,Co-Accused
10697,4245,501500,Co-Accused
10698,4245,512485,Co-Accused
10699,4246,508706,Co-Accused
10700,4246,519617,Main Accused
10701,4246,500289,Main Accused
10702,4247,523291,Main Accused
10703,4247,510462,Co-Accused
10704,4247,508229,Main Accused
10705,4247,523721,Co-Accused
10706,4248,505701,Co-Accused
10707,4248,505585,Co-Accused
10708,4248,516964,Main Accused
10709,4248,517373,Main Accused
10710,4249,503484,Co-Accused
10711,4249,506825,Co-Accused
10712,4249,512666,Main Accused
10713,4250,507180,Main Accused
10714,4250,509353,Co-Accused
10715,4251,507408,Main Accused
10716,4252,518656,Main Accused
10717,4252,508643,Main Accused
10718,4253,509037,Co-Accused
10719,4254,521589,Co-Accused
10720,4254,503574,Main Accused
10721,4255,524441,Co-Accused
10722,4255,521761,Co-Accused
10723,4255,518245,Co-Accused
10724,4255,516923,Co-Accused
10725,4256,514012,Co-Accused
10726,4257,501342,Main Accused
10727,4258,504491,Main Accused
10728,4259,510172,Main Accused
10729,4260,506348,Main Accused
10730,4260,505857,Main Accused
10731,4261,506440,Co-Accused
10732,4261,505865,Co-Accused
10733,4261,501239,Main Accused
10734,4261,515628,Main Accused
10735,4262,504130,Main Accused
10736,4262,518027,Main Accused
10737,4262,500043,Co-Accused
10738,4262,521161,Co-Accused
10739,4263,505594,Main Accused
10740,4263,515947,Co-Accused
10741,4263,510520,Co-Accused
10742,4263,507221,Main Accused
10743,4264,506482,Main Accused
10744,4265,508055,Main Accused
10745,4265,519772,Co-Accused
10746,4266,506079,Main Accused
10747,4266,519262,Main Accused
10748,4267,521220,Co-Accused
10749,4267,505970,Co-Accused
10750,4267,500648,Co-Accused
10751,4267,504547,Co-Accused
10752,4268,508430,Co-Accused
10753,4268,503765,Main Accused
10754,4268,503815,Co-Accused
10755,4269,524012,Co-Accused
10756,4270,504506,Co-Accused
10757,4270,512306,Main Accused
10758,4271,524062,Main Accused
10759,4272,517724,Main Accused
10760,4272,516818,Co-Accused
10761,4272,516629,Main Accused
10762,4273,503372,Main Accused
10763,4274,500236,Co-Accused
10764,4274,503310,Co-Accused
10765,4275,508164,Main Accused
10766,4276,514985,Co-Accused
10767,4276,520976,Co-Accused
10768,4276,517043,Main Accused
10769,4277,501124,Co-Accused
10770,4278,505439,Co-Accused
10771,4279,515290,Main Accused
10772,4279,508808,Main Accused
10773,4279,508826,Co-Accused
10774,4280,506464,Co-Accused
10775,4280,509983,Co-Accused
10776,4281,524655,Co-Accused
10777,4281,521097,Co-Accused
10778,4281,512389,Co-Accused
10779,4282,514341,Co-Accused
10780,4282,513288,Main Accused
10781,4282,507387,Main Accused
10782,4282,511930,Main Accused
10783,4283,502619,Co-Accused
10784,4283,519127,Main Accused
10785,4284,523873,Main Accused
10786,4285,508108,Co-Accused
10787,4285,516431,Co-Accused
10788,4285,513367,Main Accused
10789,4286,501692,Main Accused
10790,4286,519348,Main Accused
10791,4287,502568,Main Accused
10792,4287,520497,Co-Accused
10793,4288,507950,Main Accused
10794,4289,522106,Co-Accused
10795,4289,519462,Main Accused
10796,4289,504117,Co-Accused
10797,4289,515875,Main Accused
10798,4290,518980,Co-Accused
10799,4290,504922,Co-Accused
10800,4290,515944,Co-Accused
10801,4291,523320,Co-Accused
10802,4291,524792,Co-Accused
10803,4292,519826,Main Accused
10804,4292,524495,Main Accused
10805,4293,512824,Co-Accused
10806,4293,520096,Main Accused
10807,4293,514814,Co-Accused
10808,4293,516322,Main Accused
10809,4294,504908,Co-Accused
10810,4294,502328,Main Accused
10811,4294,510280,Co-Accused
10812,4295,507494,Co-Accused
10813,4295,518126,Main Accused
10814,4295,509952,Co-Accused
10815,4295,516489,Co-Accused
10816,4296,506126,Main Accused
10817,4296,517197,Main Accused
10818,4297,505770,Main Accused
10819,4297,523792,Main Accused
10820,4298,505596,Co-Accused
10821,4298,524368,Co-Accused
10822,4298,523865,Main Accused
10823,4298,512438,Main Accused
10824,4299,520664,Co-Accused
10825,4299,507242,Main Accused
10826,4300,505949,Co-Accused
10827,4301,520175,Co-Accused
10828,4301,515938,Co-Accused
10829,4301,521265,Main Accused
10830,4301,503066,Co-Accused
10831,4302,515772,Main Accused
10832,4302,501499,Main Accused
10833,4302,507008,Co-Accused
10834,4303,523923,Co-Accused
10835,4303,505609,Co-Accused
10836,4303,514736,Main Accused
10837,4303,517631,Co-Accused
10838,4304,518046,Main Accused
10839,4304,509834,Main Accused
10840,4304,502767,Co-Accused
10841,4305,523678,Co-Accused
10842,4305,500715,Main Accused
10843,4306,502772,Co-Accused
10844,4307,509618,Co-Accused
10845,4307,516718,Co-Accused
10846,4307,503549,Main Accused
10847,4308,506050,Co-Accused
10848,4308,520776,Co-Accused
10849,4308,504732,Co-Accused
10850,4308,516516,Co-Accused
10851,4309,514441,Co-Accused
10852,4309,513982,Co-Accused
10853,4310,504944,Main Accused
10854,4310,500449,Co-Accused
10855,4310,507300,Co-Accused
10856,4310,517460,Co-Accused
10857,4311,511023,Co-Accused
10858,4311,513275,Main Accused
10859,4311,506826,Main Accused
10860,4312,505089,Main Accused
10861,4312,511465,Main Accused
10862,4313,512158,Main Accused
10863,4314,505729,Co-Accused
10864,4314,523588,Co-Accused
10865,4314,513208,Main Accused
10866,4315,521786,Co-Accused
10867,4315,511652,Main Accused
10868,4315,500293,Main Accused
10869,4316,506474,Main Accused
10870,4316,518486,Main Accused
10871,4316,517061,Main Accused
10872,4317,511155,Co-Accused
10873,4317,518265,Main Accused
10874,4317,511837,Co-Accused
10875,4317,512176,Co-Accused
10876,4318,502131,Co-Accused
10877,4319,523909,Main Accused
10878,4320,508133,Co-Accused
10879,4320,503751,Main Accused
10880,4321,517623,Main Accused
10881,4321,522295,Main Accused
10882,4321,504549,Co-Accused
10883,4321,519726,Co-Accused
10884,4322,502123,Main Accused
10885,4322,517625,Main Accused
10886,4322,517389,Main Accused
10887,4322,519500,Co-Accused
10888,4323,517283,Main Accused
10889,4324,503416,Co-Accused
10890,4324,507169,Main Accused
10891,4325,517327,Co-Accused
10892,4325,501766,Co-Accused
10893,4325,504491,Co-Accused
10894,4325,510264,Co-Accused
10895,4326,523107,Co-Accused
10896,4326,504975,Main Accused
10897,4326,515842,Main Accused
10898,4326,518166,Main Accused
10899,4327,524019,Co-Accused
10900,4327,507347,Co-Accused
10901,4327,517877,Co-Accused
10902,4328,518237,Main Accused
10903,4328,520214,Co-Accused
10904,4329,501869,Co-Accused
10905,4329,504435,Main Accused
10906,4329,515018,Main Accused
10907,4330,510114,Main Accused
10908,4330,517864,Main Accused
10909,4330,501317,Co-Accused
10910,4331,519602,Co-Accused
10911,4331,520815,Main Accused
10912,4331,523872,Main Accused
10913,4331,515941,Co-Accused
10914,4332,502260,Main Accused
10915,4332,513041,Co-Accused
10916,4333,520885,Co-Accused
10917,4334,521206,Main Accused
10918,4334,512565,Co-Accused
10919,4334,524997,Co-Accused
10920,4335,501167,Co-Accused
10921,4335,522921,Co-Accused
10922,4336,517924,Co-Accused
10923,4336,519857,Co-Accused
10924,4337,518198,Co-Accused
10925,4337,508245,Co-Accused
10926,4338,510517,Main Accused
10927,4339,502359,Main Accused
10928,4339,518729,Co-Accused
10929,4340,504029,Main Accused
10930,4340,515293,Main Accused
10931,4340,502398,Main Accused
10932,4341,502970,Main Accused
10933,4341,503083,Main Accused
10934,4341,515949,Co-Accused
10935,4341,520274,Co-Accused
10936,4342,519867,Co-Accused
10937,4343,500545,Main Accused
10938,4343,510639,Main Accused
10939,4343,513004,Co-Accused
10940,4343,500159,Main Accused
10941,4344,513649,Co-Accused
10942,4344,516326,Co-Accused
10943,4345,523591,Co-Accused
10944,4346,511653,Main Accused
10945,4347,518018,Main Accused
10946,4347,513994,Main Accused
10947,4347,508906,Main Accused
10948,4347,521874,Co-Accused
10949,4348,521262,Main Accused
10950,4348,507803,Main Accused
10951,4349,522014,Co-Accused
10952,4350,505370,Main Accused
10953,4350,508851,Main Accused
10954,4351,502036,Main Accused
10955,4351,508615,Main Accused
10956,4351,513365,Main Accused
10957,4351,518716,Co-Accused
10958,4352,510367,Co-Accused
10959,4353,523403,Main Accused
10960,4354,509681,Main Accused
10961,4354,518950,Main Accused
10962,4354,502307,Co-Accused
10963,4355,513294,Co-Accused
10964,4355,522693,Co-Accused
10965,4356,509625,Co-Accused
10966,4357,510488,Co-Accused
10967,4357,514223,Co-Accused
10968,4358,519677,Main Accused
10969,4358,501941,Main Accused
10970,4358,500239,Co-Accused
10971,4359,507402,Co-Accused
10972,4359,508574,Main Accused
10973,4359,515418,Co-Accused
10974,4359,523280,Co-Accused
10975,4360,506937,Main Accused
10976,4361,500571,Main Accused
10977,4361,500035,Co-Accused
10978,4362,504780,Co-Accused
10979,4363,503734,Co-Accused
10980,4363,507791,Main Accused
10981,4363,515006,Co-Accused
10982,4363,521153,Main Accused
10983,4364,503282,Co-Accused
10984,4365,523433,Main Accused
10985,4366,517759,Co-Accused
10986,4366,516853,Main Accused
10987,4366,519208,Main Accused
10988,4367,502068,Co-Accused
10989,4368,521405,Main Accused
10990,4368,508671,Main Accused
10991,4368,510832,Co-Accused
10992,4368,522463,Main Accused
10993,4369,511060,Main Accused
10994,4369,505067,Co-Accused
10995,4370,516758,Main Accused
10996,4370,520425,Co-Accused
10997,4370,505456,Main Accused
10998,4370,523470,Main Accused
10999,4371,521589,Co-Accused
11000,4371,500048,Main Accused
11001,4371,503830,Main Accused
11002,4371,522069,Main Accused
11003,4372,502535,Co-Accused
11004,4372,520559,Co-Accused
11005,4373,516222,Co-Accused
11006,4374,509661,Co-Accused
11007,4374,501726,Co-Accused
11008,4374,502959,Main Accused
11009,4375,515587,Co-Accused
11010,4376,524836,Co-Accused
11011,4376,505707,Co-Accused
11012,4377,509822,Co-Accused
11013,4378,512277,Co-Accused
11014,4379,508851,Co-Accused
11015,4379,512112,Co-Accused
11016,4379,521608,Main Accused
11017,4379,512989,Co-Accused
11018,4380,514547,Main Accused
11019,4380,509072,Main Accused
11020,4380,514201,Main Accused
11021,4381,516684,Co-Accused
11022,4381,504724,Co-Accused
11023,4382,516492,Co-Accused
11024,4383,503208,Main Accused
11025,4383,523523,Main Accused
11026,4383,514592,Main Accused
11027,4383,522852,Main Accused
11028,4384,516652,Co-Accused
11029,4384,517339,Main Accused
11030,4384,506970,Co-Accused
11031,4384,501746,Main Accused
11032,4385,512498,Main Accused
11033,4385,520277,Main Accused
11034,4386,521170,Main Accused
11035,4386,512909,Co-Accused
11036,4386,503476,Co-Accused
11037,4387,522524,Main Accused
11038,4387,505912,Co-Accused
11039,4387,509001,Main Accused
11040,4388,508282,Main Accused
11041,4388,524719,Co-Accused
11042,4388,512164,Co-Accused
11043,4388,518552,Co-Accused
11044,4389,505003,Main Accused
11045,4389,524603,Main Accused
11046,4389,505974,Main Accused
11047,4390,522125,Main Accused
11048,4391,500408,Co-Accused
11049,4392,510358,Co-Accused
11050,4392,523358,Co-Accused
11051,4393,501546,Co-Accused
11052,4393,517580,Co-Accused
11053,4393,500173,Main Accused
11054,4393,519321,Co-Accused
11055,4394,517551,Co-Accused
11056,4394,504246,Co-Accused
11057,4394,503387,Main Accused
11058,4394,511051,Co-Accused
11059,4395,517077,Main Accused
11060,4395,503806,Main Accused
11061,4396,522263,Main Accused
11062,4396,515144,Co-Accused
11063,4396,522080,Co-Accused
11064,4397,516090,Co-Accused
11065,4398,508422,Co-Accused
11066,4399,520558,Co-Accused
11067,4400,513937,Main Accused
11068,4400,512438,Main Accused
11069,4400,520593,Main Accused
11070,4400,512150,Co-Accused
11071,4401,506902,Co-Accused
11072,4402,501067,Main Accused
11073,4402,504418,Main Accused
11074,4402,517022,Co-Accused
11075,4403,511926,Co-Accused
11076,4403,523572,Co-Accused
11077,4403,509697,Main Accused
11078,4403,511807,Main Accused
11079,4404,518621,Main Accused
11080,4404,522620,Main Accused
11081,4404,519888,Main Accused
11082,4405,514554,Co-Accused
11083,4406,506767,Main Accused
11084,4407,513114,Main Accused
11085,4407,509660,Main Accused
11086,4408,518690,Co-Accused
11087,4408,501265,Main Accused
11088,4408,516146,Main Accused
11089,4408,508256,Main Accused
11090,4409,505770,Co-Accused
11091,4410,522384,Main Accused
11092,4410,520221,Main Accused
11093,4410,506442,Co-Accused
11094,4411,501488,Co-Accused
11095,4411,513338,Main Accused
11096,4412,513744,Main Accused
11097,4412,518559,Main Accused
11098,4412,521831,Co-Accused
11099,4413,513438,Co-Accused
11100,4413,515247,Main Accused
11101,4413,519219,Main Accused
11102,4414,517432,Co-Accused
11103,4414,503562,Co-Accused
11104,4414,510705,Main Accused
11105,4414,508360,Co-Accused
11106,4415,522176,Main Accused
11107,4415,510759,Main Accused
11108,4416,519359,Main Accused
11109,4417,502172,Co-Accused
11110,4418,510545,Co-Accused
11111,4418,505406,Main Accused
11112,4418,510341,Co-Accused
11113,4418,521288,Co-Accused
11114,4419,503393,Co-Accused
11115,4419,502350,Co-Accused
11116,4419,509544,Co-Accused
11117,4419,503044,Main Accused
11118,4420,524472,Co-Accused
11119,4421,505406,Main Accused
11120,4422,507524,Main Accused
11121,4422,518904,Co-Accused
11122,4422,505413,Co-Accused
11123,4422,505832,Main Accused
11124,4423,502294,Co-Accused
11125,4423,506832,Co-Accused
11126,4423,504324,Main Accused
11127,4424,502666,Co-Accused
11128,4424,512191,Co-Accused
11129,4425,506276,Main Accused
11130,4425,507551,Main Accused
11131,4425,505475,Main Accused
11132,4426,505780,Main Accused
11133,4426,521407,Co-Accused
11134,4426,500729,Co-Accused
11135,4426,516807,Main Accused
11136,4427,505445,Co-Accused
11137,4427,517759,Main Accused
11138,4427,504773,Co-Accused
11139,4428,512294,Main Accused
11140,4429,524621,Main Accused
11141,4429,524400,Co-Accused
11142,4429,505309,Main Accused
11143,4429,505324,Main Accused
11144,4430,511451,Co-Accused
11145,4430,511707,Main Accused
11146,4430,520187,Co-Accused
11147,4431,518900,Co-Accused
11148,4432,513781,Co-Accused
11149,4433,515273,Main Accused
11150,4433,502361,Co-Accused
11151,4433,503618,Main Accused
11152,4434,504944,Main Accused
11153,4435,520960,Main Accused
11154,4436,519564,Co-Accused
11155,4437,514958,Co-Accused
11156,4437,503186,Co-Accused
11157,4438,521939,Main Accused
11158,4438,520822,Main Accused
11159,4438,519865,Main Accused
11160,4438,520282,Co-Accused
11161,4439,515224,Co-Accused
11162,4439,506880,Main Accused
11163,4440,510259,Co-Accused
11164,4441,503976,Main Accused
11165,4441,521141,Main Accused
11166,4442,502301,Main Accused
11167,4442,501245,Co-Accused
11168,4442,502939,Main Accused
11169,4442,509407,Co-Accused
11170,4443,514624,Co-Accused
11171,4443,519027,Main Accused
11172,4443,520706,Co-Accused
11173,4444,513722,Co-Accused
11174,4445,519491,Co-Accused
11175,4445,506958,Co-Accused
11176,4445,521115,Co-Accused
11177,4446,518096,Main Accused
11178,4446,504081,Co-Accused
11179,4447,500742,Main Accused
11180,4447,511643,Main Accused
11181,4447,500194,Main Accused
11182,4448,520852,Main Accused
11183,4449,513697,Main Accused
11184,4449,521733,Co-Accused
11185,4449,514766,Co-Accused
11186,4449,511926,Co-Accused
11187,4450,515234,Main Accused
11188,4450,522022,Co-Accused
11189,4451,519118,Co-Accused
11190,4452,506877,Co-Accused
11191,4452,508265,Co-Accused
11192,4452,517670,Co-Accused
11193,4453,524151,Main Accused
11194,4453,505672,Main Accused
11195,4453,519895,Co-Accused
11196,4454,502945,Main Accused
11197,4454,517536,Co-Accused
11198,4455,505045,Main Accused
11199,4455,512938,Co-Accused
11200,4455,507439,Main Accused
11201,4456,511233,Main Accused
11202,4457,517488,Main Accused
11203,4457,523471,Co-Accused
11204,4457,501655,Main Accused
11205,4458,503893,Main Accused
11206,4458,521798,Co-Accused
11207,4459,503768,Main Accused
11208,4459,523074,Main Accused
11209,4459,507930,Co-Accused
11210,4460,521312,Co-Accused
11211,4460,507482,Main Accused
11212,4461,507250,Main Accused
11213,4461,507670,Main Accused
11214,4461,515584,Main Accused
11215,4462,522773,Co-Accused
11216,4462,522661,Main Accused
11217,4462,506459,Co-Accused
11218,4463,514724,Main Accused
11219,4463,517224,Co-Accused
11220,4464,510771,Co-Accused
11221,4464,513649,Main Accused
11222,4465,520783,Co-Accused
11223,4465,506577,Main Accused
11224,4466,514384,Main Accused
11225,4466,516503,Co-Accused
11226,4466,502616,Co-Accused
11227,4467,509868,Co-Accused
11228,4467,524217,Co-Accused
11229,4467,524231,Co-Accused
11230,4468,514074,Co-Accused
11231,4469,512341,Co-Accused
11232,4469,510012,Co-Accused
11233,4469,515229,Co-Accused
11234,4469,509182,Co-Accused
11235,4470,506607,Main Accused
11236,4470,502692,Co-Accused
11237,4470,513074,Co-Accused
11238,4471,520086,Co-Accused
11239,4472,510408,Co-Accused
11240,4473,505640,Co-Accused
11241,4474,512602,Main Accused
11242,4474,514717,Co-Accused
11243,4474,509457,Co-Accused
11244,4475,507035,Main Accused
11245,4475,509874,Co-Accused
11246,4475,521903,Co-Accused
11247,4475,505724,Co-Accused
11248,4476,522441,Co-Accused
11249,4476,501797,Main Accused
11250,4476,523165,Co-Accused
11251,4477,506707,Co-Accused
11252,4477,513396,Co-Accused
11253,4478,523382,Co-Accused
11254,4478,517202,Main Accused
11255,4479,503658,Co-Accused
11256,4479,507645,Main Accused
11257,4479,509390,Co-Accused
11258,4479,507487,Main Accused
11259,4480,508484,Co-Accused
11260,4480,513463,Co-Accused
11261,4480,524806,Main Accused
11262,4481,514588,Co-Accused
11263,4481,518242,Co-Accused
11264,4481,511968,Main Accused
11265,4481,507959,Main Accused
11266,4482,523884,Co-Accused
11267,4482,511223,Main Accused
11268,4482,518414,Co-Accused
11269,4483,511702,Main Accused
11270,4484,514792,Co-Accused
11271,4485,521823,Co-Accused
11272,4486,504009,Co-Accused
11273,4486,509692,Main Accused
11274,4486,511725,Co-Accused
11275,4487,519069,Co-Accused
11276,4487,501410,Main Accused
11277,4488,515920,Co-Accused
11278,4488,507908,Main Accused
11279,4488,518638,Co-Accused
11280,4489,520791,Co-Accused
11281,4489,508429,Co-Accused
11282,4490,508493,Co-Accused
11283,4491,522015,Co-Accused
11284,4491,515287,Co-Accused
11285,4491,500454,Main Accused
11286,4492,511407,Co-Accused
11287,4492,502011,Co-Accused
11288,4493,502439,Main Accused
11289,4494,507250,Co-Accused
11290,4494,500699,Co-Accused
11291,4494,520984,Co-Accused
11292,4495,500598,Co-Accused
11293,4495,508261,Co-Accused
11294,4495,511426,Main Accused
11295,4496,504247,Co-Accused
11296,4497,501735,Co-Accused
11297,4497,508688,Main Accused
11298,4498,501097,Co-Accused
11299,4498,520413,Main Accused
11300,4498,503616,Co-Accused
11301,4498,517097,Main Accused
11302,4499,509515,Main Accused
11303,4500,511013,Co-Accused
11304,4501,519613,Co-Accused
11305,4502,522374,Main Accused
11306,4502,511018,Main Accused
11307,4503,517121,Main Accused
11308,4503,522455,Co-Accused
11309,4503,519915,Co-Accused
11310,4504,514641,Co-Accused
11311,4504,511334,Co-Accused
11312,4505,506739,Co-Accused
11313,4505,500733,Main Accused
11314,4505,506654,Co-Accused
11315,4505,511662,Co-Accused
11316,4506,512997,Co-Accused
11317,4506,511484,Co-Accused
11318,4507,522186,Main Accused
11319,4507,504073,Co-Accused
11320,4507,502728,Co-Accused
11321,4508,524422,Co-Accused
11322,4509,512064,Main Accused
11323,4509,524121,Co-Accused
11324,4509,502103,Co-Accused
11325,4509,523449,Main Accused
11326,4510,509520,Main Accused
11327,4510,523186,Main Accused
11328,4510,512436,Co-Accused
11329,4510,504397,Co-Accused
11330,4511,509106,Main Accused
11331,4511,516231,Main Accused
11332,4512,500448,Co-Accused
11333,4512,504806,Main Accused
11334,4512,501680,Co-Accused
11335,4512,510522,Main Accused
11336,4513,502742,Co-Accused
11337,4513,506924,Main Accused
11338,4514,507260,Main Accused
11339,4515,511362,Co-Accused
11340,4515,500182,Main Accused
11341,4515,509782,Main Accused
11342,4516,516922,Main Accused
11343,4517,515365,Main Accused
11344,4517,519865,Co-Accused
11345,4518,521432,Co-Accused
11346,4519,523998,Co-Accused
11347,4520,519374,Co-Accused
11348,4520,503562,Co-Accused
11349,4520,507007,Main Accused
11350,4521,500388,Main Accused
11351,4522,522696,Main Accused
11352,4522,509116,Co-Accused
11353,4523,507255,Co-Accused
11354,4523,515998,Main Accused
11355,4524,518503,Main Accused
11356,4524,502928,Co-Accused
11357,4525,518609,Main Accused
11358,4526,515927,Co-Accused
11359,4526,514336,Co-Accused
11360,4526,522952,Co-Accused
11361,4527,517123,Main Accused
11362,4527,519700,Co-Accused
11363,4527,521599,Co-Accused
11364,4527,502173,Main Accused
11365,4528,524884,Co-Accused
11366,4528,511459,Co-Accused
11367,4529,505211,Co-Accused
11368,4529,524408,Main Accused
11369,4529,518449,Main Accused
11370,4529,520130,Co-Accused
11371,4530,502000,Co-Accused
11372,4531,507557,Main Accused
11373,4532,507333,Main Accused
11374,4532,517034,Main Accused
11375,4532,502209,Main Accused
11376,4533,503223,Co-Accused
11377,4533,507889,Co-Accused
11378,4533,506946,Main Accused
11379,4534,505282,Co-Accused
11380,4534,515927,Main Accused
11381,4535,522903,Co-Accused
11382,4535,510809,Co-Accused
11383,4535,504176,Co-Accused
11384,4535,506973,Co-Accused
11385,4536,522261,Main Accused
11386,4537,507560,Main Accused
11387,4538,521968,Co-Accused
11388,4538,524454,Main Accused
11389,4538,524224,Main Accused
11390,4538,519620,Main Accused
11391,4539,511891,Main Accused
11392,4539,516885,Co-Accused
11393,4539,505883,Co-Accused
11394,4540,518376,Main Accused
11395,4540,507097,Co-Accused
11396,4540,501819,Main Accused
11397,4541,508757,Co-Accused
11398,4541,503088,Co-Accused
11399,4541,524740,Main Accused
11400,4541,521998,Co-Accused
11401,4542,516659,Co-Accused
11402,4543,506527,Co-Accused
11403,4543,506629,Co-Accused
11404,4544,507079,Main Accused
11405,4544,508195,Co-Accused
11406,4545,514224,Co-Accused
11407,4545,507564,Co-Accused
11408,4545,510001,Co-Accused
11409,4545,503211,Main Accused
11410,4546,519771,Main Accused
11411,4546,506911,Co-Accused
11412,4547,518469,Co-Accused
11413,4547,503703,Co-Accused
11414,4547,512907,Main Accused
11415,4547,519405,Main Accused
11416,4548,502213,Main Accused
11417,4548,511310,Co-Accused
11418,4548,500274,Co-Accused
11419,4549,523251,Co-Accused
11420,4549,520301,Main Accused
11421,4549,511624,Co-Accused
11422,4549,512214,Co-Accused
11423,4550,520418,Co-Accused
11424,4550,515549,Co-Accused
11425,4551,515435,Main Accused
11426,4551,524656,Main Accused
11427,4552,513469,Main Accused
11428,4552,506106,Co-Accused
11429,4552,516512,Main Accused
11430,4553,510347,Main Accused
11431,4553,503003,Main Accused
11432,4553,512464,Main Accused
11433,4554,519683,Co-Accused
11434,4555,524114,Co-Accused
11435,4555,510318,Co-Accused
11436,4555,519640,Main Accused
11437,4555,505377,Co-Accused
11438,4556,509879,Co-Accused
11439,4556,518120,Co-Accused
11440,4556,519339,Co-Accused
11441,4557,516441,Main Accused
11442,4557,510259,Co-Accused
11443,4557,522079,Co-Accused
11444,4557,511673,Main Accused
11445,4558,515005,Main Accused
11446,4558,510939,Co-Accused
11447,4558,511736,Co-Accused
11448,4558,506515,Main Accused
11449,4559,521770,Co-Accused
11450,4559,506588,Co-Accused
11451,4559,509149,Co-Accused
11452,4560,513296,Main Accused
11453,4561,523436,Main Accused
11454,4561,517753,Co-Accused
11455,4561,519596,Main Accused
11456,4562,513712,Main Accused
11457,4562,518363,Co-Accused
11458,4562,515328,Co-Accused
11459,4563,504212,Main Accused
11460,4563,502853,Main Accused
11461,4563,514358,Co-Accused
11462,4563,501968,Main Accused
11463,4564,520227,Main Accused
11464,4564,524875,Main Accused
11465,4564,504507,Main Accused
11466,4564,509793,Main Accused
11467,4565,515323,Co-Accused
11468,4566,521512,Co-Accused
11469,4566,521800,Co-Accused
11470,4566,513288,Co-Accused
11471,4566,504717,Main Accused
11472,4567,504540,Co-Accused
11473,4567,502869,Main Accused
11474,4567,523288,Co-Accused
11475,4568,508358,Main Accused
11476,4568,524666,Main Accused
11477,4568,511846,Main Accused
11478,4568,511893,Main Accused
11479,4569,523964,Co-Accused
11480,4569,517954,Main Accused
11481,4570,514564,Co-Accused
11482,4570,523242,Co-Accused
11483,4570,506110,Main Accused
11484,4571,518674,Co-Accused
11485,4572,517777,Co-Accused
11486,4572,509670,Main Accused
11487,4573,502949,Main Accused
11488,4573,518595,Main Accused
11489,4573,516995,Co-Accused
11490,4573,519204,Main Accused
11491,4574,514131,Main Accused
11492,4574,508221,Co-Accused
11493,4574,507287,Main Accused
11494,4574,522617,Main Accused
11495,4575,522641,Main Accused
11496,4575,520373,Co-Accused
11497,4575,508232,Main Accused
11498,4575,505395,Main Accused
11499,4576,519717,Main Accused
11500,4576,522923,Main Accused
11501,4576,507101,Co-Accused
11502,4577,503052,Co-Accused
11503,4577,507793,Main Accused
11504,4577,524097,Co-Accused
11505,4578,504087,Co-Accused
11506,4578,500455,Main Accused
11507,4578,506675,Co-Accused
11508,4578,520565,Main Accused
11509,4579,524410,Main Accused
11510,4580,523209,Main Accused
11511,4581,517251,Co-Accused
11512,4582,510588,Main Accused
11513,4582,507164,Main Accused
11514,4582,502402,Main Accused
11515,4582,524093,Main Accused
11516,4583,500642,Co-Accused
11517,4583,521425,Main Accused
11518,4583,517644,Main Accused
11519,4584,511523,Main Accused
11520,4584,509596,Main Accused
11521,4584,523255,Co-Accused
11522,4584,507526,Co-Accused
11523,4585,510630,Co-Accused
11524,4585,517397,Main Accused
11525,4586,510859,Main Accused
11526,4586,502781,Main Accused
11527,4587,518469,Co-Accused
11528,4587,513188,Main Accused
11529,4588,507835,Main Accused
11530,4588,502166,Co-Accused
11531,4588,511594,Main Accused
11532,4589,513949,Main Accused
11533,4589,504181,Main Accused
11534,4589,521980,Co-Accused
11535,4589,508683,Co-Accused
11536,4590,511798,Main Accused
11537,4590,523319,Co-Accused
11538,4591,505899,Main Accused
11539,4592,508362,Main Accused
11540,4593,506488,Co-Accused
11541,4593,522178,Co-Accused
11542,4594,523850,Co-Accused
11543,4594,502453,Main Accused
11544,4594,507967,Co-Accused
11545,4595,512480,Co-Accused
11546,4596,520675,Main Accused
11547,4596,521691,Main Accused
11548,4596,509957,Main Accused
11549,4596,504573,Co-Accused
11550,4597,514298,Main Accused
11551,4597,514954,Main Accused
11552,4597,510766,Co-Accused
11553,4598,516127,Main Accused
11554,4599,505925,Co-Accused
11555,4599,524560,Main Accused
11556,4599,512644,Main Accused
11557,4599,516950,Main Accused
11558,4600,500223,Main Accused
11559,4600,511384,Main Accused
11560,4600,502763,Co-Accused
11561,4601,501516,Main Accused
11562,4601,518853,Main Accused
11563,4601,522124,Co-Accused
11564,4601,500895,Co-Accused
11565,4602,507168,Main Accused
11566,4602,502766,Co-Accused
11567,4602,516594,Main Accused
11568,4602,509671,Main Accused
11569,4603,502163,Co-Accused
11570,4603,524766,Co-Accused
11571,4603,514866,Co-Accused
11572,4604,516731,Main Accused
11573,4605,501916,Main Accused
11574,4605,515396,Main Accused
11575,4605,523836,Co-Accused
11576,4606,513919,Main Accused
11577,4606,504862,Co-Accused
11578,4606,515019,Co-Accused
11579,4606,522228,Main Accused
11580,4607,517468,Main Accused
11581,4607,524020,Co-Accused
11582,4607,524026,Co-Accused
11583,4608,509802,Co-Accused
11584,4608,504162,Co-Accused
11585,4608,507043,Co-Accused
11586,4608,510899,Main Accused
11587,4609,524372,Main Accused
11588,4609,509394,Co-Accused
11589,4609,522063,Co-Accused
11590,4609,512184,Main Accused
11591,4610,513507,Main Accused
11592,4611,500414,Main Accused
11593,4611,503615,Co-Accused
11594,4611,508447,Main Accused
11595,4611,522926,Main Accused
11596,4612,500516,Co-Accused
11597,4613,512315,Co-Accused
11598,4613,505790,Co-Accused
11599,4613,507802,Co-Accused
11600,4613,509507,Main Accused
11601,4614,521043,Co-Accused
11602,4614,518207,Main Accused
11603,4614,513978,Co-Accused
11604,4614,503533,Main Accused
11605,4615,506996,Main Accused
11606,4615,520042,Co-Accused
11607,4615,513534,Main Accused
11608,4616,515160,Co-Accused
11609,4616,508279,Co-Accused
11610,4617,511431,Co-Accused
11611,4617,506360,Main Accused
11612,4618,515995,Main Accused
11613,4619,501496,Main Accused
11614,4619,516496,Main Accused
11615,4619,509500,Co-Accused
11616,4620,522175,Co-Accused
11617,4621,517778,Co-Accused
11618,4621,501635,Main Accused
11619,4621,507893,Main Accused
11620,4621,508802,Co-Accused
11621,4622,502239,Co-Accused
11622,4622,524853,Main Accused
11623,4622,511579,Co-Accused
11624,4622,507831,Co-Accused
11625,4623,501572,Main Accused
11626,4623,506685,Co-Accused
11627,4624,507931,Co-Accused
11628,4624,516581,Main Accused
11629,4625,523072,Co-Accused
11630,4625,513069,Co-Accused
11631,4626,501111,Main Accused
11632,4626,520670,Co-Accused
11633,4627,514991,Main Accused
11634,4628,511989,Main Accused
11635,4629,512524,Main Accused
11636,4630,523856,Co-Accused
11637,4630,512066,Co-Accused
11638,4631,500948,Co-Accused
11639,4632,514233,Co-Accused
11640,4632,515955,Co-Accused
11641,4632,504904,Main Accused
11642,4632,514207,Main Accused
11643,4633,513209,Co-Accused
11644,4634,510105,Main Accused
11645,4635,522301,Co-Accused
11646,4636,503882,Co-Accused
11647,4637,510098,Co-Accused
11648,4638,521297,Co-Accused
11649,4638,502449,Co-Accused
11650,4638,514264,Main Accused
11651,4638,519904,Co-Accused
11652,4639,513263,Main Accused
11653,4639,517113,Main Accused
11654,4639,524413,Main Accused
11655,4639,522053,Co-Accused
11656,4640,507426,Co-Accused
11657,4640,520318,Main Accused
11658,4640,500488,Co-Accused
11659,4641,514278,Main Accused
11660,4642,511122,Co-Accused
11661,4643,519822,Co-Accused
11662,4643,507869,Main Accused
11663,4643,524562,Main Accused
11664,4643,508784,Co-Accused
11665,4644,517562,Main Accused
11666,4644,504541,Main Accused
11667,4644,522161,Main Accused
11668,4645,506001,Main Accused
11669,4646,517948,Co-Accused
11670,4646,510893,Co-Accused
11671,4647,518502,Co-Accused
11672,4648,515359,Co-Accused
11673,4649,511244,Co-Accused
11674,4649,503035,Main Accused
11675,4650,502761,Main Accused
11676,4650,509286,Main Accused
11677,4650,513026,Co-Accused
11678,4650,515366,Co-Accused
11679,4651,515914,Main Accused
11680,4651,509692,Co-Accused
11681,4651,521018,Co-Accused
11682,4651,507350,Main Accused
11683,4652,508488,Main Accused
11684,4652,524390,Main Accused
11685,4652,512379,Co-Accused
11686,4652,503674,Main Accused
11687,4653,521123,Main Accused
11688,4654,503284,Co-Accused
11689,4655,520673,Co-Accused
11690,4656,511518,Co-Accused
11691,4656,519801,Main Accused
11692,4656,500158,Main Accused
11693,4657,507252,Main Accused
11694,4657,517514,Main Accused
11695,4657,503690,Co-Accused
11696,4657,517912,Co-Accused
11697,4658,517989,Co-Accused
11698,4658,506412,Co-Accused
11699,4658,513645,Co-Accused
11700,4659,501104,Main Accused
11701,4660,500724,Main Accused
11702,4660,515439,Main Accused
11703,4661,508346,Co-Accused
11704,4661,519134,Co-Accused
11705,4662,522118,Co-Accused
11706,4663,510157,Main Accused
11707,4664,517572,Main Accused
11708,4664,523265,Main Accused
11709,4664,510711,Co-Accused
11710,4664,509860,Main Accused
11711,4665,512863,Co-Accused
11712,4665,506060,Co-Accused
11713,4665,522024,Main Accused
11714,4665,503464,Co-Accused
11715,4666,503051,Main Accused
11716,4666,501385,Main Accused
11717,4666,520601,Co-Accused
11718,4667,506144,Co-Accused
11719,4667,501612,Co-Accused
11720,4668,506324,Main Accused
11721,4668,504522,Co-Accused
11722,4668,500940,Co-Accused
11723,4669,506576,Co-Accused
11724,4669,522362,Main Accused
11725,4670,507806,Co-Accused
11726,4671,502758,Co-Accused
11727,4671,500187,Co-Accused
11728,4671,500744,Main Accused
11729,4672,523616,Main Accused
11730,4672,503452,Main Accused
11731,4672,523674,Co-Accused
11732,4673,514787,Main Accused
11733,4674,502702,Main Accused
11734,4675,506516,Main Accused
11735,4676,523005,Co-Accused
11736,4677,520948,Main Accused
11737,4677,516891,Main Accused
11738,4677,505725,Main Accused
11739,4678,500466,Main Accused
11740,4678,521355,Main Accused
11741,4679,514619,Co-Accused
11742,4679,515823,Co-Accused
11743,4680,506685,Co-Accused
11744,4681,509503,Main Accused
11745,4681,500882,Co-Accused
11746,4681,501201,Co-Accused
11747,4682,512365,Main Accused
11748,4682,511620,Main Accused
11749,4682,522851,Co-Accused
11750,4683,522381,Co-Accused
11751,4683,516756,Main Accused
11752,4683,516779,Main Accused
11753,4684,518309,Main Accused
11754,4684,506513,Main Accused
11755,4684,501091,Main Accused
11756,4684,520643,Main Accused
11757,4685,521196,Co-Accused
11758,4685,516999,Co-Accused
11759,4686,500177,Co-Accused
11760,4686,507399,Co-Accused
11761,4686,524910,Co-Accused
11762,4686,501671,Main Accused
11763,4687,515619,Main Accused
11764,4687,511157,Main Accused
11765,4687,516044,Main Accused
11766,4688,513567,Main Accused
11767,4689,509276,Main Accused
11768,4689,500354,Main Accused
11769,4689,505523,Main Accused
11770,4689,502095,Co-Accused
11771,4690,519680,Main Accused
11772,4691,501822,Main Accused
11773,4691,505016,Main Accused
11774,4691,507395,Co-Accused
11775,4692,524012,Co-Accused
11776,4692,504922,Co-Accused
11777,4692,513780,Main Accused
11778,4692,507197,Co-Accused
11779,4693,519397,Main Accused
11780,4694,521156,Co-Accused
11781,4694,514251,Co-Accused
11782,4694,522096,Main Accused
11783,4695,506169,Main Accused
11784,4695,524591,Main Accused
11785,4695,511398,Co-Accused
11786,4695,515900,Main Accused
11787,4696,514545,Co-Accused
11788,4697,505262,Main Accused
11789,4697,524831,Co-Accused
11790,4697,520705,Co-Accused
11791,4697,519966,Co-Accused
11792,4698,524251,Main Accused
11793,4698,523310,Main Accused
11794,4698,508833,Co-Accused
11795,4698,521994,Co-Accused
11796,4699,517576,Main Accused
11797,4699,512459,Main Accused
11798,4699,518740,Co-Accused
11799,4700,508358,Main Accused
11800,4701,507307,Co-Accused
11801,4702,522663,Main Accused
11802,4702,512911,Co-Accused
11803,4702,504260,Main Accused
11804,4703,510536,Co-Accused
11805,4704,521169,Co-Accused
11806,4704,507209,Co-Accused
11807,4704,500007,Main Accused
11808,4705,523426,Co-Accused
11809,4705,509570,Co-Accused
11810,4705,513853,Main Accused
11811,4705,509466,Co-Accused
11812,4706,508070,Co-Accused
11813,4706,503133,Main Accused
11814,4707,514173,Main Accused
11815,4708,521334,Main Accused
11816,4709,515639,Main Accused
11817,4710,503971,Co-Accused
11818,4710,507327,Main Accused
11819,4710,523674,Co-Accused
11820,4711,504364,Co-Accused
11821,4712,501118,Main Accused
11822,4713,502930,Main Accused
11823,4713,503988,Co-Accused
11824,4713,516761,Co-Accused
11825,4713,512510,Co-Accused
11826,4714,508948,Main Accused
11827,4715,509596,Main Accused
11828,4715,516564,Co-Accused
11829,4715,512329,Co-Accused
11830,4716,506344,Main Accused
11831,4716,507397,Co-Accused
11832,4717,506410,Main Accused
11833,4717,503451,Main Accused
11834,4717,520323,Co-Accused
11835,4717,520032,Main Accused
11836,4718,511014,Co-Accused
11837,4719,518538,Main Accused
11838,4719,515165,Main Accused
11839,4719,507679,Main Accused
11840,4719,500290,Main Accused
11841,4720,516862,Main Accused
11842,4720,520440,Co-Accused
11843,4721,512431,Co-Accused
11844,4721,504746,Main Accused
11845,4721,503062,Co-Accused
11846,4721,507976,Co-Accused
11847,4722,521528,Co-Accused
11848,4722,509978,Main Accused
11849,4723,513898,Co-Accused
11850,4723,502799,Main Accused
11851,4724,523759,Main Accused
11852,4724,510076,Main Accused
11853,4725,523010,Main Accused
11854,4726,521031,Co-Accused
11855,4726,519429,Main Accused
11856,4726,521680,Main Accused
11857,4727,517181,Main Accused
11858,4727,506890,Co-Accused
11859,4728,509021,Co-Accused
11860,4729,502087,Co-Accused
11861,4729,503802,Co-Accused
11862,4729,517098,Co-Accused
11863,4730,517058,Main Accused
11864,4730,515736,Main Accused
11865,4731,520581,Co-Accused
11866,4731,522322,Co-Accused
11867,4731,506394,Main Accused
11868,4731,520769,Co-Accused
11869,4732,518456,Co-Accused
11870,4732,522899,Co-Accused
11871,4733,505979,Co-Accused
11872,4734,501696,Co-Accused
11873,4734,516868,Main Accused
11874,4734,524012,Co-Accused
11875,4735,513988,Co-Accused
11876,4735,512534,Main Accused
11877,4735,505535,Main Accused
11878,4735,520847,Main Accused
11879,4736,510948,Main Accused
11880,4736,502520,Main Accused
11881,4737,508526,Co-Accused
11882,4737,507120,Main Accused
11883,4737,522219,Co-Accused
11884,4738,515911,Co-Accused
11885,4738,524594,Main Accused
11886,4739,519445,Co-Accused
11887,4739,513210,Main Accused
11888,4740,502805,Main Accused
11889,4740,508948,Co-Accused
11890,4741,523942,Main Accused
11891,4741,510210,Co-Accused
11892,4741,524603,Main Accused
11893,4742,518938,Co-Accused
11894,4742,506982,Main Accused
11895,4742,506676,Main Accused
11896,4743,511607,Co-Accused
11897,4743,502300,Co-Accused
11898,4743,503986,Co-Accused
11899,4744,507745,Main Accused
11900,4744,514710,Main Accused
11901,4744,514571,Main Accused
11902,4744,501614,Main Accused
11903,4745,520811,Co-Accused
11904,4745,500432,Main Accused
11905,4745,518051,Co-Accused
11906,4745,509091,Co-Accused
11907,4746,516274,Main Accused
11908,4746,523264,Main Accused
11909,4746,519430,Main Accused
11910,4746,504675,Co-Accused
11911,4747,517239,Main Accused
11912,4747,514973,Main Accused
11913,4747,506887,Co-Accused
11914,4747,505759,Main Accused
11915,4748,509871,Co-Accused
11916,4749,513283,Co-Accused
11917,4749,507281,Main Accused
11918,4750,500649,Main Accused
11919,4750,523727,Co-Accused
11920,4751,502066,Main Accused
11921,4751,500127,Main Accused
11922,4751,503623,Main Accused
11923,4752,506089,Co-Accused
11924,4752,505878,Co-Accused
11925,4753,500180,Main Accused
11926,4754,514339,Main Accused
11927,4755,519718,Co-Accused
11928,4755,510270,Co-Accused
11929,4755,507012,Co-Accused
11930,4755,501728,Main Accused
11931,4756,520500,Co-Accused
11932,4756,510204,Main Accused
11933,4756,502865,Co-Accused
11934,4757,505891,Main Accused
11935,4757,504284,Co-Accused
11936,4757,508350,Co-Accused
11937,4757,500576,Main Accused
11938,4758,511101,Main Accused
11939,4759,519059,Main Accused
11940,4760,504471,Co-Accused
11941,4760,518862,Co-Accused
11942,4760,519662,Co-Accused
11943,4760,520605,Main Accused
11944,4761,508929,Main Accused
11945,4761,508018,Co-Accused
11946,4761,518313,Main Accused
11947,4762,509329,Co-Accused
11948,4762,516040,Main Accused
11949,4763,524426,Main Accused
11950,4764,521534,Co-Accused
11951,4764,518610,Main Accused
11952,4764,519866,Main Accused
11953,4764,513932,Co-Accused
11954,4765,504640,Co-Accused
11955,4765,507198,Co-Accused
11956,4765,512400,Co-Accused
11957,4765,504013,Main Accused
11958,4766,506954,Main Accused
11959,4766,521582,Co-Accused
11960,4766,520060,Co-Accused
11961,4767,524149,Main Accused
11962,4767,508592,Main Accused
11963,4767,516272,Co-Accused
11964,4767,510091,Main Accused
11965,4768,509049,Main Accused
11966,4768,518926,Co-Accused
11967,4768,522518,Co-Accused
11968,4769,512248,Main Accused
11969,4770,505014,Main Accused
11970,4771,522185,Main Accused
11971,4772,508427,Co-Accused
11972,4772,502045,Co-Accused
11973,4772,522745,Co-Accused
11974,4773,524069,Main Accused
11975,4773,518623,Co-Accused
11976,4774,503072,Co-Accused
11977,4774,523032,Co-Accused
11978,4774,513680,Co-Accused
11979,4775,509942,Main Accused
11980,4775,506978,Main Accused
11981,4775,503751,Main Accused
11982,4775,518362,Co-Accused
11983,4776,523474,Co-Accused
11984,4777,515347,Co-Accused
11985,4777,517677,Main Accused
11986,4777,522347,Co-Accused
11987,4778,523952,Co-Accused
11988,4779,515701,Main Accused
11989,4780,515099,Main Accused
11990,4780,524297,Main Accused
11991,4781,520969,Co-Accused
11992,4782,511378,Main Accused
11993,4783,507286,Main Accused
11994,4783,500085,Co-Accused
11995,4784,503354,Main Accused
11996,4785,515852,Co-Accused
11997,4785,519210,Co-Accused
11998,4785,509034,Co-Accused
11999,4785,524647,Main Accused
12000,4786,517457,Main Accused
12001,4786,516306,Co-Accused
12002,4786,510582,Main Accused
12003,4786,511368,Main Accused
12004,4787,501838,Main Accused
12005,4787,516175,Co-Accused
12006,4788,523358,Co-Accused
12007,4789,506439,Main Accused
12008,4789,514246,Co-Accused
12009,4789,505853,Co-Accused
12010,4789,510478,Main Accused
12011,4790,510051,Main Accused
12012,4791,516666,Main Accused
12013,4791,515563,Main Accused
12014,4792,516410,Main Accused
12015,4792,508138,Main Accused
12016,4793,519545,Main Accused
12017,4793,504005,Main Accused
12018,4793,504839,Main Accused
12019,4794,505695,Main Accused
12020,4794,509296,Main Accused
12021,4794,508421,Main Accused
12022,4794,502916,Co-Accused
12023,4795,513523,Main Accused
12024,4796,504233,Co-Accused
12025,4796,521906,Main Accused
12026,4797,513493,Main Accused
12027,4797,511936,Co-Accused
12028,4797,508496,Co-Accused
12029,4798,520662,Main Accused
12030,4799,517804,Main Accused
12031,4799,515207,Co-Accused
12032,4800,522055,Co-Accused
12033,4800,503854,Main Accused
12034,4801,522375,Main Accused
12035,4801,515712,Co-Accused
12036,4801,506521,Main Accused
12037,4801,505399,Co-Accused
12038,4802,504553,Main Accused
12039,4802,521778,Co-Accused
12040,4802,510735,Co-Accused
12041,4802,519068,Main Accused
12042,4803,519185,Co-Accused
12043,4803,518265,Main Accused
12044,4803,503730,Main Accused
12045,4804,518266,Co-Accused
12046,4804,506830,Main Accused
12047,4804,506386,Main Accused
12048,4805,505144,Co-Accused
12049,4805,503841,Co-Accused
12050,4805,503407,Co-Accused
12051,4805,518234,Main Accused
12052,4806,518126,Main Accused
12053,4806,513375,Co-Accused
12054,4806,500967,Main Accused
12055,4807,515806,Co-Accused
12056,4807,521255,Co-Accused
12057,4807,516632,Co-Accused
12058,4807,519535,Co-Accused
12059,4808,507918,Co-Accused
12060,4808,520279,Co-Accused
12061,4809,517480,Co-Accused
12062,4810,501950,Main Accused
12063,4810,520175,Co-Accused
12064,4810,511309,Co-Accused
12065,4810,517238,Co-Accused
12066,4811,517981,Co-Accused
12067,4811,502624,Main Accused
12068,4811,508464,Main Accused
12069,4811,513700,Main Accused
12070,4812,511598,Main Accused
12071,4812,522602,Co-Accused
12072,4812,500538,Main Accused
12073,4812,512125,Main Accused
12074,4813,519222,Main Accused
12075,4813,508719,Main Accused
12076,4813,513715,Co-Accused
12077,4814,506691,Main Accused
12078,4814,507685,Main Accused
12079,4815,502102,Main Accused
12080,4816,500298,Main Accused
12081,4817,504372,Main Accused
12082,4817,515698,Main Accused
12083,4817,518863,Co-Accused
12084,4818,503553,Co-Accused
12085,4818,520771,Main Accused
12086,4818,521001,Co-Accused
12087,4818,510449,Co-Accused
12088,4819,505372,Main Accused
12089,4819,521071,Co-Accused
12090,4820,507550,Co-Accused
12091,4820,516467,Main Accused
12092,4821,502714,Co-Accused
12093,4821,514279,Main Accused
12094,4821,516339,Main Accused
12095,4821,503237,Main Accused
12096,4822,508027,Co-Accused
12097,4822,509109,Co-Accused
12098,4823,515484,Co-Accused
12099,4823,503008,Co-Accused
12100,4824,501870,Main Accused
12101,4825,519815,Main Accused
12102,4825,503509,Main Accused
12103,4826,523530,Co-Accused
12104,4827,517195,Main Accused
12105,4827,519639,Main Accused
12106,4827,506467,Co-Accused
12107,4827,505622,Co-Accused
12108,4828,506811,Main Accused
12109,4828,506769,Co-Accused
12110,4828,506137,Co-Accused
12111,4828,506174,Co-Accused
12112,4829,506640,Main Accused
12113,4829,504933,Co-Accused
12114,4830,511150,Main Accused
12115,4830,512343,Co-Accused
12116,4830,513829,Main Accused
12117,4830,502202,Main Accused
12118,4831,517422,Co-Accused
12119,4832,514075,Co-Accused
12120,4832,523573,Co-Accused
12121,4832,506246,Co-Accused
12122,4832,505324,Main Accused
12123,4833,520035,Co-Accused
12124,4833,512823,Main Accused
12125,4833,514158,Co-Accused
12126,4833,517364,Co-Accused
12127,4834,522340,Main Accused
12128,4834,507924,Co-Accused
12129,4834,520752,Main Accused
12130,4834,503864,Main Accused
12131,4835,504695,Co-Accused
12132,4835,505440,Co-Accused
12133,4835,511853,Main Accused
12134,4836,500259,Co-Accused
12135,4836,502489,Main Accused
12136,4836,516137,Co-Accused
12137,4837,500378,Co-Accused
12138,4837,519134,Main Accused
12139,4838,506092,Co-Accused
12140,4839,510295,Co-Accused
12141,4839,518036,Co-Accused
12142,4839,524369,Main Accused
12143,4839,520143,Co-Accused
12144,4840,501177,Main Accused
12145,4840,513406,Main Accused
12146,4840,518272,Main Accused
12147,4840,508238,Main Accused
12148,4841,508458,Co-Accused
12149,4842,502472,Co-Accused
12150,4843,507692,Co-Accused
12151,4844,500385,Main Accused
12152,4844,502296,Main Accused
12153,4845,505773,Co-Accused
12154,4845,510666,Main Accused
12155,4845,508120,Co-Accused
12156,4846,521860,Co-Accused
12157,4846,523643,Co-Accused
12158,4846,521320,Main Accused
12159,4847,511079,Co-Accused
12160,4847,511963,Main Accused
12161,4847,520172,Main Accused
12162,4848,513946,Main Accused
12163,4849,509706,Main Accused
12164,4849,503082,Co-Accused
12165,4850,512367,Co-Accused
12166,4850,521023,Main Accused
12167,4850,514428,Main Accused
12168,4851,506588,Main Accused
12169,4851,512527,Main Accused
12170,4851,516367,Main Accused
12171,4851,503427,Co-Accused
12172,4852,520825,Main Accused
12173,4852,522369,Co-Accused
12174,4852,515183,Co-Accused
12175,4853,511031,Co-Accused
12176,4853,524386,Co-Accused
12177,4854,524189,Co-Accused
12178,4855,516640,Co-Accused
12179,4856,507645,Main Accused
12180,4857,516312,Main Accused
12181,4857,515321,Main Accused
12182,4858,510802,Co-Accused
12183,4858,508542,Co-Accused
12184,4858,523772,Main Accused
12185,4859,513822,Co-Accused
12186,4859,515739,Co-Accused
12187,4860,521371,Co-Accused
12188,4861,515164,Co-Accused
12189,4861,522672,Co-Accused
12190,4862,521974,Main Accused
12191,4862,516112,Main Accused
12192,4863,508354,Main Accused
12193,4863,513741,Main Accused
12194,4864,516514,Main Accused
12195,4864,514111,Main Accused
12196,4864,519008,Main Accused
12197,4864,523053,Main Accused
12198,4865,510970,Main Accused
12199,4865,523309,Co-Accused
12200,4865,501290,Main Accused
12201,4865,507015,Co-Accused
12202,4866,519236,Co-Accused
12203,4866,524145,Main Accused
12204,4866,510355,Co-Accused
12205,4867,511014,Main Accused
12206,4867,502575,Main Accused
12207,4867,523246,Co-Accused
12208,4868,519490,Co-Accused
12209,4868,502876,Co-Accused
12210,4868,509557,Co-Accused
12211,4868,523362,Main Accused
12212,4869,504103,Co-Accused
12213,4870,503809,Co-Accused
12214,4870,516771,Co-Accused
12215,4870,510775,Co-Accused
12216,4871,503041,Co-Accused
12217,4871,500558,Co-Accused
12218,4871,509047,Main Accused
12219,4872,509664,Co-Accused
12220,4872,508705,Main Accused
12221,4873,511255,Main Accused
12222,4874,510651,Co-Accused
12223,4874,500135,Co-Accused
12224,4874,517038,Main Accused
12225,4875,510246,Main Accused
12226,4875,511082,Co-Accused
12227,4876,500735,Co-Accused
12228,4876,511722,Co-Accused
12229,4876,519508,Main Accused
12230,4877,516645,Co-Accused
12231,4878,509135,Co-Accused
12232,4878,524907,Main Accused
12233,4879,523617,Main Accused
12234,4879,518370,Co-Accused
12235,4880,517207,Main Accused
12236,4880,522325,Main Accused
12237,4880,501484,Main Accused
12238,4880,516782,Co-Accused
12239,4881,509594,Main Accused
12240,4881,502892,Co-Accused
12241,4881,513263,Main Accused
12242,4882,516355,Co-Accused
12243,4882,507265,Co-Accused
12244,4882,501999,Co-Accused
12245,4883,500192,Co-Accused
12246,4884,506770,Main Accused
12247,4884,505302,Co-Accused
12248,4884,521982,Co-Accused
12249,4884,517840,Co-Accused
12250,4885,513403,Main Accused
12251,4885,511048,Co-Accused
12252,4886,516543,Co-Accused
12253,4886,515579,Co-Accused
12254,4886,521145,Co-Accused
12255,4887,510384,Co-Accused
12256,4887,519352,Main Accused
12257,4888,510564,Main Accused
12258,4889,524471,Main Accused
12259,4889,500780,Main Accused
12260,4889,518564,Co-Accused
12261,4890,518558,Main Accused
12262,4890,515953,Main Accused
12263,4890,505686,Main Accused
12264,4890,507151,Main Accused
12265,4891,519143,Main Accused
12266,4891,517570,Main Accused
12267,4891,517460,Main Accused
12268,4892,518444,Main Accused
12269,4892,511043,Main Accused
12270,4893,506899,Co-Accused
12271,4893,507026,Co-Accused
12272,4893,518830,Co-Accused
12273,4894,517330,Co-Accused
12274,4895,515707,Main Accused
12275,4896,508421,Co-Accused
12276,4897,521337,Co-Accused
12277,4897,517534,Co-Accused
12278,4897,509596,Main Accused
12279,4898,516397,Co-Accused
12280,4899,524581,Co-Accused
12281,4899,522447,Co-Accused
12282,4900,513151,Main Accused
12283,4901,518927,Co-Accused
12284,4902,520775,Main Accused
12285,4902,505943,Main Accused
12286,4902,508422,Co-Accused
12287,4903,513133,Co-Accused
12288,4903,521398,Main Accused
12289,4904,503257,Main Accused
12290,4904,502424,Co-Accused
12291,4904,524258,Co-Accused
12292,4904,502680,Co-Accused
12293,4905,504626,Co-Accused
12294,4905,511497,Co-Accused
12295,4905,511897,Co-Accused
12296,4905,522348,Co-Accused
12297,4906,510784,Co-Accused
12298,4906,507442,Co-Accused
12299,4907,514024,Co-Accused
12300,4908,522562,Co-Accused
12301,4909,517841,Co-Accused
12302,4909,523374,Co-Accused
12303,4909,523803,Co-Accused
12304,4910,514074,Main Accused
12305,4910,519689,Co-Accused
12306,4911,518467,Main Accused
12307,4911,520246,Co-Accused
12308,4911,518405,Main Accused
12309,4911,505737,Main Accused
12310,4912,521677,Main Accused
12311,4912,505989,Co-Accused
12312,4912,524532,Main Accused
12313,4913,523087,Main Accused
12314,4914,518878,Co-Accused
12315,4915,515149,Co-Accused
12316,4915,506776,Main Accused
12317,4916,505243,Main Accused
12318,4917,519526,Main Accused
12319,4917,516247,Main Accused
12320,4918,509774,Main Accused
12321,4918,517853,Co-Accused
12322,4918,520289,Co-Accused
12323,4918,505383,Co-Accused
12324,4919,506213,Main Accused
12325,4919,521373,Co-Accused
12326,4920,520955,Co-Accused
12327,4920,513157,Co-Accused
12328,4920,520300,Main Accused
12329,4920,511477,Main Accused
12330,4921,520695,Main Accused
12331,4922,520069,Main Accused
12332,4922,507696,Main Accused
12333,4922,507252,Main Accused
12334,4922,507086,Co-Accused
12335,4923,502046,Co-Accused
12336,4924,502709,Main Accused
12337,4924,520490,Main Accused
12338,4924,501084,Co-Accused
12339,4925,506136,Main Accused
12340,4925,501533,Co-Accused
12341,4925,522840,Co-Accused
12342,4925,509272,Co-Accused
12343,4926,511637,Main Accused
12344,4926,511556,Co-Accused
12345,4927,519897,Co-Accused
12346,4927,510638,Main Accused
12347,4928,502421,Main Accused
12348,4928,504040,Co-Accused
12349,4929,513455,Co-Accused
12350,4929,510320,Co-Accused
12351,4929,523557,Co-Accused
12352,4929,524586,Co-Accused
12353,4930,509238,Main Accused
12354,4930,521442,Co-Accused
12355,4930,504053,Main Accused
12356,4930,500651,Main Accused
12357,4931,503539,Main Accused
12358,4931,512254,Co-Accused
12359,4931,523740,Co-Accused
12360,4931,522809,Main Accused
12361,4932,523077,Main Accused
12362,4932,514939,Main Accused
12363,4932,503187,Co-Accused
12364,4933,516228,Main Accused
12365,4933,519549,Main Accused
12366,4934,513623,Co-Accused
12367,4935,504360,Main Accused
12368,4935,515904,Main Accused
12369,4935,502213,Co-Accused
12370,4936,503906,Co-Accused
12371,4936,523526,Main Accused
12372,4936,524176,Co-Accused
12373,4937,522936,Main Accused
12374,4937,521200,Co-Accused
12375,4938,524934,Co-Accused
12376,4938,506968,Main Accused
12377,4938,521132,Co-Accused
12378,4938,511427,Co-Accused
12379,4939,517985,Co-Accused
12380,4939,502624,Main Accused
12381,4939,504430,Main Accused
12382,4939,502321,Main Accused
12383,4940,514997,Co-Accused
12384,4941,518194,Co-Accused
12385,4941,521481,Main Accused
12386,4941,520312,Co-Accused
12387,4941,502392,Co-Accused
12388,4942,513839,Main Accused
12389,4943,513833,Co-Accused
12390,4943,504867,Main Accused
12391,4943,505529,Main Accused
12392,4944,510229,Co-Accused
12393,4944,512388,Co-Accused
12394,4945,512811,Main Accused
12395,4946,524173,Co-Accused
12396,4946,503717,Co-Accused
12397,4946,507695,Co-Accused
12398,4947,512600,Co-Accused
12399,4947,507501,Main Accused
12400,4947,519250,Co-Accused
12401,4948,519957,Main Accused
12402,4949,502639,Main Accused
12403,4949,515636,Co-Accused
12404,4949,506283,Main Accused
12405,4949,503486,Co-Accused
12406,4950,502076,Main Accused
12407,4950,502730,Co-Accused
12408,4950,500179,Main Accused
12409,4951,517041,Co-Accused
12410,4951,502383,Co-Accused
12411,4952,502405,Co-Accused
12412,4952,518104,Co-Accused
12413,4953,505931,Main Accused
12414,4953,524176,Main Accused
12415,4953,513763,Co-Accused
12416,4953,519974,Co-Accused
12417,4954,523842,Main Accused
12418,4954,504011,Co-Accused
12419,4955,521265,Main Accused
12420,4955,504077,Main Accused
12421,4955,510510,Co-Accused
12422,4955,506468,Co-Accused
12423,4956,516008,Co-Accused
12424,4956,511335,Co-Accused
12425,4956,502668,Co-Accused
12426,4957,508792,Main Accused
12427,4958,523155,Co-Accused
12428,4959,509046,Main Accused
12429,4959,504721,Co-Accused
12430,4959,503603,Main Accused
12431,4959,514847,Main Accused
12432,4960,521768,Main Accused
12433,4960,513720,Co-Accused
12434,4960,507002,Main Accused
12435,4960,521850,Co-Accused
12436,4961,514884,Co-Accused
12437,4962,512317,Main Accused
12438,4962,505722,Main Accused
12439,4962,506104,Main Accused
12440,4963,521481,Main Accused
12441,4963,507501,Main Accused
12442,4963,519850,Co-Accused
12443,4964,507040,Co-Accused
12444,4965,502967,Main Accused
12445,4966,522003,Co-Accused
12446,4967,524202,Co-Accused
12447,4968,502423,Main Accused
12448,4968,520322,Co-Accused
12449,4968,517605,Co-Accused
12450,4968,511851,Co-Accused
12451,4969,508780,Co-Accused
12452,4969,505576,Co-Accused
12453,4969,507775,Main Accused
12454,4970,509540,Co-Accused
12455,4970,500741,Co-Accused
12456,4970,508307,Main Accused
12457,4971,503685,Co-Accused
12458,4972,501664,Co-Accused
12459,4972,521062,Co-Accused
12460,4972,510440,Co-Accused
12461,4972,503023,Main Accused
12462,4973,503214,Co-Accused
12463,4973,518495,Main Accused
12464,4973,519006,Main Accused
12465,4974,516242,Co-Accused
12466,4975,512251,Main Accused
12467,4975,508453,Main Accused
12468,4975,512576,Main Accused
12469,4976,524946,Co-Accused
12470,4976,522427,Co-Accused
12471,4976,506235,Co-Accused
12472,4977,503974,Co-Accused
12473,4977,519437,Co-Accused
12474,4977,516198,Co-Accused
12475,4977,514556,Co-Accused
12476,4978,522855,Main Accused
12477,4978,503238,Co-Accused
12478,4979,509884,Co-Accused
12479,4979,509330,Co-Accused
12480,4980,513981,Co-Accused
12481,4980,518717,Main Accused
12482,4980,521506,Co-Accused
12483,4980,500205,Main Accused
12484,4981,524609,Co-Accused
12485,4981,513799,Main Accused
12486,4981,517637,Co-Accused
12487,4982,514737,Main Accused
12488,4982,500530,Co-Accused
12489,4983,517866,Co-Accused
12490,4983,524619,Co-Accused
12491,4983,517378,Main Accused
12492,4984,524768,Co-Accused
12493,4984,509270,Co-Accused
12494,4984,524856,Co-Accused
12495,4985,507267,Co-Accused
12496,4986,521018,Main Accused
12497,4986,505944,Main Accused
12498,4986,518940,Main Accused
12499,4987,510308,Co-Accused
12500,4988,501300,Main Accused
12501,4989,513670,Co-Accused
12502,4989,502276,Main Accused
12503,4989,517835,Main Accused
12504,4989,507152,Main Accused
12505,4990,513935,Co-Accused
12506,4990,504252,Co-Accused
12507,4990,501310,Main Accused
12508,4990,500887,Co-Accused
12509,4991,519931,Co-Accused
12510,4992,521174,Co-Accused
12511,4992,506982,Co-Accused
12512,4993,519237,Main Accused
12513,4994,518337,Co-Accused
12514,4994,501407,Co-Accused
12515,4995,520795,Main Accused
12516,4995,519752,Main Accused
12517,4995,502412,Main Accused
12518,4995,523095,Main Accused
12519,4996,512296,Co-Accused
12520,4996,522304,Main Accused
12521,4996,516620,Co-Accused
12522,4996,518517,Co-Accused
12523,4997,516863,Main Accused
12524,4997,512805,Main Accused
12525,4998,514054,Co-Accused
12526,4999,518162,Main Accused
12527,4999,517857,Co-Accused
12528,4999,514242,Main Accused
12529,4999,523353,Main Accused
12530,5000,505651,Main Accused
12531,5000,523007,Main Accused
12532,5000,515264,Co-Accused
