CaseID,FIRNumber,CrimeHeadID,CrimeSubHeadID,StationID,OfficerID,VictimID,AccusedID,Date,Weapon,Vehicle,Latitude,Longitude,Priority,ModusOperandi,Status
1,FIR/2024/000001,5,16,5,100348,523166,518095,2026-08-21,Iron Rod,Truck,12.930046,77.568422,Low,Forced Entry,Charge Sheet Filed
2,FIR/2023/000002,6,18,16,101297,505969,513520,2024-05-21,Stick,Van,12.955883,74.860523,Critical,Social Engineering,Closed
3,FIR/2025/000003,8,26,2,100098,502566,507561,2026-08-22,Stick,Truck,12.939843,77.589528,Low,Fake Identity,Pending Trial
4,FIR/2024/000004,6,22,14,101165,522464,516645,2022-09-21,Knife,Scooter,12.30438,76.688188,Low,Physical Assault,Closed
5,FIR/2025/000005,9,31,2,100146,510107,511746,2023-10-05,Hands,Auto,12.971096,77.610426,Critical,Social Engineering,Closed
6,FIR/2024/000006,9,30,1,100006,510483,516447,2024-10-20,Crowbar,Car,12.976067,77.553231,High,Online Scam,Charge Sheet Filed
7,FIR/2023/000007,11,36,2,100104,511161,516498,2024-01-15,Stick,Motorcycle,12.937187,77.629916,Low,Duplicate Key,Charge Sheet Filed
8,FIR/2024/000008,2,7,5,100389,504195,504609,2023-06-28,Crowbar,Van,12.961406,77.565097,Medium,Online Scam,Closed
9,FIR/2023/000009,7,24,15,101236,506293,515701,2022-02-07,Knife,Auto,12.313117,76.593795,Low,Firearm,Charge Sheet Filed
10,FIR/2024/000010,10,33,16,101331,505441,504852,2023-03-27,Hands,Motorcycle,12.962518,74.871895,High,ATM Skimming,Under Investigation
11,FIR/2026/000011,5,17,5,100369,501399,504019,2023-06-17,Stick,Truck,12.963038,77.560293,Critical,Forced Entry,Pending Trial
12,FIR/2022/000012,8,26,11,100927,512111,503415,2025-02-24,Knife,Van,12.354901,76.625536,High,Firearm,Charge Sheet Filed
13,FIR/2024/000013,9,31,14,101178,501683,522717,2026-02-01,Iron Rod,Truck,12.284503,76.663237,Low,Forced Entry,Under Investigation
14,FIR/2022/000014,1,3,1,100050,507846,524433,2023-10-17,Iron Rod,Truck,13.001877,77.581126,High,Fake Identity,Closed
15,FIR/2024/000015,2,5,5,100350,517065,514899,2026-01-14,Crowbar,Motorcycle,12.954495,77.5528,Medium,Firearm,Closed
16,FIR/2023/000016,10,33,2,100128,521165,501001,2026-03-02,Iron Rod,Scooter,12.966274,77.626513,Low,Fake Identity,Pending Trial
17,FIR/2024/000017,3,9,13,101060,523926,521963,2025-03-29,Pistol,Car,12.314507,76.689317,Medium,Online Scam,Closed
18,FIR/2026/000018,11,37,13,101113,501863,519619,2024-04-22,Knife,Car,12.327645,76.668,Low,Social Engineering,Closed
19,FIR/2024/000019,7,24,19,101492,505812,524643,2026-05-12,Knife,Truck,12.952124,74.843205,Critical,Knife Attack,Closed
20,FIR/2026/000020,7,25,3,100215,507029,524117,2025-11-23,Hands,Car,12.990073,77.592072,Medium,Knife Attack,Pending Trial
21,FIR/2022/000021,4,13,13,101108,515374,507035,2025-06-17,Iron Rod,None,12.3344,76.702162,High,Online Scam,Pending Trial
22,FIR/2023/000022,4,12,19,101490,515998,502936,2024-12-08,Knife,Car,12.91783,74.836836,High,Physical Assault,Closed
23,FIR/2026/000023,6,19,13,101109,513588,503105,2025-11-21,Hands,Motorcycle,12.315082,76.66932,Medium,Social Engineering,Under Investigation
24,FIR/2025/000024,6,21,18,101432,507313,520830,2022-06-09,Knife,Scooter,12.924936,74.861597,Low,Duplicate Key,Under Investigation
25,FIR/2026/000025,12,40,10,100825,510422,514967,2025-10-31,Crowbar,Scooter,12.934268,77.584604,High,Social Engineering,Closed
26,FIR/2024/000026,8,28,5,100362,510434,523577,2025-03-20,Stick,Van,12.945549,77.54924,High,Forced Entry,Under Investigation
27,FIR/2024/000027,2,5,11,100955,518100,519132,2024-07-22,Crowbar,Car,12.309675,76.597377,Critical,Poisoning,Closed
28,FIR/2022/000028,6,20,9,100763,513846,515871,2023-05-13,Unknown,None,12.991188,77.582122,Low,Vehicle Lock Break,Closed
29,FIR/2026/000029,7,25,2,100135,510374,516791,2024-01-03,Pistol,Auto,12.935604,77.628154,High,Duplicate Key,Under Investigation
30,FIR/2026/000030,2,5,19,101501,501025,518405,2022-02-24,Stick,Auto,12.908549,74.816141,Critical,Firearm,Under Investigation
31,FIR/2025/000031,11,37,12,100981,509623,512464,2024-09-28,Iron Rod,Van,12.332199,76.655033,Medium,Poisoning,Under Investigation
32,FIR/2022/000032,1,3,6,100486,522468,509664,2024-04-17,Knife,Truck,12.981093,77.604982,Critical,Social Engineering,Under Investigation
33,FIR/2025/000033,6,19,19,101525,519448,500093,2023-11-21,Hands,Scooter,12.904002,74.832353,Critical,Social Engineering,Pending Trial
34,FIR/2022/000034,5,15,15,101220,519930,511335,2022-08-09,Unknown,Scooter,12.301356,76.599806,Critical,Duplicate Key,Pending Trial
35,FIR/2026/000035,2,5,7,100589,509340,517097,2023-12-13,Pistol,Auto,12.945409,77.63392,Low,Knife Attack,Pending Trial
36,FIR/2026/000036,10,32,1,100024,500181,510493,2024-05-23,Stick,Motorcycle,12.955696,77.549226,Medium,Vehicle Lock Break,Under Investigation
37,FIR/2023/000037,1,3,7,100595,511120,500497,2024-02-08,Iron Rod,None,12.924096,77.596064,Low,Social Engineering,Pending Trial
38,FIR/2022/000038,7,23,2,100162,522356,511041,2023-01-17,Hands,Car,12.954967,77.599514,High,Poisoning,Under Investigation
39,FIR/2025/000039,8,28,15,101217,524751,504770,2026-01-25,Pistol,Motorcycle,12.289616,76.603845,Medium,Forced Entry,Under Investigation
40,FIR/2026/000040,7,25,13,101058,521976,520476,2025-03-13,Hands,Car,12.33701,76.676123,Medium,Duplicate Key,Pending Trial
41,FIR/2022/000041,8,26,3,100228,506068,507587,2023-01-03,Stick,Truck,12.99014,77.601749,Medium,Knife Attack,Charge Sheet Filed
42,FIR/2022/000042,3,10,3,100193,513232,521071,2026-10-04,Iron Rod,Motorcycle,12.994214,77.59892,Low,Knife Attack,Charge Sheet Filed
43,FIR/2023/000043,7,25,1,100035,506471,516700,2023-05-19,Stick,Motorcycle,12.961439,77.548183,Critical,Vehicle Lock Break,Closed
44,FIR/2025/000044,11,35,17,101374,523866,513719,2023-12-02,Iron Rod,Auto,12.902633,74.843848,High,ATM Skimming,Under Investigation
45,FIR/2026/000045,1,3,8,100657,514987,523516,2024-04-25,Iron Rod,Scooter,13.003455,77.611195,High,Vehicle Lock Break,Charge Sheet Filed
46,FIR/2026/000046,4,11,4,100297,506088,515669,2023-11-28,Crowbar,Truck,12.961715,77.64149,High,Duplicate Key,Under Investigation
47,FIR/2025/000047,8,26,6,100429,517503,516345,2023-09-26,Pistol,Motorcycle,13.00458,77.565278,Medium,ATM Skimming,Charge Sheet Filed
48,FIR/2026/000048,8,27,14,101151,504242,512864,2022-06-24,Stick,Car,12.25829,76.657944,High,Poisoning,Charge Sheet Filed
49,FIR/2023/000049,10,32,9,100731,503796,506031,2022-12-27,Knife,Auto,12.975701,77.540337,Low,Duplicate Key,Charge Sheet Filed
50,FIR/2026/000050,6,20,7,100596,504932,507389,2023-03-25,Iron Rod,Scooter,12.950816,77.610492,High,Knife Attack,Under Investigation
51,FIR/2022/000051,1,4,5,100398,523392,515750,2023-11-09,Hands,Truck,12.955952,77.546983,Low,Duplicate Key,Pending Trial
52,FIR/2025/000052,7,25,15,101213,511421,518561,2026-12-05,Unknown,Car,12.311164,76.6207,Medium,Vehicle Lock Break,Pending Trial
53,FIR/2022/000053,11,36,10,100862,512391,500127,2026-12-09,Iron Rod,Van,12.926783,77.599728,Critical,Social Engineering,Pending Trial
54,FIR/2024/000054,10,33,16,101274,506120,522985,2026-05-18,Stick,Scooter,12.973898,74.88885,Medium,Poisoning,Pending Trial
55,FIR/2025/000055,12,40,17,101357,524463,524233,2024-10-05,Hands,Motorcycle,12.895842,74.835546,Critical,Poisoning,Under Investigation
56,FIR/2022/000056,1,4,5,100382,511958,506893,2024-02-08,Knife,Van,12.953807,77.576053,Critical,Social Engineering,Pending Trial
57,FIR/2022/000057,12,40,5,100355,518296,520870,2025-05-21,Pistol,Van,12.940318,77.586114,Medium,Online Scam,Under Investigation
58,FIR/2025/000058,1,2,15,101224,500923,510278,2022-04-10,Unknown,Scooter,12.313337,76.642173,High,Forced Entry,Under Investigation
59,FIR/2022/000059,2,5,16,101339,516788,505114,2025-08-08,Knife,None,12.966782,74.88315,Medium,Physical Assault,Under Investigation
60,FIR/2024/000060,1,3,18,101421,517749,516513,2023-01-18,Iron Rod,None,12.970643,74.87267,Low,Online Scam,Under Investigation
61,FIR/2022/000061,5,14,20,101586,524672,505948,2024-02-20,Pistol,Auto,12.944724,74.834275,Medium,Social Engineering,Closed
62,FIR/2022/000062,3,8,5,100362,519697,505715,2023-05-30,Iron Rod,Truck,12.924133,77.592989,Critical,Fake Identity,Charge Sheet Filed
63,FIR/2023/000063,1,3,3,100236,516278,522066,2023-01-25,Knife,Truck,13.000173,77.615817,Critical,Duplicate Key,Pending Trial
64,FIR/2024/000064,10,32,13,101107,511539,506698,2023-12-06,Stick,None,12.303454,76.687282,Critical,Social Engineering,Closed
65,FIR/2023/000065,7,23,5,100363,517861,524721,2025-10-23,Unknown,Scooter,12.913475,77.546703,Low,Social Engineering,Pending Trial
66,FIR/2023/000066,2,5,1,100060,510415,502619,2025-02-24,Crowbar,None,12.967934,77.54869,High,Poisoning,Closed
67,FIR/2026/000067,9,30,5,100379,501268,522343,2024-06-02,Iron Rod,Truck,12.915183,77.555508,High,Poisoning,Closed
68,FIR/2026/000068,12,38,1,100095,518227,519609,2023-11-06,Crowbar,Van,12.948575,77.579914,Critical,Physical Assault,Closed
69,FIR/2023/000069,10,33,9,100708,519206,505282,2022-03-04,Iron Rod,Scooter,13.023113,77.554962,Medium,Firearm,Closed
70,FIR/2023/000070,7,23,14,101138,519579,502108,2024-01-29,Stick,Van,12.298923,76.68796,High,Forced Entry,Closed
71,FIR/2024/000071,1,4,10,100811,511261,513516,2023-11-22,Knife,None,12.93334,77.561534,Critical,Firearm,Closed
72,FIR/2022/000072,9,29,19,101481,521115,508886,2024-06-05,Stick,Van,12.953527,74.837699,Medium,Duplicate Key,Under Investigation
73,FIR/2025/000073,1,2,11,100937,507445,518624,2024-09-28,Hands,Motorcycle,12.325551,76.597474,Critical,Physical Assault,Pending Trial
74,FIR/2022/000074,3,8,14,101177,517048,504980,2022-03-22,Pistol,Auto,12.303939,76.644741,Critical,Firearm,Closed
75,FIR/2025/000075,5,14,17,101391,515010,501689,2025-07-20,Iron Rod,None,12.902848,74.840392,Critical,Vehicle Lock Break,Charge Sheet Filed
76,FIR/2022/000076,5,17,4,100289,516653,514489,2025-06-23,Hands,Scooter,12.977561,77.63616,Medium,Vehicle Lock Break,Closed
77,FIR/2023/000077,7,25,13,101060,521479,524637,2023-11-24,Knife,Motorcycle,12.323772,76.681705,Low,Online Scam,Closed
78,FIR/2025/000078,5,17,12,101015,510466,511821,2023-05-22,Pistol,Auto,12.296043,76.670401,Low,Physical Assault,Pending Trial
79,FIR/2026/000079,12,38,12,100968,524866,501343,2022-04-09,Unknown,Car,12.302411,76.677161,High,Vehicle Lock Break,Pending Trial
80,FIR/2025/000080,4,11,9,100721,514512,511693,2023-04-25,Pistol,Truck,13.008625,77.551892,High,Fake Identity,Pending Trial
81,FIR/2023/000081,9,31,6,100512,505989,513362,2025-06-18,Hands,Motorcycle,13.017314,77.590675,Medium,Poisoning,Closed
82,FIR/2024/000082,1,1,2,100158,509853,502942,2026-09-22,Hands,Car,12.964305,77.609627,Medium,Physical Assault,Closed
83,FIR/2026/000083,12,40,8,100622,507074,506233,2026-03-04,Crowbar,Van,13.008233,77.607749,High,Forced Entry,Under Investigation
84,FIR/2023/000084,11,37,14,101134,516906,524544,2026-02-01,Iron Rod,Van,12.29493,76.679529,High,Firearm,Closed
85,FIR/2023/000085,10,33,16,101324,505398,514923,2024-11-10,Iron Rod,Truck,12.970183,74.894924,High,Duplicate Key,Under Investigation
86,FIR/2024/000086,7,25,4,100274,516412,520892,2022-07-10,Iron Rod,None,12.958594,77.600879,Critical,Online Scam,Under Investigation
87,FIR/2022/000087,6,19,3,100226,501899,510234,2022-12-27,Pistol,None,12.961059,77.592942,High,Forced Entry,Pending Trial
88,FIR/2022/000088,3,10,7,100596,503530,515793,2026-06-26,Crowbar,Scooter,12.922208,77.62119,High,Online Scam,Pending Trial
89,FIR/2024/000089,6,21,15,101226,503123,501866,2025-04-12,Stick,Car,12.303338,76.642003,Critical,Duplicate Key,Charge Sheet Filed
90,FIR/2025/000090,6,20,5,100395,503501,511710,2025-12-19,Knife,None,12.942527,77.548207,Low,Knife Attack,Charge Sheet Filed
91,FIR/2026/000091,1,3,9,100715,509861,515191,2024-12-15,Unknown,Motorcycle,12.96643,77.592048,Low,Physical Assault,Under Investigation
92,FIR/2025/000092,4,11,6,100538,510357,514482,2023-01-30,Stick,Car,12.996324,77.611542,Critical,Social Engineering,Closed
93,FIR/2024/000093,9,30,8,100673,518519,519941,2023-04-20,Hands,None,13.001019,77.574636,High,Physical Assault,Under Investigation
94,FIR/2023/000094,12,40,18,101431,504274,511716,2025-06-22,Iron Rod,Truck,12.965289,74.854605,Critical,Poisoning,Charge Sheet Filed
95,FIR/2024/000095,9,30,11,100920,507061,507355,2022-03-05,Pistol,Van,12.336132,76.578797,Low,Online Scam,Charge Sheet Filed
96,FIR/2024/000096,8,27,10,100812,519808,509858,2026-10-03,Pistol,Car,12.952885,77.607101,Critical,Vehicle Lock Break,Charge Sheet Filed
97,FIR/2024/000097,9,29,9,100720,501644,513485,2025-03-14,Iron Rod,Motorcycle,12.990139,77.592685,High,Online Scam,Closed
98,FIR/2026/000098,11,37,18,101409,501845,506508,2025-01-06,Crowbar,Car,12.948018,74.862562,Critical,Forced Entry,Charge Sheet Filed
99,FIR/2025/000099,1,3,3,100199,507824,521353,2026-10-29,Knife,None,12.945675,77.599262,Low,Online Scam,Closed
100,FIR/2026/000100,9,29,14,101153,514812,523208,2023-07-25,Iron Rod,Auto,12.265685,76.662474,High,Social Engineering,Closed
101,FIR/2022/000101,11,37,3,100176,509121,521749,2023-01-08,Unknown,Van,12.94825,77.602943,Medium,Poisoning,Under Investigation
102,FIR/2022/000102,2,5,4,100304,520511,506540,2023-07-07,Hands,Auto,12.965564,77.61204,Critical,Fake Identity,Pending Trial
103,FIR/2025/000103,12,38,5,100392,522945,507391,2026-01-19,Hands,Auto,12.935365,77.566683,Low,Physical Assault,Closed
104,FIR/2025/000104,5,16,20,101584,521541,524353,2024-05-01,Stick,Auto,12.933521,74.84744,Low,Physical Assault,Charge Sheet Filed
105,FIR/2023/000105,1,2,5,100426,514405,514245,2022-08-07,Iron Rod,Scooter,12.967115,77.551971,Critical,Duplicate Key,Closed
106,FIR/2025/000106,12,40,5,100389,521094,502649,2023-10-04,Crowbar,Motorcycle,12.931769,77.598383,Medium,Duplicate Key,Charge Sheet Filed
107,FIR/2023/000107,9,31,8,100633,524881,518461,2026-04-28,Hands,Scooter,12.962892,77.589343,Critical,Duplicate Key,Charge Sheet Filed
108,FIR/2025/000108,3,9,8,100660,507200,514766,2026-11-29,Stick,Truck,13.011642,77.620569,High,Social Engineering,Under Investigation
109,FIR/2023/000109,3,9,9,100767,514306,519956,2024-01-04,Unknown,Van,13.021587,77.549737,Medium,Knife Attack,Charge Sheet Filed
110,FIR/2024/000110,7,24,14,101152,510629,510920,2024-06-06,Unknown,None,12.254734,76.660664,Critical,Poisoning,Pending Trial
111,FIR/2023/000111,8,27,4,100326,523368,520689,2022-06-11,Unknown,None,12.968344,77.648579,Critical,Online Scam,Charge Sheet Filed
112,FIR/2023/000112,2,5,18,101450,524843,519625,2026-07-10,Iron Rod,Scooter,12.965236,74.880837,High,Knife Attack,Closed
113,FIR/2023/000113,1,1,6,100511,522394,503858,2026-12-12,Crowbar,Van,12.986931,77.615115,Critical,Physical Assault,Under Investigation
114,FIR/2023/000114,2,5,20,101570,506227,518622,2026-12-19,Crowbar,Van,12.931378,74.87204,Critical,ATM Skimming,Under Investigation
115,FIR/2026/000115,3,9,13,101072,517346,509471,2026-02-22,Iron Rod,Van,12.303228,76.680871,Medium,Poisoning,Charge Sheet Filed
116,FIR/2023/000116,4,11,15,101218,509056,503334,2025-01-26,Pistol,Auto,12.303651,76.602013,Critical,Physical Assault,Pending Trial
117,FIR/2022/000117,3,9,8,100646,506097,524776,2022-08-28,Pistol,Motorcycle,13.011223,77.58926,High,Forced Entry,Pending Trial
118,FIR/2025/000118,1,2,11,100895,520206,506701,2023-04-18,Stick,Van,12.332859,76.581505,High,Duplicate Key,Under Investigation
119,FIR/2023/000119,10,33,2,100165,518751,505479,2024-07-06,Unknown,Car,12.923996,77.580963,Low,Online Scam,Closed
120,FIR/2024/000120,5,17,14,101139,512124,524493,2023-03-02,Hands,Truck,12.265153,76.644599,Critical,Knife Attack,Charge Sheet Filed
121,FIR/2023/000121,11,36,6,100449,506853,509937,2022-03-14,Hands,Auto,12.993982,77.606494,Low,Physical Assault,Closed
122,FIR/2025/000122,11,35,17,101363,502260,521908,2024-12-28,Hands,Van,12.929167,74.837127,High,Fake Identity,Closed
123,FIR/2024/000123,11,36,7,100559,512244,518935,2023-12-06,Crowbar,Auto,12.962629,77.621897,Low,Vehicle Lock Break,Pending Trial
124,FIR/2022/000124,9,30,5,100382,507081,506332,2022-09-26,Unknown,Truck,12.926261,77.543275,Medium,Vehicle Lock Break,Pending Trial
125,FIR/2025/000125,2,6,4,100295,502028,508387,2026-01-07,Pistol,Truck,12.962113,77.649122,Low,Vehicle Lock Break,Closed
126,FIR/2026/000126,4,11,8,100647,500626,518323,2024-10-26,Pistol,None,12.970816,77.586139,High,Forced Entry,Under Investigation
127,FIR/2025/000127,10,32,1,100035,516026,519215,2026-11-04,Knife,Van,12.985587,77.569257,Low,Poisoning,Charge Sheet Filed
128,FIR/2022/000128,11,35,13,101070,524325,516749,2023-07-16,Knife,Car,12.334827,76.661276,Medium,Physical Assault,Closed
129,FIR/2025/000129,11,35,20,101581,506947,503645,2026-06-17,Knife,Van,12.927513,74.838129,Medium,Poisoning,Charge Sheet Filed
130,FIR/2022/000130,3,9,17,101374,521134,502337,2026-07-30,Unknown,Car,12.91575,74.867265,High,Firearm,Under Investigation
131,FIR/2025/000131,7,24,2,100139,523331,510228,2024-02-05,Iron Rod,None,12.968046,77.616774,Medium,Vehicle Lock Break,Charge Sheet Filed
132,FIR/2023/000132,3,9,5,100380,508254,508267,2022-12-05,Hands,Motorcycle,12.965521,77.583469,High,Duplicate Key,Charge Sheet Filed
133,FIR/2024/000133,1,4,15,101199,508833,513020,2024-01-01,Pistol,None,12.281805,76.636062,Low,Forced Entry,Under Investigation
134,FIR/2022/000134,6,22,14,101119,507291,507691,2022-11-29,Unknown,Motorcycle,12.297069,76.676406,High,Forced Entry,Charge Sheet Filed
135,FIR/2024/000135,4,11,4,100315,517058,518303,2022-01-15,Crowbar,Car,13.008458,77.604378,High,ATM Skimming,Charge Sheet Filed
136,FIR/2022/000136,4,13,7,100558,508997,521111,2026-03-19,Iron Rod,None,12.933456,77.635079,Medium,Forced Entry,Under Investigation
137,FIR/2025/000137,5,14,8,100640,513147,520838,2026-05-28,Hands,Motorcycle,12.999265,77.576114,High,Online Scam,Pending Trial
138,FIR/2022/000138,2,7,6,100428,523752,518475,2025-10-18,Knife,Motorcycle,13.016288,77.578246,High,Fake Identity,Pending Trial
139,FIR/2024/000139,1,1,8,100642,509366,511694,2023-11-01,Unknown,Car,12.991826,77.569798,Medium,Online Scam,Charge Sheet Filed
140,FIR/2026/000140,1,2,13,101059,508599,513425,2023-11-06,Stick,Motorcycle,12.333465,76.694805,High,ATM Skimming,Closed
141,FIR/2022/000141,7,25,9,100721,503819,520573,2022-10-10,Stick,None,13.007104,77.592575,High,Forced Entry,Closed
142,FIR/2026/000142,1,2,15,101246,523316,514576,2024-10-29,Hands,Scooter,12.304906,76.609809,Medium,Duplicate Key,Pending Trial
143,FIR/2024/000143,4,11,16,101281,515473,519161,2023-02-19,Iron Rod,None,12.969143,74.890029,High,Social Engineering,Closed
144,FIR/2022/000144,9,30,20,101588,507227,524219,2024-08-16,Hands,Van,12.890991,74.833738,Medium,Forced Entry,Under Investigation
145,FIR/2024/000145,11,36,2,100116,512389,507400,2022-06-26,Stick,Truck,12.962412,77.619749,Low,ATM Skimming,Under Investigation
146,FIR/2025/000146,9,30,18,101423,508829,523161,2022-03-09,Crowbar,Van,12.944257,74.88626,Low,Online Scam,Closed
147,FIR/2023/000147,6,21,6,100450,504580,517569,2025-06-04,Stick,Car,12.970324,77.576582,Low,Knife Attack,Pending Trial
148,FIR/2026/000148,10,32,14,101126,509353,505589,2023-07-30,Pistol,None,12.296374,76.672141,Medium,Vehicle Lock Break,Under Investigation
149,FIR/2026/000149,7,24,14,101124,515625,504049,2026-08-31,Stick,None,12.304148,76.657674,Critical,Duplicate Key,Under Investigation
150,FIR/2024/000150,9,31,3,100177,508525,517236,2024-05-25,Iron Rod,None,12.996728,77.603914,Critical,Poisoning,Under Investigation
151,FIR/2023/000151,9,30,9,100753,510404,504699,2023-11-17,Stick,None,13.012864,77.568597,High,ATM Skimming,Closed
152,FIR/2026/000152,6,22,1,100062,503000,503173,2026-09-10,Pistol,Scooter,12.995409,77.554305,Low,ATM Skimming,Under Investigation
153,FIR/2026/000153,3,8,13,101069,522559,505668,2024-07-16,Hands,Van,12.290021,76.664462,Low,Fake Identity,Closed
154,FIR/2022/000154,5,16,2,100135,501580,516080,2022-10-22,Unknown,Van,12.939829,77.617234,Low,Firearm,Closed
155,FIR/2025/000155,9,30,5,100393,521215,519613,2025-09-17,Stick,Motorcycle,12.958644,77.566442,Medium,Duplicate Key,Charge Sheet Filed
156,FIR/2025/000156,1,3,12,100973,501392,520103,2022-09-16,Knife,Auto,12.29701,76.6686,Medium,Online Scam,Closed
157,FIR/2023/000157,8,27,9,100768,505575,500161,2024-12-01,Hands,Van,13.014585,77.576863,Critical,Social Engineering,Closed
158,FIR/2023/000158,3,10,7,100564,514781,506756,2025-07-06,Iron Rod,Car,12.940618,77.599874,Critical,Online Scam,Charge Sheet Filed
159,FIR/2022/000159,3,10,17,101348,520418,511720,2024-12-18,Knife,Van,12.922374,74.835839,Critical,Firearm,Closed
160,FIR/2022/000160,6,18,17,101389,509385,517087,2023-10-21,Crowbar,Scooter,12.935751,74.861513,Critical,Fake Identity,Closed
161,FIR/2022/000161,6,19,16,101264,517857,508060,2022-01-06,Pistol,None,12.963424,74.859599,Low,Physical Assault,Pending Trial
162,FIR/2022/000162,10,32,18,101440,522219,517657,2023-12-27,Iron Rod,Car,12.94671,74.880655,Medium,Firearm,Under Investigation
163,FIR/2026/000163,1,4,17,101364,522939,522931,2023-01-08,Iron Rod,Van,12.89152,74.827017,Medium,Physical Assault,Charge Sheet Filed
164,FIR/2022/000164,5,14,16,101333,523447,516361,2024-02-16,Unknown,Truck,12.977579,74.880094,Low,Forced Entry,Under Investigation
165,FIR/2025/000165,2,7,13,101069,521872,507135,2024-12-28,Pistol,Truck,12.333817,76.7029,Critical,ATM Skimming,Charge Sheet Filed
166,FIR/2022/000166,4,13,7,100542,504982,522198,2026-07-22,Knife,Scooter,12.940127,77.627065,Low,ATM Skimming,Pending Trial
167,FIR/2026/000167,5,16,20,101610,521580,507844,2026-03-30,Stick,Scooter,12.888386,74.872036,High,Fake Identity,Pending Trial
168,FIR/2026/000168,8,28,18,101432,507579,503963,2022-06-20,Crowbar,Motorcycle,12.928258,74.89055,Medium,Fake Identity,Closed
169,FIR/2025/000169,3,8,12,100982,500338,519946,2023-06-29,Hands,None,12.289116,76.687973,Critical,Duplicate Key,Closed
170,FIR/2024/000170,10,32,10,100861,514923,510520,2024-11-06,Stick,None,12.925675,77.605938,Medium,Firearm,Pending Trial
171,FIR/2025/000171,6,21,18,101414,514267,514283,2026-09-21,Hands,Car,12.921409,74.86515,High,Forced Entry,Closed
172,FIR/2022/000172,1,3,7,100585,504601,519248,2023-09-28,Unknown,Van,12.91438,77.635837,High,Online Scam,Pending Trial
173,FIR/2024/000173,3,9,8,100677,515581,523343,2022-03-09,Crowbar,None,12.967437,77.580674,Critical,Poisoning,Closed
174,FIR/2023/000174,6,21,3,100242,503924,500571,2024-04-16,Hands,Motorcycle,12.958139,77.573121,Critical,Duplicate Key,Pending Trial
175,FIR/2025/000175,11,35,19,101505,506903,508566,2025-12-30,Hands,Van,12.959275,74.848184,Medium,Vehicle Lock Break,Pending Trial
176,FIR/2022/000176,6,22,14,101141,516704,503599,2026-01-14,Crowbar,Scooter,12.27821,76.656859,Critical,ATM Skimming,Pending Trial
177,FIR/2025/000177,2,6,20,101613,508583,523984,2024-06-11,Crowbar,None,12.900893,74.869053,Medium,Physical Assault,Charge Sheet Filed
178,FIR/2023/000178,9,31,1,100047,516171,514989,2025-06-07,Stick,Truck,12.998642,77.541697,Critical,Fake Identity,Under Investigation
179,FIR/2026/000179,2,6,18,101446,501671,509790,2022-09-24,Iron Rod,Van,12.924704,74.84619,High,Firearm,Under Investigation
180,FIR/2024/000180,5,17,8,100697,510457,524286,2024-01-08,Crowbar,Scooter,12.986844,77.612662,High,Vehicle Lock Break,Under Investigation
181,FIR/2024/000181,10,33,14,101164,511339,523586,2022-12-07,Hands,Scooter,12.290509,76.673013,Low,Firearm,Pending Trial
182,FIR/2025/000182,12,39,19,101466,521865,500121,2025-06-19,Unknown,Van,12.914579,74.828231,Critical,Duplicate Key,Under Investigation
183,FIR/2024/000183,3,8,13,101109,507845,513801,2023-10-21,Unknown,Van,12.314848,76.693613,Critical,Vehicle Lock Break,Charge Sheet Filed
184,FIR/2025/000184,10,34,20,101565,508082,522463,2024-10-25,Knife,Scooter,12.920682,74.878734,Low,Duplicate Key,Closed
185,FIR/2023/000185,10,34,20,101606,506820,515026,2022-03-29,Knife,Car,12.934101,74.879116,Critical,Social Engineering,Charge Sheet Filed
186,FIR/2026/000186,7,24,5,100358,506445,506103,2025-09-01,Iron Rod,Auto,12.956364,77.556844,Low,Poisoning,Closed
187,FIR/2026/000187,1,3,7,100581,515122,523474,2022-12-21,Iron Rod,Van,12.906843,77.604683,Critical,Physical Assault,Charge Sheet Filed
188,FIR/2024/000188,1,4,7,100594,515726,508702,2023-06-29,Knife,Scooter,12.946781,77.636861,High,Physical Assault,Closed
189,FIR/2023/000189,5,17,13,101066,511718,515335,2025-05-13,Unknown,None,12.296071,76.672669,Medium,Duplicate Key,Closed
190,FIR/2024/000190,1,3,5,100362,508475,505414,2022-06-02,Pistol,Car,12.951828,77.591913,High,Fake Identity,Pending Trial
191,FIR/2022/000191,9,29,13,101106,505087,508236,2026-05-02,Hands,None,12.28253,76.700368,Medium,Online Scam,Closed
192,FIR/2023/000192,12,39,2,100109,524945,524098,2023-05-19,Hands,Van,12.937192,77.607689,Medium,Fake Identity,Charge Sheet Filed
193,FIR/2022/000193,10,32,4,100312,514289,524567,2025-08-30,Hands,Scooter,12.960359,77.635263,Medium,Fake Identity,Pending Trial
194,FIR/2026/000194,9,29,2,100160,521985,504831,2023-01-28,Stick,Truck,12.949003,77.623757,High,Poisoning,Closed
195,FIR/2023/000195,8,26,2,100155,522913,516530,2022-09-06,Iron Rod,Truck,12.965224,77.600501,Low,Knife Attack,Closed
196,FIR/2022/000196,1,4,4,100303,504948,524275,2026-07-22,Hands,Car,13.010119,77.632976,High,Physical Assault,Pending Trial
197,FIR/2024/000197,6,21,13,101096,521058,502360,2023-09-22,Stick,Motorcycle,12.30196,76.661826,Low,Online Scam,Under Investigation
198,FIR/2026/000198,10,32,18,101440,521714,521578,2025-12-19,Crowbar,Auto,12.942968,74.879519,Low,Online Scam,Closed
199,FIR/2026/000199,4,13,13,101101,512402,510104,2024-11-05,Crowbar,Truck,12.332263,76.663896,Low,Vehicle Lock Break,Charge Sheet Filed
200,FIR/2025/000200,4,12,19,101500,504056,516102,2023-09-30,Crowbar,Van,12.902188,74.820516,High,Social Engineering,Under Investigation
201,FIR/2022/000201,5,16,2,100150,524451,515661,2024-03-31,Knife,Motorcycle,12.944769,77.586334,Medium,Physical Assault,Pending Trial
202,FIR/2023/000202,12,40,2,100162,509951,521865,2025-01-14,Hands,Van,12.928675,77.607155,Critical,Firearm,Closed
203,FIR/2026/000203,3,9,19,101487,515490,518564,2023-03-19,Crowbar,Auto,12.910629,74.859578,Low,Fake Identity,Closed
204,FIR/2026/000204,9,29,6,100540,523190,524940,2026-11-15,Pistol,Car,12.994992,77.576234,Medium,Knife Attack,Pending Trial
205,FIR/2025/000205,1,2,10,100797,501376,508113,2025-06-27,Stick,Auto,12.946357,77.604553,Critical,ATM Skimming,Pending Trial
206,FIR/2026/000206,10,34,3,100179,508428,504074,2022-03-06,Crowbar,Scooter,12.993071,77.574396,Medium,Physical Assault,Pending Trial
207,FIR/2023/000207,9,29,7,100608,502782,504455,2022-06-16,Unknown,Truck,12.944757,77.650042,High,Firearm,Pending Trial
208,FIR/2025/000208,9,30,6,100463,514029,506742,2026-03-15,Knife,Truck,12.986323,77.618653,High,Firearm,Closed
209,FIR/2024/000209,7,25,9,100755,517987,505601,2024-08-08,Knife,Auto,12.99335,77.557314,Medium,ATM Skimming,Pending Trial
210,FIR/2025/000210,10,34,3,100248,520308,505485,2022-02-22,Pistol,None,12.946882,77.595095,Critical,ATM Skimming,Under Investigation
211,FIR/2026/000211,7,23,17,101354,502306,500214,2022-06-11,Stick,Scooter,12.907023,74.864215,Medium,Fake Identity,Charge Sheet Filed
212,FIR/2025/000212,7,25,1,100072,517823,524599,2024-08-27,Hands,Auto,12.979113,77.569888,Medium,ATM Skimming,Under Investigation
213,FIR/2024/000213,10,34,15,101182,503920,510680,2023-09-03,Pistol,Car,12.286787,76.589093,High,Knife Attack,Pending Trial
214,FIR/2022/000214,12,39,7,100585,513551,507491,2024-01-18,Stick,Scooter,12.907474,77.602476,High,Physical Assault,Closed
215,FIR/2024/000215,12,39,8,100668,522671,516235,2026-01-03,Hands,Motorcycle,13.004772,77.578827,High,Forced Entry,Closed
216,FIR/2023/000216,10,32,6,100480,503590,523025,2023-01-26,Pistol,Truck,13.010318,77.563516,Critical,Social Engineering,Charge Sheet Filed
217,FIR/2023/000217,6,21,13,101077,522658,511793,2022-03-26,Iron Rod,Auto,12.294738,76.663474,Medium,Social Engineering,Under Investigation
218,FIR/2022/000218,6,19,9,100772,506626,503707,2024-12-20,Hands,Truck,12.982386,77.589325,High,Online Scam,Pending Trial
219,FIR/2022/000219,9,30,12,101008,513502,520734,2024-10-16,Hands,Scooter,12.321676,76.687871,Critical,Poisoning,Under Investigation
220,FIR/2025/000220,1,1,20,101610,501441,519387,2024-12-15,Hands,Motorcycle,12.890408,74.877683,High,ATM Skimming,Under Investigation
221,FIR/2023/000221,4,13,13,101064,505112,524917,2025-05-18,Knife,None,12.297908,76.689909,Low,Social Engineering,Closed
222,FIR/2023/000222,6,21,2,100106,519608,505411,2026-04-16,Hands,Truck,12.982367,77.638902,Medium,Forced Entry,Under Investigation
223,FIR/2022/000223,6,22,10,100857,523366,518582,2026-04-04,Knife,Van,12.947196,77.591277,Medium,Forced Entry,Charge Sheet Filed
224,FIR/2025/000224,6,18,2,100105,522954,522950,2024-02-24,Stick,Car,12.951234,77.624049,High,Poisoning,Closed
225,FIR/2023/000225,3,8,11,100963,500280,507432,2022-02-18,Crowbar,Van,12.333744,76.589612,Low,Forced Entry,Closed
226,FIR/2026/000226,1,2,5,100371,514619,520123,2024-09-13,Crowbar,Car,12.945283,77.545271,Critical,Fake Identity,Pending Trial
227,FIR/2023/000227,1,1,2,100100,513372,511183,2025-05-13,Iron Rod,None,12.983473,77.623107,Critical,Fake Identity,Charge Sheet Filed
228,FIR/2022/000228,7,23,4,100335,519377,503275,2023-02-27,Stick,Van,13.011997,77.65399,High,Vehicle Lock Break,Pending Trial
229,FIR/2024/000229,8,27,7,100546,508969,512715,2022-03-14,Hands,None,12.946538,77.64622,Low,Online Scam,Charge Sheet Filed
230,FIR/2026/000230,5,14,16,101314,505533,509796,2025-04-29,Hands,Car,12.967215,74.89046,High,Duplicate Key,Pending Trial
231,FIR/2025/000231,1,4,4,100297,522900,500486,2025-08-28,Knife,Scooter,12.961813,77.60233,Medium,Poisoning,Charge Sheet Filed
232,FIR/2026/000232,8,27,2,100124,504701,509886,2024-02-19,Unknown,Truck,12.953976,77.602825,Medium,Duplicate Key,Under Investigation
233,FIR/2022/000233,1,3,3,100181,519713,514137,2024-11-24,Crowbar,Motorcycle,12.963575,77.600966,Critical,Firearm,Closed
234,FIR/2022/000234,8,27,14,101150,508856,522142,2023-12-02,Knife,Auto,12.265144,76.633623,Low,ATM Skimming,Charge Sheet Filed
235,FIR/2025/000235,5,16,6,100427,520847,506301,2023-05-31,Iron Rod,None,12.982799,77.582756,Low,Knife Attack,Pending Trial
236,FIR/2022/000236,10,33,5,100369,521021,503819,2022-12-23,Iron Rod,Van,12.923184,77.553977,Critical,ATM Skimming,Under Investigation
237,FIR/2022/000237,12,40,6,100469,511454,500063,2022-03-16,Hands,Van,13.019535,77.614324,High,Duplicate Key,Charge Sheet Filed
238,FIR/2025/000238,8,26,2,100153,501625,511378,2024-08-25,Stick,Motorcycle,12.950359,77.636096,Medium,Vehicle Lock Break,Pending Trial
239,FIR/2026/000239,7,24,18,101436,518331,524056,2024-02-29,Stick,Car,12.9673,74.833794,Medium,Fake Identity,Charge Sheet Filed
240,FIR/2023/000240,3,9,15,101182,516500,510577,2023-10-17,Unknown,Truck,12.276511,76.592024,High,Duplicate Key,Closed
241,FIR/2024/000241,3,8,17,101364,501700,516344,2025-06-04,Knife,Car,12.903909,74.847177,Low,Poisoning,Closed
242,FIR/2023/000242,11,37,7,100577,512492,520916,2026-02-16,Knife,Scooter,12.9206,77.632532,Low,Online Scam,Under Investigation
243,FIR/2022/000243,6,20,19,101516,521295,511397,2023-12-24,Iron Rod,Truck,12.948644,74.830621,Low,Social Engineering,Under Investigation
244,FIR/2025/000244,1,3,11,100907,507230,515728,2024-03-02,Knife,Car,12.315425,76.609495,Medium,Duplicate Key,Under Investigation
245,FIR/2022/000245,12,38,14,101158,505920,518018,2025-02-23,Iron Rod,Auto,12.257565,76.681493,Medium,Duplicate Key,Closed
246,FIR/2022/000246,12,39,10,100800,511090,522980,2025-05-07,Unknown,Car,12.925226,77.56564,High,Poisoning,Pending Trial
247,FIR/2023/000247,6,21,9,100771,508816,516304,2025-09-05,Unknown,Motorcycle,13.007432,77.556505,High,Physical Assault,Pending Trial
248,FIR/2024/000248,7,24,3,100227,503506,520965,2025-01-20,Iron Rod,Auto,12.9912,77.602419,Low,Online Scam,Charge Sheet Filed
249,FIR/2026/000249,10,33,20,101609,516599,506165,2025-06-02,Unknown,Scooter,12.922695,74.848191,High,Physical Assault,Closed
250,FIR/2022/000250,4,11,20,101596,508033,516879,2023-02-24,Crowbar,Car,12.912481,74.837622,Medium,Social Engineering,Charge Sheet Filed
251,FIR/2024/000251,3,10,11,100962,502083,510668,2022-12-09,Knife,Auto,12.357487,76.5959,Low,Social Engineering,Pending Trial
252,FIR/2024/000252,9,30,15,101195,521034,515763,2025-08-02,Crowbar,Motorcycle,12.289482,76.609327,High,Poisoning,Pending Trial
253,FIR/2026/000253,2,6,7,100575,513080,507044,2022-04-28,Crowbar,Auto,12.93951,77.611993,Low,Poisoning,Under Investigation
254,FIR/2022/000254,1,4,14,101154,511534,500385,2025-11-10,Stick,Motorcycle,12.271428,76.635972,High,Online Scam,Under Investigation
255,FIR/2026/000255,4,12,10,100847,521402,504083,2025-12-08,Hands,Auto,12.957213,77.576589,Low,ATM Skimming,Closed
256,FIR/2024/000256,9,31,6,100537,519535,512829,2024-06-26,Pistol,None,13.017991,77.614246,High,Fake Identity,Pending Trial
257,FIR/2026/000257,8,26,6,100490,520875,519564,2024-03-24,Stick,Motorcycle,12.976212,77.595896,High,Forced Entry,Closed
258,FIR/2024/000258,1,2,12,101035,513764,507382,2024-09-07,Stick,Car,12.285498,76.660347,Medium,Social Engineering,Charge Sheet Filed
259,FIR/2026/000259,8,26,19,101504,517483,513954,2025-12-19,Unknown,Scooter,12.956064,74.850233,Medium,Vehicle Lock Break,Pending Trial
260,FIR/2024/000260,3,10,9,100721,507130,500405,2022-11-02,Stick,Auto,13.017716,77.58386,Low,Physical Assault,Charge Sheet Filed
261,FIR/2023/000261,6,18,8,100626,501128,524019,2026-12-01,Stick,Van,12.993814,77.616338,Critical,Online Scam,Closed
262,FIR/2025/000262,1,1,11,100935,500175,520756,2026-06-03,Unknown,None,12.345898,76.613787,Low,Online Scam,Pending Trial
263,FIR/2026/000263,6,19,10,100831,516780,505179,2024-08-20,Hands,Car,12.941216,77.617879,High,Knife Attack,Under Investigation
264,FIR/2025/000264,3,10,8,100695,501166,524806,2024-10-26,Iron Rod,Auto,12.984521,77.589425,Low,Poisoning,Pending Trial
265,FIR/2025/000265,6,20,6,100521,503543,502420,2023-09-08,Unknown,Truck,12.965927,77.584012,High,Poisoning,Charge Sheet Filed
266,FIR/2023/000266,1,3,8,100660,500463,521822,2023-06-25,Pistol,Scooter,12.974023,77.575042,Critical,Firearm,Charge Sheet Filed
267,FIR/2026/000267,6,18,8,100703,518198,515409,2024-07-14,Pistol,Truck,12.980575,77.604403,Medium,Vehicle Lock Break,Closed
268,FIR/2023/000268,9,31,18,101414,516035,514726,2025-10-25,Pistol,Truck,12.92987,74.859794,Low,Poisoning,Closed
269,FIR/2025/000269,9,31,13,101093,521284,511659,2023-12-26,Hands,Van,12.30903,76.658364,Medium,Duplicate Key,Pending Trial
270,FIR/2024/000270,12,40,7,100602,521093,524430,2023-01-30,Unknown,Auto,12.938188,77.622371,Low,Poisoning,Closed
271,FIR/2025/000271,7,24,15,101242,523875,501105,2024-01-28,Unknown,Motorcycle,12.309088,76.605904,Critical,Social Engineering,Charge Sheet Filed
272,FIR/2023/000272,8,26,7,100600,521800,514820,2022-02-22,Hands,Motorcycle,12.958852,77.652806,Medium,Knife Attack,Pending Trial
273,FIR/2026/000273,4,13,11,100921,520582,509912,2026-08-22,Stick,Motorcycle,12.312466,76.587712,Medium,Fake Identity,Closed
274,FIR/2025/000274,9,29,10,100812,507626,524175,2026-01-27,Unknown,Auto,12.939826,77.57214,High,Vehicle Lock Break,Charge Sheet Filed
275,FIR/2025/000275,3,8,11,100928,507804,521326,2025-04-13,Hands,Car,12.354791,76.621197,Critical,Social Engineering,Under Investigation
276,FIR/2022/000276,9,31,20,101585,509376,500247,2022-08-28,Stick,Van,12.915608,74.881696,Medium,Fake Identity,Pending Trial
277,FIR/2023/000277,4,11,11,100935,519942,519911,2024-05-15,Knife,Car,12.34829,76.616167,Medium,Firearm,Closed
278,FIR/2022/000278,1,1,1,100044,522650,515956,2026-03-03,Hands,Motorcycle,13.001196,77.574177,Low,Social Engineering,Under Investigation
279,FIR/2023/000279,12,38,9,100732,520551,510106,2022-01-10,Pistol,Scooter,13.013241,77.538284,Low,Fake Identity,Under Investigation
280,FIR/2023/000280,11,37,5,100345,504847,503217,2022-04-07,Unknown,Motorcycle,12.956185,77.548727,Medium,Online Scam,Under Investigation
281,FIR/2024/000281,6,19,10,100820,514260,502816,2023-07-02,Unknown,Auto,12.928853,77.565564,Medium,ATM Skimming,Charge Sheet Filed
282,FIR/2025/000282,12,40,14,101154,515975,521775,2022-12-17,Stick,Van,12.265006,76.679019,High,Firearm,Pending Trial
283,FIR/2023/000283,12,39,15,101223,503535,515561,2024-02-15,Iron Rod,Car,12.262586,76.584619,Critical,Online Scam,Closed
284,FIR/2025/000284,8,26,20,101613,523236,502412,2023-02-01,Stick,Car,12.929231,74.865265,High,Fake Identity,Closed
285,FIR/2026/000285,5,16,6,100515,513499,518701,2023-01-23,Iron Rod,Car,13.001765,77.592921,Critical,Knife Attack,Charge Sheet Filed
286,FIR/2026/000286,4,11,19,101529,511895,512080,2025-05-22,Crowbar,Motorcycle,12.922724,74.864248,Medium,Online Scam,Under Investigation
287,FIR/2023/000287,4,13,19,101516,507533,508338,2025-08-21,Knife,Auto,12.932618,74.858013,High,Forced Entry,Under Investigation
288,FIR/2022/000288,11,36,14,101148,523749,508430,2022-02-16,Pistol,Truck,12.30189,76.658572,Medium,Firearm,Pending Trial
289,FIR/2026/000289,9,31,3,100202,502613,503320,2026-07-09,Stick,Truck,12.971872,77.586965,Medium,Vehicle Lock Break,Closed
290,FIR/2024/000290,1,3,5,100391,502268,504726,2023-04-08,Stick,Scooter,12.96036,77.560219,High,Forced Entry,Closed
291,FIR/2023/000291,5,17,17,101355,506208,519184,2026-07-29,Stick,Car,12.909359,74.825607,Medium,ATM Skimming,Charge Sheet Filed
292,FIR/2024/000292,9,29,13,101099,505538,518852,2023-02-22,Iron Rod,Auto,12.33504,76.70542,Critical,Duplicate Key,Closed
293,FIR/2024/000293,4,12,7,100554,507783,508486,2023-04-23,Stick,Van,12.925493,77.628147,High,Social Engineering,Under Investigation
294,FIR/2025/000294,5,17,19,101491,509516,524044,2023-11-28,Stick,Truck,12.917522,74.844389,Low,Knife Attack,Charge Sheet Filed
295,FIR/2022/000295,8,27,5,100358,503655,509489,2026-01-29,Pistol,None,12.910432,77.585979,Low,Poisoning,Under Investigation
296,FIR/2024/000296,4,13,14,101136,510820,502028,2025-08-01,Knife,None,12.256931,76.646013,High,Knife Attack,Pending Trial
297,FIR/2025/000297,6,18,8,100668,507071,503744,2026-02-23,Unknown,Auto,12.995575,77.601977,Medium,Physical Assault,Charge Sheet Filed
298,FIR/2023/000298,3,8,2,100128,515892,518715,2022-01-24,Unknown,Auto,12.929711,77.595868,Medium,Fake Identity,Charge Sheet Filed
299,FIR/2026/000299,11,37,15,101180,500040,516254,2022-08-13,Pistol,Truck,12.313002,76.594894,Critical,Firearm,Pending Trial
300,FIR/2026/000300,5,16,14,101132,516255,513071,2026-08-18,Crowbar,Scooter,12.287999,76.690471,High,Knife Attack,Pending Trial
301,FIR/2026/000301,6,20,19,101470,511759,518816,2023-12-16,Crowbar,Car,12.915322,74.810071,Low,Knife Attack,Charge Sheet Filed
302,FIR/2024/000302,8,27,19,101509,505518,514740,2026-05-10,Unknown,Motorcycle,12.906532,74.862819,Critical,Vehicle Lock Break,Under Investigation
303,FIR/2023/000303,5,14,17,101367,522314,501721,2025-06-14,Knife,Auto,12.907426,74.848089,Critical,Knife Attack,Pending Trial
304,FIR/2025/000304,7,25,13,101094,512789,514922,2025-08-29,Crowbar,Scooter,12.291574,76.702416,Critical,Vehicle Lock Break,Pending Trial
305,FIR/2025/000305,4,12,16,101279,523285,504861,2025-03-15,Stick,Motorcycle,12.92618,74.855185,Medium,Forced Entry,Under Investigation
306,FIR/2025/000306,11,36,6,100537,517556,521492,2025-07-05,Crowbar,Car,12.985512,77.584515,Critical,Firearm,Closed
307,FIR/2026/000307,2,7,19,101519,506297,501220,2024-01-17,Crowbar,Auto,12.902919,74.810284,Medium,Physical Assault,Under Investigation
308,FIR/2024/000308,1,3,15,101241,521284,523396,2025-05-18,Knife,None,12.307195,76.63152,High,Fake Identity,Pending Trial
309,FIR/2022/000309,1,2,4,100275,524076,508111,2022-01-01,Stick,Scooter,12.994534,77.604605,Critical,Vehicle Lock Break,Closed
310,FIR/2025/000310,7,25,5,100372,516468,521947,2023-11-15,Crowbar,Truck,12.96043,77.597062,Low,ATM Skimming,Under Investigation
311,FIR/2022/000311,12,40,9,100731,517141,501889,2026-04-04,Stick,Truck,12.989961,77.553101,High,Duplicate Key,Closed
312,FIR/2026/000312,12,40,4,100302,506117,524697,2024-08-19,Crowbar,Motorcycle,12.983212,77.632248,Low,Duplicate Key,Pending Trial
313,FIR/2024/000313,5,16,1,100025,513917,507414,2022-02-07,Pistol,Auto,12.956876,77.573227,Low,Duplicate Key,Pending Trial
314,FIR/2026/000314,2,7,12,101005,518798,500880,2023-01-21,Unknown,Auto,12.283685,76.676957,Medium,ATM Skimming,Closed
315,FIR/2026/000315,12,39,20,101571,500428,500821,2022-02-22,Unknown,Car,12.916719,74.886438,Critical,Vehicle Lock Break,Pending Trial
316,FIR/2022/000316,8,28,11,100933,512470,523546,2025-05-15,Knife,Van,12.331268,76.600602,Medium,Forced Entry,Pending Trial
317,FIR/2023/000317,7,25,13,101077,521541,519037,2026-05-20,Unknown,Scooter,12.286108,76.658753,High,Firearm,Pending Trial
318,FIR/2024/000318,3,8,8,100677,507244,518490,2023-01-03,Stick,Scooter,12.997709,77.590024,Medium,ATM Skimming,Closed
319,FIR/2022/000319,5,14,10,100796,501033,502098,2025-05-10,Stick,Van,12.926839,77.586705,Medium,Firearm,Under Investigation
320,FIR/2025/000320,7,25,1,100024,509182,512682,2023-05-04,Crowbar,Motorcycle,12.985424,77.57583,Low,Vehicle Lock Break,Closed
321,FIR/2024/000321,12,39,11,100892,522063,522505,2024-12-01,Pistol,Truck,12.354113,76.624688,Low,Physical Assault,Charge Sheet Filed
322,FIR/2024/000322,7,24,2,100158,504953,505292,2023-05-16,Crowbar,Truck,12.981891,77.608973,Critical,Online Scam,Under Investigation
323,FIR/2026/000323,12,39,4,100305,521624,511635,2026-04-01,Crowbar,Auto,12.988704,77.642848,Critical,Duplicate Key,Closed
324,FIR/2022/000324,10,34,13,101110,504926,514212,2024-06-04,Hands,Auto,12.289515,76.663226,Critical,ATM Skimming,Closed
325,FIR/2025/000325,1,2,3,100209,502446,508291,2026-07-11,Hands,Auto,12.963592,77.588993,Critical,Poisoning,Charge Sheet Filed
326,FIR/2022/000326,6,19,18,101448,509422,514005,2025-10-31,Stick,None,12.946455,74.881397,Low,Duplicate Key,Pending Trial
327,FIR/2025/000327,3,10,3,100186,520813,508492,2023-10-23,Pistol,Motorcycle,12.991957,77.614904,High,Social Engineering,Charge Sheet Filed
328,FIR/2025/000328,7,24,4,100307,515601,522787,2023-12-07,Pistol,Auto,12.995099,77.633339,Low,Vehicle Lock Break,Pending Trial
329,FIR/2024/000329,2,6,20,101602,502625,513476,2024-07-24,Unknown,None,12.907828,74.88548,Low,Knife Attack,Under Investigation
330,FIR/2026/000330,1,3,17,101355,505192,522270,2024-06-30,Stick,Truck,12.9,74.85273,Medium,Duplicate Key,Charge Sheet Filed
331,FIR/2024/000331,5,16,13,101081,522393,518868,2024-07-18,Unknown,Auto,12.288081,76.652928,Critical,Vehicle Lock Break,Under Investigation
332,FIR/2025/000332,5,17,14,101127,517539,507084,2024-11-06,Iron Rod,Auto,12.268074,76.641692,High,Physical Assault,Closed
333,FIR/2022/000333,3,8,1,100077,507403,524362,2025-02-06,Unknown,Car,13.004386,77.553594,Medium,Physical Assault,Charge Sheet Filed
334,FIR/2022/000334,9,29,17,101386,510614,511305,2024-01-22,Pistol,Van,12.901475,74.850209,Medium,ATM Skimming,Charge Sheet Filed
335,FIR/2025/000335,6,18,12,101000,504139,513132,2023-03-30,Unknown,Van,12.302766,76.673928,Medium,Poisoning,Charge Sheet Filed
336,FIR/2022/000336,8,27,14,101145,517825,524322,2025-10-31,Pistol,Truck,12.308465,76.669729,Low,Social Engineering,Pending Trial
337,FIR/2025/000337,5,14,5,100351,504612,507663,2022-10-21,Stick,Auto,12.94418,77.589142,High,Duplicate Key,Charge Sheet Filed
338,FIR/2024/000338,1,2,16,101279,522536,515453,2022-03-18,Knife,Motorcycle,12.971836,74.88202,Low,Poisoning,Pending Trial
339,FIR/2025/000339,10,34,17,101384,508350,518890,2025-07-24,Unknown,Car,12.933328,74.84559,Critical,Fake Identity,Closed
340,FIR/2026/000340,8,26,18,101452,517086,510960,2025-11-05,Stick,Van,12.92972,74.86901,High,Knife Attack,Closed
341,FIR/2023/000341,11,37,9,100710,514530,516979,2025-12-10,Pistol,Truck,12.976644,77.543809,Low,Social Engineering,Closed
342,FIR/2022/000342,3,10,9,100759,524831,522857,2023-12-21,Iron Rod,Car,13.00932,77.551008,Low,Vehicle Lock Break,Closed
343,FIR/2026/000343,1,2,15,101180,500776,506688,2025-03-13,Hands,None,12.29457,76.640115,Medium,Social Engineering,Pending Trial
344,FIR/2026/000344,9,31,2,100160,518606,507678,2024-11-28,Stick,None,12.936857,77.637586,Medium,Fake Identity,Pending Trial
345,FIR/2025/000345,12,40,11,100888,506036,520548,2024-11-11,Stick,Motorcycle,12.356891,76.611553,Low,ATM Skimming,Pending Trial
346,FIR/2023/000346,11,37,11,100890,504186,502406,2026-07-03,Hands,Van,12.313927,76.598658,Low,ATM Skimming,Under Investigation
347,FIR/2024/000347,11,37,17,101395,513727,505414,2024-08-30,Unknown,None,12.881957,74.856819,Medium,Firearm,Under Investigation
348,FIR/2023/000348,10,33,2,100117,521368,511585,2024-07-26,Iron Rod,Scooter,12.969883,77.602045,Medium,Physical Assault,Closed
349,FIR/2026/000349,7,25,4,100328,521732,518624,2024-06-19,Pistol,Truck,12.986121,77.615871,High,Fake Identity,Pending Trial
350,FIR/2026/000350,2,7,2,100101,512599,523217,2025-10-02,Pistol,None,12.943738,77.632185,Low,Knife Attack,Closed
351,FIR/2024/000351,3,10,10,100807,518652,512305,2022-01-02,Pistol,Motorcycle,12.924951,77.573086,Critical,Online Scam,Charge Sheet Filed
352,FIR/2025/000352,10,33,2,100105,511200,514926,2023-12-12,Knife,Car,12.961253,77.609978,Critical,Knife Attack,Charge Sheet Filed
353,FIR/2026/000353,2,5,17,101350,518926,511131,2024-02-20,Knife,Motorcycle,12.933053,74.84136,High,Poisoning,Charge Sheet Filed
354,FIR/2023/000354,12,38,18,101457,507541,520532,2025-12-21,Iron Rod,Truck,12.926723,74.836867,Medium,Duplicate Key,Closed
355,FIR/2025/000355,3,8,4,100299,503901,520046,2023-08-12,Stick,Scooter,12.963183,77.604767,Critical,Forced Entry,Charge Sheet Filed
356,FIR/2024/000356,3,10,3,100190,522701,506931,2026-06-30,Knife,Truck,12.987111,77.603512,High,Vehicle Lock Break,Pending Trial
357,FIR/2026/000357,3,9,5,100345,504336,514276,2025-02-21,Knife,Scooter,12.949567,77.58504,Low,ATM Skimming,Under Investigation
358,FIR/2022/000358,1,2,15,101189,506035,520558,2023-07-19,Iron Rod,Motorcycle,12.269198,76.615554,High,Online Scam,Charge Sheet Filed
359,FIR/2026/000359,3,9,1,100050,507189,517888,2022-12-02,Iron Rod,Scooter,12.990243,77.582252,Medium,Social Engineering,Pending Trial
360,FIR/2026/000360,1,2,1,100088,517587,518157,2023-05-16,Stick,Car,12.990719,77.549886,Critical,Firearm,Charge Sheet Filed
361,FIR/2026/000361,1,1,1,100060,504054,517436,2026-12-08,Unknown,Scooter,13.002695,77.55313,Medium,Social Engineering,Pending Trial
362,FIR/2026/000362,11,37,13,101107,521500,502809,2024-05-08,Iron Rod,Scooter,12.340965,76.689661,Low,Firearm,Pending Trial
363,FIR/2026/000363,3,10,5,100413,505212,516907,2023-03-20,Hands,Scooter,12.917242,77.574621,High,Social Engineering,Pending Trial
364,FIR/2026/000364,6,18,4,100302,502683,501180,2023-02-18,Pistol,Car,12.976915,77.636242,Critical,Online Scam,Charge Sheet Filed
365,FIR/2024/000365,6,21,6,100471,517354,522989,2022-07-18,Crowbar,Van,12.966824,77.600374,Medium,Forced Entry,Charge Sheet Filed
366,FIR/2023/000366,12,40,11,100936,512822,510075,2022-09-13,Knife,None,12.328663,76.622604,Low,Duplicate Key,Under Investigation
367,FIR/2026/000367,2,5,12,100975,522461,507013,2026-06-05,Hands,Van,12.334546,76.680266,High,ATM Skimming,Closed
368,FIR/2023/000368,5,15,15,101215,512476,520211,2022-03-31,Unknown,Auto,12.291471,76.636701,High,Poisoning,Charge Sheet Filed
369,FIR/2022/000369,3,9,4,100319,521201,510066,2023-01-08,Knife,Van,13.000267,77.638645,Low,Firearm,Charge Sheet Filed
370,FIR/2025/000370,5,16,20,101570,511962,502419,2023-06-04,Knife,Motorcycle,12.898375,74.860036,Low,Duplicate Key,Closed
371,FIR/2025/000371,11,37,19,101513,521624,501253,2025-09-08,Knife,Truck,12.954462,74.839738,High,Forced Entry,Under Investigation
372,FIR/2023/000372,1,4,4,100307,503492,501087,2025-08-10,Hands,Auto,12.987306,77.599839,High,Duplicate Key,Closed
373,FIR/2025/000373,9,31,7,100550,501044,518786,2026-07-08,Pistol,Van,12.95417,77.632529,High,Physical Assault,Closed
374,FIR/2026/000374,1,3,10,100829,523972,515732,2026-06-21,Iron Rod,Van,12.956818,77.583045,High,Vehicle Lock Break,Charge Sheet Filed
375,FIR/2024/000375,12,40,6,100437,513029,515611,2024-04-08,Crowbar,None,12.978035,77.577303,High,Physical Assault,Closed
376,FIR/2026/000376,11,36,14,101165,514147,522574,2023-03-19,Pistol,Truck,12.259155,76.661959,High,Forced Entry,Closed
377,FIR/2026/000377,6,20,5,100403,504147,501725,2026-03-01,Knife,Van,12.939017,77.594189,High,Fake Identity,Closed
378,FIR/2024/000378,9,31,13,101057,517097,516588,2025-07-27,Unknown,Auto,12.330195,76.654302,Low,Firearm,Closed
379,FIR/2023/000379,8,26,12,100996,502015,513182,2026-08-26,Knife,Auto,12.293764,76.645264,High,Firearm,Under Investigation
380,FIR/2022/000380,7,23,13,101069,518812,514147,2022-11-12,Iron Rod,Auto,12.331676,76.670342,Medium,Vehicle Lock Break,Pending Trial
381,FIR/2026/000381,2,6,10,100872,509491,502614,2024-11-23,Pistol,Motorcycle,12.960935,77.59944,Low,ATM Skimming,Closed
382,FIR/2026/000382,1,1,18,101461,520545,513769,2026-01-06,Iron Rod,Car,12.95525,74.888572,Medium,Online Scam,Closed
383,FIR/2024/000383,5,14,4,100297,511015,519575,2023-03-17,Hands,Scooter,12.953825,77.615459,Low,Vehicle Lock Break,Under Investigation
384,FIR/2023/000384,9,31,10,100865,511131,501516,2022-10-23,Hands,Car,12.942874,77.588136,Low,Poisoning,Under Investigation
385,FIR/2025/000385,1,2,18,101448,504432,506237,2022-10-30,Pistol,Car,12.96685,74.836516,Low,Fake Identity,Charge Sheet Filed
386,FIR/2024/000386,10,34,11,100954,516356,516838,2022-09-10,Pistol,Car,12.310744,76.624235,Medium,Duplicate Key,Pending Trial
387,FIR/2026/000387,3,10,13,101081,522303,501311,2022-06-27,Stick,Car,12.291418,76.662166,Low,Firearm,Pending Trial
388,FIR/2025/000388,5,15,7,100610,524823,515128,2024-05-18,Knife,Truck,12.921567,77.632658,Medium,Knife Attack,Under Investigation
389,FIR/2023/000389,2,7,11,100938,521188,508279,2024-06-19,Unknown,Car,12.334918,76.631257,Critical,Poisoning,Charge Sheet Filed
390,FIR/2023/000390,5,14,18,101449,505490,509954,2023-10-27,Stick,Truck,12.937655,74.846659,Medium,Forced Entry,Closed
391,FIR/2025/000391,11,36,5,100412,518419,519516,2024-04-05,Crowbar,Scooter,12.969078,77.559547,Low,Firearm,Closed
392,FIR/2025/000392,8,27,8,100665,510768,501198,2024-08-11,Stick,Car,12.981589,77.601187,Medium,Firearm,Closed
393,FIR/2024/000393,3,10,13,101094,510032,517094,2025-04-09,Iron Rod,None,12.297301,76.69638,High,Knife Attack,Closed
394,FIR/2024/000394,10,34,19,101529,508494,508268,2026-12-06,Stick,Truck,12.910696,74.828296,Critical,Forced Entry,Pending Trial
395,FIR/2023/000395,2,6,20,101611,508945,512188,2026-06-23,Stick,Scooter,12.893805,74.883753,Low,Poisoning,Under Investigation
396,FIR/2023/000396,6,21,13,101071,505178,506515,2025-12-16,Pistol,Van,12.28845,76.664824,Critical,Physical Assault,Charge Sheet Filed
397,FIR/2022/000397,8,28,19,101531,522358,518062,2024-09-29,Knife,Auto,12.956395,74.819305,Low,Knife Attack,Under Investigation
398,FIR/2024/000398,1,3,15,101245,523940,508974,2024-05-28,Pistol,Auto,12.268585,76.631469,High,Vehicle Lock Break,Charge Sheet Filed
399,FIR/2025/000399,1,1,1,100079,515635,521801,2022-07-06,Crowbar,Auto,12.961367,77.573857,High,Poisoning,Pending Trial
400,FIR/2024/000400,5,17,19,101478,521639,501047,2025-07-19,Iron Rod,Auto,12.933548,74.821048,Low,Poisoning,Closed
401,FIR/2026/000401,11,37,4,100288,523694,502093,2023-03-30,Pistol,Motorcycle,12.968354,77.653752,Low,Online Scam,Pending Trial
402,FIR/2022/000402,11,37,12,100998,507538,516718,2026-05-31,Stick,Scooter,12.339502,76.683397,Low,Social Engineering,Closed
403,FIR/2024/000403,3,8,7,100583,506743,500576,2024-08-26,Stick,Auto,12.913645,77.608292,Low,Forced Entry,Pending Trial
404,FIR/2024/000404,2,5,6,100448,507797,506278,2026-06-20,Crowbar,Truck,12.966888,77.595737,Critical,Forced Entry,Under Investigation
405,FIR/2023/000405,2,7,18,101417,513292,522298,2022-12-05,Crowbar,Auto,12.935461,74.851262,High,Vehicle Lock Break,Closed
406,FIR/2022/000406,4,12,13,101112,509388,514818,2026-10-02,Knife,Motorcycle,12.301945,76.665058,Critical,Duplicate Key,Pending Trial
407,FIR/2024/000407,1,4,7,100587,503769,502211,2024-06-15,Iron Rod,Auto,12.957221,77.652801,Critical,Knife Attack,Closed
408,FIR/2022/000408,6,19,17,101398,515776,518958,2026-07-18,Stick,Motorcycle,12.910555,74.836542,Critical,Forced Entry,Charge Sheet Filed
409,FIR/2026/000409,11,36,8,100706,523883,504752,2023-10-13,Iron Rod,Truck,12.973113,77.620009,Critical,Social Engineering,Closed
410,FIR/2024/000410,9,31,7,100590,520644,500366,2023-04-07,Knife,Motorcycle,12.96149,77.606862,Low,Social Engineering,Pending Trial
411,FIR/2023/000411,10,32,12,100978,503998,512372,2024-01-04,Iron Rod,None,12.341519,76.661131,Critical,Social Engineering,Charge Sheet Filed
412,FIR/2026/000412,5,14,11,100956,516208,501062,2022-04-30,Unknown,Van,12.334475,76.616878,Low,Knife Attack,Charge Sheet Filed
413,FIR/2025/000413,4,13,14,101132,500872,504743,2025-11-18,Knife,Truck,12.281745,76.641003,Critical,Duplicate Key,Charge Sheet Filed
414,FIR/2023/000414,8,28,17,101403,515979,502329,2024-04-13,Crowbar,Car,12.878256,74.822289,High,Firearm,Pending Trial
415,FIR/2023/000415,5,16,11,100924,508721,514887,2024-08-14,Hands,Auto,12.305643,76.61045,Low,ATM Skimming,Pending Trial
416,FIR/2023/000416,5,15,16,101323,512259,524113,2025-04-12,Pistol,Van,12.962771,74.887056,Critical,Online Scam,Pending Trial
417,FIR/2022/000417,6,20,4,100303,500841,518149,2023-10-23,Hands,Auto,12.994052,77.640212,Medium,Knife Attack,Under Investigation
418,FIR/2022/000418,8,27,18,101417,508230,524533,2022-08-08,Unknown,Car,12.924462,74.83751,Low,Fake Identity,Under Investigation
419,FIR/2026/000419,5,16,15,101230,506122,510858,2025-03-20,Iron Rod,Auto,12.313635,76.608664,High,ATM Skimming,Charge Sheet Filed
420,FIR/2023/000420,6,19,8,100671,513928,516158,2025-07-29,Hands,Truck,12.968447,77.603654,High,Fake Identity,Charge Sheet Filed
421,FIR/2024/000421,9,31,14,101142,507938,512516,2024-07-07,Crowbar,Truck,12.278969,76.665466,Medium,Duplicate Key,Pending Trial
422,FIR/2024/000422,1,2,20,101542,513824,511405,2026-02-06,Hands,None,12.920478,74.852187,Low,Online Scam,Closed
423,FIR/2025/000423,5,16,2,100146,502971,523318,2025-10-19,Stick,Scooter,12.9702,77.58138,Medium,Firearm,Pending Trial
424,FIR/2025/000424,11,37,18,101439,512734,516918,2026-06-27,Knife,Truck,12.941926,74.881336,Critical,Poisoning,Pending Trial
425,FIR/2026/000425,6,22,4,100333,506804,516203,2025-01-24,Crowbar,Car,12.961728,77.64689,High,Physical Assault,Under Investigation
426,FIR/2026/000426,8,28,6,100482,521955,523896,2023-11-12,Pistol,Van,13.0074,77.590695,Medium,Duplicate Key,Charge Sheet Filed
427,FIR/2023/000427,8,26,10,100833,504317,517410,2026-09-19,Hands,Car,12.980748,77.569297,Low,ATM Skimming,Closed
428,FIR/2023/000428,1,1,7,100583,511852,510940,2023-08-12,Unknown,None,12.928809,77.597743,Medium,Physical Assault,Pending Trial
429,FIR/2024/000429,4,11,17,101378,523775,523927,2024-11-02,Hands,Scooter,12.920981,74.851501,High,Forced Entry,Pending Trial
430,FIR/2022/000430,1,3,8,100698,517132,512532,2025-09-02,Pistol,Van,13.011189,77.591031,Critical,Online Scam,Under Investigation
431,FIR/2025/000431,2,6,10,100788,511137,507878,2023-08-17,Unknown,Car,12.933872,77.593565,Low,Social Engineering,Pending Trial
432,FIR/2022/000432,6,18,9,100767,519731,520349,2024-06-24,Stick,None,13.020279,77.575692,Medium,Duplicate Key,Under Investigation
433,FIR/2025/000433,10,32,12,101026,512222,521101,2024-06-10,Iron Rod,Scooter,12.314104,76.651214,Low,Poisoning,Under Investigation
434,FIR/2026/000434,6,19,14,101159,516247,518992,2024-11-21,Unknown,Motorcycle,12.293412,76.679172,High,Online Scam,Charge Sheet Filed
435,FIR/2022/000435,3,8,19,101511,504031,517110,2023-06-25,Unknown,Van,12.953888,74.856925,High,Knife Attack,Under Investigation
436,FIR/2026/000436,3,8,4,100327,519922,511370,2022-09-24,Unknown,Scooter,12.974281,77.629976,Medium,Firearm,Closed
437,FIR/2022/000437,7,23,1,100027,517565,504653,2025-08-15,Hands,Van,12.952601,77.565454,Low,Poisoning,Charge Sheet Filed
438,FIR/2023/000438,1,4,5,100402,522412,510104,2022-04-22,Pistol,Motorcycle,12.925368,77.565717,Low,Vehicle Lock Break,Under Investigation
439,FIR/2026/000439,2,7,18,101427,503217,518428,2022-02-14,Knife,Van,12.953687,74.872665,High,Forced Entry,Under Investigation
440,FIR/2023/000440,6,22,10,100839,505978,507775,2023-10-31,Knife,Scooter,12.927226,77.562512,Low,Forced Entry,Charge Sheet Filed
441,FIR/2025/000441,2,6,17,101395,519304,517141,2024-07-01,Hands,Truck,12.917177,74.865712,Medium,Firearm,Under Investigation
442,FIR/2024/000442,4,13,17,101371,501126,506623,2026-12-06,Unknown,Car,12.88502,74.856527,High,Physical Assault,Pending Trial
443,FIR/2024/000443,6,22,7,100571,503312,505011,2024-08-30,Iron Rod,None,12.962354,77.614403,Low,Vehicle Lock Break,Pending Trial
444,FIR/2026/000444,4,13,20,101576,524563,517380,2023-01-25,Iron Rod,None,12.926818,74.880201,Medium,Fake Identity,Charge Sheet Filed
445,FIR/2023/000445,6,20,15,101181,512180,508624,2024-09-26,Knife,Car,12.270748,76.624813,High,Forced Entry,Charge Sheet Filed
446,FIR/2025/000446,1,4,18,101408,504759,507004,2024-07-05,Unknown,Motorcycle,12.914021,74.843188,High,Physical Assault,Pending Trial
447,FIR/2024/000447,6,18,14,101167,519764,517935,2023-04-30,Hands,Auto,12.304471,76.656442,Low,Forced Entry,Closed
448,FIR/2025/000448,4,13,5,100378,505884,518711,2026-06-14,Pistol,Van,12.921813,77.582007,Low,Fake Identity,Charge Sheet Filed
449,FIR/2022/000449,3,9,19,101504,513720,501252,2023-05-25,Crowbar,Auto,12.906896,74.860253,High,ATM Skimming,Closed
450,FIR/2026/000450,3,8,2,100112,512842,519124,2022-05-30,Hands,Motorcycle,12.925006,77.63961,Low,Social Engineering,Closed
451,FIR/2023/000451,6,18,18,101464,503759,519195,2024-08-19,Crowbar,Motorcycle,12.94644,74.844241,Critical,Forced Entry,Under Investigation
452,FIR/2025/000452,10,33,13,101060,518598,506624,2023-10-31,Pistol,Motorcycle,12.30186,76.650482,Critical,Online Scam,Pending Trial
453,FIR/2024/000453,5,17,6,100537,517565,519759,2022-01-25,Hands,Auto,13.019812,77.620736,High,Firearm,Pending Trial
454,FIR/2024/000454,8,28,14,101155,515726,514565,2023-06-28,Hands,Scooter,12.283458,76.683717,Low,Physical Assault,Pending Trial
455,FIR/2026/000455,6,19,4,100286,509316,511237,2022-05-11,Crowbar,Van,12.980795,77.655053,Medium,Physical Assault,Charge Sheet Filed
456,FIR/2025/000456,4,11,19,101520,505572,514704,2023-12-18,Unknown,Van,12.952687,74.809553,Low,ATM Skimming,Pending Trial
457,FIR/2023/000457,12,39,3,100247,514261,511312,2024-07-15,Knife,Auto,12.955962,77.598668,High,Social Engineering,Closed
458,FIR/2022/000458,3,8,1,100088,509473,517204,2025-08-04,Unknown,Car,12.972268,77.545012,Critical,Physical Assault,Pending Trial
459,FIR/2026/000459,5,17,6,100469,512154,515602,2024-07-02,Hands,Van,13.00356,77.6009,Critical,Forced Entry,Charge Sheet Filed
460,FIR/2023/000460,2,7,3,100235,506461,500143,2025-04-12,Hands,Scooter,12.992751,77.627329,High,Online Scam,Pending Trial
461,FIR/2022/000461,11,36,15,101201,509942,508318,2025-12-11,Knife,Auto,12.283024,76.612461,Critical,Knife Attack,Charge Sheet Filed
462,FIR/2023/000462,11,36,3,100188,512060,521598,2025-03-09,Crowbar,None,12.989539,77.616426,Medium,Knife Attack,Pending Trial
463,FIR/2026/000463,8,27,20,101547,518504,511139,2022-04-03,Pistol,Truck,12.889365,74.869554,Critical,Social Engineering,Charge Sheet Filed
464,FIR/2022/000464,11,35,17,101399,516857,522103,2023-03-23,Stick,Motorcycle,12.908995,74.851041,Critical,Social Engineering,Charge Sheet Filed
465,FIR/2026/000465,5,14,7,100612,505709,514383,2026-06-21,Unknown,Auto,12.931778,77.645623,Critical,Vehicle Lock Break,Pending Trial
466,FIR/2023/000466,11,35,10,100881,523817,501069,2024-05-03,Unknown,None,12.937972,77.577885,Critical,Physical Assault,Charge Sheet Filed
467,FIR/2024/000467,10,34,8,100689,509803,508379,2024-04-01,Pistol,None,12.999878,77.588059,High,Vehicle Lock Break,Charge Sheet Filed
468,FIR/2025/000468,9,30,5,100364,506821,511151,2026-11-30,Stick,None,12.942149,77.549318,Low,Poisoning,Under Investigation
469,FIR/2024/000469,5,15,18,101465,514495,512249,2024-10-31,Unknown,Auto,12.960316,74.878557,Low,Physical Assault,Pending Trial
470,FIR/2022/000470,9,29,7,100572,503454,502379,2025-12-15,Pistol,None,12.949106,77.624249,Medium,Duplicate Key,Charge Sheet Filed
471,FIR/2022/000471,1,2,8,100622,504705,516443,2026-04-27,Iron Rod,Truck,13.002841,77.582924,Critical,Social Engineering,Closed
472,FIR/2024/000472,7,23,8,100664,515282,524711,2026-10-15,Unknown,Van,13.004507,77.592254,Critical,Forced Entry,Pending Trial
473,FIR/2024/000473,1,1,8,100634,515782,506263,2023-07-30,Hands,Auto,12.986988,77.594291,Critical,Poisoning,Under Investigation
474,FIR/2022/000474,11,37,7,100554,504643,518270,2025-10-11,Hands,Truck,12.937039,77.625144,Medium,Online Scam,Under Investigation
475,FIR/2026/000475,6,21,6,100495,523082,521441,2025-10-27,Hands,Scooter,13.013412,77.575709,Critical,Poisoning,Closed
476,FIR/2026/000476,9,30,1,100070,502205,518810,2023-12-27,Crowbar,Scooter,12.967811,77.539796,Critical,Social Engineering,Pending Trial
477,FIR/2022/000477,7,24,3,100233,520492,517754,2022-02-11,Knife,Auto,12.992894,77.607601,Medium,Vehicle Lock Break,Under Investigation
478,FIR/2024/000478,7,24,12,101022,512492,504835,2026-01-05,Pistol,Auto,12.312387,76.679105,Low,ATM Skimming,Charge Sheet Filed
479,FIR/2023/000479,6,18,13,101097,520095,502470,2024-01-12,Iron Rod,Auto,12.300491,76.683149,Medium,ATM Skimming,Under Investigation
480,FIR/2025/000480,8,26,6,100509,504919,500899,2026-11-17,Hands,Scooter,12.989363,77.566321,High,Online Scam,Under Investigation
481,FIR/2022/000481,2,5,18,101464,515131,508853,2022-02-28,Stick,Truck,12.947525,74.887182,Low,Fake Identity,Charge Sheet Filed
482,FIR/2026/000482,1,4,16,101264,517809,500697,2022-10-20,Crowbar,None,12.951105,74.899418,Low,Social Engineering,Charge Sheet Filed
483,FIR/2022/000483,8,26,19,101498,513814,522727,2023-09-30,Iron Rod,None,12.943909,74.816724,Critical,Fake Identity,Under Investigation
484,FIR/2023/000484,7,25,9,100746,507830,515915,2023-06-16,Stick,Van,12.965522,77.556239,Medium,Forced Entry,Closed
485,FIR/2022/000485,6,20,20,101601,504306,521081,2023-12-06,Crowbar,None,12.916036,74.850271,Medium,Physical Assault,Pending Trial
486,FIR/2024/000486,2,5,17,101377,524460,514816,2025-04-25,Stick,Auto,12.910198,74.877322,Low,Duplicate Key,Under Investigation
487,FIR/2026/000487,1,3,1,100039,501046,505523,2023-05-19,Knife,Motorcycle,12.963085,77.556086,High,Fake Identity,Pending Trial
488,FIR/2026/000488,1,2,9,100749,519075,507330,2025-07-08,Iron Rod,Truck,13.0206,77.570905,Low,Duplicate Key,Under Investigation
489,FIR/2026/000489,11,36,7,100551,511524,523527,2025-01-16,Hands,Van,12.94243,77.653315,Medium,Firearm,Pending Trial
490,FIR/2023/000490,5,16,3,100188,522714,511804,2026-10-30,Unknown,None,12.950679,77.609501,Critical,Physical Assault,Charge Sheet Filed
491,FIR/2023/000491,8,26,7,100563,501386,520038,2022-02-09,Knife,Auto,12.961805,77.631818,Medium,Social Engineering,Under Investigation
492,FIR/2023/000492,5,17,9,100717,504673,505196,2026-01-07,Iron Rod,Truck,12.992639,77.540687,Medium,Poisoning,Charge Sheet Filed
493,FIR/2022/000493,10,34,16,101265,523777,511209,2025-12-06,Crowbar,Auto,12.935822,74.895103,Low,Poisoning,Closed
494,FIR/2022/000494,6,20,15,101180,506889,519471,2023-09-14,Hands,None,12.30202,76.592963,Low,Knife Attack,Charge Sheet Filed
495,FIR/2024/000495,7,25,14,101140,501633,506283,2026-06-06,Pistol,Car,12.26761,76.633992,High,Knife Attack,Pending Trial
496,FIR/2023/000496,11,36,1,100049,515464,521259,2025-03-28,Stick,Auto,12.983696,77.584395,Low,ATM Skimming,Charge Sheet Filed
497,FIR/2022/000497,6,20,5,100425,504733,508147,2025-12-18,Unknown,Truck,12.967457,77.559647,Critical,Social Engineering,Closed
498,FIR/2026/000498,6,22,7,100573,520394,514561,2022-04-08,Crowbar,Auto,12.933503,77.644218,Medium,Poisoning,Charge Sheet Filed
499,FIR/2025/000499,4,11,8,100648,516367,519307,2023-03-01,Hands,Scooter,12.959492,77.6046,Low,Duplicate Key,Under Investigation
500,FIR/2022/000500,1,2,2,100144,510241,503944,2022-09-28,Knife,Motorcycle,12.932042,77.595071,High,Vehicle Lock Break,Charge Sheet Filed
501,FIR/2022/000501,5,16,5,100391,509024,515668,2022-04-03,Knife,Motorcycle,12.954076,77.599386,Low,Forced Entry,Pending Trial
502,FIR/2023/000502,6,18,18,101419,521352,501833,2026-10-24,Unknown,Truck,12.956054,74.833541,Low,Vehicle Lock Break,Pending Trial
503,FIR/2025/000503,11,36,10,100814,521240,518374,2023-07-24,Knife,Truck,12.975315,77.598246,Medium,Social Engineering,Under Investigation
504,FIR/2024/000504,9,31,10,100819,502359,507809,2022-05-13,Stick,Scooter,12.95096,77.578974,Medium,Social Engineering,Charge Sheet Filed
505,FIR/2025/000505,8,28,10,100840,506036,523573,2023-04-13,Iron Rod,Auto,12.93299,77.598814,Critical,Vehicle Lock Break,Closed
506,FIR/2024/000506,7,24,14,101127,500556,522199,2024-09-23,Knife,Auto,12.270323,76.685293,Medium,Social Engineering,Pending Trial
507,FIR/2022/000507,10,33,1,100096,500759,522469,2023-01-24,Knife,Motorcycle,12.971227,77.553433,Low,ATM Skimming,Pending Trial
508,FIR/2025/000508,8,26,2,100135,505226,518922,2023-06-08,Knife,Car,12.932198,77.580999,Medium,Social Engineering,Pending Trial
509,FIR/2024/000509,7,25,18,101419,524865,507071,2026-04-01,Stick,Truck,12.926944,74.841757,Critical,Firearm,Charge Sheet Filed
510,FIR/2026/000510,1,2,18,101436,501866,520562,2026-04-17,Unknown,None,12.931288,74.886497,High,Fake Identity,Under Investigation
511,FIR/2026/000511,5,16,6,100511,514021,501427,2022-06-12,Knife,Scooter,12.996519,77.571545,Low,Online Scam,Pending Trial
512,FIR/2024/000512,9,29,3,100223,513309,506304,2022-08-15,Unknown,Scooter,12.999596,77.591431,Critical,Online Scam,Pending Trial
513,FIR/2022/000513,2,7,9,100748,500821,516974,2026-04-13,Crowbar,Auto,12.972381,77.573712,Low,Vehicle Lock Break,Pending Trial
514,FIR/2026/000514,8,28,7,100575,503602,522464,2023-07-13,Stick,Van,12.954771,77.64575,High,Vehicle Lock Break,Closed
515,FIR/2026/000515,9,30,13,101113,514798,503940,2025-02-19,Unknown,Auto,12.300146,76.65378,Low,Vehicle Lock Break,Pending Trial
516,FIR/2022/000516,8,26,10,100816,501669,516775,2025-01-20,Unknown,Van,12.956208,77.562531,Medium,Fake Identity,Under Investigation
517,FIR/2023/000517,5,17,2,100148,524528,524349,2023-05-27,Stick,Motorcycle,12.950004,77.636279,Low,Forced Entry,Charge Sheet Filed
518,FIR/2022/000518,6,22,17,101365,520342,507776,2025-03-08,Hands,None,12.922093,74.832854,Low,Social Engineering,Pending Trial
519,FIR/2023/000519,2,6,18,101442,505872,518999,2024-05-30,Knife,Van,12.922065,74.842581,Critical,Social Engineering,Closed
520,FIR/2024/000520,11,37,13,101067,508513,502934,2024-08-16,Crowbar,Scooter,12.314089,76.701518,Low,Knife Attack,Charge Sheet Filed
521,FIR/2025/000521,1,2,18,101465,504265,521213,2025-02-04,Iron Rod,None,12.966873,74.867266,Medium,Social Engineering,Closed
522,FIR/2024/000522,5,17,10,100858,503538,514862,2022-11-20,Unknown,Van,12.957883,77.616082,High,Online Scam,Charge Sheet Filed
523,FIR/2022/000523,11,36,7,100604,519119,523196,2026-06-25,Unknown,Van,12.932377,77.611972,Low,Duplicate Key,Under Investigation
524,FIR/2025/000524,7,25,5,100416,521228,510161,2026-12-09,Knife,Scooter,12.925335,77.589629,Critical,Physical Assault,Pending Trial
525,FIR/2022/000525,2,6,11,100915,512943,518320,2023-03-27,Pistol,Auto,12.329091,76.588302,Critical,Firearm,Closed
526,FIR/2024/000526,8,28,8,100621,510779,510054,2023-05-16,Stick,Motorcycle,12.977884,77.607235,High,Social Engineering,Charge Sheet Filed
527,FIR/2023/000527,10,33,4,100270,520059,514841,2026-11-19,Hands,Auto,12.997115,77.656132,Critical,Poisoning,Pending Trial
528,FIR/2026/000528,12,40,4,100316,500683,515730,2024-05-11,Crowbar,Truck,12.998148,77.600581,Medium,Online Scam,Charge Sheet Filed
529,FIR/2023/000529,3,8,4,100334,504992,512978,2022-04-13,Iron Rod,Scooter,12.98066,77.601685,Medium,Firearm,Charge Sheet Filed
530,FIR/2022/000530,3,10,14,101156,500429,511736,2022-11-04,Pistol,Van,12.297106,76.656932,Medium,Physical Assault,Pending Trial
531,FIR/2024/000531,11,35,20,101595,507453,507475,2024-11-10,Crowbar,Motorcycle,12.929573,74.89166,Low,Physical Assault,Closed
532,FIR/2023/000532,7,24,9,100715,515754,520551,2026-08-02,Stick,Car,13.000236,77.565337,Low,Physical Assault,Under Investigation
533,FIR/2026/000533,6,18,13,101061,502718,502438,2026-05-22,Iron Rod,Van,12.292298,76.698016,Medium,Knife Attack,Pending Trial
534,FIR/2026/000534,1,2,1,100032,505886,510171,2024-09-20,Hands,Scooter,12.952672,77.556982,Medium,Vehicle Lock Break,Under Investigation
535,FIR/2025/000535,6,18,2,100104,510452,514526,2022-12-15,Knife,None,12.968274,77.620149,Low,Fake Identity,Under Investigation
536,FIR/2026/000536,6,19,3,100171,517188,503786,2026-08-16,Crowbar,Van,12.972232,77.612429,High,Online Scam,Pending Trial
537,FIR/2023/000537,6,21,13,101084,520629,501864,2022-11-01,Iron Rod,Truck,12.295368,76.685336,Low,Vehicle Lock Break,Charge Sheet Filed
538,FIR/2024/000538,12,40,3,100211,523466,508519,2025-11-28,Crowbar,Scooter,12.98629,77.586918,Critical,ATM Skimming,Pending Trial
539,FIR/2022/000539,5,17,1,100002,501918,500429,2026-11-13,Unknown,Auto,12.988621,77.571994,Critical,Online Scam,Under Investigation
540,FIR/2026/000540,8,28,15,101233,502205,522208,2024-06-25,Crowbar,Auto,12.316219,76.601906,Low,ATM Skimming,Pending Trial
541,FIR/2025/000541,12,38,1,100076,500243,504210,2026-11-28,Pistol,Scooter,12.998734,77.53634,Low,Social Engineering,Closed
542,FIR/2022/000542,4,11,4,100310,505334,511521,2023-09-26,Pistol,Scooter,12.995829,77.607301,Critical,Online Scam,Charge Sheet Filed
543,FIR/2022/000543,8,27,16,101335,523790,502857,2026-05-15,Knife,None,12.926223,74.884895,Critical,Duplicate Key,Under Investigation
544,FIR/2025/000544,9,31,20,101576,511224,513482,2022-10-06,Pistol,Motorcycle,12.929841,74.893027,Low,Online Scam,Closed
545,FIR/2023/000545,1,3,14,101147,509905,520090,2025-06-02,Unknown,Motorcycle,12.28658,76.63602,High,Firearm,Closed
546,FIR/2024/000546,11,35,19,101472,509252,522926,2025-07-12,Crowbar,Car,12.945797,74.864399,Low,Vehicle Lock Break,Pending Trial
547,FIR/2025/000547,10,32,19,101485,517822,506351,2025-09-08,Hands,Auto,12.945683,74.854855,Low,Physical Assault,Pending Trial
548,FIR/2024/000548,6,22,1,100064,523601,509869,2023-02-21,Crowbar,Truck,12.981102,77.567141,Medium,Physical Assault,Under Investigation
549,FIR/2023/000549,4,13,8,100628,502727,513447,2025-12-29,Iron Rod,Truck,12.978669,77.570739,Low,Fake Identity,Pending Trial
550,FIR/2026/000550,5,14,16,101314,511374,501066,2023-08-18,Crowbar,Car,12.973386,74.87256,Critical,Online Scam,Pending Trial
551,FIR/2023/000551,11,36,12,100985,517653,521841,2023-03-02,Hands,Scooter,12.309401,76.681179,Critical,Fake Identity,Pending Trial
552,FIR/2022/000552,2,6,18,101452,510667,507483,2024-03-24,Unknown,Motorcycle,12.93526,74.872391,Medium,Vehicle Lock Break,Charge Sheet Filed
553,FIR/2024/000553,2,5,7,100559,517201,514585,2026-07-18,Unknown,Scooter,12.926534,77.639046,High,ATM Skimming,Closed
554,FIR/2025/000554,1,4,6,100500,508636,518278,2026-01-17,Iron Rod,Scooter,13.009823,77.569696,Critical,Poisoning,Pending Trial
555,FIR/2025/000555,5,17,7,100577,522774,519652,2022-09-11,Stick,Truck,12.950595,77.611442,Critical,Firearm,Charge Sheet Filed
556,FIR/2026/000556,10,34,2,100149,513521,512313,2025-06-22,Unknown,None,12.943259,77.601198,Low,Forced Entry,Under Investigation
557,FIR/2026/000557,10,32,9,100717,504933,509522,2022-03-10,Hands,None,13.001611,77.553955,High,Firearm,Closed
558,FIR/2023/000558,10,34,15,101237,521025,521837,2026-12-07,Crowbar,Auto,12.274955,76.634069,Critical,Physical Assault,Closed
559,FIR/2024/000559,6,20,1,100080,518979,517043,2026-05-30,Stick,Auto,12.981858,77.593638,High,Online Scam,Under Investigation
560,FIR/2024/000560,6,18,10,100840,523318,519318,2025-03-27,Iron Rod,Van,12.964644,77.572558,Medium,Poisoning,Pending Trial
561,FIR/2023/000561,10,32,11,100902,501426,501625,2023-03-16,Knife,Van,12.30574,76.587309,High,Vehicle Lock Break,Pending Trial
562,FIR/2023/000562,8,28,11,100920,509853,521323,2022-11-15,Stick,Truck,12.335247,76.632321,Low,Vehicle Lock Break,Charge Sheet Filed
563,FIR/2025/000563,6,19,19,101481,502921,507527,2024-04-29,Stick,Truck,12.938139,74.809717,High,Firearm,Pending Trial
564,FIR/2025/000564,6,19,3,100210,516450,511905,2026-07-08,Stick,Motorcycle,12.95932,77.591357,Medium,Forced Entry,Closed
565,FIR/2022/000565,12,38,5,100396,500713,510204,2023-02-07,Knife,None,12.937206,77.564087,Critical,Firearm,Under Investigation
566,FIR/2025/000566,9,30,15,101190,508478,503988,2026-04-26,Crowbar,Auto,12.281125,76.641932,Low,Poisoning,Charge Sheet Filed
567,FIR/2022/000567,4,12,6,100527,506291,521329,2026-01-03,Unknown,Scooter,12.973573,77.569438,High,ATM Skimming,Closed
568,FIR/2023/000568,1,3,8,100645,521006,519297,2022-04-04,Crowbar,Scooter,12.958735,77.567402,High,Forced Entry,Closed
569,FIR/2024/000569,10,32,12,101010,514530,506327,2026-07-30,Stick,Car,12.326218,76.683335,Critical,Duplicate Key,Under Investigation
570,FIR/2023/000570,6,19,3,100209,510845,522233,2026-11-09,Knife,Van,12.965774,77.59748,Low,Social Engineering,Pending Trial
571,FIR/2024/000571,6,19,17,101350,507117,524291,2024-03-02,Unknown,None,12.877474,74.88135,High,Fake Identity,Under Investigation
572,FIR/2022/000572,8,26,11,100939,519947,504822,2025-09-17,Iron Rod,Auto,12.34909,76.633134,Low,Fake Identity,Charge Sheet Filed
573,FIR/2024/000573,3,8,9,100761,513580,518763,2022-11-25,Hands,Motorcycle,13.007489,77.559852,Critical,Duplicate Key,Charge Sheet Filed
574,FIR/2023/000574,11,36,17,101380,515710,517344,2023-01-11,Pistol,Van,12.878068,74.869289,High,Physical Assault,Under Investigation
575,FIR/2023/000575,3,8,16,101272,518142,518384,2023-07-11,Pistol,Car,12.938701,74.860819,Low,Physical Assault,Pending Trial
576,FIR/2023/000576,8,26,14,101158,524881,524712,2026-05-28,Crowbar,Scooter,12.285647,76.636646,Low,Social Engineering,Under Investigation
577,FIR/2026/000577,7,23,14,101119,520253,514411,2024-07-12,Knife,Car,12.289991,76.678729,Critical,Poisoning,Closed
578,FIR/2025/000578,11,36,7,100560,515047,521562,2026-07-27,Hands,Van,12.963091,77.647219,Low,Duplicate Key,Closed
579,FIR/2022/000579,6,22,11,100937,512631,506650,2024-05-08,Stick,Motorcycle,12.359943,76.622439,Medium,Physical Assault,Closed
580,FIR/2023/000580,11,37,5,100393,513374,511617,2026-02-03,Knife,Auto,12.938913,77.580217,Medium,Physical Assault,Closed
581,FIR/2025/000581,2,7,7,100615,524655,518386,2024-09-02,Knife,Truck,12.933798,77.622351,Medium,Fake Identity,Pending Trial
582,FIR/2024/000582,1,3,14,101129,508805,519314,2025-02-01,Iron Rod,Truck,12.270239,76.672758,High,Online Scam,Pending Trial
583,FIR/2024/000583,11,37,15,101207,505490,501958,2023-07-18,Unknown,Car,12.286671,76.601684,Medium,Fake Identity,Charge Sheet Filed
584,FIR/2026/000584,6,18,2,100122,514913,504622,2024-05-16,Unknown,Car,12.974916,77.617335,Medium,Forced Entry,Under Investigation
585,FIR/2023/000585,1,1,12,101037,511340,519912,2026-03-20,Hands,Van,12.304274,76.66717,Critical,ATM Skimming,Pending Trial
586,FIR/2026/000586,6,18,2,100098,513510,504873,2024-12-02,Iron Rod,Car,12.969941,77.620953,Medium,Social Engineering,Pending Trial
587,FIR/2023/000587,3,10,1,100092,512076,507668,2026-02-18,Iron Rod,None,12.997749,77.589187,High,Vehicle Lock Break,Under Investigation
588,FIR/2026/000588,5,17,19,101472,503579,519061,2024-09-22,Unknown,Car,12.950291,74.826309,Medium,Online Scam,Closed
589,FIR/2026/000589,12,40,2,100161,517872,503985,2023-12-14,Hands,None,12.965154,77.630699,High,Social Engineering,Closed
590,FIR/2025/000590,10,33,14,101173,514949,507891,2022-02-20,Unknown,Scooter,12.250042,76.682717,Low,Poisoning,Charge Sheet Filed
591,FIR/2023/000591,12,39,18,101429,515487,507430,2023-07-06,Knife,Auto,12.948853,74.862767,Medium,Fake Identity,Charge Sheet Filed
592,FIR/2025/000592,1,2,18,101427,512569,508741,2022-04-08,Hands,Motorcycle,12.916117,74.880081,Critical,Knife Attack,Pending Trial
593,FIR/2022/000593,6,19,19,101479,520794,517769,2023-07-05,Crowbar,Scooter,12.939019,74.831203,Critical,Poisoning,Charge Sheet Filed
594,FIR/2025/000594,5,14,1,100065,501485,518236,2022-03-30,Stick,Van,12.979326,77.552954,Medium,Vehicle Lock Break,Charge Sheet Filed
595,FIR/2023/000595,6,22,5,100375,506255,513186,2024-10-15,Stick,Truck,12.957502,77.596494,High,Fake Identity,Closed
596,FIR/2025/000596,12,38,1,100084,521040,518199,2024-01-22,Hands,None,12.951115,77.592864,Medium,Online Scam,Closed
597,FIR/2024/000597,1,1,17,101386,500668,508240,2024-05-15,Unknown,Motorcycle,12.890037,74.844959,High,Online Scam,Closed
598,FIR/2025/000598,4,12,18,101448,510470,505445,2024-01-26,Hands,None,12.951916,74.851145,Medium,Duplicate Key,Charge Sheet Filed
599,FIR/2025/000599,6,18,10,100802,524255,524649,2022-11-27,Knife,Scooter,12.972516,77.570842,High,Poisoning,Pending Trial
600,FIR/2026/000600,1,3,10,100859,513295,518235,2022-07-03,Iron Rod,None,12.9405,77.585035,Low,Poisoning,Charge Sheet Filed
601,FIR/2024/000601,4,12,6,100512,515851,511097,2023-09-10,Unknown,Car,12.971814,77.605344,High,Forced Entry,Under Investigation
602,FIR/2023/000602,11,37,20,101551,502751,505592,2024-07-08,Stick,Scooter,12.899945,74.834235,Medium,ATM Skimming,Charge Sheet Filed
603,FIR/2026/000603,7,25,20,101618,512221,513138,2024-01-09,Knife,Motorcycle,12.896968,74.8676,Low,Online Scam,Closed
604,FIR/2026/000604,12,38,20,101601,514796,508775,2024-11-27,Iron Rod,Van,12.933358,74.86329,Low,Duplicate Key,Under Investigation
605,FIR/2025/000605,1,4,17,101406,513797,504900,2024-02-26,Unknown,Scooter,12.898728,74.877141,Low,Fake Identity,Pending Trial
606,FIR/2025/000606,1,1,3,100217,512671,510587,2022-04-22,Stick,Car,12.975568,77.621084,Medium,Social Engineering,Closed
607,FIR/2023/000607,6,21,14,101153,511781,504902,2022-08-17,Unknown,Motorcycle,12.285523,76.649736,High,Online Scam,Charge Sheet Filed
608,FIR/2024/000608,9,31,16,101295,505719,523394,2023-12-13,Hands,Auto,12.926546,74.885819,Critical,Duplicate Key,Pending Trial
609,FIR/2026/000609,2,6,5,100349,506473,501621,2022-10-19,Iron Rod,Scooter,12.960467,77.546976,Low,Forced Entry,Closed
610,FIR/2024/000610,8,27,15,101191,518708,523481,2025-01-18,Stick,Scooter,12.302196,76.603321,Low,Duplicate Key,Closed
611,FIR/2024/000611,5,16,1,100062,522405,514546,2023-06-06,Hands,Auto,12.956717,77.581117,High,Duplicate Key,Pending Trial
612,FIR/2025/000612,4,13,9,100760,512749,523617,2022-04-16,Knife,Van,13.02062,77.575685,High,ATM Skimming,Pending Trial
613,FIR/2024/000613,2,6,1,100048,505380,524517,2026-07-26,Crowbar,Scooter,12.982929,77.590844,Low,Duplicate Key,Closed
614,FIR/2023/000614,2,5,16,101302,523772,521544,2026-05-26,Hands,Auto,12.946085,74.892754,High,Fake Identity,Closed
615,FIR/2025/000615,1,4,8,100629,524978,523031,2025-12-04,Crowbar,Van,12.966951,77.604837,Medium,ATM Skimming,Charge Sheet Filed
616,FIR/2026/000616,9,30,10,100829,515072,511127,2024-11-18,Stick,Auto,12.934645,77.604217,Medium,Physical Assault,Pending Trial
617,FIR/2026/000617,9,31,5,100352,520282,506795,2023-12-13,Pistol,Car,12.963832,77.5762,High,Vehicle Lock Break,Pending Trial
618,FIR/2023/000618,1,2,4,100338,522006,502687,2024-07-10,Stick,Van,12.990458,77.610692,High,Fake Identity,Closed
619,FIR/2022/000619,10,33,2,100155,514842,504149,2022-11-27,Pistol,Car,12.965237,77.636021,Medium,Online Scam,Under Investigation
620,FIR/2025/000620,3,10,4,100320,513325,512259,2026-12-22,Crowbar,Auto,13.011989,77.614367,Medium,ATM Skimming,Pending Trial
621,FIR/2023/000621,12,40,4,100295,509366,500095,2025-11-12,Iron Rod,None,12.972651,77.609017,Low,Fake Identity,Under Investigation
622,FIR/2025/000622,10,34,2,100153,509032,504293,2023-09-14,Hands,Auto,12.929204,77.603713,Low,Firearm,Under Investigation
623,FIR/2025/000623,3,8,12,100979,523148,518331,2022-01-19,Hands,Truck,12.332015,76.644354,Critical,Poisoning,Under Investigation
624,FIR/2022/000624,5,14,6,100489,504841,518669,2023-02-11,Hands,Truck,13.020758,77.56843,Critical,Social Engineering,Closed
625,FIR/2026/000625,11,35,12,101035,512281,505203,2025-03-24,Stick,Auto,12.30424,76.664023,Medium,Duplicate Key,Under Investigation
626,FIR/2026/000626,12,38,15,101217,503275,505691,2024-08-03,Knife,Scooter,12.298642,76.589266,Medium,Knife Attack,Pending Trial
627,FIR/2022/000627,5,16,15,101228,514603,524335,2023-08-23,Unknown,Van,12.298563,76.631842,High,Physical Assault,Closed
628,FIR/2023/000628,11,36,4,100297,500123,502128,2022-04-07,Knife,Van,13.007392,77.625221,Critical,Online Scam,Under Investigation
629,FIR/2022/000629,5,16,6,100506,508907,509039,2025-12-20,Hands,Car,12.966769,77.582594,Low,ATM Skimming,Charge Sheet Filed
630,FIR/2022/000630,2,6,20,101551,512947,518992,2025-12-04,Knife,Motorcycle,12.895705,74.883589,Medium,Fake Identity,Charge Sheet Filed
631,FIR/2025/000631,7,25,18,101414,511610,512633,2025-09-23,Knife,Auto,12.942389,74.873186,Critical,Online Scam,Pending Trial
632,FIR/2025/000632,10,33,3,100222,502349,510253,2023-05-15,Knife,Truck,12.9931,77.585797,High,ATM Skimming,Charge Sheet Filed
633,FIR/2026/000633,6,18,9,100741,520152,500164,2022-10-15,Unknown,Car,12.964622,77.561094,Medium,Knife Attack,Under Investigation
634,FIR/2025/000634,6,18,11,100961,500936,506344,2024-12-25,Unknown,Car,12.3336,76.591338,Low,Physical Assault,Under Investigation
635,FIR/2024/000635,3,10,6,100526,509286,507359,2023-08-07,Unknown,Auto,12.991671,77.584719,Low,Fake Identity,Charge Sheet Filed
636,FIR/2022/000636,2,6,13,101060,505957,508640,2024-05-16,Unknown,Truck,12.319156,76.700085,Critical,Online Scam,Charge Sheet Filed
637,FIR/2026/000637,4,13,15,101208,503164,513629,2024-07-28,Unknown,None,12.295784,76.631177,Medium,Forced Entry,Under Investigation
638,FIR/2025/000638,6,22,10,100825,521473,517275,2022-04-29,Knife,Scooter,12.952911,77.608889,Low,Duplicate Key,Pending Trial
639,FIR/2022/000639,6,21,16,101265,502071,514732,2023-12-29,Crowbar,Van,12.932485,74.881112,Low,Social Engineering,Charge Sheet Filed
640,FIR/2023/000640,5,17,16,101319,508695,520851,2026-08-13,Stick,Motorcycle,12.949147,74.844042,Critical,Forced Entry,Charge Sheet Filed
641,FIR/2024/000641,6,22,20,101576,507458,518822,2022-09-11,Hands,Van,12.926012,74.841125,Low,Physical Assault,Pending Trial
642,FIR/2024/000642,2,5,19,101496,515631,506229,2025-10-25,Crowbar,Truck,12.91718,74.846824,Medium,Physical Assault,Charge Sheet Filed
643,FIR/2022/000643,2,5,19,101485,523822,523221,2023-06-05,Pistol,Van,12.90347,74.859632,Medium,Forced Entry,Under Investigation
644,FIR/2024/000644,5,15,5,100415,504701,522764,2024-05-24,Stick,Motorcycle,12.957511,77.547204,Critical,Social Engineering,Charge Sheet Filed
645,FIR/2024/000645,3,9,14,101149,518282,513299,2022-04-19,Unknown,Motorcycle,12.295107,76.656386,Low,Fake Identity,Under Investigation
646,FIR/2023/000646,10,33,12,100989,522240,512912,2025-10-13,Crowbar,Motorcycle,12.323216,76.663786,Critical,Firearm,Under Investigation
647,FIR/2026/000647,4,12,10,100870,505587,518216,2026-03-24,Knife,Scooter,12.927204,77.605924,Low,Knife Attack,Pending Trial
648,FIR/2024/000648,9,31,19,101509,512942,501373,2023-03-05,Knife,Auto,12.930359,74.807127,High,Social Engineering,Closed
649,FIR/2024/000649,12,38,8,100625,518577,506613,2023-05-23,Stick,Car,13.011026,77.6188,High,Physical Assault,Pending Trial
650,FIR/2023/000650,3,10,2,100149,517706,508995,2024-05-13,Iron Rod,Van,12.979099,77.606254,Critical,ATM Skimming,Closed
651,FIR/2026/000651,8,28,2,100157,519417,502189,2023-12-31,Unknown,Truck,12.981403,77.628738,Critical,Social Engineering,Charge Sheet Filed
652,FIR/2022/000652,11,35,5,100345,511115,506837,2023-06-13,Knife,Truck,12.954735,77.546368,Critical,Social Engineering,Closed
653,FIR/2023/000653,1,1,18,101456,516165,506123,2023-10-23,Knife,Scooter,12.963159,74.875863,Medium,Fake Identity,Pending Trial
654,FIR/2024/000654,6,21,6,100448,512367,507353,2022-12-15,Iron Rod,None,12.981161,77.565851,Critical,Social Engineering,Charge Sheet Filed
655,FIR/2022/000655,1,2,14,101140,512209,508588,2023-04-23,Knife,Car,12.281164,76.662494,High,ATM Skimming,Closed
656,FIR/2026/000656,11,37,16,101292,508940,519942,2025-05-04,Knife,Motorcycle,12.977204,74.873077,Critical,Social Engineering,Under Investigation
657,FIR/2022/000657,1,1,16,101333,502462,508701,2024-08-22,Pistol,Scooter,12.971294,74.888872,Low,Knife Attack,Under Investigation
658,FIR/2025/000658,3,8,13,101094,521049,515719,2023-06-29,Knife,Scooter,12.306768,76.650237,Critical,Poisoning,Charge Sheet Filed
659,FIR/2025/000659,6,22,19,101499,513874,515260,2023-05-24,Knife,Car,12.944476,74.8148,Low,Poisoning,Closed
660,FIR/2024/000660,5,14,18,101435,508790,500786,2024-09-01,Crowbar,Car,12.951572,74.841404,Low,ATM Skimming,Pending Trial
661,FIR/2023/000661,10,32,4,100277,518562,502314,2026-03-29,Crowbar,Scooter,13.01042,77.635251,Critical,Vehicle Lock Break,Closed
662,FIR/2023/000662,6,20,11,100958,520299,505816,2024-06-22,Unknown,Car,12.333732,76.637421,Low,Forced Entry,Pending Trial
663,FIR/2022/000663,11,37,3,100169,519304,521648,2025-10-11,Stick,Car,12.987817,77.581887,Medium,Physical Assault,Charge Sheet Filed
664,FIR/2026/000664,1,1,14,101155,515004,516778,2026-11-26,Unknown,Van,12.301279,76.647376,Critical,Duplicate Key,Charge Sheet Filed
665,FIR/2023/000665,4,11,11,100909,523835,506147,2023-04-25,Unknown,Truck,12.327622,76.585791,High,Firearm,Charge Sheet Filed
666,FIR/2024/000666,8,28,20,101606,506831,505972,2024-03-30,Knife,Scooter,12.906755,74.845905,Medium,Vehicle Lock Break,Under Investigation
667,FIR/2022/000667,8,28,14,101156,509891,520415,2025-04-22,Stick,Scooter,12.269262,76.660469,Medium,Fake Identity,Under Investigation
668,FIR/2023/000668,6,18,18,101461,501662,503739,2022-08-28,Pistol,Motorcycle,12.916519,74.838602,Critical,Knife Attack,Charge Sheet Filed
669,FIR/2024/000669,4,11,19,101467,501552,521729,2026-10-04,Knife,Van,12.910343,74.808004,Low,ATM Skimming,Closed
670,FIR/2026/000670,2,5,5,100367,509593,518260,2022-03-30,Stick,Auto,12.966819,77.56189,Low,Forced Entry,Under Investigation
671,FIR/2026/000671,5,14,11,100918,508029,503367,2026-05-15,Knife,Scooter,12.358328,76.611989,Low,Duplicate Key,Pending Trial
672,FIR/2025/000672,4,11,7,100547,519994,503841,2025-03-17,Crowbar,Scooter,12.908873,77.647657,Medium,Firearm,Closed
673,FIR/2025/000673,6,21,14,101162,520191,503232,2024-06-01,Knife,Car,12.272008,76.658616,Critical,Knife Attack,Pending Trial
674,FIR/2025/000674,9,31,1,100026,510918,501566,2026-04-05,Crowbar,Van,12.968405,77.590988,High,Firearm,Closed
675,FIR/2025/000675,8,26,2,100146,508531,524516,2023-05-27,Iron Rod,Scooter,12.935962,77.613625,Medium,Knife Attack,Under Investigation
676,FIR/2025/000676,1,2,14,101140,517804,514717,2022-03-14,Crowbar,Motorcycle,12.285713,76.658243,High,Forced Entry,Under Investigation
677,FIR/2026/000677,6,22,6,100451,501669,514286,2025-05-24,Crowbar,Motorcycle,12.977511,77.597827,Critical,Fake Identity,Pending Trial
678,FIR/2023/000678,8,26,5,100346,517202,509643,2024-01-15,Pistol,None,12.931596,77.586078,Critical,Knife Attack,Under Investigation
679,FIR/2026/000679,11,37,16,101339,513077,518133,2024-04-09,Pistol,Car,12.94279,74.898378,High,Knife Attack,Under Investigation
680,FIR/2022/000680,6,21,9,100760,511513,520167,2023-08-24,Hands,Car,13.017371,77.563245,Critical,Firearm,Closed
681,FIR/2023/000681,4,13,11,100960,504006,513175,2024-05-22,Pistol,Scooter,12.35356,76.59257,Medium,Forced Entry,Under Investigation
682,FIR/2024/000682,1,1,18,101434,524542,500032,2024-08-26,Iron Rod,Scooter,12.937873,74.872671,Critical,Poisoning,Charge Sheet Filed
683,FIR/2023/000683,11,37,3,100223,509554,524569,2025-02-28,Hands,Motorcycle,12.979347,77.605309,High,Online Scam,Under Investigation
684,FIR/2022/000684,10,34,5,100400,507152,500780,2022-04-04,Knife,Car,12.928762,77.574164,High,Online Scam,Pending Trial
685,FIR/2026/000685,5,17,8,100681,516633,503061,2025-07-27,Crowbar,Auto,12.99215,77.590224,Critical,Social Engineering,Pending Trial
686,FIR/2026/000686,11,36,20,101577,502649,524650,2026-07-04,Pistol,Van,12.913742,74.83864,Low,Poisoning,Closed
687,FIR/2023/000687,5,15,2,100130,521144,507341,2025-09-16,Hands,Auto,12.977193,77.598017,Medium,Firearm,Charge Sheet Filed
688,FIR/2026/000688,8,26,6,100510,519001,517112,2022-04-18,Stick,Motorcycle,12.996938,77.618029,Critical,Physical Assault,Charge Sheet Filed
689,FIR/2023/000689,12,39,15,101181,503082,516090,2024-05-27,Pistol,Scooter,12.299485,76.627831,Critical,Social Engineering,Charge Sheet Filed
690,FIR/2025/000690,6,20,16,101271,521490,511327,2024-12-13,Hands,Auto,12.932633,74.849365,Medium,Social Engineering,Pending Trial
691,FIR/2023/000691,1,3,15,101241,513972,511320,2024-12-03,Iron Rod,Motorcycle,12.277245,76.595589,High,Forced Entry,Under Investigation
692,FIR/2025/000692,2,5,11,100963,513081,500840,2022-03-21,Knife,None,12.311674,76.586246,High,Physical Assault,Under Investigation
693,FIR/2022/000693,3,9,9,100742,519877,503373,2022-05-10,Pistol,Scooter,12.968096,77.57649,Critical,Forced Entry,Closed
694,FIR/2023/000694,6,19,11,100940,522202,508447,2026-04-23,Crowbar,Scooter,12.308441,76.603052,Medium,Online Scam,Charge Sheet Filed
695,FIR/2024/000695,5,17,20,101589,520110,511249,2023-12-09,Unknown,None,12.889864,74.889553,High,Duplicate Key,Pending Trial
696,FIR/2026/000696,12,39,14,101120,503661,503249,2023-01-19,Pistol,None,12.262499,76.676183,Low,Vehicle Lock Break,Closed
697,FIR/2022/000697,12,38,14,101130,501060,522241,2023-12-31,Unknown,Auto,12.255213,76.673223,Critical,Social Engineering,Closed
698,FIR/2024/000698,4,12,16,101261,515929,513218,2024-06-10,Hands,Car,12.936828,74.892898,High,Forced Entry,Closed
699,FIR/2024/000699,10,32,16,101328,518061,503450,2025-05-13,Iron Rod,Scooter,12.960902,74.901041,Medium,Poisoning,Closed
700,FIR/2025/000700,7,23,20,101554,504811,524078,2023-04-06,Knife,Auto,12.903197,74.843373,High,Forced Entry,Pending Trial
701,FIR/2025/000701,10,33,1,100069,506975,515807,2022-06-23,Pistol,Car,12.989808,77.561226,Medium,Poisoning,Pending Trial
702,FIR/2026/000702,10,32,15,101197,510542,508144,2022-06-12,Crowbar,Scooter,12.320104,76.594765,Critical,Firearm,Pending Trial
703,FIR/2023/000703,8,28,11,100934,502748,502520,2026-11-30,Stick,Motorcycle,12.346945,76.597571,Low,Duplicate Key,Under Investigation
704,FIR/2023/000704,12,38,18,101410,506953,514499,2022-12-08,Unknown,Scooter,12.923684,74.840293,High,Social Engineering,Closed
705,FIR/2026/000705,2,7,16,101260,515283,501545,2022-10-28,Hands,None,12.929947,74.86775,Critical,Fake Identity,Closed
706,FIR/2024/000706,7,25,20,101581,513114,519290,2025-11-17,Knife,Van,12.893936,74.853714,Low,Knife Attack,Under Investigation
707,FIR/2023/000707,2,5,19,101488,518886,519020,2025-11-27,Unknown,Van,12.928241,74.846111,Critical,Poisoning,Closed
708,FIR/2024/000708,5,15,18,101461,522171,524559,2024-11-23,Unknown,Van,12.93076,74.861098,Medium,Fake Identity,Under Investigation
709,FIR/2025/000709,12,38,8,100654,514448,520297,2025-05-08,Crowbar,Truck,13.014924,77.597047,Medium,Fake Identity,Closed
710,FIR/2023/000710,6,22,19,101483,508376,512082,2025-06-19,Knife,Motorcycle,12.922091,74.842581,Medium,Online Scam,Charge Sheet Filed
711,FIR/2025/000711,1,2,12,100969,513280,513826,2023-06-10,Crowbar,Scooter,12.288089,76.675854,Medium,Vehicle Lock Break,Pending Trial
712,FIR/2022/000712,7,23,19,101528,502476,501510,2026-11-10,Hands,None,12.903328,74.86369,Medium,Knife Attack,Charge Sheet Filed
713,FIR/2025/000713,1,4,4,100305,520660,516905,2025-01-18,Unknown,Auto,12.980113,77.630734,Critical,Duplicate Key,Pending Trial
714,FIR/2023/000714,10,32,3,100222,507768,516104,2022-07-07,Knife,Auto,13.003568,77.60677,Critical,Fake Identity,Charge Sheet Filed
715,FIR/2024/000715,2,7,13,101074,501878,508419,2023-12-06,Pistol,Truck,12.283774,76.653301,Medium,ATM Skimming,Under Investigation
716,FIR/2025/000716,10,34,8,100645,515438,501217,2024-09-17,Stick,None,12.974385,77.587017,Low,Fake Identity,Pending Trial
717,FIR/2024/000717,3,9,16,101334,508120,510031,2022-03-24,Crowbar,Truck,12.925017,74.889853,Critical,Knife Attack,Charge Sheet Filed
718,FIR/2023/000718,3,9,19,101525,505044,508094,2023-08-14,Stick,Car,12.934646,74.860825,Low,Firearm,Under Investigation
719,FIR/2026/000719,12,40,15,101247,516685,514513,2026-05-02,Unknown,Scooter,12.309702,76.584874,High,Physical Assault,Charge Sheet Filed
720,FIR/2026/000720,7,25,11,100959,506357,522211,2025-04-28,Knife,Motorcycle,12.325044,76.610856,High,Vehicle Lock Break,Under Investigation
721,FIR/2024/000721,1,3,12,101001,500726,500189,2023-01-29,Knife,Motorcycle,12.311905,76.6549,Medium,ATM Skimming,Pending Trial
722,FIR/2025/000722,10,34,6,100532,523809,524926,2025-09-02,Pistol,Scooter,12.961064,77.595979,Critical,Firearm,Under Investigation
723,FIR/2026/000723,1,4,16,101263,504053,514823,2023-04-19,Knife,None,12.939638,74.849839,Low,Duplicate Key,Under Investigation
724,FIR/2025/000724,10,34,3,100240,523666,514414,2022-11-27,Hands,Auto,12.956317,77.612343,High,Online Scam,Closed
725,FIR/2023/000725,6,22,20,101543,521771,503470,2022-12-02,Pistol,Motorcycle,12.930205,74.836776,High,Poisoning,Under Investigation
726,FIR/2025/000726,7,25,19,101469,519718,515674,2023-07-01,Hands,Motorcycle,12.948257,74.806132,Low,Online Scam,Under Investigation
727,FIR/2024/000727,10,34,8,100699,503181,501636,2023-12-07,Unknown,Scooter,12.963236,77.619634,Medium,Forced Entry,Pending Trial
728,FIR/2025/000728,8,28,10,100799,519924,505348,2023-06-17,Knife,Car,12.934374,77.575344,High,Physical Assault,Pending Trial
729,FIR/2025/000729,4,13,14,101135,505569,519801,2026-09-07,Hands,Van,12.286618,76.63549,High,Poisoning,Under Investigation
730,FIR/2022/000730,10,32,7,100561,507879,524250,2024-06-16,Iron Rod,Auto,12.953797,77.642356,Medium,Duplicate Key,Charge Sheet Filed
731,FIR/2026/000731,4,12,19,101474,518190,518057,2024-11-16,Hands,Motorcycle,12.957687,74.865052,Low,Poisoning,Pending Trial
732,FIR/2025/000732,5,14,7,100618,504664,511040,2023-06-14,Unknown,Truck,12.931112,77.599585,Critical,Duplicate Key,Charge Sheet Filed
733,FIR/2022/000733,9,29,16,101313,514807,508068,2025-11-01,Unknown,Auto,12.950346,74.872644,Medium,Knife Attack,Charge Sheet Filed
734,FIR/2026/000734,12,40,16,101297,504503,520861,2026-08-16,Pistol,Scooter,12.974265,74.890822,Critical,Firearm,Under Investigation
735,FIR/2025/000735,8,28,11,100915,518257,508069,2024-11-30,Crowbar,Truck,12.360812,76.632679,Critical,Firearm,Under Investigation
736,FIR/2022/000736,10,32,17,101399,507767,520817,2025-01-31,Hands,None,12.905939,74.871002,Low,Physical Assault,Under Investigation
737,FIR/2025/000737,10,34,19,101535,513163,507868,2022-09-10,Hands,None,12.919183,74.812543,Low,Social Engineering,Under Investigation
738,FIR/2022/000738,8,28,6,100435,512068,509598,2022-01-28,Crowbar,Auto,12.966305,77.62084,Low,Physical Assault,Closed
739,FIR/2023/000739,10,32,6,100463,502941,500046,2022-06-05,Crowbar,Motorcycle,13.019353,77.58511,Low,Forced Entry,Under Investigation
740,FIR/2024/000740,12,40,12,100986,503842,516790,2024-07-22,Crowbar,None,12.298891,76.651277,High,Fake Identity,Pending Trial
741,FIR/2022/000741,9,31,3,100225,506364,503222,2026-08-06,Crowbar,Motorcycle,12.953133,77.582033,Critical,Poisoning,Under Investigation
742,FIR/2023/000742,7,24,9,100728,524247,513832,2025-12-01,Iron Rod,Car,12.965039,77.549055,Medium,ATM Skimming,Closed
743,FIR/2023/000743,7,25,18,101416,504142,518382,2024-05-27,Pistol,None,12.916717,74.867846,Low,Firearm,Pending Trial
744,FIR/2026/000744,4,12,8,100677,521625,510556,2023-06-14,Stick,Auto,13.000743,77.608809,Low,Vehicle Lock Break,Pending Trial
745,FIR/2025/000745,6,18,7,100579,523110,504172,2023-11-17,Pistol,Van,12.93678,77.628052,Critical,Physical Assault,Closed
746,FIR/2023/000746,2,6,13,101064,508484,518082,2026-04-02,Hands,None,12.295417,76.67117,Medium,Duplicate Key,Charge Sheet Filed
747,FIR/2023/000747,2,5,4,100265,508357,508222,2024-04-09,Hands,None,12.972364,77.610528,Medium,ATM Skimming,Charge Sheet Filed
748,FIR/2024/000748,5,16,6,100516,505729,503299,2024-04-15,Stick,Van,12.969115,77.576953,High,Fake Identity,Pending Trial
749,FIR/2025/000749,1,4,19,101530,507716,515073,2026-02-14,Crowbar,None,12.909573,74.854392,Critical,Physical Assault,Under Investigation
750,FIR/2023/000750,6,21,10,100797,524288,520807,2023-05-22,Unknown,Car,12.958689,77.595457,Critical,Firearm,Pending Trial
751,FIR/2025/000751,2,7,11,100954,503730,514530,2024-11-26,Knife,Motorcycle,12.349245,76.615386,High,Online Scam,Pending Trial
752,FIR/2023/000752,1,1,10,100832,512768,508395,2026-09-23,Stick,Van,12.980962,77.577012,Medium,Social Engineering,Pending Trial
753,FIR/2025/000753,2,6,7,100619,523251,509430,2025-01-02,Iron Rod,Van,12.918778,77.636609,Low,Social Engineering,Under Investigation
754,FIR/2022/000754,3,9,8,100679,515976,503643,2024-11-08,Pistol,Auto,12.963976,77.576466,Low,Forced Entry,Closed
755,FIR/2025/000755,9,29,13,101062,515702,510698,2026-12-11,Unknown,Scooter,12.333386,76.67364,High,Physical Assault,Closed
756,FIR/2025/000756,3,9,5,100409,502767,511087,2026-09-02,Crowbar,Car,12.964808,77.575734,Critical,Vehicle Lock Break,Pending Trial
757,FIR/2026/000757,7,25,6,100451,513997,512010,2023-11-15,Knife,Scooter,13.000295,77.613148,Low,Duplicate Key,Charge Sheet Filed
758,FIR/2022/000758,5,17,9,100769,519214,523846,2023-11-13,Crowbar,Truck,12.972621,77.59026,Medium,Duplicate Key,Under Investigation
759,FIR/2022/000759,3,9,17,101389,502079,524196,2024-04-06,Pistol,Van,12.916927,74.84091,High,Fake Identity,Closed
760,FIR/2026/000760,8,26,18,101455,514068,524439,2023-01-07,Hands,Motorcycle,12.927296,74.850221,Medium,Poisoning,Charge Sheet Filed
761,FIR/2025/000761,3,10,3,100184,504134,509642,2025-01-02,Crowbar,Truck,12.950818,77.625574,Medium,Vehicle Lock Break,Under Investigation
762,FIR/2023/000762,1,1,9,100741,516305,519564,2023-10-19,Pistol,Motorcycle,13.013335,77.5744,Critical,Vehicle Lock Break,Pending Trial
763,FIR/2023/000763,2,6,16,101279,515769,510545,2024-03-09,Knife,Motorcycle,12.976302,74.856549,Critical,Physical Assault,Charge Sheet Filed
764,FIR/2026/000764,1,1,5,100377,515554,520511,2025-10-10,Hands,None,12.966255,77.597105,Critical,Social Engineering,Pending Trial
765,FIR/2023/000765,1,1,2,100104,508401,521202,2026-09-11,Pistol,Auto,12.924822,77.584098,Critical,Duplicate Key,Pending Trial
766,FIR/2026/000766,7,23,1,100095,500179,504021,2024-10-06,Knife,Motorcycle,12.948485,77.548474,Critical,Social Engineering,Pending Trial
767,FIR/2023/000767,12,38,19,101522,501026,501255,2023-12-12,Unknown,Van,12.918774,74.864979,High,Physical Assault,Pending Trial
768,FIR/2024/000768,6,19,2,100162,512195,502227,2022-04-16,Knife,Van,12.936086,77.5867,Low,Knife Attack,Closed
769,FIR/2024/000769,11,36,19,101475,503721,511811,2023-09-10,Knife,Car,12.924577,74.807289,Critical,Fake Identity,Under Investigation
770,FIR/2023/000770,6,20,9,100770,519259,512894,2026-04-07,Knife,None,13.014368,77.556386,High,Fake Identity,Pending Trial
771,FIR/2024/000771,1,3,6,100532,510646,511487,2022-06-15,Unknown,Motorcycle,13.0128,77.582244,Critical,Social Engineering,Pending Trial
772,FIR/2023/000772,5,15,4,100294,511443,515260,2026-10-19,Stick,Van,12.980939,77.600676,High,Fake Identity,Charge Sheet Filed
773,FIR/2024/000773,11,36,17,101402,500631,517592,2024-02-18,Pistol,None,12.921298,74.87841,Critical,Fake Identity,Closed
774,FIR/2023/000774,1,1,19,101494,508944,522499,2023-05-29,Hands,Motorcycle,12.937956,74.822541,Critical,Physical Assault,Charge Sheet Filed
775,FIR/2025/000775,7,24,13,101059,500565,504079,2024-12-23,Iron Rod,Van,12.332818,76.686683,Critical,Forced Entry,Closed
776,FIR/2026/000776,7,25,13,101062,505624,508599,2026-05-09,Stick,Van,12.324561,76.680084,High,Forced Entry,Charge Sheet Filed
777,FIR/2023/000777,11,35,10,100830,504431,500712,2026-04-02,Unknown,Van,12.977755,77.573989,High,Poisoning,Pending Trial
778,FIR/2022/000778,10,34,17,101366,503266,512914,2026-11-15,Hands,Motorcycle,12.897989,74.854766,High,Fake Identity,Charge Sheet Filed
779,FIR/2026/000779,6,19,4,100285,519252,503125,2026-04-03,Hands,Motorcycle,12.979661,77.625474,Low,Vehicle Lock Break,Pending Trial
780,FIR/2022/000780,10,34,13,101102,509171,504088,2026-08-01,Knife,Van,12.300149,76.698108,High,Firearm,Pending Trial
781,FIR/2025/000781,12,40,2,100140,500576,523681,2026-08-30,Iron Rod,Motorcycle,12.952278,77.601106,Medium,Poisoning,Closed
782,FIR/2024/000782,4,11,20,101568,521979,513058,2024-12-31,Pistol,Motorcycle,12.946083,74.843733,Critical,Poisoning,Pending Trial
783,FIR/2025/000783,2,6,18,101423,515862,524085,2026-09-19,Knife,Truck,12.96997,74.844573,Critical,ATM Skimming,Pending Trial
784,FIR/2022/000784,3,9,8,100654,506190,505371,2024-09-28,Crowbar,Truck,12.976871,77.617009,Medium,ATM Skimming,Under Investigation
785,FIR/2026/000785,9,31,3,100185,515794,512819,2023-08-19,Iron Rod,Scooter,12.967449,77.619653,Low,Firearm,Closed
786,FIR/2023/000786,12,38,20,101597,522157,503355,2023-09-28,Knife,Van,12.943749,74.840869,Low,Forced Entry,Closed
787,FIR/2024/000787,1,2,3,100249,524945,523111,2024-07-18,Crowbar,Scooter,12.987377,77.618354,Medium,Social Engineering,Pending Trial
788,FIR/2026/000788,3,9,17,101384,510661,512506,2023-03-21,Knife,Van,12.903753,74.845543,Medium,Online Scam,Charge Sheet Filed
789,FIR/2026/000789,11,36,15,101255,511699,513811,2023-03-21,Crowbar,Scooter,12.319215,76.598578,Medium,ATM Skimming,Pending Trial
790,FIR/2023/000790,7,25,14,101156,507007,501418,2026-04-10,Iron Rod,Motorcycle,12.260349,76.633874,Critical,Poisoning,Under Investigation
791,FIR/2022/000791,11,35,14,101149,514027,504125,2024-08-28,Crowbar,Auto,12.296619,76.635549,High,Physical Assault,Closed
792,FIR/2022/000792,11,36,6,100475,524927,510708,2024-05-08,Unknown,Auto,12.968253,77.615255,Critical,Physical Assault,Closed
793,FIR/2024/000793,6,21,9,100731,500143,517937,2026-11-06,Pistol,Van,12.998716,77.573597,Critical,Online Scam,Under Investigation
794,FIR/2026/000794,5,14,14,101132,506833,516607,2026-11-18,Hands,Scooter,12.288399,76.684785,Low,Poisoning,Charge Sheet Filed
795,FIR/2023/000795,5,15,19,101515,505124,511231,2025-07-19,Stick,Truck,12.953169,74.833755,High,Vehicle Lock Break,Charge Sheet Filed
796,FIR/2023/000796,8,28,14,101145,516843,518760,2025-06-21,Crowbar,Car,12.305007,76.687734,High,Poisoning,Charge Sheet Filed
797,FIR/2022/000797,12,39,4,100270,506152,509079,2023-12-09,Hands,Auto,12.982917,77.647148,Medium,Vehicle Lock Break,Under Investigation
798,FIR/2025/000798,7,24,8,100668,511574,514491,2023-12-05,Pistol,Truck,12.96415,77.574239,Critical,Social Engineering,Pending Trial
799,FIR/2025/000799,3,9,8,100629,519336,501508,2023-05-13,Knife,None,12.981044,77.611745,Critical,Firearm,Under Investigation
800,FIR/2025/000800,1,2,13,101100,502015,524532,2024-09-08,Iron Rod,Truck,12.293281,76.675608,Critical,Poisoning,Pending Trial
801,FIR/2026/000801,1,4,11,100940,508354,502139,2022-05-19,Iron Rod,Car,12.307688,76.593512,Medium,Online Scam,Closed
802,FIR/2024/000802,12,38,13,101114,518607,512253,2023-08-02,Iron Rod,Motorcycle,12.292644,76.68611,Critical,Online Scam,Pending Trial
803,FIR/2023/000803,3,8,14,101159,521867,512036,2026-01-18,Crowbar,Scooter,12.296201,76.687514,High,Physical Assault,Charge Sheet Filed
804,FIR/2026/000804,6,22,19,101532,505247,520722,2023-01-31,Iron Rod,Scooter,12.925417,74.852893,Medium,ATM Skimming,Pending Trial
805,FIR/2022/000805,2,6,18,101428,501499,519161,2026-12-22,Hands,Car,12.917414,74.876959,Medium,Firearm,Closed
806,FIR/2026/000806,7,24,17,101345,505684,515852,2024-01-24,Iron Rod,None,12.913977,74.836847,Critical,Online Scam,Charge Sheet Filed
807,FIR/2022/000807,3,9,1,100040,513945,519866,2025-12-05,Crowbar,Van,12.990173,77.561202,Critical,ATM Skimming,Closed
808,FIR/2022/000808,4,13,15,101251,507683,522107,2024-08-06,Crowbar,Scooter,12.293554,76.622712,Critical,Social Engineering,Pending Trial
809,FIR/2022/000809,11,36,18,101460,507013,501252,2025-09-29,Iron Rod,None,12.9257,74.873891,Low,Duplicate Key,Charge Sheet Filed
810,FIR/2026/000810,5,17,16,101274,517587,509313,2024-05-24,Hands,Auto,12.940516,74.888524,Medium,Firearm,Pending Trial
811,FIR/2023/000811,9,30,19,101513,506292,503615,2026-10-27,Iron Rod,Car,12.924318,74.827534,Critical,ATM Skimming,Charge Sheet Filed
812,FIR/2024/000812,3,10,17,101380,513900,519627,2025-07-21,Pistol,Truck,12.911047,74.859537,High,ATM Skimming,Under Investigation
813,FIR/2022/000813,4,13,7,100585,508444,506020,2023-05-18,Hands,Auto,12.913773,77.603923,Medium,ATM Skimming,Closed
814,FIR/2022/000814,11,36,4,100322,519943,511800,2023-10-31,Crowbar,Scooter,12.977327,77.607995,Medium,Fake Identity,Charge Sheet Filed
815,FIR/2026/000815,7,24,19,101481,520679,515828,2022-02-26,Unknown,Scooter,12.938061,74.852991,Critical,Knife Attack,Pending Trial
816,FIR/2023/000816,8,28,4,100281,500894,513030,2022-05-15,Unknown,Car,12.994822,77.631272,Low,Fake Identity,Under Investigation
817,FIR/2025/000817,3,9,17,101361,511239,505871,2022-05-11,Stick,Truck,12.890642,74.827973,Medium,Firearm,Charge Sheet Filed
818,FIR/2022/000818,5,15,3,100231,510935,506290,2022-10-20,Unknown,Motorcycle,12.977547,77.62209,Medium,Forced Entry,Under Investigation
819,FIR/2025/000819,4,13,4,100286,512846,505349,2022-10-07,Pistol,None,12.956201,77.632747,Medium,Physical Assault,Charge Sheet Filed
820,FIR/2024/000820,5,17,4,100317,515090,516292,2026-06-02,Pistol,Motorcycle,12.956594,77.644769,High,Online Scam,Closed
821,FIR/2023/000821,5,17,14,101138,519664,511895,2022-01-31,Unknown,Auto,12.251157,76.666528,Medium,Firearm,Under Investigation
822,FIR/2024/000822,5,16,13,101069,513230,507958,2024-05-26,Crowbar,Van,12.330678,76.696132,High,Physical Assault,Under Investigation
823,FIR/2026/000823,8,28,15,101215,521859,506518,2023-07-13,Crowbar,Motorcycle,12.265909,76.642727,High,Duplicate Key,Charge Sheet Filed
824,FIR/2026/000824,7,23,14,101145,511186,510065,2024-03-30,Pistol,Truck,12.256598,76.668473,Medium,ATM Skimming,Closed
825,FIR/2025/000825,8,28,18,101437,522545,504370,2025-10-28,Knife,Scooter,12.949115,74.852312,Critical,Physical Assault,Pending Trial
826,FIR/2022/000826,8,26,1,100032,511147,511975,2026-07-28,Hands,Auto,12.966022,77.56016,Critical,Poisoning,Charge Sheet Filed
827,FIR/2022/000827,7,23,1,100069,522533,513236,2025-05-23,Knife,Van,12.952525,77.582484,Critical,Knife Attack,Closed
828,FIR/2024/000828,1,4,19,101538,505395,519533,2024-01-22,Crowbar,Car,12.9423,74.810725,Critical,Fake Identity,Charge Sheet Filed
829,FIR/2022/000829,10,33,17,101362,505346,524320,2025-12-21,Pistol,Van,12.888811,74.881574,Low,ATM Skimming,Charge Sheet Filed
830,FIR/2024/000830,8,26,13,101091,507594,505693,2024-02-07,Pistol,Car,12.328943,76.684049,Medium,Firearm,Closed
831,FIR/2023/000831,6,18,18,101464,522787,521154,2023-06-21,Iron Rod,Scooter,12.958766,74.863641,Medium,Firearm,Charge Sheet Filed
832,FIR/2023/000832,3,10,13,101115,524817,509176,2026-07-04,Pistol,Motorcycle,12.334863,76.66935,High,Physical Assault,Closed
833,FIR/2022/000833,6,21,2,100107,518216,505018,2026-05-21,Pistol,Truck,12.933065,77.629917,Medium,ATM Skimming,Charge Sheet Filed
834,FIR/2025/000834,12,38,8,100654,513748,502395,2024-02-29,Crowbar,Scooter,12.982136,77.572002,Critical,Online Scam,Charge Sheet Filed
835,FIR/2025/000835,6,21,6,100472,517979,521174,2024-05-05,Pistol,Motorcycle,13.007702,77.61032,Medium,Poisoning,Closed
836,FIR/2025/000836,7,25,16,101268,507887,516665,2024-11-24,Knife,Motorcycle,12.925536,74.891852,Medium,Online Scam,Pending Trial
837,FIR/2024/000837,7,24,8,100706,508076,519478,2023-08-04,Stick,Car,12.963285,77.587027,Medium,Fake Identity,Closed
838,FIR/2025/000838,8,27,4,100290,515398,517339,2024-12-22,Iron Rod,Car,12.970785,77.617921,Critical,Vehicle Lock Break,Closed
839,FIR/2026/000839,9,30,18,101434,505321,511172,2022-08-25,Pistol,Auto,12.92712,74.845793,Critical,ATM Skimming,Closed
840,FIR/2023/000840,1,3,5,100406,510599,504117,2025-08-18,Unknown,Car,12.939806,77.593757,Medium,Social Engineering,Pending Trial
841,FIR/2026/000841,1,3,9,100728,506566,502572,2023-01-24,Stick,Scooter,12.970467,77.578737,Medium,Vehicle Lock Break,Under Investigation
842,FIR/2022/000842,4,11,1,100010,501441,505693,2025-04-03,Pistol,Truck,12.975734,77.541706,Medium,Duplicate Key,Under Investigation
843,FIR/2022/000843,1,4,15,101226,511590,509547,2026-09-20,Unknown,Motorcycle,12.278543,76.598186,Medium,Social Engineering,Charge Sheet Filed
844,FIR/2025/000844,1,4,3,100171,502262,511010,2024-06-10,Iron Rod,Scooter,12.984748,77.607552,High,Poisoning,Pending Trial
845,FIR/2023/000845,5,17,18,101439,505831,514960,2022-11-24,Hands,Truck,12.968132,74.869984,Medium,Fake Identity,Pending Trial
846,FIR/2023/000846,9,29,17,101383,514714,512292,2022-05-23,Unknown,Scooter,12.925864,74.841183,Critical,Forced Entry,Under Investigation
847,FIR/2023/000847,3,10,13,101088,505735,520477,2026-01-13,Iron Rod,Truck,12.293409,76.70209,Critical,Online Scam,Closed
848,FIR/2023/000848,8,26,3,100206,509184,501553,2025-03-24,Unknown,Car,12.948846,77.610578,Low,Knife Attack,Closed
849,FIR/2022/000849,7,23,2,100133,511461,509094,2023-11-04,Knife,Auto,12.942565,77.610412,Low,Forced Entry,Pending Trial
850,FIR/2024/000850,5,16,8,100698,517738,515416,2023-09-27,Stick,None,12.982053,77.594464,Medium,Forced Entry,Closed
851,FIR/2023/000851,3,10,9,100741,500562,520813,2025-01-16,Crowbar,Van,12.993167,77.591062,Medium,Forced Entry,Under Investigation
852,FIR/2026/000852,6,21,7,100611,512461,520573,2024-09-24,Iron Rod,Scooter,12.959954,77.652007,High,Online Scam,Charge Sheet Filed
853,FIR/2023/000853,10,32,9,100768,516342,511446,2025-01-29,Stick,Motorcycle,13.006883,77.553695,Critical,ATM Skimming,Under Investigation
854,FIR/2025/000854,1,4,13,101107,517105,505172,2024-03-26,Unknown,Auto,12.331275,76.653254,Critical,Firearm,Under Investigation
855,FIR/2024/000855,6,20,10,100778,523093,520275,2025-02-08,Hands,Car,12.974087,77.597767,Critical,Vehicle Lock Break,Charge Sheet Filed
856,FIR/2022/000856,2,7,9,100743,512578,508700,2026-03-24,Crowbar,Truck,12.98623,77.543049,Medium,Fake Identity,Under Investigation
857,FIR/2026/000857,1,1,19,101500,505346,504810,2023-07-10,Pistol,None,12.941954,74.842371,Low,Physical Assault,Closed
858,FIR/2025/000858,10,34,18,101448,500853,520146,2022-12-24,Crowbar,Van,12.913151,74.859887,Low,Vehicle Lock Break,Pending Trial
859,FIR/2024/000859,12,38,6,100536,504759,500575,2023-10-02,Stick,Truck,12.976926,77.613212,Medium,ATM Skimming,Pending Trial
860,FIR/2024/000860,1,3,16,101322,505564,521819,2022-07-28,Knife,Motorcycle,12.970271,74.874855,Critical,Social Engineering,Closed
861,FIR/2025/000861,3,9,3,100243,514503,513155,2025-11-13,Iron Rod,Car,12.992543,77.587605,Medium,Vehicle Lock Break,Closed
862,FIR/2023/000862,8,26,18,101450,515553,507614,2024-09-12,Crowbar,Van,12.939662,74.852705,Medium,Social Engineering,Under Investigation
863,FIR/2025/000863,2,7,2,100143,523503,508728,2024-02-20,Pistol,Car,12.930121,77.630303,Medium,Forced Entry,Under Investigation
864,FIR/2023/000864,10,32,2,100158,521775,502734,2024-09-02,Crowbar,Van,12.956165,77.618653,High,Duplicate Key,Under Investigation
865,FIR/2025/000865,6,19,19,101539,518528,507796,2026-04-09,Crowbar,Auto,12.912997,74.861011,Low,Social Engineering,Charge Sheet Filed
866,FIR/2022/000866,3,10,7,100566,518321,524916,2023-07-01,Unknown,Truck,12.919866,77.63764,Low,Social Engineering,Under Investigation
867,FIR/2024/000867,10,32,2,100143,509813,515790,2023-09-26,Crowbar,Auto,12.979407,77.615428,Critical,Firearm,Charge Sheet Filed
868,FIR/2026/000868,8,27,1,100050,503580,509760,2022-07-10,Unknown,Auto,12.993325,77.535089,Medium,Duplicate Key,Closed
869,FIR/2023/000869,11,35,15,101241,517796,524926,2024-12-18,Iron Rod,Auto,12.289629,76.618696,Critical,Poisoning,Charge Sheet Filed
870,FIR/2023/000870,9,30,3,100230,508472,521994,2025-04-17,Crowbar,None,12.972993,77.590853,High,Firearm,Charge Sheet Filed
871,FIR/2024/000871,1,3,12,101005,503426,510101,2022-08-19,Stick,Auto,12.284965,76.695788,Medium,Poisoning,Under Investigation
872,FIR/2022/000872,6,20,11,100961,509492,501923,2023-05-23,Hands,Scooter,12.304865,76.636049,Critical,Physical Assault,Pending Trial
873,FIR/2024/000873,6,19,3,100184,509715,507870,2022-07-20,Iron Rod,Car,13.005302,77.605776,High,Social Engineering,Closed
874,FIR/2025/000874,7,24,10,100860,513473,524125,2022-07-25,Stick,Motorcycle,12.951023,77.612394,Low,ATM Skimming,Pending Trial
875,FIR/2023/000875,2,5,12,101022,523942,510001,2022-01-01,Hands,Car,12.322085,76.647149,Critical,Firearm,Pending Trial
876,FIR/2023/000876,9,31,2,100165,501899,502246,2024-12-06,Stick,Auto,12.937295,77.634082,High,ATM Skimming,Charge Sheet Filed
877,FIR/2022/000877,3,9,5,100419,507858,519069,2023-10-21,Stick,Truck,12.936516,77.577639,Medium,Social Engineering,Charge Sheet Filed
878,FIR/2022/000878,8,27,5,100375,524677,524505,2026-05-05,Pistol,Truck,12.937538,77.568546,Critical,Fake Identity,Pending Trial
879,FIR/2023/000879,3,9,19,101516,512914,503855,2024-03-12,Stick,None,12.92097,74.849583,Medium,Firearm,Pending Trial
880,FIR/2025/000880,11,35,18,101415,507463,500887,2024-03-16,Crowbar,Car,12.96899,74.849311,Critical,Online Scam,Closed
881,FIR/2025/000881,1,3,20,101581,508157,513736,2025-08-12,Pistol,Car,12.946643,74.866541,Critical,Poisoning,Under Investigation
882,FIR/2024/000882,12,38,4,100316,514567,507885,2023-04-06,Pistol,None,12.958268,77.599101,Critical,Forced Entry,Charge Sheet Filed
883,FIR/2024/000883,4,12,1,100080,500850,504346,2022-06-15,Hands,Car,13.00512,77.552875,Low,Fake Identity,Charge Sheet Filed
884,FIR/2026/000884,1,4,16,101326,503103,523349,2022-07-07,Unknown,Scooter,12.941418,74.892962,Low,Duplicate Key,Pending Trial
885,FIR/2023/000885,1,3,17,101395,507401,522933,2026-07-12,Hands,Truck,12.914414,74.831135,Medium,Physical Assault,Under Investigation
886,FIR/2026/000886,12,40,4,100306,523226,511096,2024-05-18,Pistol,Car,12.985614,77.616672,Low,Forced Entry,Closed
887,FIR/2026/000887,5,16,2,100135,523217,510566,2026-02-05,Pistol,Van,12.945796,77.618397,Medium,Knife Attack,Under Investigation
888,FIR/2024/000888,10,32,19,101497,517156,503093,2025-02-25,Hands,Van,12.932439,74.842683,Low,Physical Assault,Charge Sheet Filed
889,FIR/2022/000889,4,11,3,100230,511480,521134,2026-07-09,Hands,None,12.955189,77.5731,Critical,Forced Entry,Pending Trial
890,FIR/2024/000890,8,28,20,101553,507835,520226,2024-06-19,Unknown,Truck,12.892121,74.852789,Medium,Forced Entry,Pending Trial
891,FIR/2026/000891,9,30,14,101177,503295,521030,2022-12-26,Unknown,Motorcycle,12.276648,76.670929,High,ATM Skimming,Pending Trial
892,FIR/2025/000892,9,29,1,100081,515163,521351,2024-02-26,Pistol,None,12.98693,77.556143,High,Fake Identity,Pending Trial
893,FIR/2024/000893,6,18,5,100418,501397,522730,2023-02-04,Pistol,Motorcycle,12.933002,77.590843,Critical,Social Engineering,Closed
894,FIR/2026/000894,4,11,8,100635,509241,518473,2026-09-27,Pistol,Auto,12.972245,77.603885,Critical,Online Scam,Under Investigation
895,FIR/2023/000895,5,15,7,100586,514450,513509,2023-10-05,Knife,Van,12.924991,77.602226,Medium,Duplicate Key,Pending Trial
896,FIR/2022/000896,4,11,9,100727,504918,518167,2026-10-11,Pistol,Car,13.015107,77.547373,Critical,Physical Assault,Charge Sheet Filed
897,FIR/2022/000897,9,29,9,100771,509063,510497,2026-12-17,Stick,None,12.994385,77.585296,Medium,Knife Attack,Closed
898,FIR/2025/000898,1,4,4,100275,504611,521918,2024-06-29,Iron Rod,None,12.953004,77.632553,Low,Physical Assault,Closed
899,FIR/2024/000899,6,22,19,101509,507676,520734,2023-09-22,Stick,Scooter,12.9047,74.848501,Medium,Forced Entry,Pending Trial
900,FIR/2024/000900,11,37,13,101098,508564,513640,2022-12-05,Crowbar,Car,12.297486,76.646874,Critical,Duplicate Key,Closed
901,FIR/2026/000901,10,34,16,101335,520932,508113,2022-09-04,Unknown,Truck,12.962716,74.900535,Medium,Duplicate Key,Closed
902,FIR/2023/000902,1,3,17,101398,503399,508931,2026-01-03,Knife,Truck,12.921051,74.849575,Low,Online Scam,Pending Trial
903,FIR/2024/000903,12,39,13,101066,515761,519452,2023-08-19,Unknown,Auto,12.339785,76.70104,Low,ATM Skimming,Charge Sheet Filed
904,FIR/2023/000904,10,33,11,100912,507375,506487,2023-05-04,Iron Rod,Auto,12.316405,76.600435,Low,Fake Identity,Closed
905,FIR/2024/000905,8,26,8,100680,524109,519769,2025-10-24,Knife,Scooter,12.96975,77.588599,Critical,Social Engineering,Pending Trial
906,FIR/2022/000906,9,30,4,100303,513510,520747,2023-11-23,Crowbar,None,12.953414,77.629332,Critical,Knife Attack,Closed
907,FIR/2025/000907,10,33,9,100708,501519,504022,2024-08-19,Crowbar,Truck,12.996424,77.563954,Low,Forced Entry,Closed
908,FIR/2023/000908,4,12,9,100752,506239,513554,2022-04-15,Knife,Van,12.979225,77.557535,High,ATM Skimming,Under Investigation
909,FIR/2026/000909,11,35,14,101173,511758,503694,2024-05-15,Unknown,Scooter,12.26495,76.668767,Low,ATM Skimming,Closed
910,FIR/2024/000910,6,19,14,101130,501920,504328,2026-07-29,Stick,Auto,12.263632,76.672162,Low,Poisoning,Charge Sheet Filed
911,FIR/2023/000911,4,11,6,100463,500769,517413,2022-11-10,Pistol,Scooter,12.973802,77.567575,High,Fake Identity,Under Investigation
912,FIR/2025/000912,2,5,18,101418,523636,522976,2024-05-13,Crowbar,Motorcycle,12.958225,74.856305,Critical,Duplicate Key,Closed
913,FIR/2025/000913,10,34,13,101064,514837,506318,2025-04-11,Stick,Car,12.340938,76.657095,Low,Duplicate Key,Charge Sheet Filed
914,FIR/2022/000914,10,33,5,100354,514297,521965,2024-03-04,Stick,Car,12.915406,77.564369,Medium,Knife Attack,Pending Trial
915,FIR/2026/000915,2,7,8,100645,522192,500405,2023-08-25,Iron Rod,Car,13.009188,77.585489,Critical,ATM Skimming,Under Investigation
916,FIR/2023/000916,10,33,8,100656,521037,501538,2024-01-10,Iron Rod,Auto,13.003591,77.619712,Medium,Physical Assault,Closed
917,FIR/2025/000917,6,21,19,101516,521083,514584,2022-09-23,Unknown,Van,12.935244,74.83597,High,Firearm,Closed
918,FIR/2024/000918,8,27,16,101257,503730,501410,2023-03-30,Hands,Auto,12.946187,74.844419,Medium,Duplicate Key,Under Investigation
919,FIR/2022/000919,2,6,7,100599,518444,507029,2025-01-17,Crowbar,Truck,12.932887,77.639813,Low,Fake Identity,Pending Trial
920,FIR/2022/000920,10,32,4,100261,517775,521027,2022-08-07,Iron Rod,Motorcycle,13.006683,77.600924,High,Social Engineering,Pending Trial
921,FIR/2026/000921,11,36,16,101273,522229,524479,2026-09-08,Knife,Van,12.951047,74.849509,Low,Social Engineering,Closed
922,FIR/2023/000922,2,7,8,100680,500661,509903,2024-02-20,Unknown,Truck,12.981671,77.617562,High,Vehicle Lock Break,Closed
923,FIR/2024/000923,5,14,13,101079,509053,522657,2025-09-23,Hands,Car,12.331982,76.701463,High,Fake Identity,Pending Trial
924,FIR/2025/000924,2,7,2,100140,504014,506929,2024-09-20,Unknown,None,12.965655,77.618138,Medium,Social Engineering,Closed
925,FIR/2026/000925,5,15,11,100956,523952,523580,2022-04-30,Hands,None,12.305654,76.624429,Low,Online Scam,Charge Sheet Filed
926,FIR/2024/000926,1,1,14,101162,520935,510521,2025-08-09,Pistol,Motorcycle,12.302323,76.666765,Medium,ATM Skimming,Charge Sheet Filed
927,FIR/2025/000927,4,12,3,100184,508100,509423,2025-02-10,Iron Rod,Car,12.963768,77.623172,Low,Duplicate Key,Under Investigation
928,FIR/2023/000928,6,18,3,100233,509341,519070,2026-08-31,Iron Rod,Truck,12.999126,77.624633,High,Firearm,Under Investigation
929,FIR/2023/000929,5,15,13,101085,518598,510308,2023-07-24,Hands,Car,12.301852,76.684171,Critical,Poisoning,Charge Sheet Filed
930,FIR/2024/000930,6,20,3,100209,513206,517509,2022-06-20,Hands,Scooter,12.957748,77.583894,Low,ATM Skimming,Pending Trial
931,FIR/2026/000931,9,30,7,100609,505306,521006,2023-09-03,Pistol,Van,12.950516,77.627041,High,Forced Entry,Pending Trial
932,FIR/2023/000932,10,33,8,100629,507120,514043,2025-12-18,Unknown,Car,13.000199,77.600129,Medium,Poisoning,Under Investigation
933,FIR/2022/000933,8,27,13,101096,506310,503412,2024-08-26,Knife,Car,12.308589,76.692836,Medium,Online Scam,Closed
934,FIR/2024/000934,6,20,20,101561,509448,508053,2024-10-26,Iron Rod,Scooter,12.907321,74.879309,Low,Online Scam,Charge Sheet Filed
935,FIR/2023/000935,7,25,13,101118,507127,515291,2023-09-16,Crowbar,Car,12.324999,76.68922,Critical,Duplicate Key,Closed
936,FIR/2023/000936,12,38,20,101562,511795,503162,2023-04-22,Crowbar,Auto,12.946209,74.874568,Low,Duplicate Key,Closed
937,FIR/2022/000937,2,6,10,100848,519711,509290,2022-01-23,Unknown,None,12.930412,77.569008,Medium,ATM Skimming,Charge Sheet Filed
938,FIR/2022/000938,8,26,15,101231,519423,507199,2022-06-03,Unknown,None,12.297008,76.637162,Low,Duplicate Key,Closed
939,FIR/2023/000939,10,34,11,100942,524026,506353,2025-01-24,Hands,Car,12.324149,76.582622,Low,Fake Identity,Charge Sheet Filed
940,FIR/2022/000940,2,6,5,100426,509101,507329,2024-04-06,Iron Rod,None,12.965756,77.56618,Medium,Knife Attack,Charge Sheet Filed
941,FIR/2023/000941,4,13,5,100375,519302,519038,2022-02-09,Pistol,Motorcycle,12.923243,77.599113,Low,Online Scam,Pending Trial
942,FIR/2026/000942,3,9,7,100590,520032,504423,2024-01-04,Pistol,Van,12.95852,77.644101,Medium,Fake Identity,Under Investigation
943,FIR/2023/000943,7,23,14,101158,523652,509794,2025-01-03,Hands,Motorcycle,12.298027,76.655363,High,Social Engineering,Pending Trial
944,FIR/2022/000944,11,35,5,100355,509635,501192,2024-07-18,Unknown,Scooter,12.965353,77.55734,Critical,Poisoning,Closed
945,FIR/2022/000945,8,26,13,101060,501674,518430,2025-12-11,Knife,Auto,12.308689,76.668428,Low,Online Scam,Closed
946,FIR/2022/000946,6,18,2,100137,500727,518881,2022-08-19,Pistol,Van,12.982919,77.588993,Critical,Firearm,Charge Sheet Filed
947,FIR/2026/000947,5,17,7,100601,500378,524936,2023-04-12,Knife,Car,12.927672,77.625361,Critical,Firearm,Closed
948,FIR/2026/000948,6,21,19,101510,500294,515662,2023-06-13,Knife,Car,12.920154,74.81331,Medium,ATM Skimming,Charge Sheet Filed
949,FIR/2023/000949,3,8,17,101386,509499,521212,2026-09-21,Knife,Truck,12.894746,74.879048,Critical,Social Engineering,Charge Sheet Filed
950,FIR/2024/000950,6,20,4,100331,512678,520453,2023-10-14,Stick,Scooter,12.966955,77.646925,Low,Social Engineering,Closed
951,FIR/2023/000951,11,37,5,100375,508508,506026,2024-01-16,Crowbar,Van,12.915529,77.56894,High,Vehicle Lock Break,Under Investigation
952,FIR/2025/000952,6,18,5,100345,522788,512958,2023-08-22,Iron Rod,Van,12.945744,77.584093,Critical,Duplicate Key,Charge Sheet Filed
953,FIR/2024/000953,5,17,19,101497,521767,513704,2024-03-23,Pistol,Truck,12.937937,74.816262,Low,ATM Skimming,Charge Sheet Filed
954,FIR/2025/000954,4,12,2,100150,520990,503128,2026-05-20,Hands,Car,12.968173,77.604744,High,Vehicle Lock Break,Charge Sheet Filed
955,FIR/2025/000955,5,14,18,101415,519498,501879,2026-05-07,Unknown,None,12.918321,74.84881,Low,Social Engineering,Pending Trial
956,FIR/2026/000956,5,17,13,101073,522225,522046,2024-03-10,Unknown,Motorcycle,12.337559,76.65359,Low,Social Engineering,Pending Trial
957,FIR/2026/000957,5,14,14,101124,511529,516800,2023-10-04,Pistol,Car,12.305527,76.659564,High,Social Engineering,Under Investigation
958,FIR/2026/000958,1,1,4,100295,504805,516132,2025-03-11,Hands,Car,12.990258,77.638323,Critical,Vehicle Lock Break,Pending Trial
959,FIR/2024/000959,9,29,13,101109,524072,523133,2024-08-26,Stick,None,12.325769,76.660656,Medium,Knife Attack,Closed
960,FIR/2024/000960,10,32,14,101135,504970,515826,2026-01-10,Crowbar,Truck,12.249122,76.644893,Low,Knife Attack,Closed
961,FIR/2025/000961,7,24,12,100991,522103,508735,2022-10-23,Stick,Motorcycle,12.282982,76.695493,Low,Forced Entry,Pending Trial
962,FIR/2022/000962,12,40,12,101005,501891,519137,2025-09-19,Crowbar,Van,12.287667,76.663685,Critical,Poisoning,Under Investigation
963,FIR/2026/000963,7,23,16,101261,509983,509007,2024-10-15,Knife,Truck,12.949055,74.863648,Low,Online Scam,Closed
964,FIR/2025/000964,5,15,9,100768,505389,505092,2023-11-14,Unknown,Van,12.985043,77.564842,Critical,ATM Skimming,Charge Sheet Filed
965,FIR/2025/000965,12,39,11,100942,518887,524562,2025-02-09,Pistol,None,12.338596,76.582667,Low,Fake Identity,Charge Sheet Filed
966,FIR/2025/000966,1,2,3,100190,517166,524900,2026-11-17,Unknown,Auto,12.963691,77.604522,Critical,Online Scam,Closed
967,FIR/2022/000967,1,1,1,100086,503683,504998,2024-06-02,Stick,Scooter,12.973046,77.550839,High,Poisoning,Under Investigation
968,FIR/2025/000968,1,3,1,100066,512532,500051,2022-12-19,Iron Rod,None,12.983674,77.572389,Medium,Fake Identity,Pending Trial
969,FIR/2025/000969,6,18,14,101148,508583,524732,2024-08-21,Hands,None,12.295519,76.688372,Critical,ATM Skimming,Closed
970,FIR/2022/000970,6,22,8,100652,518550,504936,2024-11-01,Unknown,Auto,13.009866,77.598572,High,ATM Skimming,Under Investigation
971,FIR/2023/000971,6,18,13,101079,510839,507702,2023-08-18,Stick,Motorcycle,12.283278,76.670446,Critical,Physical Assault,Pending Trial
972,FIR/2024/000972,5,17,3,100216,509441,501425,2026-07-26,Pistol,Motorcycle,12.969922,77.596952,Critical,Firearm,Under Investigation
973,FIR/2022/000973,5,14,2,100138,514291,508851,2025-09-25,Knife,Motorcycle,12.967094,77.629,Low,Fake Identity,Closed
974,FIR/2024/000974,7,24,8,100664,507924,520011,2025-02-16,Hands,Car,12.964221,77.61957,Critical,Poisoning,Under Investigation
975,FIR/2022/000975,4,12,3,100191,518853,514018,2026-10-11,Iron Rod,Auto,12.965698,77.598246,Critical,Vehicle Lock Break,Under Investigation
976,FIR/2026/000976,5,17,6,100500,508511,513705,2022-02-05,Unknown,Car,12.961311,77.569558,Medium,Poisoning,Closed
977,FIR/2026/000977,5,14,1,100033,509246,523413,2025-04-22,Hands,Motorcycle,12.96418,77.563539,Medium,Vehicle Lock Break,Pending Trial
978,FIR/2022/000978,5,14,5,100423,516469,504980,2023-06-03,Crowbar,Motorcycle,12.938809,77.548675,Medium,Online Scam,Under Investigation
979,FIR/2023/000979,3,10,6,100438,522041,510355,2024-01-15,Knife,Truck,13.020367,77.599389,Medium,Social Engineering,Charge Sheet Filed
980,FIR/2022/000980,2,5,11,100916,504184,511044,2022-11-13,Unknown,Motorcycle,12.341697,76.59901,Critical,Physical Assault,Charge Sheet Filed
981,FIR/2022/000981,10,32,11,100947,522842,518871,2023-06-26,Knife,Auto,12.307578,76.584237,High,Forced Entry,Charge Sheet Filed
982,FIR/2024/000982,7,23,20,101567,509258,517892,2025-10-21,Crowbar,Van,12.896901,74.844094,Critical,Online Scam,Under Investigation
983,FIR/2024/000983,5,16,8,100638,514534,513081,2025-12-06,Hands,Motorcycle,13.011752,77.62171,High,Duplicate Key,Pending Trial
984,FIR/2026/000984,11,36,12,101025,503071,523537,2023-11-25,Unknown,Car,12.323867,76.665798,Critical,Fake Identity,Under Investigation
985,FIR/2024/000985,6,22,9,100738,515831,515947,2022-03-28,Pistol,Van,12.976806,77.553241,Medium,Duplicate Key,Charge Sheet Filed
986,FIR/2022/000986,4,11,11,100919,512601,511154,2025-06-29,Pistol,Truck,12.333318,76.584713,Medium,Online Scam,Under Investigation
987,FIR/2022/000987,4,11,8,100661,512979,512573,2024-08-09,Pistol,Truck,12.965721,77.626339,High,Firearm,Charge Sheet Filed
988,FIR/2024/000988,6,19,3,100220,511892,521085,2024-11-20,Unknown,Motorcycle,12.975363,77.585348,High,ATM Skimming,Closed
989,FIR/2023/000989,5,16,12,100967,505940,511366,2023-07-16,Unknown,Auto,12.283237,76.691772,Critical,Social Engineering,Under Investigation
990,FIR/2024/000990,8,27,16,101264,501748,523743,2026-08-02,Unknown,Auto,12.932565,74.889578,Low,Poisoning,Pending Trial
991,FIR/2025/000991,9,30,2,100159,500090,522326,2025-09-29,Stick,Auto,12.956341,77.582188,High,Physical Assault,Charge Sheet Filed
992,FIR/2026/000992,12,39,1,100068,502672,510511,2022-02-02,Pistol,None,12.975386,77.591389,Low,Fake Identity,Under Investigation
993,FIR/2026/000993,1,1,5,100365,503328,504736,2024-10-28,Crowbar,None,12.912198,77.582431,Medium,Online Scam,Under Investigation
994,FIR/2022/000994,8,28,1,100011,516040,522140,2026-09-14,Stick,Van,12.968355,77.58222,High,Social Engineering,Pending Trial
995,FIR/2023/000995,6,22,19,101499,500146,500232,2024-06-28,Knife,Truck,12.956601,74.828092,Medium,Fake Identity,Closed
996,FIR/2026/000996,5,16,2,100156,521881,517762,2022-05-16,Unknown,Motorcycle,12.938885,77.620274,High,Duplicate Key,Charge Sheet Filed
997,FIR/2023/000997,8,26,4,100267,510911,522297,2024-01-25,Hands,Van,13.006933,77.650033,Low,Fake Identity,Pending Trial
998,FIR/2026/000998,8,26,3,100207,523759,519105,2024-12-31,Pistol,Truck,13.000213,77.597783,Low,Poisoning,Pending Trial
999,FIR/2026/000999,6,19,18,101460,513528,520883,2026-03-04,Crowbar,None,12.935602,74.835836,Low,Social Engineering,Charge Sheet Filed
1000,FIR/2023/001000,2,6,19,101498,504041,510052,2022-12-10,Unknown,Car,12.900044,74.839625,Low,Physical Assault,Pending Trial
1001,FIR/2026/001001,8,27,13,101118,511230,519500,2023-11-16,Crowbar,Auto,12.310533,76.693112,Medium,Duplicate Key,Closed
1002,FIR/2022/001002,5,17,13,101059,512041,518880,2022-11-12,Knife,Truck,12.317876,76.672787,Medium,Duplicate Key,Closed
1003,FIR/2024/001003,7,23,8,100648,517805,515387,2022-12-13,Stick,Scooter,12.962503,77.580569,Critical,Knife Attack,Closed
1004,FIR/2022/001004,3,10,8,100705,517070,515489,2022-12-08,Stick,Auto,12.991379,77.579741,Critical,Physical Assault,Closed
1005,FIR/2024/001005,10,34,15,101205,512819,500658,2024-09-29,Unknown,Scooter,12.312908,76.596061,High,ATM Skimming,Charge Sheet Filed
1006,FIR/2022/001006,11,37,11,100952,513599,502858,2026-08-26,Unknown,Auto,12.327231,76.597596,Medium,Firearm,Charge Sheet Filed
1007,FIR/2022/001007,2,6,2,100108,512652,504694,2022-07-13,Pistol,Motorcycle,12.928565,77.60767,Low,Forced Entry,Closed
1008,FIR/2024/001008,7,23,19,101538,503656,503639,2022-08-03,Unknown,Scooter,12.924656,74.834429,Low,Forced Entry,Pending Trial
1009,FIR/2025/001009,10,32,11,100903,504930,509358,2024-01-26,Pistol,Motorcycle,12.315782,76.603804,Low,Social Engineering,Closed
1010,FIR/2026/001010,1,4,10,100777,514793,512746,2026-02-18,Hands,Scooter,12.935955,77.580956,High,ATM Skimming,Charge Sheet Filed
1011,FIR/2026/001011,12,38,17,101362,517794,510619,2026-10-19,Hands,Auto,12.894092,74.84862,Medium,Social Engineering,Closed
1012,FIR/2022/001012,12,40,4,100259,508991,521803,2022-01-10,Knife,Motorcycle,12.968777,77.617214,High,Poisoning,Closed
1013,FIR/2025/001013,3,8,11,100947,523033,508412,2023-05-02,Knife,Car,12.309004,76.594089,Critical,ATM Skimming,Pending Trial
1014,FIR/2024/001014,11,35,12,101049,506796,503820,2022-10-14,Iron Rod,Car,12.342538,76.644386,Medium,ATM Skimming,Pending Trial
1015,FIR/2024/001015,5,16,10,100878,503891,507642,2022-11-17,Hands,None,12.954704,77.585623,High,Fake Identity,Under Investigation
1016,FIR/2024/001016,5,15,10,100825,510477,514105,2025-11-15,Knife,Car,12.952704,77.613045,High,Vehicle Lock Break,Pending Trial
1017,FIR/2025/001017,6,18,2,100136,513923,520693,2026-03-10,Crowbar,Car,12.970356,77.61173,Low,Firearm,Closed
1018,FIR/2023/001018,9,30,12,100987,509643,502184,2025-05-13,Stick,Motorcycle,12.342187,76.656969,High,Poisoning,Charge Sheet Filed
1019,FIR/2025/001019,6,18,15,101231,514154,511448,2025-01-01,Knife,Motorcycle,12.277332,76.633314,High,Physical Assault,Closed
1020,FIR/2026/001020,4,12,9,100722,522805,523372,2026-07-05,Pistol,Truck,12.977355,77.549925,High,Vehicle Lock Break,Under Investigation
1021,FIR/2024/001021,10,32,13,101066,515428,505375,2026-04-11,Unknown,Car,12.325624,76.670672,Medium,Fake Identity,Charge Sheet Filed
1022,FIR/2024/001022,3,10,11,100894,521659,502088,2023-09-23,Knife,Auto,12.358062,76.598881,High,Vehicle Lock Break,Under Investigation
1023,FIR/2023/001023,11,36,10,100816,503530,524577,2023-10-25,Hands,Car,12.957941,77.600178,Critical,Duplicate Key,Charge Sheet Filed
1024,FIR/2022/001024,9,31,13,101079,508539,510289,2026-12-06,Knife,Car,12.306686,76.675121,High,Fake Identity,Closed
1025,FIR/2023/001025,3,10,10,100833,511799,511266,2023-12-29,Stick,Auto,12.934421,77.595581,High,Firearm,Closed
1026,FIR/2024/001026,6,21,17,101350,511217,519075,2023-03-07,Iron Rod,Motorcycle,12.93243,74.87637,Critical,Duplicate Key,Under Investigation
1027,FIR/2025/001027,10,32,16,101321,517079,521969,2022-01-25,Knife,Scooter,12.955155,74.861031,Medium,Vehicle Lock Break,Pending Trial
1028,FIR/2023/001028,4,13,16,101276,517232,504838,2023-03-29,Crowbar,Van,12.922972,74.860576,Critical,Firearm,Under Investigation
1029,FIR/2022/001029,8,26,14,101125,504935,519435,2026-09-11,Knife,Van,12.2939,76.67725,Low,Physical Assault,Pending Trial
1030,FIR/2022/001030,2,7,16,101339,514333,521503,2025-09-12,Unknown,Truck,12.946837,74.84947,Low,ATM Skimming,Charge Sheet Filed
1031,FIR/2023/001031,8,27,4,100276,500848,522931,2026-01-22,Iron Rod,Car,13.007,77.626051,Low,ATM Skimming,Under Investigation
1032,FIR/2026/001032,1,4,18,101446,515159,503989,2026-06-18,Pistol,Truck,12.93588,74.842574,Low,Vehicle Lock Break,Pending Trial
1033,FIR/2024/001033,8,28,20,101562,518856,511919,2026-04-20,Stick,Auto,12.935493,74.850974,High,Social Engineering,Charge Sheet Filed
1034,FIR/2022/001034,9,30,1,100007,510339,511712,2026-02-05,Iron Rod,Truck,12.975282,77.580873,Low,Knife Attack,Pending Trial
1035,FIR/2023/001035,5,15,6,100530,502565,503608,2025-01-15,Crowbar,Auto,12.978628,77.600368,Critical,Vehicle Lock Break,Pending Trial
1036,FIR/2025/001036,1,1,5,100376,506558,520237,2026-05-25,Unknown,Van,12.946389,77.546584,Critical,Duplicate Key,Pending Trial
1037,FIR/2024/001037,11,37,7,100543,509791,519603,2025-06-17,Crowbar,Van,12.944178,77.609917,High,Online Scam,Under Investigation
1038,FIR/2026/001038,2,7,10,100859,520214,513381,2024-08-14,Crowbar,None,12.954675,77.612299,High,Forced Entry,Charge Sheet Filed
1039,FIR/2026/001039,6,21,5,100400,500189,518448,2023-08-17,Knife,Motorcycle,12.921183,77.570484,High,ATM Skimming,Under Investigation
1040,FIR/2023/001040,4,12,3,100187,507625,520501,2026-01-26,Knife,Scooter,12.949011,77.626538,High,Physical Assault,Pending Trial
1041,FIR/2022/001041,9,31,19,101519,501691,520965,2024-09-17,Crowbar,Motorcycle,12.908438,74.805695,Low,Social Engineering,Charge Sheet Filed
1042,FIR/2022/001042,10,34,16,101275,510217,515005,2025-12-20,Hands,None,12.942351,74.84285,Low,Online Scam,Pending Trial
1043,FIR/2024/001043,11,35,10,100777,506252,516288,2024-02-03,Iron Rod,Van,12.936346,77.59686,High,Duplicate Key,Under Investigation
1044,FIR/2023/001044,2,6,20,101601,516396,514443,2026-11-23,Crowbar,Auto,12.895416,74.846838,Medium,Online Scam,Charge Sheet Filed
1045,FIR/2022/001045,2,6,20,101611,517603,515113,2023-01-28,Stick,Truck,12.924898,74.864902,Medium,ATM Skimming,Closed
1046,FIR/2025/001046,3,9,17,101356,512502,507179,2022-07-19,Stick,Car,12.920485,74.861944,Critical,ATM Skimming,Charge Sheet Filed
1047,FIR/2022/001047,12,38,11,100939,508140,501145,2024-12-30,Knife,Scooter,12.340298,76.59825,Low,Knife Attack,Under Investigation
1048,FIR/2022/001048,10,33,6,100438,504759,518084,2026-08-04,Pistol,Motorcycle,12.985053,77.579976,Low,Duplicate Key,Under Investigation
1049,FIR/2023/001049,7,23,18,101413,500135,518895,2023-03-23,Iron Rod,Truck,12.914928,74.869138,Low,Vehicle Lock Break,Under Investigation
1050,FIR/2024/001050,8,26,1,100005,522071,510908,2023-09-20,Pistol,Van,12.98441,77.548291,High,Social Engineering,Closed
1051,FIR/2024/001051,5,16,10,100838,509570,513961,2024-03-06,Iron Rod,Auto,12.944206,77.583925,Low,Vehicle Lock Break,Under Investigation
1052,FIR/2025/001052,5,15,2,100149,523804,514193,2024-10-07,Iron Rod,Scooter,12.975702,77.587001,Low,Forced Entry,Charge Sheet Filed
1053,FIR/2026/001053,5,16,10,100824,501088,522205,2023-12-17,Pistol,Truck,12.972354,77.600597,Critical,Duplicate Key,Closed
1054,FIR/2023/001054,6,22,2,100104,520670,504211,2024-04-05,Iron Rod,None,12.951949,77.609622,High,Online Scam,Charge Sheet Filed
1055,FIR/2023/001055,1,4,17,101378,511353,522914,2024-08-13,Iron Rod,None,12.897261,74.843759,Critical,Duplicate Key,Closed
1056,FIR/2023/001056,8,26,14,101123,516203,504812,2026-05-22,Iron Rod,Van,12.296073,76.661399,High,Duplicate Key,Closed
1057,FIR/2025/001057,5,14,12,100965,515022,516651,2025-12-16,Hands,Scooter,12.335794,76.663883,High,Firearm,Under Investigation
1058,FIR/2026/001058,11,35,7,100607,503341,506512,2025-07-22,Pistol,Auto,12.931047,77.625781,Low,Vehicle Lock Break,Charge Sheet Filed
1059,FIR/2023/001059,1,4,6,100493,504310,520836,2026-10-13,Iron Rod,Motorcycle,13.011008,77.570649,Critical,Vehicle Lock Break,Under Investigation
1060,FIR/2026/001060,1,3,13,101064,502979,508255,2023-01-13,Pistol,Van,12.294478,76.651605,Low,Social Engineering,Under Investigation
1061,FIR/2022/001061,7,24,11,100931,514377,507360,2023-12-11,Knife,Car,12.354919,76.637399,Critical,Duplicate Key,Pending Trial
1062,FIR/2025/001062,8,26,14,101166,509935,518153,2024-10-07,Unknown,Scooter,12.249637,76.641171,Critical,Poisoning,Charge Sheet Filed
1063,FIR/2024/001063,7,25,11,100908,515711,509012,2024-01-16,Hands,Car,12.309759,76.604694,Low,Knife Attack,Charge Sheet Filed
1064,FIR/2026/001064,8,27,11,100895,511909,519556,2024-07-03,Pistol,Car,12.308461,76.583384,High,Knife Attack,Under Investigation
1065,FIR/2026/001065,8,27,15,101209,505776,504311,2022-02-18,Knife,None,12.316742,76.639915,Low,Firearm,Under Investigation
1066,FIR/2023/001066,8,27,18,101423,514540,523554,2023-10-13,Crowbar,Car,12.96221,74.83232,Low,Forced Entry,Under Investigation
1067,FIR/2024/001067,1,4,5,100424,520257,503912,2023-09-29,Stick,Scooter,12.964632,77.551121,High,Knife Attack,Under Investigation
1068,FIR/2025/001068,3,9,17,101354,520810,523520,2024-10-14,Unknown,Truck,12.909121,74.827627,Critical,Fake Identity,Pending Trial
1069,FIR/2022/001069,1,3,19,101471,520183,509693,2024-01-31,Iron Rod,Van,12.953757,74.825345,Critical,Physical Assault,Closed
1070,FIR/2022/001070,9,29,3,100239,504737,520300,2024-05-05,Pistol,None,12.98804,77.59266,High,Duplicate Key,Closed
1071,FIR/2024/001071,6,19,9,100765,504231,508331,2026-04-11,Iron Rod,Van,12.986917,77.553641,Medium,Physical Assault,Charge Sheet Filed
1072,FIR/2025/001072,5,15,5,100354,509658,517366,2025-04-27,Crowbar,Van,12.91611,77.572344,Medium,Physical Assault,Pending Trial
1073,FIR/2025/001073,3,8,1,100055,504914,523683,2024-09-25,Unknown,Van,13.003143,77.589137,Medium,Vehicle Lock Break,Closed
1074,FIR/2026/001074,6,22,17,101374,502157,517950,2025-04-12,Unknown,Auto,12.89402,74.836871,Critical,Firearm,Closed
1075,FIR/2023/001075,10,34,15,101234,509651,503266,2023-02-18,Stick,Auto,12.304641,76.629824,High,Vehicle Lock Break,Closed
1076,FIR/2024/001076,2,5,16,101271,505301,514717,2025-09-06,Pistol,Car,12.952125,74.876509,Low,Vehicle Lock Break,Under Investigation
1077,FIR/2026/001077,12,40,17,101402,510912,506038,2023-10-30,Pistol,Car,12.89856,74.837885,High,Physical Assault,Closed
1078,FIR/2025/001078,11,37,13,101117,514604,517551,2025-07-01,Hands,Car,12.313838,76.685282,Low,Fake Identity,Pending Trial
1079,FIR/2026/001079,7,25,17,101397,506939,520898,2022-07-23,Stick,Motorcycle,12.921385,74.865285,Low,Poisoning,Under Investigation
1080,FIR/2026/001080,9,31,20,101570,521064,515129,2024-05-13,Stick,Truck,12.902304,74.881865,Medium,Online Scam,Closed
1081,FIR/2025/001081,3,10,3,100222,508142,521119,2023-09-07,Iron Rod,Motorcycle,12.983557,77.581138,Medium,Forced Entry,Charge Sheet Filed
1082,FIR/2025/001082,3,8,9,100744,506293,505873,2022-10-17,Unknown,Motorcycle,12.994361,77.56233,Critical,Firearm,Charge Sheet Filed
1083,FIR/2022/001083,7,23,4,100262,515689,515257,2023-10-20,Crowbar,Van,12.9912,77.627256,Critical,ATM Skimming,Closed
1084,FIR/2024/001084,11,35,14,101147,522854,523653,2024-04-13,Crowbar,None,12.259222,76.678789,High,Forced Entry,Closed
1085,FIR/2024/001085,6,19,19,101537,503608,500503,2025-07-22,Hands,Motorcycle,12.951501,74.835094,Critical,Fake Identity,Closed
1086,FIR/2023/001086,8,27,19,101525,514029,507636,2023-10-13,Crowbar,Car,12.908035,74.851696,Medium,ATM Skimming,Under Investigation
1087,FIR/2024/001087,10,33,19,101523,510292,506302,2026-03-26,Crowbar,Van,12.902463,74.848198,Critical,Fake Identity,Under Investigation
1088,FIR/2023/001088,1,1,10,100825,510382,521900,2022-01-06,Unknown,Car,12.965931,77.596906,Low,Vehicle Lock Break,Pending Trial
1089,FIR/2023/001089,3,8,18,101407,506252,522372,2026-08-07,Unknown,Auto,12.915739,74.839093,High,Duplicate Key,Pending Trial
1090,FIR/2023/001090,12,39,10,100801,503522,511088,2026-03-17,Crowbar,Truck,12.957903,77.574573,High,Online Scam,Closed
1091,FIR/2024/001091,1,1,9,100753,500084,502433,2024-09-11,Stick,Motorcycle,12.972591,77.553386,Critical,Social Engineering,Closed
1092,FIR/2022/001092,10,33,8,100671,502185,522739,2024-11-16,Stick,Car,13.008992,77.569042,Low,Vehicle Lock Break,Closed
1093,FIR/2023/001093,12,39,16,101339,502454,517623,2026-08-20,Hands,Motorcycle,12.955193,74.873974,Medium,Physical Assault,Charge Sheet Filed
1094,FIR/2025/001094,1,4,11,100886,504251,520475,2024-10-11,Pistol,None,12.308688,76.635487,High,Firearm,Under Investigation
1095,FIR/2022/001095,1,3,9,100740,519565,502962,2026-12-19,Iron Rod,Car,12.997002,77.549653,Medium,Knife Attack,Charge Sheet Filed
1096,FIR/2024/001096,1,4,9,100709,500901,511054,2024-05-13,Hands,Motorcycle,13.013685,77.565957,High,Firearm,Charge Sheet Filed
1097,FIR/2026/001097,6,19,6,100438,516202,520789,2022-01-28,Crowbar,Truck,13.006146,77.579228,Low,ATM Skimming,Charge Sheet Filed
1098,FIR/2026/001098,3,10,5,100385,506502,506430,2023-06-07,Crowbar,Car,12.9534,77.57161,High,ATM Skimming,Closed
1099,FIR/2025/001099,2,5,1,100020,504360,514531,2023-05-13,Unknown,Auto,12.952354,77.592915,Medium,Duplicate Key,Charge Sheet Filed
1100,FIR/2022/001100,10,33,16,101313,507673,522742,2024-10-22,Knife,Auto,12.942133,74.842836,High,Knife Attack,Under Investigation
1101,FIR/2026/001101,1,3,9,100760,518946,523711,2023-05-27,Knife,Car,12.994438,77.573668,Low,Firearm,Pending Trial
1102,FIR/2023/001102,5,16,14,101154,523486,513456,2026-01-11,Iron Rod,Van,12.295366,76.688628,Low,Forced Entry,Closed
1103,FIR/2026/001103,6,20,16,101338,523142,509868,2026-02-27,Stick,None,12.969621,74.871787,High,Duplicate Key,Closed
1104,FIR/2026/001104,3,8,1,100054,512848,521955,2024-07-13,Crowbar,Scooter,12.986867,77.545439,Critical,Physical Assault,Under Investigation
1105,FIR/2025/001105,2,7,7,100562,502531,523085,2025-08-01,Crowbar,Van,12.949484,77.613552,High,Vehicle Lock Break,Under Investigation
1106,FIR/2025/001106,3,10,20,101592,517926,503049,2024-11-01,Unknown,Motorcycle,12.897841,74.863784,Critical,Forced Entry,Pending Trial
1107,FIR/2023/001107,10,32,15,101208,518877,501435,2026-01-16,Crowbar,Truck,12.292121,76.624511,Low,Online Scam,Charge Sheet Filed
1108,FIR/2026/001108,2,6,3,100230,503373,519913,2026-08-06,Crowbar,Car,12.988299,77.581997,Medium,Physical Assault,Charge Sheet Filed
1109,FIR/2022/001109,10,34,17,101387,507695,515334,2025-02-21,Unknown,Van,12.894199,74.835296,Medium,ATM Skimming,Closed
1110,FIR/2026/001110,12,40,5,100421,522769,508237,2022-08-23,Pistol,Truck,12.920393,77.564969,Low,Forced Entry,Under Investigation
1111,FIR/2026/001111,9,29,9,100728,506295,517404,2025-05-26,Pistol,Auto,13.021637,77.561537,High,Knife Attack,Closed
1112,FIR/2023/001112,1,2,17,101366,517487,512687,2026-10-20,Pistol,None,12.916233,74.844069,High,Firearm,Pending Trial
1113,FIR/2023/001113,7,25,15,101191,518293,514485,2024-04-21,Crowbar,None,12.300277,76.604213,Medium,Duplicate Key,Closed
1114,FIR/2026/001114,8,26,6,100448,502641,510335,2022-02-10,Pistol,Auto,12.967404,77.606869,High,Duplicate Key,Pending Trial
1115,FIR/2026/001115,3,8,3,100203,506353,524001,2023-09-23,Iron Rod,Auto,13.005414,77.613673,Critical,Duplicate Key,Under Investigation
1116,FIR/2024/001116,8,26,16,101305,515602,517815,2022-12-10,Stick,Scooter,12.922984,74.889408,Low,Poisoning,Closed
1117,FIR/2023/001117,4,12,1,100096,513040,509332,2024-05-10,Pistol,Auto,13.001498,77.571444,High,Online Scam,Pending Trial
1118,FIR/2026/001118,8,28,4,100273,504483,502900,2023-01-28,Pistol,Van,12.984197,77.64306,Critical,Firearm,Pending Trial
1119,FIR/2024/001119,6,22,20,101599,512746,502333,2026-01-09,Knife,None,12.932778,74.871146,Low,Firearm,Charge Sheet Filed
1120,FIR/2023/001120,10,32,14,101145,505099,508558,2025-05-08,Stick,Car,12.291674,76.690005,Medium,Firearm,Pending Trial
1121,FIR/2026/001121,1,4,16,101303,500297,507446,2026-09-23,Hands,Motorcycle,12.938235,74.88823,Low,Vehicle Lock Break,Closed
1122,FIR/2025/001122,4,11,5,100341,514464,503060,2024-12-07,Stick,Motorcycle,12.91113,77.592637,Medium,Online Scam,Closed
1123,FIR/2022/001123,10,33,11,100917,519464,513243,2024-02-28,Iron Rod,Motorcycle,12.304919,76.637426,Medium,Fake Identity,Closed
1124,FIR/2024/001124,6,19,2,100159,502480,524115,2026-07-22,Iron Rod,Auto,12.945759,77.587961,Critical,Online Scam,Under Investigation
1125,FIR/2022/001125,7,24,8,100622,508038,504191,2025-08-25,Crowbar,None,12.992345,77.603316,Medium,Duplicate Key,Under Investigation
1126,FIR/2026/001126,1,1,17,101391,504382,509423,2023-01-22,Stick,Van,12.92725,74.835721,Critical,ATM Skimming,Under Investigation
1127,FIR/2026/001127,1,1,8,100668,522286,514701,2024-02-22,Crowbar,Van,13.005238,77.615523,Low,Online Scam,Charge Sheet Filed
1128,FIR/2022/001128,1,1,7,100597,518589,522264,2023-03-28,Unknown,Scooter,12.920973,77.623692,Medium,ATM Skimming,Charge Sheet Filed
1129,FIR/2023/001129,9,29,6,100430,510735,511039,2022-01-12,Knife,Truck,12.974602,77.621043,Low,Knife Attack,Charge Sheet Filed
1130,FIR/2026/001130,11,35,8,100648,510552,507971,2024-05-09,Crowbar,Motorcycle,12.957528,77.619332,High,Duplicate Key,Charge Sheet Filed
1131,FIR/2024/001131,11,37,3,100213,522265,517124,2026-12-24,Pistol,Motorcycle,12.974969,77.573116,Critical,Poisoning,Charge Sheet Filed
1132,FIR/2025/001132,10,32,19,101538,518875,510858,2025-06-02,Hands,Motorcycle,12.921862,74.836061,High,Firearm,Charge Sheet Filed
1133,FIR/2026/001133,10,33,4,100275,505819,508627,2025-10-17,Hands,None,12.97642,77.605098,Critical,Vehicle Lock Break,Under Investigation
1134,FIR/2026/001134,3,9,7,100600,517361,524658,2023-12-20,Crowbar,Auto,12.96071,77.650481,Low,Knife Attack,Closed
1135,FIR/2023/001135,10,34,12,100987,512259,517440,2022-02-20,Crowbar,Motorcycle,12.316468,76.695542,High,Forced Entry,Closed
1136,FIR/2024/001136,1,4,6,100495,517930,522249,2026-06-03,Crowbar,None,12.964355,77.589567,Critical,Online Scam,Closed
1137,FIR/2024/001137,1,1,16,101319,501127,522123,2026-02-19,Hands,Truck,12.935964,74.8718,Medium,Duplicate Key,Closed
1138,FIR/2024/001138,1,2,4,100301,523327,505287,2024-03-10,Knife,Motorcycle,12.979575,77.621557,High,Poisoning,Closed
1139,FIR/2022/001139,12,40,16,101333,500195,522360,2022-06-25,Pistol,None,12.961408,74.890121,Medium,Vehicle Lock Break,Pending Trial
1140,FIR/2024/001140,5,16,3,100254,517108,501720,2024-10-29,Crowbar,None,12.984131,77.594993,Medium,Online Scam,Under Investigation
1141,FIR/2026/001141,2,5,5,100392,520938,516708,2024-09-05,Crowbar,Auto,12.9243,77.557999,Critical,Fake Identity,Under Investigation
1142,FIR/2026/001142,12,40,18,101427,506905,504333,2022-06-04,Hands,None,12.946607,74.872782,Medium,Forced Entry,Under Investigation
1143,FIR/2024/001143,1,4,5,100362,516218,515464,2022-01-30,Hands,Car,12.954261,77.582162,Low,Poisoning,Charge Sheet Filed
1144,FIR/2025/001144,1,2,4,100332,519161,504222,2024-04-04,Stick,Car,12.955633,77.599883,Low,Fake Identity,Under Investigation
1145,FIR/2022/001145,9,31,18,101452,516434,501569,2023-08-30,Iron Rod,Van,12.939795,74.853262,Low,Vehicle Lock Break,Closed
1146,FIR/2023/001146,12,40,5,100379,515652,524131,2026-10-04,Pistol,Motorcycle,12.924647,77.590664,Medium,ATM Skimming,Charge Sheet Filed
1147,FIR/2023/001147,2,6,11,100940,521634,517748,2022-02-03,Iron Rod,Truck,12.309811,76.602723,Critical,Duplicate Key,Closed
1148,FIR/2023/001148,8,28,20,101549,502730,515394,2024-04-01,Pistol,Auto,12.944754,74.863599,Low,Social Engineering,Pending Trial
1149,FIR/2026/001149,3,8,13,101084,517990,503794,2022-02-24,Stick,Motorcycle,12.33575,76.700718,Low,Forced Entry,Closed
1150,FIR/2023/001150,6,19,13,101099,508432,512871,2024-09-28,Stick,Scooter,12.285805,76.698879,Low,Firearm,Under Investigation
1151,FIR/2024/001151,11,36,7,100542,512653,501030,2024-04-01,Crowbar,Scooter,12.906607,77.621776,Critical,Forced Entry,Pending Trial
1152,FIR/2025/001152,9,30,12,101020,519728,508446,2026-04-10,Unknown,Scooter,12.290905,76.66949,Critical,Forced Entry,Charge Sheet Filed
1153,FIR/2022/001153,2,7,13,101082,523420,521646,2025-11-13,Hands,Motorcycle,12.315316,76.686595,Medium,Fake Identity,Pending Trial
1154,FIR/2023/001154,2,7,2,100112,502487,510399,2025-03-11,Hands,Motorcycle,12.982504,77.60153,High,Knife Attack,Charge Sheet Filed
1155,FIR/2023/001155,4,13,12,101011,517355,508096,2025-07-29,Pistol,Truck,12.302084,76.655458,High,Physical Assault,Charge Sheet Filed
1156,FIR/2024/001156,11,35,20,101596,518048,516828,2023-02-16,Knife,Motorcycle,12.926536,74.864172,Medium,Poisoning,Charge Sheet Filed
1157,FIR/2022/001157,7,23,14,101161,514898,519942,2024-04-26,Stick,Truck,12.259545,76.63608,High,Knife Attack,Under Investigation
1158,FIR/2024/001158,5,14,15,101225,507366,510521,2022-07-04,Stick,Auto,12.31928,76.635087,Low,ATM Skimming,Under Investigation
1159,FIR/2022/001159,5,14,5,100373,503351,503815,2024-03-31,Knife,None,12.92862,77.555799,Low,ATM Skimming,Under Investigation
1160,FIR/2022/001160,4,12,5,100402,524159,510155,2026-06-24,Stick,Motorcycle,12.929545,77.552471,Low,Physical Assault,Pending Trial
1161,FIR/2022/001161,8,28,11,100921,503484,510863,2023-08-27,Crowbar,Scooter,12.34387,76.582697,Low,Physical Assault,Charge Sheet Filed
1162,FIR/2025/001162,11,36,10,100859,523341,520786,2023-07-19,Pistol,Auto,12.979981,77.594348,Critical,Duplicate Key,Closed
1163,FIR/2023/001163,10,33,2,100137,501653,519030,2026-03-15,Unknown,None,12.924106,77.619389,Low,Forced Entry,Closed
1164,FIR/2026/001164,2,5,3,100200,503549,502257,2023-03-12,Iron Rod,Auto,12.958995,77.593741,Critical,Poisoning,Charge Sheet Filed
1165,FIR/2025/001165,6,21,20,101559,507776,511806,2024-03-06,Knife,Auto,12.910124,74.836376,Low,Firearm,Charge Sheet Filed
1166,FIR/2023/001166,8,26,2,100127,506039,523181,2022-11-03,Hands,Motorcycle,12.938833,77.600338,Medium,Poisoning,Under Investigation
1167,FIR/2024/001167,6,19,18,101412,515143,515117,2023-01-03,Hands,Auto,12.936908,74.848284,Critical,Poisoning,Charge Sheet Filed
1168,FIR/2022/001168,6,18,8,100649,507064,514460,2024-10-20,Stick,Motorcycle,12.958956,77.626336,Medium,Fake Identity,Pending Trial
1169,FIR/2024/001169,6,19,9,100721,503371,511861,2025-07-17,Hands,Van,12.986507,77.553117,Medium,Forced Entry,Under Investigation
1170,FIR/2025/001170,8,28,16,101325,521732,516047,2025-05-06,Stick,Scooter,12.934656,74.89589,Low,ATM Skimming,Pending Trial
1171,FIR/2024/001171,2,6,18,101438,516332,521056,2022-06-06,Stick,Car,12.931516,74.87151,Medium,Social Engineering,Pending Trial
1172,FIR/2023/001172,6,20,13,101103,521216,516273,2022-06-11,Knife,Motorcycle,12.29093,76.656239,High,Forced Entry,Pending Trial
1173,FIR/2025/001173,4,11,16,101265,524883,509819,2026-04-18,Iron Rod,Van,12.946044,74.901439,High,Firearm,Closed
1174,FIR/2023/001174,9,31,12,100972,515095,521955,2024-02-11,Hands,Van,12.284982,76.697356,High,Forced Entry,Closed
1175,FIR/2026/001175,3,9,14,101127,505204,508605,2024-02-01,Crowbar,Scooter,12.306077,76.645948,Medium,Knife Attack,Under Investigation
1176,FIR/2025/001176,2,5,10,100836,516494,502046,2023-03-02,Iron Rod,Truck,12.936775,77.611446,Medium,Fake Identity,Under Investigation
1177,FIR/2025/001177,8,28,18,101428,502335,519050,2022-06-05,Hands,Auto,12.952652,74.846318,High,Social Engineering,Closed
1178,FIR/2022/001178,12,39,20,101606,517913,519928,2026-05-27,Hands,Truck,12.917508,74.844091,High,Forced Entry,Under Investigation
1179,FIR/2022/001179,11,37,16,101265,500781,510632,2023-10-03,Crowbar,None,12.943418,74.846385,High,Social Engineering,Closed
1180,FIR/2022/001180,9,31,15,101210,523593,508771,2024-05-15,Iron Rod,Truck,12.270261,76.598587,Low,ATM Skimming,Pending Trial
1181,FIR/2022/001181,5,15,16,101290,513162,521871,2024-07-05,Knife,Van,12.935858,74.90125,Critical,ATM Skimming,Closed
1182,FIR/2026/001182,10,34,18,101444,504138,508365,2022-09-21,Crowbar,Car,12.940639,74.857122,Low,Social Engineering,Closed
1183,FIR/2026/001183,9,29,10,100832,519022,500320,2024-01-27,Unknown,Motorcycle,12.928397,77.573193,High,Social Engineering,Under Investigation
1184,FIR/2025/001184,3,9,5,100404,502183,507503,2025-06-25,Iron Rod,Truck,12.911097,77.565265,Medium,Online Scam,Closed
1185,FIR/2024/001185,1,2,8,100661,505529,520698,2023-09-06,Pistol,None,12.96318,77.619819,Low,Vehicle Lock Break,Pending Trial
1186,FIR/2025/001186,5,17,14,101163,506131,522647,2025-02-17,Hands,Truck,12.263845,76.660378,High,Poisoning,Pending Trial
1187,FIR/2024/001187,7,25,16,101286,503724,521759,2023-01-28,Unknown,Auto,12.971247,74.845952,Low,Firearm,Under Investigation
1188,FIR/2023/001188,4,12,12,101055,518127,510754,2025-07-22,Hands,None,12.342673,76.672501,Medium,Physical Assault,Closed
1189,FIR/2026/001189,10,33,9,100736,522656,517996,2025-12-23,Iron Rod,Auto,13.017404,77.54971,High,Online Scam,Charge Sheet Filed
1190,FIR/2026/001190,7,25,19,101534,524358,521991,2026-05-14,Iron Rod,Truck,12.955729,74.837488,High,Duplicate Key,Charge Sheet Filed
1191,FIR/2022/001191,2,5,7,100547,506200,511503,2022-04-09,Unknown,Motorcycle,12.958849,77.632574,High,Online Scam,Pending Trial
1192,FIR/2023/001192,1,2,14,101164,517864,512272,2023-10-15,Pistol,Truck,12.253135,76.664977,High,Fake Identity,Charge Sheet Filed
1193,FIR/2025/001193,4,12,19,101507,504397,502561,2023-09-10,Hands,Car,12.905042,74.829707,Medium,Online Scam,Closed
1194,FIR/2023/001194,7,23,16,101270,512124,522575,2023-04-01,Pistol,None,12.942061,74.889802,High,Knife Attack,Charge Sheet Filed
1195,FIR/2024/001195,10,33,15,101185,523452,514254,2022-11-30,Unknown,Truck,12.273785,76.613014,High,Duplicate Key,Closed
1196,FIR/2023/001196,6,21,7,100615,514486,502680,2025-12-26,Hands,None,12.914655,77.649148,Medium,Social Engineering,Under Investigation
1197,FIR/2025/001197,1,1,12,101017,512883,517632,2022-11-02,Knife,Van,12.291506,76.690246,Critical,ATM Skimming,Closed
1198,FIR/2026/001198,9,30,16,101280,520831,518455,2022-08-09,Iron Rod,None,12.938893,74.863693,Low,Forced Entry,Pending Trial
1199,FIR/2024/001199,11,36,8,100693,501490,518152,2025-05-21,Hands,Van,12.962898,77.592162,Medium,Poisoning,Under Investigation
1200,FIR/2025/001200,1,4,14,101166,503511,510047,2026-10-31,Knife,Motorcycle,12.286468,76.69131,Medium,Fake Identity,Charge Sheet Filed
1201,FIR/2025/001201,12,38,4,100273,502302,524043,2023-10-08,Pistol,Auto,12.988543,77.6415,Medium,Knife Attack,Pending Trial
1202,FIR/2025/001202,9,29,16,101331,505995,516011,2025-09-25,Crowbar,None,12.949127,74.898518,Low,Online Scam,Charge Sheet Filed
1203,FIR/2025/001203,6,22,18,101431,520625,505535,2024-07-23,Crowbar,Truck,12.942589,74.876518,Low,Vehicle Lock Break,Closed
1204,FIR/2022/001204,1,2,3,100217,501208,500989,2023-07-21,Unknown,Auto,12.987461,77.628163,Medium,Fake Identity,Charge Sheet Filed
1205,FIR/2022/001205,10,32,16,101271,506654,500007,2026-11-03,Stick,Van,12.927885,74.899052,Critical,ATM Skimming,Closed
1206,FIR/2022/001206,9,29,5,100352,515609,519778,2023-01-09,Stick,Scooter,12.948208,77.555435,High,Duplicate Key,Closed
1207,FIR/2023/001207,4,13,15,101191,505418,508965,2025-03-19,Hands,Motorcycle,12.315736,76.627056,Low,Fake Identity,Pending Trial
1208,FIR/2026/001208,6,20,3,100196,521274,518557,2024-09-01,Iron Rod,None,12.947466,77.6097,Medium,Firearm,Pending Trial
1209,FIR/2022/001209,1,3,13,101084,505139,500207,2025-01-11,Unknown,Van,12.305903,76.676402,Medium,Social Engineering,Under Investigation
1210,FIR/2023/001210,1,2,12,100986,520346,503280,2024-09-25,Crowbar,Motorcycle,12.300128,76.671579,Low,Vehicle Lock Break,Pending Trial
1211,FIR/2023/001211,8,27,3,100248,503727,524793,2025-01-21,Hands,Motorcycle,12.99218,77.603027,Critical,Knife Attack,Charge Sheet Filed
1212,FIR/2022/001212,6,21,4,100260,520883,503589,2022-02-04,Hands,Auto,12.969216,77.637565,High,Knife Attack,Closed
1213,FIR/2024/001213,1,3,16,101342,508296,516901,2025-03-14,Crowbar,Van,12.949357,74.852752,High,Knife Attack,Pending Trial
1214,FIR/2026/001214,9,29,12,100998,519968,515576,2024-12-31,Hands,Car,12.312427,76.644907,Medium,Vehicle Lock Break,Pending Trial
1215,FIR/2025/001215,12,39,20,101591,523598,505415,2023-03-02,Crowbar,Van,12.912518,74.8406,High,Fake Identity,Pending Trial
1216,FIR/2025/001216,11,36,11,100929,523520,512627,2023-05-26,Pistol,Scooter,12.324989,76.590202,Low,ATM Skimming,Closed
1217,FIR/2023/001217,7,24,5,100415,508612,520851,2022-01-02,Unknown,Car,12.967652,77.543352,Critical,Social Engineering,Pending Trial
1218,FIR/2024/001218,6,18,7,100604,510399,519363,2023-05-25,Knife,Truck,12.935159,77.63401,Low,Poisoning,Under Investigation
1219,FIR/2025/001219,12,39,16,101308,519089,509391,2026-11-07,Hands,Scooter,12.936949,74.884964,Medium,ATM Skimming,Closed
1220,FIR/2022/001220,10,32,1,100004,519160,509743,2022-08-12,Hands,Auto,12.980243,77.583561,High,Poisoning,Closed
1221,FIR/2022/001221,6,19,13,101118,511774,523108,2023-09-12,Stick,Scooter,12.327665,76.691818,Critical,Physical Assault,Under Investigation
1222,FIR/2023/001222,7,25,15,101217,506993,512899,2022-09-13,Iron Rod,Auto,12.292166,76.618333,Medium,ATM Skimming,Charge Sheet Filed
1223,FIR/2025/001223,6,20,5,100388,515340,510201,2026-01-15,Stick,Scooter,12.952249,77.596974,Low,ATM Skimming,Closed
1224,FIR/2026/001224,1,4,6,100511,507370,502078,2026-07-17,Knife,Scooter,13.002408,77.574387,Medium,Fake Identity,Under Investigation
1225,FIR/2023/001225,7,24,16,101339,513546,506873,2023-02-21,Unknown,Car,12.930925,74.866239,Critical,Firearm,Charge Sheet Filed
1226,FIR/2026/001226,8,26,19,101471,501849,503558,2024-12-24,Stick,Truck,12.924421,74.846002,Medium,Fake Identity,Closed
1227,FIR/2026/001227,2,6,12,100996,502906,506175,2024-04-18,Unknown,Auto,12.328226,76.672001,High,Online Scam,Closed
1228,FIR/2024/001228,7,25,15,101236,516934,510918,2022-03-13,Hands,Truck,12.300084,76.625899,Low,Vehicle Lock Break,Charge Sheet Filed
1229,FIR/2023/001229,6,19,6,100487,522528,520502,2026-12-01,Unknown,Scooter,12.985015,77.573076,High,Social Engineering,Closed
1230,FIR/2025/001230,10,32,20,101608,513953,502664,2024-03-26,Pistol,Scooter,12.90603,74.861586,Critical,Social Engineering,Closed
1231,FIR/2024/001231,12,38,14,101120,507538,520317,2022-05-29,Unknown,Motorcycle,12.289901,76.683323,High,Forced Entry,Pending Trial
1232,FIR/2023/001232,8,27,4,100323,507376,502124,2025-07-12,Stick,Auto,12.966376,77.60694,Low,Fake Identity,Charge Sheet Filed
1233,FIR/2023/001233,6,19,3,100226,504830,503061,2023-04-08,Stick,Scooter,13.004126,77.627314,Low,Online Scam,Pending Trial
1234,FIR/2022/001234,5,16,17,101365,505169,501967,2026-11-24,Iron Rod,Car,12.888455,74.877394,Medium,Online Scam,Closed
1235,FIR/2023/001235,5,14,7,100618,509278,503466,2025-03-26,Crowbar,Car,12.954027,77.641055,Medium,Forced Entry,Under Investigation
1236,FIR/2026/001236,3,8,9,100740,514555,519569,2026-08-07,Knife,Van,12.978735,77.567223,High,Poisoning,Charge Sheet Filed
1237,FIR/2024/001237,3,9,10,100821,506875,513172,2024-02-28,Stick,Auto,12.977969,77.577088,Low,Firearm,Under Investigation
1238,FIR/2023/001238,3,10,3,100218,500659,518003,2024-08-31,Crowbar,Auto,12.959285,77.586227,Critical,ATM Skimming,Charge Sheet Filed
1239,FIR/2026/001239,8,27,20,101566,523340,500441,2025-05-25,Unknown,Scooter,12.920722,74.833622,Low,Vehicle Lock Break,Charge Sheet Filed
1240,FIR/2022/001240,4,12,5,100352,506151,516004,2023-03-28,Stick,Van,12.925449,77.548519,Low,Firearm,Closed
1241,FIR/2023/001241,6,18,4,100335,518550,502048,2025-09-01,Stick,Scooter,12.964797,77.649361,Low,Physical Assault,Pending Trial
1242,FIR/2024/001242,5,16,10,100867,513726,517057,2026-04-18,Crowbar,Truck,12.974253,77.613554,Medium,Knife Attack,Under Investigation
1243,FIR/2023/001243,4,12,1,100063,505484,517670,2022-12-11,Iron Rod,None,12.992095,77.56181,High,Fake Identity,Under Investigation
1244,FIR/2023/001244,7,23,12,101055,513966,506420,2024-09-25,Hands,Scooter,12.340285,76.697649,High,Social Engineering,Closed
1245,FIR/2022/001245,10,32,20,101610,522807,517734,2023-01-07,Knife,Scooter,12.912843,74.836126,Medium,Duplicate Key,Charge Sheet Filed
1246,FIR/2023/001246,2,7,17,101377,510848,504785,2022-01-05,Hands,Scooter,12.883571,74.83548,Low,Forced Entry,Closed
1247,FIR/2026/001247,8,26,3,100200,516815,517702,2023-05-20,Unknown,Van,12.994127,77.601176,Critical,ATM Skimming,Pending Trial
1248,FIR/2023/001248,11,36,16,101320,519055,524333,2025-12-26,Unknown,Truck,12.955469,74.85209,Medium,Social Engineering,Closed
1249,FIR/2023/001249,3,9,8,100678,514274,519029,2022-01-18,Pistol,Auto,12.962968,77.615046,Critical,Forced Entry,Charge Sheet Filed
1250,FIR/2026/001250,11,37,4,100333,504482,522827,2025-09-05,Pistol,Car,12.974169,77.605738,Low,Forced Entry,Closed
1251,FIR/2026/001251,7,23,19,101489,518801,507651,2022-07-24,Hands,Motorcycle,12.931525,74.844613,High,Duplicate Key,Charge Sheet Filed
1252,FIR/2024/001252,8,28,12,101011,512629,504447,2022-03-03,Pistol,Truck,12.318995,76.668145,Low,Social Engineering,Charge Sheet Filed
1253,FIR/2022/001253,9,29,12,101047,519239,501039,2025-12-25,Iron Rod,Van,12.33247,76.654323,High,Poisoning,Pending Trial
1254,FIR/2024/001254,11,35,10,100883,524239,502012,2025-12-30,Crowbar,Auto,12.966249,77.57609,Critical,Fake Identity,Pending Trial
1255,FIR/2022/001255,12,39,12,101018,513254,523327,2026-12-28,Knife,Van,12.286789,76.697642,High,Online Scam,Charge Sheet Filed
1256,FIR/2024/001256,11,37,18,101458,524835,518215,2024-01-03,Crowbar,Car,12.929293,74.859205,Medium,Poisoning,Under Investigation
1257,FIR/2026/001257,3,10,13,101064,513108,502086,2026-08-12,Knife,Van,12.327488,76.689866,High,Forced Entry,Pending Trial
1258,FIR/2024/001258,4,13,11,100903,519700,505690,2023-03-05,Iron Rod,Auto,12.314525,76.580583,Low,Social Engineering,Pending Trial
1259,FIR/2026/001259,7,24,3,100183,505987,508653,2024-11-24,Crowbar,Scooter,12.94999,77.591696,Low,Firearm,Closed
1260,FIR/2026/001260,5,14,4,100302,518906,513886,2022-07-01,Pistol,Scooter,12.987851,77.651283,Critical,ATM Skimming,Under Investigation
1261,FIR/2022/001261,1,3,9,100709,524725,509706,2025-09-03,Pistol,Car,12.993085,77.571313,Critical,Fake Identity,Closed
1262,FIR/2025/001262,8,26,15,101184,515150,517963,2024-12-01,Iron Rod,Motorcycle,12.274433,76.597977,Critical,Fake Identity,Under Investigation
1263,FIR/2026/001263,1,4,14,101160,521708,514360,2022-08-17,Pistol,Motorcycle,12.275723,76.678125,Critical,Physical Assault,Pending Trial
1264,FIR/2025/001264,6,20,1,100093,519616,508184,2025-03-23,Iron Rod,Van,12.96284,77.561415,Medium,Duplicate Key,Charge Sheet Filed
1265,FIR/2023/001265,4,12,14,101171,516457,522772,2026-09-28,Unknown,Scooter,12.262966,76.671986,Critical,Social Engineering,Charge Sheet Filed
1266,FIR/2024/001266,3,10,8,100649,513904,514518,2022-04-03,Iron Rod,Scooter,12.990922,77.60378,Critical,Vehicle Lock Break,Under Investigation
1267,FIR/2023/001267,8,27,7,100546,519702,521450,2026-07-06,Iron Rod,Van,12.921032,77.61672,High,Forced Entry,Pending Trial
1268,FIR/2023/001268,5,17,12,101040,511429,504354,2023-10-05,Knife,Van,12.315884,76.695037,Critical,Social Engineering,Pending Trial
1269,FIR/2026/001269,9,31,4,100318,504325,523378,2025-03-09,Unknown,Motorcycle,12.987318,77.654052,Critical,Physical Assault,Under Investigation
1270,FIR/2024/001270,6,22,1,100039,524178,520755,2025-05-13,Stick,Van,12.969241,77.538784,Medium,Fake Identity,Charge Sheet Filed
1271,FIR/2023/001271,6,19,14,101161,519076,501540,2023-07-22,Iron Rod,Van,12.269545,76.632055,Medium,Online Scam,Under Investigation
1272,FIR/2023/001272,6,19,11,100917,501832,506629,2024-10-10,Crowbar,None,12.358237,76.584442,Critical,Online Scam,Under Investigation
1273,FIR/2022/001273,12,40,3,100201,503188,518483,2024-10-10,Crowbar,Auto,12.969931,77.623722,Low,Firearm,Charge Sheet Filed
1274,FIR/2026/001274,11,36,10,100832,502130,516110,2025-04-14,Pistol,Scooter,12.960678,77.566665,Low,Social Engineering,Under Investigation
1275,FIR/2023/001275,4,13,6,100446,520112,518765,2026-05-09,Crowbar,Scooter,13.01076,77.569667,Critical,ATM Skimming,Pending Trial
1276,FIR/2023/001276,1,1,16,101323,521492,514832,2022-07-29,Iron Rod,Auto,12.929517,74.85924,High,Social Engineering,Closed
1277,FIR/2024/001277,4,11,19,101478,517955,513264,2023-02-11,Hands,Scooter,12.951238,74.855645,High,Social Engineering,Closed
1278,FIR/2026/001278,10,32,18,101433,512193,507267,2023-11-29,Pistol,Truck,12.944492,74.872005,Critical,Fake Identity,Under Investigation
1279,FIR/2022/001279,8,27,9,100766,517899,521407,2022-05-24,Knife,Scooter,13.002075,77.566111,Low,Social Engineering,Closed
1280,FIR/2022/001280,12,39,3,100249,521497,518787,2025-02-22,Iron Rod,Motorcycle,12.98062,77.57574,Low,Firearm,Pending Trial
1281,FIR/2023/001281,3,10,3,100182,516425,520243,2023-07-10,Unknown,Auto,12.963999,77.575889,Critical,Duplicate Key,Closed
1282,FIR/2023/001282,1,2,10,100850,501867,513147,2024-07-12,Hands,Truck,12.929632,77.586167,Critical,Vehicle Lock Break,Closed
1283,FIR/2026/001283,9,30,7,100586,510038,524514,2026-11-26,Stick,Van,12.954065,77.64642,Critical,Fake Identity,Closed
1284,FIR/2026/001284,2,5,16,101302,517552,516214,2026-11-28,Stick,Motorcycle,12.940599,74.862421,High,Poisoning,Charge Sheet Filed
1285,FIR/2024/001285,8,28,7,100596,519043,515946,2022-02-13,Iron Rod,None,12.910048,77.617146,Medium,Duplicate Key,Charge Sheet Filed
1286,FIR/2022/001286,1,3,4,100305,521169,510947,2025-08-13,Crowbar,Truck,12.968805,77.599748,Low,Online Scam,Under Investigation
1287,FIR/2026/001287,5,16,15,101226,510027,520427,2024-12-20,Stick,Auto,12.307329,76.601921,High,Online Scam,Pending Trial
1288,FIR/2022/001288,10,34,1,100040,524840,512065,2023-02-12,Pistol,Car,12.959485,77.55744,Low,Online Scam,Closed
1289,FIR/2022/001289,3,8,14,101171,506556,511887,2023-07-27,Pistol,Auto,12.26495,76.686341,High,Online Scam,Closed
1290,FIR/2025/001290,12,39,15,101227,520511,520937,2024-05-24,Iron Rod,Scooter,12.319038,76.637258,High,Physical Assault,Charge Sheet Filed
1291,FIR/2022/001291,8,26,13,101103,502280,519677,2024-10-07,Crowbar,Motorcycle,12.326478,76.652882,High,Vehicle Lock Break,Closed
1292,FIR/2023/001292,7,24,2,100112,505029,509344,2024-09-24,Stick,None,12.961928,77.631101,Critical,Vehicle Lock Break,Under Investigation
1293,FIR/2026/001293,10,33,4,100329,506685,514666,2026-01-08,Unknown,Van,12.959341,77.611293,Critical,Knife Attack,Under Investigation
1294,FIR/2022/001294,7,23,12,101009,510967,521788,2025-09-11,Stick,None,12.302522,76.70141,Low,Forced Entry,Closed
1295,FIR/2023/001295,2,5,7,100566,509170,517370,2022-02-10,Iron Rod,Van,12.92838,77.631283,Critical,Fake Identity,Pending Trial
1296,FIR/2026/001296,5,15,7,100588,524594,501238,2023-05-06,Knife,None,12.956253,77.650711,Critical,Physical Assault,Under Investigation
1297,FIR/2025/001297,6,21,15,101241,515419,515074,2024-11-18,Pistol,Scooter,12.294127,76.609722,Medium,Knife Attack,Under Investigation
1298,FIR/2026/001298,4,12,5,100380,524025,509793,2023-04-09,Unknown,None,12.950778,77.596372,Low,ATM Skimming,Under Investigation
1299,FIR/2023/001299,5,14,16,101299,523120,501743,2024-11-13,Unknown,Scooter,12.964545,74.855229,High,Social Engineering,Charge Sheet Filed
1300,FIR/2025/001300,9,29,3,100215,506700,500758,2023-07-24,Pistol,Auto,12.963228,77.577671,Critical,Forced Entry,Charge Sheet Filed
1301,FIR/2025/001301,10,32,12,101045,523194,501875,2024-08-27,Knife,None,12.314271,76.656482,High,Physical Assault,Pending Trial
1302,FIR/2025/001302,1,4,6,100529,502151,505763,2026-07-15,Pistol,None,13.008157,77.598633,Critical,Firearm,Closed
1303,FIR/2025/001303,10,34,6,100526,513852,511840,2023-06-11,Crowbar,Scooter,12.987421,77.604175,Critical,Social Engineering,Under Investigation
1304,FIR/2026/001304,8,26,8,100638,501392,516390,2025-03-13,Stick,Motorcycle,12.962681,77.612383,Critical,Physical Assault,Closed
1305,FIR/2022/001305,3,9,5,100359,518198,506551,2024-09-08,Pistol,None,12.90981,77.547516,Medium,Physical Assault,Closed
1306,FIR/2025/001306,6,21,15,101240,514032,522931,2024-03-02,Knife,Motorcycle,12.297456,76.604867,Medium,Vehicle Lock Break,Closed
1307,FIR/2024/001307,7,24,3,100231,510399,502719,2023-03-12,Crowbar,None,12.996931,77.574233,High,Forced Entry,Closed
1308,FIR/2024/001308,6,21,17,101349,502413,505126,2022-02-26,Pistol,Motorcycle,12.917132,74.864342,Medium,Knife Attack,Charge Sheet Filed
1309,FIR/2022/001309,10,32,20,101612,510465,522894,2024-07-26,Stick,Truck,12.943315,74.881629,Critical,Online Scam,Charge Sheet Filed
1310,FIR/2025/001310,4,11,18,101447,522640,519418,2025-04-15,Unknown,Auto,12.970422,74.832471,Low,Firearm,Pending Trial
1311,FIR/2023/001311,1,3,17,101351,511475,520283,2024-08-28,Knife,Truck,12.925292,74.823464,Critical,Vehicle Lock Break,Closed
1312,FIR/2022/001312,9,30,4,100306,524047,509604,2025-05-12,Stick,None,12.991125,77.645403,Critical,Poisoning,Closed
1313,FIR/2023/001313,6,22,2,100137,520797,520057,2022-05-07,Unknown,Van,12.972064,77.621723,Low,Physical Assault,Closed
1314,FIR/2024/001314,7,23,3,100212,502006,514447,2022-04-18,Crowbar,Van,12.980823,77.572349,Low,Fake Identity,Closed
1315,FIR/2024/001315,2,6,9,100708,511803,502414,2024-12-11,Knife,Van,12.969771,77.576215,Medium,Firearm,Under Investigation
1316,FIR/2025/001316,6,20,2,100159,514977,505617,2022-10-22,Hands,Car,12.953563,77.592052,Critical,Vehicle Lock Break,Under Investigation
1317,FIR/2022/001317,5,16,8,100623,509743,506037,2023-02-28,Crowbar,Motorcycle,12.982587,77.573861,Critical,Firearm,Pending Trial
1318,FIR/2022/001318,1,3,18,101446,515905,514921,2026-07-31,Pistol,Car,12.934772,74.872834,Medium,Physical Assault,Under Investigation
1319,FIR/2022/001319,5,17,14,101123,517007,502679,2026-04-05,Iron Rod,None,12.256728,76.644099,High,Physical Assault,Under Investigation
1320,FIR/2022/001320,12,40,15,101244,508755,517120,2022-12-05,Crowbar,None,12.266762,76.592315,Critical,Firearm,Pending Trial
1321,FIR/2026/001321,2,7,2,100159,514900,522218,2025-02-06,Stick,Scooter,12.946705,77.622726,High,Vehicle Lock Break,Under Investigation
1322,FIR/2025/001322,3,8,5,100407,517323,516019,2022-08-18,Unknown,Van,12.938452,77.560885,Low,Social Engineering,Charge Sheet Filed
1323,FIR/2022/001323,1,1,3,100170,504328,515441,2026-03-17,Pistol,Scooter,12.95583,77.57564,High,Online Scam,Charge Sheet Filed
1324,FIR/2026/001324,6,21,2,100136,521013,507766,2025-03-25,Pistol,None,12.937689,77.611964,Low,Online Scam,Pending Trial
1325,FIR/2023/001325,5,16,16,101277,519395,507852,2025-04-06,Hands,Scooter,12.963219,74.892849,Critical,Social Engineering,Pending Trial
1326,FIR/2025/001326,6,22,13,101116,510779,509283,2025-09-26,Hands,Van,12.286573,76.663089,High,Vehicle Lock Break,Closed
1327,FIR/2023/001327,4,13,13,101116,518012,517912,2022-01-10,Crowbar,Motorcycle,12.282297,76.687554,Low,Poisoning,Charge Sheet Filed
1328,FIR/2022/001328,6,19,15,101241,509335,517320,2023-09-23,Stick,Van,12.27459,76.626528,Critical,Forced Entry,Under Investigation
1329,FIR/2023/001329,5,17,19,101501,508358,522272,2024-11-03,Stick,Car,12.939618,74.864622,High,Knife Attack,Pending Trial
1330,FIR/2025/001330,3,10,3,100197,505102,524114,2026-05-04,Pistol,Truck,12.99993,77.605558,High,Poisoning,Under Investigation
1331,FIR/2022/001331,11,36,17,101367,502741,516569,2023-11-19,Stick,Truck,12.928669,74.864601,Medium,ATM Skimming,Under Investigation
1332,FIR/2022/001332,9,29,11,100944,507110,514055,2024-09-21,Iron Rod,Truck,12.33435,76.59547,Medium,Social Engineering,Pending Trial
1333,FIR/2022/001333,10,33,5,100385,508771,502772,2026-03-03,Knife,None,12.92257,77.600267,Critical,Vehicle Lock Break,Closed
1334,FIR/2022/001334,8,27,7,100576,500540,514399,2024-09-05,Stick,Scooter,12.96084,77.653271,High,Poisoning,Charge Sheet Filed
1335,FIR/2024/001335,6,19,20,101598,510647,513771,2024-01-01,Iron Rod,None,12.898377,74.860852,Critical,Firearm,Charge Sheet Filed
1336,FIR/2024/001336,5,17,8,100655,522155,508175,2026-08-14,Pistol,None,12.964093,77.57565,Medium,Fake Identity,Charge Sheet Filed
1337,FIR/2026/001337,1,1,5,100414,511219,513004,2025-07-05,Pistol,Van,12.93929,77.565574,Medium,Poisoning,Charge Sheet Filed
1338,FIR/2022/001338,3,8,16,101341,524153,524832,2026-04-30,Unknown,Scooter,12.958291,74.88873,Low,Social Engineering,Under Investigation
1339,FIR/2024/001339,8,26,5,100346,519168,522920,2026-02-08,Stick,Car,12.944943,77.595734,Critical,Physical Assault,Closed
1340,FIR/2026/001340,4,11,2,100131,523351,508618,2024-07-27,Stick,Truck,12.968841,77.59892,High,Poisoning,Closed
1341,FIR/2026/001341,7,24,6,100434,521344,518098,2026-11-26,Crowbar,Car,12.982921,77.576535,Medium,Poisoning,Charge Sheet Filed
1342,FIR/2022/001342,10,34,9,100755,519280,521127,2023-05-13,Knife,Scooter,12.992233,77.59199,Low,Fake Identity,Pending Trial
1343,FIR/2026/001343,1,2,2,100133,514510,519878,2024-08-24,Pistol,Van,12.952596,77.630263,High,Vehicle Lock Break,Under Investigation
1344,FIR/2024/001344,6,22,10,100778,512101,520921,2024-12-31,Crowbar,None,12.933387,77.620505,High,Vehicle Lock Break,Pending Trial
1345,FIR/2024/001345,1,2,19,101524,519799,518194,2022-09-13,Knife,Motorcycle,12.942072,74.849114,Low,Online Scam,Charge Sheet Filed
1346,FIR/2025/001346,8,28,12,101045,513645,505301,2026-05-23,Hands,None,12.304467,76.668733,Medium,ATM Skimming,Pending Trial
1347,FIR/2024/001347,6,19,14,101123,516450,505986,2025-04-06,Iron Rod,Truck,12.29113,76.672229,High,Physical Assault,Closed
1348,FIR/2026/001348,4,11,14,101164,522391,507521,2024-08-23,Unknown,Auto,12.252755,76.633017,Critical,Firearm,Closed
1349,FIR/2023/001349,10,34,7,100550,521996,510137,2023-09-15,Unknown,Car,12.958052,77.610171,Critical,Online Scam,Closed
1350,FIR/2024/001350,10,34,13,101103,516220,502714,2025-02-05,Knife,Van,12.331595,76.662845,Medium,Knife Attack,Closed
1351,FIR/2022/001351,5,17,20,101548,506754,508415,2025-08-27,Knife,Car,12.886993,74.876523,High,ATM Skimming,Charge Sheet Filed
1352,FIR/2023/001352,5,16,15,101197,514275,511489,2024-03-27,Unknown,Motorcycle,12.262288,76.624908,High,Fake Identity,Pending Trial
1353,FIR/2025/001353,7,25,5,100354,504993,509594,2023-07-01,Crowbar,Motorcycle,12.946911,77.571081,Medium,Knife Attack,Charge Sheet Filed
1354,FIR/2025/001354,2,7,9,100732,504276,506739,2025-04-25,Knife,Truck,13.022698,77.561383,Critical,Poisoning,Charge Sheet Filed
1355,FIR/2022/001355,8,27,16,101291,507277,504614,2026-01-28,Pistol,Scooter,12.976087,74.882602,Medium,Duplicate Key,Charge Sheet Filed
1356,FIR/2023/001356,7,25,14,101161,507385,506533,2024-02-20,Iron Rod,Car,12.26049,76.690478,Medium,ATM Skimming,Pending Trial
1357,FIR/2022/001357,6,22,16,101315,502549,506316,2026-10-11,Hands,Truck,12.971909,74.898909,Critical,Poisoning,Charge Sheet Filed
1358,FIR/2025/001358,6,21,3,100189,516604,518990,2026-12-20,Hands,None,12.947361,77.575893,Critical,Knife Attack,Pending Trial
1359,FIR/2024/001359,8,26,4,100265,515799,515716,2025-04-11,Knife,Auto,12.962339,77.615744,High,Poisoning,Pending Trial
1360,FIR/2024/001360,8,26,3,100187,510969,509533,2026-02-18,Pistol,Scooter,12.951979,77.576424,High,Knife Attack,Closed
1361,FIR/2026/001361,1,3,13,101067,509856,500715,2022-11-05,Iron Rod,Scooter,12.307393,76.670948,Critical,Online Scam,Pending Trial
1362,FIR/2024/001362,12,38,19,101537,511385,516638,2024-06-16,Stick,Car,12.916477,74.812109,Low,Firearm,Closed
1363,FIR/2023/001363,11,36,2,100097,514642,518479,2025-08-05,Unknown,Truck,12.943285,77.612959,Critical,Physical Assault,Closed
1364,FIR/2026/001364,2,6,3,100237,522763,521258,2025-05-20,Unknown,Scooter,12.948358,77.608481,Low,Online Scam,Under Investigation
1365,FIR/2023/001365,9,29,12,100989,508705,504404,2023-07-20,Pistol,Scooter,12.283001,76.649652,Low,Firearm,Pending Trial
1366,FIR/2026/001366,4,12,4,100276,522464,507110,2026-08-22,Pistol,Car,12.965405,77.634368,Low,Online Scam,Charge Sheet Filed
1367,FIR/2022/001367,6,18,15,101211,512063,523606,2026-02-02,Pistol,Motorcycle,12.292713,76.633449,Low,Duplicate Key,Charge Sheet Filed
1368,FIR/2025/001368,4,12,3,100192,508753,522429,2022-09-09,Knife,Auto,12.992648,77.601361,High,Duplicate Key,Under Investigation
1369,FIR/2026/001369,1,4,3,100205,501693,522416,2023-09-07,Unknown,Truck,12.989701,77.582071,Medium,ATM Skimming,Charge Sheet Filed
1370,FIR/2024/001370,6,19,18,101454,509345,509037,2022-05-07,Hands,Truck,12.948013,74.843591,Medium,Forced Entry,Charge Sheet Filed
1371,FIR/2026/001371,2,6,1,100001,501129,503352,2022-11-14,Pistol,Truck,12.964341,77.544761,Low,Knife Attack,Under Investigation
1372,FIR/2025/001372,2,7,1,100083,500152,503836,2022-02-04,Stick,Car,12.961617,77.590304,Medium,Vehicle Lock Break,Charge Sheet Filed
1373,FIR/2024/001373,10,34,20,101587,513262,508968,2023-11-03,Unknown,Scooter,12.91754,74.862268,Critical,Firearm,Closed
1374,FIR/2022/001374,7,24,17,101405,503945,504914,2023-01-19,Knife,Van,12.905233,74.845661,Critical,Forced Entry,Pending Trial
1375,FIR/2025/001375,9,29,4,100307,515556,511034,2026-09-23,Pistol,None,12.98035,77.633663,Medium,ATM Skimming,Charge Sheet Filed
1376,FIR/2023/001376,6,21,7,100542,505242,501048,2025-10-19,Knife,Truck,12.946395,77.638752,Medium,Online Scam,Charge Sheet Filed
1377,FIR/2025/001377,7,23,2,100137,500529,522026,2022-01-12,Pistol,Car,12.944704,77.589209,Low,Poisoning,Charge Sheet Filed
1378,FIR/2024/001378,12,38,7,100608,522475,516308,2022-11-03,Stick,Van,12.957313,77.647828,Low,Vehicle Lock Break,Closed
1379,FIR/2026/001379,2,7,6,100486,516574,509230,2022-08-23,Knife,None,12.978731,77.590524,Low,Social Engineering,Pending Trial
1380,FIR/2022/001380,8,26,6,100494,517244,523171,2025-04-11,Pistol,Scooter,12.982787,77.56497,Critical,Vehicle Lock Break,Under Investigation
1381,FIR/2024/001381,5,14,1,100048,514981,519667,2023-06-21,Crowbar,Truck,12.984546,77.56863,Low,ATM Skimming,Charge Sheet Filed
1382,FIR/2024/001382,1,2,8,100700,510337,501940,2024-11-07,Pistol,Scooter,13.000045,77.584732,Critical,Physical Assault,Closed
1383,FIR/2024/001383,5,16,8,100682,503876,508780,2023-06-21,Knife,Van,13.003728,77.617937,Medium,Forced Entry,Closed
1384,FIR/2024/001384,9,30,13,101105,502912,515920,2024-06-29,Iron Rod,None,12.290273,76.649038,High,Knife Attack,Under Investigation
1385,FIR/2024/001385,7,25,2,100137,515987,511567,2023-05-06,Unknown,None,12.981951,77.604176,Critical,Poisoning,Charge Sheet Filed
1386,FIR/2024/001386,7,25,3,100185,509399,515422,2023-02-13,Hands,Van,12.957021,77.581722,Medium,Firearm,Pending Trial
1387,FIR/2025/001387,10,33,9,100740,523616,502271,2025-05-24,Hands,Motorcycle,13.01126,77.591363,Low,Knife Attack,Under Investigation
1388,FIR/2025/001388,2,5,17,101346,505293,517274,2026-05-25,Hands,Car,12.917464,74.837313,Critical,Firearm,Closed
1389,FIR/2025/001389,6,18,10,100809,508663,518765,2026-02-01,Knife,Truck,12.97421,77.594255,Medium,Online Scam,Charge Sheet Filed
1390,FIR/2025/001390,5,14,13,101081,517066,524085,2024-02-19,Crowbar,Motorcycle,12.315417,76.64865,Medium,Knife Attack,Closed
1391,FIR/2026/001391,5,14,20,101550,520299,519232,2023-03-17,Pistol,Motorcycle,12.923555,74.847214,Medium,Knife Attack,Closed
1392,FIR/2023/001392,10,34,6,100500,503084,520422,2024-05-31,Unknown,Truck,12.965703,77.619462,Low,Knife Attack,Pending Trial
1393,FIR/2022/001393,6,22,6,100434,522146,501811,2024-12-24,Stick,None,12.966388,77.614469,Low,Knife Attack,Charge Sheet Filed
1394,FIR/2024/001394,7,25,16,101281,521472,505672,2025-12-14,Crowbar,Van,12.928746,74.900352,Low,Poisoning,Charge Sheet Filed
1395,FIR/2026/001395,3,9,8,100627,520703,514368,2024-07-10,Unknown,None,12.986873,77.572945,High,Vehicle Lock Break,Pending Trial
1396,FIR/2026/001396,5,17,10,100845,516031,522950,2026-11-29,Hands,Auto,12.943062,77.585277,Medium,Duplicate Key,Charge Sheet Filed
1397,FIR/2022/001397,11,36,12,100999,507053,515300,2022-08-20,Pistol,None,12.28714,76.677496,Critical,Knife Attack,Charge Sheet Filed
1398,FIR/2025/001398,2,6,8,100698,514690,505242,2022-08-04,Unknown,Truck,12.969938,77.621708,High,Social Engineering,Under Investigation
1399,FIR/2024/001399,7,24,3,100175,513417,511580,2023-04-18,Hands,Van,12.951697,77.621302,Low,Social Engineering,Pending Trial
1400,FIR/2022/001400,5,15,7,100567,514366,511222,2024-03-24,Hands,None,12.954208,77.640872,Low,Physical Assault,Charge Sheet Filed
1401,FIR/2025/001401,8,26,5,100393,511411,523843,2022-08-15,Iron Rod,Motorcycle,12.928225,77.581671,Low,Social Engineering,Under Investigation
1402,FIR/2025/001402,5,16,1,100059,516503,516531,2025-05-19,Stick,Scooter,12.994235,77.5623,Medium,ATM Skimming,Pending Trial
1403,FIR/2022/001403,6,21,8,100644,511061,512339,2026-06-16,Crowbar,Van,12.961081,77.572521,Critical,Poisoning,Closed
1404,FIR/2022/001404,7,25,6,100447,507447,513563,2025-05-15,Unknown,Auto,13.009026,77.59049,Medium,Online Scam,Under Investigation
1405,FIR/2025/001405,5,15,11,100912,515637,505925,2024-08-27,Stick,Car,12.313334,76.590979,High,Forced Entry,Closed
1406,FIR/2026/001406,5,14,20,101592,501115,509115,2026-04-29,Crowbar,None,12.91939,74.884188,Low,Social Engineering,Pending Trial
1407,FIR/2022/001407,10,34,5,100412,523962,504023,2023-03-06,Pistol,Van,12.934699,77.545616,Low,Fake Identity,Charge Sheet Filed
1408,FIR/2024/001408,4,11,18,101434,519742,509252,2026-06-21,Stick,Scooter,12.961436,74.87838,Critical,Vehicle Lock Break,Under Investigation
1409,FIR/2025/001409,4,12,17,101397,510792,523787,2024-12-21,Crowbar,Auto,12.927651,74.874318,High,Physical Assault,Under Investigation
1410,FIR/2022/001410,2,7,14,101157,521795,508023,2024-03-13,Knife,Van,12.280196,76.679748,Low,Poisoning,Under Investigation
1411,FIR/2023/001411,2,5,7,100581,514888,511753,2025-08-20,Hands,Van,12.936749,77.650141,High,Firearm,Closed
1412,FIR/2024/001412,10,34,11,100907,513167,521554,2026-06-16,Hands,Scooter,12.334203,76.617838,Critical,Poisoning,Charge Sheet Filed
1413,FIR/2022/001413,5,14,6,100465,508751,505305,2026-06-08,Hands,Motorcycle,13.017843,77.594658,High,Poisoning,Pending Trial
1414,FIR/2023/001414,11,37,7,100554,504348,507521,2025-01-14,Iron Rod,Motorcycle,12.956725,77.624033,Medium,Firearm,Pending Trial
1415,FIR/2022/001415,3,10,16,101260,519356,521303,2026-02-18,Crowbar,Auto,12.952779,74.870337,Low,Firearm,Pending Trial
1416,FIR/2026/001416,5,16,15,101216,519350,500093,2022-02-04,Iron Rod,Truck,12.265006,76.623693,Critical,Firearm,Under Investigation
1417,FIR/2025/001417,8,27,11,100929,515169,502712,2023-03-24,Stick,Motorcycle,12.333745,76.630844,Critical,Duplicate Key,Under Investigation
1418,FIR/2023/001418,7,25,8,100692,506583,512746,2022-03-09,Stick,Car,12.989712,77.596116,Low,Poisoning,Charge Sheet Filed
1419,FIR/2022/001419,4,12,3,100218,524717,518473,2023-02-04,Knife,None,12.973332,77.619901,Medium,Fake Identity,Closed
1420,FIR/2025/001420,3,9,14,101160,524462,521222,2022-12-22,Hands,Van,12.2742,76.645144,Critical,Poisoning,Pending Trial
1421,FIR/2023/001421,2,7,15,101208,512366,523136,2024-04-11,Hands,Motorcycle,12.266442,76.616822,Critical,Duplicate Key,Pending Trial
1422,FIR/2026/001422,2,5,4,100282,520017,521982,2026-08-09,Hands,Motorcycle,13.008217,77.620455,High,ATM Skimming,Under Investigation
1423,FIR/2022/001423,1,2,9,100711,508456,502735,2026-08-06,Stick,Truck,12.981395,77.576345,Critical,Poisoning,Under Investigation
1424,FIR/2024/001424,7,24,13,101114,511785,505449,2024-01-30,Unknown,Motorcycle,12.335129,76.673319,Low,Forced Entry,Pending Trial
1425,FIR/2024/001425,9,31,2,100112,523144,507557,2024-09-10,Iron Rod,None,12.969044,77.615006,Medium,Duplicate Key,Under Investigation
1426,FIR/2026/001426,6,18,11,100963,510108,508332,2024-06-05,Iron Rod,Scooter,12.308236,76.587455,High,Forced Entry,Pending Trial
1427,FIR/2025/001427,6,20,8,100695,516054,518691,2022-06-21,Pistol,Scooter,12.987622,77.621453,High,Knife Attack,Pending Trial
1428,FIR/2022/001428,6,22,17,101353,523494,506516,2023-09-15,Unknown,Motorcycle,12.930906,74.845235,Critical,Online Scam,Closed
1429,FIR/2025/001429,6,22,16,101305,513105,514645,2025-03-31,Knife,Auto,12.963914,74.862624,High,ATM Skimming,Under Investigation
1430,FIR/2024/001430,4,12,6,100433,520857,511391,2022-03-10,Crowbar,Auto,13.015719,77.584145,Medium,Online Scam,Charge Sheet Filed
1431,FIR/2022/001431,6,21,10,100847,514175,507766,2025-10-20,Stick,Scooter,12.935022,77.585355,Low,Vehicle Lock Break,Pending Trial
1432,FIR/2022/001432,2,5,1,100032,503126,520232,2025-06-10,Iron Rod,Motorcycle,12.990084,77.537917,Critical,Firearm,Pending Trial
1433,FIR/2026/001433,1,4,20,101594,503692,521284,2024-11-30,Unknown,Truck,12.917927,74.836801,High,Duplicate Key,Charge Sheet Filed
1434,FIR/2023/001434,6,20,3,100176,506378,508673,2026-12-28,Hands,None,12.965259,77.584419,Medium,Poisoning,Closed
1435,FIR/2026/001435,8,28,20,101580,500499,517239,2022-06-22,Unknown,Auto,12.91094,74.866328,Medium,Poisoning,Pending Trial
1436,FIR/2022/001436,8,26,9,100715,522071,512675,2026-04-05,Knife,Motorcycle,13.022147,77.5937,Medium,Duplicate Key,Closed
1437,FIR/2022/001437,1,2,8,100693,508559,502441,2024-04-03,Iron Rod,Truck,12.985657,77.584517,High,Vehicle Lock Break,Pending Trial
1438,FIR/2024/001438,2,6,9,100729,512061,507819,2023-03-10,Stick,Van,12.979239,77.573733,Critical,Social Engineering,Charge Sheet Filed
1439,FIR/2025/001439,10,33,1,100021,510123,509104,2025-02-16,Hands,Auto,12.98712,77.570303,Low,ATM Skimming,Pending Trial
1440,FIR/2025/001440,1,4,3,100169,504255,502420,2022-08-03,Pistol,Auto,12.988941,77.612464,Medium,Forced Entry,Charge Sheet Filed
1441,FIR/2026/001441,5,14,10,100813,510859,507448,2026-03-31,Hands,None,12.93061,77.561299,High,Duplicate Key,Charge Sheet Filed
1442,FIR/2026/001442,10,32,10,100837,505696,511784,2023-01-08,Knife,None,12.983006,77.595854,Medium,Forced Entry,Closed
1443,FIR/2023/001443,6,19,18,101419,512764,515085,2026-07-13,Iron Rod,Motorcycle,12.918545,74.890457,Medium,Online Scam,Under Investigation
1444,FIR/2022/001444,6,20,8,100625,505943,518300,2023-02-06,Iron Rod,Motorcycle,12.976092,77.572085,Medium,Online Scam,Closed
1445,FIR/2025/001445,2,5,13,101057,510189,518416,2023-08-24,Stick,Scooter,12.298763,76.692498,Medium,Poisoning,Charge Sheet Filed
1446,FIR/2023/001446,7,23,20,101607,519032,511827,2023-08-03,Hands,Scooter,12.946053,74.83416,Medium,Fake Identity,Charge Sheet Filed
1447,FIR/2023/001447,7,24,17,101406,513825,503637,2023-10-10,Iron Rod,Truck,12.896571,74.835565,Medium,Vehicle Lock Break,Pending Trial
1448,FIR/2024/001448,2,6,15,101222,520117,511187,2025-12-15,Pistol,Auto,12.293724,76.589602,Medium,Online Scam,Pending Trial
1449,FIR/2024/001449,9,29,11,100932,519811,513001,2024-06-14,Stick,Truck,12.321714,76.586646,Low,Social Engineering,Closed
1450,FIR/2025/001450,12,39,19,101479,508973,503145,2024-02-26,Pistol,Auto,12.904232,74.848186,Medium,ATM Skimming,Charge Sheet Filed
1451,FIR/2025/001451,12,39,18,101425,516577,522669,2026-07-30,Unknown,Car,12.964823,74.837542,Low,Poisoning,Pending Trial
1452,FIR/2025/001452,1,2,9,100759,503357,523806,2023-06-12,Crowbar,Auto,13.018555,77.551095,High,Online Scam,Closed
1453,FIR/2023/001453,1,1,16,101277,501392,523213,2026-12-06,Iron Rod,Motorcycle,12.924553,74.867292,Medium,ATM Skimming,Charge Sheet Filed
1454,FIR/2022/001454,7,25,7,100580,517422,519251,2025-11-26,Knife,Motorcycle,12.918395,77.650254,Medium,Firearm,Pending Trial
1455,FIR/2026/001455,3,8,20,101599,509252,510092,2022-10-05,Iron Rod,Motorcycle,12.908522,74.887923,Medium,Social Engineering,Closed
1456,FIR/2024/001456,5,15,13,101061,510791,505612,2026-10-13,Knife,Van,12.34042,76.647263,Critical,Social Engineering,Charge Sheet Filed
1457,FIR/2022/001457,1,1,3,100249,516882,504809,2022-05-10,Stick,Auto,12.995267,77.598641,Critical,Knife Attack,Pending Trial
1458,FIR/2022/001458,4,13,3,100168,524659,509259,2023-01-31,Knife,Car,12.997982,77.620998,Critical,Social Engineering,Pending Trial
1459,FIR/2023/001459,1,1,19,101515,502659,518069,2026-12-10,Hands,Scooter,12.919337,74.859303,Critical,Poisoning,Charge Sheet Filed
1460,FIR/2026/001460,6,18,14,101161,524191,510207,2025-01-31,Unknown,Motorcycle,12.270292,76.657389,Medium,Forced Entry,Charge Sheet Filed
1461,FIR/2025/001461,9,30,16,101318,517176,523224,2026-09-01,Pistol,Motorcycle,12.940402,74.856249,High,Forced Entry,Under Investigation
1462,FIR/2025/001462,5,17,3,100249,510445,522938,2025-10-03,Crowbar,None,12.984602,77.594061,Medium,Fake Identity,Closed
1463,FIR/2024/001463,9,30,15,101229,518792,503715,2026-09-12,Hands,None,12.294573,76.600394,Critical,Physical Assault,Under Investigation
1464,FIR/2026/001464,2,6,17,101394,517136,520454,2022-05-26,Stick,Motorcycle,12.884847,74.823875,Medium,Vehicle Lock Break,Pending Trial
1465,FIR/2026/001465,4,11,18,101428,523550,511141,2022-11-10,Iron Rod,Truck,12.946219,74.879796,Low,Online Scam,Pending Trial
1466,FIR/2024/001466,4,12,19,101538,505712,510203,2024-06-29,Unknown,Van,12.957599,74.830117,High,ATM Skimming,Pending Trial
1467,FIR/2023/001467,2,7,6,100506,523443,514326,2023-07-13,Crowbar,Scooter,12.977965,77.619204,High,Vehicle Lock Break,Pending Trial
1468,FIR/2024/001468,10,34,20,101560,518176,505152,2022-09-07,Hands,Truck,12.893848,74.870862,High,Poisoning,Closed
1469,FIR/2024/001469,5,16,3,100247,510685,523743,2025-11-25,Crowbar,Truck,13.004749,77.619964,Low,Physical Assault,Under Investigation
1470,FIR/2023/001470,6,18,6,100495,517824,510870,2022-10-17,Unknown,Auto,12.991732,77.613429,Low,Forced Entry,Closed
1471,FIR/2022/001471,10,32,13,101070,510354,500665,2026-03-02,Stick,Motorcycle,12.288824,76.698145,Low,Physical Assault,Closed
1472,FIR/2024/001472,10,34,20,101612,513550,524329,2022-08-10,Unknown,Car,12.889952,74.853062,Critical,Firearm,Charge Sheet Filed
1473,FIR/2022/001473,11,36,8,100706,502803,500086,2026-09-23,Hands,Scooter,12.990875,77.59096,High,Vehicle Lock Break,Pending Trial
1474,FIR/2026/001474,1,3,8,100642,504593,506370,2022-10-11,Iron Rod,Van,12.973374,77.598369,Critical,Duplicate Key,Charge Sheet Filed
1475,FIR/2026/001475,11,36,5,100403,512047,522836,2024-10-22,Stick,Auto,12.948,77.59417,Critical,ATM Skimming,Closed
1476,FIR/2025/001476,8,28,20,101590,513807,507631,2026-07-09,Hands,Motorcycle,12.913324,74.889332,Medium,Fake Identity,Under Investigation
1477,FIR/2022/001477,6,18,18,101431,504885,523063,2026-02-04,Stick,None,12.943253,74.885236,High,Firearm,Under Investigation
1478,FIR/2023/001478,2,5,9,100753,501840,513017,2023-06-09,Knife,Van,13.019147,77.54388,Critical,Social Engineering,Charge Sheet Filed
1479,FIR/2022/001479,11,36,1,100047,512767,520034,2023-03-12,Knife,Car,12.960165,77.553725,High,Fake Identity,Under Investigation
1480,FIR/2023/001480,9,30,2,100113,504786,518135,2025-03-29,Stick,Van,12.956778,77.589135,Critical,Social Engineering,Under Investigation
1481,FIR/2022/001481,6,20,10,100775,514920,507069,2024-07-29,Stick,Truck,12.945017,77.56905,High,Vehicle Lock Break,Pending Trial
1482,FIR/2024/001482,12,39,15,101216,517751,503886,2026-10-14,Stick,None,12.285079,76.598534,High,Vehicle Lock Break,Charge Sheet Filed
1483,FIR/2025/001483,9,31,10,100862,513536,523948,2022-09-16,Iron Rod,None,12.984013,77.61746,Critical,Physical Assault,Pending Trial
1484,FIR/2025/001484,9,29,9,100725,516916,507803,2024-09-01,Iron Rod,Auto,13.009011,77.574019,Critical,Forced Entry,Under Investigation
1485,FIR/2023/001485,5,17,6,100434,520774,523993,2023-02-24,Stick,Scooter,12.984593,77.575033,Low,ATM Skimming,Closed
1486,FIR/2022/001486,5,16,20,101601,516429,517134,2025-02-01,Unknown,Scooter,12.906438,74.850361,Medium,Forced Entry,Closed
1487,FIR/2023/001487,3,8,14,101177,501509,513448,2026-08-17,Stick,Van,12.285317,76.681071,Low,Forced Entry,Closed
1488,FIR/2025/001488,12,40,5,100400,520736,502150,2024-01-19,Unknown,Scooter,12.933027,77.548039,High,Physical Assault,Charge Sheet Filed
1489,FIR/2024/001489,8,28,2,100165,513196,516923,2025-03-10,Iron Rod,Auto,12.965279,77.635712,Low,Firearm,Under Investigation
1490,FIR/2026/001490,12,38,13,101088,505375,511086,2024-01-17,Hands,Scooter,12.337155,76.698061,High,Knife Attack,Charge Sheet Filed
1491,FIR/2022/001491,7,23,5,100374,502569,501323,2024-10-13,Stick,Car,12.944088,77.596358,Critical,Vehicle Lock Break,Charge Sheet Filed
1492,FIR/2024/001492,1,1,12,101038,520436,511255,2026-04-20,Unknown,Truck,12.318888,76.69416,Medium,ATM Skimming,Under Investigation
1493,FIR/2023/001493,2,7,3,100216,521224,510918,2022-01-06,Stick,None,12.989492,77.574744,High,Knife Attack,Closed
1494,FIR/2026/001494,10,32,3,100244,501230,503903,2026-01-19,Knife,Scooter,12.962266,77.595055,Medium,ATM Skimming,Charge Sheet Filed
1495,FIR/2026/001495,8,26,6,100531,509850,501593,2024-01-30,Hands,Van,12.977021,77.573391,High,ATM Skimming,Under Investigation
1496,FIR/2026/001496,1,1,8,100669,500558,519574,2023-09-21,Knife,Auto,12.991148,77.594965,Low,Knife Attack,Under Investigation
1497,FIR/2024/001497,9,30,17,101385,507807,512457,2024-09-29,Hands,None,12.934157,74.840236,Low,Social Engineering,Charge Sheet Filed
1498,FIR/2025/001498,1,2,17,101378,520728,524565,2025-01-04,Hands,Auto,12.892504,74.858203,Low,Vehicle Lock Break,Closed
1499,FIR/2022/001499,10,33,4,100255,516596,521692,2022-04-17,Stick,Van,12.993399,77.6163,Critical,Knife Attack,Charge Sheet Filed
1500,FIR/2025/001500,7,24,13,101063,515231,502184,2025-12-22,Knife,Auto,12.303831,76.678184,Medium,Duplicate Key,Charge Sheet Filed
1501,FIR/2022/001501,5,16,2,100129,511555,501338,2024-01-12,Stick,Van,12.935311,77.616207,Low,Physical Assault,Closed
1502,FIR/2026/001502,6,19,17,101369,501484,519609,2024-03-30,Iron Rod,Scooter,12.91238,74.822054,Critical,Forced Entry,Closed
1503,FIR/2023/001503,6,19,4,100323,506592,509239,2023-01-07,Stick,Auto,12.961041,77.639223,High,Duplicate Key,Closed
1504,FIR/2022/001504,4,11,18,101447,518242,517246,2023-07-06,Unknown,Car,12.919782,74.879292,Critical,Social Engineering,Pending Trial
1505,FIR/2025/001505,6,21,17,101359,521878,504288,2026-12-18,Hands,Van,12.920088,74.833955,Medium,Knife Attack,Under Investigation
1506,FIR/2025/001506,5,14,15,101227,522269,502393,2023-03-02,Iron Rod,Auto,12.291949,76.616984,High,Vehicle Lock Break,Under Investigation
1507,FIR/2026/001507,11,37,11,100917,506559,516485,2023-08-15,Unknown,Truck,12.319857,76.618947,High,Duplicate Key,Closed
1508,FIR/2022/001508,2,6,1,100002,522078,514181,2025-09-24,Hands,Car,12.976882,77.576218,Critical,Vehicle Lock Break,Under Investigation
1509,FIR/2024/001509,12,40,7,100558,512146,502847,2024-03-28,Unknown,Scooter,12.926026,77.624251,High,Online Scam,Closed
1510,FIR/2024/001510,9,30,3,100214,518012,513064,2025-09-27,Crowbar,Car,12.945744,77.609767,High,Fake Identity,Charge Sheet Filed
1511,FIR/2025/001511,3,8,12,101004,518740,523805,2022-04-23,Hands,Car,12.307384,76.68779,Low,Fake Identity,Under Investigation
1512,FIR/2022/001512,7,24,17,101392,520794,508455,2022-10-13,Hands,Truck,12.932765,74.856904,Medium,Physical Assault,Under Investigation
1513,FIR/2024/001513,11,36,17,101395,505741,516060,2024-07-30,Stick,Truck,12.885181,74.87796,Medium,Duplicate Key,Under Investigation
1514,FIR/2023/001514,6,22,6,100476,504467,519099,2026-07-28,Knife,None,12.969183,77.565068,Medium,Fake Identity,Under Investigation
1515,FIR/2025/001515,1,1,9,100754,503378,516383,2023-04-01,Iron Rod,Car,12.972866,77.547246,High,Forced Entry,Closed
1516,FIR/2022/001516,10,33,20,101542,507327,521920,2024-12-05,Crowbar,Van,12.896822,74.851503,Medium,Vehicle Lock Break,Pending Trial
1517,FIR/2025/001517,3,10,17,101380,508467,517778,2025-08-31,Iron Rod,Truck,12.918143,74.833629,High,Poisoning,Closed
1518,FIR/2023/001518,8,26,7,100574,507169,520669,2025-10-06,Stick,Scooter,12.92417,77.639118,Critical,Social Engineering,Under Investigation
1519,FIR/2023/001519,10,34,20,101571,513102,507537,2022-03-21,Pistol,Auto,12.904938,74.860331,Critical,Knife Attack,Charge Sheet Filed
1520,FIR/2024/001520,11,37,12,101026,524471,511586,2025-05-20,Knife,Scooter,12.32949,76.664242,Medium,Poisoning,Pending Trial
1521,FIR/2023/001521,6,20,12,101035,510211,500642,2022-03-24,Iron Rod,None,12.31292,76.648052,Critical,Firearm,Closed
1522,FIR/2024/001522,9,30,18,101434,506458,520452,2025-01-15,Unknown,Truck,12.9435,74.860005,High,Vehicle Lock Break,Charge Sheet Filed
1523,FIR/2024/001523,7,23,5,100402,522105,500779,2025-02-21,Unknown,Motorcycle,12.913542,77.557874,High,Online Scam,Charge Sheet Filed
1524,FIR/2024/001524,3,10,15,101242,520479,513698,2026-04-02,Stick,Motorcycle,12.321393,76.614117,Low,Knife Attack,Under Investigation
1525,FIR/2024/001525,2,6,3,100220,523219,510753,2026-06-30,Unknown,Van,12.95146,77.576232,Critical,Knife Attack,Pending Trial
1526,FIR/2024/001526,2,6,10,100823,506007,509988,2025-06-15,Hands,None,12.980423,77.579921,Low,Firearm,Closed
1527,FIR/2026/001527,1,2,19,101477,519257,518174,2025-01-27,Stick,Truck,12.950893,74.84278,Low,Social Engineering,Under Investigation
1528,FIR/2024/001528,3,8,7,100601,515764,523747,2022-06-07,Iron Rod,Auto,12.915839,77.628557,Critical,Firearm,Under Investigation
1529,FIR/2022/001529,6,19,20,101553,518351,502627,2025-10-04,Iron Rod,Van,12.920019,74.847732,High,Vehicle Lock Break,Closed
1530,FIR/2022/001530,3,10,13,101057,507718,502860,2024-02-21,Crowbar,Car,12.283896,76.658146,Critical,Vehicle Lock Break,Closed
1531,FIR/2026/001531,3,8,1,100023,503141,523253,2024-04-23,Knife,None,12.999972,77.570425,High,Social Engineering,Charge Sheet Filed
1532,FIR/2023/001532,1,1,11,100898,522216,524564,2026-11-17,Hands,Motorcycle,12.317626,76.631655,High,Social Engineering,Under Investigation
1533,FIR/2022/001533,10,32,13,101085,508504,512471,2026-04-07,Knife,Auto,12.298385,76.649165,Medium,Duplicate Key,Pending Trial
1534,FIR/2026/001534,11,36,6,100521,514515,515204,2025-04-05,Stick,Motorcycle,12.96897,77.5668,Low,Poisoning,Closed
1535,FIR/2026/001535,5,14,13,101063,501332,521310,2026-06-05,Pistol,Motorcycle,12.304468,76.646223,Medium,Vehicle Lock Break,Under Investigation
1536,FIR/2026/001536,6,18,12,100982,505185,517990,2026-09-17,Crowbar,Motorcycle,12.288685,76.664898,Medium,ATM Skimming,Pending Trial
1537,FIR/2023/001537,9,30,10,100867,516773,513859,2026-06-26,Pistol,Truck,12.963128,77.585285,Critical,Social Engineering,Closed
1538,FIR/2023/001538,12,38,11,100891,514314,524286,2022-06-02,Stick,Truck,12.308232,76.622212,Critical,Social Engineering,Under Investigation
1539,FIR/2025/001539,10,32,12,100984,511636,506470,2023-12-15,Hands,Auto,12.315665,76.696419,Critical,Poisoning,Pending Trial
1540,FIR/2024/001540,9,31,17,101396,509403,503472,2022-03-29,Pistol,Car,12.88877,74.857443,High,Knife Attack,Pending Trial
1541,FIR/2023/001541,5,15,2,100119,523867,519920,2024-12-27,Hands,Scooter,12.947458,77.630789,Critical,Forced Entry,Pending Trial
1542,FIR/2026/001542,3,10,13,101074,507765,500012,2023-06-10,Hands,Truck,12.336155,76.65159,Medium,ATM Skimming,Closed
1543,FIR/2026/001543,10,32,6,100427,514001,503277,2025-10-13,Iron Rod,Scooter,13.0157,77.602079,Low,Fake Identity,Charge Sheet Filed
1544,FIR/2023/001544,1,4,13,101079,507179,520276,2022-01-04,Knife,None,12.287353,76.647148,Medium,Knife Attack,Pending Trial
1545,FIR/2025/001545,6,18,13,101074,504898,504679,2025-07-31,Unknown,Scooter,12.283402,76.691453,Low,Forced Entry,Charge Sheet Filed
1546,FIR/2025/001546,8,28,13,101095,507199,520056,2026-09-10,Unknown,Motorcycle,12.324846,76.673418,High,Duplicate Key,Pending Trial
1547,FIR/2022/001547,2,6,8,100648,517212,512972,2022-05-30,Knife,Scooter,12.96068,77.615809,Critical,Social Engineering,Closed
1548,FIR/2025/001548,9,29,16,101320,513003,520068,2022-05-04,Hands,Van,12.952801,74.846094,Low,Forced Entry,Charge Sheet Filed
1549,FIR/2022/001549,7,24,12,100968,505186,521108,2022-07-28,Stick,Auto,12.331252,76.690769,Low,Fake Identity,Closed
1550,FIR/2026/001550,2,5,12,101037,516605,511278,2025-09-28,Knife,None,12.310454,76.681747,Medium,Firearm,Closed
1551,FIR/2025/001551,3,10,5,100365,506848,518306,2022-12-29,Pistol,Truck,12.943626,77.576662,Medium,Forced Entry,Charge Sheet Filed
1552,FIR/2026/001552,2,6,14,101167,514623,517204,2024-06-19,Hands,Motorcycle,12.282382,76.64425,Critical,Firearm,Under Investigation
1553,FIR/2022/001553,1,2,11,100928,520807,519301,2022-11-30,Iron Rod,Auto,12.327627,76.61966,Medium,Forced Entry,Charge Sheet Filed
1554,FIR/2024/001554,4,11,16,101258,521870,506097,2022-11-05,Iron Rod,None,12.973911,74.865599,Medium,Social Engineering,Charge Sheet Filed
1555,FIR/2022/001555,11,37,8,100698,522715,509943,2023-11-01,Iron Rod,Motorcycle,12.998475,77.597172,Critical,ATM Skimming,Closed
1556,FIR/2025/001556,9,31,4,100295,502597,517214,2026-11-21,Unknown,None,12.974302,77.636929,Critical,Social Engineering,Under Investigation
1557,FIR/2023/001557,4,12,3,100247,513435,524122,2022-01-18,Crowbar,Truck,12.970608,77.581816,High,Forced Entry,Pending Trial
1558,FIR/2023/001558,12,39,1,100072,509649,521437,2025-07-02,Unknown,Scooter,12.997759,77.591716,High,Knife Attack,Pending Trial
1559,FIR/2022/001559,9,30,11,100902,506770,520693,2023-05-19,Unknown,Truck,12.358655,76.61769,Critical,Duplicate Key,Under Investigation
1560,FIR/2023/001560,9,29,6,100447,515493,519190,2023-03-12,Stick,Truck,12.966497,77.609345,High,Poisoning,Charge Sheet Filed
1561,FIR/2023/001561,9,30,1,100025,520639,520848,2024-09-08,Hands,Van,13.00539,77.54575,Critical,Vehicle Lock Break,Under Investigation
1562,FIR/2025/001562,2,6,1,100038,521651,504984,2025-07-22,Crowbar,Car,12.982887,77.564288,Low,Online Scam,Closed
1563,FIR/2022/001563,3,9,5,100418,505792,501577,2026-07-03,Pistol,Scooter,12.947654,77.584652,Critical,Poisoning,Charge Sheet Filed
1564,FIR/2026/001564,10,33,4,100293,504814,516214,2026-05-23,Unknown,Van,12.970006,77.629985,Low,Poisoning,Closed
1565,FIR/2025/001565,1,3,4,100331,502591,513872,2025-06-15,Knife,None,12.991759,77.640303,Critical,Knife Attack,Under Investigation
1566,FIR/2022/001566,3,10,1,100043,504399,511146,2023-05-28,Crowbar,Motorcycle,12.993942,77.580085,Medium,Firearm,Charge Sheet Filed
1567,FIR/2025/001567,3,8,13,101059,509812,504761,2022-03-22,Stick,Van,12.283244,76.6967,High,Duplicate Key,Closed
1568,FIR/2026/001568,9,29,13,101089,513617,503732,2025-04-08,Pistol,Auto,12.332723,76.651833,Low,Knife Attack,Pending Trial
1569,FIR/2026/001569,5,15,19,101493,524980,522413,2025-03-16,Unknown,None,12.94928,74.847838,Medium,Social Engineering,Pending Trial
1570,FIR/2025/001570,5,16,3,100228,514955,516275,2023-12-02,Pistol,Motorcycle,12.946535,77.606603,Critical,Firearm,Charge Sheet Filed
1571,FIR/2026/001571,8,27,18,101434,520172,500337,2025-01-23,Unknown,Van,12.920966,74.865591,High,Poisoning,Charge Sheet Filed
1572,FIR/2025/001572,12,38,6,100496,524119,516441,2022-12-05,Pistol,Auto,12.964878,77.590925,High,Knife Attack,Pending Trial
1573,FIR/2025/001573,6,20,11,100916,524827,505479,2025-12-27,Knife,Van,12.311841,76.619255,Medium,Poisoning,Under Investigation
1574,FIR/2026/001574,12,38,20,101618,500468,518720,2025-01-05,Stick,Truck,12.939423,74.848535,High,Firearm,Pending Trial
1575,FIR/2023/001575,6,18,2,100151,512838,501511,2026-06-04,Iron Rod,Motorcycle,12.946801,77.604395,Low,Poisoning,Pending Trial
1576,FIR/2024/001576,12,39,11,100905,514258,507675,2022-08-04,Crowbar,Car,12.347047,76.604554,High,Social Engineering,Closed
1577,FIR/2025/001577,5,16,9,100772,519571,523577,2026-03-06,Knife,Motorcycle,12.969416,77.594866,High,Physical Assault,Charge Sheet Filed
1578,FIR/2023/001578,1,3,19,101499,521504,511178,2023-02-06,Stick,Auto,12.931626,74.835629,High,Physical Assault,Under Investigation
1579,FIR/2024/001579,6,20,2,100126,501215,505720,2022-06-09,Pistol,Scooter,12.979332,77.583193,High,Poisoning,Under Investigation
1580,FIR/2026/001580,6,20,4,100271,506960,514666,2026-07-20,Hands,Auto,12.960062,77.615337,Medium,ATM Skimming,Closed
1581,FIR/2023/001581,8,28,11,100897,501177,507066,2024-12-22,Knife,Auto,12.34666,76.623002,High,Poisoning,Pending Trial
1582,FIR/2024/001582,3,8,14,101165,502544,514618,2022-12-09,Hands,Motorcycle,12.30854,76.68321,High,Poisoning,Pending Trial
1583,FIR/2024/001583,2,5,20,101594,524536,506206,2023-06-17,Pistol,None,12.921328,74.881762,Critical,Duplicate Key,Pending Trial
1584,FIR/2025/001584,7,24,7,100554,519859,524238,2024-12-29,Iron Rod,Scooter,12.961917,77.647813,Medium,Knife Attack,Closed
1585,FIR/2026/001585,12,40,16,101314,515883,519113,2026-12-24,Crowbar,None,12.958652,74.893952,Low,Firearm,Under Investigation
1586,FIR/2026/001586,6,18,19,101499,511555,523327,2024-12-23,Pistol,Car,12.929332,74.811575,Low,ATM Skimming,Closed
1587,FIR/2022/001587,5,16,1,100074,520167,502778,2025-04-05,Pistol,Auto,12.967426,77.5805,Low,Physical Assault,Pending Trial
1588,FIR/2026/001588,11,37,11,100929,517777,501563,2023-02-21,Hands,Auto,12.352063,76.586276,Low,Social Engineering,Pending Trial
1589,FIR/2022/001589,8,27,14,101127,502230,500689,2026-12-14,Knife,Car,12.264483,76.653592,Medium,Knife Attack,Pending Trial
1590,FIR/2025/001590,12,38,15,101244,511905,514077,2023-08-26,Stick,Truck,12.316439,76.614556,Critical,Physical Assault,Under Investigation
1591,FIR/2023/001591,5,14,20,101609,518476,516590,2022-11-27,Stick,Van,12.907837,74.867265,High,Duplicate Key,Under Investigation
1592,FIR/2026/001592,7,24,10,100781,519751,508465,2022-03-24,Hands,Truck,12.976951,77.586128,High,Physical Assault,Pending Trial
1593,FIR/2022/001593,6,21,3,100249,500186,515069,2023-11-23,Iron Rod,Auto,12.950161,77.578731,Low,Vehicle Lock Break,Closed
1594,FIR/2026/001594,2,5,6,100459,505365,502935,2026-01-14,Hands,Car,12.966381,77.607779,Low,Online Scam,Pending Trial
1595,FIR/2025/001595,12,39,17,101386,519397,524353,2023-09-13,Knife,Truck,12.902434,74.873746,Low,ATM Skimming,Closed
1596,FIR/2023/001596,8,27,1,100032,504977,515541,2025-06-16,Hands,Motorcycle,13.002539,77.543534,Low,ATM Skimming,Charge Sheet Filed
1597,FIR/2024/001597,2,6,12,101047,511497,522787,2026-10-10,Pistol,Auto,12.310227,76.686676,Medium,Fake Identity,Pending Trial
1598,FIR/2025/001598,5,14,16,101267,501012,512860,2023-01-27,Unknown,Van,12.952323,74.851662,High,Forced Entry,Pending Trial
1599,FIR/2024/001599,9,29,6,100510,506204,518030,2026-04-10,Hands,Van,13.003623,77.587623,Medium,ATM Skimming,Under Investigation
1600,FIR/2023/001600,12,39,1,100002,524667,524209,2022-03-13,Pistol,Van,12.996034,77.561634,High,Forced Entry,Pending Trial
1601,FIR/2025/001601,1,2,6,100455,500395,511656,2024-07-22,Stick,Truck,13.002802,77.562951,Medium,Online Scam,Charge Sheet Filed
1602,FIR/2022/001602,5,16,14,101166,503026,524370,2026-12-14,Unknown,None,12.270769,76.663374,Medium,Poisoning,Charge Sheet Filed
1603,FIR/2025/001603,6,22,17,101390,517662,505788,2024-01-27,Unknown,Scooter,12.877355,74.844037,Low,Poisoning,Charge Sheet Filed
1604,FIR/2026/001604,1,1,5,100350,512912,518923,2026-11-29,Knife,None,12.947455,77.546767,Medium,Poisoning,Pending Trial
1605,FIR/2022/001605,4,13,8,100630,518256,505344,2022-09-04,Stick,Motorcycle,12.995043,77.600663,Critical,Duplicate Key,Closed
1606,FIR/2025/001606,8,26,5,100418,523390,500593,2023-01-11,Iron Rod,Auto,12.950506,77.588253,Critical,Fake Identity,Closed
1607,FIR/2024/001607,6,20,1,100027,508300,502443,2022-10-14,Iron Rod,None,13.002998,77.564558,Low,Fake Identity,Charge Sheet Filed
1608,FIR/2023/001608,6,19,1,100039,510046,504763,2022-08-11,Unknown,Auto,12.972602,77.560867,Medium,Fake Identity,Pending Trial
1609,FIR/2023/001609,2,6,11,100938,520000,502425,2025-05-03,Unknown,Van,12.338984,76.63186,Critical,Fake Identity,Charge Sheet Filed
1610,FIR/2026/001610,5,16,4,100270,505483,502898,2023-04-08,Iron Rod,Car,12.983783,77.62631,High,Physical Assault,Pending Trial
1611,FIR/2026/001611,9,30,6,100518,510455,514671,2022-04-23,Unknown,Van,12.961919,77.588972,Low,Online Scam,Charge Sheet Filed
1612,FIR/2022/001612,7,24,20,101576,514998,515711,2022-09-26,Crowbar,None,12.938394,74.841958,Critical,Knife Attack,Charge Sheet Filed
1613,FIR/2022/001613,11,35,8,100669,509746,511846,2023-05-27,Stick,Car,12.968575,77.574557,Critical,Physical Assault,Under Investigation
1614,FIR/2022/001614,11,37,17,101360,514961,517016,2023-01-21,Stick,Truck,12.897201,74.859251,Medium,Physical Assault,Closed
1615,FIR/2024/001615,5,15,7,100602,511504,506283,2023-12-26,Knife,Car,12.914659,77.608028,High,Firearm,Charge Sheet Filed
1616,FIR/2024/001616,5,14,2,100144,519703,518269,2024-08-16,Crowbar,Scooter,12.944158,77.612462,Low,Vehicle Lock Break,Pending Trial
1617,FIR/2026/001617,11,37,8,100648,521101,524875,2025-10-17,Stick,Van,12.967313,77.603135,Low,Physical Assault,Pending Trial
1618,FIR/2023/001618,2,6,8,100634,502656,505240,2024-01-09,Iron Rod,Auto,12.970289,77.626508,Low,Duplicate Key,Closed
1619,FIR/2024/001619,12,39,6,100468,501779,512529,2024-12-02,Unknown,Truck,12.980595,77.596014,Medium,ATM Skimming,Charge Sheet Filed
1620,FIR/2022/001620,4,12,5,100405,519646,510820,2022-11-30,Iron Rod,Motorcycle,12.965645,77.544226,High,Duplicate Key,Under Investigation
1621,FIR/2022/001621,2,7,5,100408,512717,507832,2023-01-12,Unknown,Car,12.94972,77.562937,High,Social Engineering,Pending Trial
1622,FIR/2025/001622,10,33,13,101110,512157,522631,2026-02-14,Stick,Truck,12.299292,76.701875,Medium,Forced Entry,Closed
1623,FIR/2026/001623,12,40,10,100782,506842,501562,2026-09-29,Knife,Car,12.980731,77.595808,Low,Vehicle Lock Break,Pending Trial
1624,FIR/2022/001624,3,10,10,100818,524757,514795,2023-05-18,Unknown,Motorcycle,12.981136,77.602786,High,ATM Skimming,Charge Sheet Filed
1625,FIR/2023/001625,6,19,2,100129,504218,501546,2025-03-18,Stick,Car,12.972437,77.588808,Medium,Duplicate Key,Closed
1626,FIR/2024/001626,2,6,15,101183,505003,504291,2022-09-29,Iron Rod,None,12.314155,76.639194,Critical,Forced Entry,Closed
1627,FIR/2023/001627,2,5,7,100590,511391,521008,2023-05-22,Unknown,Scooter,12.908645,77.643097,Low,Poisoning,Pending Trial
1628,FIR/2023/001628,1,1,7,100574,519862,516611,2022-08-20,Iron Rod,Car,12.923687,77.619132,High,ATM Skimming,Charge Sheet Filed
1629,FIR/2024/001629,1,3,13,101105,522853,515406,2024-10-06,Knife,Auto,12.295895,76.650646,Medium,Vehicle Lock Break,Under Investigation
1630,FIR/2022/001630,9,31,14,101138,512515,507261,2025-06-29,Crowbar,Motorcycle,12.277694,76.681586,High,Duplicate Key,Under Investigation
1631,FIR/2025/001631,4,11,8,100694,507248,505577,2023-12-28,Unknown,Motorcycle,12.985298,77.570487,Critical,Social Engineering,Charge Sheet Filed
1632,FIR/2022/001632,5,16,10,100774,511000,522687,2022-03-01,Unknown,Scooter,12.952736,77.567326,High,Fake Identity,Closed
1633,FIR/2023/001633,2,6,5,100417,515266,519982,2025-11-15,Stick,Scooter,12.923745,77.570084,Low,Forced Entry,Pending Trial
1634,FIR/2023/001634,1,4,17,101382,506723,523507,2025-10-28,Hands,Auto,12.928425,74.872675,High,Vehicle Lock Break,Charge Sheet Filed
1635,FIR/2022/001635,5,16,7,100593,504232,523705,2026-10-03,Stick,Truck,12.95459,77.604301,Low,Firearm,Closed
1636,FIR/2026/001636,6,21,3,100239,519270,510689,2025-01-13,Crowbar,Car,13.003829,77.62598,Medium,Social Engineering,Closed
1637,FIR/2025/001637,9,31,16,101329,513996,516147,2024-10-21,Crowbar,Auto,12.934738,74.876661,Low,ATM Skimming,Closed
1638,FIR/2025/001638,7,25,16,101343,504046,511762,2025-03-01,Stick,Van,12.957441,74.88863,Critical,Forced Entry,Charge Sheet Filed
1639,FIR/2026/001639,3,8,13,101082,514558,513395,2023-09-03,Unknown,None,12.323753,76.700374,Critical,ATM Skimming,Under Investigation
1640,FIR/2023/001640,4,13,17,101394,520827,513183,2022-02-18,Knife,None,12.916809,74.872919,Critical,Duplicate Key,Closed
1641,FIR/2023/001641,2,5,17,101392,521187,516006,2025-04-30,Knife,Truck,12.916162,74.860061,Low,Knife Attack,Charge Sheet Filed
1642,FIR/2023/001642,7,23,14,101168,522230,508883,2026-07-16,Knife,None,12.296121,76.681301,High,Knife Attack,Closed
1643,FIR/2025/001643,5,14,5,100394,524902,524362,2023-12-25,Knife,Auto,12.952123,77.571889,Medium,Forced Entry,Charge Sheet Filed
1644,FIR/2023/001644,2,5,7,100610,518730,500584,2023-04-08,Unknown,Van,12.943008,77.64326,Critical,Duplicate Key,Pending Trial
1645,FIR/2022/001645,6,18,2,100138,504873,514079,2025-11-19,Crowbar,Motorcycle,12.95485,77.599034,High,Physical Assault,Pending Trial
1646,FIR/2025/001646,11,35,18,101451,520019,507866,2025-07-28,Unknown,None,12.91219,74.87982,High,Vehicle Lock Break,Pending Trial
1647,FIR/2026/001647,5,15,10,100883,520751,512625,2025-07-13,Hands,Van,12.945518,77.574939,Medium,Forced Entry,Under Investigation
1648,FIR/2022/001648,7,25,18,101412,523131,521158,2023-04-26,Pistol,None,12.960637,74.878868,High,Forced Entry,Under Investigation
1649,FIR/2024/001649,8,27,17,101358,514482,524844,2025-08-11,Crowbar,None,12.898599,74.879063,Low,Social Engineering,Under Investigation
1650,FIR/2022/001650,6,22,20,101561,515628,509683,2023-06-19,Pistol,Scooter,12.923338,74.89065,High,Poisoning,Closed
1651,FIR/2024/001651,1,1,6,100441,500052,516041,2023-07-07,Pistol,Car,12.965518,77.579396,High,Duplicate Key,Closed
1652,FIR/2026/001652,9,30,12,100975,508972,517393,2023-08-17,Crowbar,Truck,12.291626,76.641535,Critical,Duplicate Key,Pending Trial
1653,FIR/2022/001653,5,15,5,100422,513413,516734,2024-08-07,Unknown,Auto,12.923247,77.586182,High,ATM Skimming,Charge Sheet Filed
1654,FIR/2022/001654,10,33,5,100383,510474,508143,2025-08-22,Knife,Motorcycle,12.951961,77.58479,High,Social Engineering,Charge Sheet Filed
1655,FIR/2026/001655,9,31,6,100536,513142,510279,2025-03-24,Stick,Truck,13.017044,77.604911,High,Fake Identity,Closed
1656,FIR/2026/001656,1,2,20,101544,509922,502075,2025-03-06,Iron Rod,Van,12.895167,74.86177,Medium,Forced Entry,Under Investigation
1657,FIR/2024/001657,8,26,17,101382,507460,512223,2025-10-31,Knife,Motorcycle,12.87727,74.828836,High,Poisoning,Charge Sheet Filed
1658,FIR/2024/001658,8,26,9,100769,519713,513866,2025-11-11,Pistol,Truck,12.971464,77.542653,High,Vehicle Lock Break,Under Investigation
1659,FIR/2024/001659,12,39,2,100151,512315,513933,2025-08-28,Hands,Truck,12.972612,77.636778,High,Vehicle Lock Break,Closed
1660,FIR/2026/001660,4,12,6,100483,515701,520858,2023-01-13,Crowbar,Van,13.017361,77.594345,Low,Vehicle Lock Break,Charge Sheet Filed
1661,FIR/2025/001661,6,19,18,101425,500664,516052,2022-03-03,Stick,Van,12.968252,74.88312,Low,Poisoning,Under Investigation
1662,FIR/2023/001662,1,2,15,101227,506764,523002,2026-08-02,Crowbar,Motorcycle,12.312579,76.632149,Critical,Knife Attack,Pending Trial
1663,FIR/2023/001663,1,2,6,100469,519834,500639,2026-07-04,Iron Rod,Truck,12.989625,77.574254,Medium,Social Engineering,Pending Trial
1664,FIR/2025/001664,2,5,6,100452,520291,523768,2023-10-27,Knife,Car,12.971177,77.615215,Medium,ATM Skimming,Pending Trial
1665,FIR/2022/001665,7,23,10,100863,505626,508387,2023-07-05,Hands,Car,12.932416,77.584729,High,Firearm,Under Investigation
1666,FIR/2026/001666,9,31,3,100188,508697,514519,2024-07-02,Crowbar,Auto,12.949839,77.573102,High,Knife Attack,Pending Trial
1667,FIR/2023/001667,5,16,8,100690,514465,514440,2022-08-31,Iron Rod,None,12.974872,77.609291,Low,Vehicle Lock Break,Closed
1668,FIR/2025/001668,1,3,2,100137,512766,504969,2026-11-09,Knife,None,12.970582,77.604352,High,Forced Entry,Pending Trial
1669,FIR/2023/001669,2,5,10,100864,507930,501324,2024-09-13,Stick,Auto,12.94964,77.617461,High,Poisoning,Charge Sheet Filed
1670,FIR/2023/001670,11,37,10,100866,513922,523912,2022-05-03,Knife,Truck,12.960231,77.619751,Low,Fake Identity,Charge Sheet Filed
1671,FIR/2022/001671,4,13,16,101282,516155,515340,2024-12-19,Unknown,Van,12.97478,74.90233,Low,ATM Skimming,Charge Sheet Filed
1672,FIR/2026/001672,3,8,16,101288,508903,514433,2026-08-08,Unknown,Auto,12.935184,74.88765,Critical,Poisoning,Pending Trial
1673,FIR/2022/001673,11,37,15,101252,510578,507450,2025-09-27,Unknown,Motorcycle,12.291944,76.626124,Critical,Fake Identity,Under Investigation
1674,FIR/2022/001674,3,8,13,101078,510503,508166,2025-09-05,Iron Rod,Car,12.316456,76.693991,Low,Physical Assault,Closed
1675,FIR/2026/001675,8,27,12,100982,516868,508566,2025-12-10,Unknown,Scooter,12.287877,76.648673,Medium,ATM Skimming,Pending Trial
1676,FIR/2024/001676,5,15,14,101146,506331,520209,2023-04-21,Stick,Scooter,12.253046,76.653543,High,Online Scam,Charge Sheet Filed
1677,FIR/2024/001677,9,30,2,100133,508909,502685,2026-07-01,Unknown,Auto,12.977253,77.590388,Critical,Physical Assault,Charge Sheet Filed
1678,FIR/2022/001678,7,24,3,100235,514474,517823,2026-09-07,Hands,Van,12.968363,77.591581,Critical,Vehicle Lock Break,Closed
1679,FIR/2025/001679,4,12,5,100383,512143,519334,2025-08-07,Hands,Motorcycle,12.928889,77.599289,Critical,Knife Attack,Charge Sheet Filed
1680,FIR/2025/001680,12,38,2,100129,502990,519607,2022-01-03,Stick,None,12.952015,77.589299,High,Fake Identity,Closed
1681,FIR/2023/001681,10,33,7,100598,500056,522721,2024-03-11,Stick,None,12.925834,77.649889,High,Duplicate Key,Closed
1682,FIR/2025/001682,6,18,1,100051,514430,511317,2025-02-24,Pistol,Car,12.995605,77.590254,Medium,Fake Identity,Charge Sheet Filed
1683,FIR/2025/001683,5,17,1,100088,516281,501944,2026-05-25,Stick,Motorcycle,12.967644,77.590001,Low,Fake Identity,Closed
1684,FIR/2023/001684,7,25,17,101370,523779,503771,2023-02-15,Iron Rod,None,12.876642,74.833256,Low,Forced Entry,Closed
1685,FIR/2022/001685,9,29,11,100924,503765,510160,2026-08-28,Iron Rod,Van,12.353673,76.613037,Low,Knife Attack,Under Investigation
1686,FIR/2022/001686,3,10,2,100153,520755,506112,2022-09-13,Crowbar,Auto,12.943333,77.636201,Low,Physical Assault,Closed
1687,FIR/2024/001687,9,29,18,101423,518198,524213,2022-11-01,Iron Rod,Auto,12.953062,74.862004,Low,Knife Attack,Under Investigation
1688,FIR/2026/001688,11,37,17,101374,522858,520548,2025-11-14,Unknown,Van,12.895702,74.83213,Critical,Forced Entry,Closed
1689,FIR/2023/001689,12,38,20,101557,502382,522040,2025-06-10,Unknown,Truck,12.900278,74.888986,Low,Duplicate Key,Closed
1690,FIR/2022/001690,9,29,12,100964,517516,509174,2024-08-27,Pistol,None,12.291798,76.697034,Critical,Poisoning,Closed
1691,FIR/2026/001691,11,36,8,100628,505147,514860,2023-04-19,Hands,Van,12.983455,77.571823,High,ATM Skimming,Charge Sheet Filed
1692,FIR/2024/001692,9,30,8,100678,519965,518308,2026-08-07,Unknown,Car,12.988721,77.594155,High,Forced Entry,Charge Sheet Filed
1693,FIR/2024/001693,6,20,7,100601,524888,523513,2026-05-07,Crowbar,Auto,12.910863,77.610649,High,Duplicate Key,Charge Sheet Filed
1694,FIR/2026/001694,3,9,2,100152,508308,521833,2023-08-22,Pistol,Truck,12.942191,77.632631,Medium,Duplicate Key,Closed
1695,FIR/2023/001695,1,1,1,100087,511421,505396,2024-09-22,Iron Rod,Car,12.985824,77.58391,Medium,Physical Assault,Under Investigation
1696,FIR/2024/001696,7,25,5,100403,504600,512304,2023-02-15,Knife,Motorcycle,12.967795,77.582565,Medium,ATM Skimming,Pending Trial
1697,FIR/2025/001697,8,26,2,100137,517050,511633,2025-08-11,Unknown,Motorcycle,12.930981,77.628876,Low,Poisoning,Pending Trial
1698,FIR/2023/001698,1,3,15,101198,512301,502952,2025-06-08,Unknown,Motorcycle,12.307667,76.609403,Medium,Fake Identity,Under Investigation
1699,FIR/2024/001699,8,26,16,101327,502715,515892,2022-06-17,Pistol,Truck,12.949468,74.848808,Medium,Knife Attack,Pending Trial
1700,FIR/2022/001700,11,36,4,100284,518390,516781,2023-12-12,Iron Rod,None,12.967215,77.620523,Critical,Poisoning,Pending Trial
1701,FIR/2022/001701,5,16,13,101065,505430,512310,2024-06-13,Knife,Truck,12.29254,76.650772,Critical,Physical Assault,Charge Sheet Filed
1702,FIR/2022/001702,7,24,16,101259,513487,515491,2023-12-25,Iron Rod,Motorcycle,12.979228,74.853964,Medium,Online Scam,Under Investigation
1703,FIR/2026/001703,3,9,18,101439,503002,520814,2024-02-01,Pistol,Scooter,12.956234,74.874447,Critical,Firearm,Pending Trial
1704,FIR/2022/001704,7,24,15,101208,524611,502056,2025-06-19,Crowbar,Motorcycle,12.263493,76.637577,High,Forced Entry,Charge Sheet Filed
1705,FIR/2026/001705,11,37,13,101104,502484,521689,2025-07-30,Hands,Motorcycle,12.310641,76.666958,High,Duplicate Key,Under Investigation
1706,FIR/2022/001706,6,18,4,100259,518081,511066,2022-05-10,Unknown,Truck,12.98781,77.622414,High,Online Scam,Charge Sheet Filed
1707,FIR/2025/001707,12,39,8,100646,517457,504667,2024-04-19,Hands,Scooter,12.96943,77.588034,Low,Vehicle Lock Break,Under Investigation
1708,FIR/2024/001708,11,36,3,100250,503404,502483,2024-05-19,Hands,Auto,12.982766,77.587632,Low,Duplicate Key,Under Investigation
1709,FIR/2025/001709,3,8,11,100947,505409,506311,2024-04-16,Iron Rod,None,12.358625,76.63388,Critical,Online Scam,Pending Trial
1710,FIR/2023/001710,1,2,16,101329,514626,524681,2025-03-24,Stick,Motorcycle,12.930868,74.856264,Medium,Firearm,Pending Trial
1711,FIR/2022/001711,8,27,6,100443,511901,522039,2023-11-18,Iron Rod,Motorcycle,12.987984,77.612377,Medium,Poisoning,Pending Trial
1712,FIR/2026/001712,1,2,13,101080,509617,500185,2022-04-08,Stick,Truck,12.32921,76.670494,Low,ATM Skimming,Charge Sheet Filed
1713,FIR/2022/001713,11,36,11,100936,506377,504938,2026-11-11,Unknown,Truck,12.345846,76.587608,High,Forced Entry,Closed
1714,FIR/2025/001714,4,11,1,100095,524448,506130,2023-09-14,Crowbar,None,12.995501,77.56464,Critical,Physical Assault,Pending Trial
1715,FIR/2022/001715,4,12,13,101097,507243,503653,2022-12-28,Pistol,Van,12.30715,76.655519,High,Knife Attack,Pending Trial
1716,FIR/2024/001716,12,38,1,100078,505612,505453,2024-02-11,Crowbar,Auto,13.005967,77.54476,Low,Physical Assault,Closed
1717,FIR/2023/001717,4,12,6,100506,508655,519005,2024-11-13,Iron Rod,Auto,12.993301,77.562055,High,Duplicate Key,Closed
1718,FIR/2025/001718,4,12,1,100079,500707,500975,2026-02-19,Crowbar,Scooter,12.968863,77.575886,High,Poisoning,Closed
1719,FIR/2024/001719,11,35,17,101364,513439,514004,2023-01-02,Crowbar,Truck,12.887859,74.864612,Critical,ATM Skimming,Closed
1720,FIR/2022/001720,2,7,3,100226,522400,505442,2025-09-05,Crowbar,Van,12.9889,77.602253,Critical,Social Engineering,Charge Sheet Filed
1721,FIR/2023/001721,6,19,11,100888,513641,502833,2025-08-26,Crowbar,Truck,12.34447,76.586344,High,ATM Skimming,Closed
1722,FIR/2025/001722,2,5,11,100893,506259,514537,2026-10-30,Stick,Truck,12.314873,76.619719,High,Physical Assault,Under Investigation
1723,FIR/2023/001723,1,4,16,101285,508404,511119,2026-07-02,Hands,Van,12.951313,74.862761,Medium,Forced Entry,Charge Sheet Filed
1724,FIR/2026/001724,1,4,2,100160,511483,509379,2022-12-06,Iron Rod,Van,12.978815,77.613952,Critical,Poisoning,Closed
1725,FIR/2024/001725,8,26,7,100568,508526,501227,2025-07-08,Pistol,Van,12.927271,77.633838,Low,Firearm,Charge Sheet Filed
1726,FIR/2023/001726,8,27,2,100140,510435,518364,2023-05-01,Stick,Car,12.971277,77.623698,Critical,Fake Identity,Under Investigation
1727,FIR/2023/001727,8,26,16,101267,507107,524506,2023-12-22,Iron Rod,Auto,12.950058,74.861563,High,Fake Identity,Closed
1728,FIR/2026/001728,8,26,13,101058,507615,509329,2025-10-06,Iron Rod,Van,12.335732,76.646385,High,Physical Assault,Closed
1729,FIR/2024/001729,6,22,7,100593,502174,509823,2024-10-02,Pistol,None,12.923041,77.605158,High,Duplicate Key,Closed
1730,FIR/2024/001730,11,35,19,101538,501207,501684,2026-12-08,Knife,Scooter,12.955034,74.858151,Critical,ATM Skimming,Charge Sheet Filed
1731,FIR/2025/001731,8,27,20,101607,518182,520390,2025-06-05,Hands,Van,12.92394,74.872421,High,Online Scam,Pending Trial
1732,FIR/2026/001732,6,22,8,100652,501427,508585,2024-07-29,Unknown,Van,13.006228,77.588316,Medium,Physical Assault,Charge Sheet Filed
1733,FIR/2025/001733,6,20,18,101464,507733,517633,2023-04-23,Stick,Truck,12.939494,74.8707,Medium,Knife Attack,Pending Trial
1734,FIR/2026/001734,7,25,9,100760,519390,503177,2024-11-05,Knife,Auto,13.00461,77.544377,Medium,Forced Entry,Pending Trial
1735,FIR/2024/001735,6,18,2,100133,516940,514731,2022-11-03,Pistol,Scooter,12.958788,77.587943,Critical,ATM Skimming,Closed
1736,FIR/2023/001736,11,37,17,101352,501694,506356,2023-04-16,Iron Rod,Van,12.903992,74.837527,Low,Knife Attack,Closed
1737,FIR/2025/001737,9,31,4,100268,507485,509249,2026-11-18,Iron Rod,Scooter,12.962201,77.611253,Critical,Knife Attack,Pending Trial
1738,FIR/2024/001738,12,40,10,100819,521950,518291,2023-04-20,Hands,Van,12.982824,77.561253,Medium,Online Scam,Closed
1739,FIR/2025/001739,1,4,13,101089,504614,511326,2024-11-24,Unknown,Car,12.297036,76.701439,Medium,Firearm,Closed
1740,FIR/2025/001740,1,2,18,101407,520671,511806,2023-08-04,Iron Rod,Truck,12.912634,74.877481,Low,Poisoning,Charge Sheet Filed
1741,FIR/2026/001741,11,35,17,101357,524936,520394,2024-12-19,Stick,Auto,12.901763,74.857425,Critical,Duplicate Key,Pending Trial
1742,FIR/2023/001742,5,17,4,100289,503859,515754,2026-01-06,Crowbar,Truck,12.964655,77.627511,High,Online Scam,Closed
1743,FIR/2026/001743,5,14,12,100990,514024,512065,2026-12-07,Hands,Car,12.342682,76.645415,Critical,Poisoning,Under Investigation
1744,FIR/2025/001744,3,9,12,101030,522711,504782,2023-12-04,Crowbar,Car,12.292407,76.66101,Critical,Duplicate Key,Pending Trial
1745,FIR/2022/001745,5,17,6,100535,515926,522090,2025-03-04,Crowbar,Scooter,13.012805,77.591386,High,Vehicle Lock Break,Charge Sheet Filed
1746,FIR/2025/001746,11,37,3,100179,511466,500203,2022-02-22,Pistol,Scooter,12.980781,77.596681,High,Knife Attack,Charge Sheet Filed
1747,FIR/2024/001747,7,24,17,101372,516938,512195,2026-06-27,Iron Rod,Scooter,12.910763,74.82224,High,Forced Entry,Pending Trial
1748,FIR/2024/001748,6,20,7,100579,521843,516979,2023-01-31,Crowbar,Car,12.919274,77.646621,Critical,Forced Entry,Pending Trial
1749,FIR/2025/001749,2,5,5,100377,502314,523767,2025-12-25,Hands,None,12.910119,77.558447,High,Duplicate Key,Under Investigation
1750,FIR/2026/001750,12,38,3,100200,514037,504634,2026-02-23,Crowbar,Motorcycle,12.999821,77.619512,Low,ATM Skimming,Closed
1751,FIR/2024/001751,8,26,17,101364,514856,515735,2025-11-12,Pistol,None,12.905691,74.855563,High,Duplicate Key,Charge Sheet Filed
1752,FIR/2023/001752,10,32,19,101469,506775,508522,2025-05-17,Iron Rod,Auto,12.946305,74.849276,Low,Forced Entry,Charge Sheet Filed
1753,FIR/2023/001753,12,40,13,101057,523921,518844,2024-11-06,Crowbar,Truck,12.316332,76.6876,High,ATM Skimming,Under Investigation
1754,FIR/2025/001754,10,34,7,100594,516782,502611,2022-07-04,Iron Rod,None,12.94846,77.632169,High,Duplicate Key,Charge Sheet Filed
1755,FIR/2024/001755,10,33,3,100176,508093,512248,2022-01-11,Iron Rod,Car,12.946847,77.590444,High,Poisoning,Under Investigation
1756,FIR/2022/001756,8,26,12,100993,516967,518702,2023-11-23,Knife,None,12.302821,76.65297,Low,ATM Skimming,Charge Sheet Filed
1757,FIR/2022/001757,5,15,5,100349,506851,522350,2026-02-10,Hands,None,12.941861,77.575723,High,Vehicle Lock Break,Closed
1758,FIR/2024/001758,8,27,16,101278,519305,502854,2022-05-06,Iron Rod,Scooter,12.949226,74.89009,High,Poisoning,Charge Sheet Filed
1759,FIR/2022/001759,6,22,1,100036,504774,501938,2022-06-11,Iron Rod,Auto,12.994604,77.575148,Medium,Forced Entry,Charge Sheet Filed
1760,FIR/2022/001760,8,28,15,101214,522033,512288,2025-12-03,Iron Rod,Car,12.279845,76.609137,Medium,Social Engineering,Charge Sheet Filed
1761,FIR/2026/001761,4,11,2,100131,507634,522703,2022-05-15,Iron Rod,Motorcycle,12.98331,77.62088,Medium,Firearm,Closed
1762,FIR/2026/001762,1,1,1,100069,514429,505126,2023-06-26,Unknown,None,12.948061,77.591436,Medium,Social Engineering,Charge Sheet Filed
1763,FIR/2024/001763,8,28,5,100345,503873,512664,2023-04-04,Hands,Motorcycle,12.962422,77.584832,Critical,Knife Attack,Under Investigation
1764,FIR/2024/001764,10,33,13,101094,513212,503324,2024-07-27,Knife,Motorcycle,12.294395,76.654074,Medium,ATM Skimming,Pending Trial
1765,FIR/2022/001765,6,22,2,100108,524099,509181,2026-07-11,Pistol,Scooter,12.940581,77.623227,High,Knife Attack,Pending Trial
1766,FIR/2026/001766,4,12,9,100742,511235,518408,2026-11-13,Pistol,Scooter,12.986717,77.553042,High,Fake Identity,Pending Trial
1767,FIR/2022/001767,10,33,14,101152,512327,516353,2026-06-14,Knife,Van,12.273061,76.669048,Low,ATM Skimming,Charge Sheet Filed
1768,FIR/2025/001768,9,30,11,100889,517137,509357,2026-05-22,Crowbar,Truck,12.323134,76.604517,Critical,ATM Skimming,Under Investigation
1769,FIR/2026/001769,5,16,13,101070,514511,501183,2025-03-24,Pistol,Motorcycle,12.329577,76.654763,Critical,Social Engineering,Charge Sheet Filed
1770,FIR/2025/001770,4,11,10,100788,503679,502045,2025-04-04,Iron Rod,Truck,12.977601,77.601335,High,Forced Entry,Closed
1771,FIR/2023/001771,5,17,18,101430,517311,504798,2026-08-14,Iron Rod,Car,12.950931,74.883206,High,Duplicate Key,Closed
1772,FIR/2026/001772,3,9,17,101362,518600,507048,2022-11-23,Pistol,Motorcycle,12.880723,74.844061,High,Fake Identity,Pending Trial
1773,FIR/2023/001773,2,6,20,101545,521032,511138,2025-04-16,Stick,Scooter,12.945666,74.877209,High,Physical Assault,Pending Trial
1774,FIR/2022/001774,6,18,6,100467,523795,501048,2024-12-27,Pistol,Motorcycle,12.977728,77.601235,Low,Firearm,Under Investigation
1775,FIR/2025/001775,5,16,13,101080,501487,521758,2024-05-27,Knife,Van,12.329575,76.700098,Critical,ATM Skimming,Charge Sheet Filed
1776,FIR/2026/001776,3,8,5,100423,522436,502450,2026-03-30,Pistol,Truck,12.951989,77.551997,High,ATM Skimming,Charge Sheet Filed
1777,FIR/2024/001777,6,22,13,101118,510866,500968,2026-12-17,Pistol,None,12.324287,76.660169,Low,Fake Identity,Closed
1778,FIR/2024/001778,1,4,7,100551,502430,519846,2022-01-30,Unknown,Van,12.945512,77.648774,Low,Knife Attack,Closed
1779,FIR/2022/001779,1,1,19,101524,519705,501312,2022-06-06,Pistol,Truck,12.957234,74.828083,Critical,Forced Entry,Charge Sheet Filed
1780,FIR/2022/001780,10,33,9,100722,519307,508506,2024-11-06,Crowbar,Truck,12.981023,77.549631,Low,Physical Assault,Pending Trial
1781,FIR/2023/001781,10,34,18,101452,508851,505119,2026-10-12,Iron Rod,Motorcycle,12.965042,74.882697,Low,Online Scam,Pending Trial
1782,FIR/2023/001782,8,26,5,100390,505505,502291,2024-05-30,Pistol,Car,12.948312,77.551621,Critical,Duplicate Key,Pending Trial
1783,FIR/2023/001783,12,39,8,100692,523146,514054,2023-09-25,Iron Rod,Van,13.014476,77.623496,Medium,Firearm,Under Investigation
1784,FIR/2023/001784,10,33,19,101504,506831,519117,2024-09-08,Iron Rod,Truck,12.958325,74.815553,Medium,Knife Attack,Charge Sheet Filed
1785,FIR/2026/001785,6,20,10,100827,510043,521582,2024-03-23,Stick,Motorcycle,12.946151,77.611702,Critical,Physical Assault,Charge Sheet Filed
1786,FIR/2023/001786,3,9,15,101248,513038,503332,2025-03-22,Pistol,Scooter,12.297038,76.596635,Critical,Fake Identity,Closed
1787,FIR/2023/001787,6,21,1,100049,514887,515652,2023-12-22,Crowbar,Motorcycle,12.997758,77.560803,High,Firearm,Closed
1788,FIR/2024/001788,6,22,14,101154,520491,503507,2022-07-07,Crowbar,None,12.263466,76.646293,High,Poisoning,Charge Sheet Filed
1789,FIR/2022/001789,3,10,14,101147,511119,505984,2026-06-01,Crowbar,Auto,12.283604,76.658994,High,Physical Assault,Under Investigation
1790,FIR/2023/001790,6,21,12,101003,513474,522876,2023-10-24,Hands,Scooter,12.310917,76.698372,High,ATM Skimming,Under Investigation
1791,FIR/2024/001791,2,7,19,101467,523076,503768,2025-08-03,Stick,Auto,12.90759,74.81945,Medium,Fake Identity,Charge Sheet Filed
1792,FIR/2023/001792,12,38,5,100355,514240,521422,2022-04-11,Hands,Auto,12.929201,77.563496,Critical,ATM Skimming,Closed
1793,FIR/2022/001793,2,7,9,100743,507704,514765,2022-08-17,Pistol,Motorcycle,13.002203,77.582648,Low,Duplicate Key,Charge Sheet Filed
1794,FIR/2023/001794,6,21,17,101374,513114,516959,2026-07-18,Crowbar,Auto,12.881595,74.828283,Medium,ATM Skimming,Pending Trial
1795,FIR/2025/001795,4,12,17,101393,515590,524931,2022-08-30,Stick,Van,12.934926,74.8623,High,Social Engineering,Pending Trial
1796,FIR/2026/001796,2,7,19,101523,519940,502733,2022-04-14,Stick,Van,12.909037,74.839847,Medium,Online Scam,Under Investigation
1797,FIR/2023/001797,1,3,19,101513,517327,515280,2023-12-15,Stick,Car,12.950284,74.835252,Low,Online Scam,Pending Trial
1798,FIR/2023/001798,4,12,5,100355,509060,522656,2023-09-25,Stick,Car,12.937028,77.556512,Critical,Firearm,Closed
1799,FIR/2022/001799,7,24,8,100660,506350,518637,2024-10-27,Crowbar,Van,12.957188,77.582559,Low,Poisoning,Under Investigation
1800,FIR/2025/001800,11,35,18,101428,516000,514710,2026-09-11,Crowbar,Car,12.936141,74.868304,Medium,Knife Attack,Pending Trial
1801,FIR/2024/001801,5,17,8,100685,501347,518289,2023-04-12,Pistol,Truck,12.977793,77.603089,Medium,Firearm,Under Investigation
1802,FIR/2022/001802,6,20,12,100999,524540,510234,2024-03-05,Iron Rod,Truck,12.284675,76.658024,High,Physical Assault,Pending Trial
1803,FIR/2024/001803,4,11,13,101091,516615,511640,2025-11-21,Pistol,Scooter,12.313849,76.685524,Low,Firearm,Charge Sheet Filed
1804,FIR/2023/001804,9,30,10,100786,514298,506866,2022-06-17,Hands,None,12.93836,77.592861,Critical,Fake Identity,Under Investigation
1805,FIR/2025/001805,7,23,19,101520,514850,509291,2026-04-30,Pistol,Van,12.920773,74.813713,Medium,Duplicate Key,Closed
1806,FIR/2023/001806,1,4,17,101381,515529,514468,2025-10-16,Unknown,Van,12.886238,74.861413,Medium,Forced Entry,Pending Trial
1807,FIR/2025/001807,1,1,13,101089,501484,512562,2022-01-24,Hands,Auto,12.327317,76.663555,High,Vehicle Lock Break,Closed
1808,FIR/2026/001808,3,8,12,101026,507337,520625,2022-05-24,Hands,Car,12.337042,76.67353,Critical,Social Engineering,Charge Sheet Filed
1809,FIR/2025/001809,10,33,2,100148,524846,524113,2022-06-15,Crowbar,None,12.926537,77.620248,High,Vehicle Lock Break,Under Investigation
1810,FIR/2023/001810,2,5,19,101491,515561,509309,2022-03-25,Crowbar,Truck,12.935737,74.853198,High,Fake Identity,Charge Sheet Filed
1811,FIR/2024/001811,11,35,6,100471,500225,506890,2025-09-30,Iron Rod,Scooter,13.011689,77.613079,Low,Physical Assault,Closed
1812,FIR/2025/001812,1,2,3,100176,519047,504419,2022-10-06,Stick,Van,13.002855,77.627367,Medium,Forced Entry,Pending Trial
1813,FIR/2022/001813,12,39,19,101526,504890,515207,2024-05-02,Unknown,Van,12.954374,74.818437,High,Fake Identity,Closed
1814,FIR/2023/001814,5,17,3,100243,503738,523694,2026-03-11,Knife,None,12.973856,77.575118,Low,Firearm,Pending Trial
1815,FIR/2025/001815,12,39,12,101001,506724,508236,2026-01-13,Iron Rod,Truck,12.286366,76.68284,High,Poisoning,Closed
1816,FIR/2025/001816,6,19,7,100576,521069,523822,2024-03-16,Pistol,Motorcycle,12.961981,77.640233,Medium,Vehicle Lock Break,Under Investigation
1817,FIR/2026/001817,10,34,20,101599,504589,510680,2025-12-30,Unknown,Truck,12.908426,74.879885,Medium,Duplicate Key,Charge Sheet Filed
1818,FIR/2024/001818,2,6,19,101475,502144,506512,2024-04-23,Stick,Truck,12.910482,74.842966,Critical,ATM Skimming,Under Investigation
1819,FIR/2022/001819,8,27,6,100473,510945,519731,2022-08-24,Pistol,Scooter,12.989188,77.578924,Low,Poisoning,Charge Sheet Filed
1820,FIR/2022/001820,8,27,1,100042,522254,513779,2025-01-18,Stick,Car,12.977857,77.566366,Critical,Duplicate Key,Closed
1821,FIR/2025/001821,3,9,12,101007,521008,513283,2026-01-27,Crowbar,Auto,12.302364,76.689257,Medium,Online Scam,Under Investigation
1822,FIR/2023/001822,1,1,14,101127,516938,519443,2023-05-08,Iron Rod,Auto,12.284841,76.67922,Critical,Poisoning,Charge Sheet Filed
1823,FIR/2026/001823,11,37,4,100311,507957,501520,2024-01-30,Knife,Scooter,12.960215,77.597526,Critical,Poisoning,Charge Sheet Filed
1824,FIR/2022/001824,6,20,19,101508,524062,524923,2023-02-07,Unknown,Auto,12.905596,74.837283,Critical,Online Scam,Under Investigation
1825,FIR/2026/001825,5,16,13,101059,503448,507383,2022-12-13,Iron Rod,Car,12.295553,76.664589,High,Fake Identity,Under Investigation
1826,FIR/2025/001826,5,14,11,100910,518845,518451,2023-11-24,Hands,Van,12.341295,76.585483,Medium,Knife Attack,Charge Sheet Filed
1827,FIR/2025/001827,5,15,6,100435,500008,510675,2023-11-24,Pistol,Truck,13.017554,77.591814,Medium,ATM Skimming,Under Investigation
1828,FIR/2024/001828,9,30,12,101004,521788,507831,2022-02-11,Iron Rod,Scooter,12.303067,76.695608,High,Vehicle Lock Break,Under Investigation
1829,FIR/2024/001829,2,6,16,101330,502552,514223,2025-02-13,Knife,Auto,12.946768,74.90216,Critical,Vehicle Lock Break,Closed
1830,FIR/2022/001830,1,1,1,100002,509661,522424,2025-12-19,Unknown,Truck,12.979912,77.586424,High,ATM Skimming,Under Investigation
1831,FIR/2026/001831,8,28,16,101314,507799,504033,2025-05-27,Pistol,Auto,12.936327,74.851363,Low,Forced Entry,Charge Sheet Filed
1832,FIR/2022/001832,5,16,13,101095,500011,510403,2026-10-12,Knife,Auto,12.305152,76.693015,Medium,Fake Identity,Closed
1833,FIR/2026/001833,3,8,12,101022,501369,512564,2023-02-07,Pistol,Van,12.332008,76.674693,High,Forced Entry,Under Investigation
1834,FIR/2022/001834,2,5,15,101237,501870,508772,2026-08-01,Hands,Scooter,12.283226,76.594553,High,ATM Skimming,Pending Trial
1835,FIR/2024/001835,7,23,17,101383,515779,510442,2024-01-07,Iron Rod,Scooter,12.914315,74.837296,Low,Fake Identity,Closed
1836,FIR/2025/001836,6,18,1,100048,511342,523457,2025-12-08,Iron Rod,Van,12.987338,77.556777,Medium,Vehicle Lock Break,Pending Trial
1837,FIR/2022/001837,12,40,20,101567,522184,515932,2022-11-24,Pistol,Motorcycle,12.927252,74.871755,Low,Forced Entry,Closed
1838,FIR/2023/001838,10,33,17,101367,515664,504819,2022-09-26,Stick,Motorcycle,12.88394,74.88048,Critical,Firearm,Closed
1839,FIR/2024/001839,7,24,13,101092,508051,524339,2026-10-03,Unknown,Truck,12.289082,76.700101,Low,Knife Attack,Charge Sheet Filed
1840,FIR/2022/001840,6,21,7,100571,502357,513360,2026-07-13,Iron Rod,None,12.912593,77.65555,Critical,Firearm,Under Investigation
1841,FIR/2022/001841,9,29,6,100448,514107,511296,2024-07-20,Iron Rod,None,13.016067,77.59912,Critical,Poisoning,Pending Trial
1842,FIR/2025/001842,8,26,12,101032,516057,512192,2025-04-27,Stick,Motorcycle,12.329889,76.661506,Medium,ATM Skimming,Closed
1843,FIR/2022/001843,12,38,5,100384,520144,519792,2023-08-05,Crowbar,Van,12.926516,77.54393,High,Vehicle Lock Break,Under Investigation
1844,FIR/2025/001844,11,35,17,101402,521937,504453,2023-07-05,Iron Rod,None,12.910237,74.855989,High,ATM Skimming,Charge Sheet Filed
1845,FIR/2024/001845,6,21,11,100963,516702,501471,2025-08-04,Crowbar,Car,12.326328,76.599692,Critical,Online Scam,Under Investigation
1846,FIR/2024/001846,6,18,1,100004,503805,501522,2025-05-01,Pistol,Motorcycle,12.95738,77.543139,Critical,Fake Identity,Charge Sheet Filed
1847,FIR/2024/001847,12,39,12,101031,504803,520330,2026-07-15,Iron Rod,Truck,12.335001,76.648758,Low,Fake Identity,Charge Sheet Filed
1848,FIR/2025/001848,3,8,5,100352,508967,512631,2024-07-09,Unknown,Scooter,12.915566,77.596553,Low,Poisoning,Under Investigation
1849,FIR/2022/001849,6,19,14,101170,500725,510952,2025-05-24,Pistol,Car,12.271463,76.685872,Low,Firearm,Pending Trial
1850,FIR/2026/001850,5,16,7,100561,510608,521824,2023-11-13,Pistol,Scooter,12.934884,77.63842,High,Vehicle Lock Break,Pending Trial
1851,FIR/2024/001851,8,27,16,101302,509296,521302,2022-03-12,Stick,None,12.9521,74.900409,Critical,Poisoning,Under Investigation
1852,FIR/2023/001852,2,6,3,100195,517109,518392,2025-11-05,Unknown,Van,12.951857,77.579172,Critical,ATM Skimming,Pending Trial
1853,FIR/2022/001853,1,4,17,101355,521775,511695,2026-02-15,Pistol,Auto,12.902926,74.855666,Low,Forced Entry,Pending Trial
1854,FIR/2024/001854,5,14,5,100368,524566,505085,2024-10-16,Stick,Motorcycle,12.954159,77.597765,Critical,Vehicle Lock Break,Pending Trial
1855,FIR/2022/001855,12,38,17,101362,511317,517226,2022-06-12,Pistol,None,12.91572,74.834475,High,Firearm,Charge Sheet Filed
1856,FIR/2026/001856,2,5,13,101087,516503,514587,2026-06-19,Unknown,None,12.313147,76.65521,Low,Fake Identity,Under Investigation
1857,FIR/2026/001857,10,32,5,100368,508860,519313,2025-10-27,Stick,Truck,12.931649,77.593837,Critical,Duplicate Key,Under Investigation
1858,FIR/2023/001858,2,6,13,101094,501603,512929,2026-03-03,Hands,Truck,12.283756,76.653682,High,Duplicate Key,Closed
1859,FIR/2022/001859,3,10,19,101540,504649,507550,2026-07-03,Knife,None,12.957814,74.821049,Critical,Firearm,Under Investigation
1860,FIR/2022/001860,7,25,19,101524,523913,519446,2024-07-10,Stick,Truck,12.918625,74.8208,Low,Physical Assault,Under Investigation
1861,FIR/2023/001861,7,23,18,101440,501184,506381,2024-04-20,Unknown,Auto,12.955605,74.849868,Critical,Physical Assault,Pending Trial
1862,FIR/2026/001862,4,13,12,101044,500021,522777,2025-06-28,Crowbar,Scooter,12.318264,76.660884,High,Fake Identity,Under Investigation
1863,FIR/2022/001863,5,14,2,100097,515100,517172,2024-10-16,Stick,None,12.925674,77.611242,Medium,Duplicate Key,Under Investigation
1864,FIR/2025/001864,1,1,13,101111,516555,514235,2024-11-29,Pistol,Truck,12.318877,76.647536,Medium,Social Engineering,Closed
1865,FIR/2022/001865,5,17,16,101314,511577,513203,2026-08-22,Pistol,Motorcycle,12.944213,74.883258,Low,Knife Attack,Pending Trial
1866,FIR/2024/001866,11,37,16,101336,513674,519673,2024-09-25,Iron Rod,Auto,12.957004,74.864447,Critical,Poisoning,Under Investigation
1867,FIR/2022/001867,1,4,5,100400,518286,514931,2026-01-09,Pistol,Car,12.940103,77.584248,High,Physical Assault,Closed
1868,FIR/2024/001868,5,15,18,101437,508591,515427,2022-05-15,Iron Rod,Car,12.954355,74.836298,Low,Vehicle Lock Break,Under Investigation
1869,FIR/2025/001869,6,22,4,100307,519814,519546,2022-04-15,Pistol,Car,12.998189,77.625492,Low,Social Engineering,Under Investigation
1870,FIR/2025/001870,6,19,15,101210,520194,518576,2025-11-16,Unknown,None,12.276211,76.639036,Critical,Poisoning,Pending Trial
1871,FIR/2026/001871,6,20,3,100240,501699,524577,2023-06-11,Unknown,Car,12.992034,77.58378,Low,Firearm,Under Investigation
1872,FIR/2022/001872,2,5,20,101555,515770,524199,2023-06-02,Iron Rod,Scooter,12.90307,74.858125,Low,Social Engineering,Pending Trial
1873,FIR/2025/001873,8,26,18,101447,505139,511287,2026-04-08,Stick,None,12.93176,74.884951,Critical,Physical Assault,Pending Trial
1874,FIR/2025/001874,3,10,18,101416,506573,511150,2024-03-03,Unknown,None,12.939979,74.89029,High,Fake Identity,Pending Trial
1875,FIR/2024/001875,10,34,12,100988,522189,515744,2022-06-02,Crowbar,Motorcycle,12.342442,76.687699,High,Fake Identity,Charge Sheet Filed
1876,FIR/2025/001876,6,22,1,100077,513805,506095,2024-04-21,Unknown,Motorcycle,12.96164,77.535126,Low,Duplicate Key,Closed
1877,FIR/2026/001877,2,6,5,100355,505060,515757,2025-06-18,Iron Rod,Scooter,12.954078,77.5588,Medium,Firearm,Under Investigation
1878,FIR/2024/001878,8,28,17,101404,502803,522211,2024-12-23,Iron Rod,Truck,12.897511,74.866903,Critical,Social Engineering,Closed
1879,FIR/2026/001879,8,27,1,100026,516359,503823,2024-12-25,Unknown,Car,12.984314,77.554417,Low,Social Engineering,Under Investigation
1880,FIR/2024/001880,7,25,10,100854,500581,517745,2025-04-13,Unknown,Car,12.969853,77.578565,High,Firearm,Under Investigation
1881,FIR/2025/001881,2,5,3,100182,520608,510914,2022-07-27,Unknown,Van,12.975271,77.588667,High,Physical Assault,Under Investigation
1882,FIR/2024/001882,12,38,9,100722,519170,503464,2023-05-30,Hands,Scooter,12.98955,77.575173,Low,Physical Assault,Under Investigation
1883,FIR/2024/001883,6,22,17,101365,501176,511885,2025-12-23,Knife,Scooter,12.89877,74.847587,High,Firearm,Pending Trial
1884,FIR/2024/001884,1,1,15,101227,512971,513122,2024-02-09,Pistol,Car,12.264042,76.600554,High,Social Engineering,Charge Sheet Filed
1885,FIR/2025/001885,12,39,9,100746,508720,511563,2026-09-03,Stick,Auto,12.980934,77.585874,Critical,Fake Identity,Pending Trial
1886,FIR/2024/001886,10,32,10,100781,514522,504752,2025-03-31,Pistol,Motorcycle,12.954118,77.570773,Critical,Duplicate Key,Under Investigation
1887,FIR/2025/001887,11,35,3,100248,508848,517971,2023-03-14,Stick,Scooter,12.989914,77.624957,Medium,Fake Identity,Under Investigation
1888,FIR/2024/001888,10,32,9,100720,504154,519702,2025-05-05,Crowbar,Van,12.974188,77.570525,Critical,ATM Skimming,Pending Trial
1889,FIR/2024/001889,6,20,11,100926,513496,500336,2024-10-04,Knife,Motorcycle,12.340069,76.609925,High,Physical Assault,Pending Trial
1890,FIR/2025/001890,3,8,10,100836,506058,505659,2022-12-13,Hands,Auto,12.961739,77.581285,Critical,ATM Skimming,Charge Sheet Filed
1891,FIR/2026/001891,3,9,1,100078,516874,509543,2025-09-20,Crowbar,Auto,12.952449,77.55683,Low,ATM Skimming,Under Investigation
1892,FIR/2023/001892,6,20,5,100368,502215,504478,2026-06-04,Knife,Truck,12.929276,77.572123,Low,Forced Entry,Under Investigation
1893,FIR/2024/001893,4,12,20,101604,511518,503505,2024-03-03,Knife,Scooter,12.936583,74.840859,High,Firearm,Closed
1894,FIR/2022/001894,10,32,9,100767,518064,522260,2024-04-28,Stick,None,12.9678,77.576918,Critical,Social Engineering,Under Investigation
1895,FIR/2025/001895,6,20,3,100239,504415,516302,2024-05-06,Pistol,Truck,12.979649,77.623535,Critical,Vehicle Lock Break,Under Investigation
1896,FIR/2025/001896,5,16,7,100571,503809,508984,2022-01-05,Crowbar,None,12.952963,77.655456,High,Fake Identity,Pending Trial
1897,FIR/2025/001897,2,7,14,101130,523700,502816,2023-04-19,Pistol,Truck,12.30752,76.685558,High,Forced Entry,Pending Trial
1898,FIR/2026/001898,6,20,5,100341,517408,524771,2024-02-20,Pistol,Truck,12.968912,77.544168,Low,Forced Entry,Under Investigation
1899,FIR/2022/001899,5,14,14,101152,509148,510695,2022-04-15,Hands,Scooter,12.289776,76.689766,Critical,Knife Attack,Closed
1900,FIR/2022/001900,5,15,17,101377,518531,516413,2025-03-27,Pistol,None,12.9252,74.833398,Critical,Poisoning,Pending Trial
1901,FIR/2023/001901,2,7,9,100756,513639,518647,2026-03-14,Crowbar,Motorcycle,13.000702,77.592099,Medium,Online Scam,Closed
1902,FIR/2022/001902,10,33,20,101592,512799,510839,2022-04-01,Knife,Motorcycle,12.894235,74.841441,High,Fake Identity,Under Investigation
1903,FIR/2022/001903,5,16,1,100079,513503,500971,2025-10-26,Crowbar,Car,12.959636,77.540008,Critical,Poisoning,Closed
1904,FIR/2025/001904,8,27,8,100646,515142,521158,2026-08-08,Knife,None,12.999613,77.610276,Medium,Knife Attack,Charge Sheet Filed
1905,FIR/2023/001905,8,27,4,100319,506238,517391,2022-11-23,Hands,None,12.994102,77.610483,Critical,Duplicate Key,Charge Sheet Filed
1906,FIR/2022/001906,1,1,19,101491,501123,503233,2024-10-30,Hands,Motorcycle,12.906962,74.837074,Low,Firearm,Pending Trial
1907,FIR/2022/001907,2,5,4,100327,518308,515894,2025-04-24,Unknown,Truck,12.974473,77.600884,High,Vehicle Lock Break,Under Investigation
1908,FIR/2023/001908,9,29,13,101102,519727,501183,2022-03-15,Crowbar,Motorcycle,12.288645,76.66149,High,Social Engineering,Charge Sheet Filed
1909,FIR/2023/001909,7,25,1,100070,500439,522139,2023-08-15,Hands,Motorcycle,12.994991,77.574662,Critical,Fake Identity,Closed
1910,FIR/2025/001910,4,11,3,100179,518112,502942,2023-03-03,Pistol,Van,12.949066,77.606688,Critical,Vehicle Lock Break,Pending Trial
1911,FIR/2023/001911,12,40,7,100597,513871,512160,2023-12-19,Stick,Van,12.934443,77.629913,High,Firearm,Closed
1912,FIR/2024/001912,9,31,7,100557,500687,504122,2024-10-18,Unknown,Van,12.93368,77.614903,Medium,ATM Skimming,Pending Trial
1913,FIR/2025/001913,8,27,17,101348,521493,523760,2024-10-18,Hands,Van,12.896363,74.852439,Low,Forced Entry,Closed
1914,FIR/2023/001914,3,9,14,101134,510682,501588,2024-04-16,Pistol,Van,12.266684,76.682055,Medium,Fake Identity,Closed
1915,FIR/2022/001915,12,39,2,100112,515679,511192,2023-07-20,Crowbar,Car,12.960243,77.608367,High,Duplicate Key,Charge Sheet Filed
1916,FIR/2026/001916,11,36,6,100502,515748,508565,2022-11-13,Unknown,Car,12.96711,77.576312,High,Fake Identity,Charge Sheet Filed
1917,FIR/2026/001917,12,40,6,100503,514171,509866,2025-03-24,Iron Rod,Scooter,12.975296,77.60472,Medium,Poisoning,Closed
1918,FIR/2023/001918,8,27,3,100216,524241,504937,2023-07-17,Hands,None,12.972031,77.620173,Critical,Physical Assault,Pending Trial
1919,FIR/2025/001919,8,28,19,101529,508125,509480,2026-10-05,Pistol,Van,12.932474,74.812784,Critical,Vehicle Lock Break,Pending Trial
1920,FIR/2025/001920,10,33,9,100721,500454,518519,2024-03-27,Crowbar,Van,12.968902,77.552885,Low,Poisoning,Charge Sheet Filed
1921,FIR/2024/001921,12,40,16,101263,503272,507060,2022-09-07,Knife,Scooter,12.946504,74.898479,High,Social Engineering,Pending Trial
1922,FIR/2022/001922,10,34,2,100118,504029,513706,2023-07-27,Iron Rod,Auto,12.961693,77.61529,High,Forced Entry,Pending Trial
1923,FIR/2026/001923,11,35,5,100380,513604,506834,2022-09-26,Stick,Auto,12.950477,77.562897,Low,Firearm,Pending Trial
1924,FIR/2024/001924,11,37,1,100072,507795,523058,2022-03-20,Stick,Car,12.978903,77.561359,Medium,Knife Attack,Closed
1925,FIR/2024/001925,11,36,7,100557,503574,505153,2022-06-23,Pistol,Van,12.942857,77.634527,Critical,Poisoning,Under Investigation
1926,FIR/2026/001926,9,29,16,101309,511910,501188,2024-07-19,Iron Rod,Truck,12.936546,74.879609,Critical,Physical Assault,Under Investigation
1927,FIR/2023/001927,8,26,17,101395,501972,520350,2025-04-21,Stick,Motorcycle,12.934277,74.877204,Medium,Forced Entry,Closed
1928,FIR/2026/001928,3,9,18,101436,516593,520695,2023-03-10,Stick,Scooter,12.925347,74.866869,Medium,Physical Assault,Under Investigation
1929,FIR/2023/001929,6,18,6,100457,513903,514519,2025-05-27,Crowbar,Van,13.001794,77.577382,Critical,Social Engineering,Charge Sheet Filed
1930,FIR/2026/001930,2,6,13,101059,521995,520454,2023-04-28,Unknown,Auto,12.32688,76.694282,Medium,Forced Entry,Under Investigation
1931,FIR/2022/001931,4,13,15,101206,514166,500435,2023-09-28,Stick,Scooter,12.285894,76.64064,Medium,Forced Entry,Pending Trial
1932,FIR/2022/001932,4,13,2,100122,517890,522394,2026-05-09,Unknown,Scooter,12.96891,77.609981,Medium,Duplicate Key,Under Investigation
1933,FIR/2022/001933,6,19,9,100734,503603,523422,2024-01-19,Pistol,Van,12.978104,77.574169,Low,Physical Assault,Closed
1934,FIR/2025/001934,9,29,10,100848,509802,511722,2026-06-07,Knife,Car,12.942225,77.566122,Critical,Poisoning,Pending Trial
1935,FIR/2022/001935,3,10,9,100724,520543,522481,2026-08-04,Unknown,Scooter,12.974072,77.57142,Low,Poisoning,Charge Sheet Filed
1936,FIR/2023/001936,7,23,8,100630,509419,522285,2024-05-23,Crowbar,Motorcycle,13.005901,77.586971,Low,Social Engineering,Closed
1937,FIR/2023/001937,1,1,13,101114,515190,508318,2022-03-14,Stick,Motorcycle,12.281491,76.67093,Medium,ATM Skimming,Pending Trial
1938,FIR/2022/001938,4,12,15,101214,512250,516515,2024-11-04,Iron Rod,Truck,12.261844,76.611323,Critical,Duplicate Key,Closed
1939,FIR/2024/001939,11,37,12,101056,517491,520768,2026-12-17,Unknown,Motorcycle,12.340496,76.642775,High,ATM Skimming,Closed
1940,FIR/2023/001940,5,17,1,100025,523847,516407,2024-04-09,Knife,Car,12.966094,77.580741,High,Knife Attack,Charge Sheet Filed
1941,FIR/2026/001941,2,6,13,101065,519533,515316,2025-07-06,Pistol,Auto,12.281783,76.687475,Critical,Fake Identity,Under Investigation
1942,FIR/2025/001942,1,4,12,100979,521661,515461,2024-02-15,Hands,Car,12.316648,76.677052,Medium,Fake Identity,Pending Trial
1943,FIR/2023/001943,5,15,6,100503,523207,518932,2023-02-07,Iron Rod,Van,12.994326,77.613026,High,Social Engineering,Pending Trial
1944,FIR/2024/001944,8,26,1,100009,516351,505196,2026-10-09,Stick,Auto,12.995904,77.566545,Low,Knife Attack,Pending Trial
1945,FIR/2026/001945,4,11,3,100174,504039,508082,2026-08-29,Crowbar,Car,12.978896,77.627852,Medium,Poisoning,Charge Sheet Filed
1946,FIR/2023/001946,6,19,18,101456,512243,507985,2026-01-28,Crowbar,None,12.926721,74.867557,High,Social Engineering,Charge Sheet Filed
1947,FIR/2024/001947,12,40,19,101530,510063,521599,2024-07-24,Stick,Auto,12.940192,74.832094,Medium,Firearm,Charge Sheet Filed
1948,FIR/2023/001948,8,26,1,100019,521193,520685,2024-08-13,Unknown,None,12.991688,77.56359,Medium,Poisoning,Closed
1949,FIR/2022/001949,6,22,17,101389,502196,509413,2024-06-07,Iron Rod,Scooter,12.926865,74.855684,Low,Knife Attack,Charge Sheet Filed
1950,FIR/2024/001950,6,18,9,100758,509800,500267,2026-01-09,Unknown,Truck,12.995766,77.553617,Low,Physical Assault,Closed
1951,FIR/2022/001951,4,11,12,101015,516027,508867,2026-12-12,Crowbar,Van,12.31098,76.697393,Medium,Vehicle Lock Break,Under Investigation
1952,FIR/2025/001952,8,27,14,101162,501310,519550,2023-05-19,Crowbar,Motorcycle,12.293173,76.687879,Critical,Duplicate Key,Under Investigation
1953,FIR/2022/001953,1,1,13,101094,524760,509219,2025-02-05,Iron Rod,Scooter,12.334468,76.658056,Low,Vehicle Lock Break,Pending Trial
1954,FIR/2023/001954,8,26,9,100713,501691,511160,2022-10-06,Hands,Motorcycle,13.00664,77.57798,High,Social Engineering,Closed
1955,FIR/2023/001955,4,12,14,101153,504556,508198,2026-03-17,Unknown,Car,12.304399,76.649513,Critical,Duplicate Key,Under Investigation
1956,FIR/2023/001956,2,5,2,100152,516331,515860,2026-04-08,Unknown,Van,12.930305,77.611826,High,Online Scam,Charge Sheet Filed
1957,FIR/2023/001957,2,7,4,100267,507674,516218,2022-07-15,Knife,None,12.998537,77.645357,Medium,Poisoning,Pending Trial
1958,FIR/2023/001958,1,1,13,101116,506144,524023,2024-04-21,Knife,Motorcycle,12.316038,76.659818,Critical,Online Scam,Closed
1959,FIR/2024/001959,5,16,18,101413,519519,509978,2023-11-20,Unknown,None,12.953064,74.862105,Medium,ATM Skimming,Charge Sheet Filed
1960,FIR/2026/001960,6,21,9,100751,522264,522775,2026-01-18,Iron Rod,Van,13.008224,77.595145,Medium,ATM Skimming,Pending Trial
1961,FIR/2023/001961,12,40,12,101056,509205,520471,2022-07-01,Knife,Motorcycle,12.307031,76.688913,Critical,Knife Attack,Under Investigation
1962,FIR/2026/001962,6,21,13,101114,524927,524121,2025-07-06,Hands,Car,12.323522,76.679776,High,Fake Identity,Pending Trial
1963,FIR/2024/001963,6,22,8,100661,514271,507300,2025-01-01,Unknown,Scooter,12.997683,77.598406,Low,ATM Skimming,Charge Sheet Filed
1964,FIR/2023/001964,5,14,17,101361,516354,512681,2024-12-30,Stick,Van,12.887335,74.870179,Medium,Social Engineering,Under Investigation
1965,FIR/2026/001965,9,31,10,100872,514144,506584,2026-04-30,Iron Rod,Scooter,12.930491,77.620129,Low,Fake Identity,Under Investigation
1966,FIR/2026/001966,8,27,7,100556,519263,524730,2023-06-20,Iron Rod,Van,12.956349,77.624203,Medium,ATM Skimming,Pending Trial
1967,FIR/2026/001967,9,31,8,100627,506953,506483,2026-11-04,Crowbar,Scooter,12.991874,77.625191,Low,Social Engineering,Pending Trial
1968,FIR/2024/001968,12,38,16,101286,521341,514205,2024-04-08,Iron Rod,Motorcycle,12.935893,74.858801,Low,Fake Identity,Pending Trial
1969,FIR/2022/001969,7,23,11,100921,508163,507309,2026-04-06,Stick,Truck,12.324742,76.615144,Low,Forced Entry,Under Investigation
1970,FIR/2024/001970,4,11,14,101167,505735,521744,2022-04-08,Crowbar,Scooter,12.279843,76.660307,Low,Physical Assault,Charge Sheet Filed
1971,FIR/2025/001971,8,28,16,101326,506085,523172,2024-11-11,Hands,Scooter,12.962259,74.880625,High,Fake Identity,Closed
1972,FIR/2026/001972,6,19,10,100788,510555,521219,2026-12-25,Unknown,Scooter,12.976461,77.609971,Low,ATM Skimming,Under Investigation
1973,FIR/2025/001973,3,10,17,101350,506464,523820,2022-10-08,Hands,Scooter,12.919037,74.879515,Low,Forced Entry,Charge Sheet Filed
1974,FIR/2024/001974,5,17,8,100663,520692,507831,2024-01-15,Knife,None,12.998899,77.589853,Medium,Online Scam,Pending Trial
1975,FIR/2022/001975,4,11,9,100724,504695,510622,2022-07-28,Hands,Scooter,12.990561,77.554502,Critical,Vehicle Lock Break,Under Investigation
1976,FIR/2026/001976,1,2,1,100079,507410,509978,2024-04-03,Crowbar,Car,12.960541,77.574735,High,Forced Entry,Closed
1977,FIR/2023/001977,11,36,13,101112,506072,507858,2026-10-23,Stick,Truck,12.339135,76.68688,Medium,Poisoning,Pending Trial
1978,FIR/2022/001978,9,30,8,100682,507711,510384,2025-08-01,Hands,Motorcycle,12.961065,77.615375,High,Poisoning,Charge Sheet Filed
1979,FIR/2024/001979,8,26,4,100283,507655,509304,2025-05-08,Knife,Auto,12.954879,77.647542,Low,Duplicate Key,Closed
1980,FIR/2024/001980,11,37,10,100875,519923,513352,2025-11-24,Unknown,Scooter,12.961797,77.576758,Low,Social Engineering,Under Investigation
1981,FIR/2025/001981,8,28,3,100217,506322,522990,2024-01-01,Iron Rod,None,12.97586,77.581642,Low,Online Scam,Closed
1982,FIR/2022/001982,5,17,14,101135,502125,518584,2023-11-17,Pistol,Auto,12.282161,76.633718,Medium,Firearm,Under Investigation
1983,FIR/2026/001983,10,32,13,101080,504888,502623,2023-07-19,Crowbar,Van,12.284687,76.652303,Critical,Forced Entry,Charge Sheet Filed
1984,FIR/2025/001984,10,32,11,100921,521966,513553,2026-01-11,Stick,Van,12.339963,76.625758,Low,ATM Skimming,Under Investigation
1985,FIR/2023/001985,7,24,6,100448,517704,523701,2025-01-04,Crowbar,Scooter,13.017703,77.618337,Low,Physical Assault,Closed
1986,FIR/2024/001986,11,37,6,100434,505028,509821,2025-10-11,Crowbar,Motorcycle,13.01809,77.596434,Low,Vehicle Lock Break,Closed
1987,FIR/2024/001987,4,12,3,100244,522202,519349,2026-07-01,Stick,Truck,12.962362,77.61565,High,Physical Assault,Under Investigation
1988,FIR/2026/001988,3,10,12,101023,501665,500655,2026-03-09,Stick,Car,12.290924,76.648435,Low,Physical Assault,Charge Sheet Filed
1989,FIR/2025/001989,10,34,6,100538,513010,514617,2026-04-19,Iron Rod,Van,12.999975,77.562156,Critical,Poisoning,Charge Sheet Filed
1990,FIR/2025/001990,1,3,7,100617,519968,509930,2022-12-10,Crowbar,Auto,12.946265,77.633381,High,ATM Skimming,Charge Sheet Filed
1991,FIR/2022/001991,9,30,11,100915,512253,515386,2026-01-16,Hands,None,12.330406,76.615264,Medium,Physical Assault,Closed
1992,FIR/2026/001992,5,15,20,101600,508107,507878,2025-04-27,Knife,Scooter,12.897842,74.85783,Medium,Vehicle Lock Break,Pending Trial
1993,FIR/2024/001993,7,23,19,101482,501623,515978,2026-04-11,Knife,Motorcycle,12.916294,74.827943,Medium,Vehicle Lock Break,Pending Trial
1994,FIR/2022/001994,5,16,11,100900,510388,508099,2024-04-03,Crowbar,Scooter,12.309194,76.63366,Medium,Knife Attack,Under Investigation
1995,FIR/2026/001995,4,13,3,100208,512185,503373,2025-03-26,Iron Rod,Van,12.999126,77.604867,High,Vehicle Lock Break,Charge Sheet Filed
1996,FIR/2024/001996,2,5,9,100728,518303,507799,2026-05-11,Knife,Motorcycle,12.969205,77.569677,Low,Social Engineering,Charge Sheet Filed
1997,FIR/2022/001997,6,18,7,100603,504093,507215,2022-08-17,Hands,Car,12.950732,77.62961,Critical,Online Scam,Charge Sheet Filed
1998,FIR/2025/001998,1,4,20,101604,509745,508930,2022-04-09,Iron Rod,Auto,12.889611,74.847434,High,Knife Attack,Pending Trial
1999,FIR/2023/001999,5,14,6,100508,502822,500741,2025-03-07,Stick,Truck,12.987827,77.600948,Low,ATM Skimming,Closed
2000,FIR/2024/002000,11,37,18,101450,509234,506736,2026-09-12,Crowbar,Auto,12.917985,74.863051,Low,Poisoning,Charge Sheet Filed
2001,FIR/2022/002001,8,28,13,101107,506794,509200,2026-03-23,Pistol,Car,12.294133,76.651468,High,Knife Attack,Closed
2002,FIR/2022/002002,12,40,20,101599,521473,524446,2025-10-04,Pistol,Auto,12.946789,74.886661,Medium,Poisoning,Pending Trial
2003,FIR/2023/002003,3,8,3,100209,510093,511784,2026-12-19,Knife,Car,12.978603,77.572004,Critical,Social Engineering,Charge Sheet Filed
2004,FIR/2023/002004,12,38,13,101097,504900,520911,2025-03-18,Knife,Motorcycle,12.33268,76.662311,High,Physical Assault,Charge Sheet Filed
2005,FIR/2024/002005,6,22,20,101549,514456,500713,2024-07-23,Crowbar,Truck,12.94467,74.84248,Medium,ATM Skimming,Under Investigation
2006,FIR/2023/002006,9,31,10,100875,503790,511838,2026-11-30,Pistol,Motorcycle,12.961158,77.561724,Medium,ATM Skimming,Closed
2007,FIR/2024/002007,11,37,4,100258,502033,505579,2026-04-01,Pistol,Auto,13.011084,77.642393,High,ATM Skimming,Closed
2008,FIR/2024/002008,6,18,1,100074,523334,501870,2024-06-06,Crowbar,Motorcycle,12.985683,77.583675,Low,Vehicle Lock Break,Under Investigation
2009,FIR/2023/002009,2,7,11,100886,511113,504700,2026-06-24,Pistol,Van,12.359522,76.579965,Medium,Physical Assault,Closed
2010,FIR/2023/002010,9,30,7,100586,512034,506984,2024-02-18,Knife,Van,12.929401,77.596243,Critical,ATM Skimming,Charge Sheet Filed
2011,FIR/2026/002011,6,18,20,101585,505006,515656,2026-12-26,Stick,Car,12.90001,74.873663,Medium,Online Scam,Charge Sheet Filed
2012,FIR/2022/002012,2,6,2,100097,500833,523407,2025-10-01,Pistol,Car,12.963711,77.638463,Medium,Online Scam,Charge Sheet Filed
2013,FIR/2022/002013,5,16,10,100883,522905,510846,2025-03-07,Iron Rod,Scooter,12.967734,77.573366,High,Poisoning,Pending Trial
2014,FIR/2022/002014,9,30,11,100961,524212,521189,2024-09-20,Unknown,Scooter,12.350861,76.632825,Medium,Social Engineering,Pending Trial
2015,FIR/2026/002015,8,27,6,100528,506409,508162,2024-02-10,Stick,None,12.969442,77.607106,High,Online Scam,Under Investigation
2016,FIR/2022/002016,6,21,20,101564,507302,505393,2024-08-07,Hands,Car,12.916402,74.862064,Critical,Fake Identity,Closed
2017,FIR/2026/002017,5,16,14,101142,506641,508601,2022-10-21,Hands,Van,12.250309,76.670456,High,Poisoning,Charge Sheet Filed
2018,FIR/2026/002018,1,4,8,100658,516691,503408,2022-02-13,Iron Rod,Motorcycle,12.997687,77.602104,Medium,Poisoning,Under Investigation
2019,FIR/2024/002019,1,4,18,101459,509781,517784,2025-06-25,Unknown,Auto,12.924885,74.861541,High,ATM Skimming,Charge Sheet Filed
2020,FIR/2026/002020,4,13,1,100041,522145,502281,2022-12-09,Iron Rod,Truck,12.996309,77.536917,High,Knife Attack,Pending Trial
2021,FIR/2023/002021,9,30,11,100954,513344,513911,2025-06-29,Unknown,Van,12.330262,76.636979,High,Knife Attack,Charge Sheet Filed
2022,FIR/2026/002022,6,19,4,100337,518635,501152,2026-08-05,Knife,None,12.958294,77.639857,High,Poisoning,Charge Sheet Filed
2023,FIR/2023/002023,2,7,9,100763,508083,514226,2022-11-18,Knife,Motorcycle,12.994562,77.558111,Low,Duplicate Key,Charge Sheet Filed
2024,FIR/2025/002024,4,12,10,100825,520426,500159,2022-07-14,Hands,Truck,12.931932,77.576563,High,Physical Assault,Closed
2025,FIR/2024/002025,6,21,9,100738,513289,507750,2022-05-14,Stick,Motorcycle,13.002721,77.570715,High,Knife Attack,Closed
2026,FIR/2025/002026,2,5,18,101417,513210,502204,2025-10-31,Knife,Truck,12.918022,74.867446,Critical,Social Engineering,Closed
2027,FIR/2022/002027,1,2,9,100711,500088,501673,2023-09-08,Pistol,None,12.993705,77.590509,High,Poisoning,Pending Trial
2028,FIR/2023/002028,7,23,4,100259,518477,500189,2023-10-20,Unknown,Car,12.991646,77.64211,High,Poisoning,Closed
2029,FIR/2022/002029,5,15,7,100576,513636,511620,2025-02-08,Knife,Van,12.954452,77.614268,Medium,Knife Attack,Pending Trial
2030,FIR/2024/002030,8,27,13,101078,510599,521991,2025-07-26,Knife,Motorcycle,12.326387,76.651723,Medium,Duplicate Key,Closed
2031,FIR/2026/002031,3,9,11,100953,512160,500749,2023-12-13,Stick,Car,12.357356,76.604891,Low,Poisoning,Closed
2032,FIR/2025/002032,10,34,16,101321,501666,520556,2025-11-18,Hands,None,12.967072,74.874483,Medium,Physical Assault,Under Investigation
2033,FIR/2024/002033,5,17,15,101196,505071,500334,2022-08-14,Crowbar,Van,12.279563,76.621848,Low,Online Scam,Under Investigation
2034,FIR/2023/002034,1,4,16,101320,519817,515687,2025-07-08,Unknown,Car,12.978203,74.858323,Medium,Vehicle Lock Break,Under Investigation
2035,FIR/2022/002035,10,33,6,100462,502340,501847,2022-04-04,Hands,None,12.991582,77.566247,Critical,Fake Identity,Charge Sheet Filed
2036,FIR/2024/002036,5,15,11,100930,519037,523512,2023-01-09,Stick,Motorcycle,12.334326,76.602431,Medium,Social Engineering,Charge Sheet Filed
2037,FIR/2026/002037,3,8,4,100291,524390,523252,2024-08-12,Stick,Auto,12.977557,77.599612,Medium,Firearm,Charge Sheet Filed
2038,FIR/2026/002038,9,29,10,100807,515850,504923,2022-10-03,Pistol,Car,12.971485,77.579984,Critical,Poisoning,Charge Sheet Filed
2039,FIR/2022/002039,5,16,16,101258,520676,518578,2024-08-14,Knife,Scooter,12.963223,74.863803,Critical,Duplicate Key,Charge Sheet Filed
2040,FIR/2023/002040,3,10,16,101279,507545,513594,2024-11-02,Pistol,Truck,12.925999,74.860365,Critical,ATM Skimming,Closed
2041,FIR/2022/002041,10,34,13,101063,507666,523592,2024-07-18,Unknown,Car,12.309883,76.647413,Medium,Social Engineering,Charge Sheet Filed
2042,FIR/2025/002042,6,21,3,100244,523515,511623,2026-10-22,Iron Rod,Motorcycle,12.977857,77.587421,Medium,ATM Skimming,Closed
2043,FIR/2025/002043,2,6,2,100156,514778,509153,2026-02-01,Knife,Truck,12.970954,77.607777,High,Social Engineering,Pending Trial
2044,FIR/2026/002044,10,34,12,101046,506695,512146,2023-05-11,Iron Rod,Scooter,12.300259,76.660591,Low,Duplicate Key,Closed
2045,FIR/2026/002045,12,39,9,100772,513571,502424,2025-02-12,Stick,None,13.018433,77.546778,Medium,Online Scam,Pending Trial
2046,FIR/2024/002046,10,34,5,100369,503601,504730,2025-07-19,Iron Rod,Car,12.9292,77.586577,High,Firearm,Charge Sheet Filed
2047,FIR/2026/002047,5,17,1,100054,504992,505148,2025-03-02,Iron Rod,None,12.997645,77.575776,Critical,Firearm,Under Investigation
2048,FIR/2024/002048,10,33,2,100101,503999,503755,2023-04-26,Iron Rod,Auto,12.934126,77.598078,Critical,Fake Identity,Pending Trial
2049,FIR/2025/002049,8,28,17,101405,505539,518850,2024-02-03,Stick,Scooter,12.933415,74.827412,High,Fake Identity,Charge Sheet Filed
2050,FIR/2023/002050,11,36,12,101014,507738,504634,2025-11-12,Unknown,Motorcycle,12.317393,76.688025,Medium,Knife Attack,Pending Trial
2051,FIR/2025/002051,2,6,11,100948,502648,509320,2022-06-26,Stick,Truck,12.332944,76.590433,Low,Firearm,Charge Sheet Filed
2052,FIR/2023/002052,1,3,19,101491,500401,514370,2026-05-12,Unknown,Auto,12.905528,74.835248,Critical,ATM Skimming,Closed
2053,FIR/2026/002053,6,21,20,101570,514020,504072,2025-07-30,Crowbar,Motorcycle,12.907341,74.87834,Medium,Poisoning,Closed
2054,FIR/2023/002054,3,9,8,100620,521851,501126,2026-12-25,Crowbar,Scooter,13.01304,77.605803,Low,Forced Entry,Pending Trial
2055,FIR/2026/002055,12,40,19,101477,515407,510135,2022-06-20,Hands,Truck,12.946019,74.861677,Low,Duplicate Key,Pending Trial
2056,FIR/2026/002056,2,7,5,100421,513165,504916,2025-07-29,Crowbar,Truck,12.93966,77.557761,Medium,Firearm,Pending Trial
2057,FIR/2026/002057,2,7,15,101201,522150,517249,2023-01-23,Unknown,Motorcycle,12.297106,76.594923,Medium,Physical Assault,Closed
2058,FIR/2023/002058,12,39,4,100289,507910,508933,2026-10-28,Hands,Motorcycle,13.000049,77.62537,Low,Online Scam,Closed
2059,FIR/2026/002059,6,18,11,100944,518846,502534,2022-07-29,Crowbar,Van,12.339782,76.597753,Medium,Duplicate Key,Pending Trial
2060,FIR/2023/002060,4,13,17,101349,519019,500707,2022-05-14,Hands,Scooter,12.920909,74.870065,Medium,Physical Assault,Closed
2061,FIR/2022/002061,8,26,14,101127,520623,513223,2024-01-11,Pistol,Auto,12.265165,76.680966,Critical,Poisoning,Charge Sheet Filed
2062,FIR/2024/002062,11,37,9,100745,506716,515022,2024-10-29,Crowbar,Auto,12.974936,77.562055,High,Physical Assault,Closed
2063,FIR/2022/002063,8,26,7,100593,519879,502473,2026-04-29,Stick,Car,12.908489,77.640372,Critical,ATM Skimming,Closed
2064,FIR/2022/002064,4,11,2,100129,500444,521657,2023-11-27,Iron Rod,Car,12.931138,77.591623,High,Social Engineering,Under Investigation
2065,FIR/2025/002065,8,27,13,101107,500800,510770,2025-08-02,Crowbar,Car,12.288226,76.650777,High,Poisoning,Charge Sheet Filed
2066,FIR/2026/002066,1,3,4,100269,504291,506106,2024-03-28,Pistol,Motorcycle,12.971033,77.59891,Medium,Physical Assault,Charge Sheet Filed
2067,FIR/2023/002067,10,33,9,100753,517440,500156,2024-04-24,Iron Rod,Truck,12.988244,77.560827,Medium,Social Engineering,Charge Sheet Filed
2068,FIR/2026/002068,3,9,6,100452,523775,522225,2026-10-26,Unknown,None,12.996257,77.602744,Medium,Firearm,Under Investigation
2069,FIR/2025/002069,7,25,14,101127,501981,502797,2026-02-05,Stick,Truck,12.27354,76.683715,Low,Vehicle Lock Break,Closed
2070,FIR/2025/002070,9,30,6,100530,519140,511260,2022-07-09,Stick,Motorcycle,13.008526,77.603822,Critical,Firearm,Charge Sheet Filed
2071,FIR/2023/002071,2,5,1,100009,522295,517861,2026-09-27,Iron Rod,Auto,12.951855,77.554235,Low,Social Engineering,Under Investigation
2072,FIR/2022/002072,5,17,20,101612,502460,516108,2024-11-26,Hands,Car,12.891423,74.890395,Medium,Social Engineering,Charge Sheet Filed
2073,FIR/2022/002073,9,30,9,100716,515675,513612,2026-01-16,Knife,Car,13.003662,77.593813,High,Poisoning,Pending Trial
2074,FIR/2022/002074,6,20,12,101013,517212,522589,2022-01-21,Unknown,Motorcycle,12.30035,76.64225,Medium,Physical Assault,Pending Trial
2075,FIR/2025/002075,3,10,2,100137,507532,523574,2025-09-05,Unknown,None,12.966536,77.605257,Low,ATM Skimming,Under Investigation
2076,FIR/2023/002076,10,33,10,100832,513665,501249,2026-09-23,Crowbar,None,12.962155,77.56589,Medium,Online Scam,Charge Sheet Filed
2077,FIR/2025/002077,12,40,5,100395,507656,515337,2023-09-17,Knife,Scooter,12.933936,77.589398,High,Fake Identity,Under Investigation
2078,FIR/2024/002078,1,3,4,100269,505245,517738,2024-02-20,Knife,Car,12.9531,77.625383,Medium,Online Scam,Closed
2079,FIR/2025/002079,7,24,1,100012,510196,517798,2025-08-04,Iron Rod,None,12.95331,77.580672,Low,ATM Skimming,Under Investigation
2080,FIR/2024/002080,1,3,1,100033,507583,524529,2024-10-30,Hands,Scooter,12.989406,77.580435,High,Poisoning,Charge Sheet Filed
2081,FIR/2024/002081,11,36,2,100165,503904,502308,2025-09-29,Stick,Truck,12.974537,77.60721,Low,Fake Identity,Under Investigation
2082,FIR/2025/002082,9,29,16,101265,506061,503590,2022-01-08,Crowbar,Scooter,12.947809,74.849945,High,Social Engineering,Under Investigation
2083,FIR/2026/002083,1,3,6,100512,517686,517763,2025-01-21,Hands,Motorcycle,12.98571,77.608992,Critical,Online Scam,Charge Sheet Filed
2084,FIR/2024/002084,7,25,1,100006,515581,510187,2024-09-17,Knife,Car,12.988857,77.569719,Low,ATM Skimming,Closed
2085,FIR/2023/002085,9,29,5,100405,524681,521931,2025-09-16,Crowbar,Auto,12.927567,77.552785,High,Fake Identity,Under Investigation
2086,FIR/2024/002086,5,15,18,101412,500577,509340,2025-08-05,Pistol,Car,12.940775,74.854028,Critical,Firearm,Pending Trial
2087,FIR/2023/002087,3,10,4,100313,505171,524255,2025-03-01,Unknown,Van,13.010412,77.643357,Critical,Firearm,Charge Sheet Filed
2088,FIR/2023/002088,5,15,10,100862,501379,512472,2024-10-10,Crowbar,Auto,12.9427,77.58743,Medium,Knife Attack,Under Investigation
2089,FIR/2025/002089,3,10,2,100146,524946,517064,2024-09-14,Iron Rod,Scooter,12.944748,77.63806,High,Vehicle Lock Break,Charge Sheet Filed
2090,FIR/2022/002090,3,8,16,101261,503086,515923,2023-07-13,Hands,Car,12.975617,74.880716,Low,Firearm,Charge Sheet Filed
2091,FIR/2022/002091,6,22,8,100700,503312,512074,2026-01-25,Iron Rod,Auto,12.985927,77.618773,Medium,Vehicle Lock Break,Charge Sheet Filed
2092,FIR/2026/002092,8,26,6,100431,502379,517201,2024-12-12,Stick,None,13.019674,77.617235,Medium,Social Engineering,Charge Sheet Filed
2093,FIR/2026/002093,4,11,18,101440,501541,505321,2026-04-24,Hands,Car,12.961326,74.867982,Low,Fake Identity,Charge Sheet Filed
2094,FIR/2022/002094,8,28,9,100746,504819,502338,2022-07-15,Hands,Van,13.010663,77.595297,Critical,Online Scam,Under Investigation
2095,FIR/2026/002095,1,3,12,100975,512837,521054,2023-11-16,Unknown,Van,12.330879,76.691376,Critical,Fake Identity,Pending Trial
2096,FIR/2025/002096,2,6,3,100246,500602,518645,2025-08-10,Hands,Van,12.996434,77.610395,Critical,Vehicle Lock Break,Charge Sheet Filed
2097,FIR/2024/002097,12,39,3,100226,524328,516055,2023-10-27,Stick,Scooter,12.997088,77.614776,Critical,Duplicate Key,Closed
2098,FIR/2022/002098,6,20,18,101412,521999,506300,2024-08-10,Stick,Auto,12.930579,74.856303,Low,Duplicate Key,Under Investigation
2099,FIR/2023/002099,1,4,11,100949,502643,512750,2026-07-25,Pistol,Car,12.362213,76.606713,Low,ATM Skimming,Under Investigation
2100,FIR/2024/002100,1,3,5,100418,508008,502740,2024-12-31,Hands,Scooter,12.942784,77.590734,Low,Fake Identity,Charge Sheet Filed
2101,FIR/2025/002101,6,19,3,100181,510224,523894,2025-02-22,Unknown,Auto,12.969852,77.618042,Critical,Knife Attack,Closed
2102,FIR/2023/002102,9,31,4,100312,518285,524646,2024-01-22,Knife,Auto,13.001788,77.599183,Critical,Online Scam,Closed
2103,FIR/2022/002103,5,16,16,101265,513802,518593,2025-12-19,Stick,Van,12.941359,74.898694,Critical,Social Engineering,Closed
2104,FIR/2025/002104,5,17,19,101539,512003,501633,2022-04-25,Iron Rod,None,12.95807,74.85952,High,Duplicate Key,Pending Trial
2105,FIR/2026/002105,12,40,19,101496,507288,515727,2022-12-11,Pistol,Car,12.957701,74.820181,Critical,Online Scam,Under Investigation
2106,FIR/2024/002106,6,21,9,100721,524840,507492,2022-01-20,Knife,Truck,12.985282,77.564796,Low,Duplicate Key,Closed
2107,FIR/2026/002107,5,14,4,100304,517931,514766,2023-01-31,Hands,Auto,12.966349,77.610154,Medium,Firearm,Pending Trial
2108,FIR/2022/002108,7,23,12,101019,514416,516761,2022-07-13,Iron Rod,Van,12.283618,76.653773,Low,Physical Assault,Charge Sheet Filed
2109,FIR/2025/002109,1,3,5,100402,516274,517885,2025-03-15,Pistol,Truck,12.913773,77.542568,Low,Fake Identity,Pending Trial
2110,FIR/2026/002110,9,30,11,100919,511668,502856,2024-01-03,Knife,Van,12.359985,76.608008,Medium,Physical Assault,Pending Trial
2111,FIR/2026/002111,11,35,13,101057,509905,521216,2025-10-15,Knife,Truck,12.301518,76.697041,High,Firearm,Under Investigation
2112,FIR/2026/002112,7,24,6,100461,505147,515001,2022-01-15,Stick,Motorcycle,12.989852,77.603404,High,Duplicate Key,Charge Sheet Filed
2113,FIR/2024/002113,8,27,20,101613,516733,508696,2024-11-04,Stick,Motorcycle,12.908917,74.847752,High,Fake Identity,Charge Sheet Filed
2114,FIR/2025/002114,11,37,18,101440,500531,502579,2025-10-20,Knife,Auto,12.966929,74.850232,Low,Social Engineering,Under Investigation
2115,FIR/2023/002115,2,5,11,100905,514567,513691,2025-12-11,Crowbar,None,12.347617,76.589167,Critical,Fake Identity,Under Investigation
2116,FIR/2026/002116,4,12,1,100034,505598,513847,2023-12-18,Hands,Scooter,13.005214,77.537949,Low,Poisoning,Closed
2117,FIR/2022/002117,6,21,20,101541,507475,500844,2023-08-15,Crowbar,Car,12.889631,74.888175,Critical,Duplicate Key,Under Investigation
2118,FIR/2024/002118,4,13,3,100191,503761,504831,2024-04-07,Unknown,Motorcycle,13.004781,77.587416,Medium,Knife Attack,Pending Trial
2119,FIR/2023/002119,6,21,14,101150,514064,506592,2025-01-05,Stick,Scooter,12.252968,76.657136,Critical,Forced Entry,Closed
2120,FIR/2022/002120,6,19,8,100702,508613,509257,2022-03-23,Stick,Motorcycle,12.96931,77.618922,Low,Fake Identity,Under Investigation
2121,FIR/2026/002121,1,1,11,100912,503496,521976,2025-07-22,Crowbar,Car,12.331828,76.588683,High,Vehicle Lock Break,Under Investigation
2122,FIR/2023/002122,5,16,7,100589,513401,515744,2025-08-25,Pistol,Truck,12.927799,77.627359,High,Vehicle Lock Break,Charge Sheet Filed
2123,FIR/2025/002123,3,9,10,100814,521927,507376,2025-09-26,Iron Rod,Scooter,12.969745,77.584706,Medium,Poisoning,Closed
2124,FIR/2026/002124,7,23,15,101243,507626,518249,2025-10-27,Stick,Truck,12.265014,76.622652,Critical,Online Scam,Charge Sheet Filed
2125,FIR/2023/002125,9,29,19,101533,503634,512003,2026-12-02,Pistol,Motorcycle,12.944856,74.831561,Medium,Online Scam,Pending Trial
2126,FIR/2024/002126,6,21,12,101022,510465,520202,2024-08-08,Pistol,None,12.31572,76.680818,High,Social Engineering,Closed
2127,FIR/2022/002127,6,20,16,101290,501179,502062,2023-05-28,Knife,Truck,12.93776,74.851244,Low,Physical Assault,Under Investigation
2128,FIR/2026/002128,2,5,4,100320,524300,521196,2026-12-22,Hands,None,12.987912,77.653363,High,Vehicle Lock Break,Pending Trial
2129,FIR/2025/002129,12,40,16,101271,509200,508257,2025-06-09,Knife,Auto,12.935629,74.845096,Low,Physical Assault,Under Investigation
2130,FIR/2024/002130,11,36,20,101580,504614,517463,2025-08-30,Pistol,Truck,12.923859,74.877047,Medium,Duplicate Key,Under Investigation
2131,FIR/2022/002131,5,16,1,100022,505831,501854,2024-01-23,Knife,None,12.969981,77.588677,High,Firearm,Under Investigation
2132,FIR/2023/002132,1,1,12,100970,500137,523226,2022-11-25,Hands,None,12.284148,76.659202,Critical,Online Scam,Pending Trial
2133,FIR/2025/002133,5,16,15,101252,510145,514695,2026-12-24,Crowbar,Motorcycle,12.300465,76.591676,Low,Forced Entry,Charge Sheet Filed
2134,FIR/2026/002134,5,16,7,100554,522387,505036,2025-05-04,Unknown,None,12.950508,77.621985,Critical,Knife Attack,Charge Sheet Filed
2135,FIR/2025/002135,1,1,10,100790,506748,512495,2022-12-23,Crowbar,Van,12.93822,77.60611,Medium,Vehicle Lock Break,Charge Sheet Filed
2136,FIR/2022/002136,7,23,14,101147,506321,500972,2023-10-15,Unknown,None,12.258626,76.66818,Critical,Physical Assault,Charge Sheet Filed
2137,FIR/2024/002137,3,8,14,101127,509930,512782,2023-09-27,Hands,Truck,12.300784,76.683436,Medium,Social Engineering,Pending Trial
2138,FIR/2025/002138,11,35,8,100632,501486,500882,2026-06-02,Pistol,Car,12.991598,77.598717,High,Poisoning,Closed
2139,FIR/2022/002139,12,38,13,101065,502224,508410,2025-04-14,Crowbar,Truck,12.29655,76.681098,Medium,Physical Assault,Pending Trial
2140,FIR/2025/002140,4,12,14,101175,509814,521190,2025-09-01,Unknown,None,12.266845,76.652996,Low,Firearm,Under Investigation
2141,FIR/2022/002141,5,15,13,101069,512915,504367,2026-04-26,Crowbar,Scooter,12.3026,76.676837,Medium,Physical Assault,Charge Sheet Filed
2142,FIR/2022/002142,4,11,4,100286,505733,518134,2026-03-18,Stick,Auto,12.955201,77.600817,High,Fake Identity,Closed
2143,FIR/2025/002143,11,36,6,100495,514021,509597,2023-02-24,Hands,Scooter,12.988057,77.589979,Medium,Knife Attack,Closed
2144,FIR/2023/002144,7,23,12,101047,519789,516152,2026-04-30,Hands,Motorcycle,12.322155,76.680837,High,Duplicate Key,Pending Trial
2145,FIR/2023/002145,12,38,16,101270,505830,514614,2023-12-05,Knife,Scooter,12.976121,74.849048,Low,Physical Assault,Under Investigation
2146,FIR/2024/002146,7,25,7,100556,505146,521524,2026-03-14,Iron Rod,Truck,12.923437,77.630562,Critical,Vehicle Lock Break,Under Investigation
2147,FIR/2022/002147,6,20,20,101607,524320,501589,2026-11-13,Knife,None,12.946561,74.87307,Low,ATM Skimming,Closed
2148,FIR/2024/002148,10,34,17,101405,522073,506775,2022-12-28,Hands,None,12.923772,74.851938,Medium,Online Scam,Under Investigation
2149,FIR/2025/002149,12,39,19,101481,519268,504251,2022-02-06,Iron Rod,Scooter,12.954466,74.859401,High,Vehicle Lock Break,Under Investigation
2150,FIR/2023/002150,7,25,17,101392,521672,505395,2022-03-28,Unknown,None,12.899065,74.831882,Low,Physical Assault,Closed
2151,FIR/2023/002151,3,8,3,100238,510678,512801,2026-06-04,Crowbar,Auto,12.997715,77.591202,Medium,Social Engineering,Closed
2152,FIR/2025/002152,5,15,16,101287,505781,509051,2024-07-26,Knife,Motorcycle,12.933566,74.889125,High,Forced Entry,Charge Sheet Filed
2153,FIR/2025/002153,6,22,19,101524,506033,512335,2022-01-22,Unknown,Truck,12.912324,74.861081,High,Vehicle Lock Break,Under Investigation
2154,FIR/2026/002154,6,22,20,101544,510752,518535,2023-04-13,Unknown,Scooter,12.909755,74.868845,Low,Physical Assault,Closed
2155,FIR/2024/002155,3,10,19,101532,511932,502609,2025-11-30,Iron Rod,Auto,12.947077,74.848323,Low,Forced Entry,Under Investigation
2156,FIR/2026/002156,9,31,6,100487,515250,504958,2023-11-15,Knife,Car,12.982928,77.583704,Critical,Fake Identity,Closed
2157,FIR/2022/002157,2,5,10,100857,508155,523594,2024-05-09,Unknown,Car,12.936626,77.604386,High,Fake Identity,Pending Trial
2158,FIR/2026/002158,10,33,14,101170,502381,516867,2024-12-23,Crowbar,Van,12.275575,76.652701,Low,Duplicate Key,Closed
2159,FIR/2024/002159,11,37,15,101240,516081,524134,2026-07-24,Stick,Car,12.29138,76.618567,Critical,Firearm,Charge Sheet Filed
2160,FIR/2026/002160,7,25,18,101428,503251,510050,2023-06-04,Crowbar,Motorcycle,12.92,74.876608,Low,Online Scam,Pending Trial
2161,FIR/2024/002161,6,18,14,101131,513851,510484,2023-07-20,Unknown,Scooter,12.264739,76.672832,Critical,Knife Attack,Pending Trial
2162,FIR/2025/002162,1,4,19,101524,520519,512962,2024-12-14,Iron Rod,Auto,12.956605,74.841204,Medium,Poisoning,Closed
2163,FIR/2026/002163,8,28,1,100056,511504,517622,2025-09-22,Iron Rod,Motorcycle,12.955322,77.58911,Critical,Vehicle Lock Break,Pending Trial
2164,FIR/2026/002164,1,4,15,101235,513864,501003,2026-03-09,Hands,Auto,12.268633,76.618155,Low,ATM Skimming,Under Investigation
2165,FIR/2022/002165,9,31,5,100405,512720,518781,2025-03-28,Unknown,Scooter,12.910686,77.584253,Critical,Forced Entry,Under Investigation
2166,FIR/2022/002166,2,7,12,101019,502139,509002,2023-10-26,Iron Rod,Scooter,12.318385,76.646428,High,Vehicle Lock Break,Closed
2167,FIR/2023/002167,3,9,4,100296,511744,510800,2025-01-30,Unknown,Scooter,12.998961,77.639919,High,Social Engineering,Charge Sheet Filed
2168,FIR/2024/002168,12,39,20,101543,510845,517207,2026-02-20,Iron Rod,Car,12.923407,74.852756,Low,Poisoning,Closed
2169,FIR/2023/002169,7,23,2,100122,514699,516704,2024-04-27,Pistol,Truck,12.971064,77.629949,Medium,Duplicate Key,Charge Sheet Filed
2170,FIR/2023/002170,5,17,17,101379,505060,500988,2024-08-20,Hands,Truck,12.911672,74.868317,Critical,Forced Entry,Charge Sheet Filed
2171,FIR/2026/002171,2,6,17,101368,507271,510200,2024-08-09,Iron Rod,Scooter,12.895151,74.838771,High,Online Scam,Charge Sheet Filed
2172,FIR/2023/002172,11,36,17,101403,506184,522088,2022-12-10,Knife,Motorcycle,12.903212,74.871476,Critical,Vehicle Lock Break,Pending Trial
2173,FIR/2026/002173,11,36,12,101047,512467,511940,2024-10-31,Stick,Van,12.337192,76.679767,High,Vehicle Lock Break,Charge Sheet Filed
2174,FIR/2026/002174,6,21,18,101429,508871,515891,2026-08-11,Unknown,Scooter,12.944772,74.837293,Medium,Online Scam,Closed
2175,FIR/2022/002175,11,35,19,101524,510543,506157,2022-12-02,Knife,Truck,12.927487,74.857946,Low,Fake Identity,Pending Trial
2176,FIR/2025/002176,9,30,16,101296,500116,509130,2023-09-26,Unknown,Auto,12.972175,74.856008,High,Physical Assault,Under Investigation
2177,FIR/2022/002177,12,40,10,100813,524790,500856,2025-06-16,Hands,Car,12.926561,77.571995,Critical,Online Scam,Charge Sheet Filed
2178,FIR/2022/002178,1,2,18,101437,508997,517216,2026-08-19,Pistol,Truck,12.918997,74.861664,Medium,Vehicle Lock Break,Charge Sheet Filed
2179,FIR/2023/002179,1,4,16,101340,521039,513055,2022-12-25,Iron Rod,Car,12.976814,74.887407,High,Fake Identity,Pending Trial
2180,FIR/2022/002180,2,5,8,100674,504535,523043,2024-01-07,Knife,Auto,12.983012,77.599538,Critical,Knife Attack,Charge Sheet Filed
2181,FIR/2023/002181,9,31,5,100357,500170,510460,2022-12-17,Unknown,Motorcycle,12.961001,77.574094,High,Duplicate Key,Pending Trial
2182,FIR/2022/002182,4,11,15,101183,524285,521198,2024-10-17,Crowbar,Scooter,12.298442,76.585316,High,Online Scam,Closed
2183,FIR/2024/002183,3,9,13,101082,514404,503315,2024-07-20,Knife,Car,12.297033,76.686457,Low,Knife Attack,Charge Sheet Filed
2184,FIR/2025/002184,8,28,16,101320,522653,514779,2022-08-15,Unknown,Auto,12.95426,74.888257,High,Vehicle Lock Break,Pending Trial
2185,FIR/2023/002185,5,16,16,101294,508017,506881,2026-08-14,Knife,None,12.956856,74.864661,Critical,Fake Identity,Closed
2186,FIR/2026/002186,10,33,20,101603,521874,507126,2023-07-23,Knife,Auto,12.9369,74.884841,Medium,Knife Attack,Under Investigation
2187,FIR/2022/002187,12,40,11,100955,523713,506389,2022-04-15,Iron Rod,Van,12.34655,76.587693,Medium,ATM Skimming,Under Investigation
2188,FIR/2025/002188,11,35,12,101047,512310,505589,2026-10-15,Hands,Truck,12.316802,76.694673,Medium,Social Engineering,Charge Sheet Filed
2189,FIR/2026/002189,5,17,11,100905,510305,513934,2024-09-13,Crowbar,Motorcycle,12.359126,76.628124,Medium,Duplicate Key,Under Investigation
2190,FIR/2026/002190,7,23,9,100767,511338,516447,2026-12-22,Pistol,Car,13.001462,77.579366,Critical,Knife Attack,Under Investigation
2191,FIR/2024/002191,7,24,13,101059,513039,519772,2024-04-06,Iron Rod,Truck,12.296312,76.697098,Low,Fake Identity,Pending Trial
2192,FIR/2026/002192,12,39,6,100476,511736,510373,2024-03-25,Unknown,Truck,12.963292,77.580724,Critical,Poisoning,Charge Sheet Filed
2193,FIR/2026/002193,11,35,15,101217,515975,507632,2022-05-05,Hands,Truck,12.263941,76.587351,Medium,Fake Identity,Closed
2194,FIR/2025/002194,4,13,19,101510,514085,514825,2026-07-25,Pistol,Van,12.923938,74.833886,High,Fake Identity,Closed
2195,FIR/2024/002195,10,34,2,100128,508423,522181,2025-09-08,Stick,Scooter,12.944681,77.620829,Low,Duplicate Key,Charge Sheet Filed
2196,FIR/2025/002196,8,26,2,100139,507771,509318,2024-03-10,Unknown,Scooter,12.925891,77.624119,High,Social Engineering,Closed
2197,FIR/2025/002197,10,34,11,100920,500656,502480,2024-02-11,Iron Rod,Car,12.34608,76.605859,Critical,Knife Attack,Under Investigation
2198,FIR/2022/002198,2,7,11,100902,508299,506592,2026-07-11,Iron Rod,Car,12.349108,76.618849,Low,Social Engineering,Charge Sheet Filed
2199,FIR/2023/002199,4,12,6,100521,512591,522355,2026-02-26,Knife,Auto,12.961143,77.593678,Medium,ATM Skimming,Under Investigation
2200,FIR/2024/002200,1,4,5,100418,512514,523488,2024-08-26,Crowbar,Scooter,12.910621,77.560875,Critical,ATM Skimming,Pending Trial
2201,FIR/2022/002201,5,14,14,101175,511755,519189,2024-09-24,Hands,Van,12.275392,76.674651,Medium,Forced Entry,Under Investigation
2202,FIR/2022/002202,9,31,18,101413,509291,523347,2025-01-09,Hands,Car,12.919951,74.887516,Critical,Fake Identity,Charge Sheet Filed
2203,FIR/2024/002203,6,21,10,100821,513513,504830,2025-12-31,Hands,None,12.949727,77.5875,High,Online Scam,Charge Sheet Filed
2204,FIR/2022/002204,8,28,14,101178,504016,507066,2023-11-19,Knife,Car,12.287352,76.663571,High,Fake Identity,Under Investigation
2205,FIR/2023/002205,2,7,4,100303,521470,522365,2023-02-03,Iron Rod,Auto,13.009518,77.648302,Critical,Duplicate Key,Pending Trial
2206,FIR/2024/002206,8,26,10,100824,510426,520550,2024-10-31,Hands,None,12.982559,77.562541,Low,Fake Identity,Pending Trial
2207,FIR/2023/002207,5,14,19,101503,515218,502189,2024-05-22,Unknown,Auto,12.94963,74.849966,High,Firearm,Under Investigation
2208,FIR/2025/002208,1,3,7,100594,508111,512783,2022-08-13,Iron Rod,Scooter,12.931993,77.631989,Critical,Poisoning,Charge Sheet Filed
2209,FIR/2024/002209,4,12,6,100433,514912,515999,2023-03-05,Hands,Truck,13.017956,77.581242,Low,Firearm,Pending Trial
2210,FIR/2023/002210,5,17,9,100735,504647,506188,2025-12-10,Knife,Motorcycle,12.997671,77.585119,Critical,Duplicate Key,Under Investigation
2211,FIR/2025/002211,8,28,3,100216,515660,509118,2023-10-23,Iron Rod,Van,12.988501,77.590373,High,Online Scam,Charge Sheet Filed
2212,FIR/2022/002212,7,23,6,100497,502719,517111,2023-06-04,Knife,Scooter,12.962091,77.587132,Critical,Firearm,Closed
2213,FIR/2025/002213,6,21,18,101423,501062,506152,2026-04-27,Pistol,None,12.942305,74.850368,Low,Vehicle Lock Break,Pending Trial
2214,FIR/2025/002214,4,13,7,100568,502258,514116,2024-08-06,Knife,Truck,12.905602,77.617425,High,Physical Assault,Closed
2215,FIR/2026/002215,5,14,12,100988,520216,518058,2023-04-22,Crowbar,Motorcycle,12.332556,76.641771,Medium,Duplicate Key,Pending Trial
2216,FIR/2022/002216,4,11,12,100987,524740,523811,2024-12-05,Crowbar,Van,12.317481,76.697582,Medium,Poisoning,Charge Sheet Filed
2217,FIR/2025/002217,9,31,13,101094,506371,524028,2024-09-12,Crowbar,Auto,12.306574,76.676464,Critical,Knife Attack,Under Investigation
2218,FIR/2022/002218,5,15,18,101459,511590,514574,2024-10-02,Knife,Van,12.931581,74.880895,Medium,Firearm,Charge Sheet Filed
2219,FIR/2022/002219,1,3,4,100255,514755,515009,2025-03-05,Iron Rod,Van,12.960009,77.623117,Critical,Online Scam,Under Investigation
2220,FIR/2024/002220,7,23,1,100024,512305,514182,2022-01-23,Iron Rod,Scooter,13.001866,77.564385,Critical,Forced Entry,Pending Trial
2221,FIR/2022/002221,5,15,14,101131,520268,515733,2023-09-11,Hands,Motorcycle,12.265152,76.654755,High,Social Engineering,Under Investigation
2222,FIR/2023/002222,5,14,5,100422,510461,509625,2025-03-03,Crowbar,Motorcycle,12.968405,77.588622,Medium,Knife Attack,Pending Trial
2223,FIR/2025/002223,5,14,1,100025,513429,504321,2023-04-02,Crowbar,Scooter,12.955904,77.590366,High,Online Scam,Closed
2224,FIR/2022/002224,1,4,17,101404,514280,518376,2024-08-02,Pistol,Truck,12.924726,74.860312,Low,Physical Assault,Under Investigation
2225,FIR/2023/002225,4,11,4,100263,509932,518490,2024-05-01,Unknown,Auto,12.963205,77.655172,Critical,Poisoning,Pending Trial
2226,FIR/2025/002226,6,22,12,100989,501835,514020,2026-12-22,Unknown,Scooter,12.337219,76.682682,Critical,Duplicate Key,Charge Sheet Filed
2227,FIR/2024/002227,7,24,12,101056,524151,508321,2023-02-22,Crowbar,Auto,12.318737,76.668604,Critical,Knife Attack,Under Investigation
2228,FIR/2026/002228,3,9,1,100071,522017,507463,2025-06-17,Stick,None,12.992268,77.544208,High,Physical Assault,Pending Trial
2229,FIR/2023/002229,1,1,2,100118,517795,518884,2026-01-26,Knife,Motorcycle,12.956118,77.631026,Medium,ATM Skimming,Under Investigation
2230,FIR/2022/002230,5,17,12,101011,506452,502059,2025-09-25,Pistol,Car,12.335897,76.666158,Critical,Vehicle Lock Break,Pending Trial
2231,FIR/2025/002231,9,31,17,101362,507817,512920,2023-07-05,Hands,Motorcycle,12.887079,74.825565,High,Duplicate Key,Pending Trial
2232,FIR/2024/002232,5,15,5,100356,504055,501785,2025-08-22,Knife,Car,12.943163,77.551853,Critical,Knife Attack,Charge Sheet Filed
2233,FIR/2022/002233,12,38,16,101336,502654,517352,2026-04-19,Knife,Truck,12.964749,74.887907,Medium,Fake Identity,Pending Trial
2234,FIR/2025/002234,10,32,18,101419,505226,515549,2024-01-05,Hands,Truck,12.921124,74.872623,Medium,ATM Skimming,Under Investigation
2235,FIR/2025/002235,5,15,20,101606,506116,518541,2024-06-05,Unknown,Truck,12.92604,74.852941,Low,Fake Identity,Charge Sheet Filed
2236,FIR/2023/002236,8,27,18,101438,501013,516497,2023-04-07,Crowbar,Van,12.945988,74.834387,Medium,Physical Assault,Under Investigation
2237,FIR/2022/002237,6,22,1,100087,506821,519310,2023-02-23,Crowbar,None,12.972945,77.583328,Critical,Fake Identity,Charge Sheet Filed
2238,FIR/2025/002238,11,35,15,101193,510301,512559,2024-04-22,Crowbar,Car,12.311861,76.606282,Critical,Fake Identity,Charge Sheet Filed
2239,FIR/2023/002239,12,40,3,100250,501098,515183,2022-11-15,Iron Rod,Truck,12.996216,77.595998,Low,ATM Skimming,Pending Trial
2240,FIR/2022/002240,8,26,2,100158,507131,514523,2025-06-05,Stick,Car,12.973311,77.624817,High,Physical Assault,Under Investigation
2241,FIR/2024/002241,5,16,1,100026,500592,503580,2024-08-11,Iron Rod,Car,12.981813,77.580499,High,Vehicle Lock Break,Charge Sheet Filed
2242,FIR/2023/002242,1,2,18,101457,508773,513419,2026-01-12,Iron Rod,None,12.944229,74.831693,Critical,Knife Attack,Pending Trial
2243,FIR/2022/002243,12,40,1,100002,500845,522302,2026-08-26,Iron Rod,Car,12.974324,77.552291,Medium,Poisoning,Under Investigation
2244,FIR/2022/002244,5,15,11,100940,509925,503802,2025-01-06,Knife,Van,12.316554,76.592226,Medium,Physical Assault,Charge Sheet Filed
2245,FIR/2025/002245,1,2,18,101438,508259,505497,2022-08-12,Knife,Car,12.958989,74.844872,Critical,Firearm,Closed
2246,FIR/2026/002246,12,40,20,101598,513723,513933,2025-06-07,Stick,None,12.945348,74.850454,Critical,Forced Entry,Under Investigation
2247,FIR/2023/002247,3,10,2,100157,515655,504080,2023-09-09,Pistol,Motorcycle,12.978174,77.602549,High,Online Scam,Pending Trial
2248,FIR/2026/002248,8,28,2,100097,520182,513086,2024-10-24,Iron Rod,Motorcycle,12.948774,77.610547,Critical,Duplicate Key,Under Investigation
2249,FIR/2022/002249,3,10,17,101373,519485,523795,2025-02-10,Iron Rod,Car,12.882596,74.881256,Medium,Social Engineering,Pending Trial
2250,FIR/2023/002250,11,37,16,101336,511732,504677,2023-01-25,Crowbar,Motorcycle,12.949311,74.864857,High,Vehicle Lock Break,Pending Trial
2251,FIR/2025/002251,5,14,16,101342,513307,510264,2024-12-22,Hands,Motorcycle,12.937349,74.861273,Medium,Fake Identity,Closed
2252,FIR/2026/002252,12,39,11,100895,507668,517569,2026-04-15,Iron Rod,Motorcycle,12.333326,76.595564,Low,Duplicate Key,Charge Sheet Filed
2253,FIR/2022/002253,2,6,3,100243,505395,501736,2023-05-12,Knife,Van,12.948228,77.601914,Low,Firearm,Closed
2254,FIR/2026/002254,3,8,18,101463,506599,515049,2022-06-09,Knife,Scooter,12.928152,74.870099,High,Poisoning,Closed
2255,FIR/2026/002255,5,16,8,100675,506297,519288,2025-05-18,Stick,None,12.991082,77.568119,High,Physical Assault,Under Investigation
2256,FIR/2026/002256,3,10,17,101363,521782,506155,2022-08-12,Hands,Auto,12.90441,74.837842,High,Online Scam,Closed
2257,FIR/2023/002257,2,6,17,101395,521277,519230,2026-08-01,Crowbar,Van,12.917932,74.840507,Medium,Forced Entry,Closed
2258,FIR/2026/002258,12,40,3,100205,513227,506202,2025-01-08,Stick,Van,12.947658,77.595138,High,Vehicle Lock Break,Closed
2259,FIR/2026/002259,1,4,2,100122,523795,516266,2023-09-13,Hands,Scooter,12.9704,77.606767,Medium,Online Scam,Under Investigation
2260,FIR/2023/002260,6,21,8,100638,500641,524228,2024-03-12,Crowbar,Scooter,13.010406,77.573483,Critical,Firearm,Pending Trial
2261,FIR/2026/002261,7,23,9,100716,518344,500769,2022-07-31,Stick,Truck,12.979303,77.536855,Critical,Knife Attack,Closed
2262,FIR/2025/002262,6,21,15,101240,511574,508886,2025-07-18,Unknown,Auto,12.290223,76.583486,Low,Online Scam,Closed
2263,FIR/2024/002263,3,10,20,101587,504765,500262,2026-07-08,Unknown,Motorcycle,12.930901,74.847976,Medium,Vehicle Lock Break,Pending Trial
2264,FIR/2024/002264,12,38,20,101609,504262,505316,2026-09-01,Stick,Motorcycle,12.933106,74.845482,Low,Online Scam,Under Investigation
2265,FIR/2023/002265,6,20,2,100165,523709,512236,2023-09-01,Unknown,Motorcycle,12.983283,77.638756,Medium,Vehicle Lock Break,Closed
2266,FIR/2024/002266,8,28,5,100403,504547,514401,2025-12-04,Iron Rod,Van,12.968706,77.559473,Critical,Duplicate Key,Charge Sheet Filed
2267,FIR/2026/002267,4,13,12,101039,522222,524523,2024-04-28,Pistol,Scooter,12.297396,76.685764,Medium,Duplicate Key,Charge Sheet Filed
2268,FIR/2022/002268,4,11,8,100681,512227,500935,2024-04-01,Crowbar,Auto,12.997993,77.626137,High,Duplicate Key,Under Investigation
2269,FIR/2026/002269,6,20,17,101356,516247,524296,2026-03-06,Hands,Scooter,12.930076,74.837375,Medium,Duplicate Key,Charge Sheet Filed
2270,FIR/2024/002270,10,33,18,101426,516678,500343,2023-02-05,Pistol,Scooter,12.929106,74.884849,Low,Vehicle Lock Break,Charge Sheet Filed
2271,FIR/2025/002271,12,39,16,101263,516005,506090,2022-01-11,Pistol,Scooter,12.934324,74.864584,Medium,Forced Entry,Under Investigation
2272,FIR/2023/002272,11,35,13,101101,507526,509625,2026-11-15,Knife,Scooter,12.292703,76.676292,Low,Fake Identity,Under Investigation
2273,FIR/2024/002273,3,8,2,100144,507652,505689,2022-11-30,Knife,Auto,12.976944,77.600773,Medium,Knife Attack,Under Investigation
2274,FIR/2026/002274,10,34,16,101318,513419,519590,2025-09-14,Pistol,Van,12.976422,74.888147,Low,Forced Entry,Charge Sheet Filed
2275,FIR/2024/002275,4,12,14,101155,504411,522631,2024-05-29,Hands,None,12.279539,76.643949,Critical,ATM Skimming,Closed
2276,FIR/2026/002276,3,8,5,100385,515516,523750,2025-05-03,Pistol,None,12.929397,77.548817,High,Duplicate Key,Charge Sheet Filed
2277,FIR/2026/002277,4,11,6,100466,511070,507947,2023-11-27,Hands,Car,12.997544,77.571075,Medium,Duplicate Key,Charge Sheet Filed
2278,FIR/2026/002278,6,18,10,100861,506568,521311,2026-01-12,Stick,None,12.966361,77.583842,Critical,Forced Entry,Charge Sheet Filed
2279,FIR/2023/002279,5,16,10,100827,507515,502001,2022-08-29,Knife,Car,12.952633,77.587087,Medium,Vehicle Lock Break,Closed
2280,FIR/2022/002280,2,5,15,101216,504643,516274,2023-02-05,Crowbar,Motorcycle,12.285909,76.594102,Medium,Vehicle Lock Break,Pending Trial
2281,FIR/2025/002281,4,11,17,101382,524768,508877,2025-03-08,Crowbar,Auto,12.911433,74.880941,High,Firearm,Closed
2282,FIR/2025/002282,9,29,13,101064,514995,518288,2022-06-11,Knife,Motorcycle,12.28922,76.646792,High,Knife Attack,Pending Trial
2283,FIR/2023/002283,6,22,17,101351,523932,503356,2024-02-11,Iron Rod,Van,12.903751,74.84059,Medium,Vehicle Lock Break,Closed
2284,FIR/2025/002284,2,7,20,101592,521507,511435,2022-09-01,Pistol,Scooter,12.890472,74.876155,High,Fake Identity,Charge Sheet Filed
2285,FIR/2022/002285,6,20,10,100865,520189,513753,2022-04-26,Stick,Car,12.982619,77.598179,Critical,ATM Skimming,Closed
2286,FIR/2024/002286,12,38,13,101097,513809,511444,2024-02-10,Hands,Motorcycle,12.285386,76.705998,Critical,Duplicate Key,Under Investigation
2287,FIR/2026/002287,2,5,14,101179,523160,522192,2024-11-19,Stick,Scooter,12.286362,76.639878,Low,ATM Skimming,Pending Trial
2288,FIR/2024/002288,6,21,13,101104,500086,509249,2026-05-04,Iron Rod,Auto,12.324244,76.659831,Medium,Vehicle Lock Break,Charge Sheet Filed
2289,FIR/2024/002289,6,21,6,100461,508885,511048,2026-02-25,Iron Rod,Truck,12.992212,77.572453,Medium,Fake Identity,Under Investigation
2290,FIR/2023/002290,12,39,14,101149,517432,519886,2025-01-08,Unknown,Car,12.250698,76.639659,Critical,Duplicate Key,Closed
2291,FIR/2023/002291,8,28,16,101299,512309,500099,2024-12-08,Unknown,Motorcycle,12.961492,74.894162,Low,Social Engineering,Charge Sheet Filed
2292,FIR/2024/002292,2,7,17,101359,512962,508929,2024-12-26,Unknown,Auto,12.876288,74.823101,High,Forced Entry,Charge Sheet Filed
2293,FIR/2023/002293,2,7,2,100102,518578,505098,2022-02-02,Knife,Truck,12.934801,77.597735,Critical,Online Scam,Closed
2294,FIR/2026/002294,8,26,10,100808,516342,509918,2022-11-29,Hands,None,12.932219,77.619331,Critical,Forced Entry,Charge Sheet Filed
2295,FIR/2024/002295,2,7,13,101063,523413,510137,2024-10-11,Iron Rod,Car,12.336769,76.68308,Critical,Physical Assault,Closed
2296,FIR/2024/002296,6,22,8,100697,524977,511580,2022-03-12,Stick,Motorcycle,13.01336,77.580722,Low,Vehicle Lock Break,Closed
2297,FIR/2022/002297,1,4,8,100706,521972,518631,2025-08-25,Knife,Motorcycle,12.998019,77.597282,Critical,Knife Attack,Under Investigation
2298,FIR/2022/002298,6,22,17,101345,515063,504143,2023-01-25,Knife,Car,12.880873,74.835834,High,ATM Skimming,Pending Trial
2299,FIR/2024/002299,6,18,16,101297,523649,506738,2025-11-29,Stick,Truck,12.93721,74.87826,Low,Online Scam,Charge Sheet Filed
2300,FIR/2025/002300,10,33,18,101442,523046,522451,2024-03-15,Crowbar,None,12.923411,74.848273,Medium,Forced Entry,Closed
2301,FIR/2024/002301,6,22,19,101527,523008,524933,2022-04-11,Knife,Scooter,12.929078,74.839348,High,Firearm,Pending Trial
2302,FIR/2025/002302,3,9,20,101555,508589,508131,2022-01-08,Hands,Van,12.906393,74.882393,High,Vehicle Lock Break,Pending Trial
2303,FIR/2025/002303,3,8,4,100293,515081,517092,2024-01-19,Iron Rod,Auto,13.008188,77.612934,Medium,Fake Identity,Charge Sheet Filed
2304,FIR/2022/002304,10,33,20,101559,505200,501365,2026-10-14,Stick,Van,12.912722,74.835954,Critical,Online Scam,Under Investigation
2305,FIR/2025/002305,9,29,18,101445,509692,517922,2025-04-18,Pistol,None,12.959506,74.841708,Medium,Social Engineering,Closed
2306,FIR/2022/002306,1,4,7,100548,523296,506290,2022-11-16,Crowbar,Truck,12.950009,77.635737,Critical,Vehicle Lock Break,Charge Sheet Filed
2307,FIR/2024/002307,7,23,2,100146,522241,507119,2023-10-19,Pistol,Truck,12.965892,77.595005,Critical,Firearm,Closed
2308,FIR/2026/002308,8,26,10,100799,515597,517894,2025-12-19,Crowbar,Van,12.975989,77.563721,Low,Online Scam,Pending Trial
2309,FIR/2025/002309,8,26,10,100874,523337,501379,2026-10-02,Hands,Scooter,12.949488,77.616687,Low,Online Scam,Charge Sheet Filed
2310,FIR/2026/002310,6,21,17,101365,524920,502190,2023-11-23,Crowbar,None,12.919543,74.839664,Low,Vehicle Lock Break,Under Investigation
2311,FIR/2024/002311,7,23,11,100952,502531,515423,2025-09-03,Stick,None,12.318476,76.596756,Medium,Online Scam,Under Investigation
2312,FIR/2022/002312,3,9,9,100758,523387,516404,2023-06-13,Crowbar,Car,13.009231,77.563924,Critical,Duplicate Key,Closed
2313,FIR/2026/002313,7,23,4,100318,512907,524372,2024-11-23,Pistol,Van,12.990079,77.615792,High,Knife Attack,Closed
2314,FIR/2025/002314,6,18,19,101470,506431,523874,2023-03-17,Pistol,Auto,12.915937,74.810215,Critical,Duplicate Key,Pending Trial
2315,FIR/2026/002315,11,36,6,100438,520082,504032,2022-08-26,Knife,Car,12.992693,77.567118,Critical,Online Scam,Closed
2316,FIR/2025/002316,5,15,5,100368,514949,510192,2022-05-03,Pistol,Car,12.93549,77.587603,Critical,Knife Attack,Closed
2317,FIR/2025/002317,10,34,15,101206,519421,513975,2022-01-06,Pistol,Van,12.30598,76.596127,Low,Vehicle Lock Break,Charge Sheet Filed
2318,FIR/2026/002318,3,10,5,100352,513390,517392,2022-03-27,Pistol,Truck,12.934341,77.566802,High,Physical Assault,Closed
2319,FIR/2024/002319,5,14,10,100778,509971,521240,2026-02-04,Hands,Van,12.927624,77.569286,Low,Physical Assault,Pending Trial
2320,FIR/2024/002320,10,34,13,101072,519528,520275,2023-07-24,Knife,Motorcycle,12.290626,76.671584,Low,Physical Assault,Closed
2321,FIR/2023/002321,8,27,16,101304,505343,516248,2025-03-20,Iron Rod,Auto,12.967821,74.859591,High,Social Engineering,Under Investigation
2322,FIR/2024/002322,2,7,2,100165,519738,504150,2026-01-12,Pistol,Motorcycle,12.93633,77.600884,Medium,Fake Identity,Pending Trial
2323,FIR/2024/002323,5,14,17,101372,501945,510920,2023-01-18,Unknown,Motorcycle,12.905156,74.852912,Low,Forced Entry,Closed
2324,FIR/2026/002324,8,28,9,100746,519985,519015,2023-05-19,Pistol,Truck,12.972953,77.537522,High,Physical Assault,Pending Trial
2325,FIR/2023/002325,4,12,2,100135,501956,507641,2023-01-05,Unknown,Truck,12.979274,77.611073,High,Online Scam,Closed
2326,FIR/2022/002326,2,5,12,101029,509420,520968,2026-10-25,Knife,Car,12.28974,76.657257,Critical,Poisoning,Under Investigation
2327,FIR/2024/002327,1,1,12,100977,503667,516993,2025-07-01,Pistol,None,12.290259,76.686556,Medium,Vehicle Lock Break,Under Investigation
2328,FIR/2023/002328,7,25,11,100886,523575,520846,2026-06-14,Knife,Car,12.35577,76.621008,Low,Poisoning,Closed
2329,FIR/2023/002329,3,8,13,101071,509021,517389,2024-02-03,Iron Rod,Car,12.282376,76.683878,Medium,Social Engineering,Pending Trial
2330,FIR/2023/002330,6,20,5,100342,523507,518167,2026-06-16,Crowbar,None,12.923779,77.557914,High,Poisoning,Closed
2331,FIR/2023/002331,12,39,9,100768,524370,513579,2023-05-03,Knife,Car,13.019485,77.57666,Low,Vehicle Lock Break,Pending Trial
2332,FIR/2024/002332,8,27,11,100944,503991,504643,2024-05-04,Iron Rod,Van,12.339298,76.633205,Medium,ATM Skimming,Under Investigation
2333,FIR/2022/002333,1,3,20,101608,523864,510049,2026-08-20,Crowbar,Scooter,12.944534,74.843444,Medium,Forced Entry,Pending Trial
2334,FIR/2022/002334,4,13,19,101477,507549,502021,2022-02-27,Knife,None,12.958759,74.847254,Low,Forced Entry,Under Investigation
2335,FIR/2025/002335,11,36,9,100767,522850,505784,2025-02-11,Knife,Van,12.970326,77.566629,Critical,ATM Skimming,Charge Sheet Filed
2336,FIR/2023/002336,10,34,10,100822,502912,509144,2025-01-13,Knife,None,12.979624,77.602465,Critical,Duplicate Key,Pending Trial
2337,FIR/2024/002337,3,10,17,101374,524700,523826,2023-02-04,Stick,Van,12.903988,74.859019,Medium,Vehicle Lock Break,Charge Sheet Filed
2338,FIR/2023/002338,1,2,5,100413,516912,516785,2022-05-26,Hands,Scooter,12.943422,77.549942,Critical,ATM Skimming,Charge Sheet Filed
2339,FIR/2023/002339,5,16,9,100753,506847,511909,2023-04-25,Pistol,Car,13.004104,77.585113,Low,Firearm,Pending Trial
2340,FIR/2026/002340,5,16,20,101576,507851,516596,2026-10-15,Hands,Car,12.929409,74.863485,High,Online Scam,Under Investigation
2341,FIR/2022/002341,11,36,17,101386,501978,507038,2022-05-17,Pistol,Scooter,12.883608,74.853076,Low,Social Engineering,Charge Sheet Filed
2342,FIR/2023/002342,6,22,16,101323,506403,509541,2024-01-28,Crowbar,Truck,12.924312,74.857894,Low,Vehicle Lock Break,Pending Trial
2343,FIR/2023/002343,2,5,12,101053,507798,513032,2022-08-19,Pistol,Auto,12.318594,76.690499,High,Physical Assault,Under Investigation
2344,FIR/2023/002344,2,6,13,101070,509827,512827,2026-04-09,Pistol,Scooter,12.318321,76.70043,Medium,ATM Skimming,Charge Sheet Filed
2345,FIR/2026/002345,1,1,16,101257,508002,522883,2022-09-17,Iron Rod,Car,12.959426,74.862986,Medium,Duplicate Key,Closed
2346,FIR/2022/002346,12,38,8,100673,521543,515403,2022-10-16,Knife,Truck,13.013291,77.597432,Low,Firearm,Under Investigation
2347,FIR/2022/002347,5,14,12,101045,507244,506400,2023-08-31,Crowbar,Auto,12.283991,76.693801,Low,Vehicle Lock Break,Charge Sheet Filed
2348,FIR/2025/002348,8,26,17,101391,513502,514602,2024-02-04,Pistol,Van,12.913796,74.878269,Critical,Poisoning,Pending Trial
2349,FIR/2024/002349,8,26,1,100077,502728,508789,2025-05-31,Stick,None,13.001318,77.559021,Medium,Knife Attack,Charge Sheet Filed
2350,FIR/2025/002350,10,33,14,101153,523775,515870,2025-04-24,Iron Rod,Car,12.293796,76.662518,Low,Duplicate Key,Pending Trial
2351,FIR/2022/002351,9,29,1,100043,514642,500372,2023-06-17,Hands,Car,12.994424,77.548942,Critical,Firearm,Under Investigation
2352,FIR/2023/002352,6,21,19,101524,503068,520119,2022-10-23,Knife,Scooter,12.955992,74.82571,High,Duplicate Key,Under Investigation
2353,FIR/2025/002353,10,33,6,100489,512360,504482,2024-08-05,Knife,None,13.013005,77.610353,Medium,Physical Assault,Charge Sheet Filed
2354,FIR/2022/002354,9,31,16,101326,516983,518484,2022-09-13,Knife,Truck,12.939114,74.886149,High,Fake Identity,Closed
2355,FIR/2025/002355,7,25,5,100366,516022,517711,2024-01-05,Pistol,Scooter,12.92125,77.561126,Low,Social Engineering,Pending Trial
2356,FIR/2024/002356,5,16,14,101121,506448,504116,2024-08-06,Iron Rod,Van,12.280465,76.68819,High,Fake Identity,Pending Trial
2357,FIR/2024/002357,1,2,15,101195,520952,510539,2022-11-20,Stick,None,12.302833,76.615789,Critical,Social Engineering,Charge Sheet Filed
2358,FIR/2024/002358,4,12,15,101212,517927,520972,2024-09-19,Hands,Truck,12.306859,76.600322,Low,Social Engineering,Pending Trial
2359,FIR/2023/002359,2,5,10,100843,515354,511851,2026-10-14,Unknown,Scooter,12.976071,77.598981,Medium,Poisoning,Pending Trial
2360,FIR/2026/002360,6,20,19,101487,520291,516603,2023-11-28,Crowbar,Car,12.949761,74.859732,Low,ATM Skimming,Pending Trial
2361,FIR/2026/002361,11,36,18,101435,508752,509949,2023-11-28,Stick,Scooter,12.951367,74.888071,Critical,Knife Attack,Closed
2362,FIR/2023/002362,9,30,15,101226,518910,514613,2023-04-12,Crowbar,Auto,12.286968,76.607278,Critical,Social Engineering,Closed
2363,FIR/2023/002363,5,14,8,100676,505293,509674,2024-05-26,Iron Rod,None,13.007672,77.614258,Critical,ATM Skimming,Pending Trial
2364,FIR/2022/002364,4,13,5,100398,501208,515960,2022-02-15,Unknown,Motorcycle,12.965086,77.586763,Critical,Vehicle Lock Break,Under Investigation
2365,FIR/2022/002365,8,26,4,100275,505172,506239,2023-04-05,Iron Rod,None,13.007549,77.630735,Medium,Physical Assault,Charge Sheet Filed
2366,FIR/2023/002366,6,20,5,100376,504503,500009,2022-09-29,Iron Rod,Motorcycle,12.927792,77.581249,Critical,Social Engineering,Charge Sheet Filed
2367,FIR/2025/002367,6,18,20,101615,513771,504405,2024-11-23,Hands,Scooter,12.917387,74.869831,Low,Vehicle Lock Break,Under Investigation
2368,FIR/2023/002368,5,14,2,100111,505960,523811,2025-10-15,Stick,None,12.955733,77.594008,Low,Firearm,Pending Trial
2369,FIR/2022/002369,3,10,5,100397,512896,504196,2023-08-23,Unknown,Truck,12.922773,77.576106,Low,Physical Assault,Closed
2370,FIR/2023/002370,2,7,10,100804,506125,514758,2026-10-08,Hands,None,12.948184,77.571779,High,Physical Assault,Under Investigation
2371,FIR/2023/002371,1,3,17,101390,518043,512922,2022-11-29,Hands,Truck,12.908667,74.881338,Medium,Vehicle Lock Break,Closed
2372,FIR/2022/002372,3,10,19,101494,507110,500074,2024-10-15,Iron Rod,Auto,12.931488,74.82469,High,Online Scam,Charge Sheet Filed
2373,FIR/2025/002373,7,23,9,100756,513895,520825,2025-05-08,Pistol,None,12.985851,77.574023,Medium,Knife Attack,Charge Sheet Filed
2374,FIR/2022/002374,4,11,1,100096,511752,504941,2022-05-02,Pistol,Scooter,12.948025,77.550884,High,ATM Skimming,Pending Trial
2375,FIR/2022/002375,7,24,19,101485,501978,503401,2022-12-24,Iron Rod,Van,12.94093,74.824389,High,ATM Skimming,Charge Sheet Filed
2376,FIR/2024/002376,10,34,15,101200,514641,509834,2026-08-11,Stick,None,12.281823,76.605223,Medium,Firearm,Charge Sheet Filed
2377,FIR/2023/002377,8,26,14,101166,523068,506765,2026-12-11,Unknown,Truck,12.265272,76.64584,High,Physical Assault,Under Investigation
2378,FIR/2023/002378,6,18,11,100948,517818,502571,2024-10-15,Unknown,Auto,12.345922,76.625524,Critical,Social Engineering,Pending Trial
2379,FIR/2026/002379,2,5,14,101162,503907,515810,2025-02-04,Knife,Truck,12.255284,76.689668,Critical,Fake Identity,Under Investigation
2380,FIR/2024/002380,6,22,11,100905,502980,524090,2022-01-13,Stick,Van,12.337134,76.594276,Medium,Poisoning,Closed
2381,FIR/2025/002381,8,28,7,100586,501268,519107,2023-09-22,Crowbar,None,12.912242,77.620905,Critical,Firearm,Under Investigation
2382,FIR/2023/002382,11,36,9,100713,513501,518640,2024-12-21,Unknown,Truck,12.993469,77.541408,Medium,Online Scam,Closed
2383,FIR/2023/002383,1,1,19,101478,521561,512625,2022-03-03,Hands,Motorcycle,12.933022,74.856103,High,Poisoning,Closed
2384,FIR/2024/002384,7,24,18,101442,513618,500980,2022-07-15,Crowbar,None,12.921544,74.861159,High,Online Scam,Closed
2385,FIR/2023/002385,2,6,4,100317,516183,502209,2022-09-17,Crowbar,Scooter,13.002525,77.645875,Low,Forced Entry,Under Investigation
2386,FIR/2023/002386,6,21,3,100247,509579,510375,2024-12-08,Crowbar,Truck,12.980766,77.622542,Critical,Firearm,Charge Sheet Filed
2387,FIR/2022/002387,4,13,10,100797,521361,501549,2025-09-26,Iron Rod,Car,12.949016,77.597528,High,Online Scam,Closed
2388,FIR/2025/002388,8,26,3,100175,509794,500905,2023-12-08,Crowbar,None,12.956664,77.583978,High,Fake Identity,Charge Sheet Filed
2389,FIR/2023/002389,11,36,5,100416,513413,503862,2024-05-12,Knife,Van,12.964337,77.573085,Low,Firearm,Under Investigation
2390,FIR/2023/002390,7,23,5,100421,522187,511522,2022-03-09,Crowbar,Truck,12.949541,77.596744,Low,Social Engineering,Under Investigation
2391,FIR/2026/002391,6,20,13,101099,511289,513469,2022-03-06,Knife,Van,12.301095,76.659963,High,Firearm,Closed
2392,FIR/2026/002392,1,1,4,100285,518499,523354,2024-08-23,Hands,Car,13.004167,77.612292,Critical,Vehicle Lock Break,Closed
2393,FIR/2025/002393,6,22,9,100765,502829,521491,2023-02-19,Pistol,Motorcycle,13.010094,77.592316,Critical,Vehicle Lock Break,Under Investigation
2394,FIR/2022/002394,9,30,7,100577,506843,523774,2023-03-09,Unknown,Motorcycle,12.907501,77.621816,Critical,Fake Identity,Closed
2395,FIR/2023/002395,6,19,6,100516,501264,504883,2026-03-27,Pistol,Van,12.971131,77.583375,Low,Firearm,Under Investigation
2396,FIR/2026/002396,2,5,6,100483,515360,514700,2022-06-14,Stick,None,12.971878,77.611634,Critical,Forced Entry,Pending Trial
2397,FIR/2022/002397,12,38,4,100271,520120,513240,2024-06-30,Pistol,Motorcycle,12.994495,77.624191,Critical,Physical Assault,Charge Sheet Filed
2398,FIR/2026/002398,6,20,12,101023,511296,523504,2025-09-26,Knife,Van,12.317205,76.654785,Low,Knife Attack,Closed
2399,FIR/2022/002399,6,21,2,100101,512928,512965,2024-10-22,Stick,Car,12.924528,77.636333,Medium,Online Scam,Under Investigation
2400,FIR/2022/002400,12,40,2,100129,511667,511775,2022-02-17,Hands,Car,12.966336,77.589617,High,Poisoning,Pending Trial
2401,FIR/2026/002401,12,39,10,100783,523320,516078,2023-04-27,Stick,Auto,12.960774,77.578485,Low,Fake Identity,Pending Trial
2402,FIR/2025/002402,5,17,19,101526,503453,500223,2023-11-13,Crowbar,Truck,12.952063,74.855777,Critical,Social Engineering,Closed
2403,FIR/2023/002403,7,25,10,100788,521255,524011,2025-04-27,Stick,Auto,12.979496,77.56552,Low,Physical Assault,Under Investigation
2404,FIR/2026/002404,10,32,3,100199,521993,511069,2023-09-04,Pistol,None,13.000258,77.600428,Critical,ATM Skimming,Charge Sheet Filed
2405,FIR/2023/002405,7,24,9,100710,504694,523439,2026-04-30,Iron Rod,Car,12.965633,77.585421,Medium,ATM Skimming,Pending Trial
2406,FIR/2024/002406,5,15,9,100768,520687,502657,2023-09-18,Crowbar,Motorcycle,13.021005,77.581664,Critical,Physical Assault,Charge Sheet Filed
2407,FIR/2025/002407,6,21,9,100761,506885,514291,2023-10-22,Stick,Truck,12.97276,77.564921,Medium,Duplicate Key,Charge Sheet Filed
2408,FIR/2024/002408,1,3,8,100705,514677,507914,2023-01-31,Unknown,Scooter,13.005709,77.621443,Critical,Fake Identity,Under Investigation
2409,FIR/2025/002409,8,28,19,101519,509885,507206,2022-05-20,Pistol,Truck,12.956672,74.820233,Critical,Online Scam,Charge Sheet Filed
2410,FIR/2025/002410,10,34,18,101428,510015,500148,2025-09-28,Unknown,Truck,12.924191,74.873061,Critical,Social Engineering,Under Investigation
2411,FIR/2026/002411,2,7,4,100274,519887,518369,2026-06-01,Unknown,Auto,12.980159,77.641545,Medium,Poisoning,Pending Trial
2412,FIR/2025/002412,7,25,9,100735,507160,511527,2024-07-04,Crowbar,Motorcycle,13.01068,77.561864,Critical,Firearm,Charge Sheet Filed
2413,FIR/2024/002413,8,27,11,100951,517411,503979,2023-02-24,Crowbar,Van,12.32082,76.625037,High,Duplicate Key,Charge Sheet Filed
2414,FIR/2022/002414,8,27,18,101447,517717,520957,2024-04-21,Iron Rod,Truck,12.939598,74.875719,Critical,Duplicate Key,Pending Trial
2415,FIR/2023/002415,8,27,20,101598,506979,514899,2026-01-28,Stick,Car,12.898853,74.860915,Low,ATM Skimming,Closed
2416,FIR/2024/002416,1,4,11,100925,503319,524703,2024-09-14,Iron Rod,Motorcycle,12.360664,76.603098,Critical,Fake Identity,Pending Trial
2417,FIR/2025/002417,2,7,19,101514,516558,504107,2023-03-15,Iron Rod,Motorcycle,12.934921,74.827919,Low,Firearm,Pending Trial
2418,FIR/2022/002418,8,26,3,100227,515520,501734,2022-09-12,Iron Rod,Truck,12.980532,77.619183,Low,Forced Entry,Closed
2419,FIR/2024/002419,5,17,14,101161,504749,514204,2022-12-16,Crowbar,Auto,12.251298,76.690589,Low,Firearm,Under Investigation
2420,FIR/2024/002420,11,35,14,101151,519205,515275,2025-09-21,Pistol,Truck,12.269664,76.631923,Low,Online Scam,Charge Sheet Filed
2421,FIR/2024/002421,8,27,19,101471,511514,515498,2026-02-17,Knife,Car,12.902445,74.859446,High,Social Engineering,Charge Sheet Filed
2422,FIR/2023/002422,10,34,8,100664,513597,505022,2023-04-13,Iron Rod,Scooter,12.978233,77.625,High,Fake Identity,Charge Sheet Filed
2423,FIR/2025/002423,12,40,11,100919,501415,524203,2025-05-16,Stick,Auto,12.307027,76.596824,Critical,Forced Entry,Charge Sheet Filed
2424,FIR/2023/002424,6,22,3,100183,511515,518223,2026-02-23,Crowbar,Car,12.988645,77.600842,Medium,Vehicle Lock Break,Charge Sheet Filed
2425,FIR/2025/002425,12,39,10,100806,503779,501466,2024-09-20,Knife,None,12.93132,77.611731,High,ATM Skimming,Under Investigation
2426,FIR/2024/002426,6,22,18,101459,500010,521800,2024-05-19,Hands,Auto,12.912596,74.868044,Critical,Fake Identity,Under Investigation
2427,FIR/2023/002427,5,17,4,100279,500600,515130,2025-09-25,Pistol,Scooter,12.956264,77.626594,Low,Knife Attack,Closed
2428,FIR/2024/002428,1,3,16,101323,507543,515270,2026-11-20,Crowbar,Van,12.951744,74.896602,High,Physical Assault,Closed
2429,FIR/2023/002429,8,26,2,100155,501000,522786,2022-01-04,Stick,Car,12.947047,77.616781,High,ATM Skimming,Charge Sheet Filed
2430,FIR/2022/002430,6,21,4,100271,511925,503338,2025-03-25,Unknown,Van,12.960171,77.655165,Medium,Knife Attack,Under Investigation
2431,FIR/2024/002431,7,23,8,100704,505925,522981,2025-12-24,Iron Rod,Van,12.993746,77.618127,High,Vehicle Lock Break,Pending Trial
2432,FIR/2022/002432,10,32,20,101572,505036,517445,2024-07-01,Unknown,Truck,12.887961,74.862472,Medium,Fake Identity,Charge Sheet Filed
2433,FIR/2023/002433,5,15,14,101131,505968,503412,2022-04-26,Knife,Car,12.285439,76.637504,Medium,ATM Skimming,Charge Sheet Filed
2434,FIR/2026/002434,7,24,20,101582,504438,509764,2024-06-07,Crowbar,Car,12.921732,74.885348,Medium,Knife Attack,Under Investigation
2435,FIR/2026/002435,4,13,16,101341,502456,520355,2025-08-21,Stick,Truck,12.962878,74.88921,Critical,Forced Entry,Pending Trial
2436,FIR/2022/002436,12,40,9,100772,500090,518109,2025-08-23,Knife,None,13.003593,77.56186,Critical,Vehicle Lock Break,Pending Trial
2437,FIR/2025/002437,9,30,4,100309,505959,503538,2022-04-15,Crowbar,Van,13.008408,77.629695,High,Online Scam,Pending Trial
2438,FIR/2022/002438,8,28,5,100362,512711,516346,2026-12-27,Knife,None,12.926539,77.578891,Critical,Firearm,Closed
2439,FIR/2023/002439,2,5,3,100210,505768,509905,2023-05-27,Knife,Auto,12.984213,77.617519,Low,Firearm,Closed
2440,FIR/2026/002440,10,34,19,101495,507001,516641,2026-02-23,Crowbar,Auto,12.943128,74.812656,High,Fake Identity,Charge Sheet Filed
2441,FIR/2023/002441,12,39,13,101083,508329,520317,2026-03-08,Hands,Van,12.330072,76.646847,Medium,Poisoning,Under Investigation
2442,FIR/2024/002442,8,27,14,101173,507068,522480,2026-12-19,Knife,Van,12.30519,76.652842,Critical,Knife Attack,Closed
2443,FIR/2026/002443,12,39,12,100965,508083,504922,2024-04-22,Stick,Motorcycle,12.305375,76.698157,Critical,Poisoning,Charge Sheet Filed
2444,FIR/2024/002444,4,11,15,101223,511366,519799,2022-04-24,Unknown,Motorcycle,12.296512,76.584756,Medium,Physical Assault,Under Investigation
2445,FIR/2025/002445,5,14,12,101042,523087,500054,2023-10-02,Iron Rod,Car,12.301184,76.659639,Low,Forced Entry,Closed
2446,FIR/2023/002446,7,23,11,100913,512769,507044,2025-07-06,Hands,Van,12.35745,76.631832,Low,Poisoning,Under Investigation
2447,FIR/2026/002447,5,16,15,101223,501471,514516,2025-08-13,Iron Rod,None,12.308688,76.612698,High,Duplicate Key,Closed
2448,FIR/2024/002448,2,5,18,101419,510029,523393,2022-11-28,Hands,Motorcycle,12.95556,74.880612,Critical,Poisoning,Under Investigation
2449,FIR/2023/002449,12,39,4,100307,516312,509025,2025-11-24,Stick,Scooter,12.990392,77.626932,High,Firearm,Under Investigation
2450,FIR/2023/002450,6,20,18,101430,514712,524911,2023-06-22,Hands,None,12.923677,74.876047,Medium,Poisoning,Under Investigation
2451,FIR/2023/002451,7,24,15,101232,514076,521655,2022-02-16,Crowbar,Truck,12.281923,76.602762,Low,ATM Skimming,Under Investigation
2452,FIR/2025/002452,1,1,17,101358,510694,516138,2022-07-29,Pistol,Truck,12.908363,74.874146,High,Physical Assault,Closed
2453,FIR/2023/002453,2,5,7,100567,520085,522454,2022-09-20,Unknown,Scooter,12.912173,77.64409,Critical,ATM Skimming,Charge Sheet Filed
2454,FIR/2025/002454,6,19,19,101526,510404,515282,2025-08-30,Iron Rod,None,12.9328,74.849854,High,Poisoning,Closed
2455,FIR/2023/002455,11,36,9,100726,505388,503117,2023-05-21,Hands,None,12.966458,77.559554,Low,Vehicle Lock Break,Closed
2456,FIR/2023/002456,4,12,15,101249,505583,524719,2024-10-09,Hands,Motorcycle,12.295693,76.611405,Medium,ATM Skimming,Pending Trial
2457,FIR/2025/002457,3,8,2,100097,504336,516165,2022-08-14,Pistol,Car,12.969343,77.607128,High,ATM Skimming,Closed
2458,FIR/2025/002458,1,4,6,100534,503311,506791,2024-05-15,Iron Rod,Auto,12.990937,77.595229,Critical,Social Engineering,Charge Sheet Filed
2459,FIR/2025/002459,6,19,8,100642,510260,513052,2023-11-27,Hands,Truck,13.011582,77.607239,Medium,ATM Skimming,Pending Trial
2460,FIR/2024/002460,11,35,2,100159,507778,521773,2022-08-16,Iron Rod,Car,12.977459,77.586632,Low,Social Engineering,Closed
2461,FIR/2023/002461,10,33,14,101125,501960,501418,2024-03-25,Hands,Van,12.268079,76.677999,Low,Online Scam,Charge Sheet Filed
2462,FIR/2024/002462,8,28,8,100668,523803,502926,2026-12-11,Crowbar,Auto,12.983013,77.578392,Low,Knife Attack,Pending Trial
2463,FIR/2023/002463,6,18,4,100296,514599,507695,2024-01-22,Pistol,Van,12.952696,77.650989,Low,Firearm,Pending Trial
2464,FIR/2025/002464,8,28,6,100482,519913,514841,2023-06-04,Knife,Truck,13.01064,77.579067,Critical,Fake Identity,Closed
2465,FIR/2023/002465,11,35,4,100259,523836,507411,2025-10-22,Iron Rod,Truck,13.00541,77.64844,Critical,Knife Attack,Pending Trial
2466,FIR/2025/002466,12,39,8,100648,500124,501094,2025-05-29,Knife,Auto,12.978058,77.600218,Medium,Duplicate Key,Under Investigation
2467,FIR/2023/002467,6,19,20,101579,503262,510610,2025-07-11,Knife,Car,12.888392,74.864397,Medium,Poisoning,Charge Sheet Filed
2468,FIR/2023/002468,1,4,11,100918,518964,518815,2025-01-20,Iron Rod,None,12.36241,76.620457,Critical,Poisoning,Pending Trial
2469,FIR/2025/002469,6,19,5,100358,511108,519759,2026-12-30,Stick,Auto,12.957773,77.557974,Critical,Online Scam,Pending Trial
2470,FIR/2025/002470,3,8,11,100963,500082,504491,2026-02-19,Stick,Car,12.323726,76.579563,High,ATM Skimming,Closed
2471,FIR/2024/002471,6,19,17,101364,522547,516811,2022-02-17,Pistol,Car,12.887742,74.821697,High,Online Scam,Closed
2472,FIR/2024/002472,2,7,3,100184,521901,505651,2025-07-23,Knife,None,12.989574,77.609505,Low,Knife Attack,Charge Sheet Filed
2473,FIR/2025/002473,1,3,19,101495,500463,517339,2023-06-23,Stick,Car,12.949099,74.818773,Low,Online Scam,Charge Sheet Filed
2474,FIR/2025/002474,4,12,17,101348,516216,509333,2026-05-26,Unknown,Car,12.916112,74.880654,Medium,ATM Skimming,Pending Trial
2475,FIR/2025/002475,6,18,17,101369,516369,507924,2023-05-13,Crowbar,Car,12.930223,74.864422,Medium,Knife Attack,Charge Sheet Filed
2476,FIR/2025/002476,3,8,16,101318,502050,502828,2026-01-11,Pistol,Truck,12.925383,74.869856,Low,Fake Identity,Closed
2477,FIR/2026/002477,11,37,15,101255,514897,517950,2026-10-18,Unknown,Scooter,12.290231,76.63071,High,Firearm,Charge Sheet Filed
2478,FIR/2026/002478,1,4,13,101086,523039,514588,2025-04-25,Unknown,Truck,12.284733,76.656917,Medium,Vehicle Lock Break,Charge Sheet Filed
2479,FIR/2026/002479,6,22,20,101551,510614,502712,2025-04-16,Stick,Truck,12.946465,74.836366,Critical,Knife Attack,Charge Sheet Filed
2480,FIR/2026/002480,2,6,11,100911,524727,506717,2023-02-24,Pistol,Motorcycle,12.328118,76.633098,Low,Physical Assault,Under Investigation
2481,FIR/2026/002481,1,4,4,100316,521089,518577,2023-09-25,Knife,Van,12.971374,77.609656,Low,Online Scam,Charge Sheet Filed
2482,FIR/2025/002482,11,36,18,101416,523743,518315,2023-09-05,Stick,Scooter,12.969604,74.842393,High,Social Engineering,Pending Trial
2483,FIR/2023/002483,9,30,4,100303,523630,512299,2026-12-22,Hands,Auto,12.987994,77.626698,Critical,Fake Identity,Closed
2484,FIR/2022/002484,1,3,5,100346,517333,500748,2024-02-16,Pistol,Motorcycle,12.938794,77.594323,Medium,Online Scam,Under Investigation
2485,FIR/2026/002485,6,19,8,100646,509975,501258,2025-03-01,Pistol,Truck,12.989548,77.618168,Medium,Forced Entry,Under Investigation
2486,FIR/2025/002486,4,11,5,100353,521783,518909,2023-12-12,Unknown,Auto,12.937315,77.544569,Low,Firearm,Under Investigation
2487,FIR/2023/002487,2,7,17,101387,519099,513375,2022-04-29,Iron Rod,Car,12.929392,74.833942,Low,Duplicate Key,Closed
2488,FIR/2022/002488,3,10,16,101272,519643,513756,2023-06-26,Knife,Car,12.921466,74.882574,Low,Vehicle Lock Break,Closed
2489,FIR/2022/002489,9,31,15,101215,505172,517765,2022-10-29,Unknown,Truck,12.308975,76.588849,Medium,Fake Identity,Under Investigation
2490,FIR/2026/002490,3,8,11,100910,512150,515880,2022-04-07,Stick,Car,12.310227,76.624753,Low,Physical Assault,Under Investigation
2491,FIR/2022/002491,9,30,19,101474,518576,507332,2024-02-16,Crowbar,Auto,12.930644,74.841864,Low,Knife Attack,Closed
2492,FIR/2022/002492,10,34,12,101028,510884,506366,2024-05-01,Hands,Motorcycle,12.302743,76.678643,High,Knife Attack,Pending Trial
2493,FIR/2022/002493,6,19,19,101494,501461,511247,2022-05-26,Pistol,Truck,12.904523,74.864859,Low,Knife Attack,Under Investigation
2494,FIR/2026/002494,10,33,19,101483,510084,506744,2023-11-22,Crowbar,Auto,12.908178,74.841286,High,Firearm,Closed
2495,FIR/2024/002495,8,26,9,100708,506602,521067,2023-09-08,Pistol,Auto,12.978636,77.580278,Low,Forced Entry,Closed
2496,FIR/2024/002496,8,26,10,100792,514278,510962,2026-10-02,Pistol,Truck,12.944256,77.582259,Medium,Fake Identity,Closed
2497,FIR/2022/002497,10,33,13,101094,517744,516193,2025-09-25,Knife,Motorcycle,12.312477,76.647876,Medium,Forced Entry,Under Investigation
2498,FIR/2026/002498,11,37,19,101519,500161,500162,2025-02-05,Iron Rod,Motorcycle,12.934312,74.84089,Low,Fake Identity,Pending Trial
2499,FIR/2026/002499,2,5,17,101349,511844,515865,2024-05-23,Stick,Truck,12.878928,74.852448,Low,Firearm,Closed
2500,FIR/2025/002500,11,35,14,101147,502836,514207,2024-05-18,Unknown,Van,12.272279,76.63754,Low,Physical Assault,Pending Trial
2501,FIR/2026/002501,8,26,5,100355,509099,504470,2022-10-28,Knife,Car,12.957015,77.56644,Medium,ATM Skimming,Charge Sheet Filed
2502,FIR/2026/002502,8,27,18,101451,510710,508877,2024-02-25,Unknown,Auto,12.915327,74.862919,High,Social Engineering,Charge Sheet Filed
2503,FIR/2026/002503,12,40,15,101189,508086,515526,2024-09-21,Stick,Van,12.277636,76.620899,Medium,Online Scam,Charge Sheet Filed
2504,FIR/2022/002504,3,9,11,100892,512580,519786,2024-01-17,Knife,Scooter,12.336975,76.607904,Critical,Social Engineering,Charge Sheet Filed
2505,FIR/2026/002505,6,20,14,101169,500652,503701,2025-11-22,Stick,Truck,12.291656,76.666185,Critical,ATM Skimming,Closed
2506,FIR/2024/002506,7,25,5,100371,507363,507267,2025-10-28,Hands,Car,12.969384,77.55189,Critical,Physical Assault,Under Investigation
2507,FIR/2022/002507,5,16,11,100919,517521,508293,2026-08-01,Hands,Truck,12.36382,76.608848,Medium,Forced Entry,Under Investigation
2508,FIR/2023/002508,3,10,10,100850,504990,502153,2023-06-28,Iron Rod,Van,12.953836,77.607327,Low,Duplicate Key,Charge Sheet Filed
2509,FIR/2026/002509,2,5,11,100893,516764,505414,2026-01-24,Knife,Auto,12.361729,76.631424,High,Online Scam,Pending Trial
2510,FIR/2023/002510,9,30,12,101036,520537,522202,2023-10-27,Stick,Scooter,12.325493,76.687779,High,ATM Skimming,Pending Trial
2511,FIR/2025/002511,4,13,5,100382,505208,504638,2023-06-21,Hands,None,12.919917,77.556754,Critical,Knife Attack,Under Investigation
2512,FIR/2023/002512,7,25,11,100886,508540,511270,2026-11-10,Hands,Truck,12.344487,76.622493,Low,ATM Skimming,Charge Sheet Filed
2513,FIR/2022/002513,4,13,18,101430,502963,504684,2025-09-02,Crowbar,Motorcycle,12.950764,74.873469,Critical,Online Scam,Closed
2514,FIR/2024/002514,7,24,20,101560,510940,518911,2026-12-01,Iron Rod,None,12.930832,74.855474,Medium,Physical Assault,Under Investigation
2515,FIR/2022/002515,12,40,10,100799,508910,516418,2022-11-12,Pistol,None,12.953596,77.590556,Critical,Online Scam,Closed
2516,FIR/2022/002516,4,12,10,100796,507652,511953,2024-03-01,Hands,Auto,12.928573,77.614365,Low,Social Engineering,Under Investigation
2517,FIR/2024/002517,5,15,3,100220,512758,520283,2024-09-09,Pistol,Van,12.969013,77.618947,Low,Online Scam,Charge Sheet Filed
2518,FIR/2024/002518,6,20,12,101047,514868,500137,2023-02-24,Iron Rod,None,12.339055,76.697462,Critical,Vehicle Lock Break,Closed
2519,FIR/2026/002519,8,27,3,100225,517946,500257,2024-11-03,Pistol,Van,12.997203,77.621393,Low,Online Scam,Under Investigation
2520,FIR/2024/002520,4,12,10,100789,515428,509592,2022-12-31,Iron Rod,Auto,12.98201,77.591353,High,Duplicate Key,Under Investigation
2521,FIR/2023/002521,2,6,16,101276,511784,506659,2026-06-21,Unknown,Car,12.952091,74.869667,Low,Social Engineering,Charge Sheet Filed
2522,FIR/2025/002522,10,34,7,100607,514670,524593,2022-08-07,Knife,Scooter,12.91552,77.613875,Low,Online Scam,Charge Sheet Filed
2523,FIR/2025/002523,5,17,20,101543,520888,500743,2026-01-16,Knife,Van,12.91654,74.834735,Critical,Physical Assault,Charge Sheet Filed
2524,FIR/2022/002524,2,5,6,100428,509572,513470,2026-06-04,Knife,Motorcycle,12.969786,77.613353,High,Fake Identity,Pending Trial
2525,FIR/2026/002525,2,6,10,100845,516738,506616,2026-11-19,Hands,None,12.964642,77.604247,High,Online Scam,Closed
2526,FIR/2023/002526,5,17,5,100399,514311,517397,2022-04-21,Hands,Auto,12.942192,77.558485,Medium,Duplicate Key,Charge Sheet Filed
2527,FIR/2022/002527,4,11,4,100279,519784,512050,2025-08-10,Unknown,Truck,12.976224,77.630765,High,Fake Identity,Charge Sheet Filed
2528,FIR/2022/002528,5,14,6,100431,521669,503478,2023-05-11,Iron Rod,Motorcycle,12.979791,77.573012,Medium,Social Engineering,Under Investigation
2529,FIR/2022/002529,7,23,10,100875,515839,521184,2026-12-05,Crowbar,Auto,12.983387,77.575136,Critical,Poisoning,Under Investigation
2530,FIR/2026/002530,12,40,9,100772,514011,520111,2026-02-18,Knife,Car,13.00188,77.561345,Critical,Online Scam,Under Investigation
2531,FIR/2024/002531,8,27,5,100369,509001,521203,2024-11-03,Crowbar,Motorcycle,12.921882,77.558149,Critical,Duplicate Key,Closed
2532,FIR/2022/002532,12,38,8,100688,506490,503285,2024-02-07,Hands,Motorcycle,12.96209,77.619949,Critical,Knife Attack,Pending Trial
2533,FIR/2022/002533,8,27,19,101505,518442,501959,2025-05-11,Pistol,None,12.956144,74.811187,Critical,Vehicle Lock Break,Under Investigation
2534,FIR/2024/002534,11,36,7,100549,523394,502768,2024-01-10,Knife,Truck,12.955499,77.632944,Critical,Physical Assault,Closed
2535,FIR/2023/002535,2,7,12,101032,522531,511037,2024-10-28,Unknown,Van,12.285807,76.661403,High,Online Scam,Charge Sheet Filed
2536,FIR/2024/002536,8,27,20,101548,501511,521731,2026-01-02,Iron Rod,None,12.893317,74.881649,Critical,ATM Skimming,Charge Sheet Filed
2537,FIR/2022/002537,2,5,16,101343,514590,510424,2025-04-18,Hands,Motorcycle,12.936055,74.886335,Low,Knife Attack,Pending Trial
2538,FIR/2023/002538,10,32,18,101418,505616,507980,2026-08-25,Pistol,Van,12.954359,74.857824,Critical,Fake Identity,Under Investigation
2539,FIR/2026/002539,5,16,5,100341,523676,519696,2023-05-12,Crowbar,Truck,12.947627,77.587764,Low,Online Scam,Charge Sheet Filed
2540,FIR/2023/002540,9,30,3,100249,508331,508268,2022-11-09,Stick,Auto,12.954134,77.586522,High,Online Scam,Pending Trial
2541,FIR/2023/002541,2,5,6,100534,510011,502948,2022-03-29,Hands,Scooter,13.016841,77.612393,Critical,ATM Skimming,Under Investigation
2542,FIR/2023/002542,2,5,12,101036,510090,501642,2024-12-22,Crowbar,Auto,12.326571,76.642048,Medium,Duplicate Key,Closed
2543,FIR/2022/002543,6,19,16,101336,520246,501340,2022-11-02,Crowbar,Van,12.964659,74.872947,High,Forced Entry,Under Investigation
2544,FIR/2023/002544,12,39,18,101408,509968,520792,2025-12-31,Iron Rod,None,12.920787,74.875687,Medium,Vehicle Lock Break,Charge Sheet Filed
2545,FIR/2024/002545,4,13,18,101413,502339,516007,2023-06-02,Stick,None,12.926453,74.887912,Critical,Social Engineering,Closed
2546,FIR/2026/002546,10,33,15,101240,523142,505500,2023-05-19,Stick,None,12.288822,76.58377,Medium,Firearm,Charge Sheet Filed
2547,FIR/2025/002547,10,33,6,100497,507836,516252,2026-12-17,Stick,Van,12.973375,77.595122,Medium,Physical Assault,Closed
2548,FIR/2023/002548,1,2,3,100181,507920,521288,2026-12-18,Stick,Car,12.999898,77.572443,High,Duplicate Key,Charge Sheet Filed
2549,FIR/2025/002549,7,23,3,100192,513339,518338,2025-05-10,Hands,None,12.968951,77.628397,Low,Firearm,Charge Sheet Filed
2550,FIR/2022/002550,9,31,19,101489,507844,517781,2023-10-02,Stick,Motorcycle,12.909455,74.840318,Medium,Vehicle Lock Break,Charge Sheet Filed
2551,FIR/2022/002551,5,14,6,100523,523460,503827,2024-06-28,Iron Rod,None,12.998852,77.569189,Medium,Online Scam,Charge Sheet Filed
2552,FIR/2025/002552,5,14,19,101519,519853,524325,2023-06-02,Pistol,Car,12.949177,74.863366,Critical,Online Scam,Closed
2553,FIR/2026/002553,8,27,11,100892,511172,501277,2022-05-22,Knife,Motorcycle,12.307388,76.607448,High,Fake Identity,Under Investigation
2554,FIR/2026/002554,4,12,16,101286,502666,508986,2026-09-05,Pistol,Van,12.936632,74.842816,Low,Knife Attack,Pending Trial
2555,FIR/2024/002555,1,3,10,100855,520881,518490,2023-12-24,Hands,Truck,12.963801,77.618181,Critical,Vehicle Lock Break,Pending Trial
2556,FIR/2026/002556,7,23,16,101307,502420,521024,2024-05-19,Stick,Auto,12.977202,74.862727,Low,Duplicate Key,Pending Trial
2557,FIR/2024/002557,6,20,11,100892,505851,506192,2026-11-28,Knife,Motorcycle,12.361012,76.605231,Low,Online Scam,Under Investigation
2558,FIR/2025/002558,5,14,7,100595,508831,508262,2022-04-25,Iron Rod,Motorcycle,12.932482,77.607541,Low,Vehicle Lock Break,Charge Sheet Filed
2559,FIR/2023/002559,2,6,9,100715,506906,510222,2025-01-26,Unknown,Van,12.985431,77.538246,Low,Firearm,Charge Sheet Filed
2560,FIR/2024/002560,3,10,9,100709,512231,509996,2026-03-16,Hands,None,12.97598,77.582615,Medium,Duplicate Key,Charge Sheet Filed
2561,FIR/2023/002561,5,14,12,101034,505786,523922,2023-07-18,Crowbar,Auto,12.30795,76.697815,Critical,Online Scam,Charge Sheet Filed
2562,FIR/2023/002562,1,1,2,100155,508379,502079,2022-03-29,Crowbar,Car,12.976586,77.629555,High,Fake Identity,Charge Sheet Filed
2563,FIR/2023/002563,6,19,13,101061,523919,516107,2026-10-29,Knife,Truck,12.315136,76.667609,Critical,ATM Skimming,Under Investigation
2564,FIR/2025/002564,4,11,13,101065,517438,510966,2022-06-02,Knife,Truck,12.296872,76.683763,Medium,Online Scam,Under Investigation
2565,FIR/2024/002565,6,22,14,101158,514150,512771,2024-12-25,Hands,Truck,12.286035,76.681139,Medium,Online Scam,Pending Trial
2566,FIR/2024/002566,10,33,2,100137,505942,507045,2025-03-29,Stick,Van,12.925342,77.606798,Critical,Duplicate Key,Charge Sheet Filed
2567,FIR/2025/002567,5,16,15,101252,500867,500746,2026-09-18,Unknown,Scooter,12.306114,76.5835,Critical,Poisoning,Charge Sheet Filed
2568,FIR/2025/002568,9,31,4,100267,504383,519471,2022-03-24,Iron Rod,Motorcycle,13.009479,77.65121,Medium,Social Engineering,Under Investigation
2569,FIR/2022/002569,1,3,9,100728,518260,508667,2026-12-08,Knife,Scooter,13.023526,77.55403,High,Online Scam,Under Investigation
2570,FIR/2023/002570,11,37,9,100749,520986,504215,2022-04-29,Unknown,Car,12.980007,77.538519,Critical,Social Engineering,Pending Trial
2571,FIR/2026/002571,1,3,5,100340,515683,506138,2024-03-31,Knife,Scooter,12.944521,77.559034,Low,Online Scam,Under Investigation
2572,FIR/2023/002572,4,13,13,101059,510336,522819,2023-12-15,Hands,Auto,12.330894,76.649326,Medium,Online Scam,Closed
2573,FIR/2025/002573,4,12,3,100212,507496,521234,2024-04-11,Knife,Auto,12.954831,77.575315,Low,Physical Assault,Charge Sheet Filed
2574,FIR/2022/002574,5,14,4,100277,511712,520114,2026-04-20,Stick,Auto,12.969997,77.637622,Low,Social Engineering,Pending Trial
2575,FIR/2022/002575,2,5,18,101412,517838,510663,2025-03-02,Unknown,Van,12.962266,74.841237,High,Duplicate Key,Closed
2576,FIR/2026/002576,2,5,3,100195,514370,500395,2025-05-24,Crowbar,Truck,12.99205,77.61966,Medium,Knife Attack,Under Investigation
2577,FIR/2025/002577,1,1,5,100413,514350,506447,2026-06-20,Pistol,Auto,12.921079,77.552034,Critical,Social Engineering,Charge Sheet Filed
2578,FIR/2023/002578,12,39,2,100109,519905,523907,2024-05-31,Iron Rod,None,12.941162,77.603916,Critical,Poisoning,Charge Sheet Filed
2579,FIR/2025/002579,5,14,13,101059,515898,511771,2022-05-29,Stick,None,12.284611,76.660317,Medium,Knife Attack,Closed
2580,FIR/2023/002580,7,25,17,101382,515634,514160,2023-10-05,Hands,Motorcycle,12.920369,74.875626,High,ATM Skimming,Closed
2581,FIR/2024/002581,5,17,8,100632,514355,518279,2026-06-19,Stick,Scooter,12.988653,77.626446,Critical,Physical Assault,Pending Trial
2582,FIR/2023/002582,6,20,5,100415,501556,511631,2025-07-02,Unknown,Motorcycle,12.968097,77.594817,Medium,Fake Identity,Pending Trial
2583,FIR/2025/002583,5,17,19,101478,521179,501507,2024-08-31,Unknown,Scooter,12.952928,74.810951,Critical,ATM Skimming,Closed
2584,FIR/2023/002584,5,15,6,100514,510509,501350,2025-05-08,Unknown,Van,12.966222,77.616558,Critical,Physical Assault,Under Investigation
2585,FIR/2024/002585,3,8,6,100527,510911,507077,2025-06-25,Pistol,Motorcycle,13.01517,77.591342,High,Online Scam,Charge Sheet Filed
2586,FIR/2026/002586,6,21,3,100239,521237,509579,2025-03-21,Stick,Auto,12.964768,77.569592,Medium,Poisoning,Closed
2587,FIR/2025/002587,6,19,18,101424,513131,504200,2025-04-01,Crowbar,None,12.946545,74.871412,Medium,Knife Attack,Pending Trial
2588,FIR/2025/002588,11,36,18,101442,507831,524386,2026-03-10,Unknown,None,12.95036,74.83974,High,Social Engineering,Pending Trial
2589,FIR/2022/002589,11,37,4,100305,510237,503370,2022-08-06,Crowbar,Motorcycle,12.987999,77.642471,Low,Forced Entry,Closed
2590,FIR/2025/002590,6,22,4,100256,507588,500325,2026-06-29,Iron Rod,Auto,13.009584,77.600992,Critical,Vehicle Lock Break,Pending Trial
2591,FIR/2023/002591,9,29,11,100932,500772,504798,2022-12-17,Hands,Van,12.348442,76.596808,Medium,Knife Attack,Pending Trial
2592,FIR/2023/002592,10,32,11,100958,524547,522684,2024-04-17,Knife,Scooter,12.327675,76.615695,Low,Knife Attack,Under Investigation
2593,FIR/2023/002593,4,12,18,101412,518175,522298,2024-09-05,Hands,Truck,12.926052,74.858851,Medium,Physical Assault,Closed
2594,FIR/2022/002594,3,9,13,101102,509599,501003,2026-03-16,Stick,Truck,12.294955,76.689814,High,Fake Identity,Charge Sheet Filed
2595,FIR/2025/002595,6,19,14,101159,500170,509950,2024-10-11,Pistol,Motorcycle,12.267104,76.661795,Low,Firearm,Closed
2596,FIR/2026/002596,6,22,15,101244,524887,521694,2024-05-29,Iron Rod,Car,12.282492,76.62041,Low,Duplicate Key,Charge Sheet Filed
2597,FIR/2024/002597,3,10,7,100554,521918,500100,2025-02-10,Hands,Van,12.943091,77.622272,High,Firearm,Closed
2598,FIR/2022/002598,11,37,10,100824,503579,500669,2023-10-04,Crowbar,Car,12.929155,77.604452,Critical,Duplicate Key,Pending Trial
2599,FIR/2026/002599,4,13,10,100844,502502,515210,2026-02-18,Pistol,Motorcycle,12.956988,77.610405,Critical,Social Engineering,Charge Sheet Filed
2600,FIR/2024/002600,7,25,19,101525,506988,515848,2024-01-01,Knife,Auto,12.925538,74.862373,Medium,ATM Skimming,Closed
2601,FIR/2024/002601,1,1,5,100368,508522,513342,2023-06-09,Iron Rod,Truck,12.926143,77.592615,Critical,Vehicle Lock Break,Charge Sheet Filed
2602,FIR/2026/002602,11,36,13,101068,505453,509853,2026-08-17,Iron Rod,Scooter,12.319841,76.666972,Medium,Knife Attack,Under Investigation
2603,FIR/2022/002603,4,12,17,101363,504679,513477,2025-02-23,Hands,None,12.905121,74.830442,Low,Physical Assault,Under Investigation
2604,FIR/2024/002604,6,19,19,101475,514019,510739,2023-01-22,Iron Rod,Auto,12.957824,74.832173,Medium,Social Engineering,Pending Trial
2605,FIR/2023/002605,6,22,12,100997,520786,524566,2022-05-01,Pistol,Van,12.319202,76.663796,Low,Duplicate Key,Pending Trial
2606,FIR/2022/002606,8,27,3,100222,522028,524720,2025-04-01,Knife,None,12.981025,77.600109,High,Fake Identity,Closed
2607,FIR/2024/002607,8,26,19,101479,521958,518847,2022-12-23,Pistol,Van,12.925343,74.832225,Medium,Physical Assault,Pending Trial
2608,FIR/2025/002608,5,15,5,100380,507305,513049,2025-02-28,Pistol,Scooter,12.961742,77.590143,Critical,Forced Entry,Pending Trial
2609,FIR/2026/002609,3,10,20,101586,524614,506247,2022-06-03,Stick,Scooter,12.943614,74.888738,High,Duplicate Key,Closed
2610,FIR/2023/002610,10,32,19,101531,508164,524865,2022-11-18,Knife,Motorcycle,12.926659,74.847623,Low,Knife Attack,Closed
2611,FIR/2024/002611,8,26,18,101438,521788,517448,2025-06-23,Knife,Van,12.945398,74.884267,High,Duplicate Key,Pending Trial
2612,FIR/2024/002612,4,13,20,101561,503819,513089,2026-10-29,Crowbar,Car,12.903909,74.834625,High,Duplicate Key,Pending Trial
2613,FIR/2022/002613,9,29,1,100060,501543,501449,2025-12-07,Knife,Van,13.004366,77.583148,High,Duplicate Key,Closed
2614,FIR/2023/002614,7,23,19,101477,520751,523802,2024-11-13,Knife,Motorcycle,12.952374,74.86387,Low,Physical Assault,Pending Trial
2615,FIR/2026/002615,7,24,16,101263,511956,503811,2024-05-21,Unknown,Auto,12.950897,74.859103,Medium,Fake Identity,Closed
2616,FIR/2022/002616,6,22,14,101148,521679,517918,2025-05-24,Knife,Scooter,12.276631,76.649347,Critical,Knife Attack,Charge Sheet Filed
2617,FIR/2025/002617,11,36,13,101063,521556,501836,2023-01-08,Unknown,Car,12.297409,76.669022,Medium,Online Scam,Charge Sheet Filed
2618,FIR/2024/002618,3,8,6,100538,524814,515446,2026-11-21,Unknown,Scooter,12.998608,77.572468,Critical,Social Engineering,Pending Trial
2619,FIR/2026/002619,12,38,19,101511,507146,524663,2023-07-26,Crowbar,Van,12.944028,74.841457,Medium,Knife Attack,Closed
2620,FIR/2023/002620,1,1,11,100885,514228,510634,2026-04-24,Pistol,None,12.342926,76.613933,Critical,Physical Assault,Charge Sheet Filed
2621,FIR/2025/002621,7,25,14,101121,520086,520058,2022-07-09,Hands,Motorcycle,12.303344,76.67783,Medium,Physical Assault,Closed
2622,FIR/2025/002622,6,18,12,100992,521435,508524,2026-01-21,Iron Rod,Car,12.283288,76.654967,High,Knife Attack,Pending Trial
2623,FIR/2025/002623,5,17,8,100633,521113,507177,2026-09-26,Pistol,Car,12.975911,77.57399,Low,Firearm,Pending Trial
2624,FIR/2022/002624,5,15,8,100636,510735,518801,2022-12-01,Iron Rod,Van,13.008127,77.58196,Low,Fake Identity,Pending Trial
2625,FIR/2023/002625,4,12,1,100053,507279,520357,2025-08-28,Crowbar,Scooter,12.951658,77.580659,High,Duplicate Key,Charge Sheet Filed
2626,FIR/2022/002626,3,9,5,100394,514029,511008,2026-05-30,Hands,Truck,12.964936,77.600035,High,ATM Skimming,Closed
2627,FIR/2026/002627,11,36,11,100903,504816,521671,2024-12-16,Knife,Car,12.332378,76.632507,High,Physical Assault,Charge Sheet Filed
2628,FIR/2023/002628,6,18,12,101003,511929,518245,2026-03-16,Hands,Car,12.329143,76.667219,Critical,Knife Attack,Closed
2629,FIR/2025/002629,9,30,19,101490,510303,500410,2026-12-26,Hands,Truck,12.913535,74.822821,High,Online Scam,Under Investigation
2630,FIR/2023/002630,3,9,8,100700,512733,519086,2025-03-23,Crowbar,Scooter,12.996665,77.600626,Critical,Poisoning,Pending Trial
2631,FIR/2026/002631,4,13,4,100258,523426,502803,2026-05-26,Crowbar,Auto,12.968435,77.601886,Low,Duplicate Key,Pending Trial
2632,FIR/2024/002632,3,10,9,100713,509187,503899,2024-02-15,Pistol,Car,13.020234,77.592499,Medium,Duplicate Key,Under Investigation
2633,FIR/2022/002633,9,31,3,100167,518871,509948,2022-11-11,Knife,None,12.949876,77.596939,Medium,Vehicle Lock Break,Charge Sheet Filed
2634,FIR/2025/002634,7,24,10,100787,523697,515975,2025-02-09,Pistol,None,12.939459,77.596575,High,Forced Entry,Charge Sheet Filed
2635,FIR/2026/002635,10,33,5,100406,501364,515504,2024-06-15,Unknown,Scooter,12.922774,77.553726,Critical,Social Engineering,Under Investigation
2636,FIR/2022/002636,9,29,5,100374,514999,512710,2024-08-01,Crowbar,Truck,12.934849,77.59057,Critical,Duplicate Key,Pending Trial
2637,FIR/2023/002637,8,26,4,100318,501348,511904,2024-12-12,Hands,Car,12.960197,77.625933,Critical,Fake Identity,Pending Trial
2638,FIR/2025/002638,6,21,16,101265,519685,521814,2025-01-01,Crowbar,Motorcycle,12.977889,74.849412,High,Fake Identity,Pending Trial
2639,FIR/2025/002639,5,17,17,101346,501025,502670,2024-04-02,Crowbar,Auto,12.887366,74.863333,High,Vehicle Lock Break,Charge Sheet Filed
2640,FIR/2025/002640,9,29,18,101450,514837,503747,2023-06-04,Stick,Car,12.936851,74.832768,High,Physical Assault,Charge Sheet Filed
2641,FIR/2023/002641,3,9,11,100958,518644,516008,2023-01-23,Iron Rod,Truck,12.35218,76.58826,Critical,Online Scam,Pending Trial
2642,FIR/2025/002642,11,37,16,101330,524044,500404,2025-09-24,Unknown,Van,12.948951,74.878441,Critical,Knife Attack,Pending Trial
2643,FIR/2024/002643,8,27,2,100104,514317,500429,2022-02-16,Unknown,Truck,12.945423,77.593828,Medium,Firearm,Charge Sheet Filed
2644,FIR/2025/002644,4,12,16,101300,523909,523214,2023-08-16,Crowbar,Van,12.926028,74.854482,Low,Physical Assault,Closed
2645,FIR/2026/002645,5,15,2,100122,520156,511725,2023-04-12,Stick,Scooter,12.964664,77.603727,Critical,Fake Identity,Charge Sheet Filed
2646,FIR/2022/002646,11,36,17,101360,500505,517995,2026-06-21,Crowbar,Car,12.882863,74.86135,High,Online Scam,Pending Trial
2647,FIR/2026/002647,12,40,9,100721,516026,517048,2024-09-28,Knife,Auto,13.017201,77.586715,High,Poisoning,Pending Trial
2648,FIR/2024/002648,8,27,15,101184,506373,511053,2024-03-03,Pistol,Auto,12.266341,76.636124,Medium,Social Engineering,Closed
2649,FIR/2022/002649,12,40,5,100406,508709,506203,2023-03-22,Pistol,None,12.947806,77.556661,Medium,ATM Skimming,Under Investigation
2650,FIR/2023/002650,2,6,3,100169,513565,510677,2022-05-12,Unknown,Truck,12.988035,77.61219,High,Physical Assault,Pending Trial
2651,FIR/2026/002651,1,2,5,100356,520150,511633,2024-04-30,Crowbar,Truck,12.949047,77.599593,Critical,Firearm,Under Investigation
2652,FIR/2024/002652,2,7,9,100715,503404,521756,2022-06-18,Iron Rod,Van,12.998813,77.563929,Medium,Fake Identity,Under Investigation
2653,FIR/2026/002653,6,22,2,100153,521342,517659,2022-12-09,Hands,Scooter,12.965441,77.635137,Medium,Physical Assault,Charge Sheet Filed
2654,FIR/2022/002654,12,38,19,101511,523519,500476,2023-05-23,Pistol,Auto,12.906254,74.825766,Medium,Online Scam,Pending Trial
2655,FIR/2024/002655,6,20,18,101445,508642,509729,2025-02-02,Stick,Truck,12.912498,74.854739,Low,Fake Identity,Closed
2656,FIR/2026/002656,1,4,9,100733,518388,517090,2024-12-09,Crowbar,Van,12.985449,77.555867,Low,Fake Identity,Charge Sheet Filed
2657,FIR/2022/002657,12,40,13,101094,523234,507467,2025-05-27,Unknown,None,12.328637,76.704821,Medium,Knife Attack,Closed
2658,FIR/2024/002658,10,32,3,100223,513938,502924,2022-05-18,Knife,Van,12.994554,77.581046,Critical,Forced Entry,Closed
2659,FIR/2026/002659,2,7,13,101080,512145,521797,2023-11-20,Knife,Motorcycle,12.312686,76.662567,Critical,ATM Skimming,Under Investigation
2660,FIR/2025/002660,4,11,2,100165,511805,521590,2025-05-15,Knife,Car,12.936038,77.60392,Critical,Poisoning,Under Investigation
2661,FIR/2023/002661,9,30,6,100504,523878,508992,2024-08-27,Hands,Auto,12.987886,77.561935,High,Social Engineering,Pending Trial
2662,FIR/2022/002662,9,30,9,100751,516315,508009,2023-08-09,Crowbar,Van,12.999459,77.593058,Medium,ATM Skimming,Closed
2663,FIR/2024/002663,4,12,15,101250,524453,514058,2022-01-05,Pistol,Van,12.32177,76.60662,Critical,Online Scam,Closed
2664,FIR/2024/002664,1,1,10,100820,508081,500630,2024-09-02,Hands,Scooter,12.932191,77.593685,Critical,Poisoning,Under Investigation
2665,FIR/2026/002665,2,5,1,100094,516619,524194,2026-09-26,Pistol,Truck,12.963079,77.594882,Low,Online Scam,Under Investigation
2666,FIR/2023/002666,4,11,3,100216,506461,523578,2025-01-09,Stick,Auto,12.949347,77.614999,High,Duplicate Key,Under Investigation
2667,FIR/2023/002667,2,5,5,100352,523107,517114,2023-01-24,Stick,Van,12.956213,77.579519,Critical,Duplicate Key,Under Investigation
2668,FIR/2026/002668,9,29,19,101535,506966,511151,2025-05-03,Pistol,Scooter,12.948973,74.849477,Critical,Social Engineering,Closed
2669,FIR/2024/002669,10,33,15,101188,505104,519065,2025-02-10,Knife,Truck,12.295704,76.625936,Medium,Social Engineering,Charge Sheet Filed
2670,FIR/2025/002670,7,23,2,100100,506261,523665,2023-03-30,Pistol,Car,12.954175,77.587432,Critical,Physical Assault,Charge Sheet Filed
2671,FIR/2024/002671,6,20,10,100868,522632,519512,2026-02-23,Crowbar,Car,12.972009,77.614973,Low,Fake Identity,Under Investigation
2672,FIR/2022/002672,6,22,5,100395,512633,520598,2023-11-17,Crowbar,Scooter,12.920985,77.598959,Critical,Poisoning,Charge Sheet Filed
2673,FIR/2024/002673,7,24,16,101340,506854,508469,2026-09-16,Knife,None,12.940409,74.876491,High,Fake Identity,Closed
2674,FIR/2024/002674,1,2,12,101027,502228,514684,2026-01-08,Knife,Truck,12.284368,76.693588,Critical,Poisoning,Closed
2675,FIR/2026/002675,7,23,17,101355,507580,513203,2023-09-25,Unknown,Car,12.932267,74.838351,Low,Fake Identity,Under Investigation
2676,FIR/2022/002676,9,31,10,100834,524207,511790,2023-09-23,Crowbar,Car,12.941417,77.600036,Low,Knife Attack,Under Investigation
2677,FIR/2024/002677,8,28,5,100342,503303,511421,2026-07-26,Stick,Auto,12.960175,77.546469,High,Physical Assault,Pending Trial
2678,FIR/2025/002678,4,13,20,101598,523749,524068,2025-12-25,Pistol,Car,12.910503,74.87736,Low,Vehicle Lock Break,Charge Sheet Filed
2679,FIR/2022/002679,10,32,12,100999,501960,502532,2023-10-20,Crowbar,Truck,12.283123,76.657558,Critical,Physical Assault,Pending Trial
2680,FIR/2026/002680,6,21,3,100215,502900,500733,2022-08-21,Hands,None,12.964783,77.602788,Low,Online Scam,Closed
2681,FIR/2025/002681,9,30,12,101011,500490,506630,2024-05-19,Iron Rod,Truck,12.309908,76.674889,High,Online Scam,Charge Sheet Filed
2682,FIR/2025/002682,7,23,6,100447,517479,508401,2022-10-17,Knife,Motorcycle,12.983216,77.586729,Critical,Fake Identity,Pending Trial
2683,FIR/2022/002683,7,23,16,101284,515358,518413,2025-08-31,Iron Rod,Van,12.947722,74.898232,Low,Duplicate Key,Charge Sheet Filed
2684,FIR/2025/002684,2,5,15,101243,510228,502823,2024-07-08,Stick,Van,12.272775,76.635247,High,Knife Attack,Charge Sheet Filed
2685,FIR/2023/002685,8,26,5,100391,511039,521436,2026-12-21,Iron Rod,Van,12.953366,77.548363,High,Physical Assault,Pending Trial
2686,FIR/2026/002686,11,35,6,100513,510767,522326,2026-10-20,Iron Rod,None,12.966531,77.564123,Medium,Social Engineering,Closed
2687,FIR/2025/002687,1,1,16,101262,507497,520189,2024-07-09,Pistol,Van,12.957813,74.899984,High,Knife Attack,Under Investigation
2688,FIR/2026/002688,3,10,11,100919,513549,514741,2022-04-07,Iron Rod,Truck,12.353685,76.579734,Medium,Forced Entry,Under Investigation
2689,FIR/2023/002689,6,19,16,101306,523458,519133,2025-07-11,Stick,Scooter,12.957068,74.847139,Critical,Social Engineering,Closed
2690,FIR/2025/002690,10,33,15,101226,512271,506256,2025-09-10,Hands,Car,12.271218,76.612341,Medium,Fake Identity,Charge Sheet Filed
2691,FIR/2025/002691,5,16,10,100857,514783,505188,2024-09-27,Iron Rod,Scooter,12.939928,77.565912,High,Forced Entry,Pending Trial
2692,FIR/2025/002692,4,12,1,100029,504486,514287,2023-11-24,Hands,Auto,12.951807,77.577991,Low,Forced Entry,Pending Trial
2693,FIR/2024/002693,5,15,12,100994,515897,514148,2023-05-21,Iron Rod,Auto,12.319694,76.649759,Low,Poisoning,Charge Sheet Filed
2694,FIR/2026/002694,5,15,20,101601,523487,513906,2022-07-04,Unknown,Scooter,12.940898,74.842441,Low,Online Scam,Closed
2695,FIR/2026/002695,5,17,20,101583,514563,504436,2022-03-01,Iron Rod,None,12.899376,74.839443,Medium,Forced Entry,Closed
2696,FIR/2022/002696,8,26,2,100107,516718,513938,2022-06-25,Pistol,Van,12.951404,77.602228,Critical,Vehicle Lock Break,Charge Sheet Filed
2697,FIR/2023/002697,6,19,17,101392,503143,511385,2022-12-12,Knife,Scooter,12.886936,74.838121,High,Physical Assault,Charge Sheet Filed
2698,FIR/2025/002698,5,14,4,100307,524019,503895,2026-06-21,Iron Rod,Van,12.984939,77.628296,Low,Firearm,Under Investigation
2699,FIR/2023/002699,8,28,12,100993,515450,512125,2023-10-06,Knife,Car,12.341854,76.647543,Medium,Social Engineering,Pending Trial
2700,FIR/2024/002700,8,27,8,100680,500417,504916,2023-09-10,Pistol,Van,12.991147,77.581552,Low,Online Scam,Under Investigation
2701,FIR/2025/002701,3,9,12,100975,504487,517741,2022-05-01,Crowbar,None,12.28807,76.678637,Critical,Vehicle Lock Break,Charge Sheet Filed
2702,FIR/2023/002702,3,10,20,101581,516822,517709,2023-05-06,Unknown,Auto,12.923136,74.867168,Medium,Knife Attack,Charge Sheet Filed
2703,FIR/2022/002703,1,2,15,101217,524963,516403,2024-11-26,Crowbar,Car,12.302816,76.598343,Medium,Online Scam,Pending Trial
2704,FIR/2023/002704,1,2,6,100539,522091,500079,2022-03-03,Hands,Motorcycle,12.974926,77.602356,Low,Forced Entry,Charge Sheet Filed
2705,FIR/2022/002705,6,21,19,101518,502450,520262,2025-06-29,Hands,Car,12.959633,74.820676,Medium,Social Engineering,Pending Trial
2706,FIR/2025/002706,12,38,10,100807,518794,504157,2024-04-15,Unknown,Motorcycle,12.933075,77.573382,Low,Online Scam,Pending Trial
2707,FIR/2022/002707,2,5,17,101358,520925,502152,2023-03-27,Unknown,Car,12.878816,74.873683,Low,Poisoning,Charge Sheet Filed
2708,FIR/2023/002708,5,16,12,101056,523840,504251,2023-06-08,Crowbar,None,12.333177,76.679032,Medium,Firearm,Charge Sheet Filed
2709,FIR/2024/002709,4,13,15,101251,518687,513991,2026-09-29,Iron Rod,Truck,12.269426,76.605446,Critical,Vehicle Lock Break,Closed
2710,FIR/2025/002710,4,13,6,100489,519850,513614,2025-04-09,Pistol,Truck,13.010571,77.612523,Critical,Online Scam,Under Investigation
2711,FIR/2022/002711,5,14,7,100616,517482,515420,2024-07-27,Iron Rod,Auto,12.94547,77.615098,Critical,Vehicle Lock Break,Under Investigation
2712,FIR/2025/002712,11,35,12,101052,503077,513262,2022-08-04,Hands,Car,12.298372,76.673955,Critical,Firearm,Closed
2713,FIR/2026/002713,1,4,13,101082,511910,504448,2023-07-10,Unknown,Van,12.327362,76.653602,Medium,Fake Identity,Charge Sheet Filed
2714,FIR/2022/002714,6,18,15,101241,505763,514673,2024-08-27,Pistol,Car,12.275254,76.60889,High,ATM Skimming,Pending Trial
2715,FIR/2023/002715,6,19,9,100749,510834,505651,2022-01-25,Stick,None,13.019438,77.583192,Medium,Physical Assault,Pending Trial
2716,FIR/2023/002716,1,4,12,101012,519738,514560,2025-02-02,Hands,Auto,12.311283,76.698954,High,Firearm,Closed
2717,FIR/2023/002717,1,3,10,100856,505063,513482,2024-09-24,Stick,Auto,12.982552,77.573445,High,Fake Identity,Charge Sheet Filed
2718,FIR/2025/002718,12,40,12,101012,506558,510342,2025-01-04,Knife,Van,12.335312,76.682472,Critical,Online Scam,Charge Sheet Filed
2719,FIR/2024/002719,1,2,20,101611,513860,516280,2022-04-30,Pistol,Motorcycle,12.905144,74.861308,Medium,Duplicate Key,Under Investigation
2720,FIR/2024/002720,2,7,7,100541,511447,500529,2022-09-22,Knife,None,12.962146,77.650648,Medium,Physical Assault,Under Investigation
2721,FIR/2022/002721,6,20,8,100641,500136,503377,2025-10-13,Hands,Auto,12.994536,77.569127,Critical,Physical Assault,Closed
2722,FIR/2024/002722,12,39,12,100964,509149,510327,2025-05-29,Unknown,Scooter,12.32751,76.676964,High,Fake Identity,Under Investigation
2723,FIR/2022/002723,10,34,18,101436,520229,508480,2023-01-20,Crowbar,None,12.926601,74.838095,Critical,Forced Entry,Under Investigation
2724,FIR/2025/002724,1,4,12,100989,524267,522592,2022-07-09,Pistol,Auto,12.308166,76.658837,Medium,Fake Identity,Pending Trial
2725,FIR/2023/002725,1,4,6,100428,505652,522856,2023-07-03,Pistol,Truck,12.961807,77.578383,Medium,Forced Entry,Under Investigation
2726,FIR/2024/002726,9,31,1,100067,500295,511097,2026-12-04,Stick,None,12.983316,77.540549,Medium,Online Scam,Charge Sheet Filed
2727,FIR/2024/002727,8,28,3,100194,519826,517549,2022-10-15,Crowbar,Motorcycle,12.985137,77.595325,High,ATM Skimming,Pending Trial
2728,FIR/2023/002728,8,26,12,100987,500520,503210,2026-05-28,Stick,Motorcycle,12.298262,76.686014,Medium,Knife Attack,Pending Trial
2729,FIR/2023/002729,5,14,17,101385,514456,514396,2024-06-02,Hands,Van,12.884979,74.853669,Critical,Duplicate Key,Pending Trial
2730,FIR/2024/002730,1,4,1,100005,507477,508207,2023-01-22,Hands,Truck,12.957128,77.567823,Critical,Knife Attack,Closed
2731,FIR/2024/002731,6,20,10,100806,510281,523202,2024-10-28,Unknown,Car,12.983667,77.598118,Low,ATM Skimming,Closed
2732,FIR/2022/002732,12,38,3,100207,521675,516373,2023-06-30,Crowbar,Van,12.949877,77.595639,Critical,Knife Attack,Under Investigation
2733,FIR/2024/002733,11,36,12,100977,500203,503986,2022-07-30,Iron Rod,Car,12.284254,76.670802,Low,Vehicle Lock Break,Under Investigation
2734,FIR/2023/002734,6,21,2,100163,522199,517817,2025-10-13,Stick,None,12.961893,77.589939,Low,ATM Skimming,Pending Trial
2735,FIR/2023/002735,12,39,7,100619,506526,500950,2022-01-16,Pistol,Motorcycle,12.929087,77.63716,High,Online Scam,Pending Trial
2736,FIR/2023/002736,6,21,19,101510,523029,515663,2025-06-15,Iron Rod,Auto,12.939242,74.853642,High,Poisoning,Under Investigation
2737,FIR/2022/002737,2,7,1,100053,522004,517790,2022-12-12,Crowbar,Van,12.95279,77.536486,Critical,Duplicate Key,Charge Sheet Filed
2738,FIR/2023/002738,11,37,4,100265,506515,512675,2022-12-03,Pistol,Truck,12.963452,77.616108,Critical,Poisoning,Charge Sheet Filed
2739,FIR/2026/002739,3,9,3,100207,515342,518278,2024-08-18,Unknown,Motorcycle,12.954764,77.604098,Low,Physical Assault,Under Investigation
2740,FIR/2024/002740,5,17,14,101146,520506,513740,2025-07-12,Crowbar,Car,12.287769,76.633088,Medium,ATM Skimming,Closed
2741,FIR/2023/002741,2,7,11,100931,517953,521422,2023-08-03,Hands,Car,12.326269,76.605396,Critical,Physical Assault,Pending Trial
2742,FIR/2022/002742,12,38,9,100743,511475,502435,2024-05-10,Crowbar,Truck,12.986795,77.577202,Medium,Social Engineering,Closed
2743,FIR/2022/002743,6,18,16,101307,509743,508042,2024-02-28,Stick,Truck,12.928737,74.870329,Medium,Forced Entry,Pending Trial
2744,FIR/2025/002744,11,36,7,100571,507169,514128,2026-12-01,Stick,Auto,12.964233,77.619057,Critical,Vehicle Lock Break,Pending Trial
2745,FIR/2024/002745,2,7,14,101149,515106,512504,2024-03-26,Pistol,Car,12.307827,76.642598,Low,Vehicle Lock Break,Under Investigation
2746,FIR/2024/002746,1,3,13,101089,501978,502769,2022-12-28,Iron Rod,Van,12.310325,76.672594,Medium,Duplicate Key,Under Investigation
2747,FIR/2024/002747,5,17,14,101156,508072,507120,2024-11-08,Pistol,Truck,12.267403,76.686098,Low,Fake Identity,Closed
2748,FIR/2023/002748,12,38,10,100780,501427,503906,2022-03-20,Crowbar,Car,12.927562,77.564548,Critical,Vehicle Lock Break,Under Investigation
2749,FIR/2023/002749,8,28,9,100757,503937,510504,2026-03-22,Unknown,Scooter,12.978159,77.586899,Medium,Online Scam,Closed
2750,FIR/2024/002750,8,27,6,100466,509066,514545,2022-07-02,Iron Rod,Auto,12.969295,77.590294,Low,Knife Attack,Charge Sheet Filed
2751,FIR/2024/002751,5,15,18,101411,506904,515869,2022-08-18,Stick,Motorcycle,12.95052,74.854343,High,Fake Identity,Closed
2752,FIR/2025/002752,5,17,11,100934,518083,516425,2024-04-12,Iron Rod,Scooter,12.31559,76.61988,Critical,Forced Entry,Pending Trial
2753,FIR/2022/002753,12,38,15,101219,509907,514423,2023-03-21,Crowbar,Auto,12.269483,76.612606,Low,Social Engineering,Pending Trial
2754,FIR/2024/002754,3,10,10,100851,512504,501417,2025-01-08,Knife,Scooter,12.926278,77.572015,Low,ATM Skimming,Closed
2755,FIR/2025/002755,11,35,20,101578,519475,514174,2022-09-19,Crowbar,Scooter,12.928709,74.891578,Critical,Knife Attack,Pending Trial
2756,FIR/2022/002756,5,17,12,101007,519644,502642,2022-11-25,Crowbar,Truck,12.341362,76.67139,Medium,Knife Attack,Charge Sheet Filed
2757,FIR/2023/002757,3,9,11,100896,502227,518096,2025-09-08,Stick,Truck,12.32147,76.616726,High,Knife Attack,Charge Sheet Filed
2758,FIR/2022/002758,1,4,18,101444,513409,515014,2023-08-25,Unknown,None,12.918547,74.838466,High,Vehicle Lock Break,Pending Trial
2759,FIR/2026/002759,7,25,17,101397,508501,523955,2024-10-24,Pistol,Truck,12.900495,74.863012,Medium,Knife Attack,Under Investigation
2760,FIR/2023/002760,1,4,7,100599,524407,519114,2023-12-01,Unknown,Motorcycle,12.917478,77.632193,Medium,Social Engineering,Under Investigation
2761,FIR/2024/002761,10,33,11,100896,512744,512663,2023-12-14,Hands,None,12.320473,76.618592,High,Duplicate Key,Under Investigation
2762,FIR/2024/002762,11,35,3,100169,508160,523497,2025-05-04,Pistol,Auto,12.997648,77.609984,High,Knife Attack,Closed
2763,FIR/2023/002763,12,39,12,101003,503720,517206,2024-10-02,Pistol,Motorcycle,12.326966,76.680922,Medium,Physical Assault,Charge Sheet Filed
2764,FIR/2024/002764,9,31,11,100937,512143,514831,2022-05-24,Hands,Auto,12.312712,76.630937,Medium,Forced Entry,Under Investigation
2765,FIR/2024/002765,6,22,4,100299,507272,511190,2026-11-11,Crowbar,Scooter,12.955258,77.607891,Low,Knife Attack,Closed
2766,FIR/2025/002766,9,31,10,100860,500072,522046,2024-11-20,Hands,Auto,12.925077,77.592884,High,Social Engineering,Closed
2767,FIR/2025/002767,6,18,8,100652,519164,512310,2025-06-05,Unknown,Truck,12.995432,77.58322,Medium,Firearm,Under Investigation
2768,FIR/2023/002768,1,1,4,100286,505499,519860,2022-09-04,Stick,Truck,12.952776,77.611488,Critical,Vehicle Lock Break,Under Investigation
2769,FIR/2023/002769,10,33,8,100670,506310,510813,2025-10-07,Stick,None,13.002493,77.605648,Medium,Poisoning,Charge Sheet Filed
2770,FIR/2023/002770,8,27,19,101495,519508,514432,2022-10-24,Iron Rod,Scooter,12.942927,74.848523,Low,Knife Attack,Pending Trial
2771,FIR/2022/002771,10,33,19,101504,520528,504809,2023-06-12,Hands,Auto,12.9466,74.847047,Low,Duplicate Key,Pending Trial
2772,FIR/2024/002772,12,38,3,100171,522759,500647,2026-05-14,Stick,Motorcycle,12.995065,77.60644,High,Forced Entry,Charge Sheet Filed
2773,FIR/2026/002773,4,12,14,101159,507524,517135,2023-09-10,Crowbar,Van,12.260199,76.651872,High,Online Scam,Closed
2774,FIR/2022/002774,8,26,13,101072,509936,512371,2023-12-06,Iron Rod,Van,12.307597,76.686325,Low,Physical Assault,Pending Trial
2775,FIR/2025/002775,4,11,19,101492,503852,504013,2024-04-23,Crowbar,Motorcycle,12.931533,74.834101,Critical,Physical Assault,Pending Trial
2776,FIR/2022/002776,12,40,17,101399,516221,501366,2025-09-25,Stick,Truck,12.87766,74.872649,High,Social Engineering,Charge Sheet Filed
2777,FIR/2024/002777,1,1,10,100847,513203,520652,2022-11-11,Hands,Car,12.939054,77.617345,Low,Forced Entry,Under Investigation
2778,FIR/2026/002778,4,11,12,101014,513195,516721,2023-09-21,Pistol,None,12.318268,76.661844,Medium,Fake Identity,Under Investigation
2779,FIR/2023/002779,6,22,8,100676,522514,516438,2024-05-08,Iron Rod,Van,13.006323,77.569432,Critical,Forced Entry,Charge Sheet Filed
2780,FIR/2022/002780,10,34,7,100617,503820,507661,2026-05-02,Crowbar,Truck,12.962266,77.631019,Critical,Vehicle Lock Break,Closed
2781,FIR/2026/002781,11,36,19,101534,514665,503829,2022-10-05,Stick,Auto,12.915555,74.85252,High,Fake Identity,Charge Sheet Filed
2782,FIR/2024/002782,8,28,5,100380,513493,500603,2022-10-09,Knife,Scooter,12.954388,77.583121,High,Knife Attack,Pending Trial
2783,FIR/2024/002783,6,18,8,100642,503875,523884,2024-01-16,Pistol,Motorcycle,12.997426,77.60055,Low,Fake Identity,Charge Sheet Filed
2784,FIR/2023/002784,12,38,17,101372,505946,509823,2022-11-05,Crowbar,Van,12.899245,74.838963,Medium,Firearm,Pending Trial
2785,FIR/2023/002785,6,21,2,100151,524646,515880,2026-02-01,Unknown,Van,12.923755,77.592625,Critical,Forced Entry,Charge Sheet Filed
2786,FIR/2023/002786,4,12,20,101556,520362,502055,2025-05-14,Stick,Auto,12.914024,74.883673,High,Fake Identity,Under Investigation
2787,FIR/2024/002787,9,31,9,100726,514689,513024,2026-09-02,Stick,Motorcycle,13.009812,77.555145,Medium,Duplicate Key,Charge Sheet Filed
2788,FIR/2025/002788,10,33,7,100546,520340,522929,2026-03-27,Unknown,None,12.909771,77.601281,Low,Fake Identity,Closed
2789,FIR/2023/002789,11,36,9,100759,522200,509941,2025-05-29,Iron Rod,Motorcycle,12.99687,77.57092,Low,ATM Skimming,Charge Sheet Filed
2790,FIR/2026/002790,12,38,15,101220,505453,523004,2022-11-04,Iron Rod,Motorcycle,12.278507,76.638218,Low,Physical Assault,Closed
2791,FIR/2023/002791,11,37,5,100401,508028,508856,2022-05-03,Stick,Car,12.92604,77.573186,Medium,Forced Entry,Closed
2792,FIR/2024/002792,4,11,14,101131,517556,501603,2023-03-25,Unknown,Scooter,12.294455,76.687291,Low,Social Engineering,Closed
2793,FIR/2025/002793,1,3,13,101079,510477,523216,2024-07-31,Stick,None,12.312801,76.651873,High,Firearm,Under Investigation
2794,FIR/2026/002794,3,9,12,101005,509306,500192,2023-11-28,Unknown,Motorcycle,12.320769,76.656461,Medium,Physical Assault,Pending Trial
2795,FIR/2022/002795,1,3,19,101477,511445,514621,2023-07-30,Hands,None,12.913865,74.843221,Critical,Forced Entry,Charge Sheet Filed
2796,FIR/2022/002796,10,32,1,100047,503005,511465,2025-09-08,Stick,Motorcycle,13.004153,77.555219,Low,Firearm,Charge Sheet Filed
2797,FIR/2024/002797,4,12,13,101101,506741,514638,2024-05-01,Unknown,None,12.334999,76.688908,Critical,Poisoning,Charge Sheet Filed
2798,FIR/2026/002798,1,4,15,101204,510734,517421,2023-05-04,Unknown,Van,12.292438,76.616473,Medium,Forced Entry,Under Investigation
2799,FIR/2023/002799,2,5,10,100836,517236,522790,2024-02-21,Knife,Truck,12.92744,77.620082,High,Poisoning,Closed
2800,FIR/2025/002800,5,14,7,100586,506483,516258,2025-11-08,Knife,Auto,12.956327,77.617631,Medium,Physical Assault,Charge Sheet Filed
2801,FIR/2026/002801,2,7,18,101447,518692,522946,2024-12-08,Crowbar,Van,12.96873,74.83457,Medium,Poisoning,Under Investigation
2802,FIR/2022/002802,5,17,8,100633,502973,502868,2026-01-27,Knife,Auto,12.976036,77.583357,High,Online Scam,Closed
2803,FIR/2026/002803,10,33,17,101391,515250,514617,2025-01-28,Crowbar,None,12.92579,74.867093,Critical,ATM Skimming,Pending Trial
2804,FIR/2022/002804,5,17,15,101184,501886,512230,2024-01-30,Hands,Van,12.319487,76.633916,Critical,Vehicle Lock Break,Pending Trial
2805,FIR/2022/002805,5,14,19,101501,505312,501631,2024-02-07,Stick,Car,12.902405,74.811174,High,Vehicle Lock Break,Charge Sheet Filed
2806,FIR/2025/002806,2,7,17,101367,507468,522730,2022-03-04,Hands,Motorcycle,12.928689,74.870155,Low,Social Engineering,Pending Trial
2807,FIR/2022/002807,8,26,18,101465,521345,506007,2026-02-25,Stick,Car,12.959255,74.846776,Critical,Social Engineering,Under Investigation
2808,FIR/2025/002808,12,38,11,100939,508263,502449,2026-02-06,Stick,Truck,12.317423,76.632153,High,Physical Assault,Charge Sheet Filed
2809,FIR/2024/002809,4,11,3,100243,509580,523015,2024-01-22,Unknown,Auto,12.964694,77.585796,Low,Online Scam,Under Investigation
2810,FIR/2024/002810,4,12,1,100025,514522,521046,2022-11-13,Stick,Car,12.956692,77.548934,High,Knife Attack,Under Investigation
2811,FIR/2026/002811,5,14,4,100298,508784,501600,2024-07-07,Iron Rod,Scooter,12.997125,77.62327,Low,Knife Attack,Under Investigation
2812,FIR/2026/002812,6,21,10,100825,509141,509299,2024-07-13,Stick,Auto,12.96441,77.616596,Critical,Social Engineering,Under Investigation
2813,FIR/2025/002813,5,17,16,101296,508098,515140,2026-08-07,Knife,Scooter,12.934301,74.883058,High,Firearm,Closed
2814,FIR/2023/002814,3,8,14,101168,508642,508087,2022-11-24,Stick,Van,12.28395,76.635836,Medium,Forced Entry,Pending Trial
2815,FIR/2022/002815,7,23,6,100522,516788,522167,2025-01-16,Pistol,Motorcycle,12.982093,77.57151,Low,Poisoning,Charge Sheet Filed
2816,FIR/2024/002816,1,2,15,101196,516707,507148,2022-10-01,Crowbar,Motorcycle,12.264365,76.627978,Critical,Knife Attack,Under Investigation
2817,FIR/2024/002817,5,17,7,100593,521088,500665,2024-04-22,Unknown,Scooter,12.937516,77.600697,Low,Forced Entry,Under Investigation
2818,FIR/2024/002818,6,20,15,101230,503716,518414,2024-08-16,Knife,Car,12.320619,76.596795,Critical,Poisoning,Charge Sheet Filed
2819,FIR/2024/002819,5,15,5,100385,519814,520313,2023-06-02,Crowbar,Car,12.924758,77.568248,Medium,Duplicate Key,Closed
2820,FIR/2022/002820,8,27,9,100754,518557,519016,2022-10-30,Hands,Car,13.009707,77.573613,Low,Physical Assault,Closed
2821,FIR/2023/002821,1,2,12,101046,504582,518044,2026-08-17,Pistol,None,12.335767,76.65276,Critical,ATM Skimming,Charge Sheet Filed
2822,FIR/2023/002822,7,25,19,101469,502805,515185,2024-01-03,Stick,Auto,12.955323,74.831301,High,Vehicle Lock Break,Under Investigation
2823,FIR/2023/002823,1,2,13,101081,524634,503422,2022-10-02,Hands,Motorcycle,12.305942,76.650994,Low,Social Engineering,Under Investigation
2824,FIR/2024/002824,3,10,7,100556,508672,514411,2026-01-02,Stick,Van,12.929538,77.607243,Critical,Knife Attack,Pending Trial
2825,FIR/2023/002825,9,31,3,100176,503878,510467,2023-09-27,Knife,Motorcycle,13.002578,77.62483,Medium,Fake Identity,Pending Trial
2826,FIR/2024/002826,2,6,16,101302,515978,506760,2023-02-28,Unknown,Car,12.927482,74.887294,Medium,Forced Entry,Charge Sheet Filed
2827,FIR/2022/002827,9,30,15,101205,520001,517337,2022-03-30,Hands,Scooter,12.275399,76.611156,Critical,Poisoning,Pending Trial
2828,FIR/2024/002828,5,15,3,100183,516034,522775,2023-03-25,Knife,Truck,12.998246,77.590002,Critical,Online Scam,Closed
2829,FIR/2026/002829,4,12,19,101483,502626,516115,2026-03-12,Crowbar,Van,12.900267,74.851057,High,Online Scam,Pending Trial
2830,FIR/2022/002830,5,14,1,100093,509605,507608,2022-05-11,Unknown,Van,13.001799,77.578314,High,Knife Attack,Under Investigation
2831,FIR/2026/002831,6,18,18,101457,504026,518708,2023-11-12,Knife,Motorcycle,12.958158,74.871777,Low,Knife Attack,Under Investigation
2832,FIR/2025/002832,7,24,5,100343,505021,522569,2024-12-19,Crowbar,None,12.942703,77.554055,Medium,ATM Skimming,Pending Trial
2833,FIR/2022/002833,8,26,7,100610,522498,512739,2022-06-27,Unknown,Auto,12.938914,77.611504,Critical,ATM Skimming,Charge Sheet Filed
2834,FIR/2023/002834,6,19,1,100040,513040,512052,2025-08-08,Knife,Truck,12.975804,77.55843,Critical,Physical Assault,Charge Sheet Filed
2835,FIR/2024/002835,12,40,8,100688,508074,516119,2024-03-08,Knife,Car,12.965026,77.571952,Medium,Vehicle Lock Break,Pending Trial
2836,FIR/2026/002836,1,1,10,100809,510551,516863,2023-12-31,Iron Rod,Van,12.955904,77.620266,Medium,Vehicle Lock Break,Pending Trial
2837,FIR/2026/002837,5,14,12,101010,509207,512133,2025-12-10,Crowbar,Scooter,12.333919,76.652964,Critical,Forced Entry,Charge Sheet Filed
2838,FIR/2025/002838,2,5,19,101500,500342,520667,2023-03-18,Hands,Truck,12.914671,74.844222,High,Duplicate Key,Charge Sheet Filed
2839,FIR/2023/002839,2,6,16,101312,505496,509226,2025-07-02,Stick,Auto,12.95044,74.863739,Medium,ATM Skimming,Pending Trial
2840,FIR/2023/002840,9,31,19,101483,515117,506255,2023-09-08,Pistol,Motorcycle,12.92939,74.841783,High,Vehicle Lock Break,Charge Sheet Filed
2841,FIR/2023/002841,5,14,8,100704,523961,524408,2025-04-14,Iron Rod,Motorcycle,12.972983,77.585223,Low,Knife Attack,Charge Sheet Filed
2842,FIR/2024/002842,4,12,1,100027,514091,513056,2023-06-16,Unknown,Scooter,12.954755,77.575468,High,Physical Assault,Pending Trial
2843,FIR/2022/002843,9,29,4,100336,510184,511283,2024-06-09,Stick,Motorcycle,13.008645,77.616468,Critical,ATM Skimming,Under Investigation
2844,FIR/2026/002844,6,18,20,101607,520843,506242,2022-10-25,Unknown,Truck,12.93644,74.891966,Medium,Poisoning,Pending Trial
2845,FIR/2026/002845,8,28,14,101145,517283,505715,2026-10-01,Crowbar,Van,12.269639,76.672196,Low,Firearm,Charge Sheet Filed
2846,FIR/2026/002846,9,29,17,101405,515842,509824,2022-04-25,Iron Rod,Car,12.878672,74.824303,Low,Forced Entry,Charge Sheet Filed
2847,FIR/2022/002847,12,40,6,100518,516905,503322,2024-02-14,Unknown,Auto,12.976216,77.584929,Critical,Physical Assault,Under Investigation
2848,FIR/2022/002848,12,40,5,100396,517155,516588,2025-11-24,Stick,Car,12.96517,77.599531,Critical,Forced Entry,Pending Trial
2849,FIR/2024/002849,7,24,9,100745,520282,509111,2025-06-04,Crowbar,Auto,12.993489,77.553367,Low,Online Scam,Pending Trial
2850,FIR/2024/002850,10,33,11,100884,518896,515710,2022-10-13,Unknown,Van,12.332117,76.612767,Low,ATM Skimming,Pending Trial
2851,FIR/2022/002851,5,16,1,100082,511784,519477,2024-06-09,Knife,Scooter,12.977938,77.583256,Medium,Social Engineering,Under Investigation
2852,FIR/2025/002852,9,29,5,100391,517271,524059,2024-11-06,Unknown,Car,12.919322,77.569154,Medium,Firearm,Pending Trial
2853,FIR/2022/002853,6,22,7,100562,518402,517029,2025-01-05,Unknown,Truck,12.943254,77.643898,Low,Poisoning,Under Investigation
2854,FIR/2024/002854,2,6,11,100935,522429,512462,2022-02-18,Pistol,Scooter,12.337577,76.613487,High,Duplicate Key,Under Investigation
2855,FIR/2024/002855,11,36,19,101503,518409,507701,2026-02-02,Stick,Truck,12.928569,74.862079,Low,Online Scam,Charge Sheet Filed
2856,FIR/2026/002856,5,15,14,101121,519244,523767,2023-11-09,Stick,Auto,12.255977,76.680174,Low,Firearm,Pending Trial
2857,FIR/2025/002857,6,19,4,100319,516308,509788,2024-08-14,Stick,Scooter,12.956109,77.652033,Low,Forced Entry,Closed
2858,FIR/2026/002858,12,40,10,100837,507327,517422,2026-01-12,Knife,Scooter,12.977636,77.595644,Low,Vehicle Lock Break,Closed
2859,FIR/2026/002859,6,18,15,101238,520461,519586,2025-06-12,Pistol,None,12.317494,76.593054,Medium,Knife Attack,Under Investigation
2860,FIR/2023/002860,7,25,9,100773,509255,513381,2024-07-18,Unknown,Car,13.016699,77.593568,High,Knife Attack,Under Investigation
2861,FIR/2023/002861,5,17,19,101513,513421,507839,2024-01-16,Pistol,Truck,12.932022,74.827798,Critical,Duplicate Key,Under Investigation
2862,FIR/2023/002862,3,8,7,100607,518880,502284,2022-11-30,Unknown,Scooter,12.921561,77.612549,High,Duplicate Key,Closed
2863,FIR/2022/002863,10,34,4,100290,502051,520754,2026-07-11,Unknown,Car,12.991268,77.645461,Critical,Knife Attack,Charge Sheet Filed
2864,FIR/2025/002864,12,38,2,100154,521318,504616,2026-04-17,Knife,Van,12.975943,77.628362,Medium,Social Engineering,Pending Trial
2865,FIR/2022/002865,4,11,16,101260,513924,508291,2026-10-09,Knife,Auto,12.966475,74.856012,Low,Physical Assault,Pending Trial
2866,FIR/2023/002866,5,16,8,100630,508213,503443,2026-01-05,Crowbar,Auto,12.981944,77.591506,Medium,Fake Identity,Under Investigation
2867,FIR/2025/002867,8,28,6,100441,505793,501824,2022-01-17,Iron Rod,Motorcycle,12.988047,77.58776,Medium,Vehicle Lock Break,Pending Trial
2868,FIR/2023/002868,9,29,15,101184,506835,514657,2025-09-16,Hands,Truck,12.280003,76.62105,Low,Fake Identity,Under Investigation
2869,FIR/2024/002869,3,9,6,100471,513624,516721,2024-08-30,Stick,Auto,12.985544,77.588629,Critical,Forced Entry,Charge Sheet Filed
2870,FIR/2024/002870,3,10,7,100559,506301,514524,2025-12-19,Unknown,None,12.906889,77.641775,Medium,Forced Entry,Closed
2871,FIR/2023/002871,2,7,16,101290,519592,517554,2022-01-30,Pistol,Van,12.965122,74.884096,Medium,ATM Skimming,Closed
2872,FIR/2023/002872,5,15,9,100740,500112,521551,2022-09-18,Knife,Car,12.97937,77.557553,High,Poisoning,Closed
2873,FIR/2024/002873,7,23,18,101439,514698,516691,2026-04-15,Crowbar,Car,12.917856,74.863684,Medium,Knife Attack,Charge Sheet Filed
2874,FIR/2024/002874,3,9,2,100140,509355,503313,2022-02-16,Iron Rod,Truck,12.952923,77.6152,Low,Physical Assault,Pending Trial
2875,FIR/2022/002875,4,12,2,100160,500860,511455,2023-04-10,Iron Rod,None,12.927541,77.630306,Critical,Knife Attack,Closed
2876,FIR/2025/002876,9,31,20,101617,500288,513149,2022-07-19,Stick,None,12.927244,74.84798,Low,Fake Identity,Closed
2877,FIR/2025/002877,5,16,13,101073,523336,512081,2025-12-10,Hands,Motorcycle,12.300691,76.696797,Low,Fake Identity,Charge Sheet Filed
2878,FIR/2026/002878,1,3,8,100677,516945,521677,2026-11-20,Knife,None,12.970674,77.612789,Medium,Online Scam,Pending Trial
2879,FIR/2023/002879,2,5,13,101088,516823,513679,2023-09-21,Hands,None,12.292893,76.678059,Low,Firearm,Under Investigation
2880,FIR/2022/002880,12,38,18,101409,504708,512151,2026-12-21,Iron Rod,None,12.913333,74.831596,Medium,Social Engineering,Under Investigation
2881,FIR/2025/002881,3,10,20,101616,503103,516029,2026-06-04,Iron Rod,Motorcycle,12.891411,74.876923,Medium,ATM Skimming,Under Investigation
2882,FIR/2025/002882,12,40,9,100744,502591,509926,2026-04-15,Iron Rod,Motorcycle,12.979242,77.552184,Medium,Duplicate Key,Under Investigation
2883,FIR/2023/002883,3,9,2,100156,500420,515317,2024-01-18,Hands,Scooter,12.979556,77.602003,Critical,Forced Entry,Under Investigation
2884,FIR/2025/002884,10,33,2,100152,519880,524881,2024-10-24,Knife,Truck,12.944524,77.639114,Low,Forced Entry,Charge Sheet Filed
2885,FIR/2026/002885,4,12,2,100104,500436,515862,2022-08-12,Stick,Motorcycle,12.975365,77.630278,Medium,ATM Skimming,Charge Sheet Filed
2886,FIR/2022/002886,11,36,12,101009,510594,515296,2025-05-28,Knife,Auto,12.300971,76.655491,Critical,Knife Attack,Charge Sheet Filed
2887,FIR/2025/002887,6,22,4,100324,508288,523102,2022-03-10,Pistol,Motorcycle,12.996269,77.630776,Low,Forced Entry,Pending Trial
2888,FIR/2022/002888,1,4,16,101306,508109,504417,2024-02-09,Iron Rod,Auto,12.972736,74.876451,Critical,Online Scam,Closed
2889,FIR/2026/002889,3,10,8,100646,517964,503479,2025-09-01,Crowbar,Van,12.971307,77.620879,Critical,Knife Attack,Under Investigation
2890,FIR/2024/002890,8,28,12,101004,501221,516510,2022-04-27,Unknown,Auto,12.313884,76.66791,Medium,Poisoning,Pending Trial
2891,FIR/2024/002891,2,7,4,100266,524009,519380,2024-11-14,Knife,Auto,12.988083,77.603332,Critical,Physical Assault,Under Investigation
2892,FIR/2023/002892,7,24,20,101608,508467,502087,2023-01-16,Unknown,Truck,12.925051,74.893023,High,Duplicate Key,Under Investigation
2893,FIR/2023/002893,8,28,8,100699,502576,513122,2022-10-30,Hands,Auto,12.958866,77.598456,Critical,Social Engineering,Closed
2894,FIR/2025/002894,8,26,13,101082,502868,504964,2025-10-12,Hands,Truck,12.296837,76.646583,High,Duplicate Key,Charge Sheet Filed
2895,FIR/2025/002895,11,35,16,101300,504506,501686,2025-09-14,Crowbar,None,12.9629,74.866764,Medium,Fake Identity,Closed
2896,FIR/2024/002896,6,21,17,101406,524311,516611,2025-09-14,Unknown,None,12.934807,74.86054,Low,Social Engineering,Under Investigation
2897,FIR/2023/002897,7,24,5,100383,521998,500587,2023-07-21,Knife,Car,12.926264,77.587892,Medium,Fake Identity,Under Investigation
2898,FIR/2022/002898,4,13,13,101116,507768,509843,2024-07-01,Knife,Scooter,12.329033,76.670649,High,Vehicle Lock Break,Closed
2899,FIR/2023/002899,8,28,5,100370,513658,502906,2026-12-17,Knife,Auto,12.949818,77.58229,High,ATM Skimming,Pending Trial
2900,FIR/2022/002900,9,29,18,101426,505494,514769,2025-06-02,Crowbar,Motorcycle,12.952728,74.849412,Critical,Forced Entry,Charge Sheet Filed
2901,FIR/2023/002901,1,2,2,100150,512853,520316,2023-05-12,Stick,Van,12.933515,77.596553,Critical,Duplicate Key,Charge Sheet Filed
2902,FIR/2022/002902,6,21,13,101066,523667,500987,2026-02-21,Crowbar,None,12.293665,76.691728,Critical,Duplicate Key,Pending Trial
2903,FIR/2025/002903,6,19,16,101283,519242,510374,2024-04-12,Knife,Van,12.977694,74.892838,Low,Physical Assault,Charge Sheet Filed
2904,FIR/2024/002904,4,12,19,101476,516320,521427,2024-01-10,Pistol,Truck,12.940935,74.856289,Medium,Physical Assault,Under Investigation
2905,FIR/2025/002905,6,20,9,100764,501761,508815,2026-01-21,Crowbar,Auto,12.977409,77.544351,Low,ATM Skimming,Closed
2906,FIR/2026/002906,9,30,20,101606,517454,506784,2025-10-17,Unknown,Motorcycle,12.930325,74.888492,Low,Firearm,Closed
2907,FIR/2026/002907,1,2,9,100755,510447,521381,2024-09-05,Unknown,Scooter,12.983878,77.549152,High,ATM Skimming,Pending Trial
2908,FIR/2023/002908,6,20,9,100718,502136,515862,2024-12-15,Unknown,Truck,12.980942,77.5554,High,Poisoning,Charge Sheet Filed
2909,FIR/2026/002909,5,14,9,100730,517883,524879,2024-12-17,Unknown,Car,12.964123,77.538427,Medium,Firearm,Charge Sheet Filed
2910,FIR/2023/002910,6,19,13,101076,511402,514657,2025-10-31,Iron Rod,Scooter,12.333591,76.653342,Critical,Forced Entry,Closed
2911,FIR/2022/002911,5,15,16,101261,503129,506205,2023-12-28,Stick,Motorcycle,12.962477,74.842807,High,Vehicle Lock Break,Charge Sheet Filed
2912,FIR/2026/002912,6,20,10,100876,505806,508328,2023-11-25,Pistol,Scooter,12.979747,77.576373,Critical,Fake Identity,Pending Trial
2913,FIR/2023/002913,1,4,12,101031,510560,502058,2023-07-25,Stick,Scooter,12.293839,76.687219,Low,Physical Assault,Closed
2914,FIR/2026/002914,1,1,5,100393,503538,512374,2025-08-22,Crowbar,Auto,12.929573,77.545717,High,Knife Attack,Pending Trial
2915,FIR/2026/002915,8,26,3,100195,521755,508178,2023-02-11,Pistol,Car,12.981642,77.572661,Critical,Knife Attack,Closed
2916,FIR/2022/002916,4,11,17,101374,518681,507220,2026-07-21,Unknown,Scooter,12.900757,74.851758,Critical,Vehicle Lock Break,Charge Sheet Filed
2917,FIR/2023/002917,11,36,13,101075,512964,522219,2024-01-17,Iron Rod,Truck,12.33103,76.685783,Critical,Online Scam,Closed
2918,FIR/2023/002918,3,8,18,101436,511069,502000,2023-06-27,Crowbar,None,12.94476,74.862185,Medium,Fake Identity,Pending Trial
2919,FIR/2024/002919,5,16,3,100183,513000,508397,2026-01-28,Knife,None,12.983242,77.601022,High,Knife Attack,Under Investigation
2920,FIR/2026/002920,11,37,15,101220,513379,522292,2022-08-11,Iron Rod,Auto,12.290607,76.635287,Low,Firearm,Charge Sheet Filed
2921,FIR/2024/002921,6,21,6,100451,509784,514628,2024-06-26,Hands,Scooter,13.005641,77.58682,Low,Fake Identity,Closed
2922,FIR/2026/002922,8,28,10,100873,511943,509401,2024-12-30,Knife,Motorcycle,12.98398,77.576503,Medium,Poisoning,Closed
2923,FIR/2025/002923,11,37,3,100245,510404,513219,2024-09-09,Stick,Van,12.959694,77.619648,Critical,Fake Identity,Under Investigation
2924,FIR/2026/002924,5,16,19,101492,524660,510634,2025-05-12,Iron Rod,None,12.918888,74.849767,High,Physical Assault,Charge Sheet Filed
2925,FIR/2024/002925,6,22,4,100338,511148,519144,2026-05-29,Hands,Scooter,12.9939,77.642055,Critical,Firearm,Closed
2926,FIR/2026/002926,3,9,15,101240,503340,515127,2024-09-13,Iron Rod,Motorcycle,12.27399,76.606422,Critical,Poisoning,Under Investigation
2927,FIR/2024/002927,3,8,10,100848,520306,515901,2023-07-31,Stick,Van,12.965863,77.569538,High,Knife Attack,Under Investigation
2928,FIR/2022/002928,5,15,10,100776,524742,500092,2025-10-15,Hands,Scooter,12.95572,77.563747,High,Fake Identity,Closed
2929,FIR/2022/002929,1,2,6,100466,523303,506776,2024-08-22,Crowbar,Truck,12.973084,77.571316,Critical,Fake Identity,Charge Sheet Filed
2930,FIR/2023/002930,10,34,1,100070,506790,506412,2026-04-04,Hands,Car,13.003067,77.581674,Medium,Duplicate Key,Under Investigation
2931,FIR/2025/002931,4,12,20,101611,522285,520603,2022-12-31,Stick,None,12.92847,74.886247,Critical,Physical Assault,Pending Trial
2932,FIR/2026/002932,1,1,4,100294,514565,522013,2025-09-30,Unknown,Auto,13.012119,77.644506,High,Fake Identity,Closed
2933,FIR/2026/002933,7,24,1,100070,519348,512523,2023-09-16,Iron Rod,None,12.997646,77.539004,Medium,Vehicle Lock Break,Under Investigation
2934,FIR/2024/002934,8,27,14,101150,500716,518526,2023-11-10,Unknown,Car,12.30697,76.664252,High,Vehicle Lock Break,Pending Trial
2935,FIR/2023/002935,8,26,20,101542,521351,515867,2023-08-29,Knife,Auto,12.945114,74.851806,Low,Social Engineering,Under Investigation
2936,FIR/2023/002936,10,33,16,101265,508859,523912,2022-03-10,Iron Rod,Auto,12.930575,74.853344,Medium,Physical Assault,Charge Sheet Filed
2937,FIR/2026/002937,8,26,6,100433,500114,505198,2023-12-05,Stick,Motorcycle,12.964889,77.609942,Medium,Online Scam,Closed
2938,FIR/2023/002938,8,26,19,101486,518428,500299,2023-03-02,Hands,Auto,12.943872,74.824947,High,Physical Assault,Charge Sheet Filed
2939,FIR/2022/002939,6,18,4,100327,510060,510699,2022-04-24,Pistol,Auto,13.000119,77.609214,Critical,Firearm,Closed
2940,FIR/2025/002940,11,35,12,100991,513020,507224,2023-01-25,Crowbar,Motorcycle,12.293489,76.688966,High,Poisoning,Under Investigation
2941,FIR/2024/002941,4,11,4,100296,507513,517135,2023-04-16,Stick,Motorcycle,13.005871,77.60149,Medium,Duplicate Key,Charge Sheet Filed
2942,FIR/2023/002942,7,25,8,100657,508191,506156,2025-11-26,Stick,Truck,12.972146,77.619951,Low,Forced Entry,Pending Trial
2943,FIR/2025/002943,6,21,15,101253,524335,503869,2024-02-04,Stick,None,12.284174,76.610942,High,Knife Attack,Under Investigation
2944,FIR/2026/002944,6,22,16,101331,520930,523348,2024-11-05,Stick,None,12.942209,74.878651,Critical,Vehicle Lock Break,Charge Sheet Filed
2945,FIR/2026/002945,7,23,4,100272,524453,504139,2025-10-02,Pistol,Auto,12.994527,77.627122,Low,Fake Identity,Charge Sheet Filed
2946,FIR/2026/002946,12,39,15,101232,511683,517233,2024-08-13,Knife,Car,12.294235,76.624226,Medium,Firearm,Under Investigation
2947,FIR/2026/002947,3,10,11,100916,516021,516577,2025-07-14,Knife,Truck,12.319118,76.600002,High,Physical Assault,Pending Trial
2948,FIR/2024/002948,6,20,15,101197,522162,505771,2022-03-18,Unknown,Auto,12.298729,76.604365,Medium,Online Scam,Charge Sheet Filed
2949,FIR/2023/002949,8,27,11,100901,505772,500433,2023-07-01,Hands,Scooter,12.310666,76.621312,Medium,Forced Entry,Under Investigation
2950,FIR/2025/002950,2,5,12,101008,519875,524126,2022-12-01,Crowbar,Van,12.330846,76.695072,High,ATM Skimming,Closed
2951,FIR/2023/002951,11,37,14,101124,511119,506110,2026-03-05,Hands,Scooter,12.254493,76.690269,Low,Duplicate Key,Closed
2952,FIR/2026/002952,1,1,20,101555,507796,522607,2022-06-21,Crowbar,Motorcycle,12.923442,74.835559,Medium,Firearm,Closed
2953,FIR/2024/002953,9,29,1,100045,524221,518226,2022-06-08,Crowbar,Motorcycle,12.996142,77.590306,Critical,Poisoning,Closed
2954,FIR/2025/002954,7,23,7,100594,507701,506479,2023-08-19,Pistol,Truck,12.924499,77.640589,High,Duplicate Key,Pending Trial
2955,FIR/2022/002955,9,31,10,100819,518398,505193,2025-10-25,Iron Rod,Scooter,12.931542,77.568343,Medium,Online Scam,Charge Sheet Filed
2956,FIR/2025/002956,7,25,18,101454,510589,508793,2026-12-11,Stick,Van,12.915665,74.839023,Low,Poisoning,Under Investigation
2957,FIR/2023/002957,12,38,11,100956,519494,510541,2022-03-17,Stick,Van,12.314926,76.607588,Medium,Vehicle Lock Break,Charge Sheet Filed
2958,FIR/2025/002958,8,26,2,100102,523293,505568,2023-09-03,Knife,Van,12.966132,77.615117,High,Fake Identity,Pending Trial
2959,FIR/2023/002959,4,13,17,101349,504247,513220,2023-04-21,Iron Rod,Truck,12.876907,74.837164,Medium,Duplicate Key,Closed
2960,FIR/2023/002960,1,3,3,100238,517926,502279,2025-09-29,Knife,Auto,12.968377,77.617509,Medium,Firearm,Closed
2961,FIR/2022/002961,9,30,10,100823,508697,508510,2024-04-18,Pistol,Car,12.945675,77.600732,Low,Knife Attack,Pending Trial
2962,FIR/2023/002962,2,7,7,100598,506663,502404,2025-01-05,Iron Rod,Van,12.957708,77.602724,Critical,Knife Attack,Charge Sheet Filed
2963,FIR/2026/002963,5,15,20,101567,516059,516025,2025-07-11,Iron Rod,Car,12.945939,74.891392,Medium,ATM Skimming,Under Investigation
2964,FIR/2026/002964,1,3,9,100730,513496,516434,2026-09-12,Hands,None,12.971185,77.538736,Low,Duplicate Key,Pending Trial
2965,FIR/2025/002965,10,32,20,101587,502864,503040,2024-03-13,Iron Rod,Scooter,12.927757,74.892279,Critical,Physical Assault,Charge Sheet Filed
2966,FIR/2026/002966,1,3,6,100531,521669,501247,2022-06-25,Unknown,Van,12.974442,77.596387,Critical,ATM Skimming,Pending Trial
2967,FIR/2025/002967,4,11,5,100419,517494,517263,2022-09-08,Knife,Auto,12.948417,77.589909,Medium,Firearm,Under Investigation
2968,FIR/2023/002968,4,12,17,101354,519962,500435,2026-10-10,Pistol,Car,12.918371,74.876417,Medium,Vehicle Lock Break,Pending Trial
2969,FIR/2024/002969,6,22,7,100553,504442,516955,2026-03-28,Hands,Auto,12.922231,77.643272,Critical,Forced Entry,Charge Sheet Filed
2970,FIR/2022/002970,1,3,13,101062,503753,509612,2026-01-12,Hands,Scooter,12.285587,76.676336,Critical,Vehicle Lock Break,Pending Trial
2971,FIR/2024/002971,5,14,7,100597,507124,508910,2025-06-30,Knife,Car,12.943191,77.602211,Low,Poisoning,Charge Sheet Filed
2972,FIR/2024/002972,8,27,3,100245,523709,516796,2024-03-02,Crowbar,Auto,12.977788,77.583516,Low,Fake Identity,Closed
2973,FIR/2025/002973,6,18,19,101509,504280,522101,2025-09-17,Knife,Auto,12.952866,74.843688,Medium,Fake Identity,Under Investigation
2974,FIR/2024/002974,3,9,9,100751,508934,502311,2022-06-24,Unknown,Motorcycle,13.01935,77.577328,Critical,ATM Skimming,Closed
2975,FIR/2025/002975,5,15,9,100755,500930,522209,2022-06-16,Pistol,Motorcycle,13.009325,77.59309,Critical,Duplicate Key,Charge Sheet Filed
2976,FIR/2026/002976,11,37,11,100934,514396,524020,2026-07-21,Unknown,Van,12.359088,76.581796,Low,Poisoning,Closed
2977,FIR/2022/002977,7,23,12,101054,503410,500899,2022-07-06,Crowbar,Scooter,12.28363,76.652779,Medium,Duplicate Key,Charge Sheet Filed
2978,FIR/2025/002978,5,16,11,100933,515167,512529,2025-05-19,Iron Rod,Van,12.333214,76.611122,Low,ATM Skimming,Under Investigation
2979,FIR/2023/002979,11,37,15,101225,508620,508783,2022-11-13,Hands,Scooter,12.28168,76.592645,High,Forced Entry,Pending Trial
2980,FIR/2023/002980,7,25,3,100216,507341,502236,2024-02-18,Hands,None,12.990641,77.605415,Low,Firearm,Charge Sheet Filed
2981,FIR/2022/002981,11,37,1,100013,521605,512438,2024-12-02,Unknown,Car,12.949118,77.535489,Critical,Fake Identity,Closed
2982,FIR/2024/002982,11,35,10,100853,517807,521936,2023-01-10,Hands,Scooter,12.971801,77.573857,Critical,Knife Attack,Charge Sheet Filed
2983,FIR/2023/002983,6,18,5,100407,510257,512903,2026-09-12,Knife,Truck,12.968839,77.54339,Critical,Social Engineering,Closed
2984,FIR/2026/002984,12,39,10,100846,500516,505207,2023-01-31,Hands,Van,12.943959,77.592558,Medium,Social Engineering,Pending Trial
2985,FIR/2024/002985,12,39,8,100634,507823,509926,2026-05-16,Knife,Car,12.958308,77.61064,Medium,Fake Identity,Closed
2986,FIR/2024/002986,5,15,15,101202,505997,521596,2023-12-07,Hands,Motorcycle,12.316441,76.617294,High,Duplicate Key,Closed
2987,FIR/2024/002987,7,24,4,100310,515992,510442,2023-12-29,Iron Rod,Motorcycle,12.985847,77.644391,Critical,Forced Entry,Closed
2988,FIR/2023/002988,1,3,8,100701,517970,504975,2025-04-18,Iron Rod,Auto,13.007742,77.582711,Critical,Online Scam,Charge Sheet Filed
2989,FIR/2023/002989,10,34,11,100921,520981,505098,2025-07-08,Pistol,Scooter,12.33806,76.61276,High,Duplicate Key,Charge Sheet Filed
2990,FIR/2023/002990,4,12,8,100704,506422,515481,2023-10-15,Pistol,None,12.982283,77.602749,High,Social Engineering,Pending Trial
2991,FIR/2024/002991,5,14,18,101454,519312,514781,2022-02-18,Knife,Scooter,12.929736,74.868901,Low,Duplicate Key,Closed
2992,FIR/2025/002992,3,9,9,100727,516641,500268,2024-03-02,Hands,Truck,13.016911,77.564951,High,Vehicle Lock Break,Pending Trial
2993,FIR/2022/002993,4,13,7,100567,523934,519627,2025-11-04,Stick,Auto,12.915504,77.65465,Critical,Fake Identity,Closed
2994,FIR/2024/002994,10,34,6,100452,522279,502718,2024-02-24,Iron Rod,Car,13.00446,77.612985,High,Physical Assault,Closed
2995,FIR/2023/002995,12,38,16,101301,507048,524192,2024-04-21,Iron Rod,Motorcycle,12.953695,74.87792,Critical,Social Engineering,Charge Sheet Filed
2996,FIR/2022/002996,7,25,9,100739,501263,513753,2022-08-11,Hands,Motorcycle,12.999291,77.536913,High,Online Scam,Closed
2997,FIR/2024/002997,9,30,18,101465,508413,513792,2025-07-21,Pistol,Auto,12.926194,74.844422,Medium,ATM Skimming,Charge Sheet Filed
2998,FIR/2026/002998,8,28,15,101189,515449,510334,2026-07-21,Unknown,Truck,12.273447,76.594557,Medium,ATM Skimming,Pending Trial
2999,FIR/2023/002999,1,2,5,100344,515829,520167,2026-10-09,Unknown,Motorcycle,12.964107,77.556036,Critical,Forced Entry,Under Investigation
3000,FIR/2024/003000,11,36,17,101374,505696,500230,2025-03-22,Crowbar,None,12.902361,74.843752,Low,Duplicate Key,Under Investigation
3001,FIR/2026/003001,4,13,14,101172,520286,507804,2024-10-13,Crowbar,Scooter,12.267404,76.646581,Medium,Vehicle Lock Break,Closed
3002,FIR/2026/003002,10,32,8,100704,502237,506364,2023-10-10,Crowbar,Motorcycle,12.997385,77.612843,Low,Poisoning,Closed
3003,FIR/2024/003003,8,27,10,100783,505278,519548,2024-03-17,Stick,None,12.938087,77.611667,Critical,Online Scam,Charge Sheet Filed
3004,FIR/2025/003004,6,22,9,100728,516755,511525,2022-05-21,Crowbar,Van,13.012914,77.582943,Low,Vehicle Lock Break,Pending Trial
3005,FIR/2023/003005,6,22,15,101201,513821,500389,2024-06-10,Pistol,Scooter,12.269654,76.588745,Medium,Forced Entry,Charge Sheet Filed
3006,FIR/2023/003006,1,4,11,100935,511021,501757,2025-02-26,Pistol,Motorcycle,12.336977,76.599895,High,Social Engineering,Pending Trial
3007,FIR/2023/003007,8,27,11,100895,518533,505220,2025-02-05,Hands,Van,12.360767,76.628229,Medium,Fake Identity,Closed
3008,FIR/2023/003008,10,32,20,101613,516839,519579,2022-01-07,Stick,Auto,12.927886,74.878399,High,Poisoning,Pending Trial
3009,FIR/2026/003009,5,17,8,100706,510078,514128,2026-06-19,Unknown,Truck,12.996708,77.620611,High,Poisoning,Charge Sheet Filed
3010,FIR/2025/003010,5,14,10,100847,508024,506827,2023-02-08,Hands,None,12.97597,77.562508,High,Online Scam,Charge Sheet Filed
3011,FIR/2022/003011,11,35,10,100822,502566,501650,2026-12-16,Stick,Scooter,12.939451,77.597949,Critical,Forced Entry,Pending Trial
3012,FIR/2022/003012,6,21,20,101549,512237,518633,2026-07-21,Knife,Auto,12.925837,74.850573,High,Vehicle Lock Break,Under Investigation
3013,FIR/2023/003013,3,10,13,101087,518593,503149,2025-11-09,Unknown,Scooter,12.303093,76.671725,Low,Forced Entry,Closed
3014,FIR/2025/003014,5,15,4,100262,500443,508977,2024-11-05,Hands,Scooter,12.998733,77.631056,High,Fake Identity,Pending Trial
3015,FIR/2022/003015,2,5,4,100256,508493,517381,2024-04-14,Iron Rod,None,13.011122,77.614188,Low,Poisoning,Charge Sheet Filed
3016,FIR/2026/003016,3,9,4,100310,510195,510828,2024-11-21,Knife,None,12.962371,77.62941,Low,Fake Identity,Pending Trial
3017,FIR/2022/003017,6,19,11,100946,504608,515638,2024-04-29,Unknown,Car,12.330394,76.602707,Medium,Vehicle Lock Break,Closed
3018,FIR/2022/003018,6,20,2,100100,515374,503021,2025-12-17,Unknown,Auto,12.945815,77.639631,Critical,Duplicate Key,Charge Sheet Filed
3019,FIR/2023/003019,10,34,20,101612,515574,520149,2024-01-02,Unknown,Motorcycle,12.901479,74.889827,Low,Forced Entry,Pending Trial
3020,FIR/2023/003020,3,10,6,100477,512193,512858,2026-04-09,Hands,Motorcycle,12.977413,77.599447,Low,Forced Entry,Under Investigation
3021,FIR/2026/003021,6,20,9,100722,524209,505289,2024-05-06,Unknown,Van,13.001171,77.555095,Medium,Fake Identity,Charge Sheet Filed
3022,FIR/2025/003022,2,5,19,101526,500721,517085,2023-09-16,Unknown,Van,12.908197,74.819046,High,Knife Attack,Pending Trial
3023,FIR/2023/003023,5,17,3,100239,505180,514118,2024-12-29,Crowbar,Scooter,12.993187,77.622082,Critical,Online Scam,Pending Trial
3024,FIR/2025/003024,3,8,11,100962,524112,501917,2025-03-19,Pistol,Truck,12.345727,76.606111,Low,Forced Entry,Charge Sheet Filed
3025,FIR/2025/003025,5,16,6,100427,503073,505944,2024-04-30,Pistol,Car,12.96776,77.581563,High,Knife Attack,Pending Trial
3026,FIR/2025/003026,9,30,20,101585,517094,509398,2026-03-07,Knife,Scooter,12.906556,74.867574,Critical,Forced Entry,Under Investigation
3027,FIR/2025/003027,4,12,5,100409,505779,500806,2022-04-13,Stick,Scooter,12.955579,77.547444,Medium,Online Scam,Pending Trial
3028,FIR/2025/003028,6,21,19,101510,508152,521589,2022-09-17,Pistol,Van,12.900994,74.820971,Critical,Online Scam,Charge Sheet Filed
3029,FIR/2025/003029,4,11,2,100145,501483,509128,2025-12-08,Pistol,None,12.929212,77.637717,Medium,Fake Identity,Closed
3030,FIR/2024/003030,1,3,13,101059,514043,520148,2023-05-15,Knife,Auto,12.339686,76.663346,High,Knife Attack,Under Investigation
3031,FIR/2022/003031,5,16,3,100211,505351,520972,2024-06-25,Pistol,None,12.972237,77.577095,Medium,ATM Skimming,Under Investigation
3032,FIR/2022/003032,6,21,8,100640,505795,520049,2022-08-14,Iron Rod,Car,12.979894,77.615038,High,Forced Entry,Charge Sheet Filed
3033,FIR/2022/003033,6,21,9,100753,501908,523912,2025-04-12,Stick,Scooter,13.005719,77.558166,Low,Poisoning,Charge Sheet Filed
3034,FIR/2024/003034,3,8,12,101034,509168,501555,2026-08-25,Knife,None,12.298975,76.669141,Critical,ATM Skimming,Pending Trial
3035,FIR/2026/003035,2,6,9,100767,518410,502350,2026-12-30,Iron Rod,Scooter,12.989889,77.593271,High,ATM Skimming,Pending Trial
3036,FIR/2024/003036,5,14,16,101263,504711,510400,2022-05-14,Stick,Auto,12.933686,74.864622,Medium,Vehicle Lock Break,Under Investigation
3037,FIR/2023/003037,6,19,6,100430,518354,520852,2023-10-14,Hands,Scooter,13.014575,77.613832,High,Firearm,Pending Trial
3038,FIR/2022/003038,9,30,17,101345,500784,509206,2024-07-14,Stick,Van,12.918359,74.869657,High,Poisoning,Pending Trial
3039,FIR/2023/003039,8,26,19,101496,507529,522765,2023-01-30,Iron Rod,Scooter,12.937942,74.81126,High,Knife Attack,Charge Sheet Filed
3040,FIR/2026/003040,2,5,2,100133,509241,503507,2025-12-20,Iron Rod,Truck,12.962531,77.623407,Critical,ATM Skimming,Closed
3041,FIR/2024/003041,5,16,16,101262,501754,509001,2022-02-20,Crowbar,Motorcycle,12.956533,74.875434,High,Online Scam,Closed
3042,FIR/2023/003042,7,25,19,101504,508545,507517,2025-12-03,Unknown,Scooter,12.927165,74.8381,Medium,Firearm,Pending Trial
3043,FIR/2025/003043,7,23,8,100659,523712,515319,2023-04-13,Crowbar,Truck,12.996812,77.615865,Low,ATM Skimming,Charge Sheet Filed
3044,FIR/2024/003044,8,26,17,101358,508454,502891,2023-10-13,Hands,Van,12.926585,74.849765,Low,Vehicle Lock Break,Closed
3045,FIR/2025/003045,8,26,14,101169,500491,502483,2025-01-21,Unknown,None,12.263788,76.643134,Medium,Firearm,Charge Sheet Filed
3046,FIR/2022/003046,7,25,19,101503,502347,516104,2023-12-07,Crowbar,Van,12.930461,74.818712,Low,Social Engineering,Closed
3047,FIR/2026/003047,7,24,11,100956,503911,516163,2026-05-05,Unknown,Motorcycle,12.312463,76.606944,Critical,Forced Entry,Pending Trial
3048,FIR/2025/003048,3,10,4,100294,520567,502551,2026-06-23,Pistol,Auto,12.959273,77.610352,High,Poisoning,Under Investigation
3049,FIR/2026/003049,8,28,20,101614,517892,519694,2024-11-19,Unknown,None,12.893511,74.849641,Critical,Online Scam,Pending Trial
3050,FIR/2026/003050,9,31,3,100223,520877,513132,2024-08-17,Stick,Scooter,12.989147,77.62418,Medium,Duplicate Key,Pending Trial
3051,FIR/2022/003051,3,8,13,101081,519778,508469,2022-11-15,Crowbar,Truck,12.306855,76.70313,High,Online Scam,Under Investigation
3052,FIR/2022/003052,2,6,3,100243,514149,506523,2024-06-02,Pistol,Truck,12.998181,77.58327,High,ATM Skimming,Charge Sheet Filed
3053,FIR/2022/003053,10,33,14,101136,519535,508143,2026-03-02,Iron Rod,Truck,12.279871,76.677033,High,Poisoning,Pending Trial
3054,FIR/2023/003054,11,36,3,100225,522794,509979,2022-07-26,Pistol,Scooter,12.989218,77.594599,High,Fake Identity,Charge Sheet Filed
3055,FIR/2023/003055,1,3,18,101407,522990,502430,2025-02-16,Unknown,Car,12.955343,74.87599,High,Social Engineering,Under Investigation
3056,FIR/2025/003056,7,24,8,100663,501369,510664,2024-04-06,Hands,Motorcycle,13.01495,77.608647,High,Vehicle Lock Break,Under Investigation
3057,FIR/2024/003057,6,21,4,100259,524286,520423,2025-11-22,Crowbar,Auto,12.972086,77.64049,Low,Fake Identity,Closed
3058,FIR/2024/003058,5,16,6,100496,509157,501729,2025-03-31,Hands,Truck,12.988444,77.615874,Low,Poisoning,Under Investigation
3059,FIR/2026/003059,11,35,4,100301,500733,502826,2024-02-19,Iron Rod,None,12.962887,77.634911,Medium,Online Scam,Closed
3060,FIR/2023/003060,7,25,5,100347,502009,500312,2022-01-07,Iron Rod,Car,12.947055,77.584652,Critical,Vehicle Lock Break,Pending Trial
3061,FIR/2022/003061,10,33,6,100500,500265,507515,2025-10-24,Crowbar,Truck,13.018344,77.613271,Medium,Firearm,Pending Trial
3062,FIR/2023/003062,9,30,7,100578,509305,505932,2023-04-30,Crowbar,Scooter,12.954951,77.624493,Low,Vehicle Lock Break,Closed
3063,FIR/2024/003063,5,16,3,100176,503592,507637,2023-12-16,Crowbar,None,12.968363,77.598709,Low,Physical Assault,Closed
3064,FIR/2025/003064,11,36,4,100309,517262,509382,2025-08-02,Hands,Truck,12.994589,77.61613,Low,Duplicate Key,Pending Trial
3065,FIR/2022/003065,11,36,14,101150,513750,502490,2022-03-14,Crowbar,Motorcycle,12.269668,76.672796,High,Firearm,Charge Sheet Filed
3066,FIR/2024/003066,4,11,15,101238,512582,518648,2026-09-05,Stick,Motorcycle,12.321498,76.598201,Low,Online Scam,Under Investigation
3067,FIR/2023/003067,12,39,19,101479,507492,502289,2026-03-13,Knife,None,12.926169,74.851274,Low,ATM Skimming,Closed
3068,FIR/2024/003068,6,22,9,100744,505303,500581,2023-09-06,Knife,Scooter,12.966762,77.547446,Critical,Social Engineering,Charge Sheet Filed
3069,FIR/2023/003069,5,14,5,100421,510391,505248,2024-10-29,Unknown,None,12.926494,77.579137,Critical,Firearm,Closed
3070,FIR/2024/003070,10,33,6,100530,505174,515609,2024-01-01,Crowbar,None,12.975857,77.602317,High,Forced Entry,Charge Sheet Filed
3071,FIR/2026/003071,9,31,14,101166,507163,502908,2025-09-16,Crowbar,Truck,12.304672,76.643544,Low,Forced Entry,Pending Trial
3072,FIR/2022/003072,6,19,11,100959,518765,511479,2024-11-20,Stick,None,12.313256,76.604266,Critical,Duplicate Key,Charge Sheet Filed
3073,FIR/2024/003073,6,20,6,100501,519335,503552,2024-06-11,Crowbar,Car,12.97881,77.566765,High,Vehicle Lock Break,Pending Trial
3074,FIR/2023/003074,4,13,4,100329,504934,518567,2023-09-09,Knife,None,12.996634,77.622385,Low,Duplicate Key,Closed
3075,FIR/2024/003075,1,2,13,101084,510435,524719,2022-12-14,Stick,Truck,12.289613,76.64915,Low,Forced Entry,Charge Sheet Filed
3076,FIR/2026/003076,11,35,10,100864,517731,515525,2023-07-21,Stick,Scooter,12.941675,77.57521,Critical,Poisoning,Charge Sheet Filed
3077,FIR/2023/003077,12,40,17,101349,502425,521624,2024-11-04,Pistol,Motorcycle,12.899297,74.844821,Medium,Knife Attack,Closed
3078,FIR/2023/003078,1,2,20,101570,512582,519030,2025-12-24,Unknown,Motorcycle,12.888658,74.857277,Low,Forced Entry,Charge Sheet Filed
3079,FIR/2023/003079,2,6,18,101424,515441,518104,2022-01-13,Stick,Van,12.967059,74.874294,Critical,Fake Identity,Closed
3080,FIR/2023/003080,5,14,5,100381,501530,501638,2024-09-22,Unknown,None,12.958014,77.557879,Medium,Physical Assault,Pending Trial
3081,FIR/2022/003081,1,4,17,101395,518837,517033,2023-08-21,Knife,Van,12.89346,74.836867,Low,Vehicle Lock Break,Charge Sheet Filed
3082,FIR/2025/003082,3,10,20,101560,520825,508897,2024-12-11,Unknown,None,12.905515,74.875284,Critical,Duplicate Key,Pending Trial
3083,FIR/2025/003083,7,23,19,101523,513640,516432,2023-11-16,Unknown,Motorcycle,12.929709,74.821357,Medium,Social Engineering,Under Investigation
3084,FIR/2026/003084,6,18,13,101089,520044,509810,2025-09-03,Iron Rod,Van,12.326882,76.687105,Critical,ATM Skimming,Closed
3085,FIR/2024/003085,3,9,7,100548,520622,512401,2026-01-10,Pistol,None,12.952462,77.63219,High,Firearm,Under Investigation
3086,FIR/2022/003086,8,27,4,100329,512239,506517,2022-05-27,Knife,Van,12.990701,77.606921,High,Firearm,Under Investigation
3087,FIR/2022/003087,8,26,10,100878,507317,507088,2026-01-07,Knife,Car,12.931105,77.607808,Low,Knife Attack,Closed
3088,FIR/2025/003088,12,39,16,101318,503672,512763,2026-02-08,Iron Rod,Truck,12.94515,74.860727,Low,Fake Identity,Charge Sheet Filed
3089,FIR/2026/003089,11,36,6,100443,514773,517916,2024-12-28,Pistol,Scooter,13.010603,77.581991,Low,Poisoning,Charge Sheet Filed
3090,FIR/2024/003090,1,3,11,100913,507656,513911,2026-04-21,Hands,Van,12.357761,76.612947,High,Knife Attack,Pending Trial
3091,FIR/2026/003091,12,39,15,101185,507330,523620,2022-08-10,Iron Rod,Car,12.295949,76.611737,Medium,Knife Attack,Charge Sheet Filed
3092,FIR/2022/003092,6,19,16,101340,522922,509179,2025-03-07,Knife,Motorcycle,12.95204,74.863905,Medium,Social Engineering,Pending Trial
3093,FIR/2023/003093,12,38,17,101404,507138,503026,2026-06-11,Unknown,Van,12.885186,74.874686,Medium,Poisoning,Charge Sheet Filed
3094,FIR/2026/003094,5,15,1,100090,502230,501642,2025-02-18,Knife,Motorcycle,12.997673,77.55072,Low,Social Engineering,Under Investigation
3095,FIR/2025/003095,7,23,15,101191,520087,511503,2022-08-14,Iron Rod,None,12.293139,76.605689,Low,ATM Skimming,Closed
3096,FIR/2022/003096,1,3,18,101458,500078,511850,2026-04-14,Pistol,Car,12.923386,74.867673,Critical,Duplicate Key,Charge Sheet Filed
3097,FIR/2026/003097,2,5,16,101256,510516,516243,2023-06-14,Crowbar,Car,12.96541,74.881701,Medium,Fake Identity,Pending Trial
3098,FIR/2024/003098,2,5,8,100634,521446,521853,2024-01-15,Iron Rod,Car,13.006511,77.605195,High,Vehicle Lock Break,Under Investigation
3099,FIR/2023/003099,10,33,12,100970,507939,510255,2022-04-21,Unknown,Scooter,12.320522,76.645132,High,Forced Entry,Closed
3100,FIR/2023/003100,3,9,5,100416,507215,511978,2025-03-30,Crowbar,Car,12.956563,77.597291,High,Fake Identity,Under Investigation
3101,FIR/2022/003101,11,36,20,101566,511756,514295,2026-08-06,Iron Rod,None,12.896188,74.863402,Critical,Firearm,Under Investigation
3102,FIR/2024/003102,9,31,3,100184,515343,517846,2024-01-06,Crowbar,Truck,12.966586,77.591846,Critical,Firearm,Closed
3103,FIR/2024/003103,6,22,19,101476,514392,512649,2023-04-23,Hands,Scooter,12.943459,74.823641,Critical,Social Engineering,Under Investigation
3104,FIR/2022/003104,5,16,15,101184,512461,516559,2024-03-27,Stick,Van,12.273535,76.626195,Critical,Duplicate Key,Pending Trial
3105,FIR/2024/003105,8,27,17,101372,501955,512059,2022-01-08,Stick,Van,12.921181,74.8242,Critical,Online Scam,Pending Trial
3106,FIR/2025/003106,6,21,18,101413,512717,500498,2022-07-12,Unknown,Scooter,12.948907,74.845266,Critical,Poisoning,Charge Sheet Filed
3107,FIR/2023/003107,1,2,16,101285,509650,519840,2023-06-01,Crowbar,Auto,12.950956,74.880092,Medium,Firearm,Pending Trial
3108,FIR/2025/003108,2,6,17,101363,514591,520551,2024-03-10,Unknown,Van,12.904777,74.85459,Critical,Fake Identity,Charge Sheet Filed
3109,FIR/2025/003109,11,37,1,100066,520418,512033,2022-03-20,Unknown,Scooter,12.953778,77.576818,High,Vehicle Lock Break,Closed
3110,FIR/2022/003110,1,2,18,101456,506369,500097,2023-10-10,Pistol,None,12.931426,74.881183,Medium,Knife Attack,Under Investigation
3111,FIR/2025/003111,9,31,6,100523,516195,507494,2022-08-07,Pistol,Motorcycle,12.970771,77.603287,Critical,Fake Identity,Closed
3112,FIR/2024/003112,8,26,11,100947,515729,506759,2023-03-09,Unknown,Scooter,12.310611,76.637208,High,Vehicle Lock Break,Charge Sheet Filed
3113,FIR/2024/003113,3,8,10,100820,500976,515990,2023-05-26,Hands,Motorcycle,12.969175,77.607262,Critical,Online Scam,Pending Trial
3114,FIR/2024/003114,8,28,20,101589,507188,512494,2026-08-20,Unknown,Van,12.92244,74.859162,Medium,Forced Entry,Charge Sheet Filed
3115,FIR/2023/003115,6,22,8,100621,520238,510243,2022-02-28,Unknown,Van,12.981721,77.604536,High,Forced Entry,Pending Trial
3116,FIR/2024/003116,12,38,8,100637,523141,503545,2023-06-11,Iron Rod,Car,12.96118,77.599613,High,Physical Assault,Charge Sheet Filed
3117,FIR/2024/003117,7,25,18,101410,500600,506677,2024-12-28,Crowbar,Auto,12.968644,74.849026,High,Firearm,Pending Trial
3118,FIR/2023/003118,6,20,18,101424,513454,514819,2023-07-24,Iron Rod,Truck,12.912498,74.878005,Critical,Duplicate Key,Under Investigation
3119,FIR/2026/003119,2,5,20,101597,510311,503474,2022-01-06,Unknown,Van,12.921585,74.87409,Low,Vehicle Lock Break,Pending Trial
3120,FIR/2026/003120,2,7,15,101193,502209,514607,2026-06-07,Unknown,None,12.294178,76.62397,Low,Online Scam,Closed
3121,FIR/2024/003121,4,13,11,100901,524978,509206,2023-02-03,Knife,Auto,12.353365,76.580686,Medium,Physical Assault,Under Investigation
3122,FIR/2022/003122,10,34,12,100977,505960,507352,2022-02-06,Crowbar,Motorcycle,12.340552,76.663984,High,Social Engineering,Closed
3123,FIR/2024/003123,1,2,13,101071,518780,507746,2026-01-29,Hands,Motorcycle,12.333575,76.680416,High,Social Engineering,Closed
3124,FIR/2022/003124,5,17,11,100928,501119,513279,2024-05-25,Iron Rod,Truck,12.340588,76.582841,Low,Forced Entry,Charge Sheet Filed
3125,FIR/2024/003125,7,24,17,101374,516742,510761,2026-01-27,Pistol,None,12.920845,74.849678,Low,Poisoning,Charge Sheet Filed
3126,FIR/2022/003126,10,32,8,100627,512007,513427,2022-08-09,Hands,Scooter,13.011626,77.575223,High,Forced Entry,Closed
3127,FIR/2022/003127,1,4,8,100694,522202,513933,2022-04-10,Unknown,Van,12.975929,77.587319,High,Vehicle Lock Break,Charge Sheet Filed
3128,FIR/2024/003128,11,35,11,100933,519811,506338,2022-03-28,Stick,Car,12.360591,76.630131,Critical,Firearm,Closed
3129,FIR/2025/003129,11,37,19,101469,500122,512707,2022-06-02,Iron Rod,Motorcycle,12.922919,74.854416,Critical,Fake Identity,Closed
3130,FIR/2026/003130,3,10,11,100930,517437,516730,2025-03-03,Iron Rod,Scooter,12.353236,76.610041,Critical,Online Scam,Under Investigation
3131,FIR/2026/003131,6,19,20,101563,500001,524890,2023-05-17,Iron Rod,Car,12.894706,74.851177,Critical,ATM Skimming,Pending Trial
3132,FIR/2026/003132,4,11,6,100538,509364,521555,2024-01-28,Knife,Van,13.016509,77.588147,Critical,Vehicle Lock Break,Closed
3133,FIR/2026/003133,2,6,8,100677,505143,507727,2023-07-31,Stick,Motorcycle,12.970637,77.592761,High,Duplicate Key,Pending Trial
3134,FIR/2026/003134,7,25,1,100014,514640,516647,2025-02-09,Unknown,Car,12.955939,77.558957,Low,Vehicle Lock Break,Charge Sheet Filed
3135,FIR/2026/003135,12,40,4,100295,524422,518038,2024-10-23,Stick,Motorcycle,12.972926,77.651995,High,Online Scam,Pending Trial
3136,FIR/2023/003136,2,5,17,101370,521346,523651,2024-11-13,Stick,Motorcycle,12.893772,74.864481,Critical,Physical Assault,Under Investigation
3137,FIR/2023/003137,2,7,5,100397,514959,507616,2025-09-14,Hands,None,12.956325,77.59278,High,Duplicate Key,Pending Trial
3138,FIR/2026/003138,2,7,7,100567,510003,520038,2024-07-03,Unknown,Scooter,12.955336,77.609074,Low,Duplicate Key,Charge Sheet Filed
3139,FIR/2024/003139,2,7,8,100654,501384,504640,2023-09-19,Pistol,Scooter,12.982729,77.610149,High,Knife Attack,Pending Trial
3140,FIR/2026/003140,11,36,6,100456,500201,506601,2025-09-14,Pistol,Auto,12.977292,77.606493,Medium,ATM Skimming,Closed
3141,FIR/2026/003141,6,20,15,101184,524448,521090,2025-10-27,Stick,None,12.274351,76.603298,Medium,Vehicle Lock Break,Pending Trial
3142,FIR/2026/003142,1,2,12,100976,521745,502688,2022-03-20,Crowbar,Car,12.289354,76.660759,High,Forced Entry,Under Investigation
3143,FIR/2023/003143,5,17,1,100033,513737,511501,2026-05-29,Crowbar,Auto,12.96931,77.551351,Critical,ATM Skimming,Charge Sheet Filed
3144,FIR/2022/003144,10,32,13,101108,518494,500745,2025-05-11,Stick,Motorcycle,12.308769,76.701374,Critical,ATM Skimming,Closed
3145,FIR/2026/003145,3,10,5,100410,517325,520993,2023-03-01,Stick,Van,12.957485,77.558636,Low,Forced Entry,Under Investigation
3146,FIR/2023/003146,11,37,4,100320,501851,503318,2024-09-23,Knife,Motorcycle,12.981488,77.640578,High,ATM Skimming,Closed
3147,FIR/2026/003147,11,37,11,100886,522912,500483,2024-03-03,Hands,Van,12.311973,76.629808,High,Online Scam,Pending Trial
3148,FIR/2024/003148,5,15,17,101372,506270,524605,2026-11-03,Stick,Truck,12.879756,74.835864,Critical,Duplicate Key,Under Investigation
3149,FIR/2024/003149,6,18,7,100590,512102,507732,2024-07-04,Pistol,Van,12.956469,77.636554,Low,Vehicle Lock Break,Closed
3150,FIR/2023/003150,4,11,15,101252,523353,524587,2025-12-27,Hands,Truck,12.314129,76.597643,Critical,Duplicate Key,Under Investigation
3151,FIR/2024/003151,3,8,5,100354,515464,511056,2026-07-02,Pistol,Scooter,12.963302,77.57183,High,Forced Entry,Under Investigation
3152,FIR/2022/003152,2,6,16,101284,504996,516387,2023-05-27,Knife,Truck,12.924667,74.845586,Low,Online Scam,Pending Trial
3153,FIR/2022/003153,2,7,12,101047,506044,500361,2023-10-30,Iron Rod,Van,12.316889,76.662721,High,Fake Identity,Closed
3154,FIR/2024/003154,3,9,6,100529,501298,504859,2025-05-03,Hands,Car,13.004334,77.605574,High,Online Scam,Closed
3155,FIR/2023/003155,6,22,15,101239,503224,514708,2025-02-23,Iron Rod,Auto,12.290184,76.639207,Medium,Firearm,Under Investigation
3156,FIR/2026/003156,4,13,1,100075,523759,506216,2024-05-02,Pistol,Car,12.992525,77.593774,Low,Online Scam,Under Investigation
3157,FIR/2025/003157,7,25,6,100482,506987,500500,2023-11-30,Stick,Auto,12.998827,77.571917,Medium,Duplicate Key,Charge Sheet Filed
3158,FIR/2022/003158,6,21,13,101090,513157,509177,2024-03-11,Knife,Scooter,12.304204,76.670507,Low,Fake Identity,Under Investigation
3159,FIR/2023/003159,6,21,20,101571,500909,504100,2025-03-10,Hands,Scooter,12.945822,74.887343,Critical,Physical Assault,Charge Sheet Filed
3160,FIR/2025/003160,3,8,16,101294,504510,516460,2022-08-23,Hands,Van,12.93342,74.897813,Medium,Online Scam,Charge Sheet Filed
3161,FIR/2025/003161,8,26,3,100246,524656,521054,2024-12-29,Crowbar,Van,12.948409,77.611558,Critical,Social Engineering,Under Investigation
3162,FIR/2024/003162,5,16,17,101374,513253,522553,2025-03-08,Iron Rod,Car,12.917001,74.868504,Critical,Knife Attack,Under Investigation
3163,FIR/2022/003163,6,21,3,100167,517336,505408,2024-03-14,Crowbar,Car,12.958557,77.580457,Medium,Knife Attack,Pending Trial
3164,FIR/2022/003164,1,2,16,101291,519690,506284,2023-07-16,Hands,Scooter,12.936407,74.895211,Low,Forced Entry,Charge Sheet Filed
3165,FIR/2024/003165,4,13,18,101449,511038,523268,2023-03-23,Stick,Motorcycle,12.944257,74.835181,Medium,Social Engineering,Charge Sheet Filed
3166,FIR/2023/003166,9,30,19,101537,505620,512507,2023-05-13,Pistol,Auto,12.945227,74.819832,High,Physical Assault,Pending Trial
3167,FIR/2024/003167,2,6,1,100029,508192,523565,2022-11-15,Stick,Scooter,12.955207,77.549738,Low,Firearm,Charge Sheet Filed
3168,FIR/2024/003168,7,24,14,101154,522104,513470,2022-07-20,Knife,Truck,12.304838,76.633839,High,Social Engineering,Under Investigation
3169,FIR/2023/003169,6,20,13,101096,506414,502923,2025-07-15,Iron Rod,Truck,12.339081,76.664938,High,Online Scam,Under Investigation
3170,FIR/2023/003170,3,10,18,101443,520744,510153,2022-12-21,Unknown,None,12.947915,74.849378,High,Poisoning,Under Investigation
3171,FIR/2025/003171,2,5,10,100775,515890,502113,2026-12-04,Hands,Scooter,12.937427,77.581389,Critical,ATM Skimming,Under Investigation
3172,FIR/2026/003172,6,18,11,100931,523576,519340,2022-07-17,Unknown,Auto,12.350476,76.63742,High,Social Engineering,Pending Trial
3173,FIR/2026/003173,8,27,9,100764,521602,510483,2022-01-25,Crowbar,None,12.96516,77.554609,Low,Knife Attack,Under Investigation
3174,FIR/2026/003174,7,23,13,101060,513536,501449,2022-07-08,Pistol,Motorcycle,12.321356,76.701669,Low,Poisoning,Pending Trial
3175,FIR/2025/003175,8,26,4,100305,521100,515751,2023-09-15,Hands,None,12.969662,77.653347,Critical,Poisoning,Pending Trial
3176,FIR/2026/003176,10,34,14,101153,507384,524302,2024-05-23,Knife,Truck,12.291472,76.642818,High,Vehicle Lock Break,Pending Trial
3177,FIR/2026/003177,11,36,19,101522,521640,512404,2026-02-23,Hands,Auto,12.942268,74.826427,Medium,ATM Skimming,Under Investigation
3178,FIR/2022/003178,1,4,1,100022,504675,515981,2023-06-07,Pistol,None,12.986975,77.579568,Critical,Duplicate Key,Under Investigation
3179,FIR/2024/003179,9,30,7,100546,505653,519075,2025-06-02,Stick,Auto,12.905466,77.634068,Medium,Vehicle Lock Break,Charge Sheet Filed
3180,FIR/2023/003180,10,34,7,100612,510095,518870,2022-01-07,Hands,Truck,12.926054,77.640188,Critical,Duplicate Key,Under Investigation
3181,FIR/2026/003181,6,22,16,101273,505549,524799,2023-11-16,Stick,Van,12.9645,74.895757,Medium,Physical Assault,Closed
3182,FIR/2024/003182,4,12,7,100611,505385,507628,2023-11-16,Stick,Car,12.907286,77.644462,Critical,ATM Skimming,Pending Trial
3183,FIR/2026/003183,3,8,6,100486,514488,516022,2026-04-05,Unknown,Scooter,13.020499,77.575693,High,Online Scam,Pending Trial
3184,FIR/2026/003184,11,35,5,100354,502403,512726,2026-03-04,Hands,Van,12.969034,77.591952,Critical,Online Scam,Closed
3185,FIR/2025/003185,9,29,18,101463,520977,522140,2025-11-19,Unknown,Car,12.931862,74.844729,High,Vehicle Lock Break,Under Investigation
3186,FIR/2022/003186,4,12,8,100637,506594,524482,2022-02-05,Iron Rod,None,12.990079,77.606656,Medium,Duplicate Key,Pending Trial
3187,FIR/2022/003187,5,16,20,101548,523591,513261,2022-04-29,Unknown,Truck,12.89309,74.891435,Critical,Online Scam,Pending Trial
3188,FIR/2022/003188,12,40,19,101520,503676,509743,2022-01-26,Stick,Van,12.934031,74.811371,High,Forced Entry,Charge Sheet Filed
3189,FIR/2025/003189,5,15,13,101101,510050,506184,2026-11-19,Iron Rod,Scooter,12.288632,76.699382,Low,Vehicle Lock Break,Closed
3190,FIR/2023/003190,1,1,15,101240,502246,501700,2026-09-13,Unknown,Truck,12.292313,76.631644,Medium,Fake Identity,Closed
3191,FIR/2026/003191,5,17,7,100587,522669,502505,2022-08-08,Knife,None,12.941518,77.626631,High,Knife Attack,Charge Sheet Filed
3192,FIR/2025/003192,6,20,18,101412,510980,507522,2022-11-12,Crowbar,Car,12.918051,74.859726,Critical,Vehicle Lock Break,Closed
3193,FIR/2022/003193,2,6,20,101574,514648,509723,2023-06-09,Knife,Truck,12.914555,74.861688,High,Fake Identity,Charge Sheet Filed
3194,FIR/2026/003194,6,20,11,100959,515095,517344,2024-08-11,Hands,Truck,12.345916,76.590272,High,ATM Skimming,Closed
3195,FIR/2022/003195,5,17,14,101142,507995,516298,2023-04-11,Pistol,Auto,12.294009,76.675239,High,Social Engineering,Closed
3196,FIR/2023/003196,1,4,6,100482,515240,510890,2022-03-06,Pistol,Motorcycle,12.979047,77.581844,Critical,Forced Entry,Charge Sheet Filed
3197,FIR/2025/003197,11,36,19,101468,514205,504960,2026-11-29,Iron Rod,Truck,12.944454,74.843904,High,Firearm,Under Investigation
3198,FIR/2025/003198,9,29,8,100640,520444,519911,2022-03-07,Iron Rod,Auto,13.008416,77.581724,Critical,Fake Identity,Pending Trial
3199,FIR/2024/003199,6,21,16,101300,505900,510265,2023-12-02,Pistol,Car,12.96816,74.888597,Medium,Online Scam,Pending Trial
3200,FIR/2022/003200,5,16,15,101234,504188,520343,2024-12-22,Pistol,None,12.299637,76.623642,Critical,Fake Identity,Under Investigation
3201,FIR/2024/003201,4,13,2,100136,518069,503468,2024-07-31,Stick,None,12.928021,77.630134,High,Firearm,Charge Sheet Filed
3202,FIR/2024/003202,4,11,13,101080,502453,505185,2024-04-21,Stick,Truck,12.285811,76.689362,Low,Vehicle Lock Break,Closed
3203,FIR/2025/003203,4,13,5,100379,504482,517858,2024-11-13,Crowbar,Scooter,12.939804,77.596116,Low,Poisoning,Under Investigation
3204,FIR/2026/003204,7,25,4,100324,508391,514927,2022-03-21,Unknown,Auto,13.006796,77.622184,Low,Physical Assault,Under Investigation
3205,FIR/2025/003205,12,39,9,100772,512049,518389,2024-06-12,Stick,None,12.977753,77.566379,High,Physical Assault,Charge Sheet Filed
3206,FIR/2025/003206,5,14,14,101120,523750,510434,2025-12-23,Crowbar,Van,12.256043,76.668361,Critical,Social Engineering,Closed
3207,FIR/2023/003207,4,13,15,101185,510396,523034,2025-03-07,Hands,Motorcycle,12.295868,76.593975,Low,Online Scam,Closed
3208,FIR/2024/003208,4,11,2,100138,517465,504083,2022-01-16,Iron Rod,Scooter,12.950449,77.585151,Medium,Duplicate Key,Under Investigation
3209,FIR/2022/003209,3,8,3,100252,524135,511209,2025-10-28,Crowbar,Truck,12.974839,77.56879,Medium,Firearm,Closed
3210,FIR/2024/003210,6,18,7,100544,510544,508844,2023-02-05,Crowbar,Auto,12.947472,77.621395,High,Poisoning,Under Investigation
3211,FIR/2025/003211,12,40,19,101490,507268,515759,2022-04-19,Knife,Car,12.945916,74.845435,High,Poisoning,Charge Sheet Filed
3212,FIR/2022/003212,11,37,8,100666,514310,504123,2022-04-17,Iron Rod,Scooter,13.016583,77.593387,Medium,Duplicate Key,Closed
3213,FIR/2023/003213,9,31,17,101368,520224,522895,2022-01-28,Unknown,Motorcycle,12.878712,74.836158,High,Poisoning,Under Investigation
3214,FIR/2025/003214,6,18,8,100630,516663,519062,2026-03-05,Unknown,Auto,13.003279,77.609828,Medium,Fake Identity,Pending Trial
3215,FIR/2026/003215,1,4,7,100576,501831,500930,2024-07-30,Stick,Auto,12.940259,77.618058,Low,Knife Attack,Charge Sheet Filed
3216,FIR/2023/003216,10,32,19,101499,509581,517258,2026-07-18,Iron Rod,Motorcycle,12.906326,74.850093,High,Online Scam,Under Investigation
3217,FIR/2026/003217,1,2,7,100579,513822,507002,2026-05-16,Pistol,Scooter,12.964947,77.625009,Low,Social Engineering,Under Investigation
3218,FIR/2024/003218,7,23,2,100159,513825,501672,2026-08-14,Pistol,Auto,12.973009,77.625356,High,Poisoning,Closed
3219,FIR/2025/003219,6,21,8,100664,524299,520269,2025-10-10,Crowbar,Motorcycle,12.965574,77.587818,Low,Vehicle Lock Break,Closed
3220,FIR/2024/003220,12,39,17,101355,519415,519015,2023-11-25,Pistol,Scooter,12.90793,74.852751,High,Social Engineering,Closed
3221,FIR/2023/003221,11,37,11,100948,516036,513878,2025-04-28,Unknown,Auto,12.359097,76.632404,Critical,Knife Attack,Pending Trial
3222,FIR/2026/003222,8,28,4,100273,502314,511255,2026-06-30,Crowbar,Scooter,13.011259,77.624963,Critical,Forced Entry,Charge Sheet Filed
3223,FIR/2022/003223,8,28,11,100928,518775,518464,2024-09-19,Crowbar,Motorcycle,12.313077,76.594409,Low,Firearm,Closed
3224,FIR/2025/003224,12,38,12,101001,515043,500802,2022-05-23,Iron Rod,None,12.330235,76.695627,High,Knife Attack,Charge Sheet Filed
3225,FIR/2026/003225,3,8,2,100101,501930,508451,2023-06-14,Pistol,Van,12.97293,77.615407,Medium,Duplicate Key,Charge Sheet Filed
3226,FIR/2025/003226,3,8,6,100438,501885,515495,2023-05-05,Crowbar,Car,12.998337,77.561936,High,Online Scam,Pending Trial
3227,FIR/2023/003227,6,21,18,101423,507660,506172,2026-02-13,Knife,Truck,12.929166,74.84936,Low,Knife Attack,Pending Trial
3228,FIR/2026/003228,2,5,9,100745,509761,521842,2022-10-07,Hands,Motorcycle,13.002731,77.555689,Critical,Knife Attack,Pending Trial
3229,FIR/2023/003229,7,23,15,101235,502827,510858,2025-11-05,Crowbar,None,12.302947,76.628901,Low,Fake Identity,Closed
3230,FIR/2026/003230,5,15,11,100962,511544,522120,2025-08-03,Iron Rod,Truck,12.326288,76.602549,Critical,Forced Entry,Pending Trial
3231,FIR/2025/003231,7,23,17,101389,518760,521598,2024-05-16,Crowbar,Truck,12.901602,74.830949,Low,Social Engineering,Charge Sheet Filed
3232,FIR/2023/003232,6,22,17,101358,513700,505383,2025-11-06,Knife,Scooter,12.879801,74.86989,Low,ATM Skimming,Closed
3233,FIR/2024/003233,8,26,17,101363,515882,514044,2022-11-21,Hands,None,12.898079,74.860079,Medium,Duplicate Key,Pending Trial
3234,FIR/2023/003234,4,12,8,100665,510855,503913,2025-10-09,Pistol,Auto,12.983986,77.616015,Medium,Fake Identity,Closed
3235,FIR/2022/003235,6,22,6,100476,522999,514154,2022-01-22,Crowbar,Motorcycle,12.99114,77.593769,Medium,Knife Attack,Pending Trial
3236,FIR/2026/003236,5,17,5,100400,500760,516364,2026-08-21,Pistol,Motorcycle,12.968637,77.558436,Low,Poisoning,Pending Trial
3237,FIR/2023/003237,8,26,2,100109,517762,513911,2022-10-07,Pistol,None,12.973816,77.633964,Low,Social Engineering,Charge Sheet Filed
3238,FIR/2023/003238,9,29,11,100901,501488,524243,2022-07-08,Unknown,Scooter,12.311094,76.590791,Medium,Fake Identity,Charge Sheet Filed
3239,FIR/2023/003239,1,1,8,100653,512672,522256,2023-03-07,Crowbar,Motorcycle,12.98761,77.571409,Medium,Physical Assault,Under Investigation
3240,FIR/2023/003240,3,10,15,101254,513719,524691,2024-09-05,Stick,Car,12.29234,76.62838,High,Fake Identity,Closed
3241,FIR/2024/003241,6,20,18,101408,508102,506775,2026-11-29,Knife,Motorcycle,12.954971,74.872017,Low,ATM Skimming,Closed
3242,FIR/2023/003242,12,39,19,101500,509517,515124,2024-12-27,Crowbar,Truck,12.944846,74.819517,Critical,Social Engineering,Under Investigation
3243,FIR/2026/003243,12,40,19,101468,511712,512112,2026-04-25,Stick,Scooter,12.955887,74.864028,Medium,Firearm,Closed
3244,FIR/2025/003244,8,27,10,100842,509248,500730,2025-07-09,Hands,None,12.968681,77.615058,High,Firearm,Closed
3245,FIR/2026/003245,7,24,6,100496,519783,516526,2026-12-31,Pistol,Auto,12.967161,77.609116,High,Knife Attack,Under Investigation
3246,FIR/2022/003246,9,29,4,100286,505136,520870,2025-07-27,Crowbar,Car,12.983332,77.628811,Medium,ATM Skimming,Closed
3247,FIR/2026/003247,1,3,13,101095,505546,501887,2026-12-09,Unknown,Motorcycle,12.304019,76.685199,Critical,Knife Attack,Pending Trial
3248,FIR/2022/003248,2,7,9,100731,518477,500745,2024-07-21,Stick,Car,12.996377,77.542983,Medium,Vehicle Lock Break,Charge Sheet Filed
3249,FIR/2025/003249,11,37,6,100436,501154,513765,2023-12-21,Pistol,Auto,13.005216,77.593406,Low,Firearm,Closed
3250,FIR/2025/003250,12,39,2,100152,519650,516002,2026-07-29,Crowbar,Car,12.949022,77.608492,Critical,Online Scam,Pending Trial
3251,FIR/2024/003251,12,38,4,100301,519558,514979,2026-01-18,Unknown,Truck,13.012435,77.602712,Medium,Duplicate Key,Closed
3252,FIR/2026/003252,6,22,14,101153,518988,517248,2025-09-11,Unknown,Car,12.278687,76.660055,Medium,Social Engineering,Closed
3253,FIR/2022/003253,7,25,3,100200,505645,504309,2025-12-10,Crowbar,Van,12.9503,77.571471,Critical,ATM Skimming,Charge Sheet Filed
3254,FIR/2023/003254,5,16,17,101396,511882,521597,2023-07-11,Stick,Motorcycle,12.889688,74.846815,High,Duplicate Key,Under Investigation
3255,FIR/2022/003255,2,7,18,101420,513123,519544,2022-05-20,Stick,Scooter,12.940806,74.832784,Critical,Online Scam,Under Investigation
3256,FIR/2026/003256,7,23,2,100114,505482,500608,2025-12-25,Knife,Motorcycle,12.929351,77.586435,Critical,Knife Attack,Under Investigation
3257,FIR/2026/003257,9,29,12,101027,523511,507217,2026-01-26,Hands,Auto,12.31733,76.677499,Critical,Physical Assault,Under Investigation
3258,FIR/2024/003258,9,30,11,100893,522810,524584,2026-05-13,Knife,Van,12.351314,76.60286,High,Vehicle Lock Break,Closed
3259,FIR/2024/003259,9,29,4,100316,500861,513274,2023-10-22,Iron Rod,Van,12.96022,77.611118,Medium,Forced Entry,Charge Sheet Filed
3260,FIR/2024/003260,6,18,5,100369,516240,522413,2025-08-19,Hands,Motorcycle,12.959956,77.583994,High,Online Scam,Pending Trial
3261,FIR/2024/003261,9,29,12,101041,501782,502509,2022-11-19,Unknown,Auto,12.33064,76.680179,High,Forced Entry,Under Investigation
3262,FIR/2025/003262,12,39,16,101293,521945,514455,2023-04-01,Stick,Car,12.970644,74.869719,High,Social Engineering,Charge Sheet Filed
3263,FIR/2024/003263,6,21,1,100031,521391,509043,2024-09-07,Hands,Motorcycle,12.987746,77.559358,High,Physical Assault,Pending Trial
3264,FIR/2024/003264,3,8,8,100652,502278,502326,2023-11-07,Stick,Car,12.97622,77.582232,Low,Social Engineering,Under Investigation
3265,FIR/2026/003265,8,26,9,100750,509509,522745,2026-02-28,Crowbar,Car,13.003595,77.558817,High,Firearm,Charge Sheet Filed
3266,FIR/2024/003266,2,7,1,100038,519661,524680,2022-11-17,Knife,None,12.980355,77.558151,Medium,Poisoning,Pending Trial
3267,FIR/2023/003267,12,39,17,101364,522641,514927,2024-05-27,Hands,Auto,12.928873,74.860917,Medium,Physical Assault,Charge Sheet Filed
3268,FIR/2023/003268,6,20,13,101097,508324,509175,2022-09-01,Hands,Van,12.282335,76.700584,Critical,Duplicate Key,Under Investigation
3269,FIR/2023/003269,3,10,1,100073,518503,509263,2023-07-27,Iron Rod,Truck,12.947721,77.554107,High,Firearm,Pending Trial
3270,FIR/2025/003270,3,9,10,100797,518394,523669,2023-08-02,Crowbar,Van,12.948287,77.592723,Low,Social Engineering,Pending Trial
3271,FIR/2024/003271,11,35,9,100763,521756,524635,2023-09-06,Iron Rod,Scooter,12.968598,77.556923,Medium,Social Engineering,Pending Trial
3272,FIR/2026/003272,11,36,12,100983,501937,500638,2023-11-26,Pistol,Scooter,12.332212,76.650488,High,Social Engineering,Pending Trial
3273,FIR/2025/003273,9,30,4,100306,515399,512488,2024-08-02,Knife,Scooter,13.001871,77.650492,High,Vehicle Lock Break,Closed
3274,FIR/2026/003274,4,13,3,100241,502645,501508,2026-06-08,Pistol,Motorcycle,12.956633,77.618184,High,Poisoning,Closed
3275,FIR/2022/003275,4,12,1,100092,509251,524843,2024-07-14,Unknown,Van,12.955809,77.54896,Critical,Poisoning,Charge Sheet Filed
3276,FIR/2022/003276,9,29,12,101022,516846,514930,2024-07-12,Crowbar,Motorcycle,12.312447,76.671845,Medium,Poisoning,Pending Trial
3277,FIR/2023/003277,9,30,9,100747,513268,513792,2026-01-26,Knife,Scooter,12.996426,77.541306,Medium,Forced Entry,Charge Sheet Filed
3278,FIR/2024/003278,10,33,15,101195,502531,518213,2025-10-06,Hands,Motorcycle,12.266393,76.595259,Low,Vehicle Lock Break,Closed
3279,FIR/2024/003279,11,37,20,101569,520794,516842,2026-03-01,Hands,Car,12.934886,74.869378,High,Forced Entry,Closed
3280,FIR/2026/003280,1,3,14,101144,523295,523690,2022-06-18,Iron Rod,Car,12.284645,76.687043,Critical,Online Scam,Pending Trial
3281,FIR/2025/003281,5,16,2,100111,516864,502221,2025-12-02,Pistol,Motorcycle,12.943613,77.593478,Low,Vehicle Lock Break,Pending Trial
3282,FIR/2025/003282,7,25,5,100356,500598,513389,2026-01-15,Iron Rod,Auto,12.958146,77.571087,Critical,Knife Attack,Charge Sheet Filed
3283,FIR/2025/003283,1,1,6,100445,521554,500292,2025-01-19,Pistol,Motorcycle,12.961825,77.58264,High,Duplicate Key,Pending Trial
3284,FIR/2023/003284,4,13,9,100742,502322,516663,2025-09-28,Hands,None,13.009529,77.583556,Medium,Knife Attack,Pending Trial
3285,FIR/2022/003285,10,32,15,101215,511723,522926,2025-09-27,Iron Rod,None,12.296238,76.613141,High,ATM Skimming,Closed
3286,FIR/2024/003286,6,18,20,101601,523720,502424,2025-09-08,Stick,Auto,12.915044,74.890411,Low,Social Engineering,Pending Trial
3287,FIR/2025/003287,8,27,6,100480,518168,523385,2023-04-04,Stick,Scooter,12.997668,77.606232,Critical,Poisoning,Pending Trial
3288,FIR/2025/003288,9,31,12,101043,510802,513200,2024-04-23,Unknown,Truck,12.299311,76.694219,Critical,Vehicle Lock Break,Pending Trial
3289,FIR/2025/003289,8,28,18,101460,500051,520264,2026-02-18,Unknown,None,12.916558,74.871015,High,ATM Skimming,Under Investigation
3290,FIR/2022/003290,1,4,20,101613,523887,512742,2025-02-15,Stick,Car,12.891487,74.836878,Low,Poisoning,Pending Trial
3291,FIR/2023/003291,2,6,4,100282,508229,517387,2026-04-20,Unknown,None,13.008061,77.626942,Critical,Physical Assault,Under Investigation
3292,FIR/2024/003292,3,8,20,101596,518951,523089,2022-10-01,Unknown,None,12.890799,74.886503,Low,Online Scam,Under Investigation
3293,FIR/2022/003293,5,14,15,101210,504218,506126,2022-02-07,Iron Rod,Motorcycle,12.297073,76.591661,High,Online Scam,Charge Sheet Filed
3294,FIR/2025/003294,4,11,19,101492,516345,508066,2026-06-05,Knife,Motorcycle,12.95208,74.83876,Critical,Vehicle Lock Break,Closed
3295,FIR/2024/003295,6,18,4,100326,521950,517161,2025-06-05,Unknown,Auto,12.9533,77.638986,Critical,Social Engineering,Under Investigation
3296,FIR/2023/003296,8,26,11,100949,500006,509166,2022-10-13,Iron Rod,None,12.34451,76.628373,High,Online Scam,Pending Trial
3297,FIR/2026/003297,8,28,20,101555,513939,516610,2025-10-08,Knife,Motorcycle,12.908814,74.881501,Medium,Knife Attack,Under Investigation
3298,FIR/2025/003298,8,28,12,100993,509778,516427,2026-04-14,Stick,Scooter,12.335333,76.681253,Critical,ATM Skimming,Under Investigation
3299,FIR/2025/003299,11,37,16,101289,512530,519494,2022-07-25,Pistol,Van,12.969354,74.884286,Critical,Firearm,Under Investigation
3300,FIR/2022/003300,3,10,10,100807,518471,504616,2023-09-12,Hands,Van,12.934786,77.575068,Critical,Firearm,Charge Sheet Filed
3301,FIR/2024/003301,7,24,5,100390,516323,520751,2022-11-30,Unknown,Car,12.966715,77.583955,Critical,Forced Entry,Pending Trial
3302,FIR/2022/003302,9,30,2,100146,503381,518291,2023-01-05,Hands,Car,12.973619,77.624352,Medium,ATM Skimming,Closed
3303,FIR/2024/003303,8,28,5,100396,522753,501322,2025-04-24,Crowbar,Car,12.967308,77.581119,Low,Social Engineering,Charge Sheet Filed
3304,FIR/2023/003304,2,7,20,101572,513655,521664,2025-03-02,Stick,Scooter,12.926664,74.87437,Medium,Knife Attack,Closed
3305,FIR/2023/003305,1,4,11,100944,523279,507765,2024-02-13,Unknown,Scooter,12.346726,76.627161,Low,Online Scam,Charge Sheet Filed
3306,FIR/2023/003306,10,32,20,101541,500989,501000,2022-06-27,Unknown,Scooter,12.933222,74.858153,Critical,Vehicle Lock Break,Under Investigation
3307,FIR/2023/003307,8,26,10,100788,506147,501113,2023-07-04,Iron Rod,Auto,12.932057,77.590544,Critical,Social Engineering,Pending Trial
3308,FIR/2025/003308,3,8,20,101568,513336,518725,2026-08-25,Stick,Motorcycle,12.898599,74.886374,High,Fake Identity,Pending Trial
3309,FIR/2022/003309,4,13,6,100512,509245,520603,2023-02-18,Stick,None,13.001834,77.571215,Critical,Duplicate Key,Charge Sheet Filed
3310,FIR/2025/003310,10,34,17,101366,522742,519764,2022-10-03,Crowbar,Van,12.919184,74.863335,Low,Online Scam,Under Investigation
3311,FIR/2024/003311,5,17,20,101550,512488,514823,2023-12-15,Stick,None,12.923159,74.842577,Medium,Social Engineering,Under Investigation
3312,FIR/2023/003312,9,30,14,101144,507148,507230,2022-07-06,Pistol,Motorcycle,12.287975,76.677358,Critical,ATM Skimming,Under Investigation
3313,FIR/2023/003313,6,21,14,101126,523868,510817,2022-05-08,Knife,Truck,12.287136,76.638206,Low,Forced Entry,Under Investigation
3314,FIR/2024/003314,11,36,1,100030,523693,507771,2025-02-02,Pistol,Motorcycle,12.981922,77.570367,Low,Forced Entry,Closed
3315,FIR/2023/003315,2,5,7,100613,503359,518981,2023-10-02,Unknown,Van,12.923921,77.636557,Medium,Online Scam,Closed
3316,FIR/2026/003316,7,23,5,100426,520914,524432,2022-01-21,Hands,Motorcycle,12.917463,77.572934,Low,Knife Attack,Pending Trial
3317,FIR/2024/003317,2,7,17,101392,501428,515606,2022-06-30,Iron Rod,None,12.92176,74.827701,Low,Duplicate Key,Charge Sheet Filed
3318,FIR/2023/003318,4,11,14,101127,524670,504466,2025-08-31,Pistol,Car,12.294553,76.651682,Critical,Social Engineering,Closed
3319,FIR/2025/003319,8,28,6,100503,514417,515631,2024-01-13,Pistol,None,12.98528,77.587126,High,Online Scam,Under Investigation
3320,FIR/2022/003320,6,22,2,100129,517123,506676,2023-01-27,Hands,Auto,12.976927,77.584924,Critical,Vehicle Lock Break,Charge Sheet Filed
3321,FIR/2023/003321,6,20,7,100565,514246,507389,2022-07-14,Unknown,Truck,12.939952,77.639723,Low,Physical Assault,Pending Trial
3322,FIR/2026/003322,6,18,4,100329,508718,512491,2026-07-27,Crowbar,Scooter,12.961343,77.656151,Low,Poisoning,Charge Sheet Filed
3323,FIR/2026/003323,5,14,14,101147,508528,502647,2022-05-25,Crowbar,Truck,12.276636,76.683264,High,Knife Attack,Charge Sheet Filed
3324,FIR/2023/003324,11,36,17,101396,524738,505767,2024-12-08,Pistol,None,12.918434,74.853377,High,Social Engineering,Charge Sheet Filed
3325,FIR/2024/003325,8,26,6,100538,509495,518157,2023-11-20,Knife,Truck,13.014198,77.595354,Low,Duplicate Key,Pending Trial
3326,FIR/2023/003326,7,24,6,100445,504256,513100,2026-04-21,Unknown,Motorcycle,12.99118,77.58766,Critical,Duplicate Key,Under Investigation
3327,FIR/2026/003327,3,9,1,100074,503003,517381,2026-01-06,Crowbar,None,12.969856,77.548599,Low,Vehicle Lock Break,Charge Sheet Filed
3328,FIR/2026/003328,4,12,3,100210,508095,517128,2024-01-19,Unknown,Auto,12.986127,77.611912,Critical,Fake Identity,Pending Trial
3329,FIR/2026/003329,5,15,12,101047,518536,519127,2023-10-27,Crowbar,Truck,12.32865,76.669322,Critical,Fake Identity,Closed
3330,FIR/2026/003330,6,18,7,100618,509573,503790,2023-12-01,Pistol,Scooter,12.91145,77.597883,High,Forced Entry,Charge Sheet Filed
3331,FIR/2024/003331,2,7,1,100023,501833,523522,2022-11-20,Knife,Truck,12.953288,77.54244,Critical,ATM Skimming,Pending Trial
3332,FIR/2022/003332,10,32,8,100638,519912,522720,2022-07-22,Iron Rod,Van,12.981606,77.616346,Medium,Duplicate Key,Pending Trial
3333,FIR/2026/003333,8,26,9,100728,512588,510905,2022-11-04,Knife,None,12.968865,77.581919,Low,Social Engineering,Charge Sheet Filed
3334,FIR/2026/003334,10,33,3,100224,500101,520771,2026-01-06,Knife,Scooter,12.982935,77.581112,Critical,Online Scam,Under Investigation
3335,FIR/2026/003335,3,10,6,100491,519825,506076,2024-02-11,Iron Rod,Scooter,12.988508,77.590736,Medium,Vehicle Lock Break,Pending Trial
3336,FIR/2026/003336,5,17,8,100696,513466,515420,2024-08-24,Knife,Auto,12.981765,77.6236,Medium,Physical Assault,Charge Sheet Filed
3337,FIR/2023/003337,5,14,16,101322,522260,516044,2024-04-15,Hands,None,12.970764,74.88715,High,Firearm,Closed
3338,FIR/2022/003338,12,38,6,100428,523735,506411,2026-08-07,Iron Rod,Car,12.996682,77.620118,Low,Firearm,Pending Trial
3339,FIR/2024/003339,7,25,10,100842,507341,513043,2024-10-11,Stick,Scooter,12.97117,77.576364,Medium,Social Engineering,Charge Sheet Filed
3340,FIR/2023/003340,7,24,12,101013,523978,517287,2025-02-12,Crowbar,None,12.306681,76.697409,Critical,Forced Entry,Under Investigation
3341,FIR/2025/003341,1,1,17,101373,503126,519156,2024-09-16,Hands,Scooter,12.897519,74.853985,High,ATM Skimming,Pending Trial
3342,FIR/2026/003342,7,25,5,100420,510299,520842,2023-02-18,Stick,Motorcycle,12.922949,77.571303,Medium,Physical Assault,Charge Sheet Filed
3343,FIR/2022/003343,6,18,17,101383,516910,513895,2024-11-07,Stick,Van,12.901969,74.827237,Critical,Knife Attack,Charge Sheet Filed
3344,FIR/2025/003344,11,37,4,100290,513918,522180,2022-12-21,Knife,Auto,12.991134,77.611055,Low,Online Scam,Closed
3345,FIR/2026/003345,6,18,19,101467,518099,505448,2022-08-24,Stick,Van,12.927624,74.8337,Medium,ATM Skimming,Pending Trial
3346,FIR/2025/003346,8,26,11,100886,523220,501024,2025-04-27,Hands,Motorcycle,12.320792,76.615484,Medium,Forced Entry,Under Investigation
3347,FIR/2025/003347,1,4,20,101561,507867,524206,2022-12-18,Stick,Auto,12.928528,74.888452,High,Vehicle Lock Break,Under Investigation
3348,FIR/2025/003348,6,18,3,100204,500224,506115,2022-12-20,Crowbar,Van,12.949081,77.598954,High,Fake Identity,Under Investigation
3349,FIR/2023/003349,5,17,12,101026,504142,518170,2023-06-03,Knife,Auto,12.31528,76.697882,High,Social Engineering,Under Investigation
3350,FIR/2026/003350,5,17,14,101152,520338,508901,2024-04-26,Hands,Car,12.250601,76.652039,Critical,Fake Identity,Pending Trial
3351,FIR/2022/003351,9,29,7,100562,522063,516377,2022-11-21,Hands,Auto,12.942776,77.604949,Low,Forced Entry,Closed
3352,FIR/2026/003352,11,37,3,100242,502769,518671,2026-08-12,Unknown,Scooter,12.970865,77.568634,Critical,Poisoning,Pending Trial
3353,FIR/2026/003353,4,13,16,101343,522950,517792,2025-05-03,Unknown,Scooter,12.959236,74.844039,Medium,ATM Skimming,Under Investigation
3354,FIR/2024/003354,7,23,15,101227,517252,519729,2022-01-04,Unknown,Motorcycle,12.270048,76.608338,Low,Forced Entry,Under Investigation
3355,FIR/2022/003355,7,25,5,100375,515465,506264,2023-04-08,Hands,Scooter,12.914033,77.566428,Medium,Fake Identity,Under Investigation
3356,FIR/2026/003356,1,2,1,100082,506484,513640,2024-09-07,Unknown,Motorcycle,12.995093,77.589164,Critical,Social Engineering,Closed
3357,FIR/2025/003357,4,11,18,101455,523897,510147,2025-03-01,Knife,Motorcycle,12.930458,74.867769,High,Fake Identity,Charge Sheet Filed
3358,FIR/2024/003358,4,12,20,101552,511068,519187,2025-10-27,Pistol,Motorcycle,12.918786,74.846055,Critical,ATM Skimming,Charge Sheet Filed
3359,FIR/2022/003359,12,40,14,101130,503279,518990,2024-07-19,Unknown,Car,12.256988,76.659306,High,Duplicate Key,Pending Trial
3360,FIR/2023/003360,7,25,9,100753,514166,503120,2026-09-17,Stick,Motorcycle,12.967684,77.578139,Low,Poisoning,Under Investigation
3361,FIR/2026/003361,8,28,19,101500,514460,505098,2022-06-20,Knife,Van,12.920841,74.829231,High,Poisoning,Charge Sheet Filed
3362,FIR/2023/003362,6,21,14,101157,509405,520882,2026-07-13,Iron Rod,Motorcycle,12.294766,76.650532,Medium,Online Scam,Closed
3363,FIR/2026/003363,10,33,15,101228,500416,509536,2024-08-02,Hands,Car,12.289046,76.584802,Critical,Poisoning,Pending Trial
3364,FIR/2025/003364,2,7,6,100427,501377,513102,2022-12-30,Hands,Van,13.01534,77.594542,Medium,Vehicle Lock Break,Closed
3365,FIR/2024/003365,5,14,17,101384,506224,523678,2026-01-08,Unknown,None,12.92936,74.865272,Low,Duplicate Key,Under Investigation
3366,FIR/2023/003366,6,20,16,101306,504911,508679,2025-10-05,Knife,None,12.955876,74.843095,Critical,Physical Assault,Charge Sheet Filed
3367,FIR/2024/003367,5,14,2,100135,505926,519754,2025-08-16,Crowbar,Car,12.983344,77.631018,Critical,Physical Assault,Closed
3368,FIR/2025/003368,3,9,4,100272,500131,504897,2025-07-21,Crowbar,Motorcycle,13.003101,77.598858,High,Vehicle Lock Break,Under Investigation
3369,FIR/2023/003369,7,24,9,100756,508249,503139,2026-03-26,Hands,Truck,13.010113,77.58735,Low,ATM Skimming,Under Investigation
3370,FIR/2025/003370,12,39,18,101436,515404,516670,2026-07-01,Iron Rod,Van,12.930064,74.862917,Medium,Forced Entry,Charge Sheet Filed
3371,FIR/2022/003371,6,19,1,100059,518780,517861,2022-06-09,Unknown,Scooter,12.968478,77.556679,High,Firearm,Charge Sheet Filed
3372,FIR/2022/003372,1,4,1,100089,512128,516398,2024-12-30,Pistol,Car,12.995828,77.593194,Critical,Duplicate Key,Closed
3373,FIR/2023/003373,2,6,12,101031,515929,512934,2025-08-16,Crowbar,Truck,12.301282,76.646283,Critical,Poisoning,Closed
3374,FIR/2023/003374,12,38,9,100726,523181,521110,2026-09-05,Stick,None,12.966939,77.565072,Low,Online Scam,Under Investigation
3375,FIR/2022/003375,2,6,2,100157,516402,524872,2025-01-01,Hands,None,12.964385,77.635657,Medium,Firearm,Pending Trial
3376,FIR/2024/003376,1,4,2,100164,506679,506580,2025-12-08,Unknown,Van,12.965999,77.63514,Medium,Physical Assault,Charge Sheet Filed
3377,FIR/2025/003377,7,25,15,101219,502189,505158,2025-05-25,Pistol,Truck,12.311366,76.591187,Critical,Physical Assault,Charge Sheet Filed
3378,FIR/2024/003378,5,17,12,100984,502868,509542,2023-12-18,Pistol,Motorcycle,12.300026,76.683838,Low,Social Engineering,Charge Sheet Filed
3379,FIR/2025/003379,12,40,12,100988,524317,520027,2024-06-01,Knife,Auto,12.302808,76.650585,High,Physical Assault,Under Investigation
3380,FIR/2026/003380,4,11,8,100652,519987,518242,2023-07-11,Iron Rod,Car,12.95719,77.584519,Medium,Knife Attack,Charge Sheet Filed
3381,FIR/2024/003381,8,27,12,100968,500345,507208,2025-03-08,Iron Rod,Auto,12.285213,76.645205,Medium,Knife Attack,Under Investigation
3382,FIR/2023/003382,8,27,16,101285,523099,503759,2023-02-22,Knife,Motorcycle,12.933125,74.846224,Low,ATM Skimming,Under Investigation
3383,FIR/2024/003383,7,25,12,101017,510129,500878,2023-03-15,Stick,Truck,12.313023,76.664754,Critical,Duplicate Key,Under Investigation
3384,FIR/2023/003384,11,36,16,101266,503384,514904,2023-11-01,Hands,None,12.948548,74.847915,Critical,Duplicate Key,Pending Trial
3385,FIR/2025/003385,3,8,14,101164,512401,505110,2026-09-26,Stick,Truck,12.265173,76.672279,High,Poisoning,Under Investigation
3386,FIR/2022/003386,4,11,17,101390,509306,519424,2024-02-21,Hands,Van,12.921306,74.839971,Medium,Vehicle Lock Break,Closed
3387,FIR/2024/003387,3,9,10,100847,517904,502801,2025-07-02,Knife,Van,12.969713,77.564015,High,Poisoning,Pending Trial
3388,FIR/2026/003388,3,9,1,100029,509175,521725,2023-08-19,Stick,None,12.98683,77.58622,High,Vehicle Lock Break,Pending Trial
3389,FIR/2025/003389,7,23,1,100032,504318,518538,2022-08-27,Hands,Scooter,12.983787,77.537929,Low,Fake Identity,Under Investigation
3390,FIR/2024/003390,2,6,10,100862,513476,512674,2024-09-23,Crowbar,Scooter,12.969576,77.582896,High,Social Engineering,Closed
3391,FIR/2023/003391,5,16,2,100153,518133,520864,2023-06-02,Stick,None,12.967323,77.592426,Critical,Vehicle Lock Break,Under Investigation
3392,FIR/2025/003392,7,24,10,100842,521052,509194,2024-06-14,Iron Rod,Car,12.962101,77.573714,Medium,Poisoning,Closed
3393,FIR/2026/003393,12,39,15,101213,502551,522899,2023-09-06,Iron Rod,Motorcycle,12.277009,76.627404,High,Physical Assault,Under Investigation
3394,FIR/2025/003394,8,27,10,100781,522586,511902,2023-01-30,Unknown,Truck,12.931775,77.579289,Medium,Duplicate Key,Under Investigation
3395,FIR/2026/003395,1,2,12,101025,511496,522412,2026-12-31,Crowbar,Car,12.302226,76.677955,High,ATM Skimming,Charge Sheet Filed
3396,FIR/2025/003396,6,18,3,100207,500567,514867,2025-02-04,Hands,Auto,13.001043,77.624842,Low,Online Scam,Charge Sheet Filed
3397,FIR/2025/003397,2,7,12,100967,513967,510066,2024-02-01,Pistol,Scooter,12.300506,76.650751,Medium,Vehicle Lock Break,Charge Sheet Filed
3398,FIR/2023/003398,8,26,16,101267,512454,524269,2024-08-25,Knife,Auto,12.940545,74.869393,Critical,Social Engineering,Under Investigation
3399,FIR/2022/003399,11,36,9,100772,515458,521123,2022-01-17,Hands,Car,12.977806,77.583958,Medium,Vehicle Lock Break,Pending Trial
3400,FIR/2025/003400,8,28,4,100336,522914,504129,2022-03-13,Iron Rod,Car,12.994375,77.621446,Critical,Online Scam,Under Investigation
3401,FIR/2023/003401,9,29,6,100461,513353,507260,2022-04-29,Pistol,Scooter,13.021029,77.582666,High,Social Engineering,Pending Trial
3402,FIR/2022/003402,8,26,15,101220,513732,522750,2023-02-06,Stick,Truck,12.279372,76.587837,Medium,ATM Skimming,Under Investigation
3403,FIR/2026/003403,5,15,1,100064,501819,511423,2026-07-16,Unknown,Scooter,12.992034,77.548295,Low,Social Engineering,Under Investigation
3404,FIR/2022/003404,6,20,19,101534,502429,512244,2025-10-31,Unknown,Motorcycle,12.939168,74.843254,Medium,Fake Identity,Under Investigation
3405,FIR/2022/003405,7,23,16,101322,517800,522794,2026-03-28,Unknown,Scooter,12.933775,74.892398,Medium,Forced Entry,Pending Trial
3406,FIR/2022/003406,5,14,6,100449,511596,507200,2023-08-18,Iron Rod,Van,12.989798,77.575158,Critical,Social Engineering,Under Investigation
3407,FIR/2024/003407,10,33,3,100169,505783,523198,2024-06-17,Unknown,None,12.982445,77.611821,Medium,Physical Assault,Charge Sheet Filed
3408,FIR/2024/003408,1,2,11,100949,524947,501822,2025-06-29,Pistol,Van,12.363149,76.602241,Medium,Duplicate Key,Charge Sheet Filed
3409,FIR/2026/003409,10,33,13,101095,504419,510700,2022-10-02,Crowbar,Truck,12.331077,76.688592,Medium,Fake Identity,Under Investigation
3410,FIR/2025/003410,6,22,20,101610,511853,512559,2026-09-17,Iron Rod,Motorcycle,12.897729,74.869909,High,Poisoning,Closed
3411,FIR/2025/003411,6,20,4,100277,523767,518959,2022-04-12,Unknown,Car,12.970208,77.6256,Medium,Duplicate Key,Under Investigation
3412,FIR/2023/003412,5,17,13,101092,505697,509302,2022-05-21,Iron Rod,None,12.317859,76.693725,Critical,Online Scam,Closed
3413,FIR/2026/003413,11,37,7,100574,524937,519001,2022-12-14,Unknown,Car,12.930994,77.603157,Low,Social Engineering,Pending Trial
3414,FIR/2026/003414,7,25,2,100147,504403,519748,2024-07-16,Hands,Motorcycle,12.926889,77.636786,Critical,Social Engineering,Pending Trial
3415,FIR/2022/003415,10,32,12,101039,513958,521112,2023-11-02,Crowbar,Car,12.331352,76.673672,Medium,ATM Skimming,Closed
3416,FIR/2025/003416,8,28,6,100466,504398,511067,2026-04-22,Stick,Car,12.978419,77.583826,Medium,Duplicate Key,Pending Trial
3417,FIR/2022/003417,9,29,2,100099,508019,500018,2022-04-12,Crowbar,Motorcycle,12.972816,77.639534,Critical,Social Engineering,Charge Sheet Filed
3418,FIR/2026/003418,2,6,6,100517,508880,506138,2023-04-06,Stick,Van,12.994256,77.620283,High,Vehicle Lock Break,Under Investigation
3419,FIR/2025/003419,6,21,14,101167,519245,519123,2022-09-15,Crowbar,Car,12.275748,76.641221,Medium,Duplicate Key,Closed
3420,FIR/2024/003420,10,34,3,100192,514427,519238,2026-02-15,Iron Rod,Van,12.948179,77.623692,Low,Forced Entry,Closed
3421,FIR/2023/003421,3,9,6,100493,524840,519603,2026-12-18,Knife,Truck,13.014457,77.566388,Low,Poisoning,Closed
3422,FIR/2025/003422,2,5,14,101151,507745,508796,2023-12-04,Iron Rod,Car,12.27654,76.656078,High,Fake Identity,Under Investigation
3423,FIR/2022/003423,6,22,2,100117,507934,517637,2023-10-09,Unknown,Auto,12.955092,77.58398,High,Duplicate Key,Pending Trial
3424,FIR/2023/003424,2,5,12,100969,520721,519543,2025-01-01,Hands,None,12.30911,76.665221,High,Social Engineering,Closed
3425,FIR/2023/003425,10,34,11,100937,519068,523444,2022-12-01,Unknown,Van,12.332861,76.636609,Medium,Physical Assault,Under Investigation
3426,FIR/2025/003426,5,15,11,100935,508301,500197,2024-10-11,Knife,None,12.323283,76.580621,High,Fake Identity,Pending Trial
3427,FIR/2026/003427,1,1,4,100320,502019,523900,2024-09-04,Stick,Car,12.954636,77.628908,Medium,Forced Entry,Charge Sheet Filed
3428,FIR/2024/003428,6,22,14,101127,506628,512320,2024-06-07,Iron Rod,Truck,12.257587,76.632209,High,Poisoning,Pending Trial
3429,FIR/2022/003429,10,33,13,101100,502644,510639,2023-09-18,Hands,None,12.300232,76.670341,Critical,Poisoning,Pending Trial
3430,FIR/2024/003430,2,6,14,101123,507656,518249,2023-12-24,Stick,Scooter,12.259328,76.672839,Medium,Online Scam,Closed
3431,FIR/2023/003431,9,29,12,100968,520589,501640,2024-02-07,Stick,Truck,12.291555,76.695426,Low,ATM Skimming,Charge Sheet Filed
3432,FIR/2024/003432,6,21,11,100894,510022,510343,2022-04-25,Knife,Van,12.314253,76.601301,High,Vehicle Lock Break,Charge Sheet Filed
3433,FIR/2026/003433,5,14,10,100775,503455,509677,2026-12-24,Crowbar,Scooter,12.978948,77.606936,High,Social Engineering,Pending Trial
3434,FIR/2025/003434,9,30,1,100047,502278,501216,2026-07-02,Iron Rod,None,12.999572,77.593143,Low,Online Scam,Pending Trial
3435,FIR/2025/003435,10,34,4,100338,513660,520777,2025-09-19,Crowbar,Car,12.974927,77.638546,Critical,Physical Assault,Charge Sheet Filed
3436,FIR/2025/003436,9,30,13,101116,506348,520813,2023-06-28,Stick,Scooter,12.337797,76.698193,High,Knife Attack,Closed
3437,FIR/2022/003437,11,36,18,101452,521128,522063,2025-07-18,Unknown,None,12.953868,74.878927,Low,ATM Skimming,Closed
3438,FIR/2025/003438,3,10,4,100299,510823,512180,2024-05-24,Crowbar,Scooter,13.004497,77.613971,Critical,Firearm,Charge Sheet Filed
3439,FIR/2022/003439,7,23,20,101570,517283,506114,2024-09-09,Unknown,Truck,12.937277,74.889629,High,Physical Assault,Closed
3440,FIR/2026/003440,10,32,1,100017,520566,513383,2026-03-16,Iron Rod,Auto,12.987048,77.541138,Critical,Physical Assault,Closed
3441,FIR/2023/003441,3,8,16,101298,510349,523662,2022-05-26,Crowbar,Scooter,12.931222,74.880958,High,Social Engineering,Closed
3442,FIR/2025/003442,10,34,8,100647,501852,521983,2022-02-01,Knife,Car,12.985542,77.586598,Low,Poisoning,Under Investigation
3443,FIR/2026/003443,2,7,9,100756,520132,507578,2026-09-28,Iron Rod,Auto,13.00366,77.568174,High,Poisoning,Charge Sheet Filed
3444,FIR/2022/003444,2,5,1,100009,513033,518312,2023-04-27,Hands,Van,12.998723,77.55524,Medium,Duplicate Key,Under Investigation
3445,FIR/2025/003445,8,27,7,100577,506886,518755,2022-01-18,Hands,Auto,12.921521,77.620299,High,Duplicate Key,Closed
3446,FIR/2023/003446,2,5,20,101608,512945,515441,2023-06-20,Hands,Motorcycle,12.890657,74.851703,High,Online Scam,Under Investigation
3447,FIR/2024/003447,10,34,3,100214,515482,500472,2024-02-27,Crowbar,Motorcycle,12.946014,77.616922,High,Social Engineering,Under Investigation
3448,FIR/2026/003448,3,10,12,100979,513950,520569,2026-02-18,Pistol,Car,12.321281,76.680786,Low,Social Engineering,Closed
3449,FIR/2022/003449,6,21,1,100074,500909,512633,2022-06-12,Knife,Van,12.965555,77.594879,Low,Forced Entry,Under Investigation
3450,FIR/2023/003450,6,18,18,101421,514713,520428,2025-06-15,Iron Rod,None,12.924437,74.83364,Low,Firearm,Under Investigation
3451,FIR/2026/003451,7,25,4,100292,507864,505244,2026-04-25,Crowbar,Auto,12.997365,77.609086,Medium,Knife Attack,Pending Trial
3452,FIR/2023/003452,7,23,3,100214,502111,514326,2025-11-21,Knife,Auto,12.958837,77.623261,Critical,Physical Assault,Closed
3453,FIR/2024/003453,5,14,13,101063,521903,515042,2024-11-29,Stick,Truck,12.339033,76.657002,Critical,Firearm,Charge Sheet Filed
3454,FIR/2024/003454,5,15,19,101475,520481,517199,2024-09-07,Unknown,Van,12.952666,74.83877,High,Social Engineering,Pending Trial
3455,FIR/2026/003455,8,27,17,101397,512263,514441,2023-07-01,Hands,Truck,12.935714,74.842507,Medium,Online Scam,Under Investigation
3456,FIR/2024/003456,9,31,11,100937,500020,523411,2026-12-03,Knife,Motorcycle,12.360452,76.589105,Medium,Forced Entry,Pending Trial
3457,FIR/2024/003457,1,3,4,100329,515716,505941,2025-10-16,Pistol,Truck,12.977564,77.62575,Low,Fake Identity,Closed
3458,FIR/2022/003458,6,18,13,101113,522462,513146,2024-11-03,Hands,None,12.316111,76.678763,Critical,Firearm,Pending Trial
3459,FIR/2024/003459,12,40,1,100071,515339,515156,2022-01-17,Pistol,Van,12.979851,77.57296,Low,Social Engineering,Closed
3460,FIR/2025/003460,12,40,19,101520,501292,520906,2024-03-05,Crowbar,Auto,12.950108,74.845484,High,Duplicate Key,Pending Trial
3461,FIR/2022/003461,1,4,6,100486,519556,520000,2025-07-24,Iron Rod,Auto,12.969034,77.591471,Critical,Knife Attack,Pending Trial
3462,FIR/2024/003462,6,19,10,100876,510633,508977,2023-03-14,Hands,Motorcycle,12.947172,77.610317,Medium,Duplicate Key,Pending Trial
3463,FIR/2025/003463,6,18,11,100908,522715,520556,2025-12-02,Unknown,None,12.336402,76.585215,Critical,Social Engineering,Pending Trial
3464,FIR/2022/003464,6,20,15,101245,522509,524153,2023-03-31,Knife,Scooter,12.28638,76.610292,High,Firearm,Charge Sheet Filed
3465,FIR/2026/003465,5,15,2,100145,524541,506616,2022-06-19,Knife,Car,12.959434,77.588642,Medium,Vehicle Lock Break,Under Investigation
3466,FIR/2025/003466,10,34,7,100542,505928,514369,2024-12-17,Knife,Van,12.942592,77.651521,Low,Duplicate Key,Under Investigation
3467,FIR/2023/003467,9,29,20,101583,515767,524255,2022-06-02,Hands,Car,12.911591,74.871985,Low,ATM Skimming,Charge Sheet Filed
3468,FIR/2022/003468,9,31,1,100025,519816,500506,2022-08-06,Unknown,Truck,12.997802,77.570198,Low,Knife Attack,Pending Trial
3469,FIR/2023/003469,5,14,13,101099,511538,514806,2026-05-31,Pistol,Auto,12.287535,76.647318,Critical,Vehicle Lock Break,Closed
3470,FIR/2023/003470,6,22,6,100483,523734,507834,2026-05-17,Hands,Truck,12.994198,77.592567,Critical,Online Scam,Under Investigation
3471,FIR/2022/003471,5,17,17,101365,503926,500665,2025-02-22,Iron Rod,Van,12.892834,74.858174,Critical,Duplicate Key,Under Investigation
3472,FIR/2022/003472,8,26,14,101124,500587,511666,2026-11-08,Knife,Motorcycle,12.306347,76.632461,Low,Firearm,Under Investigation
3473,FIR/2025/003473,12,39,13,101076,501806,512656,2024-10-13,Stick,Van,12.308315,76.70162,Critical,Poisoning,Closed
3474,FIR/2022/003474,2,5,20,101595,518194,514000,2026-05-27,Stick,Scooter,12.927446,74.83756,High,Vehicle Lock Break,Under Investigation
3475,FIR/2023/003475,9,31,11,100913,523678,508756,2024-12-08,Crowbar,Auto,12.354874,76.599472,High,Online Scam,Closed
3476,FIR/2026/003476,4,13,12,100997,524787,500023,2023-09-19,Iron Rod,Truck,12.289647,76.661919,High,Online Scam,Under Investigation
3477,FIR/2022/003477,11,36,14,101144,520929,518248,2025-09-27,Knife,Van,12.282386,76.690953,Low,Duplicate Key,Charge Sheet Filed
3478,FIR/2025/003478,12,39,2,100131,519398,514060,2025-04-12,Iron Rod,Car,12.928415,77.606389,Medium,Fake Identity,Closed
3479,FIR/2024/003479,2,5,17,101368,503496,508141,2025-02-10,Pistol,None,12.922581,74.84256,Medium,ATM Skimming,Charge Sheet Filed
3480,FIR/2024/003480,2,5,12,100985,504217,513049,2025-05-16,Unknown,Truck,12.336571,76.684752,Medium,Firearm,Closed
3481,FIR/2024/003481,4,12,18,101426,507158,501140,2026-02-04,Stick,Motorcycle,12.95564,74.844183,Critical,ATM Skimming,Charge Sheet Filed
3482,FIR/2022/003482,1,2,7,100598,517143,524336,2026-09-29,Unknown,Truck,12.957609,77.608093,Critical,Physical Assault,Charge Sheet Filed
3483,FIR/2025/003483,12,40,6,100486,500336,500284,2025-12-10,Stick,Scooter,12.986416,77.608379,Medium,Social Engineering,Closed
3484,FIR/2022/003484,6,21,16,101339,521671,522796,2022-08-12,Hands,None,12.925044,74.898888,Low,Knife Attack,Charge Sheet Filed
3485,FIR/2023/003485,3,9,11,100957,524853,524490,2025-10-27,Crowbar,None,12.361459,76.584706,Critical,Online Scam,Charge Sheet Filed
3486,FIR/2023/003486,12,38,1,100094,512685,508130,2023-05-09,Pistol,Auto,12.981404,77.579829,High,Vehicle Lock Break,Pending Trial
3487,FIR/2022/003487,6,21,16,101280,522825,501151,2026-03-05,Hands,Car,12.975196,74.870174,Medium,Online Scam,Charge Sheet Filed
3488,FIR/2023/003488,1,3,14,101157,516240,507519,2022-09-17,Unknown,Auto,12.308346,76.637142,High,Vehicle Lock Break,Charge Sheet Filed
3489,FIR/2022/003489,9,29,3,100203,503811,518641,2026-11-06,Hands,Truck,12.947896,77.596089,Critical,Duplicate Key,Closed
3490,FIR/2022/003490,5,15,20,101556,508361,503821,2024-07-01,Iron Rod,Van,12.916139,74.87143,Medium,Social Engineering,Charge Sheet Filed
3491,FIR/2023/003491,6,21,17,101365,502352,511924,2024-12-03,Hands,Car,12.878149,74.87992,Critical,Firearm,Charge Sheet Filed
3492,FIR/2025/003492,2,7,19,101492,508641,503846,2024-03-13,Unknown,Scooter,12.923643,74.859841,Critical,Forced Entry,Charge Sheet Filed
3493,FIR/2023/003493,8,28,19,101485,522451,504678,2025-02-25,Crowbar,Van,12.929244,74.857752,Critical,Poisoning,Pending Trial
3494,FIR/2025/003494,10,34,19,101486,515930,520147,2023-10-03,Unknown,Scooter,12.950422,74.858364,High,Firearm,Under Investigation
3495,FIR/2024/003495,2,6,3,100238,510495,520893,2023-09-18,Hands,Van,12.983314,77.595069,Medium,ATM Skimming,Under Investigation
3496,FIR/2023/003496,12,38,4,100308,510910,502038,2025-08-03,Knife,Car,12.967529,77.645027,Low,Physical Assault,Pending Trial
3497,FIR/2026/003497,6,21,3,100171,518108,511091,2023-08-01,Crowbar,Scooter,12.995485,77.578681,Low,Online Scam,Charge Sheet Filed
3498,FIR/2022/003498,1,2,4,100271,523951,510411,2025-01-31,Stick,Motorcycle,13.002136,77.655766,Low,Social Engineering,Under Investigation
3499,FIR/2022/003499,6,19,14,101178,501967,517328,2025-02-18,Knife,Van,12.274007,76.650534,Low,Physical Assault,Charge Sheet Filed
3500,FIR/2023/003500,12,40,12,101020,505588,505709,2026-11-05,Iron Rod,Van,12.297922,76.660113,High,Forced Entry,Pending Trial
3501,FIR/2026/003501,7,23,17,101354,503566,507398,2022-02-22,Iron Rod,Van,12.888605,74.830185,Low,Social Engineering,Charge Sheet Filed
3502,FIR/2025/003502,4,12,4,100267,522976,507593,2023-11-18,Pistol,Scooter,12.982346,77.620928,High,Firearm,Pending Trial
3503,FIR/2022/003503,6,19,13,101076,520823,508803,2023-07-07,Hands,Car,12.327128,76.691226,High,Online Scam,Pending Trial
3504,FIR/2025/003504,6,21,12,100992,521753,523363,2023-12-05,Knife,Van,12.28604,76.662979,Medium,Poisoning,Charge Sheet Filed
3505,FIR/2023/003505,10,33,15,101243,502822,515790,2024-06-16,Stick,Car,12.307005,76.596794,Medium,Poisoning,Closed
3506,FIR/2024/003506,6,19,4,100269,504971,508318,2025-10-10,Stick,Auto,12.993222,77.652846,Medium,Knife Attack,Closed
3507,FIR/2024/003507,3,10,13,101105,517424,518399,2024-02-03,Hands,Motorcycle,12.312117,76.676882,Low,Knife Attack,Closed
3508,FIR/2023/003508,10,33,17,101399,520939,513898,2023-03-11,Crowbar,Van,12.915891,74.83908,Critical,Physical Assault,Closed
3509,FIR/2023/003509,10,32,11,100893,509870,508172,2026-08-19,Stick,Motorcycle,12.307591,76.587672,Medium,Social Engineering,Charge Sheet Filed
3510,FIR/2024/003510,10,34,10,100860,523532,506852,2022-12-21,Knife,Motorcycle,12.983719,77.617412,High,Firearm,Closed
3511,FIR/2025/003511,1,1,19,101520,513400,517087,2026-11-27,Stick,Scooter,12.94243,74.849375,Low,Knife Attack,Charge Sheet Filed
3512,FIR/2025/003512,6,20,19,101474,509185,507190,2023-09-04,Pistol,Motorcycle,12.934811,74.837329,Low,Online Scam,Pending Trial
3513,FIR/2026/003513,2,6,4,100277,516154,519576,2023-06-15,Crowbar,Motorcycle,12.955458,77.655533,High,Social Engineering,Pending Trial
3514,FIR/2023/003514,8,27,1,100096,521075,503328,2025-02-26,Unknown,Scooter,12.952631,77.564386,High,Online Scam,Charge Sheet Filed
3515,FIR/2026/003515,7,23,3,100198,521523,515131,2023-01-16,Knife,Auto,12.988689,77.614193,Low,Social Engineering,Under Investigation
3516,FIR/2025/003516,3,10,19,101504,512280,515943,2024-10-04,Crowbar,Car,12.952033,74.81053,High,ATM Skimming,Under Investigation
3517,FIR/2026/003517,12,40,11,100955,512416,517227,2022-02-07,Iron Rod,Motorcycle,12.338793,76.613077,High,Firearm,Closed
3518,FIR/2026/003518,4,12,4,100273,521499,522640,2026-01-21,Unknown,Car,13.005648,77.607349,High,Firearm,Charge Sheet Filed
3519,FIR/2023/003519,4,11,7,100608,523264,502812,2023-03-17,Crowbar,None,12.915232,77.598847,Medium,Physical Assault,Closed
3520,FIR/2026/003520,1,2,1,100046,513447,514489,2024-12-24,Pistol,None,12.988548,77.588619,Critical,ATM Skimming,Pending Trial
3521,FIR/2024/003521,4,13,11,100893,519177,505770,2024-09-05,Hands,Scooter,12.317068,76.578398,Medium,Firearm,Closed
3522,FIR/2022/003522,8,27,16,101291,522922,501265,2026-10-16,Knife,None,12.947624,74.888454,Low,Physical Assault,Pending Trial
3523,FIR/2024/003523,8,27,11,100937,508065,505871,2026-02-06,Unknown,Scooter,12.320125,76.578696,Low,Poisoning,Closed
3524,FIR/2023/003524,4,13,8,100661,504947,505262,2026-03-10,Knife,Truck,12.960909,77.584847,Low,Vehicle Lock Break,Charge Sheet Filed
3525,FIR/2022/003525,4,13,14,101167,515344,500928,2022-12-21,Stick,Scooter,12.276653,76.670594,Low,Poisoning,Closed
3526,FIR/2026/003526,4,13,4,100281,512770,512032,2023-07-19,Hands,Scooter,12.981906,77.605315,High,Vehicle Lock Break,Pending Trial
3527,FIR/2026/003527,11,36,3,100190,510498,513805,2023-08-21,Pistol,Car,12.979406,77.607756,Medium,Vehicle Lock Break,Closed
3528,FIR/2024/003528,12,39,16,101260,507612,512754,2023-11-10,Iron Rod,Motorcycle,12.956463,74.884717,High,Poisoning,Under Investigation
3529,FIR/2024/003529,3,9,17,101345,506115,509787,2023-11-21,Pistol,Car,12.876273,74.842263,High,ATM Skimming,Pending Trial
3530,FIR/2022/003530,12,40,4,100299,503678,523055,2026-09-11,Pistol,Van,12.980474,77.650599,High,ATM Skimming,Closed
3531,FIR/2026/003531,7,23,18,101416,508435,511764,2023-11-22,Knife,Truck,12.913606,74.870693,Low,Knife Attack,Charge Sheet Filed
3532,FIR/2023/003532,5,14,2,100124,507312,510277,2022-06-09,Pistol,None,12.949353,77.580758,Medium,Fake Identity,Closed
3533,FIR/2022/003533,7,24,12,101042,508426,502502,2025-04-26,Hands,None,12.336549,76.676833,High,Fake Identity,Pending Trial
3534,FIR/2024/003534,9,29,17,101356,520972,503356,2024-02-16,Pistol,None,12.917581,74.843607,Medium,Firearm,Closed
3535,FIR/2023/003535,3,9,8,100701,507229,510637,2022-12-21,Hands,Van,12.990211,77.578082,Critical,Poisoning,Under Investigation
3536,FIR/2022/003536,6,22,12,101050,504063,524760,2026-08-17,Crowbar,Scooter,12.297022,76.692035,Low,Online Scam,Under Investigation
3537,FIR/2026/003537,1,1,2,100122,513355,503756,2024-07-31,Iron Rod,Scooter,12.972421,77.604378,Low,Firearm,Charge Sheet Filed
3538,FIR/2025/003538,1,2,14,101124,520310,505557,2026-12-27,Unknown,Van,12.258849,76.648742,Low,Vehicle Lock Break,Under Investigation
3539,FIR/2026/003539,1,1,9,100770,504948,510974,2025-11-04,Pistol,Car,12.971018,77.565756,Critical,ATM Skimming,Under Investigation
3540,FIR/2023/003540,1,3,13,101068,503091,510759,2023-12-07,Knife,Scooter,12.299609,76.683383,Low,Firearm,Closed
3541,FIR/2023/003541,6,18,13,101103,503193,512751,2026-09-29,Knife,Scooter,12.295335,76.651647,Medium,Knife Attack,Charge Sheet Filed
3542,FIR/2023/003542,7,23,13,101085,509114,503498,2026-02-09,Iron Rod,None,12.334189,76.664264,High,Knife Attack,Closed
3543,FIR/2023/003543,12,38,9,100771,510226,502582,2024-10-21,Unknown,Motorcycle,12.9797,77.578756,High,Online Scam,Pending Trial
3544,FIR/2025/003544,7,25,8,100670,521525,510740,2026-09-23,Iron Rod,Van,12.977388,77.587978,Low,Poisoning,Pending Trial
3545,FIR/2023/003545,8,28,1,100012,520296,509973,2025-06-11,Knife,Car,12.971442,77.586672,Low,ATM Skimming,Closed
3546,FIR/2024/003546,5,17,13,101106,515279,508281,2023-07-20,Pistol,Scooter,12.314242,76.668888,Medium,Poisoning,Pending Trial
3547,FIR/2025/003547,6,19,20,101598,505622,502223,2022-06-06,Knife,Van,12.940332,74.891301,High,ATM Skimming,Under Investigation
3548,FIR/2023/003548,11,37,16,101338,500755,522122,2022-07-19,Stick,Car,12.944862,74.884759,Low,Social Engineering,Charge Sheet Filed
3549,FIR/2025/003549,12,40,2,100124,518087,516010,2024-07-08,Unknown,Motorcycle,12.924726,77.580782,High,ATM Skimming,Closed
3550,FIR/2025/003550,9,31,15,101184,503038,505935,2023-03-02,Pistol,Car,12.296466,76.624269,Critical,Fake Identity,Closed
3551,FIR/2023/003551,10,33,20,101585,512259,523748,2024-02-24,Stick,Scooter,12.898484,74.852351,Low,Physical Assault,Charge Sheet Filed
3552,FIR/2024/003552,6,22,13,101109,518118,503527,2024-05-24,Stick,Car,12.28382,76.691411,Low,Physical Assault,Charge Sheet Filed
3553,FIR/2025/003553,2,7,12,101028,500587,519567,2024-11-20,Knife,Motorcycle,12.285608,76.677151,Critical,Forced Entry,Pending Trial
3554,FIR/2026/003554,12,38,8,100627,515864,516976,2024-01-26,Iron Rod,Van,12.99664,77.570412,Low,Poisoning,Charge Sheet Filed
3555,FIR/2023/003555,8,27,10,100796,505731,501450,2024-06-05,Stick,Auto,12.935545,77.589706,Medium,Duplicate Key,Pending Trial
3556,FIR/2023/003556,5,16,4,100318,501773,500824,2026-01-10,Stick,Truck,12.991224,77.619379,Critical,Duplicate Key,Closed
3557,FIR/2026/003557,12,38,18,101441,500606,505748,2026-05-20,Stick,Auto,12.94833,74.875398,High,Duplicate Key,Pending Trial
3558,FIR/2025/003558,5,17,9,100708,509835,504266,2023-12-04,Stick,Scooter,13.001133,77.553144,Critical,ATM Skimming,Pending Trial
3559,FIR/2026/003559,11,37,19,101481,523095,504211,2023-04-28,Unknown,Auto,12.932462,74.846188,Low,Vehicle Lock Break,Pending Trial
3560,FIR/2022/003560,8,27,18,101423,523575,518926,2024-09-21,Pistol,Auto,12.971062,74.842347,High,Physical Assault,Under Investigation
3561,FIR/2024/003561,6,18,20,101615,501863,524890,2023-10-06,Pistol,Truck,12.92381,74.844972,Critical,Firearm,Closed
3562,FIR/2024/003562,12,38,20,101588,500366,505044,2026-03-01,Pistol,Scooter,12.927411,74.89117,Critical,Duplicate Key,Charge Sheet Filed
3563,FIR/2024/003563,12,39,6,100525,523577,524230,2026-08-07,Iron Rod,Car,13.005641,77.567298,High,Vehicle Lock Break,Closed
3564,FIR/2024/003564,9,30,15,101201,506940,517853,2025-10-12,Stick,Car,12.283896,76.62154,Medium,Online Scam,Pending Trial
3565,FIR/2024/003565,5,16,16,101267,517125,502806,2024-07-15,Knife,Car,12.972793,74.876835,Low,Forced Entry,Pending Trial
3566,FIR/2022/003566,1,4,13,101080,515956,510120,2022-05-24,Pistol,Van,12.306799,76.695557,High,Vehicle Lock Break,Charge Sheet Filed
3567,FIR/2025/003567,9,30,6,100482,509032,506018,2023-04-18,Unknown,Truck,12.995601,77.608934,Low,Physical Assault,Charge Sheet Filed
3568,FIR/2025/003568,4,13,12,101022,514487,516720,2024-12-11,Pistol,Motorcycle,12.34003,76.694858,High,ATM Skimming,Under Investigation
3569,FIR/2025/003569,8,27,4,100315,513536,521510,2022-07-21,Hands,Car,12.960515,77.612463,High,Physical Assault,Pending Trial
3570,FIR/2023/003570,9,29,18,101423,516826,504317,2025-05-04,Hands,Truck,12.94465,74.874204,Medium,Vehicle Lock Break,Closed
3571,FIR/2024/003571,1,4,7,100544,519872,507491,2024-06-07,Hands,Van,12.953785,77.622379,Low,Online Scam,Charge Sheet Filed
3572,FIR/2025/003572,11,36,4,100279,522342,507018,2024-04-16,Knife,Car,12.978485,77.648236,Critical,Online Scam,Pending Trial
3573,FIR/2025/003573,9,30,13,101116,523999,519579,2026-07-26,Pistol,Motorcycle,12.31189,76.686844,Medium,Fake Identity,Closed
3574,FIR/2026/003574,5,14,13,101118,512053,508910,2025-07-22,Pistol,Car,12.301996,76.650265,Medium,Online Scam,Pending Trial
3575,FIR/2025/003575,4,13,1,100029,505314,505777,2022-11-29,Iron Rod,Auto,13.005436,77.550919,Medium,Physical Assault,Under Investigation
3576,FIR/2023/003576,5,16,14,101123,506735,514765,2026-01-01,Stick,Scooter,12.254278,76.678991,Low,ATM Skimming,Closed
3577,FIR/2024/003577,1,1,11,100936,514728,522848,2024-04-12,Hands,Van,12.356292,76.624683,Critical,Poisoning,Under Investigation
3578,FIR/2026/003578,9,31,13,101067,516552,504922,2022-03-30,Stick,Motorcycle,12.30642,76.671201,High,Knife Attack,Charge Sheet Filed
3579,FIR/2022/003579,7,24,7,100558,518868,521155,2023-11-19,Hands,Scooter,12.940888,77.619518,High,Poisoning,Under Investigation
3580,FIR/2023/003580,8,26,1,100046,505913,515225,2025-11-01,Crowbar,Auto,12.996198,77.589921,Low,Knife Attack,Charge Sheet Filed
3581,FIR/2026/003581,8,26,1,100065,512688,508226,2024-05-18,Hands,Scooter,12.982887,77.558366,Critical,Firearm,Closed
3582,FIR/2026/003582,3,8,2,100100,503159,514266,2024-04-03,Iron Rod,None,12.94531,77.632278,High,ATM Skimming,Under Investigation
3583,FIR/2023/003583,7,24,4,100287,523507,519735,2024-06-08,Stick,Scooter,13.000527,77.649699,Low,ATM Skimming,Pending Trial
3584,FIR/2022/003584,8,27,1,100009,523164,506616,2025-03-29,Iron Rod,Car,12.953393,77.550646,Critical,ATM Skimming,Under Investigation
3585,FIR/2025/003585,10,34,16,101341,523930,517518,2024-06-16,Hands,Truck,12.920671,74.8612,Medium,Knife Attack,Pending Trial
3586,FIR/2022/003586,1,3,12,101029,518706,504406,2025-03-12,Iron Rod,Scooter,12.291585,76.671765,High,Physical Assault,Under Investigation
3587,FIR/2025/003587,3,10,11,100937,501437,505985,2023-06-12,Unknown,Motorcycle,12.363685,76.584212,Critical,ATM Skimming,Under Investigation
3588,FIR/2023/003588,8,27,4,100317,516110,523936,2024-12-26,Pistol,Auto,12.956169,77.610597,Critical,Vehicle Lock Break,Charge Sheet Filed
3589,FIR/2025/003589,3,8,4,100337,522639,507982,2023-04-18,Iron Rod,Motorcycle,12.968134,77.638257,Low,Forced Entry,Charge Sheet Filed
3590,FIR/2024/003590,6,18,14,101136,524505,519713,2026-11-18,Knife,Truck,12.253367,76.644661,High,Firearm,Charge Sheet Filed
3591,FIR/2022/003591,8,28,10,100838,506300,506466,2023-01-30,Crowbar,Auto,12.931366,77.610869,Medium,Physical Assault,Under Investigation
3592,FIR/2026/003592,8,27,10,100816,510685,507141,2024-07-22,Pistol,Scooter,12.952258,77.572857,Low,Forced Entry,Pending Trial
3593,FIR/2025/003593,3,9,4,100259,508122,524141,2023-09-11,Unknown,Truck,12.992284,77.64115,Low,Social Engineering,Closed
3594,FIR/2024/003594,2,6,6,100492,505029,507869,2023-05-28,Stick,Van,12.965951,77.572422,Low,Social Engineering,Charge Sheet Filed
3595,FIR/2022/003595,2,7,13,101116,519535,514866,2024-06-05,Stick,Truck,12.298875,76.65799,High,Fake Identity,Pending Trial
3596,FIR/2022/003596,8,26,9,100713,511357,523658,2024-01-16,Iron Rod,Truck,13.019529,77.588321,High,Social Engineering,Under Investigation
3597,FIR/2023/003597,11,35,12,101023,500552,517012,2026-05-04,Knife,Van,12.320778,76.658397,Critical,Online Scam,Pending Trial
3598,FIR/2022/003598,9,31,2,100135,511864,512926,2023-11-28,Iron Rod,Auto,12.959959,77.634398,Low,Duplicate Key,Closed
3599,FIR/2024/003599,8,27,11,100934,505493,500575,2025-08-11,Pistol,None,12.362027,76.619059,Critical,Duplicate Key,Pending Trial
3600,FIR/2026/003600,1,2,17,101360,501024,501521,2023-12-31,Unknown,Car,12.881752,74.822141,Medium,Vehicle Lock Break,Pending Trial
3601,FIR/2023/003601,7,23,6,100472,507228,510599,2023-11-05,Stick,Motorcycle,12.98611,77.569547,High,Fake Identity,Charge Sheet Filed
3602,FIR/2026/003602,9,30,6,100460,508092,508182,2026-06-20,Iron Rod,Car,13.016761,77.594915,High,ATM Skimming,Closed
3603,FIR/2023/003603,2,6,10,100851,514299,516034,2024-01-26,Knife,None,12.957942,77.594135,High,Social Engineering,Under Investigation
3604,FIR/2025/003604,1,3,12,101000,506467,506919,2025-08-21,Stick,Auto,12.338878,76.690038,Critical,Poisoning,Under Investigation
3605,FIR/2025/003605,6,18,4,100282,501063,515124,2026-10-27,Knife,Motorcycle,13.004667,77.618962,Low,Poisoning,Charge Sheet Filed
3606,FIR/2022/003606,9,30,1,100081,522224,517546,2024-01-18,Unknown,Motorcycle,12.967541,77.57281,Medium,Forced Entry,Closed
3607,FIR/2025/003607,5,17,3,100175,509860,518306,2025-04-06,Stick,None,12.97034,77.57117,High,Firearm,Closed
3608,FIR/2024/003608,10,34,18,101415,522796,523504,2024-09-17,Hands,None,12.931074,74.855016,Critical,Social Engineering,Charge Sheet Filed
3609,FIR/2023/003609,2,7,16,101275,506214,510339,2024-03-14,Iron Rod,Car,12.93737,74.885936,Medium,Knife Attack,Charge Sheet Filed
3610,FIR/2022/003610,1,1,7,100590,507082,518972,2025-10-21,Crowbar,Car,12.911305,77.655489,High,Forced Entry,Under Investigation
3611,FIR/2025/003611,2,7,3,100194,501818,516958,2023-01-18,Iron Rod,Car,13.002069,77.58379,Low,Forced Entry,Pending Trial
3612,FIR/2026/003612,11,36,16,101264,500292,508125,2023-10-17,Unknown,Auto,12.933064,74.897381,Low,Social Engineering,Pending Trial
3613,FIR/2025/003613,3,10,3,100178,519065,511516,2026-05-20,Pistol,Truck,12.998431,77.5925,Critical,Firearm,Charge Sheet Filed
3614,FIR/2026/003614,8,27,8,100637,512215,502221,2022-12-24,Crowbar,Scooter,12.95953,77.607647,Low,Online Scam,Closed
3615,FIR/2023/003615,1,2,12,100994,503801,520557,2022-02-25,Crowbar,Motorcycle,12.314266,76.687449,Medium,Vehicle Lock Break,Under Investigation
3616,FIR/2025/003616,7,24,2,100149,512931,522260,2026-11-21,Unknown,Car,12.937508,77.584611,High,Fake Identity,Closed
3617,FIR/2025/003617,6,18,17,101365,523887,501691,2024-02-13,Crowbar,Scooter,12.916445,74.829187,Low,Poisoning,Pending Trial
3618,FIR/2026/003618,6,22,12,101029,522266,500718,2023-09-07,Unknown,Auto,12.303259,76.697155,High,Fake Identity,Charge Sheet Filed
3619,FIR/2025/003619,7,24,10,100876,508309,509672,2023-08-10,Hands,Motorcycle,12.961299,77.564031,Low,ATM Skimming,Charge Sheet Filed
3620,FIR/2024/003620,10,34,20,101596,519827,521478,2022-10-18,Iron Rod,Van,12.907398,74.883777,Low,ATM Skimming,Under Investigation
3621,FIR/2024/003621,11,37,3,100193,524958,512018,2026-12-24,Unknown,Van,12.962181,77.591237,Low,Social Engineering,Pending Trial
3622,FIR/2023/003622,8,27,20,101573,509209,509279,2024-02-19,Unknown,Car,12.946231,74.850832,Low,Forced Entry,Charge Sheet Filed
3623,FIR/2022/003623,12,38,14,101153,516954,521992,2022-09-12,Knife,Auto,12.297596,76.650919,Low,Firearm,Pending Trial
3624,FIR/2025/003624,1,4,13,101112,508410,500341,2023-11-13,Unknown,Auto,12.32277,76.670362,Low,Physical Assault,Under Investigation
3625,FIR/2023/003625,5,16,19,101521,517172,504804,2022-03-02,Unknown,None,12.915103,74.822725,Medium,Poisoning,Charge Sheet Filed
3626,FIR/2025/003626,10,34,13,101057,517383,514543,2026-06-05,Unknown,Van,12.341449,76.669795,Low,Firearm,Closed
3627,FIR/2023/003627,11,36,6,100472,516827,514759,2022-11-05,Crowbar,Motorcycle,13.013532,77.573921,High,Online Scam,Pending Trial
3628,FIR/2023/003628,10,34,16,101291,524202,513560,2025-08-30,Unknown,None,12.971103,74.875161,High,Fake Identity,Pending Trial
3629,FIR/2022/003629,7,25,19,101497,521937,503063,2022-11-05,Knife,Car,12.902722,74.818568,Critical,Social Engineering,Charge Sheet Filed
3630,FIR/2025/003630,7,24,16,101342,504353,517885,2026-10-07,Crowbar,Truck,12.974611,74.877496,Critical,Poisoning,Under Investigation
3631,FIR/2023/003631,1,4,16,101264,513320,518434,2023-06-13,Hands,Car,12.975496,74.86382,High,Physical Assault,Closed
3632,FIR/2026/003632,2,7,8,100622,508936,521009,2023-04-02,Unknown,Motorcycle,13.01068,77.607462,Medium,Physical Assault,Under Investigation
3633,FIR/2023/003633,11,35,16,101326,521980,523602,2024-06-11,Pistol,Van,12.935215,74.895031,Medium,Vehicle Lock Break,Pending Trial
3634,FIR/2023/003634,2,5,15,101203,524979,519073,2025-07-21,Crowbar,Auto,12.290999,76.611574,Low,Forced Entry,Closed
3635,FIR/2024/003635,4,11,3,100178,522780,509590,2025-12-28,Stick,Van,12.967655,77.58277,Critical,Online Scam,Charge Sheet Filed
3636,FIR/2023/003636,6,20,17,101361,513572,519502,2023-04-22,Pistol,None,12.894901,74.870883,Low,Poisoning,Pending Trial
3637,FIR/2022/003637,9,29,1,100045,518618,523701,2026-04-07,Iron Rod,Motorcycle,12.960614,77.582414,High,Social Engineering,Under Investigation
3638,FIR/2026/003638,7,24,5,100356,505120,513207,2025-12-26,Crowbar,Van,12.952703,77.54917,Medium,Knife Attack,Pending Trial
3639,FIR/2024/003639,1,2,11,100885,511153,514928,2024-08-08,Crowbar,Scooter,12.341791,76.633406,Medium,Social Engineering,Under Investigation
3640,FIR/2026/003640,12,38,15,101232,500980,508107,2022-05-14,Knife,Auto,12.297386,76.601225,Low,Poisoning,Under Investigation
3641,FIR/2023/003641,12,40,2,100139,508711,500516,2024-01-05,Stick,Auto,12.930619,77.628241,High,Fake Identity,Under Investigation
3642,FIR/2022/003642,4,11,19,101466,524076,515867,2025-05-28,Pistol,Scooter,12.958214,74.864256,Low,Vehicle Lock Break,Pending Trial
3643,FIR/2026/003643,3,10,18,101462,517735,513188,2026-07-03,Stick,Motorcycle,12.933071,74.852109,High,Poisoning,Closed
3644,FIR/2023/003644,7,24,18,101431,520929,500506,2023-03-19,Knife,Truck,12.935749,74.874996,High,Fake Identity,Closed
3645,FIR/2025/003645,7,24,14,101179,520330,516071,2022-01-04,Knife,Motorcycle,12.25903,76.646894,High,Duplicate Key,Pending Trial
3646,FIR/2024/003646,1,3,3,100242,516734,524974,2024-05-17,Knife,Motorcycle,12.947759,77.62804,Low,Social Engineering,Under Investigation
3647,FIR/2023/003647,11,36,8,100660,523376,506067,2025-03-18,Iron Rod,Motorcycle,12.974647,77.585228,High,Fake Identity,Under Investigation
3648,FIR/2026/003648,4,11,3,100194,506740,503350,2026-01-04,Unknown,Scooter,12.955114,77.600907,Medium,Physical Assault,Charge Sheet Filed
3649,FIR/2024/003649,2,6,4,100322,516974,519085,2023-11-18,Stick,Auto,12.9904,77.623649,Low,Physical Assault,Charge Sheet Filed
3650,FIR/2025/003650,7,23,19,101473,514159,519747,2022-12-03,Crowbar,Truck,12.923492,74.818587,High,Social Engineering,Closed
3651,FIR/2025/003651,1,3,19,101469,521061,520261,2026-11-19,Iron Rod,Scooter,12.938669,74.856414,Low,Firearm,Charge Sheet Filed
3652,FIR/2022/003652,10,33,12,101032,513427,518918,2026-09-26,Stick,Van,12.321164,76.658639,Low,Poisoning,Closed
3653,FIR/2024/003653,6,19,7,100544,509997,517577,2026-07-01,Pistol,Scooter,12.916046,77.599871,Critical,Forced Entry,Pending Trial
3654,FIR/2022/003654,4,12,14,101135,511194,510332,2025-11-07,Stick,Car,12.28709,76.652971,Medium,ATM Skimming,Charge Sheet Filed
3655,FIR/2025/003655,11,37,4,100278,508742,515139,2026-05-24,Stick,Truck,12.978886,77.651386,Medium,Firearm,Closed
3656,FIR/2023/003656,5,15,2,100115,520399,510460,2026-05-06,Stick,Scooter,12.92873,77.633263,Low,Duplicate Key,Under Investigation
3657,FIR/2026/003657,4,12,12,100964,506133,505784,2026-08-20,Hands,Motorcycle,12.288937,76.653555,Critical,Physical Assault,Pending Trial
3658,FIR/2022/003658,1,4,8,100669,505965,511228,2023-08-19,Crowbar,Car,13.002547,77.576464,Critical,Social Engineering,Closed
3659,FIR/2026/003659,6,21,2,100159,510103,522217,2023-02-24,Stick,Van,12.976073,77.635519,Critical,Forced Entry,Under Investigation
3660,FIR/2026/003660,3,10,17,101344,501670,501341,2023-04-06,Hands,Truck,12.915,74.861859,Medium,Vehicle Lock Break,Charge Sheet Filed
3661,FIR/2024/003661,2,5,16,101330,518405,522385,2026-08-16,Pistol,Truck,12.970543,74.852404,High,Social Engineering,Closed
3662,FIR/2026/003662,12,38,9,100751,500563,514889,2026-09-17,Knife,Auto,12.97081,77.584212,Medium,Forced Entry,Closed
3663,FIR/2023/003663,4,12,2,100128,517022,506095,2026-04-15,Crowbar,Car,12.943716,77.605394,Critical,Duplicate Key,Closed
3664,FIR/2025/003664,9,31,20,101567,518371,501776,2025-02-18,Pistol,Scooter,12.898268,74.841143,Low,ATM Skimming,Pending Trial
3665,FIR/2025/003665,4,12,3,100181,502013,507261,2024-03-19,Crowbar,Car,12.985154,77.57525,Medium,ATM Skimming,Under Investigation
3666,FIR/2023/003666,12,38,14,101144,505564,524669,2023-11-06,Stick,Auto,12.29147,76.652334,Medium,Poisoning,Closed
3667,FIR/2023/003667,1,4,1,100012,508758,511829,2023-12-02,Pistol,None,12.990527,77.5583,High,Duplicate Key,Under Investigation
3668,FIR/2024/003668,4,13,9,100727,510891,520358,2022-03-12,Pistol,None,12.997582,77.548531,High,Forced Entry,Charge Sheet Filed
3669,FIR/2023/003669,4,13,11,100898,514323,516337,2023-10-06,Unknown,None,12.355669,76.606465,Low,ATM Skimming,Closed
3670,FIR/2025/003670,1,1,16,101279,500479,506537,2022-07-12,Pistol,Scooter,12.929386,74.859703,Medium,Forced Entry,Under Investigation
3671,FIR/2026/003671,3,8,12,101008,501596,505086,2026-07-06,Iron Rod,Van,12.297793,76.69511,Medium,Social Engineering,Charge Sheet Filed
3672,FIR/2024/003672,9,30,2,100101,513336,510985,2025-05-21,Stick,Van,12.928706,77.582712,Critical,Fake Identity,Pending Trial
3673,FIR/2025/003673,7,25,6,100471,519500,516633,2026-11-10,Knife,Auto,12.98967,77.573538,Medium,Duplicate Key,Pending Trial
3674,FIR/2024/003674,4,11,20,101551,507474,520125,2022-04-15,Unknown,Van,12.942308,74.878031,Critical,Fake Identity,Closed
3675,FIR/2022/003675,5,15,1,100072,502830,518872,2022-09-26,Iron Rod,Motorcycle,12.956783,77.589571,High,Knife Attack,Charge Sheet Filed
3676,FIR/2026/003676,2,6,10,100882,521835,514334,2024-03-25,Hands,Auto,12.967527,77.617759,Critical,Fake Identity,Closed
3677,FIR/2024/003677,11,35,13,101114,523048,506870,2023-09-06,Hands,Van,12.327283,76.648546,Low,Duplicate Key,Charge Sheet Filed
3678,FIR/2024/003678,1,3,11,100941,511054,505371,2025-01-06,Unknown,Car,12.338542,76.626499,Low,Forced Entry,Charge Sheet Filed
3679,FIR/2025/003679,9,31,19,101505,500945,509430,2022-10-14,Hands,None,12.917414,74.860367,Medium,Physical Assault,Under Investigation
3680,FIR/2026/003680,12,38,1,100048,521964,511158,2026-12-16,Hands,Truck,12.970924,77.592137,Critical,Duplicate Key,Charge Sheet Filed
3681,FIR/2025/003681,3,9,9,100763,514311,523431,2022-06-24,Knife,Scooter,12.992886,77.586177,High,Firearm,Closed
3682,FIR/2025/003682,2,6,11,100891,519262,518003,2022-09-27,Hands,Motorcycle,12.362376,76.599919,Critical,ATM Skimming,Pending Trial
3683,FIR/2022/003683,10,34,1,100011,509128,512613,2022-03-23,Crowbar,Van,12.961902,77.569547,Medium,ATM Skimming,Pending Trial
3684,FIR/2026/003684,10,33,17,101380,507646,505460,2025-01-15,Iron Rod,Scooter,12.891672,74.84579,Medium,Social Engineering,Closed
3685,FIR/2025/003685,5,15,1,100082,502495,512451,2024-03-19,Crowbar,Van,12.997754,77.590468,Medium,Knife Attack,Pending Trial
3686,FIR/2025/003686,1,1,2,100138,501846,507456,2022-10-12,Stick,Motorcycle,12.932565,77.591289,High,Vehicle Lock Break,Charge Sheet Filed
3687,FIR/2024/003687,6,18,2,100132,507721,500174,2022-06-17,Stick,Motorcycle,12.95047,77.608513,Critical,Knife Attack,Closed
3688,FIR/2023/003688,10,33,16,101293,512243,519111,2026-04-09,Stick,Truck,12.920403,74.860485,Critical,Fake Identity,Pending Trial
3689,FIR/2025/003689,5,16,15,101221,512327,516057,2025-02-20,Iron Rod,Truck,12.269737,76.624328,Critical,Knife Attack,Closed
3690,FIR/2025/003690,3,10,19,101475,513105,511560,2023-04-28,Knife,Van,12.952746,74.815065,High,Vehicle Lock Break,Closed
3691,FIR/2022/003691,4,11,14,101144,507864,500349,2026-10-10,Unknown,Scooter,12.272423,76.655582,Medium,Social Engineering,Under Investigation
3692,FIR/2025/003692,6,18,4,100286,506225,520726,2024-08-24,Knife,Car,12.995022,77.61529,Medium,Duplicate Key,Pending Trial
3693,FIR/2026/003693,9,29,1,100096,509302,521678,2022-12-09,Unknown,Auto,12.971627,77.563041,Medium,ATM Skimming,Closed
3694,FIR/2025/003694,9,30,17,101385,505888,512128,2026-06-16,Iron Rod,None,12.927848,74.822672,High,ATM Skimming,Pending Trial
3695,FIR/2025/003695,1,4,4,100314,515098,521009,2022-02-17,Pistol,Auto,12.964007,77.610523,Critical,Online Scam,Pending Trial
3696,FIR/2025/003696,2,6,4,100277,502562,520194,2024-06-29,Crowbar,Scooter,13.010888,77.624983,Critical,Physical Assault,Closed
3697,FIR/2026/003697,8,26,11,100916,513814,501144,2024-04-01,Unknown,Truck,12.318673,76.63655,High,Vehicle Lock Break,Closed
3698,FIR/2022/003698,7,24,16,101304,515765,501011,2022-08-01,Knife,Car,12.927092,74.852954,Medium,Vehicle Lock Break,Charge Sheet Filed
3699,FIR/2026/003699,2,7,7,100585,519454,510477,2023-07-10,Hands,Car,12.938671,77.621824,High,Firearm,Pending Trial
3700,FIR/2023/003700,7,23,5,100395,506163,510145,2023-03-03,Iron Rod,Motorcycle,12.959669,77.5435,High,Vehicle Lock Break,Charge Sheet Filed
3701,FIR/2025/003701,6,21,9,100759,513924,506040,2022-06-24,Knife,Car,13.000322,77.56295,High,Firearm,Under Investigation
3702,FIR/2023/003702,7,23,17,101403,512928,524480,2023-01-25,Iron Rod,Auto,12.90076,74.873087,Critical,Social Engineering,Closed
3703,FIR/2024/003703,7,24,15,101181,524485,501541,2024-09-03,Crowbar,Van,12.279165,76.596306,High,Social Engineering,Pending Trial
3704,FIR/2022/003704,10,33,3,100237,521816,509556,2026-10-21,Unknown,Car,13.003314,77.584457,Low,Firearm,Pending Trial
3705,FIR/2024/003705,6,18,20,101578,511057,511770,2024-06-30,Stick,Motorcycle,12.891354,74.863561,High,Forced Entry,Charge Sheet Filed
3706,FIR/2026/003706,5,14,17,101359,500439,501524,2026-11-09,Knife,Car,12.901165,74.86623,High,Knife Attack,Charge Sheet Filed
3707,FIR/2026/003707,10,33,15,101246,521776,503145,2022-02-15,Crowbar,Car,12.282261,76.59116,Low,Social Engineering,Pending Trial
3708,FIR/2024/003708,3,9,5,100384,513742,512474,2022-08-24,Iron Rod,Scooter,12.953725,77.583195,Medium,Vehicle Lock Break,Pending Trial
3709,FIR/2022/003709,1,1,3,100180,523333,504860,2024-04-07,Pistol,Auto,12.994164,77.569631,High,Fake Identity,Under Investigation
3710,FIR/2024/003710,1,3,10,100849,519580,512060,2026-03-16,Crowbar,Van,12.947121,77.582546,Low,Social Engineering,Closed
3711,FIR/2023/003711,6,21,15,101222,520979,512238,2026-05-17,Pistol,Auto,12.297968,76.601015,High,Knife Attack,Closed
3712,FIR/2023/003712,7,23,12,101049,508198,510429,2022-03-03,Hands,Motorcycle,12.309987,76.647651,Low,Forced Entry,Charge Sheet Filed
3713,FIR/2024/003713,4,12,4,100306,504157,523300,2025-11-26,Crowbar,Truck,12.966566,77.651387,Medium,Social Engineering,Under Investigation
3714,FIR/2026/003714,6,20,18,101440,517356,512620,2023-07-21,Pistol,Car,12.929282,74.848303,Low,Physical Assault,Charge Sheet Filed
3715,FIR/2024/003715,7,23,12,101039,503446,510035,2023-11-15,Hands,Scooter,12.326929,76.647406,Medium,Fake Identity,Under Investigation
3716,FIR/2026/003716,11,37,14,101172,500603,506334,2025-09-03,Iron Rod,Car,12.276009,76.688149,Low,Forced Entry,Pending Trial
3717,FIR/2024/003717,9,30,3,100236,503051,510697,2026-11-22,Crowbar,Van,12.986795,77.594609,Critical,Social Engineering,Closed
3718,FIR/2025/003718,4,11,18,101435,520375,503200,2022-07-02,Pistol,Truck,12.953103,74.87762,Critical,Forced Entry,Charge Sheet Filed
3719,FIR/2024/003719,3,9,15,101240,521280,517677,2023-08-05,Hands,Car,12.28488,76.606001,Medium,Poisoning,Charge Sheet Filed
3720,FIR/2026/003720,3,9,16,101339,520022,513106,2023-05-03,Stick,Truck,12.962726,74.861685,Medium,Social Engineering,Closed
3721,FIR/2026/003721,2,6,8,100656,521341,514070,2023-09-29,Crowbar,Car,12.993965,77.605614,Critical,Social Engineering,Closed
3722,FIR/2025/003722,12,40,10,100877,509834,509251,2023-07-21,Crowbar,Car,12.938117,77.616751,Critical,Fake Identity,Under Investigation
3723,FIR/2023/003723,12,39,12,100967,503910,508503,2023-02-03,Unknown,Truck,12.322271,76.678258,High,Online Scam,Closed
3724,FIR/2026/003724,4,12,3,100234,512482,524335,2026-11-26,Pistol,Scooter,12.981242,77.576723,Critical,Social Engineering,Charge Sheet Filed
3725,FIR/2026/003725,5,15,11,100940,517667,509770,2026-09-21,Knife,Truck,12.305136,76.619275,Medium,Firearm,Charge Sheet Filed
3726,FIR/2024/003726,3,9,15,101219,505776,522135,2023-03-07,Iron Rod,Motorcycle,12.269908,76.599176,High,Online Scam,Under Investigation
3727,FIR/2022/003727,1,1,12,100971,503420,519805,2024-07-14,Iron Rod,Scooter,12.326064,76.657858,High,Poisoning,Closed
3728,FIR/2023/003728,1,4,9,100759,512189,504983,2025-03-24,Unknown,Truck,12.978923,77.561686,Medium,Online Scam,Pending Trial
3729,FIR/2026/003729,9,29,19,101501,517966,519375,2025-04-09,Crowbar,Van,12.906776,74.863621,High,Knife Attack,Closed
3730,FIR/2022/003730,9,30,13,101108,521982,502490,2022-07-02,Unknown,Scooter,12.324968,76.678578,Medium,Poisoning,Charge Sheet Filed
3731,FIR/2025/003731,1,4,20,101572,512768,520083,2026-08-13,Iron Rod,Scooter,12.944664,74.842599,High,Duplicate Key,Pending Trial
3732,FIR/2022/003732,1,3,8,100652,514638,501037,2023-12-04,Iron Rod,Motorcycle,13.013729,77.588428,Low,ATM Skimming,Under Investigation
3733,FIR/2023/003733,12,38,11,100958,523067,522202,2025-10-28,Crowbar,Van,12.363416,76.615372,Medium,Poisoning,Closed
3734,FIR/2022/003734,6,21,8,100653,519456,524557,2026-04-28,Hands,Car,12.987648,77.613634,Critical,Online Scam,Charge Sheet Filed
3735,FIR/2024/003735,6,18,15,101244,513403,521326,2024-06-15,Stick,Auto,12.308603,76.622371,Medium,Duplicate Key,Closed
3736,FIR/2022/003736,6,21,6,100479,517605,502217,2026-07-01,Hands,Scooter,12.969709,77.604265,Medium,Fake Identity,Closed
3737,FIR/2025/003737,1,3,10,100818,524028,519339,2022-06-01,Unknown,None,12.934653,77.600424,Critical,Firearm,Charge Sheet Filed
3738,FIR/2026/003738,3,9,10,100783,507357,505106,2025-02-23,Hands,Scooter,12.978349,77.606202,Medium,ATM Skimming,Charge Sheet Filed
3739,FIR/2023/003739,7,25,10,100789,512119,506823,2026-10-13,Knife,Van,12.980871,77.587288,Medium,Social Engineering,Closed
3740,FIR/2026/003740,5,15,13,101073,515418,500486,2022-04-03,Hands,Truck,12.318106,76.677327,Low,Physical Assault,Under Investigation
3741,FIR/2023/003741,7,25,1,100025,519706,503915,2025-03-23,Pistol,Truck,12.990066,77.58408,Low,Vehicle Lock Break,Under Investigation
3742,FIR/2023/003742,4,12,19,101529,500871,508661,2025-02-10,Pistol,None,12.934613,74.862225,Medium,Knife Attack,Pending Trial
3743,FIR/2025/003743,1,3,18,101465,515519,509713,2025-08-19,Stick,Motorcycle,12.934467,74.880607,Critical,Physical Assault,Charge Sheet Filed
3744,FIR/2026/003744,12,38,18,101438,513424,509895,2025-11-21,Stick,Auto,12.912762,74.85196,High,Fake Identity,Under Investigation
3745,FIR/2026/003745,5,15,7,100555,513219,521390,2022-09-15,Crowbar,Van,12.962237,77.613515,Critical,Physical Assault,Charge Sheet Filed
3746,FIR/2024/003746,7,23,5,100369,500276,503340,2022-01-14,Stick,Truck,12.943418,77.594155,Critical,Physical Assault,Closed
3747,FIR/2025/003747,4,11,8,100636,516746,500016,2026-09-13,Knife,Van,12.985357,77.581656,Critical,Online Scam,Closed
3748,FIR/2026/003748,4,12,4,100284,524999,501046,2023-03-04,Knife,Motorcycle,13.002258,77.630723,Low,Knife Attack,Under Investigation
3749,FIR/2025/003749,7,24,20,101598,508246,510843,2026-02-26,Knife,None,12.893254,74.889689,High,Vehicle Lock Break,Pending Trial
3750,FIR/2023/003750,11,35,7,100555,516487,508942,2024-03-24,Hands,Motorcycle,12.934708,77.610512,Medium,Knife Attack,Pending Trial
3751,FIR/2024/003751,6,22,1,100085,523435,524652,2025-11-13,Pistol,Van,12.965705,77.590829,Critical,Social Engineering,Pending Trial
3752,FIR/2023/003752,6,21,17,101347,517181,512896,2026-09-17,Stick,Van,12.921167,74.866557,Critical,Fake Identity,Charge Sheet Filed
3753,FIR/2025/003753,3,10,3,100231,513008,506326,2026-12-14,Unknown,Auto,12.972865,77.58726,High,Forced Entry,Closed
3754,FIR/2023/003754,3,9,16,101295,504937,521872,2023-05-03,Iron Rod,Motorcycle,12.968405,74.887855,Medium,Duplicate Key,Charge Sheet Filed
3755,FIR/2022/003755,10,34,6,100522,510717,513451,2025-06-12,Unknown,Car,13.014714,77.572694,High,Online Scam,Closed
3756,FIR/2026/003756,7,23,2,100116,505102,512033,2025-08-30,Iron Rod,Scooter,12.96291,77.615703,Medium,Physical Assault,Charge Sheet Filed
3757,FIR/2025/003757,1,3,15,101185,502107,519393,2026-11-01,Pistol,Truck,12.311867,76.624219,Medium,Online Scam,Under Investigation
3758,FIR/2026/003758,1,4,14,101136,514945,522956,2024-01-12,Iron Rod,Scooter,12.261059,76.689635,Medium,Social Engineering,Closed
3759,FIR/2024/003759,3,10,2,100112,518666,516986,2024-12-02,Knife,Scooter,12.949741,77.597693,High,Poisoning,Charge Sheet Filed
3760,FIR/2026/003760,10,32,20,101593,511153,517052,2025-08-25,Knife,Auto,12.904237,74.880825,High,Physical Assault,Under Investigation
3761,FIR/2026/003761,3,9,11,100958,508870,500525,2024-03-28,Hands,None,12.332607,76.583058,Low,Social Engineering,Under Investigation
3762,FIR/2022/003762,11,37,17,101379,516800,511927,2026-11-03,Hands,Truck,12.898776,74.871106,Medium,Social Engineering,Under Investigation
3763,FIR/2022/003763,3,10,7,100596,515679,522461,2023-09-06,Stick,Auto,12.93421,77.60173,Critical,Knife Attack,Under Investigation
3764,FIR/2023/003764,1,4,19,101479,515679,517504,2026-11-29,Iron Rod,Auto,12.919983,74.827464,High,Forced Entry,Under Investigation
3765,FIR/2025/003765,3,8,12,101034,500091,524266,2022-01-27,Hands,Auto,12.321894,76.654392,Critical,Knife Attack,Under Investigation
3766,FIR/2025/003766,12,38,20,101577,504647,501810,2024-01-02,Iron Rod,Auto,12.918228,74.84573,Critical,Duplicate Key,Charge Sheet Filed
3767,FIR/2026/003767,9,30,7,100613,502317,516563,2024-12-20,Pistol,None,12.948864,77.653217,Critical,Fake Identity,Pending Trial
3768,FIR/2024/003768,6,22,12,101030,505955,504953,2024-06-12,Hands,Van,12.33953,76.66465,Critical,Forced Entry,Closed
3769,FIR/2025/003769,6,19,6,100482,522162,513602,2026-09-03,Unknown,None,12.972716,77.600653,High,Knife Attack,Closed
3770,FIR/2024/003770,8,26,12,100975,518107,523043,2024-04-27,Unknown,Van,12.301648,76.648687,High,Duplicate Key,Under Investigation
3771,FIR/2023/003771,3,8,7,100576,502815,518318,2023-02-22,Iron Rod,Truck,12.922292,77.630906,Critical,Social Engineering,Under Investigation
3772,FIR/2022/003772,3,8,13,101066,514488,507374,2025-10-09,Hands,Truck,12.303814,76.686904,High,Knife Attack,Pending Trial
3773,FIR/2025/003773,6,19,17,101380,512729,522115,2024-09-08,Stick,Scooter,12.923276,74.835516,High,Physical Assault,Under Investigation
3774,FIR/2026/003774,8,28,11,100887,508414,516953,2022-03-01,Pistol,Car,12.319035,76.609849,Medium,Physical Assault,Under Investigation
3775,FIR/2026/003775,10,33,12,101019,506827,521181,2025-10-26,Iron Rod,Motorcycle,12.318032,76.679971,Medium,Social Engineering,Charge Sheet Filed
3776,FIR/2023/003776,3,10,12,101003,501077,510586,2026-12-07,Pistol,Motorcycle,12.325497,76.680912,Medium,Poisoning,Pending Trial
3777,FIR/2025/003777,7,23,17,101375,509534,501800,2026-04-01,Knife,Scooter,12.932701,74.880433,Low,Knife Attack,Pending Trial
3778,FIR/2024/003778,6,19,3,100223,508276,507873,2026-06-09,Iron Rod,Van,12.975082,77.592846,Low,Poisoning,Pending Trial
3779,FIR/2024/003779,2,6,17,101373,523914,510328,2024-12-28,Iron Rod,Van,12.880236,74.843635,High,Forced Entry,Closed
3780,FIR/2026/003780,6,18,9,100769,502499,521502,2025-11-17,Stick,None,12.970303,77.556863,High,Physical Assault,Closed
3781,FIR/2024/003781,9,31,9,100728,518414,519229,2025-11-29,Stick,Car,12.999098,77.582492,Medium,Firearm,Closed
3782,FIR/2026/003782,12,40,19,101506,509701,509859,2022-04-02,Hands,Van,12.933676,74.829503,Low,Fake Identity,Closed
3783,FIR/2026/003783,3,8,14,101137,506153,522680,2026-05-25,Hands,None,12.269064,76.651266,Critical,Firearm,Closed
3784,FIR/2026/003784,12,38,18,101464,510048,505827,2024-12-24,Hands,Van,12.94525,74.850499,Critical,Poisoning,Charge Sheet Filed
3785,FIR/2023/003785,5,16,20,101564,520002,519714,2026-08-27,Pistol,Van,12.930469,74.890594,Critical,Forced Entry,Under Investigation
3786,FIR/2022/003786,9,29,3,100193,516662,523419,2026-05-05,Hands,None,12.968992,77.587362,Medium,Poisoning,Under Investigation
3787,FIR/2024/003787,3,9,11,100945,511783,518209,2025-07-08,Crowbar,Car,12.340665,76.596133,Medium,Knife Attack,Under Investigation
3788,FIR/2025/003788,5,17,6,100518,511249,503655,2024-07-19,Knife,Truck,12.975362,77.60852,High,Forced Entry,Pending Trial
3789,FIR/2022/003789,4,11,17,101390,513747,517125,2026-06-09,Knife,Auto,12.934621,74.876668,Medium,Knife Attack,Charge Sheet Filed
3790,FIR/2026/003790,11,37,12,101000,523983,507972,2023-09-27,Hands,None,12.327667,76.700194,Medium,Physical Assault,Charge Sheet Filed
3791,FIR/2025/003791,2,7,19,101480,503361,519821,2025-05-23,Knife,Scooter,12.909389,74.821788,Critical,Online Scam,Charge Sheet Filed
3792,FIR/2024/003792,5,16,4,100288,512640,517181,2025-12-01,Iron Rod,Motorcycle,12.988604,77.598897,Medium,Poisoning,Closed
3793,FIR/2023/003793,6,18,2,100136,510462,518018,2024-04-03,Stick,Auto,12.971037,77.585904,Low,Firearm,Pending Trial
3794,FIR/2026/003794,8,27,6,100482,503107,510988,2026-05-27,Stick,Motorcycle,13.019013,77.589312,Low,Poisoning,Charge Sheet Filed
3795,FIR/2025/003795,9,30,16,101324,517209,501772,2026-02-13,Hands,Van,12.963593,74.89782,High,Fake Identity,Pending Trial
3796,FIR/2023/003796,9,29,12,101037,501467,504684,2023-12-22,Knife,Car,12.292322,76.693501,Medium,Social Engineering,Pending Trial
3797,FIR/2025/003797,6,22,12,100992,503345,509265,2025-05-15,Unknown,Van,12.286085,76.642204,Low,Fake Identity,Closed
3798,FIR/2022/003798,7,25,18,101452,513496,523120,2026-06-24,Unknown,Van,12.958061,74.863037,Critical,Firearm,Charge Sheet Filed
3799,FIR/2023/003799,1,1,7,100560,507131,519520,2026-07-05,Knife,Van,12.90547,77.598133,Critical,Knife Attack,Charge Sheet Filed
3800,FIR/2026/003800,6,20,16,101288,505013,502865,2025-02-02,Knife,Auto,12.972951,74.855304,Critical,ATM Skimming,Charge Sheet Filed
3801,FIR/2023/003801,1,2,12,100991,524716,505804,2022-04-28,Knife,Car,12.30767,76.642685,Low,Forced Entry,Closed
3802,FIR/2024/003802,12,39,15,101236,510415,516823,2024-07-18,Unknown,Auto,12.280859,76.638136,Critical,Physical Assault,Pending Trial
3803,FIR/2026/003803,8,28,16,101320,504776,523529,2022-05-17,Crowbar,Truck,12.961654,74.877369,Medium,Knife Attack,Closed
3804,FIR/2024/003804,1,3,18,101436,505901,518245,2025-07-23,Iron Rod,Auto,12.955167,74.853691,Medium,Duplicate Key,Pending Trial
3805,FIR/2024/003805,6,18,9,100767,515857,516381,2024-06-29,Unknown,Van,12.977961,77.546628,Critical,Firearm,Charge Sheet Filed
3806,FIR/2023/003806,10,32,4,100326,519585,509582,2026-08-04,Stick,Truck,13.008228,77.608615,High,Forced Entry,Under Investigation
3807,FIR/2022/003807,11,35,10,100803,509424,518374,2025-05-14,Iron Rod,Truck,12.973377,77.608454,High,Social Engineering,Closed
3808,FIR/2023/003808,4,11,9,100720,508101,522110,2022-06-14,Hands,Scooter,13.023605,77.54629,Critical,Firearm,Charge Sheet Filed
3809,FIR/2023/003809,6,19,2,100125,506329,507899,2025-01-13,Hands,Motorcycle,12.946367,77.61695,High,Firearm,Charge Sheet Filed
3810,FIR/2022/003810,10,32,14,101172,521209,509283,2025-12-08,Iron Rod,Truck,12.285372,76.646663,Critical,Vehicle Lock Break,Pending Trial
3811,FIR/2024/003811,5,17,12,101038,510015,501046,2024-10-09,Pistol,None,12.288152,76.642427,Critical,Social Engineering,Closed
3812,FIR/2026/003812,9,31,15,101204,511260,515493,2023-11-29,Hands,Truck,12.273625,76.592784,High,Social Engineering,Closed
3813,FIR/2026/003813,10,34,7,100573,506555,513012,2025-09-27,Unknown,Van,12.932583,77.612761,Critical,Social Engineering,Closed
3814,FIR/2026/003814,7,25,3,100239,520691,519374,2023-03-16,Pistol,Truck,12.961822,77.588688,High,Duplicate Key,Pending Trial
3815,FIR/2023/003815,4,13,9,100743,505681,500820,2023-09-22,Crowbar,Motorcycle,12.978625,77.558039,High,Duplicate Key,Pending Trial
3816,FIR/2024/003816,5,14,8,100694,523136,513488,2022-01-12,Unknown,Truck,12.980055,77.61005,Critical,Duplicate Key,Under Investigation
3817,FIR/2022/003817,7,23,17,101355,509960,504251,2022-07-16,Hands,Auto,12.930108,74.83767,Low,Forced Entry,Under Investigation
3818,FIR/2023/003818,9,30,4,100287,505071,512791,2023-08-13,Pistol,Motorcycle,13.009725,77.599875,Medium,Poisoning,Closed
3819,FIR/2023/003819,5,14,9,100747,517683,508719,2023-02-21,Crowbar,None,13.016896,77.546492,Medium,Knife Attack,Charge Sheet Filed
3820,FIR/2023/003820,10,33,14,101139,516631,513470,2026-03-01,Stick,Motorcycle,12.252787,76.645876,Critical,Online Scam,Charge Sheet Filed
3821,FIR/2022/003821,3,8,6,100520,512203,508115,2022-09-13,Crowbar,Van,12.961499,77.620265,Medium,Knife Attack,Pending Trial
3822,FIR/2024/003822,6,19,6,100427,509169,514954,2022-08-04,Crowbar,Scooter,12.987464,77.572975,High,Firearm,Under Investigation
3823,FIR/2024/003823,5,15,18,101432,501149,501991,2022-07-15,Unknown,Truck,12.932179,74.884344,Critical,Fake Identity,Closed
3824,FIR/2026/003824,12,40,2,100156,517299,518445,2024-04-08,Unknown,Auto,12.980865,77.602767,Critical,Knife Attack,Under Investigation
3825,FIR/2022/003825,4,11,14,101143,520476,524683,2025-12-30,Pistol,Motorcycle,12.257659,76.642696,Medium,Knife Attack,Closed
3826,FIR/2022/003826,10,33,2,100140,505237,521873,2022-05-01,Unknown,None,12.955506,77.611102,Low,Firearm,Under Investigation
3827,FIR/2025/003827,7,25,5,100381,504471,500261,2026-11-10,Stick,Van,12.912556,77.543271,Low,Online Scam,Under Investigation
3828,FIR/2026/003828,2,7,14,101125,502022,513747,2024-10-12,Knife,Car,12.286455,76.660816,Critical,Social Engineering,Charge Sheet Filed
3829,FIR/2024/003829,5,14,1,100056,508317,523934,2025-10-15,Hands,None,12.952,77.566825,High,Social Engineering,Pending Trial
3830,FIR/2022/003830,5,17,11,100950,507055,509380,2025-04-22,Unknown,None,12.325216,76.624326,High,Forced Entry,Under Investigation
3831,FIR/2023/003831,1,1,12,100971,524380,520569,2024-06-17,Hands,Car,12.307623,76.684175,High,Poisoning,Pending Trial
3832,FIR/2023/003832,7,25,12,101035,522562,501881,2022-12-18,Stick,Scooter,12.340697,76.697796,Medium,Fake Identity,Charge Sheet Filed
3833,FIR/2024/003833,11,35,12,100986,502008,518718,2023-07-18,Pistol,Motorcycle,12.338482,76.670574,Critical,Online Scam,Closed
3834,FIR/2025/003834,4,12,11,100953,518471,513162,2026-09-14,Unknown,Motorcycle,12.308769,76.588841,Critical,Poisoning,Pending Trial
3835,FIR/2026/003835,11,35,20,101574,505676,522286,2026-08-04,Knife,Auto,12.929339,74.83704,Medium,Forced Entry,Charge Sheet Filed
3836,FIR/2024/003836,6,21,8,100668,507426,519547,2025-06-30,Hands,Scooter,12.987823,77.61793,Medium,Firearm,Pending Trial
3837,FIR/2022/003837,2,7,5,100361,519959,516275,2022-09-21,Stick,Scooter,12.931581,77.573912,Low,ATM Skimming,Pending Trial
3838,FIR/2022/003838,1,3,15,101208,518714,511261,2025-06-09,Hands,Auto,12.261867,76.583632,Critical,Firearm,Pending Trial
3839,FIR/2026/003839,7,25,15,101183,512240,505702,2026-07-18,Unknown,Truck,12.315516,76.599957,Critical,Poisoning,Under Investigation
3840,FIR/2024/003840,2,7,12,101014,522442,522375,2022-01-12,Stick,Scooter,12.30425,76.679259,High,Forced Entry,Closed
3841,FIR/2023/003841,10,34,19,101479,503200,518074,2022-02-06,Knife,Scooter,12.949219,74.807256,High,Physical Assault,Pending Trial
3842,FIR/2023/003842,7,24,12,101044,510493,510723,2025-12-09,Hands,Scooter,12.316285,76.647729,Medium,Knife Attack,Pending Trial
3843,FIR/2026/003843,8,26,19,101515,519364,519070,2023-04-21,Iron Rod,Auto,12.950836,74.805741,Medium,Online Scam,Closed
3844,FIR/2024/003844,1,4,5,100345,520744,521256,2024-02-02,Knife,Van,12.953095,77.587514,Medium,Fake Identity,Pending Trial
3845,FIR/2022/003845,7,25,4,100306,503930,522335,2023-05-14,Crowbar,Truck,12.997514,77.61783,Critical,ATM Skimming,Pending Trial
3846,FIR/2023/003846,5,14,18,101414,500806,509179,2023-04-12,Hands,Van,12.939626,74.841772,Medium,Knife Attack,Under Investigation
3847,FIR/2025/003847,8,28,20,101590,505547,510551,2023-05-10,Stick,None,12.918238,74.85651,High,Physical Assault,Charge Sheet Filed
3848,FIR/2024/003848,4,12,17,101356,519737,507247,2025-03-15,Knife,Motorcycle,12.900515,74.828822,High,Knife Attack,Charge Sheet Filed
3849,FIR/2022/003849,1,1,10,100818,521436,519260,2024-11-08,Hands,Auto,12.975511,77.602433,Low,Poisoning,Charge Sheet Filed
3850,FIR/2024/003850,11,36,1,100056,504575,519265,2024-04-11,Unknown,Van,12.952688,77.56943,High,Duplicate Key,Charge Sheet Filed
3851,FIR/2023/003851,4,11,20,101609,515777,512639,2025-08-14,Crowbar,None,12.900365,74.840965,Critical,Forced Entry,Charge Sheet Filed
3852,FIR/2024/003852,8,27,11,100933,523671,506394,2026-06-06,Hands,Van,12.311192,76.616786,Low,Online Scam,Pending Trial
3853,FIR/2022/003853,11,35,16,101264,504408,510932,2022-08-27,Iron Rod,Van,12.933633,74.846933,Critical,Poisoning,Closed
3854,FIR/2025/003854,9,30,4,100310,521098,520530,2026-08-22,Pistol,Scooter,12.996671,77.627018,Medium,Fake Identity,Charge Sheet Filed
3855,FIR/2025/003855,4,12,1,100062,516235,505906,2025-10-20,Crowbar,Auto,13.00642,77.562224,Critical,Knife Attack,Under Investigation
3856,FIR/2022/003856,6,20,17,101398,517592,506683,2025-08-08,Pistol,Scooter,12.886556,74.8362,Medium,Knife Attack,Under Investigation
3857,FIR/2026/003857,1,3,1,100075,516099,511130,2026-10-31,Stick,Auto,12.965598,77.588502,Critical,Forced Entry,Pending Trial
3858,FIR/2022/003858,2,5,15,101206,510594,516248,2025-03-13,Crowbar,Motorcycle,12.264885,76.606677,High,Poisoning,Closed
3859,FIR/2024/003859,3,10,3,100190,521135,515147,2025-06-20,Hands,None,12.997292,77.598589,Low,Firearm,Charge Sheet Filed
3860,FIR/2026/003860,7,25,13,101058,519007,516093,2022-02-06,Iron Rod,Scooter,12.328183,76.657822,Low,Vehicle Lock Break,Pending Trial
3861,FIR/2022/003861,3,8,15,101224,508016,503509,2024-10-21,Stick,Motorcycle,12.274241,76.63733,High,Forced Entry,Charge Sheet Filed
3862,FIR/2024/003862,2,6,1,100036,515623,519833,2025-02-26,Iron Rod,Car,12.972297,77.570064,Critical,Duplicate Key,Charge Sheet Filed
3863,FIR/2023/003863,12,40,15,101197,507114,510487,2023-05-30,Knife,Auto,12.301615,76.636705,Medium,ATM Skimming,Charge Sheet Filed
3864,FIR/2025/003864,8,27,3,100202,515311,505262,2026-01-04,Unknown,Truck,12.966849,77.571175,High,ATM Skimming,Closed
3865,FIR/2026/003865,7,23,10,100847,501947,518601,2024-01-21,Hands,Van,12.96698,77.588162,Critical,Vehicle Lock Break,Pending Trial
3866,FIR/2026/003866,2,5,6,100529,520150,520210,2022-08-10,Hands,Truck,12.973645,77.592874,Low,Knife Attack,Pending Trial
3867,FIR/2024/003867,3,10,2,100102,517703,524036,2023-06-13,Iron Rod,None,12.956631,77.614237,Medium,Knife Attack,Closed
3868,FIR/2022/003868,10,34,7,100541,517087,518546,2024-01-13,Hands,Truck,12.957397,77.62856,Medium,Duplicate Key,Pending Trial
3869,FIR/2024/003869,8,26,9,100769,503487,510279,2026-06-07,Unknown,Motorcycle,13.023541,77.541531,Medium,Social Engineering,Pending Trial
3870,FIR/2026/003870,8,26,15,101186,507906,506591,2024-10-16,Pistol,Auto,12.321428,76.630194,Low,Knife Attack,Charge Sheet Filed
3871,FIR/2025/003871,10,33,7,100612,514249,510026,2022-06-11,Pistol,Truck,12.942257,77.608116,Low,Knife Attack,Pending Trial
3872,FIR/2024/003872,5,16,2,100113,521726,508400,2024-03-30,Stick,None,12.951939,77.616517,Medium,Fake Identity,Pending Trial
3873,FIR/2022/003873,10,32,8,100667,515838,522238,2024-07-22,Iron Rod,Truck,13.005176,77.589427,Critical,ATM Skimming,Under Investigation
3874,FIR/2024/003874,9,30,14,101172,510331,510801,2023-10-16,Hands,Van,12.251524,76.689304,Critical,Firearm,Under Investigation
3875,FIR/2022/003875,9,31,17,101373,518787,504524,2023-02-04,Pistol,None,12.882482,74.822853,Low,Social Engineering,Under Investigation
3876,FIR/2025/003876,4,12,2,100153,524710,508153,2023-05-23,Hands,Auto,12.963904,77.588979,Low,Forced Entry,Closed
3877,FIR/2025/003877,6,21,14,101122,505172,512319,2024-05-18,Pistol,Scooter,12.254838,76.680884,Low,ATM Skimming,Charge Sheet Filed
3878,FIR/2023/003878,5,14,20,101611,520580,520543,2022-02-12,Unknown,None,12.908448,74.887134,Medium,Social Engineering,Pending Trial
3879,FIR/2026/003879,6,18,12,101023,500798,523476,2022-11-21,Stick,Scooter,12.339751,76.646368,High,ATM Skimming,Pending Trial
3880,FIR/2022/003880,4,11,2,100120,502478,503662,2024-08-27,Knife,Motorcycle,12.973042,77.614156,High,Vehicle Lock Break,Under Investigation
3881,FIR/2024/003881,5,16,18,101414,521130,512424,2023-11-21,Crowbar,None,12.955876,74.882592,High,Firearm,Under Investigation
3882,FIR/2026/003882,12,40,18,101414,505731,512367,2023-04-11,Knife,Motorcycle,12.966855,74.876988,Critical,Fake Identity,Pending Trial
3883,FIR/2026/003883,11,37,1,100004,505269,514297,2022-08-16,Unknown,Truck,12.988134,77.590931,Medium,Poisoning,Under Investigation
3884,FIR/2023/003884,6,18,4,100258,510512,519586,2024-12-19,Unknown,Motorcycle,12.957063,77.640583,Low,Physical Assault,Under Investigation
3885,FIR/2023/003885,8,27,5,100396,504280,513275,2025-08-04,Pistol,Auto,12.947494,77.592089,High,ATM Skimming,Under Investigation
3886,FIR/2022/003886,10,34,18,101464,500608,511884,2023-07-12,Pistol,Scooter,12.911798,74.880055,High,Poisoning,Closed
3887,FIR/2026/003887,7,23,9,100763,505149,516603,2023-01-01,Stick,Car,12.972514,77.556187,High,Duplicate Key,Under Investigation
3888,FIR/2025/003888,3,8,8,100621,509167,520815,2022-03-30,Stick,Van,12.971524,77.611633,Medium,Social Engineering,Closed
3889,FIR/2022/003889,5,17,1,100058,522905,522384,2023-12-10,Knife,Truck,13.001225,77.568038,High,Vehicle Lock Break,Closed
3890,FIR/2026/003890,8,26,13,101104,513643,503446,2025-03-13,Iron Rod,Motorcycle,12.300214,76.68842,Critical,Knife Attack,Under Investigation
3891,FIR/2023/003891,10,32,10,100834,517257,505366,2026-01-18,Unknown,Motorcycle,12.959395,77.616917,Medium,Social Engineering,Charge Sheet Filed
3892,FIR/2022/003892,8,28,6,100519,505603,513599,2026-12-13,Pistol,Truck,13.018167,77.600498,Low,Physical Assault,Charge Sheet Filed
3893,FIR/2024/003893,9,31,18,101418,524444,505440,2024-02-01,Unknown,None,12.913671,74.859298,High,Online Scam,Charge Sheet Filed
3894,FIR/2022/003894,1,4,1,100075,521952,524268,2023-07-23,Stick,Car,12.998232,77.590784,Low,Forced Entry,Closed
3895,FIR/2023/003895,4,11,5,100356,516152,515424,2025-10-10,Iron Rod,Car,12.955124,77.551256,High,Online Scam,Closed
3896,FIR/2026/003896,4,11,2,100121,505275,511290,2022-01-27,Stick,Truck,12.924554,77.626901,Medium,Duplicate Key,Pending Trial
3897,FIR/2023/003897,5,16,6,100481,512468,506592,2025-02-20,Stick,None,13.013931,77.584906,Medium,Forced Entry,Pending Trial
3898,FIR/2025/003898,2,6,9,100735,512631,504693,2026-09-11,Crowbar,Auto,12.999817,77.537096,Low,ATM Skimming,Closed
3899,FIR/2022/003899,4,13,20,101565,522702,512089,2025-12-27,Crowbar,None,12.893686,74.839248,Medium,Firearm,Charge Sheet Filed
3900,FIR/2025/003900,1,2,20,101566,524970,502272,2024-03-15,Stick,Truck,12.901367,74.89252,Low,Knife Attack,Under Investigation
3901,FIR/2025/003901,3,8,6,100497,517902,519000,2024-09-08,Knife,Scooter,13.020336,77.620758,High,Firearm,Pending Trial
3902,FIR/2022/003902,12,40,18,101428,515093,502642,2022-12-12,Pistol,Truck,12.957246,74.879828,Low,Poisoning,Charge Sheet Filed
3903,FIR/2025/003903,6,19,7,100588,501207,513265,2026-01-05,Iron Rod,Van,12.957051,77.644542,High,Fake Identity,Under Investigation
3904,FIR/2025/003904,2,6,8,100660,511290,519099,2024-01-15,Pistol,Van,12.999719,77.600701,High,Duplicate Key,Pending Trial
3905,FIR/2024/003905,10,33,5,100379,524082,508622,2026-12-08,Pistol,Auto,12.911604,77.580328,Critical,Online Scam,Under Investigation
3906,FIR/2026/003906,7,23,19,101482,519227,522443,2023-03-07,Stick,None,12.943549,74.841064,Low,Firearm,Charge Sheet Filed
3907,FIR/2023/003907,11,35,13,101068,521087,504991,2026-04-02,Stick,Truck,12.331739,76.697777,Low,Duplicate Key,Closed
3908,FIR/2024/003908,12,38,14,101135,517584,501171,2023-05-27,Pistol,None,12.282587,76.676673,Medium,Firearm,Under Investigation
3909,FIR/2026/003909,7,23,8,100633,519395,503907,2022-06-22,Unknown,Scooter,12.980629,77.585411,Medium,Duplicate Key,Pending Trial
3910,FIR/2024/003910,9,31,13,101106,524463,524296,2023-08-26,Unknown,Scooter,12.284389,76.663444,Critical,Poisoning,Under Investigation
3911,FIR/2024/003911,2,6,16,101333,507693,518054,2023-08-31,Stick,Motorcycle,12.920313,74.87641,High,Vehicle Lock Break,Under Investigation
3912,FIR/2026/003912,7,25,18,101437,500983,505935,2024-05-04,Iron Rod,Scooter,12.926016,74.835803,Critical,Knife Attack,Pending Trial
3913,FIR/2022/003913,1,1,18,101441,520551,504522,2025-05-20,Iron Rod,Van,12.926955,74.852086,High,Knife Attack,Under Investigation
3914,FIR/2022/003914,4,11,3,100172,509097,521174,2022-05-25,Unknown,Car,12.947908,77.613811,Low,Physical Assault,Closed
3915,FIR/2024/003915,11,36,1,100045,506757,511052,2022-03-19,Iron Rod,Motorcycle,12.966888,77.570477,High,Poisoning,Closed
3916,FIR/2022/003916,1,3,10,100877,506082,506948,2025-10-05,Crowbar,Car,12.935521,77.570553,High,Duplicate Key,Charge Sheet Filed
3917,FIR/2022/003917,2,6,3,100212,519560,501595,2023-03-23,Pistol,Auto,12.976809,77.579391,Critical,ATM Skimming,Under Investigation
3918,FIR/2026/003918,11,36,7,100563,504584,522497,2023-10-23,Hands,None,12.959129,77.650483,Low,Poisoning,Charge Sheet Filed
3919,FIR/2023/003919,9,30,15,101231,518034,501583,2025-03-19,Iron Rod,Van,12.270708,76.60145,Low,ATM Skimming,Charge Sheet Filed
3920,FIR/2025/003920,1,4,4,100258,515338,513182,2026-01-25,Unknown,Scooter,12.955951,77.63039,Critical,Firearm,Pending Trial
3921,FIR/2025/003921,11,37,12,101040,524400,501242,2023-02-13,Crowbar,None,12.318381,76.680866,Medium,Forced Entry,Under Investigation
3922,FIR/2025/003922,6,20,8,100690,518728,518850,2025-08-30,Stick,Motorcycle,12.958607,77.569332,Critical,Social Engineering,Under Investigation
3923,FIR/2026/003923,1,2,18,101431,515951,519739,2023-11-07,Pistol,Auto,12.911934,74.84846,Low,Online Scam,Pending Trial
3924,FIR/2026/003924,6,18,4,100310,508271,500936,2026-07-15,Crowbar,Van,12.991688,77.630455,Low,Fake Identity,Closed
3925,FIR/2025/003925,1,4,10,100784,521904,508503,2023-10-01,Hands,Motorcycle,12.980927,77.58943,Medium,Physical Assault,Closed
3926,FIR/2025/003926,1,2,13,101085,501831,515021,2022-11-25,Crowbar,Truck,12.326728,76.705597,High,Social Engineering,Pending Trial
3927,FIR/2026/003927,12,38,7,100593,504842,513705,2026-08-02,Knife,Scooter,12.921834,77.644513,Medium,Forced Entry,Charge Sheet Filed
3928,FIR/2023/003928,2,7,8,100625,501026,522544,2022-07-10,Crowbar,Van,12.982775,77.60539,Low,Duplicate Key,Closed
3929,FIR/2024/003929,9,31,6,100456,505312,508586,2025-08-13,Knife,None,12.979479,77.577303,Medium,Poisoning,Pending Trial
3930,FIR/2022/003930,4,11,14,101143,502348,511685,2024-08-27,Crowbar,Auto,12.264662,76.650784,Medium,Poisoning,Under Investigation
3931,FIR/2023/003931,12,38,9,100736,511661,503636,2025-09-15,Crowbar,Motorcycle,12.968088,77.59004,Low,Physical Assault,Closed
3932,FIR/2022/003932,7,24,1,100009,520141,501469,2026-09-17,Stick,Truck,12.974505,77.544334,High,Firearm,Under Investigation
3933,FIR/2025/003933,11,37,3,100172,520807,512279,2024-12-26,Hands,Scooter,12.975199,77.571825,Medium,Physical Assault,Under Investigation
3934,FIR/2023/003934,1,1,2,100150,511948,519281,2025-12-22,Crowbar,Truck,12.945986,77.619841,Low,ATM Skimming,Closed
3935,FIR/2024/003935,8,26,1,100008,508345,515425,2022-12-08,Hands,Truck,12.994562,77.569483,Low,ATM Skimming,Under Investigation
3936,FIR/2025/003936,12,40,2,100138,516866,505600,2024-12-22,Stick,Scooter,12.948241,77.614782,Medium,Knife Attack,Closed
3937,FIR/2022/003937,11,36,9,100753,514968,521811,2025-08-23,Hands,Car,12.990042,77.540686,Low,Forced Entry,Pending Trial
3938,FIR/2026/003938,11,37,6,100427,511694,523703,2024-11-10,Knife,Motorcycle,12.998006,77.594221,Critical,Forced Entry,Charge Sheet Filed
3939,FIR/2026/003939,5,15,15,101196,518309,516087,2022-10-05,Stick,Auto,12.307666,76.641038,Critical,ATM Skimming,Closed
3940,FIR/2022/003940,7,24,5,100396,509149,507970,2022-03-22,Crowbar,None,12.937787,77.582854,High,Social Engineering,Closed
3941,FIR/2022/003941,12,39,15,101237,521342,511795,2022-04-30,Pistol,Truck,12.270164,76.62203,High,ATM Skimming,Under Investigation
3942,FIR/2022/003942,9,29,18,101427,518122,509406,2023-07-29,Hands,Scooter,12.942979,74.857645,High,Fake Identity,Charge Sheet Filed
3943,FIR/2023/003943,3,9,4,100338,511396,524897,2022-12-05,Unknown,Van,12.968595,77.622363,Low,Knife Attack,Charge Sheet Filed
3944,FIR/2022/003944,2,7,14,101119,519608,508009,2023-12-16,Unknown,Scooter,12.271197,76.663269,Low,Fake Identity,Pending Trial
3945,FIR/2025/003945,1,3,15,101209,515732,502853,2023-08-09,Knife,None,12.276472,76.615028,Low,Poisoning,Pending Trial
3946,FIR/2023/003946,5,16,20,101601,524158,520278,2026-12-17,Crowbar,Scooter,12.900534,74.853072,Low,Knife Attack,Charge Sheet Filed
3947,FIR/2023/003947,9,30,18,101407,521714,513301,2024-11-07,Iron Rod,Truck,12.948987,74.859958,Critical,Poisoning,Pending Trial
3948,FIR/2023/003948,5,14,12,101024,520884,512486,2025-09-05,Iron Rod,None,12.289171,76.653937,Critical,Firearm,Closed
3949,FIR/2026/003949,4,11,3,100231,509384,509350,2022-12-10,Knife,Truck,12.951279,77.605267,Medium,Vehicle Lock Break,Pending Trial
3950,FIR/2022/003950,10,33,2,100124,501590,513762,2026-04-08,Pistol,Auto,12.952293,77.619723,High,Fake Identity,Under Investigation
3951,FIR/2022/003951,12,40,18,101407,511853,506077,2024-04-13,Iron Rod,Truck,12.913653,74.831847,High,Poisoning,Pending Trial
3952,FIR/2023/003952,5,17,11,100946,507593,505576,2026-09-07,Knife,None,12.310081,76.609386,Low,Physical Assault,Under Investigation
3953,FIR/2023/003953,3,9,20,101583,509774,523861,2024-04-24,Pistol,Van,12.894085,74.854879,High,Vehicle Lock Break,Charge Sheet Filed
3954,FIR/2026/003954,1,1,15,101209,509455,511245,2026-02-17,Iron Rod,Scooter,12.293649,76.624301,Critical,ATM Skimming,Charge Sheet Filed
3955,FIR/2025/003955,6,19,11,100945,523787,500852,2026-09-05,Iron Rod,Van,12.325573,76.621923,Critical,Vehicle Lock Break,Charge Sheet Filed
3956,FIR/2022/003956,5,17,7,100606,520664,515935,2026-09-08,Unknown,Car,12.953463,77.628245,High,Vehicle Lock Break,Closed
3957,FIR/2025/003957,5,15,10,100874,516304,509898,2024-02-26,Iron Rod,Truck,12.983652,77.609775,Low,Poisoning,Pending Trial
3958,FIR/2022/003958,10,33,16,101326,518099,504101,2024-10-25,Unknown,None,12.945732,74.900956,Low,Social Engineering,Under Investigation
3959,FIR/2024/003959,9,30,2,100098,500621,519998,2026-08-14,Pistol,Car,12.975366,77.594643,Low,Social Engineering,Charge Sheet Filed
3960,FIR/2023/003960,8,26,3,100232,519639,515402,2026-03-23,Iron Rod,Motorcycle,12.966519,77.59502,Low,Duplicate Key,Closed
3961,FIR/2026/003961,10,34,13,101060,512793,514006,2025-11-07,Stick,Auto,12.29662,76.655014,Medium,Poisoning,Closed
3962,FIR/2023/003962,6,18,2,100117,508695,520335,2023-11-14,Unknown,Scooter,12.958237,77.621432,High,Duplicate Key,Charge Sheet Filed
3963,FIR/2023/003963,4,12,11,100899,500938,521656,2022-04-28,Crowbar,Car,12.340997,76.579636,High,Poisoning,Charge Sheet Filed
3964,FIR/2022/003964,10,32,13,101057,512873,510118,2022-01-26,Knife,Car,12.306193,76.660298,Critical,Fake Identity,Under Investigation
3965,FIR/2024/003965,2,7,19,101469,500871,516467,2026-10-06,Crowbar,Van,12.946258,74.817046,Medium,Forced Entry,Closed
3966,FIR/2026/003966,11,36,14,101125,509643,515048,2023-11-09,Knife,Auto,12.284523,76.660857,Critical,Fake Identity,Under Investigation
3967,FIR/2026/003967,7,25,9,100735,510445,515334,2022-04-18,Unknown,Truck,13.000315,77.543901,Critical,Poisoning,Charge Sheet Filed
3968,FIR/2022/003968,6,18,13,101071,502684,506592,2023-05-09,Pistol,Auto,12.340006,76.697396,Critical,Online Scam,Under Investigation
3969,FIR/2025/003969,3,8,4,100299,508826,507248,2022-07-18,Hands,None,13.000742,77.613397,Low,Knife Attack,Pending Trial
3970,FIR/2022/003970,11,36,6,100443,510582,516627,2024-11-18,Hands,Auto,12.994207,77.578328,High,Vehicle Lock Break,Charge Sheet Filed
3971,FIR/2023/003971,9,29,9,100747,519697,512837,2025-07-16,Pistol,Van,12.981697,77.590537,Medium,Physical Assault,Under Investigation
3972,FIR/2022/003972,7,23,4,100262,512217,507872,2026-10-09,Unknown,Van,12.957963,77.641268,Critical,Physical Assault,Closed
3973,FIR/2023/003973,4,13,3,100248,508343,505862,2025-07-07,Crowbar,Car,12.996879,77.59152,Low,Forced Entry,Under Investigation
3974,FIR/2022/003974,1,2,4,100306,519185,501740,2023-06-07,Knife,Scooter,12.955788,77.602094,Medium,Online Scam,Pending Trial
3975,FIR/2022/003975,1,4,5,100403,511016,522785,2024-04-06,Hands,Auto,12.95477,77.577513,Medium,Poisoning,Charge Sheet Filed
3976,FIR/2023/003976,8,27,3,100229,506335,512118,2024-02-20,Unknown,Auto,12.974379,77.616889,Low,Duplicate Key,Under Investigation
3977,FIR/2022/003977,11,36,2,100158,502847,519788,2026-07-05,Iron Rod,Auto,12.973581,77.612913,Critical,Fake Identity,Charge Sheet Filed
3978,FIR/2022/003978,6,21,2,100153,504471,501533,2026-03-11,Iron Rod,Van,12.965848,77.611743,High,ATM Skimming,Pending Trial
3979,FIR/2025/003979,5,15,15,101203,524377,506078,2023-06-19,Stick,Car,12.292615,76.63442,Medium,Forced Entry,Under Investigation
3980,FIR/2022/003980,5,14,7,100577,522462,509007,2023-06-24,Stick,Van,12.933892,77.601983,Medium,Poisoning,Charge Sheet Filed
3981,FIR/2023/003981,9,31,4,100270,513575,500210,2022-07-12,Knife,Auto,12.985478,77.607815,Medium,Poisoning,Charge Sheet Filed
3982,FIR/2024/003982,10,32,8,100654,504323,521899,2022-01-26,Hands,Truck,12.973068,77.615066,Critical,ATM Skimming,Pending Trial
3983,FIR/2023/003983,10,32,19,101533,504354,523747,2024-03-04,Iron Rod,Motorcycle,12.959076,74.807673,Low,Fake Identity,Pending Trial
3984,FIR/2026/003984,5,17,7,100605,523274,504383,2024-09-25,Unknown,Truck,12.957199,77.633927,Critical,Social Engineering,Pending Trial
3985,FIR/2023/003985,8,28,5,100406,503466,502282,2024-02-12,Pistol,Scooter,12.967739,77.571928,Critical,Knife Attack,Under Investigation
3986,FIR/2025/003986,6,20,15,101187,522357,501964,2022-03-05,Pistol,None,12.290448,76.616331,Low,Poisoning,Closed
3987,FIR/2023/003987,9,31,19,101528,510227,503437,2023-12-11,Hands,None,12.912731,74.806521,High,Knife Attack,Closed
3988,FIR/2025/003988,1,2,8,100645,508771,513512,2025-10-07,Pistol,Auto,12.967811,77.587392,Low,Duplicate Key,Pending Trial
3989,FIR/2025/003989,10,32,18,101409,506205,520736,2024-03-27,Iron Rod,Motorcycle,12.96161,74.850558,Medium,Fake Identity,Under Investigation
3990,FIR/2024/003990,7,25,7,100579,519436,516804,2022-11-01,Unknown,Scooter,12.941715,77.612691,Medium,Forced Entry,Charge Sheet Filed
3991,FIR/2023/003991,10,34,14,101169,517934,519335,2024-06-23,Crowbar,None,12.257282,76.64787,Critical,Fake Identity,Pending Trial
3992,FIR/2025/003992,5,14,16,101289,516700,506070,2023-12-08,Pistol,Scooter,12.925897,74.848376,Low,Forced Entry,Pending Trial
3993,FIR/2025/003993,7,24,10,100810,512426,509129,2023-10-02,Stick,Truck,12.956044,77.586917,Low,Forced Entry,Pending Trial
3994,FIR/2026/003994,3,9,11,100921,507993,522077,2025-05-08,Iron Rod,Van,12.315005,76.622898,Medium,Social Engineering,Under Investigation
3995,FIR/2025/003995,8,27,15,101240,509903,508403,2024-11-14,Iron Rod,Van,12.27666,76.626452,Low,Knife Attack,Charge Sheet Filed
3996,FIR/2023/003996,11,35,18,101460,517553,524667,2025-02-15,Pistol,None,12.93852,74.861607,Medium,Knife Attack,Pending Trial
3997,FIR/2024/003997,1,3,10,100791,523370,522327,2023-06-10,Unknown,None,12.957916,77.598226,High,Physical Assault,Charge Sheet Filed
3998,FIR/2026/003998,7,24,1,100043,512468,521757,2025-09-09,Iron Rod,Scooter,12.962393,77.53665,High,Firearm,Under Investigation
3999,FIR/2026/003999,11,36,4,100307,501126,515071,2026-05-18,Knife,Auto,12.964288,77.597396,Medium,ATM Skimming,Closed
4000,FIR/2024/004000,12,38,14,101124,508543,522702,2024-02-12,Hands,None,12.274281,76.667809,High,Physical Assault,Closed
4001,FIR/2024/004001,8,28,15,101218,502879,504907,2023-05-06,Iron Rod,Scooter,12.308355,76.624409,Critical,ATM Skimming,Pending Trial
4002,FIR/2024/004002,10,33,4,100313,514014,506014,2022-12-17,Crowbar,Van,12.998376,77.656507,Critical,Online Scam,Pending Trial
4003,FIR/2025/004003,1,3,7,100608,514370,521453,2025-08-30,Crowbar,Motorcycle,12.917718,77.641698,Low,Physical Assault,Closed
4004,FIR/2024/004004,2,7,20,101612,505114,514641,2022-04-23,Hands,None,12.889,74.86296,Low,Forced Entry,Under Investigation
4005,FIR/2022/004005,10,32,4,100280,524566,518903,2023-09-06,Hands,Car,12.987245,77.616869,Medium,Duplicate Key,Charge Sheet Filed
4006,FIR/2025/004006,9,31,13,101089,503329,520085,2026-07-13,Pistol,None,12.326591,76.702304,High,Knife Attack,Charge Sheet Filed
4007,FIR/2022/004007,9,31,17,101357,522111,510975,2026-04-03,Unknown,Truck,12.88697,74.878409,High,ATM Skimming,Closed
4008,FIR/2025/004008,4,12,9,100744,521954,517081,2025-01-15,Unknown,Scooter,13.009494,77.549006,Low,Fake Identity,Closed
4009,FIR/2026/004009,6,19,12,100964,519836,507963,2025-09-18,Knife,Truck,12.302074,76.699798,Low,Firearm,Under Investigation
4010,FIR/2025/004010,5,15,4,100295,500392,502205,2023-12-05,Unknown,Auto,12.981976,77.597465,Low,Social Engineering,Pending Trial
4011,FIR/2026/004011,3,10,19,101508,510271,509380,2023-06-12,Pistol,Truck,12.929154,74.822923,Medium,Vehicle Lock Break,Under Investigation
4012,FIR/2025/004012,1,1,4,100302,509989,523857,2022-07-10,Knife,Truck,12.983063,77.63302,Medium,Vehicle Lock Break,Closed
4013,FIR/2025/004013,10,34,12,101023,515797,520544,2024-04-29,Knife,Car,12.301295,76.669664,Low,Vehicle Lock Break,Pending Trial
4014,FIR/2025/004014,7,23,4,100314,503948,522956,2026-03-30,Pistol,Motorcycle,13.005363,77.604795,Low,Vehicle Lock Break,Under Investigation
4015,FIR/2022/004015,10,34,16,101280,513193,502191,2023-10-17,Hands,Van,12.920061,74.870271,Medium,Forced Entry,Charge Sheet Filed
4016,FIR/2022/004016,2,5,3,100187,500016,501592,2023-01-13,Stick,Auto,13.00137,77.608124,High,Physical Assault,Under Investigation
4017,FIR/2023/004017,10,34,2,100155,524356,512145,2025-07-03,Unknown,None,12.9696,77.598683,Critical,Social Engineering,Under Investigation
4018,FIR/2024/004018,2,5,9,100746,505421,520464,2023-11-19,Stick,None,12.976191,77.579149,Critical,Vehicle Lock Break,Charge Sheet Filed
4019,FIR/2024/004019,6,20,6,100478,522531,508471,2025-10-08,Unknown,Van,13.018858,77.616921,Medium,Forced Entry,Under Investigation
4020,FIR/2023/004020,5,15,13,101107,512138,503425,2023-05-21,Hands,Van,12.282219,76.687194,Medium,Duplicate Key,Closed
4021,FIR/2025/004021,1,3,1,100024,518341,512398,2023-10-20,Hands,Motorcycle,12.988388,77.568207,Medium,Poisoning,Pending Trial
4022,FIR/2024/004022,7,24,6,100472,510388,524159,2023-06-26,Unknown,None,12.994822,77.567196,Medium,Knife Attack,Pending Trial
4023,FIR/2022/004023,8,27,7,100564,500869,516695,2025-11-25,Hands,Car,12.95767,77.643419,Medium,Duplicate Key,Pending Trial
4024,FIR/2026/004024,4,12,19,101522,502519,519876,2022-06-10,Unknown,Car,12.947463,74.805374,High,Firearm,Closed
4025,FIR/2026/004025,6,21,12,100982,523546,502198,2025-11-07,Pistol,Motorcycle,12.322851,76.696726,High,Forced Entry,Closed
4026,FIR/2026/004026,8,28,7,100544,512302,503018,2023-11-16,Pistol,None,12.923515,77.635021,Medium,Online Scam,Under Investigation
4027,FIR/2024/004027,4,13,12,101030,503309,505639,2025-12-22,Pistol,Van,12.297354,76.644506,Critical,Fake Identity,Under Investigation
4028,FIR/2024/004028,1,1,3,100244,508786,517384,2022-01-03,Stick,None,12.989328,77.607344,Medium,Social Engineering,Pending Trial
4029,FIR/2023/004029,9,30,2,100121,503646,511167,2023-08-02,Pistol,Truck,12.945996,77.6027,Low,Poisoning,Closed
4030,FIR/2023/004030,5,14,11,100891,507759,503778,2022-09-20,Knife,Motorcycle,12.338824,76.578997,Low,Fake Identity,Charge Sheet Filed
4031,FIR/2026/004031,1,4,11,100962,518624,521683,2022-12-31,Iron Rod,Truck,12.356134,76.592695,High,Duplicate Key,Under Investigation
4032,FIR/2025/004032,8,28,14,101174,502958,503217,2026-03-02,Knife,Auto,12.274944,76.683919,Medium,Fake Identity,Closed
4033,FIR/2025/004033,9,30,15,101224,500780,507600,2026-06-05,Pistol,Truck,12.278424,76.631329,Low,Forced Entry,Under Investigation
4034,FIR/2024/004034,2,6,1,100043,501560,521525,2023-06-26,Stick,Van,12.9611,77.547376,Medium,Forced Entry,Pending Trial
4035,FIR/2024/004035,1,4,5,100402,509235,507649,2025-02-12,Iron Rod,None,12.945525,77.552262,High,Knife Attack,Charge Sheet Filed
4036,FIR/2023/004036,9,30,7,100561,519304,519076,2026-12-06,Knife,Truck,12.919175,77.618992,Low,Duplicate Key,Charge Sheet Filed
4037,FIR/2022/004037,10,32,17,101404,507796,503098,2023-03-31,Knife,Scooter,12.888335,74.846594,High,Physical Assault,Under Investigation
4038,FIR/2025/004038,5,16,7,100570,505119,512910,2025-11-02,Iron Rod,Van,12.924947,77.633537,Medium,Firearm,Pending Trial
4039,FIR/2026/004039,5,16,18,101465,511246,515557,2022-01-28,Hands,Truck,12.960117,74.870668,High,Online Scam,Pending Trial
4040,FIR/2025/004040,4,11,20,101583,521688,503863,2024-12-02,Iron Rod,Motorcycle,12.896462,74.845108,High,Vehicle Lock Break,Charge Sheet Filed
4041,FIR/2023/004041,10,34,10,100872,505692,516466,2022-12-01,Unknown,Truck,12.974459,77.61501,High,Poisoning,Under Investigation
4042,FIR/2026/004042,9,31,12,100974,515604,512520,2023-05-10,Knife,Motorcycle,12.311725,76.692259,Low,Knife Attack,Charge Sheet Filed
4043,FIR/2025/004043,12,39,9,100708,507874,510950,2023-11-20,Unknown,Auto,12.971976,77.564239,Critical,Online Scam,Charge Sheet Filed
4044,FIR/2026/004044,11,35,12,101034,517488,500339,2025-07-26,Stick,Scooter,12.317172,76.671315,Critical,Poisoning,Charge Sheet Filed
4045,FIR/2026/004045,12,38,17,101349,515862,504267,2023-01-11,Unknown,Van,12.90176,74.847034,High,Fake Identity,Charge Sheet Filed
4046,FIR/2023/004046,10,34,18,101462,516037,502301,2022-10-26,Stick,Car,12.959892,74.844964,Medium,ATM Skimming,Charge Sheet Filed
4047,FIR/2025/004047,12,38,10,100838,514164,501699,2026-11-23,Pistol,Auto,12.975352,77.56716,Critical,Fake Identity,Charge Sheet Filed
4048,FIR/2025/004048,6,22,5,100413,520509,506660,2024-02-18,Crowbar,Truck,12.926455,77.600457,Medium,Firearm,Closed
4049,FIR/2025/004049,2,5,2,100116,503755,506021,2023-08-31,Crowbar,None,12.969124,77.589982,Medium,ATM Skimming,Pending Trial
4050,FIR/2025/004050,3,8,9,100764,516816,517002,2023-09-21,Crowbar,Van,13.018586,77.580895,Low,Knife Attack,Charge Sheet Filed
4051,FIR/2026/004051,4,13,18,101448,515326,507374,2023-08-05,Knife,None,12.930082,74.8414,Critical,Online Scam,Under Investigation
4052,FIR/2026/004052,8,26,3,100222,518838,511191,2024-10-07,Crowbar,None,12.959529,77.582356,High,Forced Entry,Pending Trial
4053,FIR/2024/004053,1,2,9,100744,504354,501811,2025-11-09,Pistol,Car,12.986322,77.570193,Low,Knife Attack,Under Investigation
4054,FIR/2023/004054,4,11,14,101131,500444,524597,2022-06-09,Hands,Car,12.28708,76.639305,Medium,ATM Skimming,Under Investigation
4055,FIR/2022/004055,5,16,1,100079,514635,501092,2024-08-05,Pistol,Scooter,12.970356,77.570189,High,Social Engineering,Charge Sheet Filed
4056,FIR/2022/004056,12,39,20,101581,508109,511060,2023-03-13,Unknown,Auto,12.906014,74.874268,Medium,Physical Assault,Pending Trial
4057,FIR/2023/004057,1,3,2,100122,524459,524428,2023-02-26,Iron Rod,Truck,12.948037,77.636688,Low,Duplicate Key,Charge Sheet Filed
4058,FIR/2024/004058,6,21,8,100688,521718,522415,2024-02-13,Stick,Scooter,12.960115,77.575246,Critical,Poisoning,Closed
4059,FIR/2023/004059,4,12,7,100610,504874,501152,2024-03-31,Knife,Motorcycle,12.939017,77.620114,High,Poisoning,Under Investigation
4060,FIR/2023/004060,3,8,1,100038,517308,514327,2022-07-26,Stick,Van,12.965466,77.573474,Low,Forced Entry,Under Investigation
4061,FIR/2023/004061,11,36,16,101257,514954,512715,2026-07-09,Stick,None,12.957972,74.843981,High,Knife Attack,Pending Trial
4062,FIR/2026/004062,10,34,19,101482,516653,516610,2025-07-26,Knife,Scooter,12.937686,74.841702,Medium,Poisoning,Closed
4063,FIR/2026/004063,9,31,6,100434,510415,505523,2023-06-19,Unknown,None,12.965526,77.59042,Critical,Forced Entry,Under Investigation
4064,FIR/2025/004064,5,15,1,100057,519518,509224,2023-11-18,Hands,None,12.986637,77.548493,Medium,Forced Entry,Charge Sheet Filed
4065,FIR/2022/004065,11,35,18,101454,522574,521472,2022-12-24,Knife,Truck,12.950917,74.839389,Medium,Online Scam,Pending Trial
4066,FIR/2026/004066,6,19,10,100835,506764,516401,2026-10-14,Unknown,Car,12.957719,77.587444,Low,Fake Identity,Under Investigation
4067,FIR/2026/004067,12,39,12,101049,523735,503461,2025-07-16,Iron Rod,Scooter,12.321355,76.648314,Medium,Fake Identity,Closed
4068,FIR/2026/004068,12,39,19,101487,513455,504203,2026-12-28,Stick,None,12.950839,74.844344,Medium,Fake Identity,Charge Sheet Filed
4069,FIR/2023/004069,1,2,11,100903,521583,522915,2023-08-30,Pistol,Scooter,12.344275,76.621273,Medium,ATM Skimming,Charge Sheet Filed
4070,FIR/2026/004070,2,7,20,101568,517148,508490,2026-10-27,Iron Rod,Van,12.915153,74.855613,Medium,Vehicle Lock Break,Pending Trial
4071,FIR/2025/004071,1,3,1,100074,506192,515677,2022-05-26,Knife,None,12.9918,77.569038,Critical,Forced Entry,Closed
4072,FIR/2023/004072,2,7,10,100871,521085,520720,2026-08-13,Pistol,Motorcycle,12.97783,77.561043,Medium,ATM Skimming,Under Investigation
4073,FIR/2026/004073,12,39,20,101555,509258,507189,2023-02-04,Knife,Motorcycle,12.939843,74.87288,High,Poisoning,Pending Trial
4074,FIR/2025/004074,1,1,12,101003,517616,516208,2026-03-02,Hands,None,12.289615,76.677064,Medium,Social Engineering,Pending Trial
4075,FIR/2026/004075,5,14,4,100307,513613,503776,2024-01-20,Iron Rod,Auto,12.990245,77.62877,High,Poisoning,Pending Trial
4076,FIR/2022/004076,5,15,13,101093,503190,510354,2025-03-15,Knife,Truck,12.286593,76.656811,Low,Knife Attack,Closed
4077,FIR/2025/004077,8,27,18,101417,522929,516527,2022-08-12,Hands,Scooter,12.950298,74.865613,Medium,Knife Attack,Charge Sheet Filed
4078,FIR/2022/004078,6,20,12,100972,522204,521082,2022-11-21,Iron Rod,Scooter,12.320399,76.682576,Critical,Poisoning,Closed
4079,FIR/2022/004079,8,28,11,100916,505796,500026,2025-05-25,Hands,Truck,12.347636,76.634427,High,Social Engineering,Charge Sheet Filed
4080,FIR/2025/004080,5,15,3,100215,524230,510034,2024-12-07,Unknown,None,12.988781,77.613862,Critical,Physical Assault,Under Investigation
4081,FIR/2022/004081,8,27,3,100214,502384,503667,2025-06-22,Crowbar,Van,12.999508,77.582118,Critical,Poisoning,Under Investigation
4082,FIR/2024/004082,12,40,2,100106,507238,519082,2026-03-17,Iron Rod,Motorcycle,12.944478,77.599451,High,Poisoning,Charge Sheet Filed
4083,FIR/2024/004083,4,13,20,101566,512972,521755,2026-09-12,Hands,Motorcycle,12.938779,74.889818,Medium,ATM Skimming,Closed
4084,FIR/2026/004084,8,28,13,101080,501667,508014,2022-12-11,Stick,Auto,12.341418,76.678072,Critical,ATM Skimming,Closed
4085,FIR/2026/004085,6,18,2,100159,523320,515995,2024-04-07,Iron Rod,Car,12.935502,77.609249,Medium,ATM Skimming,Charge Sheet Filed
4086,FIR/2022/004086,4,11,6,100535,515291,519135,2026-06-17,Unknown,Scooter,12.987791,77.617261,High,Duplicate Key,Pending Trial
4087,FIR/2025/004087,12,39,9,100711,523047,505537,2024-04-17,Knife,Truck,13.017792,77.541871,High,Knife Attack,Pending Trial
4088,FIR/2024/004088,11,37,19,101506,507328,513450,2022-01-31,Crowbar,Truck,12.910669,74.827713,Critical,Duplicate Key,Closed
4089,FIR/2022/004089,1,1,18,101418,513109,511873,2023-10-13,Knife,None,12.961046,74.875301,Low,Fake Identity,Closed
4090,FIR/2026/004090,10,32,19,101481,501325,505273,2024-11-13,Pistol,None,12.942237,74.853288,Medium,Knife Attack,Pending Trial
4091,FIR/2026/004091,3,9,9,100736,508017,515922,2023-06-25,Stick,None,13.013707,77.56223,Medium,Firearm,Charge Sheet Filed
4092,FIR/2022/004092,4,11,6,100529,510998,524838,2024-08-03,Hands,Auto,12.966174,77.566641,Critical,ATM Skimming,Under Investigation
4093,FIR/2023/004093,7,24,20,101585,504472,505083,2022-02-25,Knife,Auto,12.92166,74.856651,Critical,Fake Identity,Charge Sheet Filed
4094,FIR/2022/004094,2,5,7,100574,523790,524298,2025-01-29,Crowbar,Scooter,12.913274,77.644785,Medium,Forced Entry,Closed
4095,FIR/2025/004095,9,29,13,101084,515948,524517,2025-02-24,Crowbar,Scooter,12.316399,76.70293,High,Poisoning,Pending Trial
4096,FIR/2023/004096,2,5,7,100580,519253,500278,2024-11-02,Iron Rod,Truck,12.907415,77.634734,Medium,Duplicate Key,Pending Trial
4097,FIR/2023/004097,7,24,14,101133,502524,518733,2023-02-06,Iron Rod,Car,12.267481,76.638939,Medium,Knife Attack,Charge Sheet Filed
4098,FIR/2025/004098,6,19,8,100666,501572,522862,2023-12-06,Hands,None,12.986257,77.621983,Critical,Duplicate Key,Closed
4099,FIR/2026/004099,4,13,8,100684,505969,514746,2022-03-17,Crowbar,Scooter,12.978946,77.602276,Critical,ATM Skimming,Charge Sheet Filed
4100,FIR/2022/004100,4,13,20,101605,519373,505332,2022-03-24,Knife,Scooter,12.891802,74.866362,Critical,Fake Identity,Pending Trial
4101,FIR/2023/004101,6,22,5,100380,500402,521792,2024-11-15,Unknown,Auto,12.914041,77.544401,High,ATM Skimming,Charge Sheet Filed
4102,FIR/2022/004102,5,16,6,100498,520294,514881,2022-08-21,Hands,Scooter,12.965947,77.59114,Low,Knife Attack,Pending Trial
4103,FIR/2025/004103,10,34,14,101178,513712,524297,2023-08-13,Pistol,Motorcycle,12.267237,76.634781,Critical,Firearm,Under Investigation
4104,FIR/2025/004104,10,32,19,101487,521039,513646,2024-02-15,Knife,Auto,12.94499,74.809934,High,Firearm,Pending Trial
4105,FIR/2023/004105,8,26,15,101185,501365,513238,2022-12-03,Knife,Motorcycle,12.283008,76.61145,High,Knife Attack,Pending Trial
4106,FIR/2024/004106,12,39,10,100861,515951,522667,2025-07-22,Iron Rod,Van,12.984112,77.562374,High,Forced Entry,Pending Trial
4107,FIR/2022/004107,4,12,16,101256,512418,518950,2022-11-16,Hands,Car,12.937448,74.899139,Medium,Knife Attack,Charge Sheet Filed
4108,FIR/2025/004108,6,19,18,101458,516613,520176,2024-05-31,Knife,Auto,12.919366,74.871439,High,Firearm,Pending Trial
4109,FIR/2022/004109,7,25,19,101495,519926,502504,2026-02-27,Crowbar,Van,12.905326,74.855192,High,ATM Skimming,Under Investigation
4110,FIR/2022/004110,2,5,6,100504,518291,524577,2025-06-17,Stick,Scooter,12.966466,77.578279,Medium,Forced Entry,Charge Sheet Filed
4111,FIR/2025/004111,4,13,18,101453,502111,519124,2022-02-14,Pistol,Motorcycle,12.944934,74.863203,Critical,Forced Entry,Pending Trial
4112,FIR/2022/004112,8,28,19,101488,504624,519094,2024-09-11,Crowbar,None,12.913081,74.831544,High,ATM Skimming,Charge Sheet Filed
4113,FIR/2024/004113,4,11,18,101407,518519,521128,2023-04-04,Pistol,Truck,12.960535,74.885095,Critical,Forced Entry,Charge Sheet Filed
4114,FIR/2022/004114,4,13,17,101399,505737,521452,2026-10-27,Crowbar,Auto,12.902937,74.854883,High,Physical Assault,Pending Trial
4115,FIR/2023/004115,5,16,4,100285,510677,516818,2025-07-10,Iron Rod,None,12.969292,77.609986,Medium,Poisoning,Under Investigation
4116,FIR/2024/004116,9,29,3,100213,504693,514544,2026-10-23,Hands,Scooter,12.998809,77.607803,High,Duplicate Key,Charge Sheet Filed
4117,FIR/2026/004117,4,13,11,100901,515901,511881,2024-09-27,Crowbar,Car,12.352809,76.599925,Critical,Social Engineering,Charge Sheet Filed
4118,FIR/2022/004118,5,15,1,100055,512743,524193,2024-04-02,Hands,Car,12.949959,77.568699,Medium,Social Engineering,Under Investigation
4119,FIR/2025/004119,10,33,6,100491,500009,515501,2023-08-27,Stick,Scooter,13.008335,77.591251,High,Vehicle Lock Break,Closed
4120,FIR/2025/004120,4,13,10,100810,515529,508824,2026-05-16,Stick,Motorcycle,12.949653,77.604953,Critical,Fake Identity,Pending Trial
4121,FIR/2026/004121,8,26,5,100363,506140,515053,2026-03-27,Stick,Truck,12.9511,77.562267,Critical,Vehicle Lock Break,Closed
4122,FIR/2025/004122,12,40,5,100395,503635,523131,2026-09-10,Pistol,Car,12.94274,77.579711,Critical,Firearm,Under Investigation
4123,FIR/2024/004123,5,16,1,100022,519177,514397,2023-04-19,Unknown,Motorcycle,12.992501,77.592195,High,Forced Entry,Pending Trial
4124,FIR/2023/004124,10,34,16,101303,517226,520131,2022-05-02,Knife,Van,12.971853,74.885171,Critical,Firearm,Charge Sheet Filed
4125,FIR/2023/004125,4,12,5,100354,519439,509603,2025-12-24,Stick,Van,12.919025,77.581555,Medium,Physical Assault,Under Investigation
4126,FIR/2026/004126,1,2,12,101021,508228,514426,2023-08-15,Knife,Car,12.325439,76.650446,Critical,Fake Identity,Closed
4127,FIR/2024/004127,9,30,16,101340,503643,506913,2023-06-27,Crowbar,Van,12.976468,74.865895,Critical,Physical Assault,Pending Trial
4128,FIR/2023/004128,9,30,19,101507,507026,523000,2026-09-03,Hands,Scooter,12.921084,74.861308,Low,Knife Attack,Closed
4129,FIR/2026/004129,10,34,16,101327,521458,504251,2022-12-29,Stick,Auto,12.967452,74.899326,Critical,Fake Identity,Charge Sheet Filed
4130,FIR/2026/004130,5,15,7,100560,510961,502835,2024-08-30,Unknown,Truck,12.944586,77.605427,Medium,ATM Skimming,Closed
4131,FIR/2022/004131,3,10,15,101229,508439,506442,2026-10-26,Iron Rod,Van,12.292582,76.612638,Medium,Online Scam,Pending Trial
4132,FIR/2024/004132,1,3,1,100001,514787,508793,2026-12-14,Stick,Van,13.005209,77.590819,Critical,Firearm,Pending Trial
4133,FIR/2022/004133,6,21,8,100690,524984,505342,2024-10-24,Hands,Motorcycle,12.973924,77.61141,High,Forced Entry,Pending Trial
4134,FIR/2022/004134,11,36,18,101434,507805,514130,2026-12-31,Unknown,Van,12.968498,74.873864,Low,Forced Entry,Under Investigation
4135,FIR/2023/004135,8,26,13,101072,508028,500379,2022-10-04,Knife,Car,12.325794,76.656968,Low,Forced Entry,Under Investigation
4136,FIR/2024/004136,7,24,8,100706,512752,510067,2022-09-09,Iron Rod,None,13.006284,77.626524,Medium,Fake Identity,Closed
4137,FIR/2023/004137,5,15,9,100717,523335,510401,2025-10-12,Unknown,Scooter,12.996859,77.584277,Low,Social Engineering,Charge Sheet Filed
4138,FIR/2025/004138,5,14,9,100724,502727,506134,2024-09-20,Knife,Truck,13.019219,77.550551,Low,Fake Identity,Pending Trial
4139,FIR/2025/004139,4,12,19,101517,509202,510085,2022-02-27,Hands,None,12.903917,74.860767,Critical,Physical Assault,Charge Sheet Filed
4140,FIR/2025/004140,5,15,11,100888,503884,524993,2022-08-05,Pistol,None,12.317776,76.596393,Low,Physical Assault,Under Investigation
4141,FIR/2025/004141,6,19,12,101040,522335,514065,2025-09-12,Knife,Scooter,12.300819,76.666299,Low,Fake Identity,Pending Trial
4142,FIR/2023/004142,3,10,6,100495,516490,506361,2023-07-17,Crowbar,None,13.00643,77.581124,Low,Forced Entry,Closed
4143,FIR/2023/004143,1,1,1,100088,523373,506773,2022-06-13,Unknown,Scooter,12.957271,77.581672,Low,Vehicle Lock Break,Pending Trial
4144,FIR/2023/004144,5,17,9,100733,510466,506355,2023-09-16,Stick,Motorcycle,13.002063,77.582908,Low,ATM Skimming,Closed
4145,FIR/2026/004145,9,31,15,101181,507347,514994,2023-05-28,Knife,Car,12.321371,76.622884,Low,Firearm,Under Investigation
4146,FIR/2022/004146,6,20,16,101310,507633,508438,2022-06-30,Unknown,Motorcycle,12.956866,74.870787,Low,Social Engineering,Under Investigation
4147,FIR/2022/004147,12,39,9,100736,503236,513639,2024-03-07,Hands,Scooter,13.003271,77.572202,Medium,Vehicle Lock Break,Charge Sheet Filed
4148,FIR/2023/004148,8,28,16,101288,507999,519449,2024-08-29,Crowbar,Van,12.958563,74.842785,Low,Fake Identity,Under Investigation
4149,FIR/2026/004149,10,33,3,100171,514831,513778,2025-08-18,Knife,Auto,12.950619,77.602783,Critical,Fake Identity,Charge Sheet Filed
4150,FIR/2026/004150,7,24,8,100684,511268,504192,2022-07-06,Crowbar,Scooter,13.000132,77.619466,Low,Vehicle Lock Break,Closed
4151,FIR/2025/004151,4,13,16,101277,516790,519740,2023-07-15,Unknown,Scooter,12.970837,74.844479,Critical,Physical Assault,Under Investigation
4152,FIR/2024/004152,11,37,5,100376,509155,513562,2022-04-02,Crowbar,Truck,12.938521,77.551611,Medium,Duplicate Key,Closed
4153,FIR/2026/004153,3,9,5,100354,510585,518221,2024-04-30,Unknown,None,12.922543,77.563725,Critical,Fake Identity,Pending Trial
4154,FIR/2025/004154,5,14,14,101175,509194,517435,2025-08-30,Knife,Motorcycle,12.308522,76.667181,Low,Vehicle Lock Break,Pending Trial
4155,FIR/2026/004155,5,15,20,101616,521829,517335,2025-02-24,Crowbar,Car,12.90926,74.893229,High,Vehicle Lock Break,Charge Sheet Filed
4156,FIR/2026/004156,12,38,3,100186,510483,517609,2024-07-17,Pistol,Auto,12.958245,77.578956,Critical,Fake Identity,Pending Trial
4157,FIR/2023/004157,1,4,1,100037,504275,503150,2022-10-26,Crowbar,Truck,12.976831,77.536873,High,Forced Entry,Charge Sheet Filed
4158,FIR/2023/004158,3,8,12,101005,506682,513010,2024-08-17,Unknown,Scooter,12.323884,76.666003,Low,Fake Identity,Charge Sheet Filed
4159,FIR/2025/004159,6,20,20,101550,505659,520118,2022-03-12,Pistol,None,12.906357,74.834395,Medium,Online Scam,Under Investigation
4160,FIR/2022/004160,9,30,14,101130,519162,516784,2024-07-16,Stick,Motorcycle,12.286332,76.688211,Critical,ATM Skimming,Pending Trial
4161,FIR/2025/004161,8,26,20,101561,508391,524720,2022-12-22,Stick,Car,12.912153,74.887772,Critical,ATM Skimming,Under Investigation
4162,FIR/2023/004162,8,28,6,100483,512777,501064,2026-08-28,Unknown,Auto,13.012616,77.619994,Critical,Firearm,Closed
4163,FIR/2023/004163,12,40,13,101113,515854,513455,2024-10-29,Crowbar,Motorcycle,12.321713,76.678377,Low,Fake Identity,Pending Trial
4164,FIR/2024/004164,7,24,6,100469,503675,523435,2024-11-21,Knife,Auto,13.009011,77.578079,Low,Fake Identity,Under Investigation
4165,FIR/2026/004165,3,10,16,101318,519341,509445,2023-03-06,Crowbar,Car,12.93207,74.856767,Low,Forced Entry,Closed
4166,FIR/2026/004166,7,25,18,101461,524087,501302,2026-06-28,Pistol,Motorcycle,12.921404,74.887864,Medium,Firearm,Charge Sheet Filed
4167,FIR/2023/004167,1,2,12,100997,520064,520898,2024-03-12,Stick,None,12.310556,76.683673,Low,Forced Entry,Charge Sheet Filed
4168,FIR/2025/004168,9,30,8,100626,518467,509720,2024-11-17,Pistol,Car,12.985173,77.580075,Critical,Poisoning,Charge Sheet Filed
4169,FIR/2026/004169,11,37,1,100087,521757,516844,2026-01-23,Stick,Truck,12.982881,77.581322,Low,Online Scam,Charge Sheet Filed
4170,FIR/2024/004170,2,7,4,100260,507262,524740,2022-10-18,Unknown,Van,12.985545,77.614156,High,Vehicle Lock Break,Pending Trial
4171,FIR/2025/004171,6,18,9,100747,524359,514452,2026-07-06,Knife,None,12.98808,77.589202,Low,Online Scam,Under Investigation
4172,FIR/2026/004172,6,22,6,100434,500557,518045,2022-03-11,Iron Rod,Scooter,13.00542,77.60635,Low,ATM Skimming,Under Investigation
4173,FIR/2022/004173,3,10,15,101189,512869,505792,2026-10-11,Iron Rod,Scooter,12.308264,76.622848,Medium,Fake Identity,Charge Sheet Filed
4174,FIR/2022/004174,2,6,9,100750,520726,500055,2025-09-05,Hands,None,12.988604,77.55959,Medium,Social Engineering,Closed
4175,FIR/2022/004175,8,26,9,100737,509191,501397,2022-10-26,Pistol,Motorcycle,13.002325,77.536845,Low,ATM Skimming,Closed
4176,FIR/2022/004176,11,36,2,100139,518300,522876,2024-12-10,Pistol,None,12.933106,77.633589,Medium,ATM Skimming,Charge Sheet Filed
4177,FIR/2022/004177,6,20,18,101415,509753,502391,2026-07-03,Hands,Motorcycle,12.920957,74.890631,Critical,Poisoning,Charge Sheet Filed
4178,FIR/2022/004178,1,4,19,101477,500220,517079,2025-08-02,Unknown,None,12.907523,74.857438,High,Fake Identity,Pending Trial
4179,FIR/2022/004179,6,21,3,100253,503021,517820,2024-06-21,Pistol,Van,12.996722,77.622049,High,Forced Entry,Closed
4180,FIR/2026/004180,7,25,9,100715,507953,501387,2023-01-27,Stick,None,12.996365,77.583327,High,Duplicate Key,Pending Trial
4181,FIR/2023/004181,11,37,5,100394,505884,517767,2025-10-19,Pistol,None,12.956218,77.59526,Low,Physical Assault,Under Investigation
4182,FIR/2025/004182,6,19,2,100162,509529,507992,2026-06-17,Stick,Van,12.982626,77.5916,Low,Firearm,Closed
4183,FIR/2025/004183,11,36,5,100363,517267,524000,2025-05-03,Stick,Scooter,12.915931,77.569354,Critical,Firearm,Pending Trial
4184,FIR/2022/004184,4,12,15,101247,510777,511667,2025-12-20,Pistol,Scooter,12.311976,76.629431,Medium,Poisoning,Under Investigation
4185,FIR/2024/004185,3,9,19,101475,507163,515924,2022-06-04,Pistol,Scooter,12.923031,74.824467,Medium,ATM Skimming,Charge Sheet Filed
4186,FIR/2024/004186,2,6,19,101487,509944,502067,2025-10-24,Hands,Auto,12.9041,74.850232,Critical,ATM Skimming,Charge Sheet Filed
4187,FIR/2026/004187,8,27,3,100189,523084,503787,2022-07-02,Crowbar,Truck,12.955005,77.586503,Low,ATM Skimming,Closed
4188,FIR/2025/004188,7,23,7,100616,504943,515308,2026-10-13,Pistol,Car,12.91223,77.631937,Low,Knife Attack,Under Investigation
4189,FIR/2023/004189,9,30,3,100185,503916,521937,2022-04-26,Iron Rod,Scooter,12.997717,77.612998,Critical,Poisoning,Under Investigation
4190,FIR/2025/004190,5,17,9,100765,500115,520998,2022-11-01,Knife,Car,12.965774,77.541736,Medium,Knife Attack,Pending Trial
4191,FIR/2025/004191,6,18,12,100967,513862,503833,2022-10-23,Pistol,Car,12.284938,76.651142,Critical,Firearm,Charge Sheet Filed
4192,FIR/2025/004192,7,24,6,100536,511569,514858,2025-02-04,Hands,Van,13.003817,77.607234,Critical,Knife Attack,Under Investigation
4193,FIR/2023/004193,2,7,1,100087,506852,521388,2026-03-08,Knife,Truck,12.981822,77.56832,Critical,Fake Identity,Charge Sheet Filed
4194,FIR/2023/004194,7,24,4,100339,501431,511809,2024-03-23,Unknown,Van,12.999605,77.643537,High,Social Engineering,Under Investigation
4195,FIR/2025/004195,8,27,13,101067,513012,509668,2022-11-25,Unknown,Truck,12.316707,76.652529,Medium,Social Engineering,Pending Trial
4196,FIR/2025/004196,3,10,13,101083,502525,507351,2026-12-31,Crowbar,Van,12.323563,76.695652,Low,ATM Skimming,Charge Sheet Filed
4197,FIR/2023/004197,4,13,7,100578,521349,517606,2022-08-26,Unknown,Auto,12.963672,77.603742,Critical,Vehicle Lock Break,Pending Trial
4198,FIR/2022/004198,7,25,1,100036,506074,506209,2023-08-05,Crowbar,Truck,13.002115,77.589765,High,ATM Skimming,Charge Sheet Filed
4199,FIR/2025/004199,5,14,1,100073,521766,511980,2026-01-27,Iron Rod,Van,12.962469,77.549772,Low,Fake Identity,Pending Trial
4200,FIR/2026/004200,5,17,10,100871,504700,515327,2026-01-28,Pistol,Auto,12.958702,77.616347,High,Firearm,Closed
4201,FIR/2024/004201,12,38,12,100979,505768,514463,2025-01-23,Iron Rod,Motorcycle,12.309003,76.661519,High,Duplicate Key,Under Investigation
4202,FIR/2024/004202,10,32,8,100696,517993,506455,2026-05-22,Crowbar,Truck,12.987776,77.596672,Low,Social Engineering,Under Investigation
4203,FIR/2023/004203,10,32,17,101391,505875,511446,2022-10-31,Hands,Motorcycle,12.91554,74.832797,Low,Firearm,Under Investigation
4204,FIR/2023/004204,7,25,8,100626,519894,500416,2023-07-27,Stick,Motorcycle,13.008573,77.606465,Low,Social Engineering,Pending Trial
4205,FIR/2022/004205,6,20,7,100609,500537,501376,2024-04-03,Crowbar,Van,12.935797,77.599368,Critical,Online Scam,Charge Sheet Filed
4206,FIR/2024/004206,6,22,20,101614,520231,505866,2023-11-01,Stick,Truck,12.938459,74.851,Low,Fake Identity,Closed
4207,FIR/2026/004207,3,10,14,101147,517960,509658,2026-04-23,Hands,Car,12.286396,76.652173,Low,Forced Entry,Charge Sheet Filed
4208,FIR/2025/004208,4,12,4,100294,522793,508745,2022-10-16,Iron Rod,Motorcycle,13.001204,77.631194,High,Physical Assault,Closed
4209,FIR/2025/004209,2,7,18,101450,514776,503763,2025-12-08,Unknown,None,12.955661,74.851306,Critical,Fake Identity,Charge Sheet Filed
4210,FIR/2026/004210,6,21,9,100739,510778,519554,2024-06-16,Hands,Auto,12.991574,77.595567,Low,Vehicle Lock Break,Under Investigation
4211,FIR/2022/004211,4,13,16,101296,506636,520723,2023-09-04,Stick,Auto,12.956276,74.876998,Critical,Firearm,Closed
4212,FIR/2024/004212,3,8,5,100369,505022,520180,2025-08-15,Pistol,None,12.968673,77.547,Low,ATM Skimming,Charge Sheet Filed
4213,FIR/2022/004213,3,9,4,100278,508058,502440,2022-01-16,Stick,Van,13.008352,77.620688,Medium,Physical Assault,Charge Sheet Filed
4214,FIR/2022/004214,5,15,14,101157,501756,503916,2026-07-06,Iron Rod,Auto,12.258623,76.68653,High,Vehicle Lock Break,Charge Sheet Filed
4215,FIR/2023/004215,1,3,16,101271,504653,523288,2024-03-29,Pistol,Auto,12.922946,74.860837,High,Social Engineering,Pending Trial
4216,FIR/2022/004216,1,4,15,101220,520602,516218,2022-02-27,Hands,Motorcycle,12.274991,76.618155,Medium,ATM Skimming,Charge Sheet Filed
4217,FIR/2026/004217,8,26,6,100448,516338,512120,2023-06-20,Iron Rod,Van,12.982131,77.610086,Medium,Forced Entry,Closed
4218,FIR/2022/004218,11,37,4,100265,507739,519110,2022-05-22,Unknown,None,12.978405,77.614675,Medium,Online Scam,Under Investigation
4219,FIR/2024/004219,5,15,15,101242,500646,507901,2024-08-09,Hands,Truck,12.285576,76.614873,Critical,ATM Skimming,Closed
4220,FIR/2023/004220,5,15,5,100363,506716,509758,2025-11-28,Unknown,Van,12.958855,77.552661,High,Physical Assault,Charge Sheet Filed
4221,FIR/2026/004221,4,12,5,100412,521132,503821,2024-01-19,Pistol,Truck,12.918392,77.580583,High,ATM Skimming,Pending Trial
4222,FIR/2022/004222,1,3,14,101149,512115,510716,2022-02-21,Unknown,Truck,12.282761,76.669278,Medium,ATM Skimming,Pending Trial
4223,FIR/2024/004223,3,10,18,101432,515673,521837,2024-01-07,Unknown,None,12.925049,74.884573,Critical,Social Engineering,Pending Trial
4224,FIR/2025/004224,6,22,19,101479,504474,505440,2022-09-17,Crowbar,Van,12.914634,74.832022,Low,Poisoning,Closed
4225,FIR/2025/004225,4,12,13,101078,522378,513615,2023-10-25,Hands,Van,12.31301,76.669585,Critical,Online Scam,Pending Trial
4226,FIR/2022/004226,1,3,7,100569,505318,522397,2022-09-26,Crowbar,Van,12.916302,77.60967,Critical,Duplicate Key,Pending Trial
4227,FIR/2023/004227,3,10,2,100137,508133,508193,2024-01-07,Iron Rod,Scooter,12.960209,77.600027,Medium,Vehicle Lock Break,Closed
4228,FIR/2025/004228,6,21,3,100226,524908,512269,2022-09-08,Crowbar,Van,12.971339,77.588567,Critical,Forced Entry,Under Investigation
4229,FIR/2025/004229,12,39,1,100085,506711,519656,2026-04-10,Stick,Truck,12.971402,77.553656,Medium,Vehicle Lock Break,Pending Trial
4230,FIR/2023/004230,6,21,6,100473,519357,523935,2025-03-21,Knife,Car,13.005481,77.609052,Medium,Online Scam,Closed
4231,FIR/2024/004231,5,14,2,100107,521084,519106,2026-11-28,Pistol,Motorcycle,12.932766,77.609472,Critical,Fake Identity,Pending Trial
4232,FIR/2025/004232,5,16,13,101067,524411,509718,2023-08-24,Crowbar,Truck,12.308688,76.667535,Critical,Fake Identity,Charge Sheet Filed
4233,FIR/2026/004233,5,14,8,100699,523408,516606,2023-10-16,Crowbar,Auto,12.981722,77.605619,High,Social Engineering,Pending Trial
4234,FIR/2026/004234,2,7,9,100708,521145,513379,2024-10-22,Hands,Car,13.023244,77.582156,Medium,Poisoning,Charge Sheet Filed
4235,FIR/2025/004235,5,15,1,100010,504449,513824,2024-06-16,Stick,Car,12.950238,77.537172,Critical,ATM Skimming,Under Investigation
4236,FIR/2026/004236,10,32,19,101528,517858,501871,2023-11-10,Unknown,Van,12.953761,74.840567,Low,Social Engineering,Charge Sheet Filed
4237,FIR/2023/004237,1,3,1,100085,500883,520650,2023-04-29,Crowbar,None,12.97459,77.54289,Medium,Knife Attack,Closed
4238,FIR/2024/004238,12,38,10,100875,506732,501245,2025-07-05,Crowbar,Van,12.9822,77.587702,High,Vehicle Lock Break,Closed
4239,FIR/2023/004239,11,35,3,100167,516369,509024,2025-03-11,Stick,Scooter,12.996577,77.6227,Medium,Fake Identity,Charge Sheet Filed
4240,FIR/2023/004240,8,27,7,100549,503418,518537,2024-12-01,Hands,Motorcycle,12.943896,77.623422,Low,Social Engineering,Charge Sheet Filed
4241,FIR/2024/004241,12,39,5,100400,501730,519042,2025-12-03,Stick,Scooter,12.948391,77.57533,Low,Duplicate Key,Charge Sheet Filed
4242,FIR/2025/004242,2,7,17,101389,513966,519021,2024-02-18,Stick,None,12.915049,74.852604,Medium,Social Engineering,Charge Sheet Filed
4243,FIR/2022/004243,10,33,9,100720,515119,503738,2022-11-11,Pistol,Scooter,13.012909,77.57013,Critical,Knife Attack,Pending Trial
4244,FIR/2022/004244,6,18,15,101209,509962,513398,2023-02-12,Iron Rod,Auto,12.279964,76.630017,Critical,ATM Skimming,Under Investigation
4245,FIR/2024/004245,4,11,14,101177,523224,506023,2024-02-03,Knife,Auto,12.28075,76.677768,Medium,Fake Identity,Under Investigation
4246,FIR/2022/004246,1,2,10,100868,509165,503391,2023-09-02,Stick,Auto,12.948269,77.609461,Medium,Firearm,Pending Trial
4247,FIR/2026/004247,1,1,20,101558,510062,514946,2026-08-17,Unknown,None,12.907026,74.860655,High,Poisoning,Closed
4248,FIR/2025/004248,10,33,3,100250,514154,517898,2022-02-02,Knife,Car,12.976569,77.571982,Low,Online Scam,Charge Sheet Filed
4249,FIR/2024/004249,5,15,6,100473,507267,500775,2025-03-27,Crowbar,None,12.994217,77.594638,High,ATM Skimming,Closed
4250,FIR/2026/004250,6,22,4,100284,520166,518072,2023-07-17,Unknown,Auto,12.97224,77.613952,Critical,Online Scam,Closed
4251,FIR/2026/004251,5,16,3,100184,502579,513074,2022-12-09,Iron Rod,None,12.967154,77.579327,Critical,Duplicate Key,Under Investigation
4252,FIR/2025/004252,6,20,14,101178,501083,505792,2022-05-17,Knife,Motorcycle,12.295167,76.653162,Low,Vehicle Lock Break,Closed
4253,FIR/2025/004253,5,15,3,100179,504410,504276,2023-10-17,Iron Rod,None,12.982037,77.575502,Critical,Forced Entry,Under Investigation
4254,FIR/2023/004254,2,6,9,100713,518849,524407,2024-10-08,Hands,None,12.99749,77.592664,High,ATM Skimming,Pending Trial
4255,FIR/2025/004255,4,11,1,100076,515052,522550,2023-10-18,Iron Rod,Truck,12.99381,77.564342,Low,Online Scam,Under Investigation
4256,FIR/2023/004256,8,27,20,101591,504100,518257,2023-03-21,Crowbar,Motorcycle,12.897882,74.883451,High,Social Engineering,Under Investigation
4257,FIR/2026/004257,3,8,20,101599,517494,509454,2025-02-20,Stick,None,12.901638,74.840649,Medium,Forced Entry,Under Investigation
4258,FIR/2026/004258,6,18,20,101555,524564,503229,2023-12-09,Unknown,Truck,12.909896,74.891544,Critical,Social Engineering,Under Investigation
4259,FIR/2026/004259,4,11,2,100103,518460,521926,2024-01-02,Knife,Truck,12.960904,77.609308,Critical,Social Engineering,Pending Trial
4260,FIR/2026/004260,8,28,2,100116,508374,512519,2023-02-26,Iron Rod,Scooter,12.975414,77.597784,High,Social Engineering,Under Investigation
4261,FIR/2023/004261,7,23,18,101430,508642,516337,2024-01-18,Pistol,Auto,12.919148,74.843245,Low,Firearm,Pending Trial
4262,FIR/2022/004262,6,21,12,100968,519123,523604,2023-10-07,Iron Rod,Car,12.317015,76.658164,Low,Knife Attack,Charge Sheet Filed
4263,FIR/2022/004263,11,37,12,101006,522042,519303,2024-09-02,Iron Rod,Auto,12.332894,76.671701,High,Knife Attack,Closed
4264,FIR/2022/004264,8,27,3,100172,518600,501703,2025-04-13,Knife,Truck,12.964858,77.576304,Medium,Firearm,Closed
4265,FIR/2022/004265,3,8,5,100417,524359,502093,2022-04-21,Pistol,Car,12.923741,77.557496,Low,Vehicle Lock Break,Charge Sheet Filed
4266,FIR/2024/004266,4,13,5,100423,522287,512459,2023-07-28,Hands,Car,12.934969,77.572378,Low,Duplicate Key,Closed
4267,FIR/2023/004267,5,15,16,101342,520973,505888,2025-12-15,Knife,Van,12.941981,74.890907,Medium,Firearm,Charge Sheet Filed
4268,FIR/2023/004268,8,28,10,100817,508776,523714,2024-07-29,Hands,None,12.969375,77.565015,Medium,Duplicate Key,Charge Sheet Filed
4269,FIR/2024/004269,12,38,8,100687,501696,513743,2022-03-24,Stick,None,12.974473,77.573268,Medium,Forced Entry,Charge Sheet Filed
4270,FIR/2023/004270,5,17,19,101481,511307,520892,2025-08-31,Knife,Truck,12.92932,74.859509,Critical,Physical Assault,Under Investigation
4271,FIR/2024/004271,11,35,11,100925,519937,517698,2024-10-01,Unknown,Auto,12.346882,76.606789,Critical,Duplicate Key,Under Investigation
4272,FIR/2022/004272,1,2,17,101353,507106,520230,2022-08-04,Unknown,Scooter,12.887342,74.874025,Low,Vehicle Lock Break,Under Investigation
4273,FIR/2026/004273,1,1,17,101398,508997,506167,2024-03-02,Knife,Car,12.880081,74.823624,Critical,Fake Identity,Closed
4274,FIR/2026/004274,5,17,5,100360,501776,518914,2023-07-02,Unknown,Scooter,12.924596,77.576957,High,Physical Assault,Under Investigation
4275,FIR/2023/004275,6,18,4,100268,520436,509206,2024-12-21,Crowbar,Car,13.011702,77.625358,Medium,Vehicle Lock Break,Pending Trial
4276,FIR/2023/004276,4,13,2,100105,506007,510874,2025-05-09,Stick,Truck,12.976433,77.607721,High,Social Engineering,Closed
4277,FIR/2026/004277,6,22,20,101602,501033,523809,2025-07-04,Hands,Van,12.905639,74.848095,Medium,ATM Skimming,Under Investigation
4278,FIR/2022/004278,7,24,2,100148,517171,519323,2026-11-11,Iron Rod,Scooter,12.959636,77.627343,Low,Knife Attack,Under Investigation
4279,FIR/2022/004279,9,30,10,100788,512723,522368,2023-01-27,Knife,Truck,12.974981,77.568112,High,Physical Assault,Pending Trial
4280,FIR/2023/004280,12,38,12,101015,507246,504419,2022-11-11,Stick,Motorcycle,12.290714,76.693508,High,Duplicate Key,Closed
4281,FIR/2025/004281,11,36,17,101386,503537,516306,2024-11-10,Pistol,Truck,12.92907,74.870392,Low,Online Scam,Under Investigation
4282,FIR/2026/004282,7,24,16,101257,502294,512855,2026-08-10,Iron Rod,Truck,12.924796,74.859217,Low,Forced Entry,Closed
4283,FIR/2023/004283,2,7,10,100787,512438,515092,2024-11-14,Hands,Car,12.939213,77.588977,High,Poisoning,Charge Sheet Filed
4284,FIR/2026/004284,8,28,10,100880,511987,521887,2024-03-12,Unknown,Auto,12.938384,77.617537,Low,Forced Entry,Under Investigation
4285,FIR/2023/004285,4,12,5,100420,505891,506952,2023-10-14,Iron Rod,Car,12.956672,77.588,Low,Physical Assault,Under Investigation
4286,FIR/2024/004286,6,22,18,101429,501481,504060,2023-10-24,Hands,Auto,12.969665,74.884616,Critical,Physical Assault,Charge Sheet Filed
4287,FIR/2025/004287,12,38,18,101412,512636,505393,2024-09-17,Hands,Truck,12.921923,74.855235,Critical,Online Scam,Closed
4288,FIR/2022/004288,1,2,15,101187,506782,511680,2022-04-24,Knife,Scooter,12.317335,76.626242,Low,Poisoning,Under Investigation
4289,FIR/2026/004289,5,15,16,101335,510475,509192,2026-02-09,Crowbar,Auto,12.93562,74.871769,Critical,Forced Entry,Pending Trial
4290,FIR/2023/004290,1,3,1,100085,500290,524063,2022-12-21,Knife,Van,12.9515,77.561921,Low,ATM Skimming,Charge Sheet Filed
4291,FIR/2026/004291,10,34,4,100283,524427,509075,2023-05-21,Hands,Scooter,13.010098,77.610103,Low,Duplicate Key,Charge Sheet Filed
4292,FIR/2024/004292,3,10,8,100649,506166,521963,2022-03-24,Pistol,Motorcycle,13.007429,77.571741,Medium,Fake Identity,Pending Trial
4293,FIR/2023/004293,3,8,20,101550,512176,520427,2023-07-29,Unknown,Car,12.907561,74.877182,Critical,Firearm,Closed
4294,FIR/2022/004294,1,2,13,101092,523258,510515,2023-06-13,Crowbar,Car,12.313636,76.70323,High,Physical Assault,Under Investigation
4295,FIR/2026/004295,6,18,8,100653,508160,524312,2024-04-09,Crowbar,Auto,12.988755,77.584353,Medium,ATM Skimming,Pending Trial
4296,FIR/2024/004296,8,28,18,101455,523450,520472,2026-09-05,Hands,None,12.965752,74.884526,Low,Physical Assault,Charge Sheet Filed
4297,FIR/2025/004297,2,7,2,100136,524761,513962,2022-11-03,Crowbar,Scooter,12.968783,77.631113,High,Poisoning,Pending Trial
4298,FIR/2024/004298,6,19,12,101031,514020,507220,2025-01-04,Iron Rod,Truck,12.335354,76.663439,Low,Social Engineering,Closed
4299,FIR/2023/004299,1,2,1,100002,515306,501543,2025-07-13,Crowbar,Van,12.974252,77.594346,Critical,Vehicle Lock Break,Under Investigation
4300,FIR/2024/004300,10,34,1,100072,501215,524813,2025-03-14,Hands,Auto,12.976092,77.570268,Low,Vehicle Lock Break,Pending Trial
4301,FIR/2025/004301,4,11,5,100374,521717,519756,2023-03-16,Stick,Motorcycle,12.946137,77.558316,Medium,Firearm,Closed
4302,FIR/2024/004302,2,5,6,100493,506638,514053,2024-01-11,Iron Rod,Auto,12.977072,77.573095,Medium,Vehicle Lock Break,Pending Trial
4303,FIR/2023/004303,12,38,3,100171,505174,519011,2026-04-17,Hands,None,12.973127,77.577464,Critical,Physical Assault,Under Investigation
4304,FIR/2023/004304,4,11,19,101491,502587,518464,2022-01-13,Crowbar,Scooter,12.915396,74.850226,Medium,Online Scam,Pending Trial
4305,FIR/2024/004305,6,20,19,101538,517544,511896,2024-04-21,Knife,Car,12.951213,74.851665,Low,Social Engineering,Closed
4306,FIR/2025/004306,11,35,4,100257,520931,518099,2024-10-06,Iron Rod,Car,12.972997,77.59776,Critical,ATM Skimming,Pending Trial
4307,FIR/2022/004307,7,24,20,101567,510044,505117,2025-02-01,Hands,Van,12.939037,74.833966,High,Knife Attack,Closed
4308,FIR/2024/004308,9,31,9,100709,514077,518088,2024-09-02,Crowbar,Scooter,12.990912,77.560335,Critical,Firearm,Under Investigation
4309,FIR/2025/004309,2,7,13,101087,523131,509454,2026-02-17,Pistol,Scooter,12.312038,76.647289,Low,Poisoning,Closed
4310,FIR/2026/004310,3,9,3,100200,510516,505248,2022-01-14,Hands,Car,12.994596,77.608319,Low,Forced Entry,Closed
4311,FIR/2022/004311,6,22,20,101598,507202,510522,2025-05-04,Hands,Scooter,12.938911,74.840587,High,Poisoning,Charge Sheet Filed
4312,FIR/2025/004312,7,25,19,101505,505523,501981,2025-08-28,Stick,Car,12.90055,74.85888,Low,Physical Assault,Pending Trial
4313,FIR/2024/004313,1,1,13,101085,501586,519897,2024-10-07,Hands,Motorcycle,12.326687,76.647258,Low,Vehicle Lock Break,Charge Sheet Filed
4314,FIR/2022/004314,9,31,12,101042,506828,518813,2024-08-03,Pistol,Car,12.302721,76.66483,Medium,Duplicate Key,Pending Trial
4315,FIR/2026/004315,10,34,12,101029,507444,514310,2022-03-10,Hands,Scooter,12.317614,76.643207,Low,ATM Skimming,Closed
4316,FIR/2025/004316,10,32,14,101140,506154,504890,2022-05-07,Pistol,Scooter,12.289154,76.690739,High,Poisoning,Under Investigation
4317,FIR/2025/004317,4,12,15,101255,504921,500214,2022-03-03,Iron Rod,None,12.29321,76.590311,Critical,Forced Entry,Closed
4318,FIR/2026/004318,10,32,19,101485,500132,504911,2022-10-09,Knife,Truck,12.91127,74.81113,Low,Social Engineering,Under Investigation
4319,FIR/2024/004319,11,36,15,101247,515191,511568,2024-01-15,Pistol,Motorcycle,12.294767,76.592511,Medium,Online Scam,Pending Trial
4320,FIR/2024/004320,7,25,19,101519,504798,502601,2025-09-09,Iron Rod,Auto,12.949504,74.821025,Critical,Firearm,Pending Trial
4321,FIR/2025/004321,11,35,19,101490,520347,519888,2023-10-21,Unknown,Truck,12.928434,74.82652,Critical,Vehicle Lock Break,Under Investigation
4322,FIR/2026/004322,4,13,18,101458,513076,517900,2022-02-27,Iron Rod,Auto,12.962207,74.881942,Low,Fake Identity,Closed
4323,FIR/2023/004323,7,25,1,100023,507969,506298,2024-03-16,Crowbar,Scooter,13.000478,77.5733,High,Physical Assault,Charge Sheet Filed
4324,FIR/2026/004324,3,8,2,100153,508228,508733,2024-03-02,Stick,Car,12.958204,77.61911,Critical,Social Engineering,Closed
4325,FIR/2025/004325,6,20,17,101396,507400,518700,2024-07-08,Iron Rod,Car,12.887132,74.839707,High,Fake Identity,Charge Sheet Filed
4326,FIR/2024/004326,8,28,6,100509,510761,507568,2024-02-15,Iron Rod,Truck,12.977098,77.615406,High,Knife Attack,Charge Sheet Filed
4327,FIR/2024/004327,5,15,1,100030,518447,502475,2024-02-21,Hands,Van,12.94944,77.542199,Medium,Social Engineering,Pending Trial
4328,FIR/2022/004328,9,29,1,100068,502585,503501,2022-12-21,Hands,Motorcycle,12.983939,77.556724,Low,Social Engineering,Charge Sheet Filed
4329,FIR/2024/004329,12,38,10,100818,505430,514747,2024-06-02,Unknown,Auto,12.924272,77.583311,Low,Social Engineering,Pending Trial
4330,FIR/2023/004330,6,20,15,101224,506250,507789,2026-08-25,Unknown,Scooter,12.291582,76.588223,Critical,ATM Skimming,Closed
4331,FIR/2025/004331,10,34,2,100127,514503,517244,2024-12-04,Pistol,Motorcycle,12.941374,77.591352,High,Poisoning,Under Investigation
4332,FIR/2024/004332,6,20,16,101316,513878,514425,2022-02-17,Unknown,Scooter,12.948202,74.862298,Medium,ATM Skimming,Closed
4333,FIR/2023/004333,11,35,1,100082,504580,522933,2023-04-25,Iron Rod,Truck,12.966331,77.581519,High,ATM Skimming,Under Investigation
4334,FIR/2024/004334,1,3,5,100380,521365,504217,2023-01-28,Knife,Motorcycle,12.925518,77.568421,Low,Vehicle Lock Break,Charge Sheet Filed
4335,FIR/2025/004335,8,26,20,101606,514417,500954,2024-09-05,Knife,Scooter,12.897452,74.882977,Medium,Social Engineering,Closed
4336,FIR/2024/004336,8,28,20,101615,504724,502539,2023-11-07,Iron Rod,None,12.936259,74.848903,Medium,Knife Attack,Under Investigation
4337,FIR/2025/004337,3,10,10,100842,515612,510961,2025-11-04,Hands,None,12.944874,77.592393,High,Online Scam,Closed
4338,FIR/2022/004338,12,38,1,100033,524926,502363,2025-12-26,Knife,Van,12.952639,77.570784,Medium,Forced Entry,Closed
4339,FIR/2024/004339,8,26,15,101181,521298,514120,2022-07-15,Iron Rod,None,12.265999,76.623828,High,Firearm,Charge Sheet Filed
4340,FIR/2022/004340,8,28,18,101409,518967,512445,2022-12-02,Iron Rod,None,12.933634,74.86554,Medium,Poisoning,Pending Trial
4341,FIR/2022/004341,3,9,12,100992,506074,500559,2022-04-06,Hands,Motorcycle,12.337387,76.670245,Critical,Duplicate Key,Closed
4342,FIR/2023/004342,7,25,13,101100,505780,517391,2022-10-05,Knife,None,12.329392,76.656563,High,Poisoning,Under Investigation
4343,FIR/2023/004343,6,22,17,101369,523461,521370,2025-06-21,Knife,Motorcycle,12.932782,74.843374,Critical,Physical Assault,Under Investigation
4344,FIR/2022/004344,7,25,11,100958,513427,508532,2026-10-25,Stick,None,12.309767,76.625332,High,Online Scam,Under Investigation
4345,FIR/2026/004345,12,40,19,101471,500736,517811,2022-04-06,Hands,Truck,12.914614,74.851902,High,Duplicate Key,Charge Sheet Filed
4346,FIR/2025/004346,6,22,6,100523,515539,512855,2026-11-18,Hands,Auto,12.988143,77.615397,High,Online Scam,Closed
4347,FIR/2026/004347,6,18,15,101235,523178,522604,2026-09-26,Stick,None,12.316346,76.60169,Critical,Online Scam,Closed
4348,FIR/2024/004348,3,8,7,100588,512605,505277,2024-07-26,Iron Rod,Motorcycle,12.958227,77.608487,Medium,Duplicate Key,Closed
4349,FIR/2023/004349,11,37,14,101160,504468,513838,2022-07-14,Unknown,None,12.294188,76.642805,Low,Forced Entry,Pending Trial
4350,FIR/2022/004350,6,21,13,101059,509438,517764,2025-11-07,Knife,Motorcycle,12.322183,76.662262,Low,Poisoning,Under Investigation
4351,FIR/2022/004351,10,33,6,100518,518502,505657,2023-08-30,Pistol,Van,13.010097,77.586111,High,Poisoning,Pending Trial
4352,FIR/2026/004352,7,25,13,101112,512270,520066,2025-12-05,Crowbar,Motorcycle,12.320876,76.699556,Low,Fake Identity,Closed
4353,FIR/2022/004353,3,8,10,100806,521524,506386,2022-04-04,Hands,Scooter,12.979567,77.616894,High,Duplicate Key,Under Investigation
4354,FIR/2022/004354,5,17,5,100362,514712,519952,2023-11-04,Pistol,Van,12.960725,77.544254,Low,Firearm,Under Investigation
4355,FIR/2023/004355,6,18,20,101589,519514,513323,2023-08-24,Crowbar,Van,12.942465,74.861288,High,Social Engineering,Under Investigation
4356,FIR/2025/004356,5,17,13,101094,524177,518377,2024-02-03,Unknown,Motorcycle,12.340064,76.649064,Critical,Forced Entry,Under Investigation
4357,FIR/2025/004357,3,10,10,100862,522550,520200,2022-08-29,Crowbar,Car,12.927351,77.569897,Medium,Fake Identity,Closed
4358,FIR/2024/004358,1,3,4,100286,510524,517275,2022-02-23,Stick,None,12.958341,77.652424,Critical,Knife Attack,Under Investigation
4359,FIR/2026/004359,1,3,2,100126,511398,504516,2026-05-12,Unknown,Scooter,12.936994,77.588081,Critical,Poisoning,Under Investigation
4360,FIR/2026/004360,1,2,1,100071,514793,513794,2024-01-01,Iron Rod,Truck,12.963482,77.550401,Critical,Forced Entry,Charge Sheet Filed
4361,FIR/2025/004361,1,3,14,101144,514246,509200,2022-11-04,Stick,Scooter,12.299233,76.683266,Medium,Physical Assault,Closed
4362,FIR/2026/004362,9,31,9,100709,502214,504681,2025-11-08,Hands,Motorcycle,12.969366,77.574534,Medium,Knife Attack,Pending Trial
4363,FIR/2022/004363,6,20,5,100418,502070,515688,2024-12-23,Knife,Motorcycle,12.918511,77.546171,Critical,Duplicate Key,Under Investigation
4364,FIR/2022/004364,6,21,19,101500,506383,511425,2023-04-05,Unknown,Auto,12.918128,74.808012,High,Knife Attack,Closed
4365,FIR/2024/004365,2,6,17,101383,503494,504244,2023-04-15,Iron Rod,Auto,12.876725,74.849181,Medium,Firearm,Charge Sheet Filed
4366,FIR/2022/004366,3,8,20,101549,511196,524923,2023-01-19,Pistol,None,12.942782,74.833891,Low,Forced Entry,Pending Trial
4367,FIR/2026/004367,6,18,13,101092,516466,522552,2026-12-25,Stick,Auto,12.304816,76.699016,High,Vehicle Lock Break,Under Investigation
4368,FIR/2022/004368,5,14,6,100495,514440,511241,2025-08-24,Unknown,Truck,12.968948,77.581787,Critical,Firearm,Closed
4369,FIR/2025/004369,8,26,15,101226,510372,513331,2026-04-07,Knife,Truck,12.263292,76.596162,Medium,Duplicate Key,Pending Trial
4370,FIR/2023/004370,9,30,16,101270,520882,512670,2025-10-01,Crowbar,Car,12.921997,74.883083,Low,Duplicate Key,Closed
4371,FIR/2024/004371,4,11,19,101538,506748,501096,2022-01-18,Crowbar,None,12.954879,74.80922,Critical,Firearm,Under Investigation
4372,FIR/2024/004372,7,23,6,100441,510632,510429,2024-12-19,Crowbar,Motorcycle,13.010891,77.62182,Critical,Fake Identity,Charge Sheet Filed
4373,FIR/2023/004373,2,6,5,100359,517166,507632,2024-10-31,Iron Rod,Auto,12.952388,77.597153,Critical,Firearm,Charge Sheet Filed
4374,FIR/2025/004374,9,29,5,100402,503729,517834,2022-12-02,Unknown,Scooter,12.950638,77.566707,Medium,Fake Identity,Charge Sheet Filed
4375,FIR/2023/004375,3,8,6,100427,514073,510455,2023-07-29,Iron Rod,Scooter,12.977619,77.565186,Low,Poisoning,Under Investigation
4376,FIR/2022/004376,8,28,8,100705,505888,513077,2025-04-08,Iron Rod,Motorcycle,12.959698,77.571834,High,Social Engineering,Under Investigation
4377,FIR/2022/004377,4,12,2,100141,515487,502670,2022-08-17,Crowbar,Truck,12.93064,77.594778,Critical,Duplicate Key,Under Investigation
4378,FIR/2023/004378,3,8,17,101346,521343,516818,2023-04-13,Crowbar,None,12.893745,74.853499,High,Forced Entry,Charge Sheet Filed
4379,FIR/2026/004379,5,16,3,100198,522549,520764,2023-02-22,Pistol,None,12.958769,77.603289,Medium,Poisoning,Pending Trial
4380,FIR/2022/004380,3,8,18,101465,522139,507618,2025-12-20,Pistol,Auto,12.96156,74.855132,High,Vehicle Lock Break,Charge Sheet Filed
4381,FIR/2025/004381,2,5,7,100573,505704,501836,2022-09-29,Unknown,Car,12.916748,77.597317,Medium,Forced Entry,Closed
4382,FIR/2025/004382,7,25,18,101451,516885,500745,2023-11-01,Crowbar,Scooter,12.917229,74.832614,Low,Poisoning,Charge Sheet Filed
4383,FIR/2024/004383,10,33,17,101395,521625,520345,2022-08-18,Unknown,Scooter,12.880599,74.880755,High,Social Engineering,Under Investigation
4384,FIR/2025/004384,10,34,1,100030,507288,517362,2022-12-13,Knife,Van,12.954419,77.586957,High,Physical Assault,Pending Trial
4385,FIR/2025/004385,4,12,8,100649,524114,516741,2023-03-10,Hands,Motorcycle,13.014351,77.608743,Low,Vehicle Lock Break,Charge Sheet Filed
4386,FIR/2026/004386,6,20,1,100089,505717,505429,2026-04-25,Unknown,Truck,12.994633,77.546906,Low,Online Scam,Pending Trial
4387,FIR/2023/004387,7,23,1,100009,508477,501004,2023-08-17,Iron Rod,Truck,12.990941,77.572065,Medium,Firearm,Charge Sheet Filed
4388,FIR/2024/004388,4,12,16,101274,506482,511175,2023-07-16,Pistol,Auto,12.951956,74.87937,Critical,Forced Entry,Closed
4389,FIR/2024/004389,9,31,11,100941,514375,516272,2026-04-27,Crowbar,None,12.308911,76.591742,Medium,Vehicle Lock Break,Charge Sheet Filed
4390,FIR/2023/004390,9,30,10,100849,516776,511051,2025-11-23,Pistol,Van,12.959169,77.604364,High,Poisoning,Pending Trial
4391,FIR/2023/004391,7,25,1,100001,511253,521703,2025-02-15,Stick,Auto,12.967098,77.55795,Low,Poisoning,Under Investigation
4392,FIR/2026/004392,1,3,19,101535,521251,500327,2026-09-13,Pistol,Motorcycle,12.920738,74.860863,High,Online Scam,Closed
4393,FIR/2024/004393,4,11,19,101475,515844,518406,2026-07-08,Pistol,Auto,12.939476,74.819017,Low,Forced Entry,Closed
4394,FIR/2023/004394,5,15,13,101073,524084,516404,2026-12-02,Knife,Auto,12.304278,76.704406,Low,Firearm,Pending Trial
4395,FIR/2025/004395,6,18,14,101130,512963,506637,2022-12-30,Unknown,None,12.304911,76.669783,Critical,Firearm,Under Investigation
4396,FIR/2023/004396,8,26,1,100042,518326,515236,2022-12-20,Crowbar,Scooter,12.963657,77.552444,Medium,Online Scam,Closed
4397,FIR/2026/004397,9,31,18,101421,507619,502855,2026-01-27,Unknown,Motorcycle,12.933133,74.841887,Critical,Online Scam,Pending Trial
4398,FIR/2023/004398,12,39,6,100443,524635,504802,2024-09-14,Unknown,Car,12.974753,77.59218,Medium,Physical Assault,Charge Sheet Filed
4399,FIR/2023/004399,9,29,7,100582,503617,502663,2023-01-07,Pistol,Car,12.923603,77.603229,High,Fake Identity,Charge Sheet Filed
4400,FIR/2025/004400,5,16,17,101401,509255,507935,2023-10-07,Pistol,Van,12.894364,74.837708,High,Online Scam,Under Investigation
4401,FIR/2023/004401,8,27,16,101275,524836,509625,2023-02-26,Pistol,Auto,12.964285,74.862969,High,Poisoning,Charge Sheet Filed
4402,FIR/2026/004402,11,35,10,100788,503430,514976,2024-01-13,Pistol,Van,12.927528,77.612934,Critical,Social Engineering,Closed
4403,FIR/2025/004403,7,25,5,100373,510859,509925,2026-07-27,Iron Rod,Auto,12.929836,77.575238,Low,Knife Attack,Closed
4404,FIR/2023/004404,7,25,7,100567,524379,520853,2026-09-25,Pistol,Motorcycle,12.920379,77.597289,Low,Poisoning,Closed
4405,FIR/2025/004405,1,4,1,100070,510947,517268,2025-06-01,Unknown,None,12.973951,77.587514,Critical,Knife Attack,Under Investigation
4406,FIR/2023/004406,2,5,12,100993,517316,513889,2025-07-07,Pistol,Car,12.304709,76.674899,Medium,Duplicate Key,Under Investigation
4407,FIR/2026/004407,9,29,2,100149,519852,524397,2025-05-11,Crowbar,Van,12.92533,77.604934,Low,Firearm,Charge Sheet Filed
4408,FIR/2023/004408,10,32,8,100630,502136,512502,2024-08-28,Unknown,Van,12.99084,77.586837,Low,Duplicate Key,Pending Trial
4409,FIR/2023/004409,12,38,15,101229,523195,504495,2023-07-02,Hands,Auto,12.274557,76.626452,Low,Poisoning,Charge Sheet Filed
4410,FIR/2024/004410,8,28,1,100019,517644,522807,2022-04-22,Iron Rod,Motorcycle,12.994169,77.552825,Low,Firearm,Pending Trial
4411,FIR/2026/004411,11,36,9,100708,507553,506032,2024-03-03,Crowbar,Scooter,12.971258,77.552804,Low,Vehicle Lock Break,Charge Sheet Filed
4412,FIR/2026/004412,6,22,8,100657,500723,501050,2022-02-21,Hands,None,12.986575,77.610085,High,Poisoning,Under Investigation
4413,FIR/2022/004413,8,26,6,100441,519262,519861,2022-10-13,Stick,Car,12.98038,77.57674,Critical,Poisoning,Closed
4414,FIR/2022/004414,10,34,9,100740,523338,513489,2022-05-25,Stick,Van,12.988762,77.571639,Low,Firearm,Charge Sheet Filed
4415,FIR/2026/004415,1,2,1,100065,501471,502091,2024-02-13,Iron Rod,Car,12.949526,77.575277,High,Social Engineering,Pending Trial
4416,FIR/2026/004416,12,40,12,101019,522204,524249,2023-03-17,Iron Rod,None,12.304044,76.692635,Low,Poisoning,Under Investigation
4417,FIR/2024/004417,12,38,7,100570,517813,521583,2022-09-17,Knife,None,12.910726,77.618095,Critical,Knife Attack,Under Investigation
4418,FIR/2023/004418,9,30,20,101609,514012,521079,2023-10-21,Crowbar,Scooter,12.906693,74.870205,Critical,Firearm,Closed
4419,FIR/2024/004419,3,9,17,101344,515209,505950,2026-03-03,Hands,Motorcycle,12.881903,74.857171,Medium,Fake Identity,Closed
4420,FIR/2025/004420,10,32,7,100549,500397,501983,2024-05-13,Crowbar,Scooter,12.961277,77.618679,Medium,Vehicle Lock Break,Charge Sheet Filed
4421,FIR/2023/004421,3,10,18,101441,502757,522494,2025-10-06,Stick,Truck,12.942055,74.840993,High,Firearm,Pending Trial
4422,FIR/2025/004422,7,24,10,100791,517432,513474,2025-08-12,Stick,Auto,12.955758,77.596214,Medium,Vehicle Lock Break,Closed
4423,FIR/2026/004423,1,1,6,100496,522571,521146,2026-10-10,Iron Rod,Motorcycle,12.989452,77.618382,Low,Poisoning,Charge Sheet Filed
4424,FIR/2025/004424,11,36,16,101334,524441,524878,2023-07-30,Knife,Auto,12.961256,74.87753,Critical,Vehicle Lock Break,Charge Sheet Filed
4425,FIR/2024/004425,11,36,15,101183,524251,509052,2023-11-17,Unknown,Truck,12.274159,76.642422,Low,Social Engineering,Closed
4426,FIR/2026/004426,8,27,1,100014,508678,508147,2025-05-07,Iron Rod,None,12.96026,77.537913,High,Duplicate Key,Pending Trial
4427,FIR/2026/004427,1,1,16,101318,511090,515385,2026-02-13,Unknown,Car,12.931697,74.877485,Low,Social Engineering,Closed
4428,FIR/2026/004428,9,29,5,100365,521547,511549,2024-07-08,Crowbar,Van,12.947029,77.59978,Low,Knife Attack,Pending Trial
4429,FIR/2025/004429,4,11,13,101068,523752,504625,2024-10-07,Stick,Truck,12.291587,76.670438,Low,Duplicate Key,Charge Sheet Filed
4430,FIR/2023/004430,8,26,20,101590,514294,519044,2025-06-23,Unknown,Auto,12.936814,74.837598,Low,ATM Skimming,Under Investigation
4431,FIR/2026/004431,10,33,2,100162,522262,520418,2024-10-25,Crowbar,Van,12.950163,77.630551,Medium,Physical Assault,Under Investigation
4432,FIR/2026/004432,8,26,4,100327,521674,504369,2025-08-18,Knife,Car,12.966293,77.633376,Low,Forced Entry,Pending Trial
4433,FIR/2023/004433,9,29,2,100143,500876,518755,2023-11-29,Knife,Car,12.924298,77.605844,Medium,ATM Skimming,Pending Trial
4434,FIR/2025/004434,9,30,17,101394,507168,523883,2023-08-08,Iron Rod,Truck,12.908235,74.828177,Medium,Physical Assault,Charge Sheet Filed
4435,FIR/2026/004435,12,40,6,100522,505675,509277,2026-11-21,Knife,Auto,12.998738,77.577366,High,Duplicate Key,Closed
4436,FIR/2022/004436,5,16,4,100323,501590,503275,2024-11-13,Pistol,None,12.998752,77.636236,Critical,Knife Attack,Charge Sheet Filed
4437,FIR/2024/004437,1,1,9,100760,517604,502636,2023-09-15,Pistol,Truck,12.969336,77.54824,Critical,Poisoning,Closed
4438,FIR/2023/004438,7,24,2,100143,520906,501639,2024-05-27,Crowbar,None,12.924622,77.639595,Medium,Knife Attack,Closed
4439,FIR/2026/004439,7,23,13,101087,524663,522976,2024-05-19,Iron Rod,Truck,12.333898,76.699232,Low,ATM Skimming,Charge Sheet Filed
4440,FIR/2025/004440,6,19,3,100178,523059,522652,2022-04-29,Knife,Motorcycle,12.95067,77.589682,Critical,Duplicate Key,Charge Sheet Filed
4441,FIR/2026/004441,9,31,6,100463,520146,501831,2023-07-17,Pistol,Van,12.994319,77.619266,Low,Duplicate Key,Closed
4442,FIR/2025/004442,7,25,3,100206,505121,520421,2024-10-24,Unknown,Car,12.982474,77.612122,Medium,Vehicle Lock Break,Charge Sheet Filed
4443,FIR/2023/004443,6,22,15,101237,510208,521277,2023-06-29,Knife,Van,12.266251,76.623216,High,Vehicle Lock Break,Charge Sheet Filed
4444,FIR/2022/004444,9,31,6,100529,523482,512041,2024-05-11,Pistol,Van,12.966806,77.59335,High,ATM Skimming,Charge Sheet Filed
4445,FIR/2024/004445,9,30,18,101410,503690,519053,2026-06-13,Hands,Motorcycle,12.92204,74.863203,High,Duplicate Key,Charge Sheet Filed
4446,FIR/2026/004446,12,39,13,101104,506373,511729,2024-03-05,Stick,Motorcycle,12.30941,76.661608,Low,Knife Attack,Under Investigation
4447,FIR/2026/004447,7,25,13,101079,514764,512208,2023-06-22,Hands,None,12.2874,76.650356,High,Forced Entry,Closed
4448,FIR/2025/004448,10,33,9,100714,516066,524390,2025-08-06,Pistol,None,13.009196,77.561043,Medium,Forced Entry,Closed
4449,FIR/2023/004449,9,29,9,100772,503814,510896,2024-06-14,Crowbar,Van,12.979548,77.581443,High,Fake Identity,Pending Trial
4450,FIR/2023/004450,6,18,19,101519,504202,509460,2025-09-20,Hands,Car,12.927542,74.819852,Critical,ATM Skimming,Charge Sheet Filed
4451,FIR/2022/004451,4,12,18,101458,522947,513916,2025-10-24,Knife,Van,12.943293,74.87973,Critical,Fake Identity,Charge Sheet Filed
4452,FIR/2023/004452,11,35,1,100076,502796,515475,2022-12-08,Knife,Motorcycle,12.980742,77.567324,Low,Social Engineering,Closed
4453,FIR/2025/004453,6,18,14,101129,505874,501362,2023-02-26,Crowbar,Auto,12.25811,76.633357,Low,Vehicle Lock Break,Closed
4454,FIR/2023/004454,2,6,17,101354,509514,500004,2025-10-15,Unknown,Auto,12.915608,74.84218,Low,Poisoning,Pending Trial
4455,FIR/2025/004455,4,12,6,100491,506405,513976,2025-02-20,Unknown,Scooter,13.000034,77.563231,Low,Fake Identity,Under Investigation
4456,FIR/2025/004456,6,20,4,100258,517120,514750,2023-03-31,Knife,Van,12.976421,77.655412,Low,Duplicate Key,Closed
4457,FIR/2022/004457,4,13,4,100326,523787,516768,2026-11-03,Iron Rod,Van,13.000057,77.641932,Low,ATM Skimming,Under Investigation
4458,FIR/2026/004458,9,29,11,100921,515645,500462,2024-12-17,Unknown,Auto,12.343205,76.604234,Critical,Duplicate Key,Closed
4459,FIR/2025/004459,6,19,9,100773,505088,518265,2024-10-31,Stick,Scooter,12.978269,77.578897,Low,Physical Assault,Closed
4460,FIR/2022/004460,9,31,2,100101,509148,506231,2026-09-06,Knife,Auto,12.968061,77.619913,Medium,Forced Entry,Pending Trial
4461,FIR/2023/004461,8,27,13,101112,515520,524641,2026-01-28,Pistol,None,12.334792,76.677072,Medium,Forced Entry,Closed
4462,FIR/2023/004462,10,34,12,101033,500807,513756,2023-03-10,Iron Rod,Car,12.311832,76.685282,Medium,Online Scam,Pending Trial
4463,FIR/2025/004463,1,2,14,101167,520493,513294,2026-08-28,Unknown,Car,12.296729,76.680582,Critical,Knife Attack,Closed
4464,FIR/2025/004464,11,36,15,101218,501559,518858,2026-02-17,Hands,Auto,12.281798,76.588826,Critical,Poisoning,Under Investigation
4465,FIR/2024/004465,10,33,13,101118,510769,511518,2024-04-03,Iron Rod,Car,12.312984,76.650253,Low,Poisoning,Closed
4466,FIR/2023/004466,5,17,10,100787,521957,508536,2025-09-02,Stick,Truck,12.944536,77.615329,Low,Knife Attack,Charge Sheet Filed
4467,FIR/2025/004467,1,2,18,101449,518001,515542,2024-12-29,Hands,Auto,12.951657,74.869724,Low,Forced Entry,Pending Trial
4468,FIR/2025/004468,12,39,5,100403,519945,523181,2023-02-18,Iron Rod,Van,12.940643,77.550505,Low,Fake Identity,Charge Sheet Filed
4469,FIR/2023/004469,12,38,11,100910,521865,521058,2024-01-08,Pistol,Truck,12.324858,76.63812,Critical,Vehicle Lock Break,Pending Trial
4470,FIR/2024/004470,12,39,6,100537,519904,521835,2024-09-24,Stick,None,12.989191,77.579341,High,Social Engineering,Charge Sheet Filed
4471,FIR/2026/004471,10,33,10,100789,520389,500292,2026-01-15,Stick,Scooter,12.983822,77.568974,Low,Poisoning,Under Investigation
4472,FIR/2023/004472,10,32,18,101438,523139,515988,2023-07-30,Iron Rod,None,12.929127,74.874881,Low,Vehicle Lock Break,Pending Trial
4473,FIR/2024/004473,1,4,8,100630,513128,506407,2024-10-20,Pistol,Truck,13.001607,77.626888,High,ATM Skimming,Charge Sheet Filed
4474,FIR/2025/004474,1,2,6,100519,509281,524096,2024-03-16,Pistol,Truck,12.992758,77.610524,Medium,Forced Entry,Pending Trial
4475,FIR/2023/004475,2,5,15,101181,522084,505388,2025-11-25,Stick,None,12.31045,76.612761,High,Poisoning,Closed
4476,FIR/2026/004476,7,23,19,101510,522340,501020,2022-11-15,Iron Rod,Motorcycle,12.939415,74.851505,Critical,Fake Identity,Under Investigation
4477,FIR/2024/004477,4,11,9,100727,511757,516698,2025-02-24,Pistol,Car,12.976869,77.560229,High,Physical Assault,Under Investigation
4478,FIR/2022/004478,4,13,3,100220,500994,524466,2022-04-19,Hands,Scooter,12.951224,77.575082,Medium,Vehicle Lock Break,Charge Sheet Filed
4479,FIR/2023/004479,3,9,1,100039,504491,501971,2024-12-27,Stick,None,13.000691,77.548677,Medium,ATM Skimming,Charge Sheet Filed
4480,FIR/2022/004480,10,32,9,100720,522375,509215,2022-03-08,Unknown,None,12.985162,77.557869,Low,Social Engineering,Under Investigation
4481,FIR/2025/004481,1,3,4,100286,523966,518094,2022-01-30,Unknown,Scooter,12.955934,77.641483,High,Physical Assault,Under Investigation
4482,FIR/2026/004482,10,32,6,100509,514431,502990,2026-09-02,Pistol,Motorcycle,12.986814,77.579133,Low,Forced Entry,Charge Sheet Filed
4483,FIR/2025/004483,2,7,7,100563,519429,504615,2025-12-28,Hands,Truck,12.921427,77.611725,Critical,Knife Attack,Charge Sheet Filed
4484,FIR/2024/004484,6,22,7,100608,523707,505210,2026-07-02,Hands,Van,12.947778,77.604194,Low,Knife Attack,Charge Sheet Filed
4485,FIR/2022/004485,6,22,11,100888,507045,502919,2024-08-15,Crowbar,Truck,12.330319,76.582413,High,Fake Identity,Pending Trial
4486,FIR/2025/004486,6,22,16,101268,520769,510427,2025-01-27,Crowbar,Scooter,12.951086,74.843434,Medium,Online Scam,Charge Sheet Filed
4487,FIR/2022/004487,7,23,7,100558,508832,504929,2026-09-05,Knife,Van,12.932348,77.605441,Low,Physical Assault,Pending Trial
4488,FIR/2022/004488,7,23,11,100910,504295,504565,2024-02-22,Iron Rod,Truck,12.306451,76.630129,Critical,Online Scam,Under Investigation
4489,FIR/2024/004489,10,33,16,101264,503081,508083,2025-10-07,Stick,Motorcycle,12.930033,74.887426,Medium,Fake Identity,Under Investigation
4490,FIR/2025/004490,10,34,18,101433,503711,511181,2024-09-25,Stick,Auto,12.928214,74.890176,Critical,Online Scam,Pending Trial
4491,FIR/2025/004491,9,29,17,101376,513159,504395,2023-05-31,Iron Rod,Scooter,12.887045,74.876874,Medium,Social Engineering,Closed
4492,FIR/2024/004492,10,32,20,101589,520418,506047,2022-03-02,Stick,None,12.901938,74.853642,Critical,Fake Identity,Under Investigation
4493,FIR/2024/004493,1,1,10,100810,517886,505466,2025-08-31,Crowbar,Motorcycle,12.94486,77.561011,Low,Knife Attack,Under Investigation
4494,FIR/2025/004494,7,23,10,100876,519274,506357,2023-05-06,Hands,Truck,12.930646,77.599068,Medium,Online Scam,Closed
4495,FIR/2022/004495,10,33,1,100054,513572,522188,2024-07-24,Pistol,Truck,12.981734,77.561628,Low,Firearm,Charge Sheet Filed
4496,FIR/2022/004496,3,10,9,100765,509450,519423,2025-11-08,Unknown,Car,13.011484,77.553681,Medium,Physical Assault,Under Investigation
4497,FIR/2023/004497,6,18,15,101184,511690,505138,2022-06-25,Pistol,Motorcycle,12.269006,76.641915,Low,Physical Assault,Pending Trial
4498,FIR/2022/004498,11,36,11,100913,509777,522984,2022-07-30,Iron Rod,None,12.317307,76.581508,High,Forced Entry,Pending Trial
4499,FIR/2023/004499,10,32,19,101525,522446,514815,2026-04-15,Knife,Scooter,12.916991,74.825332,Medium,Poisoning,Under Investigation
4500,FIR/2023/004500,9,31,18,101417,518976,520362,2022-06-20,Crowbar,Truck,12.947763,74.852254,Critical,Online Scam,Charge Sheet Filed
4501,FIR/2023/004501,2,6,19,101485,521913,518117,2023-11-15,Crowbar,Auto,12.923502,74.86309,High,Social Engineering,Charge Sheet Filed
4502,FIR/2026/004502,12,38,14,101139,517732,503474,2022-03-31,Pistol,Truck,12.308528,76.680448,Low,Vehicle Lock Break,Closed
4503,FIR/2023/004503,8,26,2,100144,516571,501209,2023-09-24,Stick,Auto,12.945675,77.59181,High,Firearm,Under Investigation
4504,FIR/2025/004504,7,25,18,101422,508985,508201,2024-09-26,Unknown,Scooter,12.912619,74.861795,Medium,Knife Attack,Under Investigation
4505,FIR/2022/004505,7,23,11,100963,500042,522912,2023-08-20,Stick,Van,12.313739,76.586876,Low,Knife Attack,Pending Trial
4506,FIR/2023/004506,3,10,3,100209,518312,503282,2023-12-31,Unknown,Van,12.954364,77.60655,Medium,Duplicate Key,Pending Trial
4507,FIR/2026/004507,9,31,15,101252,522975,512985,2023-12-14,Crowbar,Scooter,12.272601,76.639579,Critical,Poisoning,Pending Trial
4508,FIR/2025/004508,8,26,3,100251,516719,507005,2024-12-12,Iron Rod,Motorcycle,12.981475,77.578337,Medium,Social Engineering,Closed
4509,FIR/2025/004509,5,17,9,100748,504286,514767,2024-04-05,Unknown,Auto,13.003996,77.552134,Medium,Vehicle Lock Break,Closed
4510,FIR/2026/004510,4,13,6,100491,504360,511201,2025-04-02,Stick,None,12.970465,77.603908,Low,Fake Identity,Charge Sheet Filed
4511,FIR/2026/004511,7,23,8,100691,502437,524441,2026-07-01,Crowbar,Car,12.994984,77.599417,High,Online Scam,Under Investigation
4512,FIR/2023/004512,9,31,7,100579,505143,515167,2025-03-14,Unknown,Car,12.927243,77.634123,Critical,Physical Assault,Charge Sheet Filed
4513,FIR/2025/004513,6,18,8,100663,517493,505553,2026-01-05,Hands,None,12.967011,77.574102,Medium,Firearm,Closed
4514,FIR/2025/004514,1,3,17,101382,508245,517081,2026-08-12,Knife,None,12.882282,74.822647,Critical,Social Engineering,Under Investigation
4515,FIR/2025/004515,7,24,16,101341,522344,500577,2026-02-19,Unknown,Van,12.930713,74.875916,Critical,Vehicle Lock Break,Closed
4516,FIR/2022/004516,5,17,5,100342,510015,515267,2026-04-20,Knife,Truck,12.910685,77.599115,Medium,Social Engineering,Under Investigation
4517,FIR/2026/004517,1,1,15,101253,500793,507922,2024-12-27,Unknown,Van,12.264498,76.622138,Low,Knife Attack,Charge Sheet Filed
4518,FIR/2023/004518,9,30,12,101034,511428,501032,2023-10-08,Unknown,Van,12.32049,76.670263,High,Firearm,Under Investigation
4519,FIR/2025/004519,6,22,8,100626,516314,514053,2024-10-27,Stick,Car,12.998564,77.610819,Critical,Social Engineering,Charge Sheet Filed
4520,FIR/2024/004520,2,7,6,100526,500628,501584,2023-10-02,Pistol,Van,12.973346,77.570754,Low,Duplicate Key,Charge Sheet Filed
4521,FIR/2025/004521,7,25,17,101396,523390,509261,2024-02-14,Stick,Truck,12.904291,74.862884,Low,Forced Entry,Charge Sheet Filed
4522,FIR/2022/004522,4,11,19,101486,524215,504053,2025-01-16,Stick,Motorcycle,12.899861,74.84248,Medium,Forced Entry,Charge Sheet Filed
4523,FIR/2025/004523,6,18,18,101416,500493,504428,2022-10-29,Stick,Van,12.95451,74.845059,Low,Online Scam,Closed
4524,FIR/2022/004524,7,24,4,100288,511614,524137,2024-04-02,Unknown,Van,13.012007,77.597668,Critical,Vehicle Lock Break,Charge Sheet Filed
4525,FIR/2025/004525,12,39,9,100754,516744,509538,2025-11-29,Stick,None,12.966434,77.593515,High,Duplicate Key,Pending Trial
4526,FIR/2026/004526,5,17,16,101288,503424,513799,2024-03-29,Hands,Motorcycle,12.926186,74.8673,Medium,Social Engineering,Pending Trial
4527,FIR/2024/004527,8,27,20,101547,517486,500070,2026-01-24,Stick,None,12.923141,74.876587,Low,Social Engineering,Closed
4528,FIR/2024/004528,4,11,16,101341,524185,507136,2026-02-18,Hands,None,12.972252,74.894377,Critical,Online Scam,Closed
4529,FIR/2024/004529,3,8,17,101377,519856,524038,2025-01-21,Pistol,Van,12.914652,74.832005,Critical,Forced Entry,Under Investigation
4530,FIR/2026/004530,8,28,13,101097,509264,507267,2025-04-01,Hands,Scooter,12.28296,76.663339,High,Physical Assault,Charge Sheet Filed
4531,FIR/2023/004531,2,6,18,101427,502914,519645,2025-03-19,Pistol,Car,12.94927,74.865988,Medium,Vehicle Lock Break,Under Investigation
4532,FIR/2025/004532,8,28,10,100873,500524,510887,2023-03-09,Hands,Car,12.933867,77.569991,Critical,Poisoning,Closed
4533,FIR/2024/004533,3,8,15,101209,515844,501177,2026-06-02,Hands,Van,12.264874,76.608342,Critical,Fake Identity,Closed
4534,FIR/2022/004534,8,26,17,101402,508706,504427,2026-12-15,Hands,Auto,12.931385,74.847439,Medium,Firearm,Under Investigation
4535,FIR/2023/004535,11,35,8,100662,516343,506901,2023-10-25,Pistol,Car,12.961746,77.595538,High,Fake Identity,Closed
4536,FIR/2022/004536,6,19,10,100853,523172,519359,2022-08-23,Hands,Auto,12.950821,77.571674,Low,Forced Entry,Closed
4537,FIR/2024/004537,11,37,19,101504,508116,516500,2024-11-29,Stick,Scooter,12.900378,74.86494,High,Duplicate Key,Charge Sheet Filed
4538,FIR/2026/004538,9,30,3,100202,509060,522053,2025-06-04,Pistol,Auto,13.002414,77.569349,Low,Social Engineering,Charge Sheet Filed
4539,FIR/2025/004539,4,11,3,100213,507980,516108,2025-09-18,Iron Rod,Truck,12.958467,77.569976,High,Fake Identity,Pending Trial
4540,FIR/2025/004540,7,25,8,100632,510595,504624,2024-06-18,Unknown,Car,13.006449,77.567446,Medium,Firearm,Pending Trial
4541,FIR/2025/004541,9,29,9,100712,519211,520625,2025-06-28,Stick,None,13.018247,77.544789,High,Physical Assault,Charge Sheet Filed
4542,FIR/2025/004542,6,19,17,101361,513377,500389,2026-02-26,Crowbar,Truck,12.896032,74.87178,Low,Firearm,Pending Trial
4543,FIR/2022/004543,3,8,3,100225,512477,511149,2023-04-22,Stick,Motorcycle,12.954104,77.612617,Critical,ATM Skimming,Pending Trial
4544,FIR/2025/004544,9,29,10,100796,510664,518326,2026-04-11,Crowbar,Auto,12.973248,77.569994,Low,Duplicate Key,Closed
4545,FIR/2024/004545,6,22,7,100588,502022,508601,2022-01-14,Hands,None,12.943241,77.654806,Low,Forced Entry,Pending Trial
4546,FIR/2026/004546,11,37,8,100701,508217,517704,2022-11-13,Hands,None,13.014585,77.609887,Critical,Firearm,Charge Sheet Filed
4547,FIR/2024/004547,3,8,5,100424,500496,522140,2023-03-19,Stick,Auto,12.955058,77.545954,High,Firearm,Charge Sheet Filed
4548,FIR/2022/004548,10,33,19,101503,500112,505673,2026-05-06,Unknown,Truck,12.956927,74.849331,High,Poisoning,Closed
4549,FIR/2022/004549,1,2,5,100370,502045,512139,2026-04-09,Unknown,Car,12.932363,77.556201,Medium,Fake Identity,Closed
4550,FIR/2024/004550,3,8,11,100912,523840,521304,2022-06-23,Hands,Truck,12.318235,76.590606,Low,Forced Entry,Under Investigation
4551,FIR/2026/004551,7,24,6,100440,512004,508694,2022-05-11,Iron Rod,Van,13.007508,77.60122,Low,ATM Skimming,Pending Trial
4552,FIR/2026/004552,1,1,14,101141,519602,503269,2024-03-18,Crowbar,Van,12.267771,76.652881,Critical,Online Scam,Under Investigation
4553,FIR/2026/004553,9,29,10,100776,523782,502885,2026-02-10,Iron Rod,None,12.951262,77.568984,High,Fake Identity,Pending Trial
4554,FIR/2025/004554,8,27,2,100135,514456,503856,2026-03-07,Pistol,Auto,12.981154,77.584933,Medium,Firearm,Pending Trial
4555,FIR/2022/004555,5,17,11,100910,508395,509493,2025-07-02,Crowbar,Auto,12.329093,76.627725,Critical,Forced Entry,Charge Sheet Filed
4556,FIR/2022/004556,6,20,3,100229,522352,516109,2025-01-09,Stick,Scooter,12.948943,77.583595,Medium,Physical Assault,Pending Trial
4557,FIR/2023/004557,7,24,13,101098,518740,506577,2025-04-30,Knife,Truck,12.330083,76.696747,Critical,Firearm,Closed
4558,FIR/2026/004558,12,40,20,101558,506915,518394,2023-01-31,Iron Rod,Motorcycle,12.908947,74.851488,High,Social Engineering,Pending Trial
4559,FIR/2024/004559,6,20,13,101111,515109,521391,2025-12-21,Knife,None,12.299964,76.677037,Medium,Fake Identity,Closed
4560,FIR/2026/004560,7,23,16,101327,506532,514627,2026-07-19,Pistol,Motorcycle,12.9333,74.86921,Medium,Forced Entry,Pending Trial
4561,FIR/2025/004561,1,3,2,100113,514862,510425,2023-04-10,Knife,Car,12.932238,77.590553,Medium,Fake Identity,Closed
4562,FIR/2023/004562,9,29,13,101062,508893,512435,2024-03-20,Knife,Car,12.340589,76.696675,Medium,ATM Skimming,Closed
4563,FIR/2023/004563,1,4,14,101158,501337,503851,2022-01-12,Hands,Scooter,12.256683,76.683496,Low,Social Engineering,Closed
4564,FIR/2026/004564,3,8,3,100173,518446,504325,2025-11-20,Crowbar,Van,12.963562,77.593603,Critical,Fake Identity,Pending Trial
4565,FIR/2025/004565,4,12,1,100080,517339,523344,2022-06-24,Knife,Truck,12.965228,77.584669,High,Knife Attack,Closed
4566,FIR/2026/004566,4,13,20,101545,517195,514879,2022-06-03,Unknown,Motorcycle,12.887923,74.891088,Critical,Vehicle Lock Break,Closed
4567,FIR/2023/004567,4,13,5,100355,504722,504885,2023-12-22,Knife,None,12.95328,77.577648,High,Social Engineering,Pending Trial
4568,FIR/2026/004568,1,1,1,100014,508732,515473,2026-10-13,Knife,Truck,12.992249,77.58094,Medium,Vehicle Lock Break,Charge Sheet Filed
4569,FIR/2025/004569,5,15,3,100182,524893,521150,2026-06-14,Pistol,None,12.968226,77.625958,Medium,Forced Entry,Pending Trial
4570,FIR/2022/004570,3,10,6,100512,512335,523600,2026-04-12,Stick,Van,12.989226,77.607091,Low,Fake Identity,Closed
4571,FIR/2026/004571,10,34,6,100502,519140,520935,2025-01-11,Hands,Scooter,13.00902,77.573532,Low,ATM Skimming,Charge Sheet Filed
4572,FIR/2023/004572,9,29,2,100123,505587,522690,2022-04-20,Hands,Van,12.976304,77.635289,Low,Social Engineering,Pending Trial
4573,FIR/2024/004573,11,37,18,101450,516709,502780,2026-06-12,Iron Rod,Van,12.918671,74.881017,Medium,Poisoning,Closed
4574,FIR/2026/004574,2,7,3,100235,512213,502479,2025-02-15,Knife,None,13.001486,77.601436,Low,Fake Identity,Pending Trial
4575,FIR/2025/004575,1,4,15,101240,512093,514929,2022-06-23,Knife,Scooter,12.296145,76.610551,High,Physical Assault,Closed
4576,FIR/2024/004576,7,23,18,101446,509704,517360,2023-09-04,Unknown,Auto,12.939878,74.886141,Low,Firearm,Under Investigation
4577,FIR/2024/004577,1,4,20,101607,509688,515708,2026-04-02,Pistol,Truck,12.896201,74.881667,Critical,Vehicle Lock Break,Closed
4578,FIR/2022/004578,5,14,20,101567,523385,518978,2025-04-08,Knife,Van,12.945857,74.889314,High,Online Scam,Pending Trial
4579,FIR/2023/004579,9,29,18,101409,520743,520499,2025-10-28,Unknown,Car,12.955812,74.832675,Critical,Online Scam,Closed
4580,FIR/2024/004580,11,36,14,101133,500351,517761,2024-07-08,Knife,Truck,12.252832,76.689166,Critical,ATM Skimming,Charge Sheet Filed
4581,FIR/2026/004581,7,25,9,100716,506159,507250,2026-07-13,Unknown,Truck,13.017711,77.594684,Low,ATM Skimming,Pending Trial
4582,FIR/2025/004582,5,15,15,101233,510021,524183,2025-09-14,Knife,Truck,12.264248,76.5942,High,Social Engineering,Under Investigation
4583,FIR/2022/004583,7,23,5,100385,521702,504228,2025-04-25,Crowbar,Motorcycle,12.956988,77.566679,Critical,ATM Skimming,Pending Trial
4584,FIR/2022/004584,3,8,15,101244,501531,520645,2022-03-14,Pistol,Scooter,12.285092,76.623504,Medium,Firearm,Pending Trial
4585,FIR/2026/004585,1,3,5,100418,509169,504791,2024-03-22,Crowbar,Van,12.913754,77.568138,Critical,Knife Attack,Under Investigation
4586,FIR/2022/004586,7,23,20,101554,502093,512664,2025-02-20,Stick,Auto,12.887046,74.880155,Critical,Knife Attack,Under Investigation
4587,FIR/2026/004587,9,29,7,100542,515854,515910,2023-08-31,Iron Rod,Truck,12.905351,77.619057,Critical,Online Scam,Closed
4588,FIR/2025/004588,3,9,4,100337,519520,508920,2024-06-04,Pistol,Car,12.989698,77.600287,Low,Online Scam,Under Investigation
4589,FIR/2022/004589,4,11,12,100984,505702,506076,2025-04-08,Knife,Scooter,12.335562,76.70115,Medium,Poisoning,Pending Trial
4590,FIR/2022/004590,5,15,16,101313,520517,523520,2023-05-25,Iron Rod,Scooter,12.92502,74.899154,Medium,ATM Skimming,Pending Trial
4591,FIR/2022/004591,12,40,12,101011,516842,520498,2024-09-10,Stick,Auto,12.296799,76.698819,Medium,Vehicle Lock Break,Closed
4592,FIR/2026/004592,6,19,3,100205,511912,511208,2022-09-16,Crowbar,Van,12.954421,77.57382,Low,Poisoning,Under Investigation
4593,FIR/2025/004593,5,14,1,100082,512294,523033,2022-10-27,Hands,Van,12.959599,77.58329,High,Knife Attack,Closed
4594,FIR/2023/004594,1,4,12,101017,521908,523382,2025-07-07,Pistol,None,12.319847,76.687728,Critical,Duplicate Key,Under Investigation
4595,FIR/2022/004595,8,27,2,100155,503757,520021,2023-02-18,Unknown,Motorcycle,12.938501,77.628002,Medium,Vehicle Lock Break,Charge Sheet Filed
4596,FIR/2023/004596,12,40,14,101154,513691,510875,2023-07-22,Crowbar,Motorcycle,12.293367,76.67797,Medium,Physical Assault,Pending Trial
4597,FIR/2024/004597,6,19,16,101277,514386,510471,2025-03-02,Hands,Van,12.964117,74.898504,Critical,Fake Identity,Closed
4598,FIR/2022/004598,5,15,2,100142,502019,520972,2022-07-08,Unknown,Van,12.94056,77.607877,High,Duplicate Key,Closed
4599,FIR/2026/004599,5,17,8,100659,510859,514433,2022-07-24,Unknown,Truck,12.976207,77.582829,High,Poisoning,Pending Trial
4600,FIR/2022/004600,7,25,10,100881,504118,512992,2023-03-29,Hands,None,12.96906,77.561763,High,Online Scam,Pending Trial
4601,FIR/2025/004601,5,15,20,101566,502871,514870,2024-04-25,Unknown,Van,12.902501,74.866259,High,Firearm,Under Investigation
4602,FIR/2026/004602,5,15,14,101126,504826,509953,2022-03-17,Iron Rod,Car,12.249618,76.641937,Medium,Poisoning,Pending Trial
4603,FIR/2024/004603,11,36,13,101110,502557,507075,2026-07-04,Stick,Truck,12.305001,76.689354,Low,Online Scam,Under Investigation
4604,FIR/2022/004604,1,1,16,101285,522525,501061,2023-10-04,Unknown,None,12.967892,74.886617,Low,Duplicate Key,Pending Trial
4605,FIR/2024/004605,11,35,14,101132,501623,506785,2025-02-15,Iron Rod,Car,12.259976,76.634148,Critical,Vehicle Lock Break,Under Investigation
4606,FIR/2026/004606,1,4,18,101430,509216,520969,2022-01-27,Iron Rod,Motorcycle,12.956885,74.889682,Medium,Social Engineering,Closed
4607,FIR/2022/004607,5,17,17,101346,514530,515797,2022-12-21,Stick,Car,12.92464,74.829951,High,Duplicate Key,Closed
4608,FIR/2025/004608,2,7,20,101591,503496,522095,2022-02-11,Knife,Car,12.895876,74.878261,Medium,Vehicle Lock Break,Charge Sheet Filed
4609,FIR/2026/004609,2,5,11,100949,522548,515136,2024-08-16,Knife,Auto,12.356864,76.591567,High,Fake Identity,Pending Trial
4610,FIR/2026/004610,5,15,13,101066,507321,500217,2023-09-16,Knife,Auto,12.296643,76.65765,High,Social Engineering,Under Investigation
4611,FIR/2022/004611,4,12,4,100299,512996,514884,2026-06-25,Crowbar,Motorcycle,12.989485,77.613977,Low,Forced Entry,Under Investigation
4612,FIR/2024/004612,12,40,19,101493,524813,523248,2025-05-09,Crowbar,Auto,12.901846,74.853299,High,Fake Identity,Under Investigation
4613,FIR/2026/004613,3,10,13,101067,503342,500595,2025-04-20,Stick,Auto,12.325531,76.673073,Critical,Physical Assault,Under Investigation
4614,FIR/2022/004614,12,40,10,100809,518910,518857,2022-11-14,Crowbar,None,12.954793,77.599516,Low,Duplicate Key,Closed
4615,FIR/2024/004615,4,13,19,101484,503562,523598,2026-09-06,Crowbar,Auto,12.912934,74.832997,Critical,Knife Attack,Closed
4616,FIR/2022/004616,3,8,13,101105,515986,522223,2025-02-20,Knife,Motorcycle,12.331109,76.692312,Low,Duplicate Key,Charge Sheet Filed
4617,FIR/2024/004617,3,9,19,101499,512433,502730,2022-01-11,Hands,None,12.917795,74.826478,Critical,Fake Identity,Charge Sheet Filed
4618,FIR/2026/004618,7,25,19,101514,501512,513694,2023-07-06,Unknown,Van,12.955521,74.807329,High,Social Engineering,Charge Sheet Filed
4619,FIR/2024/004619,5,15,11,100894,507240,523185,2025-08-05,Iron Rod,Truck,12.336442,76.583096,Medium,Online Scam,Under Investigation
4620,FIR/2023/004620,9,30,19,101539,508702,522002,2026-10-10,Crowbar,Scooter,12.922466,74.854894,Medium,Forced Entry,Charge Sheet Filed
4621,FIR/2025/004621,4,11,7,100581,507889,517400,2024-12-14,Crowbar,Car,12.916185,77.603204,Medium,Poisoning,Pending Trial
4622,FIR/2023/004622,9,29,8,100683,524850,521092,2022-10-18,Crowbar,Truck,12.972759,77.568942,Low,Physical Assault,Charge Sheet Filed
4623,FIR/2022/004623,12,39,9,100753,523386,504848,2022-10-19,Knife,None,12.964714,77.58079,Medium,Online Scam,Charge Sheet Filed
4624,FIR/2025/004624,12,39,16,101269,524004,513082,2026-05-10,Stick,Auto,12.952477,74.87005,Low,Forced Entry,Closed
4625,FIR/2023/004625,6,22,10,100882,502959,517829,2023-01-24,Unknown,Car,12.949997,77.581072,High,Physical Assault,Under Investigation
4626,FIR/2026/004626,12,40,5,100343,522503,508654,2024-01-06,Iron Rod,Scooter,12.965782,77.558368,Critical,Poisoning,Under Investigation
4627,FIR/2025/004627,12,39,15,101218,516723,509558,2023-12-29,Iron Rod,Car,12.279341,76.634086,High,Online Scam,Pending Trial
4628,FIR/2022/004628,3,9,4,100307,521342,519438,2026-07-31,Pistol,None,12.986743,77.649493,Medium,Online Scam,Pending Trial
4629,FIR/2023/004629,11,35,9,100767,515717,511294,2025-12-17,Hands,Scooter,13.023492,77.543266,Medium,Vehicle Lock Break,Closed
4630,FIR/2023/004630,1,3,15,101238,505804,510777,2022-10-11,Knife,Truck,12.291163,76.609173,High,Duplicate Key,Closed
4631,FIR/2025/004631,9,30,19,101525,507346,501986,2023-08-28,Stick,None,12.956091,74.835886,Critical,Forced Entry,Charge Sheet Filed
4632,FIR/2026/004632,3,8,11,100894,506687,509199,2022-04-24,Knife,Van,12.353229,76.631047,Low,Fake Identity,Pending Trial
4633,FIR/2022/004633,5,16,14,101145,502999,514260,2022-12-10,Hands,Truck,12.274159,76.646292,Medium,Poisoning,Charge Sheet Filed
4634,FIR/2023/004634,5,17,2,100123,501126,508377,2026-01-11,Iron Rod,Car,12.939002,77.580265,Low,Online Scam,Closed
4635,FIR/2026/004635,11,35,3,100231,501323,512639,2024-11-16,Unknown,Truck,12.993437,77.571093,Medium,Online Scam,Under Investigation
4636,FIR/2024/004636,11,36,15,101239,508013,502134,2022-02-13,Crowbar,None,12.265572,76.631729,High,Duplicate Key,Pending Trial
4637,FIR/2022/004637,8,27,9,100714,502991,503524,2026-07-24,Unknown,Scooter,13.00818,77.58842,Low,Physical Assault,Pending Trial
4638,FIR/2023/004638,11,36,11,100963,504043,511258,2023-01-09,Knife,Auto,12.349688,76.59757,Low,Physical Assault,Closed
4639,FIR/2024/004639,2,5,20,101572,505116,500916,2024-08-23,Pistol,Car,12.92865,74.888423,Medium,Vehicle Lock Break,Pending Trial
4640,FIR/2022/004640,10,34,11,100888,511335,500451,2023-08-14,Pistol,Car,12.320829,76.583578,High,Firearm,Closed
4641,FIR/2025/004641,4,12,20,101576,516043,512465,2025-10-09,Crowbar,Van,12.913117,74.860943,Critical,Social Engineering,Under Investigation
4642,FIR/2025/004642,5,14,20,101590,504746,501342,2024-07-10,Pistol,Van,12.933542,74.860851,High,ATM Skimming,Pending Trial
4643,FIR/2023/004643,8,26,12,101047,524295,519803,2024-06-01,Knife,Motorcycle,12.297789,76.689457,Low,Physical Assault,Under Investigation
4644,FIR/2024/004644,10,34,16,101295,524107,510866,2024-06-13,Hands,Scooter,12.976619,74.858208,Medium,Online Scam,Under Investigation
4645,FIR/2024/004645,11,37,13,101079,505594,511345,2022-11-20,Pistol,Motorcycle,12.333363,76.678875,Critical,Fake Identity,Pending Trial
4646,FIR/2023/004646,12,39,20,101616,503224,520301,2026-07-08,Iron Rod,Auto,12.900171,74.860894,Low,Firearm,Under Investigation
4647,FIR/2026/004647,8,26,14,101149,522887,517582,2024-04-20,Crowbar,None,12.269595,76.685675,Critical,Physical Assault,Charge Sheet Filed
4648,FIR/2022/004648,6,19,10,100800,507618,515572,2025-08-10,Iron Rod,Motorcycle,12.959073,77.570369,Low,Poisoning,Under Investigation
4649,FIR/2023/004649,6,20,7,100615,516321,518748,2024-03-27,Knife,Car,12.909168,77.64102,Critical,Poisoning,Closed
4650,FIR/2023/004650,6,19,17,101355,517509,502509,2024-03-08,Iron Rod,Auto,12.930612,74.856632,Low,Physical Assault,Charge Sheet Filed
4651,FIR/2025/004651,7,24,19,101503,504612,502680,2024-11-25,Knife,Van,12.955044,74.861459,Critical,Knife Attack,Closed
4652,FIR/2026/004652,3,8,2,100138,509051,510360,2026-01-22,Pistol,Truck,12.926671,77.618256,Low,Duplicate Key,Under Investigation
4653,FIR/2024/004653,6,21,5,100426,514068,513813,2022-06-06,Unknown,Auto,12.955119,77.579929,Medium,Social Engineering,Closed
4654,FIR/2023/004654,12,39,9,100759,524457,522082,2022-03-10,Crowbar,Scooter,12.981521,77.553615,High,Physical Assault,Closed
4655,FIR/2024/004655,4,12,13,101092,504814,505751,2024-05-01,Unknown,None,12.300504,76.701898,High,Physical Assault,Charge Sheet Filed
4656,FIR/2022/004656,1,4,12,101056,508902,517856,2022-11-23,Unknown,Van,12.330119,76.701242,Medium,Vehicle Lock Break,Under Investigation
4657,FIR/2023/004657,1,1,16,101341,512408,524755,2022-10-24,Pistol,None,12.930724,74.901778,Critical,Online Scam,Closed
4658,FIR/2022/004658,7,24,3,100209,517276,520361,2026-05-14,Crowbar,Auto,12.98504,77.58677,High,Poisoning,Under Investigation
4659,FIR/2024/004659,4,12,15,101196,518650,518391,2023-05-17,Iron Rod,Motorcycle,12.291431,76.604715,Critical,Physical Assault,Under Investigation
4660,FIR/2022/004660,1,2,5,100369,523487,504023,2024-11-20,Knife,Auto,12.920621,77.578226,Low,Physical Assault,Pending Trial
4661,FIR/2025/004661,12,38,11,100917,521166,509320,2024-03-05,Knife,Truck,12.312298,76.633337,Medium,Forced Entry,Pending Trial
4662,FIR/2025/004662,1,3,14,101127,510003,516976,2024-12-06,Hands,Car,12.259879,76.674845,Low,Poisoning,Closed
4663,FIR/2025/004663,5,15,7,100604,515010,510771,2026-11-21,Unknown,Truck,12.920209,77.613236,Medium,Fake Identity,Charge Sheet Filed
4664,FIR/2025/004664,12,39,3,100213,522080,522136,2022-10-06,Knife,Auto,12.999425,77.578583,High,Duplicate Key,Closed
4665,FIR/2022/004665,2,7,20,101599,515062,505211,2025-10-31,Pistol,Car,12.908241,74.881822,Medium,Vehicle Lock Break,Closed
4666,FIR/2022/004666,10,34,13,101067,522351,524806,2024-10-14,Hands,Scooter,12.288997,76.701723,Critical,Knife Attack,Closed
4667,FIR/2024/004667,8,26,17,101345,516632,511627,2025-07-02,Iron Rod,Auto,12.930135,74.835557,High,Firearm,Pending Trial
4668,FIR/2025/004668,3,8,18,101441,523806,520351,2022-10-11,Stick,Van,12.959411,74.84435,Medium,Vehicle Lock Break,Closed
4669,FIR/2023/004669,5,16,9,100721,513338,523043,2023-04-19,Knife,Car,13.005745,77.561055,Low,Firearm,Closed
4670,FIR/2022/004670,8,28,14,101173,521997,518082,2023-10-18,Crowbar,Auto,12.2989,76.632787,Low,Online Scam,Under Investigation
4671,FIR/2022/004671,4,11,10,100847,514514,519848,2025-09-22,Stick,Scooter,12.924457,77.602293,Low,Forced Entry,Pending Trial
4672,FIR/2024/004672,10,32,9,100773,508146,509138,2023-02-18,Iron Rod,Auto,13.012173,77.591792,Medium,Physical Assault,Closed
4673,FIR/2026/004673,10,34,10,100875,516789,504777,2023-06-05,Unknown,Van,12.951829,77.590345,High,Physical Assault,Pending Trial
4674,FIR/2026/004674,5,17,6,100478,523660,511925,2022-11-24,Iron Rod,Auto,12.983492,77.597561,Critical,Fake Identity,Closed
4675,FIR/2026/004675,1,1,18,101432,511168,522025,2023-05-16,Knife,Truck,12.96629,74.851241,Medium,Online Scam,Pending Trial
4676,FIR/2024/004676,12,39,16,101278,501909,508689,2025-03-22,Iron Rod,Scooter,12.955092,74.892861,Low,Poisoning,Pending Trial
4677,FIR/2024/004677,6,22,4,100303,502049,506559,2026-05-05,Stick,Car,12.975177,77.628598,Critical,Poisoning,Pending Trial
4678,FIR/2024/004678,9,30,19,101481,521545,522977,2025-09-25,Hands,Motorcycle,12.948158,74.823713,Critical,Forced Entry,Charge Sheet Filed
4679,FIR/2022/004679,2,7,16,101310,500893,517799,2022-12-18,Unknown,Truck,12.932997,74.844171,High,Poisoning,Pending Trial
4680,FIR/2022/004680,11,35,18,101463,514629,521996,2022-10-25,Unknown,None,12.953534,74.862598,Low,Social Engineering,Charge Sheet Filed
4681,FIR/2024/004681,5,16,11,100962,501168,512175,2023-11-24,Crowbar,Scooter,12.328391,76.628062,Medium,Physical Assault,Under Investigation
4682,FIR/2025/004682,5,15,18,101452,520652,509096,2025-06-16,Pistol,Truck,12.949252,74.860122,Critical,Firearm,Pending Trial
4683,FIR/2022/004683,1,2,12,101022,515095,508257,2023-07-08,Stick,Van,12.300969,76.660037,Low,Duplicate Key,Charge Sheet Filed
4684,FIR/2022/004684,1,4,15,101226,518647,509374,2025-08-15,Pistol,Motorcycle,12.280965,76.614548,Low,Vehicle Lock Break,Charge Sheet Filed
4685,FIR/2025/004685,4,12,14,101121,523087,524660,2022-07-10,Iron Rod,Motorcycle,12.270744,76.673813,High,Firearm,Pending Trial
4686,FIR/2022/004686,9,29,17,101369,512564,521451,2023-12-29,Crowbar,Scooter,12.903885,74.872101,Critical,Fake Identity,Pending Trial
4687,FIR/2023/004687,9,31,10,100816,520385,511892,2022-11-14,Pistol,Auto,12.941426,77.59916,Low,Online Scam,Charge Sheet Filed
4688,FIR/2022/004688,7,25,10,100883,512545,510850,2024-05-07,Hands,Truck,12.982865,77.594959,Low,Poisoning,Pending Trial
4689,FIR/2026/004689,10,34,20,101544,521357,506310,2023-09-22,Crowbar,Car,12.896844,74.886696,Medium,Forced Entry,Under Investigation
4690,FIR/2024/004690,12,39,17,101389,524554,502297,2026-01-11,Stick,Motorcycle,12.916135,74.881275,High,Firearm,Pending Trial
4691,FIR/2025/004691,3,8,7,100596,522580,521143,2022-08-15,Hands,Truck,12.942462,77.644126,Low,Forced Entry,Charge Sheet Filed
4692,FIR/2023/004692,7,25,20,101559,504965,506076,2023-09-20,Knife,Auto,12.928212,74.858276,Low,Physical Assault,Closed
4693,FIR/2023/004693,6,19,2,100131,516405,517719,2024-04-24,Unknown,Truck,12.963793,77.618769,Low,Vehicle Lock Break,Pending Trial
4694,FIR/2022/004694,8,28,5,100426,520986,523934,2023-09-25,Hands,Scooter,12.939975,77.566543,Medium,Fake Identity,Under Investigation
4695,FIR/2024/004695,4,11,15,101180,511429,507610,2022-02-08,Unknown,Motorcycle,12.27196,76.60496,High,Vehicle Lock Break,Charge Sheet Filed
4696,FIR/2024/004696,4,13,2,100147,515344,522237,2025-03-15,Hands,Auto,12.983062,77.634928,Medium,Fake Identity,Under Investigation
4697,FIR/2022/004697,1,1,1,100091,501066,518584,2022-12-21,Stick,Scooter,12.966878,77.586417,Medium,ATM Skimming,Pending Trial
4698,FIR/2024/004698,6,18,4,100321,522817,515706,2024-05-07,Hands,Van,12.986317,77.641485,Critical,Firearm,Charge Sheet Filed
4699,FIR/2023/004699,5,17,17,101375,517713,520144,2023-01-24,Hands,Van,12.90938,74.831236,High,Poisoning,Charge Sheet Filed
4700,FIR/2022/004700,4,12,11,100958,502529,520622,2024-04-20,Iron Rod,None,12.357952,76.608574,Low,Poisoning,Charge Sheet Filed
4701,FIR/2026/004701,6,21,10,100800,506404,505879,2022-12-02,Pistol,Scooter,12.976679,77.594473,High,Physical Assault,Under Investigation
4702,FIR/2024/004702,5,15,15,101252,510814,504370,2023-12-27,Hands,None,12.283669,76.593486,High,Firearm,Charge Sheet Filed
4703,FIR/2022/004703,11,37,2,100118,519260,515167,2022-02-02,Hands,Truck,12.960726,77.594432,Critical,Duplicate Key,Pending Trial
4704,FIR/2023/004704,3,10,12,100968,503834,501146,2024-09-19,Pistol,Car,12.339756,76.695462,Critical,Social Engineering,Charge Sheet Filed
4705,FIR/2022/004705,4,11,4,100263,514570,511877,2024-07-26,Stick,Scooter,12.975757,77.635429,Low,ATM Skimming,Closed
4706,FIR/2025/004706,11,35,20,101604,513794,510944,2023-12-08,Stick,Van,12.923334,74.836634,Low,Poisoning,Charge Sheet Filed
4707,FIR/2025/004707,10,32,12,101034,515257,507635,2022-11-10,Crowbar,Truck,12.287266,76.678657,Medium,Fake Identity,Under Investigation
4708,FIR/2022/004708,12,39,4,100291,504759,523674,2026-04-06,Knife,None,13.001828,77.607625,High,Fake Identity,Charge Sheet Filed
4709,FIR/2026/004709,6,19,1,100034,509445,500336,2026-10-28,Pistol,Scooter,12.973937,77.535285,Low,Forced Entry,Under Investigation
4710,FIR/2023/004710,3,9,15,101197,513084,504694,2024-12-01,Pistol,Auto,12.292047,76.589579,Low,Social Engineering,Charge Sheet Filed
4711,FIR/2025/004711,1,1,17,101384,522609,524275,2026-08-03,Hands,Car,12.904852,74.84004,High,Vehicle Lock Break,Charge Sheet Filed
4712,FIR/2023/004712,10,32,18,101450,512773,509584,2024-07-19,Hands,Truck,12.930387,74.851055,Critical,Online Scam,Closed
4713,FIR/2026/004713,4,11,7,100543,521134,519101,2023-01-21,Hands,Truck,12.92844,77.644511,High,Online Scam,Closed
4714,FIR/2022/004714,2,7,11,100908,513126,513343,2025-12-11,Hands,Auto,12.331728,76.617041,Low,Forced Entry,Charge Sheet Filed
4715,FIR/2026/004715,3,8,15,101230,515091,503504,2025-12-08,Crowbar,None,12.307778,76.618486,High,ATM Skimming,Pending Trial
4716,FIR/2022/004716,11,37,14,101120,516176,510096,2026-12-30,Stick,Auto,12.28911,76.659645,Low,Forced Entry,Under Investigation
4717,FIR/2023/004717,11,37,1,100010,504739,504703,2022-10-14,Hands,None,12.956279,77.565435,Medium,Fake Identity,Charge Sheet Filed
4718,FIR/2024/004718,8,27,10,100802,523152,513573,2024-05-09,Pistol,Motorcycle,12.926917,77.610528,Critical,Forced Entry,Charge Sheet Filed
4719,FIR/2023/004719,6,19,11,100896,513317,522075,2026-06-12,Iron Rod,Motorcycle,12.352958,76.614695,Medium,Vehicle Lock Break,Pending Trial
4720,FIR/2025/004720,6,21,3,100246,505525,509510,2022-04-01,Stick,Scooter,13.003447,77.573672,Critical,Fake Identity,Under Investigation
4721,FIR/2022/004721,6,18,7,100590,522393,501175,2024-08-29,Iron Rod,Van,12.946316,77.617573,Critical,Fake Identity,Charge Sheet Filed
4722,FIR/2025/004722,5,16,1,100021,523832,509996,2022-02-12,Pistol,None,12.969955,77.556369,Low,Firearm,Charge Sheet Filed
4723,FIR/2023/004723,2,5,11,100892,513686,501740,2023-12-05,Hands,Car,12.351707,76.633777,Critical,Knife Attack,Pending Trial
4724,FIR/2026/004724,10,34,14,101134,515693,518945,2022-10-02,Pistol,Auto,12.267667,76.663143,High,ATM Skimming,Charge Sheet Filed
4725,FIR/2025/004725,1,3,9,100735,502372,514951,2023-04-15,Pistol,None,13.012369,77.581641,Medium,Fake Identity,Closed
4726,FIR/2024/004726,1,1,5,100341,523606,509496,2023-12-16,Hands,Truck,12.922613,77.585517,Low,ATM Skimming,Under Investigation
4727,FIR/2023/004727,12,39,8,100696,502213,519063,2022-03-09,Unknown,Auto,12.962979,77.626255,High,Online Scam,Under Investigation
4728,FIR/2024/004728,1,2,18,101411,510440,502604,2023-12-01,Pistol,Auto,12.954418,74.864464,Critical,Forced Entry,Pending Trial
4729,FIR/2022/004729,4,11,9,100770,511672,521073,2026-10-06,Iron Rod,Van,12.992644,77.580843,Low,Vehicle Lock Break,Under Investigation
4730,FIR/2024/004730,10,34,20,101581,500871,519109,2026-05-22,Knife,Scooter,12.936872,74.878226,Medium,Social Engineering,Pending Trial
4731,FIR/2023/004731,12,38,4,100276,504417,516078,2025-10-01,Knife,Auto,12.96593,77.640329,Critical,Social Engineering,Under Investigation
4732,FIR/2023/004732,4,12,5,100361,510635,519361,2024-05-30,Unknown,Scooter,12.914408,77.552662,Critical,ATM Skimming,Charge Sheet Filed
4733,FIR/2026/004733,12,38,12,100986,513217,506530,2025-12-29,Hands,Van,12.305376,76.652517,Low,Online Scam,Charge Sheet Filed
4734,FIR/2022/004734,6,22,3,100189,503098,510725,2022-01-19,Pistol,Truck,12.999276,77.601111,High,ATM Skimming,Closed
4735,FIR/2022/004735,5,17,1,100081,504364,501356,2023-05-22,Unknown,Scooter,12.978118,77.540802,Critical,Social Engineering,Charge Sheet Filed
4736,FIR/2023/004736,6,22,20,101581,507434,517238,2022-03-22,Hands,Car,12.922398,74.840809,High,Online Scam,Pending Trial
4737,FIR/2025/004737,1,3,11,100956,510184,516373,2026-04-30,Knife,Van,12.31941,76.6124,Medium,Social Engineering,Under Investigation
4738,FIR/2024/004738,8,28,6,100488,514018,524445,2022-03-16,Pistol,Car,12.991244,77.571035,Medium,Forced Entry,Charge Sheet Filed
4739,FIR/2023/004739,2,7,19,101538,516219,517904,2022-04-28,Pistol,Truck,12.92784,74.811682,Low,Knife Attack,Closed
4740,FIR/2025/004740,6,20,17,101386,508185,521052,2022-09-09,Stick,Car,12.876426,74.82487,Critical,Online Scam,Pending Trial
4741,FIR/2024/004741,6,20,17,101379,505936,501257,2023-05-05,Hands,Auto,12.929493,74.858704,Critical,Physical Assault,Under Investigation
4742,FIR/2024/004742,4,13,14,101165,503479,500640,2025-09-12,Iron Rod,Motorcycle,12.294045,76.634257,Critical,Knife Attack,Pending Trial
4743,FIR/2022/004743,9,31,4,100289,523731,502610,2026-06-06,Hands,Truck,12.972624,77.621904,Critical,Online Scam,Pending Trial
4744,FIR/2024/004744,12,39,7,100552,502579,508760,2026-04-30,Pistol,None,12.951606,77.606132,Low,Vehicle Lock Break,Charge Sheet Filed
4745,FIR/2023/004745,11,36,17,101377,519075,524006,2026-12-29,Knife,Scooter,12.905691,74.848748,Critical,ATM Skimming,Closed
4746,FIR/2023/004746,7,25,11,100908,518240,510715,2022-03-27,Iron Rod,None,12.341808,76.590163,Critical,Poisoning,Charge Sheet Filed
4747,FIR/2026/004747,6,19,12,101022,520994,505030,2023-03-10,Crowbar,Auto,12.317477,76.699844,Medium,Knife Attack,Closed
4748,FIR/2024/004748,5,14,19,101469,522387,511735,2026-09-23,Knife,Car,12.920277,74.856497,Medium,Social Engineering,Under Investigation
4749,FIR/2023/004749,6,20,19,101525,511870,506017,2023-05-21,Stick,Car,12.92726,74.833424,Medium,Vehicle Lock Break,Closed
4750,FIR/2025/004750,6,22,15,101241,502562,508775,2024-09-26,Iron Rod,Van,12.297414,76.623722,Low,Social Engineering,Pending Trial
4751,FIR/2023/004751,11,35,10,100881,521078,508921,2023-11-01,Knife,Car,12.963807,77.565628,High,ATM Skimming,Under Investigation
4752,FIR/2026/004752,6,22,1,100011,523949,505462,2022-10-14,Hands,Auto,12.969584,77.560886,Medium,Physical Assault,Pending Trial
4753,FIR/2024/004753,10,34,8,100644,512835,524885,2023-09-21,Crowbar,Car,12.999864,77.618446,Medium,Poisoning,Charge Sheet Filed
4754,FIR/2022/004754,7,24,20,101553,524157,518405,2026-11-27,Unknown,Truck,12.918322,74.887437,High,Online Scam,Charge Sheet Filed
4755,FIR/2026/004755,6,18,8,100705,515005,510168,2025-07-22,Iron Rod,Motorcycle,12.997017,77.610206,Medium,ATM Skimming,Charge Sheet Filed
4756,FIR/2026/004756,9,30,8,100699,502144,510531,2025-02-22,Hands,Car,13.002844,77.597114,High,Firearm,Pending Trial
4757,FIR/2025/004757,1,4,8,100653,507750,504163,2023-04-11,Iron Rod,None,12.970014,77.605178,Critical,Poisoning,Under Investigation
4758,FIR/2024/004758,11,35,3,100247,507658,502824,2025-06-25,Crowbar,Van,12.988999,77.604319,Critical,Poisoning,Pending Trial
4759,FIR/2022/004759,10,33,10,100799,501719,511182,2025-09-11,Unknown,None,12.945381,77.612631,Medium,Poisoning,Charge Sheet Filed
4760,FIR/2026/004760,5,17,14,101156,500945,502123,2024-07-18,Pistol,None,12.258385,76.675275,Critical,Forced Entry,Closed
4761,FIR/2022/004761,3,9,19,101532,523213,511064,2025-10-27,Stick,Scooter,12.952653,74.857012,Medium,Firearm,Closed
4762,FIR/2024/004762,12,39,17,101389,516435,513715,2025-09-17,Crowbar,Auto,12.912455,74.862854,Low,Firearm,Closed
4763,FIR/2026/004763,2,6,11,100931,517478,518227,2024-10-05,Unknown,Scooter,12.329492,76.596674,Medium,Online Scam,Pending Trial
4764,FIR/2026/004764,3,9,5,100405,521117,505920,2025-10-23,Crowbar,Auto,12.968157,77.569061,Critical,Poisoning,Pending Trial
4765,FIR/2026/004765,1,2,15,101207,506360,504769,2024-09-05,Hands,Scooter,12.3169,76.625775,Medium,Duplicate Key,Charge Sheet Filed
4766,FIR/2026/004766,9,30,4,100325,518372,517669,2023-03-11,Crowbar,None,12.994601,77.607593,Medium,ATM Skimming,Under Investigation
4767,FIR/2026/004767,11,36,14,101142,503871,506176,2026-06-20,Crowbar,None,12.294419,76.648262,Critical,Fake Identity,Closed
4768,FIR/2025/004768,9,29,19,101518,503249,503888,2022-04-19,Pistol,Motorcycle,12.917561,74.864659,Low,Forced Entry,Pending Trial
4769,FIR/2023/004769,11,35,16,101266,517711,516769,2026-12-18,Hands,Scooter,12.977588,74.892453,Critical,Knife Attack,Closed
4770,FIR/2024/004770,7,25,19,101505,519730,516802,2025-12-23,Iron Rod,Scooter,12.932343,74.814729,High,Duplicate Key,Charge Sheet Filed
4771,FIR/2026/004771,2,6,12,101029,520672,504825,2024-08-15,Crowbar,Van,12.292975,76.671993,High,Fake Identity,Charge Sheet Filed
4772,FIR/2023/004772,2,6,7,100580,514287,502663,2026-04-03,Crowbar,Car,12.96445,77.603802,High,Poisoning,Closed
4773,FIR/2023/004773,9,30,15,101206,523918,516653,2025-10-14,Knife,Scooter,12.289143,76.583462,Low,Vehicle Lock Break,Closed
4774,FIR/2026/004774,11,37,16,101299,503313,514379,2025-08-16,Pistol,Van,12.943973,74.881886,Critical,Firearm,Charge Sheet Filed
4775,FIR/2024/004775,1,3,3,100224,505348,503908,2023-11-24,Stick,None,12.952498,77.623029,Medium,Knife Attack,Pending Trial
4776,FIR/2026/004776,1,3,5,100370,520069,516163,2022-01-07,Stick,Auto,12.945056,77.542702,Medium,Fake Identity,Under Investigation
4777,FIR/2026/004777,10,34,16,101273,523959,513659,2026-02-24,Iron Rod,None,12.950197,74.897189,Medium,Online Scam,Closed
4778,FIR/2023/004778,6,18,14,101163,519419,500036,2022-06-19,Stick,None,12.300341,76.63218,Low,Forced Entry,Under Investigation
4779,FIR/2023/004779,5,16,7,100617,504045,519896,2022-08-28,Pistol,Van,12.945657,77.622958,Critical,Duplicate Key,Under Investigation
4780,FIR/2026/004780,6,19,9,100733,523849,524202,2023-02-23,Stick,Auto,13.017086,77.583921,Medium,Vehicle Lock Break,Pending Trial
4781,FIR/2024/004781,10,32,3,100252,505802,520436,2026-12-13,Stick,Truck,12.991907,77.602041,High,Fake Identity,Pending Trial
4782,FIR/2024/004782,12,39,4,100316,514348,510381,2026-09-19,Crowbar,Truck,12.966263,77.656373,Critical,Knife Attack,Charge Sheet Filed
4783,FIR/2026/004783,10,34,3,100241,509246,501868,2023-04-13,Pistol,None,12.982285,77.574943,Critical,Forced Entry,Charge Sheet Filed
4784,FIR/2022/004784,6,21,19,101466,513916,521447,2026-07-19,Stick,Car,12.917517,74.815016,Low,Duplicate Key,Charge Sheet Filed
4785,FIR/2024/004785,4,12,5,100351,501864,511495,2025-09-10,Knife,Auto,12.921389,77.560606,Medium,Forced Entry,Pending Trial
4786,FIR/2025/004786,6,21,19,101529,501976,520574,2026-07-29,Hands,Scooter,12.903566,74.830455,Medium,Vehicle Lock Break,Under Investigation
4787,FIR/2025/004787,5,16,6,100452,517755,504341,2026-09-12,Unknown,Car,12.980359,77.564147,High,Physical Assault,Pending Trial
4788,FIR/2022/004788,2,6,12,100969,515113,517061,2022-11-16,Hands,Truck,12.289056,76.660935,Low,Social Engineering,Closed
4789,FIR/2026/004789,7,24,9,100750,515829,500527,2026-05-04,Stick,Auto,12.984975,77.594068,Low,Poisoning,Pending Trial
4790,FIR/2022/004790,4,11,5,100405,514622,508990,2023-08-13,Knife,Motorcycle,12.938253,77.577782,Low,Online Scam,Charge Sheet Filed
4791,FIR/2022/004791,1,3,10,100859,500278,512357,2025-03-03,Hands,Van,12.943109,77.610503,High,Poisoning,Closed
4792,FIR/2023/004792,8,28,9,100722,522211,517994,2024-10-26,Iron Rod,None,12.986771,77.56846,Low,Knife Attack,Pending Trial
4793,FIR/2023/004793,7,25,2,100136,502262,507251,2026-04-08,Hands,Auto,12.929257,77.625967,High,Physical Assault,Charge Sheet Filed
4794,FIR/2026/004794,7,24,11,100929,501113,518285,2024-10-16,Knife,Van,12.344211,76.63596,Medium,Fake Identity,Under Investigation
4795,FIR/2026/004795,3,8,12,101013,510089,504691,2026-01-31,Pistol,Scooter,12.305379,76.69431,Critical,Online Scam,Pending Trial
4796,FIR/2022/004796,1,2,12,100993,502996,500354,2025-07-26,Unknown,Auto,12.336505,76.70041,Critical,Firearm,Charge Sheet Filed
4797,FIR/2025/004797,4,13,3,100247,520731,523546,2025-11-19,Stick,Van,12.969897,77.570813,Critical,Fake Identity,Under Investigation
4798,FIR/2023/004798,2,5,1,100047,511077,517437,2024-04-30,Crowbar,Car,12.964793,77.554931,Medium,Social Engineering,Under Investigation
4799,FIR/2022/004799,10,34,2,100130,500082,519364,2023-08-04,Unknown,Auto,12.937223,77.636848,Critical,Duplicate Key,Under Investigation
4800,FIR/2024/004800,8,28,20,101579,504360,524403,2026-01-09,Iron Rod,Motorcycle,12.924008,74.893108,Low,Physical Assault,Under Investigation
4801,FIR/2022/004801,6,19,4,100279,516966,511578,2023-06-20,Pistol,Van,12.952607,77.602888,Medium,Firearm,Under Investigation
4802,FIR/2022/004802,1,4,9,100715,508872,506644,2025-01-11,Hands,None,12.995715,77.543192,Critical,Poisoning,Closed
4803,FIR/2022/004803,10,32,13,101062,510575,510459,2024-11-29,Iron Rod,None,12.332394,76.649568,Medium,Fake Identity,Under Investigation
4804,FIR/2026/004804,4,12,20,101596,502762,509233,2024-05-25,Iron Rod,Van,12.937769,74.873148,Medium,Physical Assault,Closed
4805,FIR/2025/004805,6,20,17,101360,504858,506661,2022-04-12,Pistol,Van,12.885765,74.874405,Critical,Fake Identity,Pending Trial
4806,FIR/2024/004806,11,37,20,101557,519956,507642,2024-12-05,Hands,Motorcycle,12.934128,74.890771,High,Vehicle Lock Break,Under Investigation
4807,FIR/2023/004807,10,33,1,100039,502888,510685,2024-02-07,Iron Rod,Truck,13.000717,77.559685,Critical,Fake Identity,Under Investigation
4808,FIR/2022/004808,9,29,5,100411,513027,522110,2022-07-01,Knife,Scooter,12.968522,77.55341,Medium,Vehicle Lock Break,Under Investigation
4809,FIR/2022/004809,4,13,16,101261,502042,515142,2026-02-11,Iron Rod,Truck,12.945533,74.852263,High,Fake Identity,Closed
4810,FIR/2023/004810,5,17,8,100628,507304,505099,2022-10-07,Iron Rod,Auto,13.002424,77.567543,Critical,Forced Entry,Under Investigation
4811,FIR/2024/004811,3,8,18,101462,516705,519661,2022-08-21,Iron Rod,Auto,12.942715,74.868975,Critical,Knife Attack,Closed
4812,FIR/2024/004812,6,19,6,100451,513015,518188,2022-08-15,Hands,Motorcycle,13.00783,77.597313,Critical,Forced Entry,Pending Trial
4813,FIR/2026/004813,8,26,1,100082,513371,520686,2022-07-13,Hands,None,12.999374,77.561009,High,Fake Identity,Under Investigation
4814,FIR/2023/004814,6,19,3,100166,516270,507152,2025-04-13,Pistol,None,12.967348,77.60203,Critical,Physical Assault,Closed
4815,FIR/2023/004815,3,8,16,101292,512276,505897,2025-09-12,Pistol,Auto,12.967154,74.891173,Medium,Fake Identity,Closed
4816,FIR/2024/004816,11,37,16,101331,515210,511814,2022-09-30,Unknown,Truck,12.962709,74.886649,Medium,Knife Attack,Under Investigation
4817,FIR/2025/004817,10,34,13,101101,523682,504255,2023-06-23,Stick,Van,12.293924,76.675326,Critical,Fake Identity,Under Investigation
4818,FIR/2023/004818,5,17,2,100142,517707,511111,2026-07-08,Stick,Truck,12.93444,77.589162,High,Physical Assault,Closed
4819,FIR/2024/004819,2,5,8,100639,513844,509673,2024-10-08,Unknown,Scooter,12.97568,77.619811,Low,Fake Identity,Pending Trial
4820,FIR/2026/004820,12,39,3,100251,514198,512703,2025-06-15,Pistol,Car,12.967441,77.608834,Critical,ATM Skimming,Charge Sheet Filed
4821,FIR/2022/004821,5,14,8,100641,501789,503432,2023-03-29,Iron Rod,Motorcycle,13.000871,77.588305,Medium,Fake Identity,Pending Trial
4822,FIR/2025/004822,9,30,1,100042,515186,508610,2024-12-15,Crowbar,Auto,12.954381,77.564444,Low,Poisoning,Pending Trial
4823,FIR/2025/004823,2,6,11,100884,511121,503655,2023-12-17,Iron Rod,Car,12.322985,76.61405,High,Vehicle Lock Break,Under Investigation
4824,FIR/2024/004824,3,10,16,101307,522896,515744,2024-06-02,Stick,None,12.954004,74.870356,Low,Knife Attack,Under Investigation
4825,FIR/2025/004825,10,34,10,100866,512108,514202,2023-09-09,Crowbar,Van,12.926387,77.563826,Medium,Fake Identity,Pending Trial
4826,FIR/2024/004826,8,27,2,100110,511774,510101,2025-04-07,Stick,Truck,12.937889,77.631364,Critical,Forced Entry,Charge Sheet Filed
4827,FIR/2022/004827,2,5,9,100760,508949,505933,2022-09-17,Hands,Van,13.020762,77.538598,High,Poisoning,Closed
4828,FIR/2022/004828,11,37,13,101075,512248,502575,2026-08-08,Hands,Car,12.28261,76.650618,Medium,Physical Assault,Pending Trial
4829,FIR/2024/004829,1,2,5,100373,506553,513163,2023-11-26,Pistol,Car,12.950849,77.584029,Critical,Forced Entry,Pending Trial
4830,FIR/2026/004830,8,27,3,100214,500688,510158,2024-11-12,Pistol,Motorcycle,12.949511,77.621176,Medium,Duplicate Key,Pending Trial
4831,FIR/2023/004831,6,19,15,101192,502009,522003,2025-08-01,Pistol,Auto,12.27437,76.607659,Medium,Knife Attack,Charge Sheet Filed
4832,FIR/2026/004832,9,30,7,100562,515796,506705,2024-09-21,Knife,Van,12.91641,77.613447,High,Knife Attack,Pending Trial
4833,FIR/2022/004833,7,25,17,101359,524510,511907,2026-12-17,Stick,Truck,12.87707,74.854894,High,Duplicate Key,Closed
4834,FIR/2024/004834,10,33,16,101299,509229,513463,2023-10-08,Stick,None,12.96237,74.875575,Critical,Fake Identity,Closed
4835,FIR/2025/004835,11,36,12,101006,502019,518916,2025-02-10,Crowbar,Truck,12.31744,76.681271,High,Poisoning,Pending Trial
4836,FIR/2026/004836,9,30,7,100575,503386,500269,2026-12-31,Iron Rod,Motorcycle,12.918635,77.649885,High,ATM Skimming,Pending Trial
4837,FIR/2023/004837,5,17,16,101306,508876,521594,2026-10-13,Knife,None,12.955202,74.8683,Low,Poisoning,Closed
4838,FIR/2023/004838,6,22,9,100729,523219,517260,2022-01-29,Knife,Scooter,13.012786,77.584096,Medium,Vehicle Lock Break,Pending Trial
4839,FIR/2022/004839,1,2,5,100355,521491,516911,2024-04-12,Unknown,Truck,12.953669,77.592493,High,Physical Assault,Pending Trial
4840,FIR/2026/004840,6,22,6,100481,509524,515897,2023-08-09,Crowbar,Car,13.009567,77.56621,Medium,Fake Identity,Charge Sheet Filed
4841,FIR/2026/004841,3,9,17,101391,501618,508997,2024-10-20,Knife,Van,12.889426,74.855345,High,ATM Skimming,Pending Trial
4842,FIR/2024/004842,5,15,8,100627,517391,514394,2025-12-08,Unknown,Motorcycle,12.96719,77.578625,Critical,Forced Entry,Closed
4843,FIR/2022/004843,8,27,8,100685,511661,507576,2025-01-03,Iron Rod,None,12.975958,77.574549,Medium,Forced Entry,Charge Sheet Filed
4844,FIR/2022/004844,6,18,2,100126,501930,512969,2024-11-08,Knife,Auto,12.930083,77.633822,Critical,Online Scam,Charge Sheet Filed
4845,FIR/2022/004845,3,9,11,100954,518842,505434,2024-11-04,Crowbar,Scooter,12.349567,76.583603,Low,Forced Entry,Closed
4846,FIR/2024/004846,2,7,9,100744,515669,518677,2022-04-21,Knife,Van,12.99009,77.541596,High,Poisoning,Charge Sheet Filed
4847,FIR/2025/004847,12,39,12,101006,510960,519509,2022-06-03,Stick,None,12.323114,76.676018,High,Poisoning,Under Investigation
4848,FIR/2026/004848,1,1,2,100115,516831,505363,2023-08-09,Iron Rod,Car,12.948888,77.618041,High,Forced Entry,Pending Trial
4849,FIR/2026/004849,6,18,2,100134,500743,505096,2022-06-03,Knife,Van,12.923598,77.621767,Critical,Vehicle Lock Break,Under Investigation
4850,FIR/2023/004850,12,40,7,100606,520842,524959,2026-12-16,Pistol,Truck,12.964343,77.616875,Critical,Poisoning,Under Investigation
4851,FIR/2023/004851,12,40,7,100599,504435,501642,2025-06-08,Unknown,Scooter,12.951882,77.605084,Critical,Social Engineering,Pending Trial
4852,FIR/2022/004852,11,37,4,100334,511105,514758,2022-08-01,Hands,Van,12.998539,77.602428,Low,Duplicate Key,Pending Trial
4853,FIR/2022/004853,12,40,1,100056,524333,514590,2022-07-21,Knife,Auto,12.959432,77.585642,High,Fake Identity,Under Investigation
4854,FIR/2024/004854,11,37,16,101316,501204,515617,2024-04-05,Pistol,None,12.943217,74.883528,Critical,ATM Skimming,Under Investigation
4855,FIR/2022/004855,6,19,10,100857,523201,505871,2024-07-09,Knife,Motorcycle,12.969344,77.618025,High,Knife Attack,Closed
4856,FIR/2023/004856,6,20,12,101020,503745,520576,2026-12-14,Pistol,Van,12.310115,76.653899,Critical,Knife Attack,Closed
4857,FIR/2025/004857,10,33,20,101603,522314,513684,2026-03-04,Knife,Truck,12.939191,74.865564,Critical,Knife Attack,Charge Sheet Filed
4858,FIR/2022/004858,1,2,15,101237,506741,507173,2024-03-15,Knife,Car,12.314715,76.602346,Medium,Vehicle Lock Break,Under Investigation
4859,FIR/2023/004859,5,16,15,101227,522803,514796,2023-10-25,Unknown,None,12.264298,76.606277,Low,Poisoning,Closed
4860,FIR/2026/004860,11,36,12,101051,522540,512745,2025-04-07,Iron Rod,Van,12.292862,76.677991,High,Fake Identity,Closed
4861,FIR/2026/004861,1,2,17,101392,503185,500017,2025-07-12,Crowbar,Van,12.878204,74.834572,High,ATM Skimming,Under Investigation
4862,FIR/2024/004862,6,20,16,101335,512234,521844,2026-02-08,Stick,Scooter,12.978661,74.864125,Low,Fake Identity,Charge Sheet Filed
4863,FIR/2025/004863,5,17,2,100122,518363,502708,2025-02-16,Knife,Scooter,12.954769,77.608649,Medium,Physical Assault,Under Investigation
4864,FIR/2025/004864,12,40,3,100223,512095,519848,2026-06-03,Unknown,Scooter,12.961205,77.589493,Medium,Vehicle Lock Break,Charge Sheet Filed
4865,FIR/2025/004865,5,15,4,100301,509470,514545,2025-02-19,Pistol,None,12.966306,77.617668,Critical,Online Scam,Charge Sheet Filed
4866,FIR/2022/004866,3,8,7,100575,509437,523661,2023-03-05,Iron Rod,Motorcycle,12.945239,77.651806,Medium,Knife Attack,Charge Sheet Filed
4867,FIR/2026/004867,6,18,5,100425,518280,520494,2026-10-01,Iron Rod,Auto,12.940341,77.559434,Critical,Vehicle Lock Break,Pending Trial
4868,FIR/2023/004868,3,10,16,101270,519320,511853,2022-10-07,Crowbar,Auto,12.965722,74.893706,Low,Knife Attack,Charge Sheet Filed
4869,FIR/2026/004869,12,39,3,100248,521478,502433,2023-08-14,Hands,None,12.970006,77.606972,Low,Fake Identity,Pending Trial
4870,FIR/2025/004870,9,31,17,101402,504719,510690,2026-02-12,Crowbar,Motorcycle,12.905329,74.841429,Low,Social Engineering,Charge Sheet Filed
4871,FIR/2024/004871,3,8,10,100805,511977,524946,2023-11-15,Iron Rod,Scooter,12.961083,77.60487,High,Vehicle Lock Break,Pending Trial
4872,FIR/2022/004872,5,16,17,101377,516752,519059,2023-03-11,Stick,Truck,12.919067,74.835637,Critical,Vehicle Lock Break,Pending Trial
4873,FIR/2022/004873,2,7,9,100730,503350,519126,2022-06-14,Iron Rod,Car,12.965793,77.586761,High,Physical Assault,Closed
4874,FIR/2026/004874,3,10,4,100259,518437,523921,2024-11-08,Unknown,Motorcycle,12.982942,77.60995,Low,Online Scam,Charge Sheet Filed
4875,FIR/2025/004875,6,19,5,100406,513952,516612,2026-07-25,Iron Rod,Car,12.958476,77.590203,Medium,Fake Identity,Under Investigation
4876,FIR/2024/004876,4,13,3,100220,517364,518600,2024-12-25,Stick,None,12.98822,77.576066,Critical,Online Scam,Charge Sheet Filed
4877,FIR/2025/004877,8,28,14,101172,523294,523883,2026-10-04,Unknown,Car,12.269694,76.65065,Critical,Poisoning,Charge Sheet Filed
4878,FIR/2025/004878,11,35,7,100613,513749,503035,2023-04-16,Crowbar,Car,12.918285,77.648304,Medium,Duplicate Key,Under Investigation
4879,FIR/2024/004879,9,29,2,100111,518989,510752,2024-10-24,Hands,None,12.954735,77.622137,High,Knife Attack,Under Investigation
4880,FIR/2024/004880,3,9,1,100037,504136,514739,2022-11-06,Iron Rod,Motorcycle,12.975738,77.579326,Critical,Physical Assault,Under Investigation
4881,FIR/2024/004881,6,18,12,101054,500742,518601,2023-01-25,Crowbar,Auto,12.299068,76.667078,Medium,Vehicle Lock Break,Closed
4882,FIR/2024/004882,7,23,15,101182,519932,511933,2024-10-30,Knife,Truck,12.278592,76.596343,Critical,Fake Identity,Charge Sheet Filed
4883,FIR/2026/004883,6,22,13,101102,505566,516824,2022-10-28,Pistol,Auto,12.302091,76.691886,Low,Social Engineering,Under Investigation
4884,FIR/2025/004884,11,36,10,100777,523670,512482,2026-01-18,Stick,Auto,12.973232,77.617755,High,Poisoning,Under Investigation
4885,FIR/2023/004885,5,14,10,100849,524287,516829,2022-05-01,Pistol,Auto,12.939545,77.564845,Medium,Vehicle Lock Break,Charge Sheet Filed
4886,FIR/2023/004886,8,27,6,100480,519539,513118,2025-09-09,Hands,Van,12.982882,77.590008,Critical,Online Scam,Charge Sheet Filed
4887,FIR/2024/004887,12,38,1,100026,521153,504565,2022-04-10,Knife,None,12.99923,77.585559,Low,Social Engineering,Pending Trial
4888,FIR/2022/004888,6,21,8,100650,520012,511289,2026-07-13,Iron Rod,Scooter,12.987959,77.595758,High,Fake Identity,Closed
4889,FIR/2025/004889,6,22,14,101132,521750,511913,2024-11-11,Knife,Auto,12.25165,76.657083,Critical,Online Scam,Pending Trial
4890,FIR/2024/004890,7,25,17,101347,510235,517747,2025-09-22,Crowbar,Auto,12.887487,74.878632,Low,Physical Assault,Pending Trial
4891,FIR/2026/004891,4,11,16,101341,511858,501249,2023-10-21,Unknown,Car,12.956544,74.873526,Low,ATM Skimming,Charge Sheet Filed
4892,FIR/2022/004892,8,26,7,100598,508659,514493,2026-01-31,Knife,Auto,12.916272,77.606764,Medium,Poisoning,Pending Trial
4893,FIR/2025/004893,2,6,17,101400,512506,517340,2026-07-04,Iron Rod,None,12.894844,74.875386,Low,Poisoning,Under Investigation
4894,FIR/2022/004894,6,18,16,101311,520007,515594,2023-01-10,Knife,Car,12.943699,74.880627,High,Vehicle Lock Break,Pending Trial
4895,FIR/2026/004895,8,26,1,100031,509599,524581,2022-01-30,Stick,Car,13.001958,77.557918,Medium,Fake Identity,Pending Trial
4896,FIR/2022/004896,8,26,16,101274,508598,509446,2022-11-16,Pistol,Truck,12.961506,74.886749,Low,Knife Attack,Under Investigation
4897,FIR/2023/004897,12,38,11,100912,503149,511838,2022-11-09,Crowbar,Scooter,12.30783,76.619508,Critical,Vehicle Lock Break,Pending Trial
4898,FIR/2023/004898,4,11,6,100490,512205,503117,2022-07-14,Knife,Motorcycle,13.020917,77.588754,Critical,Firearm,Under Investigation
4899,FIR/2025/004899,1,3,10,100882,503095,515735,2023-07-04,Stick,None,12.927725,77.563461,High,Physical Assault,Pending Trial
4900,FIR/2025/004900,9,31,18,101448,524879,506270,2025-03-16,Iron Rod,Car,12.920554,74.87699,Low,Vehicle Lock Break,Closed
4901,FIR/2025/004901,6,21,12,101008,519524,515841,2025-11-30,Unknown,Scooter,12.284303,76.698178,High,Forced Entry,Closed
4902,FIR/2025/004902,10,32,19,101522,520637,514909,2023-08-02,Stick,Car,12.917672,74.861944,Critical,Online Scam,Closed
4903,FIR/2025/004903,11,37,13,101058,519302,524577,2025-03-02,Iron Rod,Car,12.323096,76.705328,Low,Vehicle Lock Break,Under Investigation
4904,FIR/2022/004904,7,23,4,100323,521764,522250,2022-08-17,Stick,Scooter,13.011415,77.64773,Low,Vehicle Lock Break,Under Investigation
4905,FIR/2022/004905,12,38,11,100884,519962,500183,2026-07-20,Knife,Car,12.340496,76.592453,Critical,ATM Skimming,Under Investigation
4906,FIR/2025/004906,2,7,13,101069,516490,518738,2024-07-03,Hands,None,12.325858,76.694455,Low,Social Engineering,Under Investigation
4907,FIR/2022/004907,6,22,10,100843,518305,505167,2023-05-03,Iron Rod,Scooter,12.941519,77.60981,Low,Vehicle Lock Break,Pending Trial
4908,FIR/2025/004908,5,17,9,100768,500212,511318,2024-08-03,Hands,Van,12.977537,77.545909,High,Physical Assault,Closed
4909,FIR/2025/004909,12,39,19,101523,507524,515143,2025-12-18,Hands,Car,12.9585,74.861173,Critical,Fake Identity,Under Investigation
4910,FIR/2022/004910,6,22,10,100812,501020,510780,2023-02-20,Crowbar,Car,12.973252,77.581057,Low,Knife Attack,Closed
4911,FIR/2024/004911,8,27,10,100864,516886,523338,2026-06-19,Stick,Van,12.975385,77.599917,High,ATM Skimming,Pending Trial
4912,FIR/2024/004912,10,32,4,100315,520648,518422,2026-07-11,Knife,Motorcycle,12.959121,77.637539,Medium,Duplicate Key,Closed
4913,FIR/2024/004913,11,36,14,101140,522938,505071,2024-12-24,Hands,Van,12.257164,76.671554,High,Poisoning,Pending Trial
4914,FIR/2023/004914,11,35,11,100950,509666,511725,2023-08-10,Stick,Van,12.34532,76.612462,Low,Social Engineering,Closed
4915,FIR/2025/004915,10,34,1,100059,513107,512548,2023-06-09,Knife,Car,12.976114,77.541661,High,Fake Identity,Pending Trial
4916,FIR/2026/004916,7,25,18,101462,501718,507007,2026-12-23,Hands,Auto,12.914631,74.854692,Low,Firearm,Charge Sheet Filed
4917,FIR/2022/004917,9,30,10,100822,514044,523341,2022-10-30,Hands,None,12.956464,77.617372,Low,Knife Attack,Under Investigation
4918,FIR/2023/004918,6,20,10,100806,507131,504554,2025-03-14,Stick,Van,12.950486,77.620216,Low,Knife Attack,Charge Sheet Filed
4919,FIR/2025/004919,7,25,8,100700,509267,523217,2025-06-10,Pistol,Van,12.981817,77.621524,Low,Physical Assault,Closed
4920,FIR/2026/004920,10,32,15,101230,505017,521188,2026-03-26,Crowbar,Truck,12.286633,76.634515,High,Forced Entry,Charge Sheet Filed
4921,FIR/2022/004921,6,20,2,100136,518942,507792,2025-01-08,Hands,Scooter,12.926771,77.618406,High,Duplicate Key,Closed
4922,FIR/2026/004922,5,15,16,101256,500694,504166,2022-10-29,Iron Rod,Truck,12.937116,74.870946,High,Forced Entry,Under Investigation
4923,FIR/2022/004923,12,38,12,100990,505472,503232,2022-10-08,Hands,Motorcycle,12.292508,76.645253,Critical,Vehicle Lock Break,Pending Trial
4924,FIR/2024/004924,3,9,6,100449,518222,505416,2026-02-28,Pistol,Van,12.981969,77.594193,Low,Online Scam,Closed
4925,FIR/2026/004925,5,17,2,100107,513742,500092,2025-10-12,Knife,Auto,12.930241,77.589287,Low,Physical Assault,Under Investigation
4926,FIR/2022/004926,8,27,13,101111,501139,520870,2022-04-20,Pistol,Van,12.336739,76.693555,Critical,Knife Attack,Under Investigation
4927,FIR/2022/004927,11,35,14,101121,501405,501339,2023-09-02,Iron Rod,Motorcycle,12.259724,76.683394,Critical,Firearm,Closed
4928,FIR/2024/004928,4,12,9,100743,502652,500729,2022-09-13,Hands,Car,12.975288,77.586491,Critical,Vehicle Lock Break,Charge Sheet Filed
4929,FIR/2022/004929,6,18,11,100905,502169,504287,2022-09-29,Crowbar,Car,12.337165,76.63213,Low,Knife Attack,Charge Sheet Filed
4930,FIR/2025/004930,6,18,14,101124,517912,514419,2026-12-12,Crowbar,Auto,12.276082,76.672211,Medium,Poisoning,Closed
4931,FIR/2026/004931,1,3,1,100089,506038,512434,2025-10-22,Stick,Van,12.988038,77.582307,Critical,Poisoning,Pending Trial
4932,FIR/2025/004932,4,12,16,101275,521553,515346,2026-06-18,Stick,None,12.979755,74.866049,Critical,Physical Assault,Closed
4933,FIR/2025/004933,6,22,17,101370,507638,500399,2022-07-17,Unknown,Van,12.932591,74.831174,High,Firearm,Under Investigation
4934,FIR/2024/004934,5,14,5,100387,523695,500429,2022-10-09,Stick,Motorcycle,12.953441,77.553466,Medium,Poisoning,Closed
4935,FIR/2024/004935,6,20,5,100350,507186,521310,2025-11-26,Unknown,Truck,12.932306,77.59169,Low,Poisoning,Closed
4936,FIR/2026/004936,6,22,19,101529,522036,504660,2022-05-20,Crowbar,None,12.94245,74.806782,Medium,Firearm,Closed
4937,FIR/2025/004937,8,26,10,100834,523102,510072,2025-02-16,Stick,Auto,12.97701,77.61532,Medium,Vehicle Lock Break,Closed
4938,FIR/2023/004938,6,21,12,101032,514613,516942,2022-06-14,Unknown,Scooter,12.299627,76.685825,Medium,Forced Entry,Pending Trial
4939,FIR/2026/004939,4,13,16,101330,511765,501533,2025-11-16,Iron Rod,Van,12.959691,74.900377,Medium,Forced Entry,Closed
4940,FIR/2024/004940,6,19,15,101234,510502,517093,2026-07-31,Iron Rod,Van,12.280712,76.623005,Medium,Firearm,Charge Sheet Filed
4941,FIR/2022/004941,9,31,14,101139,520596,510247,2023-03-15,Knife,Car,12.300434,76.661495,Critical,Social Engineering,Closed
4942,FIR/2022/004942,10,32,18,101459,503139,502578,2025-04-29,Pistol,Auto,12.956099,74.881887,Medium,Poisoning,Charge Sheet Filed
4943,FIR/2025/004943,9,31,13,101083,502383,518486,2025-06-28,Unknown,Motorcycle,12.309406,76.652684,High,Physical Assault,Pending Trial
4944,FIR/2023/004944,1,1,17,101346,515148,516875,2026-05-24,Stick,Van,12.928541,74.835309,Medium,Duplicate Key,Closed
4945,FIR/2025/004945,1,1,19,101469,503786,504045,2022-12-19,Knife,Truck,12.95326,74.833406,Medium,ATM Skimming,Charge Sheet Filed
4946,FIR/2025/004946,5,17,4,100326,507026,511179,2022-04-26,Pistol,Van,12.980951,77.620554,Low,ATM Skimming,Pending Trial
4947,FIR/2025/004947,2,5,11,100925,512225,510739,2026-09-07,Knife,Truck,12.306627,76.62808,High,Social Engineering,Charge Sheet Filed
4948,FIR/2024/004948,9,30,3,100172,522156,518262,2025-06-24,Crowbar,Scooter,12.995962,77.593221,High,Fake Identity,Pending Trial
4949,FIR/2024/004949,2,7,14,101152,504768,510081,2024-09-10,Iron Rod,Van,12.268021,76.661061,Critical,Social Engineering,Charge Sheet Filed
4950,FIR/2025/004950,2,6,6,100483,519539,505133,2023-02-27,Iron Rod,Car,12.984992,77.566316,High,Physical Assault,Closed
4951,FIR/2022/004951,6,20,17,101405,512807,505430,2022-02-12,Hands,Car,12.925515,74.863005,Medium,Vehicle Lock Break,Charge Sheet Filed
4952,FIR/2022/004952,7,25,8,100635,500932,513830,2026-06-26,Stick,Car,13.010295,77.59014,Medium,Physical Assault,Pending Trial
4953,FIR/2024/004953,6,19,16,101280,509343,503442,2024-03-27,Crowbar,Truck,12.958519,74.871335,Medium,Firearm,Under Investigation
4954,FIR/2023/004954,7,24,1,100084,511047,520463,2022-12-17,Pistol,Van,12.992248,77.577525,High,Knife Attack,Under Investigation
4955,FIR/2026/004955,6,21,4,100300,523889,510514,2023-07-21,Pistol,Car,12.974134,77.627765,Critical,Social Engineering,Under Investigation
4956,FIR/2022/004956,6,22,4,100333,523813,521657,2026-02-13,Pistol,Truck,12.981954,77.63211,Critical,Forced Entry,Under Investigation
4957,FIR/2022/004957,6,18,5,100398,514111,523753,2023-06-16,Pistol,None,12.914289,77.572269,Critical,Duplicate Key,Charge Sheet Filed
4958,FIR/2022/004958,1,1,10,100850,509056,507649,2026-08-10,Knife,Scooter,12.944858,77.565454,Low,Duplicate Key,Closed
4959,FIR/2024/004959,8,27,2,100104,503509,515440,2026-05-10,Stick,Car,12.936332,77.609397,Low,Poisoning,Closed
4960,FIR/2026/004960,11,37,14,101158,517215,513837,2025-09-23,Hands,Motorcycle,12.278539,76.688985,High,ATM Skimming,Under Investigation
4961,FIR/2023/004961,8,26,6,100504,524116,500905,2022-03-01,Crowbar,Motorcycle,13.019265,77.611824,Low,Forced Entry,Closed
4962,FIR/2025/004962,3,10,4,100318,514669,517137,2022-05-26,Unknown,Auto,13.004371,77.608961,Critical,Duplicate Key,Charge Sheet Filed
4963,FIR/2023/004963,3,9,20,101590,507035,505145,2024-12-17,Unknown,None,12.91608,74.84885,Medium,Forced Entry,Pending Trial
4964,FIR/2022/004964,5,15,5,100341,518533,505214,2023-03-04,Crowbar,Van,12.928091,77.556795,Low,Knife Attack,Charge Sheet Filed
4965,FIR/2023/004965,9,29,18,101463,504292,501498,2022-02-07,Pistol,Van,12.958805,74.890393,Low,Vehicle Lock Break,Pending Trial
4966,FIR/2023/004966,4,12,2,100109,518070,522621,2025-10-19,Unknown,Scooter,12.924777,77.606072,Critical,Poisoning,Closed
4967,FIR/2023/004967,9,30,18,101433,524740,510085,2024-05-14,Knife,Car,12.928941,74.852058,High,Physical Assault,Under Investigation
4968,FIR/2024/004968,12,38,13,101071,508418,503885,2022-03-12,Unknown,None,12.32161,76.698184,Medium,Firearm,Charge Sheet Filed
4969,FIR/2022/004969,6,20,19,101468,516085,508598,2023-08-04,Crowbar,Truck,12.94692,74.829543,Critical,Online Scam,Pending Trial
4970,FIR/2025/004970,6,19,11,100937,518007,521871,2023-09-16,Knife,Truck,12.329575,76.626359,High,Social Engineering,Pending Trial
4971,FIR/2026/004971,1,4,1,100021,517973,501526,2026-10-31,Crowbar,Motorcycle,12.949528,77.562508,Low,Online Scam,Charge Sheet Filed
4972,FIR/2024/004972,1,1,15,101195,502456,517743,2026-01-25,Pistol,Motorcycle,12.275525,76.617804,Low,Knife Attack,Charge Sheet Filed
4973,FIR/2023/004973,5,15,17,101392,509969,516742,2024-03-05,Iron Rod,Truck,12.878062,74.873461,Medium,Social Engineering,Pending Trial
4974,FIR/2025/004974,9,31,2,100112,516373,522794,2024-12-25,Crowbar,Motorcycle,12.965627,77.61623,Medium,Poisoning,Charge Sheet Filed
4975,FIR/2024/004975,12,40,7,100572,514034,505860,2022-10-23,Pistol,Car,12.9407,77.614978,High,Online Scam,Pending Trial
4976,FIR/2026/004976,5,16,9,100744,508292,510634,2025-12-09,Crowbar,None,12.988745,77.574634,Critical,ATM Skimming,Closed
4977,FIR/2023/004977,6,18,5,100344,502543,508660,2024-03-04,Unknown,Scooter,12.96777,77.550118,Medium,Poisoning,Closed
4978,FIR/2026/004978,2,6,10,100793,512629,515210,2023-10-18,Unknown,Motorcycle,12.983708,77.588743,Low,Duplicate Key,Under Investigation
4979,FIR/2022/004979,10,33,18,101455,507961,519269,2023-01-22,Pistol,Van,12.932885,74.869675,Critical,Firearm,Charge Sheet Filed
4980,FIR/2022/004980,5,15,14,101162,524740,523073,2024-01-19,Unknown,Car,12.286816,76.644282,Medium,Physical Assault,Closed
4981,FIR/2026/004981,4,13,20,101584,515958,515430,2026-05-13,Knife,Car,12.924151,74.83913,Critical,Physical Assault,Closed
4982,FIR/2026/004982,5,14,11,100905,505779,504972,2023-03-03,Iron Rod,Truck,12.322545,76.594818,Critical,Forced Entry,Closed
4983,FIR/2024/004983,11,35,4,100307,511021,522904,2025-03-27,Hands,Car,12.995763,77.645504,Critical,Knife Attack,Closed
4984,FIR/2023/004984,8,27,19,101521,514738,511889,2025-04-08,Pistol,Truck,12.952115,74.851732,Critical,Vehicle Lock Break,Pending Trial
4985,FIR/2025/004985,7,24,14,101176,503524,524947,2023-03-19,Stick,Auto,12.303854,76.689456,Low,Vehicle Lock Break,Pending Trial
4986,FIR/2024/004986,2,7,14,101177,500048,523006,2026-04-01,Hands,Scooter,12.288015,76.659166,Low,Vehicle Lock Break,Closed
4987,FIR/2023/004987,5,14,15,101234,512583,514966,2025-05-08,Stick,None,12.277792,76.631014,Medium,Firearm,Pending Trial
4988,FIR/2026/004988,4,11,9,100738,513002,500519,2026-04-02,Crowbar,Scooter,12.995946,77.55373,High,Vehicle Lock Break,Pending Trial
4989,FIR/2023/004989,8,27,19,101530,518533,519104,2024-04-29,Unknown,Car,12.920431,74.848073,Low,Vehicle Lock Break,Under Investigation
4990,FIR/2026/004990,1,2,5,100413,503330,500942,2022-09-19,Pistol,Scooter,12.969415,77.588125,Low,Knife Attack,Pending Trial
4991,FIR/2026/004991,3,10,11,100886,503946,504220,2024-04-03,Unknown,Scooter,12.328985,76.616472,High,Vehicle Lock Break,Closed
4992,FIR/2023/004992,9,29,19,101503,521338,500205,2025-05-08,Unknown,Car,12.909648,74.818863,Medium,Vehicle Lock Break,Pending Trial
4993,FIR/2023/004993,6,20,9,100720,524254,508945,2026-09-07,Pistol,Van,13.005449,77.551424,Critical,Online Scam,Closed
4994,FIR/2024/004994,7,24,20,101605,522649,506451,2023-10-18,Pistol,Auto,12.944846,74.838997,Low,Vehicle Lock Break,Charge Sheet Filed
4995,FIR/2022/004995,8,26,10,100858,519300,503114,2023-10-03,Crowbar,Van,12.95228,77.561055,Critical,Social Engineering,Closed
4996,FIR/2024/004996,4,12,18,101421,506647,520290,2023-02-10,Crowbar,Motorcycle,12.929494,74.869223,Critical,Online Scam,Under Investigation
4997,FIR/2026/004997,8,26,18,101426,521593,521133,2025-02-23,Hands,None,12.923005,74.87171,High,Vehicle Lock Break,Charge Sheet Filed
4998,FIR/2024/004998,2,5,2,100133,517641,522517,2024-10-25,Knife,Truck,12.953552,77.5929,Medium,ATM Skimming,Under Investigation
4999,FIR/2023/004999,7,25,1,100050,504724,506162,2023-01-31,Iron Rod,Motorcycle,12.999596,77.57441,Low,Fake Identity,Closed
5000,FIR/2026/005000,1,3,3,100217,512601,516825,2026-02-17,Knife,Scooter,12.95522,77.621858,Medium,Forced Entry,Closed
