RecordID,CaseID,PersonID,VictimType
1,1,511013,Primary
2,1,507042,Secondary
3,1,512173,Secondary
4,2,521878,Secondary
5,3,516321,Primary
6,3,502975,Primary
7,3,522232,Secondary
8,4,520163,Primary
9,4,524536,Primary
10,5,519939,Secondary
11,6,509576,Secondary
12,7,521810,Primary
13,7,510516,Secondary
14,7,510420,Secondary
15,8,512817,Secondary
16,8,500571,Secondary
17,9,504764,Secondary
18,10,514883,Secondary
19,11,520470,Secondary
20,11,502531,Secondary
21,11,501922,Primary
22,12,508804,Secondary
23,13,524564,Secondary
24,13,516959,Secondary
25,14,520941,Primary
26,15,517691,Secondary
27,15,500701,Secondary
28,16,508666,Secondary
29,16,500026,Primary
30,17,506695,Primary
31,17,514525,Secondary
32,17,512257,Primary
33,18,515990,Primary
34,19,500019,Primary
35,19,513310,Secondary
36,19,510084,Secondary
37,20,518644,Secondary
38,20,501318,Secondary
39,20,503730,Secondary
40,21,511807,Primary
41,21,501605,Secondary
42,22,506933,Secondary
43,22,506992,Primary
44,23,505327,Secondary
45,23,509380,Secondary
46,24,518905,Secondary
47,24,514533,Primary
48,25,501055,Primary
49,25,503716,Primary
50,26,509133,Primary
51,26,511612,Primary
52,27,506219,Secondary
53,27,521232,Primary
54,27,508195,Primary
55,28,510393,Primary
56,28,518877,Secondary
57,28,517667,Primary
58,29,519735,Primary
59,29,518996,Primary
60,30,523390,Primary
61,30,521671,Primary
62,31,503218,Secondary
63,31,518959,Secondary
64,32,503223,Primary
65,32,507778,Secondary
66,32,500592,Secondary
67,33,523706,Primary
68,33,507109,Primary
69,34,508779,Secondary
70,34,507166,Secondary
71,35,505047,Secondary
72,36,505306,Primary
73,36,505809,Primary
74,37,511699,Secondary
75,38,518573,Secondary
76,39,522935,Primary
77,39,502485,Secondary
78,39,523677,Primary
79,40,502199,Primary
80,41,507437,Primary
81,42,519121,Primary
82,42,509816,Secondary
83,43,507439,Secondary
84,43,507007,Secondary
85,43,501803,Secondary
86,44,511729,Secondary
87,44,521414,Primary
88,45,516984,Secondary
89,45,505439,Secondary
90,45,504876,Secondary
91,46,508503,Primary
92,46,516170,Secondary
93,46,517176,Primary
94,47,522260,Primary
95,48,520099,Primary
96,48,524882,Secondary
97,49,521014,Secondary
98,49,512071,Secondary
99,50,512197,Primary
100,50,506209,Secondary
101,50,519256,Secondary
102,51,519586,Primary
103,51,511670,Primary
104,51,505318,Primary
105,52,506365,Secondary
106,53,515394,Primary
107,54,503029,Primary
108,54,521286,Secondary
109,54,504358,Secondary
110,55,500661,Secondary
111,55,506113,Primary
112,55,503127,Primary
113,56,524816,Primary
114,57,524683,Primary
115,57,511047,Primary
116,57,502412,Secondary
117,58,523499,Secondary
118,58,514212,Primary
119,58,523676,Primary
120,59,503922,Secondary
121,59,509094,Secondary
122,60,505154,Secondary
123,60,517607,Primary
124,60,522429,Secondary
125,61,510698,Secondary
126,62,502746,Secondary
127,62,509790,Secondary
128,62,513228,Primary
129,63,509973,Primary
130,64,519097,Secondary
131,64,501771,Secondary
132,64,509209,Primary
133,65,507096,Secondary
134,65,506731,Primary
135,66,508714,Primary
136,66,501961,Secondary
137,67,505476,Secondary
138,67,515044,Primary
139,68,515580,Primary
140,68,518359,Secondary
141,69,509823,Secondary
142,70,515231,Secondary
143,71,512899,Secondary
144,71,507777,Secondary
145,71,517441,Secondary
146,72,507944,Secondary
147,72,505484,Primary
148,73,514677,Secondary
149,73,512590,Secondary
150,74,516729,Secondary
151,75,524220,Primary
152,76,512603,Primary
153,77,517802,Secondary
154,78,513752,Secondary
155,78,518036,Secondary
156,78,507013,Secondary
157,79,511057,Primary
158,79,518930,Secondary
159,79,513199,Secondary
160,80,513193,Secondary
161,80,500566,Primary
162,80,512722,Secondary
163,81,524555,Primary
164,81,519527,Secondary
165,81,513259,Primary
166,82,503106,Primary
167,82,512416,Primary
168,83,507884,Primary
169,83,521091,Secondary
170,83,505881,Primary
171,84,514965,Secondary
172,84,506356,Primary
173,85,510887,Primary
174,86,508325,Primary
175,87,507343,Primary
176,87,523972,Primary
177,87,512124,Secondary
178,88,511548,Secondary
179,88,504383,Secondary
180,88,524068,Secondary
181,89,515437,Primary
182,90,514928,Secondary
183,90,514792,Primary
184,90,512307,Primary
185,91,520799,Primary
186,91,512508,Secondary
187,92,516001,Secondary
188,92,509127,Secondary
189,92,523220,Primary
190,93,501726,Primary
191,93,523252,Secondary
192,93,521751,Primary
193,94,517003,Primary
194,95,503897,Primary
195,96,509268,Primary
196,96,515127,Secondary
197,96,511569,Secondary
198,97,514517,Primary
199,98,505589,Primary
200,99,522385,Primary
201,99,514158,Primary
202,99,508021,Secondary
203,100,501931,Primary
204,100,513367,Primary
205,101,520301,Primary
206,102,516493,Secondary
207,102,522117,Primary
208,103,511684,Primary
209,104,503639,Secondary
210,104,512671,Secondary
211,105,507941,Secondary
212,105,509288,Secondary
213,105,523766,Secondary
214,106,514352,Primary
215,107,507286,Primary
216,107,505060,Secondary
217,107,504544,Primary
218,108,523814,Secondary
219,109,506038,Primary
220,110,507849,Primary
221,110,504784,Secondary
222,110,521518,Secondary
223,111,513880,Secondary
224,111,507433,Secondary
225,111,514991,Primary
226,112,516659,Primary
227,112,509010,Primary
228,112,520146,Secondary
229,113,510594,Secondary
230,114,509243,Primary
231,114,508911,Primary
232,114,515405,Secondary
233,115,523142,Primary
234,116,515841,Secondary
235,116,515146,Secondary
236,116,507388,Secondary
237,117,514973,Primary
238,117,523927,Primary
239,117,507320,Secondary
240,118,519443,Secondary
241,118,520704,Secondary
242,119,518244,Primary
243,119,521691,Primary
244,119,510062,Primary
245,120,515023,Primary
246,120,504245,Primary
247,120,501229,Primary
248,121,517228,Secondary
249,121,524459,Primary
250,122,508295,Secondary
251,122,521014,Primary
252,122,507588,Secondary
253,123,508616,Primary
254,123,511796,Primary
255,124,523467,Secondary
256,124,502902,Primary
257,124,524815,Secondary
258,125,518154,Primary
259,125,521305,Secondary
260,126,521700,Primary
261,126,511049,Secondary
262,127,524662,Secondary
263,127,514948,Secondary
264,128,515074,Primary
265,129,507290,Secondary
266,130,509432,Primary
267,130,511872,Secondary
268,130,513099,Secondary
269,131,515418,Secondary
270,131,512180,Secondary
271,131,522926,Secondary
272,132,514061,Secondary
273,132,519258,Primary
274,132,510764,Secondary
275,133,517402,Secondary
276,133,505995,Primary
277,134,518224,Primary
278,134,519576,Secondary
279,135,503104,Secondary
280,135,508507,Secondary
281,136,506826,Secondary
282,137,514251,Secondary
283,137,504482,Secondary
284,138,518566,Primary
285,138,513445,Secondary
286,139,503216,Primary
287,139,520858,Secondary
288,140,506001,Primary
289,141,516070,Primary
290,141,522600,Primary
291,141,512839,Primary
292,142,513723,Primary
293,143,517039,Secondary
294,143,519834,Primary
295,143,518766,Primary
296,144,503607,Secondary
297,145,508331,Primary
298,145,514475,Secondary
299,146,515609,Primary
300,147,521135,Secondary
301,147,522914,Secondary
302,147,504615,Primary
303,148,500093,Secondary
304,148,514553,Primary
305,149,511622,Primary
306,149,506445,Secondary
307,150,508323,Primary
308,150,505085,Primary
309,150,520626,Primary
310,151,522492,Secondary
311,151,522097,Secondary
312,152,509063,Secondary
313,153,511605,Secondary
314,154,501067,Secondary
315,155,513131,Primary
316,156,518665,Secondary
317,157,500579,Primary
318,158,511871,Primary
319,158,517442,Secondary
320,158,500703,Primary
321,159,518111,Secondary
322,159,521086,Primary
323,160,522509,Secondary
324,160,508501,Secondary
325,160,507067,Primary
326,161,517828,Secondary
327,161,516602,Primary
328,162,503017,Primary
329,163,522671,Secondary
330,163,522176,Secondary
331,164,520062,Primary
332,165,518266,Secondary
333,165,506527,Primary
334,165,510528,Secondary
335,166,510794,Primary
336,166,513023,Primary
337,167,504593,Primary
338,167,517410,Primary
339,167,518155,Primary
340,168,522204,Secondary
341,169,519302,Secondary
342,169,515175,Primary
343,169,521529,Secondary
344,170,506091,Primary
345,170,508001,Secondary
346,170,524651,Secondary
347,171,512741,Primary
348,172,521405,Primary
349,172,507667,Secondary
350,172,510533,Secondary
351,173,514848,Secondary
352,173,519852,Secondary
353,174,503255,Primary
354,174,502925,Primary
355,174,522855,Primary
356,175,513464,Secondary
357,176,520412,Primary
358,177,522279,Primary
359,177,501792,Secondary
360,178,512759,Primary
361,178,521779,Secondary
362,179,517331,Primary
363,179,505558,Secondary
364,180,519774,Secondary
365,181,508783,Secondary
366,181,515831,Primary
367,182,511715,Primary
368,183,500872,Primary
369,183,518011,Primary
370,183,500648,Secondary
371,184,505686,Secondary
372,185,512672,Primary
373,185,519709,Secondary
374,186,500052,Primary
375,186,511209,Secondary
376,187,506447,Primary
377,188,523129,Primary
378,188,514995,Primary
379,188,506997,Primary
380,189,507788,Primary
381,189,524914,Primary
382,190,511780,Secondary
383,191,503574,Secondary
384,192,501452,Primary
385,192,500753,Primary
386,193,516151,Primary
387,193,517843,Primary
388,194,517432,Secondary
389,194,518182,Primary
390,195,506735,Primary
391,195,516757,Primary
392,196,504906,Secondary
393,196,523353,Secondary
394,196,510935,Primary
395,197,511792,Primary
396,197,503213,Secondary
397,197,517123,Primary
398,198,514742,Secondary
399,198,507932,Primary
400,199,509297,Secondary
401,200,521789,Secondary
402,200,524630,Primary
403,201,518282,Primary
404,201,512825,Secondary
405,202,517003,Primary
406,202,504956,Secondary
407,202,507311,Primary
408,203,519110,Secondary
409,203,501517,Secondary
410,204,505665,Secondary
411,204,517701,Secondary
412,205,511037,Primary
413,205,521299,Secondary
414,206,521606,Primary
415,207,517675,Primary
416,207,511261,Primary
417,208,508386,Primary
418,209,500488,Primary
419,209,520084,Primary
420,209,511282,Primary
421,210,521016,Primary
422,210,512570,Primary
423,211,518474,Primary
424,212,506920,Secondary
425,212,506387,Secondary
426,213,515918,Primary
427,214,522967,Primary
428,214,511690,Primary
429,214,519234,Secondary
430,215,513043,Secondary
431,215,516687,Primary
432,216,519302,Secondary
433,216,506445,Primary
434,216,508794,Secondary
435,217,519829,Primary
436,217,523892,Primary
437,218,504961,Primary
438,219,513731,Primary
439,219,522520,Secondary
440,219,509065,Secondary
441,220,524736,Primary
442,220,523296,Secondary
443,221,502666,Primary
444,221,517105,Secondary
445,222,509134,Secondary
446,222,520486,Primary
447,223,520869,Primary
448,223,518890,Secondary
449,224,519600,Secondary
450,224,500591,Secondary
451,224,513127,Secondary
452,225,504380,Primary
453,225,503788,Primary
454,225,520824,Secondary
455,226,501681,Secondary
456,226,502240,Primary
457,227,512155,Primary
458,228,506952,Primary
459,229,514185,Secondary
460,229,502948,Secondary
461,230,508915,Primary
462,231,520297,Secondary
463,231,513233,Secondary
464,231,503182,Secondary
465,232,518210,Primary
466,233,509948,Secondary
467,234,519216,Secondary
468,234,514911,Secondary
469,234,510035,Secondary
470,235,506420,Primary
471,235,504988,Secondary
472,235,519629,Primary
473,236,502041,Primary
474,237,500100,Secondary
475,237,515895,Secondary
476,237,505224,Primary
477,238,518700,Primary
478,238,520786,Primary
479,238,501576,Primary
480,239,508055,Primary
481,239,521851,Secondary
482,239,520791,Primary
483,240,509484,Primary
484,240,505566,Secondary
485,240,522158,Primary
486,241,505200,Primary
487,241,524654,Primary
488,242,507635,Primary
489,243,520685,Primary
490,243,510258,Primary
491,244,504207,Primary
492,244,507447,Primary
493,245,507469,Primary
494,245,519699,Primary
495,245,503862,Secondary
496,246,518154,Secondary
497,246,511282,Secondary
498,247,517246,Secondary
499,247,502901,Primary
500,247,511035,Secondary
501,248,508512,Primary
502,248,521803,Primary
503,249,501464,Secondary
504,249,510214,Secondary
505,249,507551,Secondary
506,250,504443,Primary
507,251,517874,Secondary
508,251,504969,Primary
509,252,514567,Primary
510,252,502191,Secondary
511,253,510334,Secondary
512,253,510725,Secondary
513,253,506125,Primary
514,254,500729,Primary
515,255,510460,Secondary
516,255,505063,Secondary
517,256,511419,Primary
518,256,502901,Primary
519,256,514896,Primary
520,257,513717,Primary
521,257,512853,Primary
522,258,514046,Primary
523,258,512576,Primary
524,258,507625,Secondary
525,259,507418,Secondary
526,259,516283,Primary
527,259,516615,Secondary
528,260,501070,Secondary
529,260,516811,Primary
530,261,520303,Primary
531,261,507085,Primary
532,262,516639,Secondary
533,262,503470,Primary
534,263,515534,Secondary
535,264,521907,Primary
536,265,522226,Secondary
537,265,517503,Secondary
538,265,509294,Secondary
539,266,502520,Primary
540,266,520579,Secondary
541,267,505011,Secondary
542,268,503944,Secondary
543,269,521636,Secondary
544,269,511809,Primary
545,270,521577,Primary
546,271,501577,Secondary
547,271,500904,Secondary
548,271,514443,Primary
549,272,506756,Primary
550,273,512975,Secondary
551,273,523436,Secondary
552,274,506438,Primary
553,274,515884,Primary
554,275,509635,Secondary
555,275,500181,Primary
556,275,517437,Primary
557,276,520818,Primary
558,277,501468,Primary
559,277,521886,Secondary
560,278,514374,Primary
561,278,501337,Primary
562,279,522835,Primary
563,280,510089,Secondary
564,280,500387,Secondary
565,281,516065,Secondary
566,282,523180,Primary
567,283,523922,Secondary
568,283,522552,Secondary
569,284,501256,Secondary
570,284,511828,Secondary
571,284,502926,Secondary
572,285,523517,Secondary
573,285,522699,Primary
574,286,509793,Secondary
575,286,505102,Primary
576,286,507054,Secondary
577,287,502018,Primary
578,288,517597,Secondary
579,288,506727,Secondary
580,289,501328,Primary
581,289,506025,Primary
582,290,500761,Secondary
583,290,513244,Secondary
584,290,512045,Primary
585,291,513947,Primary
586,291,504326,Primary
587,291,520151,Secondary
588,292,507614,Secondary
589,292,524972,Primary
590,292,512907,Primary
591,293,510221,Secondary
592,293,516147,Primary
593,293,506804,Primary
594,294,507786,Primary
595,294,514177,Secondary
596,294,505319,Secondary
597,295,509715,Primary
598,295,511084,Secondary
599,295,512518,Primary
600,296,518760,Secondary
601,296,524671,Secondary
602,297,517675,Secondary
603,297,505237,Secondary
604,298,515572,Secondary
605,299,512145,Primary
606,299,502280,Secondary
607,300,514667,Secondary
608,301,516299,Primary
609,302,503540,Primary
610,302,509335,Primary
611,302,512600,Secondary
612,303,517362,Primary
613,303,511987,Secondary
614,304,503459,Secondary
615,305,502773,Secondary
616,305,501786,Secondary
617,305,516005,Primary
618,306,516859,Secondary
619,306,510836,Primary
620,306,507743,Primary
621,307,510556,Secondary
622,307,522997,Secondary
623,308,519995,Secondary
624,309,512600,Primary
625,309,524455,Secondary
626,309,520295,Secondary
627,310,523633,Secondary
628,311,522884,Primary
629,312,505498,Primary
630,312,510181,Secondary
631,313,506787,Primary
632,314,516951,Primary
633,315,519034,Primary
634,316,522407,Secondary
635,316,504904,Primary
636,317,510405,Primary
637,318,516181,Secondary
638,319,510178,Primary
639,320,509054,Primary
640,320,519178,Secondary
641,321,524565,Primary
642,321,514904,Secondary
643,322,513981,Primary
644,322,522682,Secondary
645,322,509136,Secondary
646,323,508707,Secondary
647,323,510069,Secondary
648,323,505604,Secondary
649,324,515802,Primary
650,324,510273,Secondary
651,324,523918,Primary
652,325,522593,Secondary
653,325,512572,Primary
654,326,511021,Secondary
655,326,513401,Primary
656,327,507212,Secondary
657,327,501336,Primary
658,327,503555,Primary
659,328,505294,Secondary
660,328,513368,Primary
661,328,516822,Secondary
662,329,509075,Secondary
663,330,521015,Primary
664,330,509973,Secondary
665,331,502959,Secondary
666,331,505621,Secondary
667,331,509876,Primary
668,332,515545,Secondary
669,332,506694,Secondary
670,333,524197,Secondary
671,334,504738,Secondary
672,335,503890,Primary
673,335,507269,Secondary
674,336,524978,Primary
675,337,506613,Secondary
676,337,519352,Secondary
677,337,514858,Secondary
678,338,502683,Secondary
679,339,506240,Primary
680,340,504921,Secondary
681,340,508414,Secondary
682,340,513642,Primary
683,341,520470,Primary
684,341,514513,Secondary
685,342,511108,Secondary
686,342,517908,Secondary
687,343,515758,Primary
688,344,502915,Primary
689,344,503888,Secondary
690,345,503458,Secondary
691,345,504665,Primary
692,346,519803,Primary
693,346,519279,Secondary
694,346,503029,Primary
695,347,516330,Primary
696,348,516275,Secondary
697,348,514961,Secondary
698,349,512682,Primary
699,349,505404,Primary
700,349,503174,Secondary
701,350,523801,Primary
702,351,522372,Primary
703,351,508624,Secondary
704,351,521127,Secondary
705,352,513898,Primary
706,352,509002,Primary
707,352,505027,Primary
708,353,506442,Secondary
709,353,524699,Primary
710,353,504191,Secondary
711,354,510793,Secondary
712,354,516963,Primary
713,354,505401,Primary
714,355,518327,Primary
715,356,503297,Primary
716,356,524932,Secondary
717,357,504130,Primary
718,358,516743,Secondary
719,358,509247,Secondary
720,359,501926,Primary
721,359,511276,Secondary
722,359,510932,Secondary
723,360,504164,Secondary
724,360,517210,Secondary
725,361,511366,Primary
726,361,513023,Primary
727,362,523405,Secondary
728,362,511536,Secondary
729,363,503768,Primary
730,363,521423,Secondary
731,363,506821,Secondary
732,364,512539,Secondary
733,364,512340,Primary
734,365,502744,Primary
735,366,523083,Primary
736,367,522196,Primary
737,368,521601,Primary
738,369,504884,Secondary
739,370,502530,Secondary
740,370,521390,Secondary
741,370,504535,Secondary
742,371,517617,Primary
743,372,509662,Primary
744,373,524541,Secondary
745,373,507002,Secondary
746,373,523513,Primary
747,374,500028,Secondary
748,374,502461,Primary
749,374,502430,Primary
750,375,518513,Secondary
751,375,522104,Primary
752,376,521190,Primary
753,376,503809,Secondary
754,376,511357,Secondary
755,377,521226,Secondary
756,377,512301,Primary
757,378,508753,Primary
758,379,516581,Secondary
759,379,508368,Primary
760,380,510755,Primary
761,380,520485,Secondary
762,381,510056,Secondary
763,382,510705,Primary
764,383,508146,Secondary
765,383,503307,Secondary
766,384,513908,Primary
767,384,517358,Primary
768,384,502040,Secondary
769,385,510985,Secondary
770,385,516255,Primary
771,386,506153,Primary
772,387,523560,Secondary
773,387,514294,Primary
774,387,518998,Primary
775,388,517304,Secondary
776,389,521226,Primary
777,389,518497,Secondary
778,390,517984,Secondary
779,390,522486,Secondary
780,391,515162,Secondary
781,391,504974,Primary
782,392,521918,Primary
783,393,522280,Secondary
784,394,522566,Secondary
785,394,504324,Primary
786,394,500564,Secondary
787,395,520594,Secondary
788,395,516250,Secondary
789,395,513560,Primary
790,396,518567,Secondary
791,396,524126,Primary
792,397,503807,Primary
793,397,508629,Secondary
794,398,508811,Secondary
795,398,514255,Primary
796,398,513489,Primary
797,399,502409,Primary
798,400,513105,Secondary
799,400,506603,Primary
800,400,521679,Secondary
801,401,501013,Primary
802,401,504352,Secondary
803,401,524831,Primary
804,402,510954,Primary
805,402,510978,Secondary
806,402,517806,Primary
807,403,516755,Primary
808,403,512057,Secondary
809,404,523580,Primary
810,404,505426,Primary
811,405,513939,Secondary
812,405,521337,Primary
813,405,524246,Primary
814,406,522485,Primary
815,406,520937,Primary
816,407,504219,Primary
817,407,518549,Secondary
818,407,501006,Secondary
819,408,504450,Primary
820,408,524829,Secondary
821,409,512274,Primary
822,409,511246,Secondary
823,410,505947,Secondary
824,410,510661,Secondary
825,410,514417,Primary
826,411,500507,Primary
827,412,521311,Primary
828,412,502633,Secondary
829,413,500809,Primary
830,413,522513,Primary
831,413,516067,Primary
832,414,515699,Secondary
833,414,509638,Primary
834,415,521462,Primary
835,415,503942,Secondary
836,416,524612,Primary
837,416,522278,Primary
838,417,512249,Secondary
839,417,504666,Secondary
840,417,504341,Primary
841,418,515630,Primary
842,418,507246,Secondary
843,419,503310,Secondary
844,419,503791,Primary
845,419,504981,Secondary
846,420,510874,Secondary
847,420,514701,Primary
848,421,518821,Secondary
849,421,502831,Secondary
850,421,514302,Secondary
851,422,523281,Secondary
852,422,514506,Secondary
853,422,517653,Primary
854,423,519460,Primary
855,423,522359,Secondary
856,424,504055,Secondary
857,424,510155,Primary
858,425,511145,Secondary
859,425,507844,Secondary
860,426,505441,Secondary
861,426,505999,Secondary
862,426,519110,Primary
863,427,520389,Secondary
864,427,503365,Secondary
865,427,510436,Secondary
866,428,508161,Primary
867,428,517371,Primary
868,428,508434,Primary
869,429,501294,Primary
870,429,508496,Primary
871,429,503411,Secondary
872,430,518805,Secondary
873,430,513141,Secondary
874,431,515114,Primary
875,431,519284,Secondary
876,431,508914,Primary
877,432,524478,Secondary
878,432,509585,Secondary
879,433,504813,Secondary
880,434,502590,Primary
881,434,503464,Secondary
882,435,504067,Secondary
883,435,516859,Primary
884,435,518265,Secondary
885,436,508757,Secondary
886,437,505301,Primary
887,437,516147,Primary
888,437,504103,Secondary
889,438,508663,Secondary
890,438,515171,Secondary
891,439,509249,Primary
892,439,509764,Secondary
893,439,522032,Primary
894,440,515676,Secondary
895,440,505987,Primary
896,441,504325,Secondary
897,442,502073,Secondary
898,443,518767,Primary
899,443,519650,Primary
900,444,512414,Primary
901,444,517347,Secondary
902,445,520918,Primary
903,445,522939,Primary
904,445,504970,Secondary
905,446,505055,Primary
906,446,523528,Primary
907,446,500661,Secondary
908,447,500464,Primary
909,447,510094,Secondary
910,448,504697,Primary
911,449,509187,Secondary
912,449,522948,Primary
913,450,517829,Secondary
914,451,508584,Primary
915,451,501290,Secondary
916,451,523671,Secondary
917,452,515075,Primary
918,452,508842,Secondary
919,452,523275,Secondary
920,453,519527,Secondary
921,454,519119,Secondary
922,455,524891,Primary
923,455,523135,Secondary
924,456,517903,Secondary
925,456,521549,Primary
926,456,519045,Secondary
927,457,505529,Secondary
928,457,515258,Secondary
929,458,504810,Primary
930,458,521824,Primary
931,458,515474,Secondary
932,459,509618,Primary
933,460,516020,Primary
934,461,500030,Secondary
935,461,502332,Primary
936,461,507973,Primary
937,462,520817,Secondary
938,462,509268,Primary
939,463,507835,Secondary
940,463,523733,Primary
941,464,521180,Primary
942,464,506426,Secondary
943,464,512785,Secondary
944,465,519997,Secondary
945,465,506089,Primary
946,465,514785,Secondary
947,466,514421,Primary
948,466,524310,Secondary
949,467,523612,Primary
950,468,502107,Primary
951,468,517455,Secondary
952,469,506774,Primary
953,470,517480,Secondary
954,470,524032,Primary
955,470,500066,Secondary
956,471,524075,Primary
957,471,520479,Secondary
958,472,503382,Secondary
959,473,516821,Primary
960,474,501086,Primary
961,474,519669,Secondary
962,475,507766,Secondary
963,475,524006,Secondary
964,476,513525,Secondary
965,477,516055,Primary
966,477,523760,Secondary
967,478,506393,Secondary
968,478,517862,Secondary
969,479,524562,Primary
970,480,508530,Primary
971,480,513171,Secondary
972,481,517997,Secondary
973,482,508143,Secondary
974,483,512044,Primary
975,484,504311,Secondary
976,485,516480,Secondary
977,485,509340,Primary
978,486,511741,Primary
979,486,518418,Secondary
980,486,511816,Secondary
981,487,514636,Secondary
982,487,515689,Secondary
983,487,514056,Primary
984,488,501985,Secondary
985,489,502555,Secondary
986,489,523183,Primary
987,490,510078,Secondary
988,490,512396,Primary
989,491,517421,Secondary
990,491,501723,Primary
991,491,500626,Primary
992,492,502546,Primary
993,492,508382,Primary
994,492,509567,Primary
995,493,511695,Secondary
996,493,521474,Primary
997,493,513660,Primary
998,494,512709,Secondary
999,494,523923,Secondary
1000,495,523918,Secondary
1001,495,508141,Primary
1002,495,512273,Primary
1003,496,524214,Secondary
1004,497,523845,Primary
1005,497,516672,Primary
1006,498,500464,Primary
1007,498,517306,Secondary
1008,499,523855,Primary
1009,500,508370,Primary
1010,501,505907,Secondary
1011,501,513864,Secondary
1012,502,523643,Primary
1013,502,512334,Primary
1014,502,516003,Primary
1015,503,518315,Primary
1016,503,500435,Secondary
1017,504,501276,Primary
1018,504,507225,Secondary
1019,504,510363,Primary
1020,505,509693,Primary
1021,505,509455,Secondary
1022,505,504820,Secondary
1023,506,517395,Primary
1024,506,514602,Secondary
1025,506,516558,Secondary
1026,507,509064,Primary
1027,508,505457,Primary
1028,508,507624,Secondary
1029,509,507353,Primary
1030,510,521267,Secondary
1031,510,509618,Secondary
1032,511,522450,Secondary
1033,511,502631,Secondary
1034,511,507968,Primary
1035,512,512125,Primary
1036,513,518919,Primary
1037,513,515123,Secondary
1038,514,500176,Secondary
1039,515,513592,Secondary
1040,516,509973,Secondary
1041,516,522312,Primary
1042,516,512335,Secondary
1043,517,520155,Secondary
1044,517,520476,Secondary
1045,518,508204,Secondary
1046,518,511713,Secondary
1047,519,509857,Primary
1048,519,507081,Secondary
1049,520,520349,Primary
1050,520,500377,Primary
1051,520,520327,Secondary
1052,521,517489,Secondary
1053,522,514901,Secondary
1054,522,511182,Secondary
1055,522,509304,Primary
1056,523,521055,Secondary
1057,524,503635,Secondary
1058,525,524897,Secondary
1059,525,522950,Primary
1060,526,512377,Primary
1061,527,517485,Secondary
1062,527,500916,Primary
1063,528,517103,Secondary
1064,528,517048,Primary
1065,528,511222,Primary
1066,529,502925,Secondary
1067,530,520435,Primary
1068,530,507284,Primary
1069,530,518645,Secondary
1070,531,520509,Secondary
1071,532,502211,Secondary
1072,533,521255,Primary
1073,533,520634,Primary
1074,534,512568,Secondary
1075,535,519214,Secondary
1076,535,509284,Primary
1077,536,509156,Secondary
1078,536,522861,Secondary
1079,536,522055,Secondary
1080,537,502099,Primary
1081,537,501080,Secondary
1082,537,521256,Primary
1083,538,524412,Secondary
1084,538,503634,Secondary
1085,538,502535,Primary
1086,539,508076,Primary
1087,539,502147,Secondary
1088,540,523868,Primary
1089,540,501346,Secondary
1090,541,502094,Secondary
1091,541,511402,Primary
1092,542,515310,Secondary
1093,542,510325,Secondary
1094,542,519095,Primary
1095,543,516269,Primary
1096,544,524822,Primary
1097,545,516427,Primary
1098,545,507971,Secondary
1099,545,512121,Secondary
1100,546,500549,Secondary
1101,547,519959,Primary
1102,547,506098,Secondary
1103,548,502401,Secondary
1104,549,504582,Primary
1105,549,508364,Primary
1106,550,506187,Secondary
1107,550,508596,Secondary
1108,551,508026,Primary
1109,551,507639,Primary
1110,551,515113,Primary
1111,552,507297,Primary
1112,552,511528,Primary
1113,552,515494,Secondary
1114,553,512531,Primary
1115,553,519729,Secondary
1116,553,504320,Primary
1117,554,521811,Primary
1118,554,502541,Primary
1119,555,520254,Primary
1120,555,524747,Primary
1121,556,507695,Secondary
1122,556,512319,Secondary
1123,556,513277,Secondary
1124,557,523229,Primary
1125,558,519737,Primary
1126,558,511960,Primary
1127,559,514251,Primary
1128,559,501001,Primary
1129,559,504452,Primary
1130,560,504830,Secondary
1131,561,504277,Primary
1132,561,504952,Secondary
1133,561,502593,Secondary
1134,562,508812,Primary
1135,562,512982,Secondary
1136,563,503314,Secondary
1137,564,515668,Primary
1138,564,524599,Secondary
1139,564,507632,Secondary
1140,565,506113,Primary
1141,566,514446,Primary
1142,567,521366,Secondary
1143,568,519196,Primary
1144,569,515675,Secondary
1145,569,517641,Primary
1146,570,507207,Primary
1147,571,522326,Secondary
1148,571,518346,Secondary
1149,572,505506,Secondary
1150,572,515273,Secondary
1151,572,502388,Secondary
1152,573,508309,Primary
1153,573,516911,Secondary
1154,573,509604,Primary
1155,574,503499,Secondary
1156,575,502202,Secondary
1157,576,505538,Primary
1158,576,500611,Secondary
1159,577,506174,Secondary
1160,577,522294,Secondary
1161,578,514422,Secondary
1162,579,511677,Primary
1163,580,517285,Primary
1164,580,509541,Primary
1165,580,502501,Secondary
1166,581,505339,Secondary
1167,582,508650,Secondary
1168,582,506516,Primary
1169,582,507296,Secondary
1170,583,520494,Secondary
1171,583,507488,Secondary
1172,584,501703,Primary
1173,585,503570,Primary
1174,585,517112,Primary
1175,586,501148,Secondary
1176,586,519732,Primary
1177,587,521893,Secondary
1178,587,503220,Secondary
1179,587,518142,Primary
1180,588,503770,Primary
1181,588,503828,Primary
1182,588,516199,Primary
1183,589,505697,Secondary
1184,589,511964,Secondary
1185,589,522921,Secondary
1186,590,500655,Primary
1187,590,503801,Primary
1188,590,511848,Secondary
1189,591,502541,Primary
1190,591,500390,Secondary
1191,592,520446,Secondary
1192,593,519429,Primary
1193,593,514331,Secondary
1194,594,520122,Secondary
1195,594,504024,Secondary
1196,594,507689,Primary
1197,595,513492,Secondary
1198,595,502746,Secondary
1199,596,512479,Secondary
1200,596,521718,Secondary
1201,597,510939,Primary
1202,597,505244,Primary
1203,597,505116,Primary
1204,598,517827,Secondary
1205,598,518911,Secondary
1206,598,506267,Secondary
1207,599,504544,Secondary
1208,600,506882,Primary
1209,601,516982,Primary
1210,601,505630,Primary
1211,601,514638,Primary
1212,602,514440,Primary
1213,603,507566,Primary
1214,604,508715,Primary
1215,605,514754,Secondary
1216,605,524790,Primary
1217,606,514701,Primary
1218,606,505207,Primary
1219,606,504553,Secondary
1220,607,510470,Primary
1221,607,507483,Secondary
1222,608,518923,Primary
1223,609,515077,Primary
1224,609,506996,Primary
1225,610,511087,Secondary
1226,610,507278,Primary
1227,610,522085,Primary
1228,611,502357,Secondary
1229,611,509836,Secondary
1230,611,516335,Secondary
1231,612,522129,Primary
1232,612,512885,Primary
1233,613,516075,Secondary
1234,613,506136,Secondary
1235,614,523849,Primary
1236,615,505502,Secondary
1237,615,520302,Secondary
1238,615,504475,Primary
1239,616,500440,Secondary
1240,616,510522,Primary
1241,617,504452,Secondary
1242,618,511845,Primary
1243,618,521912,Primary
1244,618,506447,Secondary
1245,619,523503,Primary
1246,619,518429,Secondary
1247,619,523398,Secondary
1248,620,500847,Primary
1249,621,501408,Secondary
1250,621,524763,Primary
1251,622,511868,Secondary
1252,623,501378,Primary
1253,623,507553,Secondary
1254,624,505919,Secondary
1255,624,515947,Primary
1256,625,507238,Secondary
1257,625,506656,Primary
1258,626,515256,Primary
1259,626,518128,Secondary
1260,626,500732,Secondary
1261,627,517479,Secondary
1262,628,515014,Secondary
1263,628,501817,Primary
1264,628,502769,Secondary
1265,629,506863,Secondary
1266,629,514289,Secondary
1267,629,508903,Primary
1268,630,514743,Secondary
1269,630,519273,Primary
1270,630,523656,Secondary
1271,631,505237,Primary
1272,631,515113,Primary
1273,631,519230,Secondary
1274,632,508677,Primary
1275,633,524229,Secondary
1276,634,504194,Secondary
1277,634,512778,Secondary
1278,634,502539,Primary
1279,635,514898,Secondary
1280,635,512848,Primary
1281,636,521909,Primary
1282,636,502586,Primary
1283,636,513929,Primary
1284,637,524300,Primary
1285,637,514882,Secondary
1286,637,509247,Primary
1287,638,508514,Primary
1288,638,502889,Secondary
1289,639,501521,Primary
1290,639,515995,Primary
1291,639,502193,Primary
1292,640,520062,Secondary
1293,641,509121,Secondary
1294,641,520039,Secondary
1295,641,515511,Secondary
1296,642,518813,Primary
1297,643,516237,Secondary
1298,643,510342,Primary
1299,643,507415,Primary
1300,644,504996,Primary
1301,645,522050,Secondary
1302,645,500530,Secondary
1303,646,505472,Primary
1304,646,519898,Primary
1305,647,509077,Primary
1306,648,500729,Secondary
1307,648,509629,Primary
1308,649,512914,Primary
1309,649,520581,Secondary
1310,649,508573,Primary
1311,650,522732,Primary
1312,651,510629,Secondary
1313,652,513109,Primary
1314,653,518296,Secondary
1315,654,503474,Primary
1316,654,521205,Secondary
1317,655,523428,Secondary
1318,656,510536,Primary
1319,656,515692,Primary
1320,656,501736,Secondary
1321,657,505465,Primary
1322,658,500445,Secondary
1323,658,515895,Secondary
1324,659,522745,Primary
1325,660,511894,Primary
1326,661,519571,Secondary
1327,661,511467,Secondary
1328,662,515093,Primary
1329,663,505418,Primary
1330,663,514700,Primary
1331,663,505990,Primary
1332,664,517995,Secondary
1333,665,500584,Secondary
1334,665,516394,Secondary
1335,666,506371,Secondary
1336,666,508348,Primary
1337,667,510316,Secondary
1338,667,512619,Secondary
1339,668,519900,Primary
1340,668,524017,Primary
1341,668,518597,Primary
1342,669,519555,Primary
1343,669,521158,Secondary
1344,670,508805,Primary
1345,670,508189,Secondary
1346,670,503647,Primary
1347,671,506585,Primary
1348,671,522411,Secondary
1349,671,500900,Secondary
1350,672,509974,Secondary
1351,673,522807,Primary
1352,673,521380,Secondary
1353,673,518218,Primary
1354,674,516861,Primary
1355,674,501922,Primary
1356,675,518402,Primary
1357,676,518232,Secondary
1358,676,510497,Secondary
1359,677,524885,Primary
1360,677,512805,Secondary
1361,677,518935,Primary
1362,678,501512,Primary
1363,678,512679,Primary
1364,679,518332,Secondary
1365,679,515802,Primary
1366,679,512982,Primary
1367,680,512210,Secondary
1368,681,504031,Primary
1369,681,507554,Secondary
1370,681,514277,Secondary
1371,682,507173,Secondary
1372,683,505879,Primary
1373,684,519442,Secondary
1374,685,520950,Secondary
1375,686,511538,Secondary
1376,686,502694,Secondary
1377,687,509902,Secondary
1378,688,515332,Primary
1379,688,518509,Primary
1380,688,522211,Secondary
1381,689,504733,Primary
1382,689,500218,Secondary
1383,690,513663,Secondary
1384,690,514774,Primary
1385,690,509130,Secondary
1386,691,514953,Primary
1387,691,521148,Primary
1388,692,503944,Secondary
1389,692,514572,Primary
1390,692,519872,Secondary
1391,693,513161,Secondary
1392,693,519039,Secondary
1393,694,523339,Primary
1394,694,517901,Primary
1395,695,524498,Primary
1396,695,505489,Secondary
1397,695,509142,Primary
1398,696,509690,Primary
1399,697,502294,Primary
1400,698,516286,Primary
1401,698,519430,Primary
1402,699,514801,Secondary
1403,699,520183,Secondary
1404,699,518045,Primary
1405,700,514807,Primary
1406,700,518388,Primary
1407,701,514884,Secondary
1408,701,515702,Secondary
1409,701,515403,Primary
1410,702,511619,Primary
1411,702,505177,Primary
1412,703,507081,Secondary
1413,703,502761,Secondary
1414,704,501150,Primary
1415,704,524256,Primary
1416,704,507037,Secondary
1417,705,517532,Primary
1418,705,518425,Secondary
1419,706,506566,Secondary
1420,706,519092,Primary
1421,707,518104,Primary
1422,707,511576,Secondary
1423,707,513282,Secondary
1424,708,524132,Primary
1425,709,510412,Primary
1426,709,524542,Secondary
1427,709,509034,Secondary
1428,710,510076,Secondary
1429,711,517392,Secondary
1430,711,513280,Primary
1431,712,508875,Secondary
1432,712,521955,Secondary
1433,712,509855,Secondary
1434,713,518997,Primary
1435,714,509569,Secondary
1436,714,511800,Primary
1437,714,507662,Primary
1438,715,512328,Primary
1439,715,512410,Secondary
1440,715,507715,Primary
1441,716,511106,Secondary
1442,716,515222,Primary
1443,716,520059,Secondary
1444,717,515006,Primary
1445,717,507860,Primary
1446,718,517450,Primary
1447,718,512146,Primary
1448,718,512860,Secondary
1449,719,524967,Primary
1450,719,520814,Primary
1451,719,520221,Secondary
1452,720,511810,Primary
1453,720,511853,Primary
1454,720,513890,Secondary
1455,721,500997,Secondary
1456,722,519768,Primary
1457,722,500690,Secondary
1458,723,510670,Secondary
1459,723,513746,Secondary
1460,724,513189,Primary
1461,724,514799,Primary
1462,724,515572,Primary
1463,725,521768,Primary
1464,725,507477,Secondary
1465,726,518857,Secondary
1466,726,503135,Primary
1467,727,513130,Primary
1468,727,518533,Secondary
1469,727,508885,Secondary
1470,728,519945,Secondary
1471,728,515697,Primary
1472,729,522194,Primary
1473,730,502187,Primary
1474,730,500314,Secondary
1475,731,512438,Secondary
1476,731,512431,Secondary
1477,732,520585,Secondary
1478,732,505759,Secondary
1479,732,522205,Primary
1480,733,506236,Primary
1481,733,504531,Primary
1482,734,501527,Secondary
1483,734,509658,Primary
1484,734,516860,Secondary
1485,735,522349,Primary
1486,735,512287,Secondary
1487,735,500941,Secondary
1488,736,523654,Secondary
1489,737,510078,Primary
1490,738,503237,Secondary
1491,738,522933,Primary
1492,739,502592,Secondary
1493,740,506733,Secondary
1494,740,503631,Secondary
1495,740,514500,Secondary
1496,741,501261,Primary
1497,741,508063,Secondary
1498,742,518594,Secondary
1499,742,506994,Secondary
1500,742,505787,Secondary
1501,743,515199,Secondary
1502,743,502363,Secondary
1503,744,518708,Secondary
1504,744,522253,Secondary
1505,745,510181,Secondary
1506,745,516429,Primary
1507,745,522780,Secondary
1508,746,522176,Secondary
1509,747,518718,Secondary
1510,747,511707,Primary
1511,748,509012,Primary
1512,749,522613,Secondary
1513,750,508843,Secondary
1514,751,504756,Secondary
1515,752,504081,Secondary
1516,752,522118,Secondary
1517,752,522855,Secondary
1518,753,508898,Secondary
1519,754,501472,Primary
1520,754,511897,Primary
1521,754,507366,Primary
1522,755,517438,Primary
1523,755,515495,Primary
1524,756,503512,Secondary
1525,756,506851,Secondary
1526,756,514195,Secondary
1527,757,504139,Secondary
1528,757,522688,Secondary
1529,758,511856,Primary
1530,759,518735,Primary
1531,760,517809,Primary
1532,760,505349,Secondary
1533,761,522008,Primary
1534,762,500148,Primary
1535,763,500447,Secondary
1536,763,508977,Primary
1537,763,524695,Primary
1538,764,510544,Primary
1539,764,515294,Primary
1540,764,521470,Primary
1541,765,505405,Primary
1542,765,510921,Secondary
1543,765,504964,Primary
1544,766,516514,Secondary
1545,766,517751,Secondary
1546,767,522967,Secondary
1547,768,501602,Secondary
1548,769,523130,Primary
1549,769,516401,Primary
1550,770,516287,Primary
1551,770,523449,Secondary
1552,770,517015,Primary
1553,771,521751,Secondary
1554,771,501624,Secondary
1555,772,519719,Secondary
1556,772,511795,Secondary
1557,772,506774,Secondary
1558,773,516364,Primary
1559,774,522926,Secondary
1560,774,522673,Secondary
1561,775,523363,Secondary
1562,775,505346,Primary
1563,775,501594,Primary
1564,776,501180,Secondary
1565,776,516253,Primary
1566,776,510711,Primary
1567,777,510452,Primary
1568,777,520101,Primary
1569,778,514439,Primary
1570,778,511057,Primary
1571,779,514139,Primary
1572,779,518013,Secondary
1573,779,502318,Primary
1574,780,507276,Secondary
1575,780,517044,Secondary
1576,781,519650,Secondary
1577,781,504390,Primary
1578,782,512312,Primary
1579,782,510736,Secondary
1580,782,511762,Primary
1581,783,520986,Primary
1582,783,504866,Secondary
1583,783,517708,Primary
1584,784,504662,Primary
1585,784,509447,Secondary
1586,785,512043,Primary
1587,786,512809,Primary
1588,786,523862,Primary
1589,786,504670,Primary
1590,787,512671,Primary
1591,788,504526,Primary
1592,788,524627,Primary
1593,788,502009,Secondary
1594,789,522536,Secondary
1595,789,522008,Primary
1596,789,508563,Primary
1597,790,518100,Primary
1598,790,503948,Secondary
1599,790,501126,Secondary
1600,791,504317,Secondary
1601,792,509635,Primary
1602,792,504779,Secondary
1603,793,502564,Primary
1604,794,504201,Secondary
1605,795,513185,Primary
1606,795,508134,Primary
1607,796,523983,Primary
1608,796,506393,Primary
1609,796,523539,Secondary
1610,797,508259,Secondary
1611,797,500938,Primary
1612,798,509955,Primary
1613,798,517119,Secondary
1614,798,518418,Primary
1615,799,508170,Primary
1616,800,524160,Primary
1617,801,524304,Secondary
1618,802,522630,Secondary
1619,802,507613,Secondary
1620,803,515418,Secondary
1621,804,511997,Secondary
1622,805,516794,Primary
1623,805,503444,Primary
1624,805,515876,Primary
1625,806,509631,Secondary
1626,806,523197,Primary
1627,807,524111,Primary
1628,807,517576,Secondary
1629,807,510824,Secondary
1630,808,512657,Secondary
1631,809,504989,Secondary
1632,809,522199,Secondary
1633,810,511700,Secondary
1634,811,521050,Secondary
1635,811,500050,Secondary
1636,811,506341,Primary
1637,812,513990,Primary
1638,812,524293,Secondary
1639,812,515801,Primary
1640,813,501025,Secondary
1641,813,510805,Primary
1642,813,513116,Secondary
1643,814,522076,Primary
1644,815,506526,Secondary
1645,816,514553,Primary
1646,816,520549,Primary
1647,816,521905,Secondary
1648,817,505320,Primary
1649,818,508770,Primary
1650,818,515080,Primary
1651,818,519704,Secondary
1652,819,510771,Secondary
1653,819,511893,Secondary
1654,820,521251,Primary
1655,820,511489,Secondary
1656,821,520998,Secondary
1657,821,503672,Primary
1658,822,511136,Secondary
1659,823,507950,Secondary
1660,824,512715,Secondary
1661,825,511733,Secondary
1662,825,512947,Secondary
1663,826,502008,Secondary
1664,826,500544,Secondary
1665,827,522988,Secondary
1666,827,504562,Secondary
1667,828,524277,Secondary
1668,829,506323,Primary
1669,830,500820,Secondary
1670,831,518138,Secondary
1671,832,502136,Primary
1672,833,517210,Primary
1673,833,501555,Primary
1674,834,512073,Secondary
1675,835,511177,Secondary
1676,835,501116,Secondary
1677,835,503012,Secondary
1678,836,521292,Secondary
1679,836,524262,Secondary
1680,837,511088,Primary
1681,837,517309,Secondary
1682,837,510059,Secondary
1683,838,504768,Secondary
1684,838,521620,Secondary
1685,838,503479,Secondary
1686,839,518371,Primary
1687,839,518532,Primary
1688,840,515091,Primary
1689,841,513106,Primary
1690,841,518805,Primary
1691,841,523775,Primary
1692,842,515169,Secondary
1693,842,503501,Secondary
1694,842,507695,Secondary
1695,843,507133,Secondary
1696,844,502465,Secondary
1697,845,503353,Secondary
1698,845,508527,Secondary
1699,846,518980,Secondary
1700,846,504331,Primary
1701,846,508065,Secondary
1702,847,510354,Primary
1703,847,524195,Secondary
1704,847,514344,Secondary
1705,848,502426,Primary
1706,848,510302,Secondary
1707,849,522893,Primary
1708,849,521925,Primary
1709,849,516146,Primary
1710,850,524329,Secondary
1711,850,521946,Secondary
1712,851,501186,Secondary
1713,851,506197,Secondary
1714,852,521478,Primary
1715,853,511161,Primary
1716,854,508791,Secondary
1717,854,521905,Primary
1718,855,507081,Secondary
1719,855,521765,Primary
1720,856,512679,Primary
1721,857,503185,Secondary
1722,858,521180,Primary
1723,858,503663,Secondary
1724,859,516151,Primary
1725,859,502298,Secondary
1726,860,513364,Primary
1727,860,500468,Primary
1728,861,510013,Primary
1729,861,522415,Secondary
1730,862,516284,Secondary
1731,862,504692,Secondary
1732,862,520583,Primary
1733,863,502622,Secondary
1734,863,502280,Secondary
1735,863,506831,Primary
1736,864,517539,Primary
1737,864,504759,Secondary
1738,865,516312,Secondary
1739,865,503953,Primary
1740,865,507205,Secondary
1741,866,506630,Primary
1742,866,509473,Secondary
1743,867,522670,Secondary
1744,868,507201,Primary
1745,868,505306,Secondary
1746,868,503341,Primary
1747,869,522041,Primary
1748,870,511833,Secondary
1749,871,502247,Secondary
1750,871,501496,Secondary
1751,871,508432,Primary
1752,872,512487,Secondary
1753,872,519009,Secondary
1754,872,520744,Primary
1755,873,507230,Secondary
1756,873,515737,Primary
1757,873,519789,Primary
1758,874,502828,Primary
1759,875,515528,Primary
1760,875,516624,Secondary
1761,875,524305,Secondary
1762,876,505258,Secondary
1763,876,513106,Secondary
1764,877,522631,Primary
1765,878,510099,Primary
1766,879,506952,Primary
1767,880,512836,Secondary
1768,881,523718,Primary
1769,881,504711,Primary
1770,881,501077,Primary
1771,882,515297,Secondary
1772,882,511973,Primary
1773,883,502894,Primary
1774,883,520129,Primary
1775,884,510482,Secondary
1776,884,511756,Secondary
1777,884,519901,Secondary
1778,885,515453,Secondary
1779,885,515692,Primary
1780,886,501140,Primary
1781,886,521283,Secondary
1782,887,524805,Primary
1783,887,503135,Secondary
1784,887,517739,Secondary
1785,888,518749,Secondary
1786,888,506051,Secondary
1787,889,524090,Secondary
1788,889,511122,Secondary
1789,890,517922,Primary
1790,891,513080,Primary
1791,891,501838,Primary
1792,891,513229,Primary
1793,892,519351,Secondary
1794,892,500409,Secondary
1795,893,502936,Primary
1796,893,515959,Primary
1797,894,521215,Primary
1798,894,519881,Secondary
1799,895,508614,Primary
1800,895,515643,Primary
1801,896,514211,Primary
1802,896,518951,Primary
1803,896,510649,Secondary
1804,897,516828,Secondary
1805,898,505709,Secondary
1806,899,518340,Primary
1807,899,521627,Primary
1808,899,504267,Primary
1809,900,524125,Secondary
1810,901,518424,Primary
1811,902,516474,Primary
1812,903,515645,Primary
1813,903,507417,Secondary
1814,904,502632,Primary
1815,904,503801,Secondary
1816,905,501975,Primary
1817,905,523423,Primary
1818,905,506763,Secondary
1819,906,523700,Secondary
1820,906,503131,Primary
1821,907,522982,Secondary
1822,908,524150,Primary
1823,908,508261,Secondary
1824,908,522181,Secondary
1825,909,513486,Primary
1826,909,510771,Primary
1827,910,518185,Secondary
1828,911,505536,Secondary
1829,912,520945,Primary
1830,912,501447,Secondary
1831,913,509066,Primary
1832,913,504199,Primary
1833,914,515602,Primary
1834,914,512862,Primary
1835,915,513228,Secondary
1836,916,504889,Secondary
1837,916,505704,Secondary
1838,917,523520,Secondary
1839,917,504166,Secondary
1840,918,504465,Primary
1841,918,501901,Secondary
1842,918,509472,Primary
1843,919,502611,Secondary
1844,919,501542,Secondary
1845,919,506322,Secondary
1846,920,512311,Primary
1847,920,510306,Primary
1848,921,511046,Secondary
1849,921,523490,Secondary
1850,922,503586,Secondary
1851,923,503713,Primary
1852,923,502368,Primary
1853,924,501961,Primary
1854,924,501685,Secondary
1855,924,509886,Primary
1856,925,521418,Primary
1857,925,514401,Primary
1858,925,510107,Primary
1859,926,509479,Secondary
1860,927,524294,Secondary
1861,927,513130,Primary
1862,927,513950,Primary
1863,928,517961,Primary
1864,928,511718,Primary
1865,928,508919,Primary
1866,929,508928,Primary
1867,930,523977,Secondary
1868,930,508005,Primary
1869,931,506179,Primary
1870,932,507853,Secondary
1871,932,509480,Secondary
1872,933,515421,Secondary
1873,933,520388,Secondary
1874,934,515259,Primary
1875,934,503475,Secondary
1876,935,512687,Secondary
1877,935,508969,Primary
1878,936,520053,Primary
1879,936,508570,Secondary
1880,937,507984,Primary
1881,937,516841,Primary
1882,938,514649,Secondary
1883,938,509955,Secondary
1884,939,501071,Primary
1885,939,524635,Secondary
1886,939,523454,Primary
1887,940,516889,Primary
1888,940,505712,Secondary
1889,940,519471,Primary
1890,941,505361,Primary
1891,941,522845,Primary
1892,942,513437,Secondary
1893,942,500575,Primary
1894,942,507345,Primary
1895,943,505006,Primary
1896,944,517780,Secondary
1897,944,509674,Primary
1898,944,502389,Secondary
1899,945,522454,Primary
1900,945,500905,Primary
1901,945,523960,Secondary
1902,946,503496,Secondary
1903,946,524438,Secondary
1904,946,512949,Secondary
1905,947,523186,Secondary
1906,947,521066,Primary
1907,948,520355,Secondary
1908,948,505601,Secondary
1909,948,511384,Secondary
1910,949,522517,Secondary
1911,950,523324,Primary
1912,950,521347,Secondary
1913,951,509293,Secondary
1914,951,520526,Primary
1915,951,502973,Primary
1916,952,511989,Secondary
1917,952,517362,Primary
1918,952,517871,Primary
1919,953,511844,Secondary
1920,953,524225,Secondary
1921,954,520477,Secondary
1922,954,522106,Primary
1923,954,506745,Primary
1924,955,507377,Primary
1925,956,505943,Primary
1926,956,505972,Secondary
1927,957,519002,Primary
1928,957,524770,Primary
1929,957,516600,Secondary
1930,958,516148,Secondary
1931,959,521740,Secondary
1932,959,509036,Primary
1933,960,504223,Secondary
1934,960,518907,Primary
1935,961,500591,Primary
1936,962,508560,Primary
1937,962,512716,Primary
1938,962,507400,Secondary
1939,963,520851,Secondary
1940,964,502528,Secondary
1941,964,505206,Primary
1942,965,514177,Primary
1943,965,516448,Secondary
1944,966,513205,Secondary
1945,966,521878,Secondary
1946,966,521853,Primary
1947,967,520899,Secondary
1948,968,522045,Secondary
1949,968,506357,Primary
1950,969,507133,Primary
1951,969,503990,Secondary
1952,969,515031,Primary
1953,970,513048,Primary
1954,970,521327,Secondary
1955,971,519037,Primary
1956,972,509498,Primary
1957,972,510824,Secondary
1958,972,523939,Secondary
1959,973,507336,Primary
1960,973,511512,Primary
1961,973,523556,Secondary
1962,974,505997,Secondary
1963,975,511765,Primary
1964,975,514844,Secondary
1965,976,512609,Primary
1966,976,515319,Secondary
1967,976,509529,Secondary
1968,977,521965,Secondary
1969,977,501678,Primary
1970,977,517895,Primary
1971,978,511653,Secondary
1972,979,501693,Secondary
1973,979,514573,Secondary
1974,980,504416,Secondary
1975,980,514684,Secondary
1976,981,504419,Secondary
1977,981,522762,Secondary
1978,982,510424,Secondary
1979,982,502196,Primary
1980,983,519535,Primary
1981,984,514954,Secondary
1982,984,513570,Primary
1983,985,502001,Secondary
1984,986,509745,Primary
1985,987,518272,Primary
1986,988,520310,Primary
1987,989,505141,Primary
1988,989,504592,Primary
1989,990,504488,Primary
1990,991,501711,Secondary
1991,991,508178,Secondary
1992,992,518558,Secondary
1993,993,520819,Primary
1994,993,504015,Primary
1995,993,505785,Secondary
1996,994,512049,Primary
1997,994,500502,Secondary
1998,995,505098,Primary
1999,996,521197,Secondary
2000,997,509165,Secondary
2001,997,519131,Primary
2002,998,512722,Primary
2003,998,519003,Primary
2004,999,503115,Secondary
2005,1000,505781,Secondary
2006,1000,517924,Secondary
2007,1000,509495,Primary
2008,1001,524579,Primary
2009,1001,517628,Primary
2010,1001,515576,Primary
2011,1002,519264,Secondary
2012,1002,511150,Secondary
2013,1002,524582,Secondary
2014,1003,508747,Secondary
2015,1003,522255,Secondary
2016,1003,507235,Secondary
2017,1004,507415,Secondary
2018,1004,511758,Secondary
2019,1005,515006,Primary
2020,1005,508036,Secondary
2021,1006,521128,Secondary
2022,1006,509364,Primary
2023,1007,520557,Secondary
2024,1007,512894,Secondary
2025,1008,508279,Secondary
2026,1008,509330,Secondary
2027,1008,505708,Secondary
2028,1009,519890,Secondary
2029,1009,521529,Secondary
2030,1010,522911,Secondary
2031,1010,503799,Primary
2032,1011,518727,Secondary
2033,1011,505341,Secondary
2034,1012,503278,Primary
2035,1012,505738,Primary
2036,1013,505333,Secondary
2037,1014,517955,Secondary
2038,1014,515663,Secondary
2039,1014,523511,Secondary
2040,1015,505282,Primary
2041,1015,524481,Primary
2042,1016,518635,Primary
2043,1017,505512,Secondary
2044,1017,504430,Secondary
2045,1018,520137,Secondary
2046,1019,505184,Secondary
2047,1019,519525,Primary
2048,1020,516750,Secondary
2049,1020,512370,Secondary
2050,1021,509263,Secondary
2051,1021,505830,Secondary
2052,1022,502245,Secondary
2053,1023,524684,Primary
2054,1024,517267,Primary
2055,1025,503082,Primary
2056,1025,523227,Secondary
2057,1026,519239,Primary
2058,1026,520378,Secondary
2059,1027,517277,Primary
2060,1027,522257,Primary
2061,1027,500228,Primary
2062,1028,510150,Primary
2063,1029,500451,Primary
2064,1029,519385,Primary
2065,1029,517329,Primary
2066,1030,509435,Primary
2067,1030,506955,Primary
2068,1030,507800,Primary
2069,1031,519551,Primary
2070,1032,503975,Secondary
2071,1033,522154,Secondary
2072,1033,519491,Primary
2073,1034,518707,Primary
2074,1034,507294,Secondary
2075,1034,523498,Primary
2076,1035,519293,Secondary
2077,1035,514832,Secondary
2078,1036,518691,Primary
2079,1037,523567,Secondary
2080,1037,503198,Primary
2081,1038,513109,Secondary
2082,1039,502179,Primary
2083,1039,502723,Secondary
2084,1039,516294,Secondary
2085,1040,519548,Secondary
2086,1040,500934,Secondary
2087,1041,512136,Secondary
2088,1041,500922,Primary
2089,1042,503064,Primary
2090,1042,509352,Secondary
2091,1042,513371,Secondary
2092,1043,511918,Secondary
2093,1043,519833,Secondary
2094,1043,504274,Primary
2095,1044,509888,Secondary
2096,1044,514439,Secondary
2097,1045,513047,Secondary
2098,1046,500325,Secondary
2099,1047,501641,Primary
2100,1047,524198,Secondary
2101,1048,516826,Primary
2102,1049,522539,Secondary
2103,1049,500754,Secondary
2104,1049,507732,Secondary
2105,1050,519549,Secondary
2106,1051,500683,Primary
2107,1052,500660,Secondary
2108,1053,507049,Primary
2109,1053,500150,Secondary
2110,1053,502709,Secondary
2111,1054,504027,Secondary
2112,1054,524085,Secondary
2113,1055,501042,Secondary
2114,1056,523342,Primary
2115,1056,516166,Secondary
2116,1056,521487,Primary
2117,1057,520363,Secondary
2118,1057,512936,Secondary
2119,1058,514845,Secondary
2120,1058,522941,Secondary
2121,1058,500395,Secondary
2122,1059,513728,Primary
2123,1059,524565,Primary
2124,1059,500030,Primary
2125,1060,504719,Secondary
2126,1061,501139,Primary
2127,1061,518604,Secondary
2128,1062,509567,Secondary
2129,1063,520831,Secondary
2130,1064,518282,Secondary
2131,1064,508804,Secondary
2132,1064,506947,Primary
2133,1065,520511,Primary
2134,1066,524941,Primary
2135,1067,514403,Secondary
2136,1068,506967,Secondary
2137,1068,502690,Secondary
2138,1069,509402,Primary
2139,1069,501506,Primary
2140,1070,519472,Primary
2141,1070,505429,Primary
2142,1070,500184,Primary
2143,1071,516754,Secondary
2144,1072,512728,Primary
2145,1073,519476,Secondary
2146,1073,513799,Secondary
2147,1074,509953,Primary
2148,1074,520401,Primary
2149,1075,519614,Primary
2150,1076,522856,Secondary
2151,1076,517548,Secondary
2152,1076,523054,Primary
2153,1077,519793,Primary
2154,1078,517591,Primary
2155,1078,501232,Secondary
2156,1078,515824,Secondary
2157,1079,516971,Secondary
2158,1079,514780,Primary
2159,1079,503808,Secondary
2160,1080,502054,Secondary
2161,1080,513253,Primary
2162,1081,503286,Secondary
2163,1082,512278,Primary
2164,1083,510418,Primary
2165,1084,522261,Secondary
2166,1084,508587,Secondary
2167,1085,507097,Primary
2168,1085,513439,Primary
2169,1085,519867,Secondary
2170,1086,523610,Primary
2171,1086,514404,Primary
2172,1087,514510,Secondary
2173,1087,501516,Secondary
2174,1087,520812,Primary
2175,1088,515122,Secondary
2176,1088,515638,Secondary
2177,1089,521284,Primary
2178,1089,518393,Secondary
2179,1090,500843,Primary
2180,1090,514530,Primary
2181,1090,512330,Secondary
2182,1091,508952,Secondary
2183,1092,500072,Secondary
2184,1092,521274,Secondary
2185,1093,521957,Primary
2186,1093,518225,Primary
2187,1093,523882,Secondary
2188,1094,512301,Primary
2189,1094,512035,Primary
2190,1094,507628,Secondary
2191,1095,523977,Primary
2192,1095,516790,Secondary
2193,1096,516624,Secondary
2194,1096,509390,Secondary
2195,1097,509404,Primary
2196,1097,510753,Secondary
2197,1097,524442,Secondary
2198,1098,523691,Secondary
2199,1099,516197,Secondary
2200,1099,511865,Primary
2201,1100,524995,Primary
2202,1100,521238,Secondary
2203,1101,501399,Primary
2204,1101,524125,Secondary
2205,1102,520479,Primary
2206,1103,505330,Primary
2207,1104,512333,Secondary
2208,1104,500814,Primary
2209,1105,524509,Secondary
2210,1106,503775,Primary
2211,1107,504519,Primary
2212,1107,514085,Primary
2213,1107,518697,Secondary
2214,1108,519031,Secondary
2215,1108,524663,Secondary
2216,1108,506032,Primary
2217,1109,509189,Primary
2218,1110,524925,Primary
2219,1110,516668,Secondary
2220,1110,515958,Primary
2221,1111,510945,Primary
2222,1111,507362,Primary
2223,1112,510825,Primary
2224,1113,507638,Primary
2225,1114,509569,Secondary
2226,1115,506380,Secondary
2227,1115,503263,Primary
2228,1116,507529,Secondary
2229,1117,505593,Secondary
2230,1117,510140,Primary
2231,1118,511606,Secondary
2232,1118,504794,Primary
2233,1119,509226,Primary
2234,1120,518754,Secondary
2235,1120,501057,Secondary
2236,1120,500562,Secondary
2237,1121,518032,Secondary
2238,1122,522748,Primary
2239,1122,509012,Primary
2240,1122,516106,Primary
2241,1123,519126,Primary
2242,1123,523069,Secondary
2243,1124,516517,Primary
2244,1124,517905,Secondary
2245,1125,518861,Primary
2246,1125,520614,Primary
2247,1126,516401,Secondary
2248,1126,523283,Secondary
2249,1127,519280,Secondary
2250,1128,514815,Primary
2251,1129,505344,Secondary
2252,1130,508552,Secondary
2253,1130,517639,Primary
2254,1131,518509,Secondary
2255,1131,511365,Primary
2256,1132,510660,Primary
2257,1132,518527,Secondary
2258,1132,506600,Secondary
2259,1133,524380,Secondary
2260,1133,513628,Secondary
2261,1133,513378,Primary
2262,1134,519152,Primary
2263,1134,510355,Secondary
2264,1135,524838,Primary
2265,1135,516157,Secondary
2266,1136,513076,Secondary
2267,1137,516841,Primary
2268,1137,504927,Secondary
2269,1137,502069,Secondary
2270,1138,509464,Secondary
2271,1138,511647,Secondary
2272,1139,514479,Secondary
2273,1139,517255,Primary
2274,1140,513610,Primary
2275,1140,524167,Primary
2276,1140,515027,Secondary
2277,1141,513793,Secondary
2278,1141,516833,Secondary
2279,1142,518375,Secondary
2280,1142,505251,Primary
2281,1142,502464,Secondary
2282,1143,519889,Secondary
2283,1143,516620,Secondary
2284,1144,508725,Secondary
2285,1144,507624,Secondary
2286,1144,503018,Secondary
2287,1145,503747,Secondary
2288,1146,524176,Primary
2289,1146,502095,Secondary
2290,1146,523009,Secondary
2291,1147,519173,Secondary
2292,1147,509713,Primary
2293,1147,514728,Primary
2294,1148,522100,Secondary
2295,1149,522550,Secondary
2296,1150,513789,Primary
2297,1150,514727,Primary
2298,1150,511256,Primary
2299,1151,518600,Primary
2300,1152,524146,Primary
2301,1152,522670,Secondary
2302,1152,509629,Secondary
2303,1153,518620,Secondary
2304,1153,512216,Primary
2305,1154,514484,Secondary
2306,1154,512307,Secondary
2307,1155,509255,Secondary
2308,1155,519246,Primary
2309,1155,516466,Primary
2310,1156,518754,Primary
2311,1156,514123,Secondary
2312,1156,521008,Primary
2313,1157,506746,Primary
2314,1157,523044,Primary
2315,1158,513722,Primary
2316,1159,512177,Secondary
2317,1160,514625,Primary
2318,1160,517259,Primary
2319,1160,520707,Secondary
2320,1161,506724,Secondary
2321,1162,503172,Secondary
2322,1162,515890,Secondary
2323,1163,512474,Primary
2324,1164,509821,Primary
2325,1164,517228,Primary
2326,1165,504321,Secondary
2327,1165,519954,Secondary
2328,1165,504673,Primary
2329,1166,521828,Primary
2330,1166,500479,Primary
2331,1167,510953,Primary
2332,1167,513317,Secondary
2333,1168,515438,Secondary
2334,1168,502185,Primary
2335,1169,500379,Secondary
2336,1169,513293,Primary
2337,1170,520487,Secondary
2338,1170,507949,Primary
2339,1170,510015,Primary
2340,1171,518064,Secondary
2341,1172,515697,Secondary
2342,1173,522700,Secondary
2343,1173,504111,Primary
2344,1173,517636,Primary
2345,1174,523486,Secondary
2346,1174,505258,Secondary
2347,1175,502416,Secondary
2348,1176,524389,Secondary
2349,1177,521227,Primary
2350,1177,511027,Primary
2351,1178,523904,Secondary
2352,1178,513164,Secondary
2353,1178,523057,Secondary
2354,1179,510792,Primary
2355,1179,513277,Secondary
2356,1180,506154,Secondary
2357,1180,509600,Primary
2358,1181,507205,Secondary
2359,1182,511642,Primary
2360,1182,505770,Secondary
2361,1182,515636,Secondary
2362,1183,502031,Primary
2363,1183,513827,Secondary
2364,1184,511362,Primary
2365,1184,517247,Secondary
2366,1185,511043,Secondary
2367,1185,524446,Primary
2368,1185,519577,Primary
2369,1186,505938,Primary
2370,1186,510639,Primary
2371,1186,523194,Primary
2372,1187,500264,Primary
2373,1187,514750,Primary
2374,1187,503463,Primary
2375,1188,513552,Primary
2376,1188,512938,Secondary
2377,1188,507352,Primary
2378,1189,505547,Secondary
2379,1189,501460,Primary
2380,1190,516465,Secondary
2381,1191,519779,Primary
2382,1191,519206,Primary
2383,1191,523709,Primary
2384,1192,517231,Secondary
2385,1192,500393,Secondary
2386,1192,505870,Primary
2387,1193,505308,Secondary
2388,1193,517917,Primary
2389,1194,506939,Primary
2390,1194,512018,Primary
2391,1194,522243,Secondary
2392,1195,512072,Primary
2393,1195,511086,Secondary
2394,1196,524397,Primary
2395,1196,501050,Primary
2396,1197,520137,Primary
2397,1197,500016,Primary
2398,1197,507498,Secondary
2399,1198,521005,Primary
2400,1198,515733,Primary
2401,1199,510030,Secondary
2402,1200,512122,Secondary
2403,1201,504579,Secondary
2404,1202,520220,Primary
2405,1203,524447,Primary
2406,1203,522889,Primary
2407,1204,510523,Primary
2408,1205,517210,Secondary
2409,1205,516325,Secondary
2410,1205,514721,Secondary
2411,1206,523851,Primary
2412,1206,514587,Primary
2413,1207,512256,Primary
2414,1208,513276,Primary
2415,1208,521836,Secondary
2416,1208,517836,Secondary
2417,1209,513062,Secondary
2418,1209,510438,Primary
2419,1210,522610,Secondary
2420,1210,503572,Primary
2421,1211,518788,Primary
2422,1211,524385,Secondary
2423,1211,510648,Primary
2424,1212,519015,Secondary
2425,1212,513379,Primary
2426,1213,516333,Primary
2427,1213,504669,Primary
2428,1214,512364,Secondary
2429,1215,505637,Secondary
2430,1215,521585,Primary
2431,1215,507441,Primary
2432,1216,502574,Secondary
2433,1217,506776,Secondary
2434,1217,514296,Secondary
2435,1218,504844,Secondary
2436,1218,520374,Secondary
2437,1218,503114,Secondary
2438,1219,513490,Secondary
2439,1220,515575,Secondary
2440,1220,507584,Primary
2441,1220,520270,Primary
2442,1221,508664,Primary
2443,1221,515998,Secondary
2444,1222,519879,Primary
2445,1222,519154,Primary
2446,1223,505858,Secondary
2447,1224,500849,Secondary
2448,1224,500188,Secondary
2449,1225,512581,Primary
2450,1225,507371,Secondary
2451,1225,517278,Secondary
2452,1226,508410,Secondary
2453,1226,510065,Secondary
2454,1227,524064,Secondary
2455,1227,518848,Secondary
2456,1228,511306,Primary
2457,1228,509512,Primary
2458,1228,501057,Primary
2459,1229,502080,Secondary
2460,1230,522323,Primary
2461,1231,505591,Primary
2462,1231,524029,Primary
2463,1232,520771,Primary
2464,1233,512651,Secondary
2465,1234,512141,Primary
2466,1234,513719,Secondary
2467,1234,519442,Secondary
2468,1235,501342,Primary
2469,1235,506395,Primary
2470,1236,515882,Secondary
2471,1236,501531,Primary
2472,1236,516897,Secondary
2473,1237,505713,Secondary
2474,1238,517032,Secondary
2475,1238,502374,Primary
2476,1239,515147,Primary
2477,1239,524866,Primary
2478,1240,519403,Primary
2479,1241,503293,Primary
2480,1242,521020,Secondary
2481,1242,502842,Secondary
2482,1243,502689,Secondary
2483,1243,518102,Primary
2484,1243,523857,Secondary
2485,1244,508747,Secondary
2486,1244,521449,Secondary
2487,1244,517289,Secondary
2488,1245,513278,Primary
2489,1245,501117,Secondary
2490,1245,501754,Secondary
2491,1246,503544,Primary
2492,1246,500832,Primary
2493,1247,518872,Primary
2494,1248,523342,Primary
2495,1248,523742,Secondary
2496,1248,521936,Secondary
2497,1249,515067,Primary
2498,1249,518261,Secondary
2499,1250,522448,Primary
2500,1250,522010,Secondary
2501,1251,518561,Primary
2502,1251,520507,Secondary
2503,1251,518895,Secondary
2504,1252,524341,Primary
2505,1252,505706,Primary
2506,1253,518870,Primary
2507,1253,518689,Secondary
2508,1254,503784,Primary
2509,1255,502755,Primary
2510,1256,515874,Secondary
2511,1257,520955,Secondary
2512,1257,514740,Primary
2513,1257,510846,Secondary
2514,1258,517067,Primary
2515,1258,524206,Secondary
2516,1259,501877,Primary
2517,1259,524443,Secondary
2518,1260,517095,Secondary
2519,1261,503279,Primary
2520,1261,521177,Primary
2521,1262,521330,Primary
2522,1262,506961,Secondary
2523,1262,508216,Secondary
2524,1263,502362,Primary
2525,1263,508212,Secondary
2526,1264,523460,Primary
2527,1264,517019,Secondary
2528,1265,512276,Primary
2529,1266,518528,Primary
2530,1266,524472,Secondary
2531,1266,519414,Secondary
2532,1267,509547,Secondary
2533,1267,524553,Primary
2534,1267,521227,Primary
2535,1268,517236,Secondary
2536,1268,519898,Primary
2537,1268,500821,Primary
2538,1269,514178,Primary
2539,1269,512384,Secondary
2540,1270,507100,Secondary
2541,1271,500459,Secondary
2542,1272,524957,Secondary
2543,1272,513734,Secondary
2544,1273,507930,Secondary
2545,1273,522647,Primary
2546,1273,522403,Secondary
2547,1274,524783,Secondary
2548,1274,522488,Secondary
2549,1275,516619,Primary
2550,1275,506208,Secondary
2551,1275,514869,Secondary
2552,1276,505965,Secondary
2553,1276,507670,Secondary
2554,1277,521638,Primary
2555,1277,503364,Secondary
2556,1278,500545,Secondary
2557,1278,524386,Primary
2558,1279,500621,Primary
2559,1279,510489,Primary
2560,1279,512306,Primary
2561,1280,522296,Secondary
2562,1280,501024,Primary
2563,1281,522424,Primary
2564,1281,505371,Primary
2565,1282,500709,Secondary
2566,1282,501931,Secondary
2567,1282,520399,Secondary
2568,1283,518404,Primary
2569,1283,513643,Secondary
2570,1284,504094,Primary
2571,1284,520094,Primary
2572,1285,512202,Secondary
2573,1285,514539,Primary
2574,1285,502316,Primary
2575,1286,501874,Secondary
2576,1286,509912,Primary
2577,1286,501799,Primary
2578,1287,506517,Primary
2579,1288,508494,Secondary
2580,1288,500042,Secondary
2581,1288,502805,Secondary
2582,1289,523574,Primary
2583,1289,505858,Secondary
2584,1290,502454,Primary
2585,1290,518548,Secondary
2586,1291,502961,Primary
2587,1292,509280,Primary
2588,1292,514071,Secondary
2589,1293,513905,Secondary
2590,1293,506848,Secondary
2591,1294,510153,Secondary
2592,1294,502767,Primary
2593,1294,519142,Secondary
2594,1295,513149,Secondary
2595,1296,519166,Secondary
2596,1297,524025,Primary
2597,1297,519409,Secondary
2598,1298,521352,Primary
2599,1298,508630,Primary
2600,1299,519037,Primary
2601,1299,506691,Secondary
2602,1299,522766,Secondary
2603,1300,510229,Secondary
2604,1300,500188,Primary
2605,1301,508347,Primary
2606,1302,524442,Primary
2607,1302,516366,Secondary
2608,1302,509188,Primary
2609,1303,513687,Secondary
2610,1303,522807,Primary
2611,1304,524083,Secondary
2612,1304,509843,Primary
2613,1304,515152,Primary
2614,1305,515778,Primary
2615,1305,510951,Secondary
2616,1305,501893,Primary
2617,1306,511271,Secondary
2618,1306,502335,Primary
2619,1306,512450,Primary
2620,1307,520775,Secondary
2621,1308,511633,Primary
2622,1308,513920,Secondary
2623,1309,500303,Primary
2624,1310,502318,Secondary
2625,1310,516240,Secondary
2626,1311,509422,Primary
2627,1311,505310,Secondary
2628,1312,512373,Secondary
2629,1312,516653,Primary
2630,1312,511901,Secondary
2631,1313,508710,Secondary
2632,1314,515465,Secondary
2633,1315,503502,Secondary
2634,1316,523395,Primary
2635,1317,500945,Secondary
2636,1317,516437,Primary
2637,1317,504257,Primary
2638,1318,513780,Primary
2639,1318,510148,Primary
2640,1319,518558,Secondary
2641,1320,521742,Primary
2642,1320,513698,Primary
2643,1321,517591,Secondary
2644,1322,521437,Secondary
2645,1322,500159,Primary
2646,1323,519867,Primary
2647,1323,514497,Primary
2648,1323,524062,Primary
2649,1324,512431,Secondary
2650,1325,511437,Secondary
2651,1326,503941,Secondary
2652,1327,506654,Primary
2653,1327,513878,Primary
2654,1328,524661,Primary
2655,1328,521919,Primary
2656,1328,503525,Primary
2657,1329,508876,Secondary
2658,1330,500739,Secondary
2659,1331,510410,Primary
2660,1332,507089,Primary
2661,1332,514981,Primary
2662,1333,515608,Secondary
2663,1333,515585,Secondary
2664,1333,512901,Secondary
2665,1334,524487,Secondary
2666,1334,524725,Primary
2667,1335,512019,Primary
2668,1335,504062,Primary
2669,1336,521104,Secondary
2670,1336,514441,Secondary
2671,1337,516602,Primary
2672,1338,510733,Secondary
2673,1338,504219,Secondary
2674,1339,517249,Primary
2675,1339,523569,Secondary
2676,1339,513680,Primary
2677,1340,521328,Secondary
2678,1341,513289,Primary
2679,1341,501675,Primary
2680,1341,523807,Primary
2681,1342,518459,Secondary
2682,1343,516916,Secondary
2683,1343,515840,Primary
2684,1343,523666,Primary
2685,1344,512905,Primary
2686,1344,512274,Primary
2687,1344,516031,Secondary
2688,1345,508576,Primary
2689,1345,503907,Secondary
2690,1345,511521,Secondary
2691,1346,516104,Primary
2692,1346,510285,Primary
2693,1346,502384,Secondary
2694,1347,509006,Primary
2695,1347,518670,Secondary
2696,1348,511030,Primary
2697,1349,512496,Primary
2698,1349,503925,Primary
2699,1350,516928,Primary
2700,1350,506209,Secondary
2701,1350,502876,Primary
2702,1351,510282,Secondary
2703,1352,519138,Secondary
2704,1352,515968,Primary
2705,1352,509854,Secondary
2706,1353,501777,Primary
2707,1353,504969,Primary
2708,1353,501647,Primary
2709,1354,517644,Primary
2710,1355,515626,Primary
2711,1355,517973,Secondary
2712,1356,516472,Secondary
2713,1356,521325,Secondary
2714,1356,519040,Secondary
2715,1357,506204,Secondary
2716,1358,512457,Primary
2717,1358,512234,Secondary
2718,1359,516503,Primary
2719,1359,511083,Secondary
2720,1359,522796,Primary
2721,1360,500964,Primary
2722,1360,507563,Secondary
2723,1360,501193,Secondary
2724,1361,508882,Primary
2725,1361,513620,Primary
2726,1361,524750,Secondary
2727,1362,500148,Secondary
2728,1362,519928,Secondary
2729,1362,507334,Secondary
2730,1363,512835,Primary
2731,1364,509375,Primary
2732,1364,512260,Secondary
2733,1365,518059,Primary
2734,1365,521260,Secondary
2735,1365,504066,Secondary
2736,1366,501548,Primary
2737,1366,515348,Secondary
2738,1366,514101,Primary
2739,1367,516069,Secondary
2740,1368,508662,Primary
2741,1368,522122,Secondary
2742,1368,514959,Primary
2743,1369,523316,Primary
2744,1370,500998,Secondary
2745,1370,517101,Secondary
2746,1370,509465,Secondary
2747,1371,520288,Secondary
2748,1372,521651,Primary
2749,1372,505640,Secondary
2750,1372,509685,Primary
2751,1373,501915,Primary
2752,1374,513728,Secondary
2753,1375,503514,Primary
2754,1375,522086,Secondary
2755,1375,501243,Primary
2756,1376,518206,Secondary
2757,1376,519729,Primary
2758,1377,524843,Primary
2759,1377,522248,Secondary
2760,1378,511124,Primary
2761,1378,510981,Primary
2762,1378,523294,Primary
2763,1379,508054,Secondary
2764,1379,520624,Secondary
2765,1379,521599,Secondary
2766,1380,522909,Secondary
2767,1381,510039,Secondary
2768,1381,524127,Secondary
2769,1382,523775,Secondary
2770,1382,523180,Primary
2771,1383,511855,Primary
2772,1383,510616,Primary
2773,1383,511622,Secondary
2774,1384,519922,Primary
2775,1385,517394,Secondary
2776,1385,509815,Secondary
2777,1385,504678,Secondary
2778,1386,508153,Primary
2779,1386,504230,Primary
2780,1387,503447,Primary
2781,1388,501020,Primary
2782,1388,502877,Primary
2783,1388,517819,Secondary
2784,1389,506635,Primary
2785,1389,501028,Secondary
2786,1389,512363,Secondary
2787,1390,523140,Primary
2788,1390,514149,Secondary
2789,1390,523892,Secondary
2790,1391,504051,Secondary
2791,1392,519448,Secondary
2792,1392,522934,Secondary
2793,1393,518471,Primary
2794,1394,516748,Primary
2795,1394,524739,Secondary
2796,1395,521943,Secondary
2797,1395,503229,Primary
2798,1395,508957,Primary
2799,1396,506892,Primary
2800,1396,516595,Primary
2801,1397,505744,Secondary
2802,1397,501759,Secondary
2803,1397,517903,Secondary
2804,1398,518063,Primary
2805,1398,518491,Primary
2806,1398,510697,Primary
2807,1399,500768,Primary
2808,1399,505803,Primary
2809,1400,519328,Primary
2810,1400,520887,Primary
2811,1401,519981,Secondary
2812,1401,506227,Primary
2813,1402,518717,Secondary
2814,1402,523211,Secondary
2815,1403,515131,Primary
2816,1403,515151,Secondary
2817,1403,520601,Primary
2818,1404,508789,Primary
2819,1404,519449,Secondary
2820,1404,506947,Secondary
2821,1405,521039,Secondary
2822,1406,512221,Primary
2823,1406,510851,Secondary
2824,1406,514820,Primary
2825,1407,506405,Secondary
2826,1407,510028,Secondary
2827,1408,505064,Secondary
2828,1408,521244,Secondary
2829,1408,510909,Primary
2830,1409,503710,Secondary
2831,1410,520256,Secondary
2832,1410,508834,Primary
2833,1410,511550,Primary
2834,1411,504128,Primary
2835,1412,504204,Secondary
2836,1412,505338,Secondary
2837,1412,524644,Primary
2838,1413,512363,Secondary
2839,1413,512173,Secondary
2840,1414,504496,Primary
2841,1415,523859,Primary
2842,1415,516957,Primary
2843,1415,504794,Primary
2844,1416,515125,Primary
2845,1416,508953,Primary
2846,1416,524917,Secondary
2847,1417,503703,Primary
2848,1418,514827,Primary
2849,1418,508736,Primary
2850,1419,512929,Primary
2851,1420,514760,Primary
2852,1421,500600,Primary
2853,1422,509769,Secondary
2854,1423,516463,Secondary
2855,1423,508942,Primary
2856,1423,519495,Primary
2857,1424,507000,Secondary
2858,1425,524889,Primary
2859,1426,505008,Secondary
2860,1427,523894,Secondary
2861,1427,511102,Primary
2862,1428,521093,Secondary
2863,1429,518273,Primary
2864,1429,507627,Secondary
2865,1430,505247,Secondary
2866,1431,518229,Primary
2867,1431,503777,Primary
2868,1432,522606,Primary
2869,1432,518331,Primary
2870,1432,515143,Primary
2871,1433,500501,Secondary
2872,1433,505950,Primary
2873,1434,522444,Primary
2874,1434,516907,Primary
2875,1435,502993,Secondary
2876,1435,516950,Secondary
2877,1436,510978,Secondary
2878,1436,513539,Primary
2879,1437,508045,Secondary
2880,1437,500710,Secondary
2881,1437,521597,Secondary
2882,1438,502252,Secondary
2883,1438,516839,Secondary
2884,1439,516231,Secondary
2885,1439,515683,Secondary
2886,1440,501125,Secondary
2887,1440,510882,Secondary
2888,1441,502473,Secondary
2889,1441,515582,Primary
2890,1441,513793,Secondary
2891,1442,500927,Secondary
2892,1442,500508,Primary
2893,1442,518040,Primary
2894,1443,500177,Primary
2895,1443,520279,Secondary
2896,1444,503735,Primary
2897,1445,518183,Secondary
2898,1445,505384,Primary
2899,1446,504551,Primary
2900,1446,500516,Secondary
2901,1447,520238,Secondary
2902,1448,517730,Primary
2903,1448,500862,Primary
2904,1448,522456,Secondary
2905,1449,512853,Primary
2906,1450,517729,Secondary
2907,1450,517911,Secondary
2908,1450,517717,Secondary
2909,1451,500169,Secondary
2910,1451,500650,Primary
2911,1452,516158,Secondary
2912,1453,505462,Primary
2913,1453,500502,Primary
2914,1453,520375,Primary
2915,1454,522748,Primary
2916,1454,521556,Secondary
2917,1455,521633,Secondary
2918,1455,502900,Secondary
2919,1456,517611,Primary
2920,1457,521078,Primary
2921,1457,520114,Primary
2922,1457,507104,Primary
2923,1458,518874,Secondary
2924,1459,507604,Secondary
2925,1460,524614,Primary
2926,1460,517889,Secondary
2927,1461,504016,Secondary
2928,1462,521602,Primary
2929,1462,515630,Secondary
2930,1462,501683,Secondary
2931,1463,509174,Secondary
2932,1464,513542,Primary
2933,1465,519995,Primary
2934,1465,519854,Secondary
2935,1466,521258,Primary
2936,1466,523705,Primary
2937,1467,517513,Primary
2938,1468,505795,Primary
2939,1469,504130,Primary
2940,1469,522154,Secondary
2941,1470,516718,Secondary
2942,1471,507169,Primary
2943,1471,517722,Primary
2944,1471,519143,Secondary
2945,1472,504531,Secondary
2946,1472,518685,Secondary
2947,1473,514176,Secondary
2948,1474,519518,Primary
2949,1474,524027,Secondary
2950,1475,505630,Primary
2951,1475,513116,Secondary
2952,1476,518586,Secondary
2953,1476,518508,Secondary
2954,1477,513058,Primary
2955,1477,502750,Primary
2956,1478,502068,Secondary
2957,1479,505048,Primary
2958,1479,524930,Primary
2959,1479,512621,Secondary
2960,1480,519944,Primary
2961,1480,515382,Secondary
2962,1481,509104,Secondary
2963,1482,523397,Secondary
2964,1482,502391,Primary
2965,1483,502758,Primary
2966,1483,509380,Primary
2967,1483,517831,Secondary
2968,1484,503194,Secondary
2969,1484,524733,Secondary
2970,1484,502648,Primary
2971,1485,508950,Primary
2972,1486,517877,Secondary
2973,1486,506767,Primary
2974,1487,504465,Secondary
2975,1487,503616,Secondary
2976,1488,512625,Secondary
2977,1488,504473,Primary
2978,1488,502749,Secondary
2979,1489,519772,Primary
2980,1489,502171,Primary
2981,1489,518866,Primary
2982,1490,521229,Secondary
2983,1491,510677,Primary
2984,1491,513020,Secondary
2985,1491,520047,Primary
2986,1492,521866,Primary
2987,1492,522446,Secondary
2988,1492,518481,Secondary
2989,1493,519577,Primary
2990,1493,505852,Primary
2991,1493,517820,Secondary
2992,1494,521114,Primary
2993,1495,518214,Primary
2994,1495,500251,Primary
2995,1496,514632,Primary
2996,1496,524142,Primary
2997,1497,507748,Primary
2998,1497,504057,Secondary
2999,1497,512724,Primary
3000,1498,516252,Primary
3001,1498,509029,Secondary
3002,1498,501759,Secondary
3003,1499,523510,Primary
3004,1499,505985,Secondary
3005,1499,516360,Primary
3006,1500,503210,Primary
3007,1500,502950,Secondary
3008,1501,503770,Primary
3009,1502,523229,Secondary
3010,1502,522470,Primary
3011,1502,509176,Secondary
3012,1503,512785,Secondary
3013,1503,512270,Secondary
3014,1503,512639,Secondary
3015,1504,516819,Secondary
3016,1504,512692,Primary
3017,1504,500568,Primary
3018,1505,522920,Secondary
3019,1506,515616,Primary
3020,1506,510772,Secondary
3021,1507,506252,Secondary
3022,1508,514766,Secondary
3023,1508,501636,Primary
3024,1508,510858,Primary
3025,1509,517977,Secondary
3026,1509,500034,Secondary
3027,1510,506244,Primary
3028,1511,514560,Secondary
3029,1511,514274,Primary
3030,1511,502286,Secondary
3031,1512,516972,Primary
3032,1512,513607,Secondary
3033,1512,521785,Primary
3034,1513,503746,Secondary
3035,1513,521683,Secondary
3036,1513,510870,Primary
3037,1514,503271,Secondary
3038,1515,523356,Primary
3039,1515,501562,Secondary
3040,1515,505059,Secondary
3041,1516,505638,Primary
3042,1516,522818,Secondary
3043,1517,522555,Secondary
3044,1517,514401,Primary
3045,1517,514254,Secondary
3046,1518,514763,Primary
3047,1518,517708,Primary
3048,1518,520654,Primary
3049,1519,502004,Primary
3050,1519,520222,Primary
3051,1519,501634,Primary
3052,1520,518398,Secondary
3053,1520,503517,Secondary
3054,1520,510226,Secondary
3055,1521,520721,Primary
3056,1521,519264,Secondary
3057,1521,500510,Primary
3058,1522,510265,Secondary
3059,1523,511314,Primary
3060,1523,523113,Primary
3061,1524,516566,Secondary
3062,1525,512049,Primary
3063,1525,518331,Secondary
3064,1525,503902,Secondary
3065,1526,516532,Secondary
3066,1526,506225,Primary
3067,1527,524684,Primary
3068,1528,517558,Secondary
3069,1529,515008,Secondary
3070,1529,521321,Secondary
3071,1530,521431,Primary
3072,1530,505024,Secondary
3073,1530,520203,Secondary
3074,1531,509407,Primary
3075,1531,518736,Secondary
3076,1532,500364,Primary
3077,1532,513452,Primary
3078,1532,504982,Primary
3079,1533,515124,Secondary
3080,1533,515764,Secondary
3081,1534,518487,Primary
3082,1534,524291,Primary
3083,1534,524898,Secondary
3084,1535,500178,Secondary
3085,1535,518474,Primary
3086,1535,512314,Secondary
3087,1536,514318,Secondary
3088,1536,514849,Primary
3089,1537,502764,Secondary
3090,1538,506155,Primary
3091,1538,513557,Primary
3092,1538,522174,Secondary
3093,1539,501098,Primary
3094,1539,503544,Primary
3095,1540,524514,Primary
3096,1541,523680,Primary
3097,1541,510863,Primary
3098,1541,515823,Secondary
3099,1542,522823,Primary
3100,1542,500072,Primary
3101,1542,512760,Secondary
3102,1543,517837,Secondary
3103,1543,505881,Primary
3104,1544,501817,Primary
3105,1544,513592,Secondary
3106,1545,510737,Secondary
3107,1545,521901,Secondary
3108,1546,522621,Primary
3109,1546,518923,Primary
3110,1546,523437,Primary
3111,1547,524026,Secondary
3112,1547,506720,Secondary
3113,1548,501417,Secondary
3114,1548,500307,Secondary
3115,1548,502605,Secondary
3116,1549,523433,Primary
3117,1550,500705,Primary
3118,1550,507567,Primary
3119,1550,514818,Primary
3120,1551,504729,Primary
3121,1551,512747,Primary
3122,1551,504687,Primary
3123,1552,522693,Secondary
3124,1553,524599,Primary
3125,1553,515340,Secondary
3126,1554,515668,Primary
3127,1554,516634,Secondary
3128,1554,501687,Primary
3129,1555,502937,Primary
3130,1555,500915,Primary
3131,1556,510773,Primary
3132,1557,508157,Primary
3133,1558,524756,Primary
3134,1558,509192,Secondary
3135,1558,500741,Secondary
3136,1559,500668,Primary
3137,1560,517509,Secondary
3138,1560,520093,Primary
3139,1560,522679,Primary
3140,1561,504956,Secondary
3141,1561,519492,Primary
3142,1562,509500,Primary
3143,1562,520350,Secondary
3144,1563,504526,Primary
3145,1564,516042,Primary
3146,1564,518600,Primary
3147,1564,521826,Primary
3148,1565,513649,Secondary
3149,1565,503646,Secondary
3150,1565,513473,Primary
3151,1566,501791,Primary
3152,1566,517689,Primary
3153,1566,506784,Primary
3154,1567,504136,Primary
3155,1567,510657,Primary
3156,1567,521854,Secondary
3157,1568,507524,Secondary
3158,1569,519210,Secondary
3159,1570,505119,Primary
3160,1570,512206,Primary
3161,1571,524679,Primary
3162,1571,522225,Primary
3163,1571,511818,Primary
3164,1572,502199,Primary
3165,1572,517538,Secondary
3166,1572,501896,Primary
3167,1573,513998,Secondary
3168,1573,508974,Primary
3169,1573,522771,Primary
3170,1574,523557,Primary
3171,1574,523336,Primary
3172,1575,516211,Secondary
3173,1575,509100,Primary
3174,1575,514540,Secondary
3175,1576,517226,Primary
3176,1577,504667,Secondary
3177,1577,516759,Secondary
3178,1578,505125,Secondary
3179,1578,511868,Secondary
3180,1579,517166,Primary
3181,1580,513639,Secondary
3182,1581,508521,Primary
3183,1581,524557,Primary
3184,1582,517701,Secondary
3185,1582,514251,Secondary
3186,1583,522479,Secondary
3187,1584,506276,Primary
3188,1585,509716,Primary
3189,1586,503807,Primary
3190,1587,521571,Secondary
3191,1587,509452,Secondary
3192,1587,513224,Secondary
3193,1588,516535,Primary
3194,1588,508868,Secondary
3195,1588,511563,Primary
3196,1589,505204,Primary
3197,1589,508759,Secondary
3198,1589,516673,Secondary
3199,1590,502948,Secondary
3200,1590,518662,Secondary
3201,1591,522087,Primary
3202,1592,517825,Secondary
3203,1593,512218,Primary
3204,1593,515865,Primary
3205,1593,500131,Primary
3206,1594,514337,Secondary
3207,1595,506245,Primary
3208,1595,502742,Primary
3209,1595,504498,Secondary
3210,1596,505093,Secondary
3211,1596,521306,Secondary
3212,1597,510282,Primary
3213,1598,514575,Secondary
3214,1599,521654,Primary
3215,1600,516615,Primary
3216,1601,519768,Secondary
3217,1601,504447,Secondary
3218,1601,515147,Primary
3219,1602,517248,Secondary
3220,1603,515959,Primary
3221,1603,509894,Primary
3222,1604,523473,Secondary
3223,1605,511581,Primary
3224,1605,502145,Secondary
3225,1606,500566,Primary
3226,1607,522847,Primary
3227,1607,511543,Primary
3228,1607,511823,Primary
3229,1608,516269,Primary
3230,1609,500882,Primary
3231,1609,519090,Secondary
3232,1610,505929,Primary
3233,1611,502453,Primary
3234,1611,511905,Primary
3235,1611,508607,Primary
3236,1612,514412,Secondary
3237,1612,504149,Primary
3238,1612,502286,Primary
3239,1613,510742,Primary
3240,1614,505689,Primary
3241,1615,503820,Secondary
3242,1616,509044,Secondary
3243,1617,505670,Secondary
3244,1617,512765,Primary
3245,1618,509182,Primary
3246,1618,500645,Primary
3247,1618,522442,Secondary
3248,1619,514858,Primary
3249,1620,503159,Primary
3250,1621,505969,Secondary
3251,1622,517015,Secondary
3252,1623,508294,Primary
3253,1624,524590,Secondary
3254,1625,504415,Secondary
3255,1625,510879,Primary
3256,1626,521337,Secondary
3257,1626,513664,Secondary
3258,1627,509851,Primary
3259,1627,514674,Secondary
3260,1628,503891,Primary
3261,1629,504997,Primary
3262,1630,517946,Primary
3263,1630,512821,Primary
3264,1631,515446,Secondary
3265,1631,507259,Secondary
3266,1631,513276,Secondary
3267,1632,521338,Secondary
3268,1632,501274,Secondary
3269,1632,512071,Primary
3270,1633,508141,Secondary
3271,1633,502073,Secondary
3272,1634,513794,Secondary
3273,1634,518470,Primary
3274,1635,517823,Secondary
3275,1636,517750,Primary
3276,1637,503971,Secondary
3277,1638,510068,Primary
3278,1639,505566,Primary
3279,1640,524522,Secondary
3280,1640,512289,Primary
3281,1641,511039,Secondary
3282,1642,502783,Secondary
3283,1643,509399,Secondary
3284,1644,515062,Secondary
3285,1644,505753,Secondary
3286,1645,523753,Secondary
3287,1645,509791,Secondary
3288,1645,520750,Secondary
3289,1646,511470,Primary
3290,1646,505368,Primary
3291,1646,502008,Secondary
3292,1647,518096,Secondary
3293,1647,500006,Primary
3294,1648,524360,Primary
3295,1649,518209,Secondary
3296,1650,514385,Secondary
3297,1650,518143,Secondary
3298,1650,514826,Primary
3299,1651,501822,Secondary
3300,1651,520447,Secondary
3301,1651,507420,Primary
3302,1652,502939,Secondary
3303,1652,500304,Secondary
3304,1652,502188,Secondary
3305,1653,504861,Secondary
3306,1654,516405,Secondary
3307,1655,509727,Primary
3308,1656,524514,Secondary
3309,1657,520632,Primary
3310,1658,518632,Primary
3311,1658,502460,Primary
3312,1658,513700,Primary
3313,1659,501248,Secondary
3314,1659,517583,Secondary
3315,1659,511212,Primary
3316,1660,518264,Primary
3317,1661,518319,Secondary
3318,1661,510030,Secondary
3319,1662,500412,Primary
3320,1662,521648,Primary
3321,1663,522697,Primary
3322,1663,518055,Secondary
3323,1664,508950,Primary
3324,1664,500587,Secondary
3325,1665,505843,Primary
3326,1665,508418,Primary
3327,1666,518625,Primary
3328,1666,522490,Secondary
3329,1667,520849,Secondary
3330,1667,520976,Secondary
3331,1668,506559,Secondary
3332,1669,501091,Secondary
3333,1670,504954,Secondary
3334,1670,514046,Primary
3335,1670,516301,Secondary
3336,1671,503061,Secondary
3337,1672,518832,Secondary
3338,1672,505604,Primary
3339,1673,503536,Primary
3340,1673,511874,Primary
3341,1673,520886,Primary
3342,1674,514573,Secondary
3343,1675,506064,Secondary
3344,1675,510721,Primary
3345,1675,517141,Secondary
3346,1676,501706,Secondary
3347,1676,512656,Secondary
3348,1676,522913,Primary
3349,1677,516284,Primary
3350,1677,524501,Primary
3351,1677,501186,Secondary
3352,1678,520328,Primary
3353,1679,521843,Secondary
3354,1679,516853,Primary
3355,1679,524999,Primary
3356,1680,523020,Secondary
3357,1681,522344,Secondary
3358,1682,509587,Primary
3359,1682,500294,Primary
3360,1682,516116,Primary
3361,1683,520860,Secondary
3362,1684,507525,Primary
3363,1684,502604,Secondary
3364,1685,522023,Primary
3365,1686,517852,Secondary
3366,1686,517282,Primary
3367,1686,520443,Secondary
3368,1687,506955,Primary
3369,1687,516285,Secondary
3370,1688,518636,Secondary
3371,1689,518539,Primary
3372,1689,507772,Primary
3373,1690,513152,Primary
3374,1690,505964,Primary
3375,1691,512045,Secondary
3376,1692,504849,Primary
3377,1692,518536,Primary
3378,1692,520542,Primary
3379,1693,518780,Primary
3380,1693,524422,Secondary
3381,1694,512055,Primary
3382,1694,515015,Primary
3383,1695,518448,Primary
3384,1695,507869,Primary
3385,1695,501804,Secondary
3386,1696,521949,Secondary
3387,1696,522867,Secondary
3388,1697,515326,Secondary
3389,1698,506989,Primary
3390,1699,512381,Secondary
3391,1699,513260,Secondary
3392,1699,506627,Primary
3393,1700,520582,Secondary
3394,1701,521651,Primary
3395,1701,510540,Primary
3396,1702,518258,Secondary
3397,1703,504776,Primary
3398,1703,516771,Secondary
3399,1704,523114,Primary
3400,1704,509885,Primary
3401,1704,504608,Primary
3402,1705,500385,Primary
3403,1706,511301,Secondary
3404,1706,510637,Secondary
3405,1707,500218,Secondary
3406,1707,506743,Primary
3407,1707,513404,Primary
3408,1708,502335,Secondary
3409,1709,515775,Primary
3410,1709,506918,Secondary
3411,1709,500928,Primary
3412,1710,523416,Primary
3413,1710,513180,Secondary
3414,1710,514771,Secondary
3415,1711,522880,Primary
3416,1711,511462,Secondary
3417,1712,507911,Primary
3418,1712,502960,Primary
3419,1713,507907,Secondary
3420,1713,514121,Primary
3421,1714,518231,Secondary
3422,1715,522150,Secondary
3423,1716,521900,Secondary
3424,1716,502286,Secondary
3425,1717,522773,Primary
3426,1718,510456,Primary
3427,1719,509299,Secondary
3428,1720,517119,Primary
3429,1721,520270,Secondary
3430,1721,524436,Primary
3431,1722,504748,Primary
3432,1723,510158,Secondary
3433,1723,505930,Secondary
3434,1724,518127,Secondary
3435,1724,506690,Secondary
3436,1725,522916,Primary
3437,1725,501525,Primary
3438,1725,517845,Primary
3439,1726,507397,Primary
3440,1727,521770,Secondary
3441,1727,514923,Secondary
3442,1727,513078,Primary
3443,1728,521448,Secondary
3444,1728,508613,Primary
3445,1728,524287,Primary
3446,1729,517328,Secondary
3447,1729,506802,Primary
3448,1729,516420,Primary
3449,1730,511849,Secondary
3450,1731,515281,Secondary
3451,1732,514243,Primary
3452,1733,502162,Secondary
3453,1734,522887,Primary
3454,1735,523476,Primary
3455,1736,522341,Secondary
3456,1736,507568,Primary
3457,1736,509243,Primary
3458,1737,518360,Primary
3459,1737,504198,Secondary
3460,1737,513272,Secondary
3461,1738,503952,Secondary
3462,1739,518608,Secondary
3463,1740,509260,Primary
3464,1740,513538,Primary
3465,1741,521499,Secondary
3466,1741,517818,Secondary
3467,1742,522325,Secondary
3468,1742,519626,Secondary
3469,1742,504576,Secondary
3470,1743,520938,Primary
3471,1743,517609,Secondary
3472,1744,519317,Secondary
3473,1744,514541,Secondary
3474,1744,504666,Primary
3475,1745,511328,Primary
3476,1745,502595,Primary
3477,1745,509259,Secondary
3478,1746,523210,Primary
3479,1747,500729,Secondary
3480,1747,515218,Secondary
3481,1747,501008,Primary
3482,1748,506729,Primary
3483,1749,517463,Secondary
3484,1749,504955,Secondary
3485,1749,518274,Primary
3486,1750,522436,Secondary
3487,1751,523993,Primary
3488,1752,516203,Secondary
3489,1753,507343,Secondary
3490,1753,521966,Secondary
3491,1754,519122,Primary
3492,1755,514123,Primary
3493,1756,505237,Primary
3494,1756,501109,Primary
3495,1756,524094,Primary
3496,1757,524547,Secondary
3497,1758,511122,Secondary
3498,1759,511667,Secondary
3499,1759,501125,Secondary
3500,1759,513160,Secondary
3501,1760,524287,Primary
3502,1760,515172,Primary
3503,1761,516066,Primary
3504,1762,518436,Primary
3505,1762,508296,Secondary
3506,1762,513384,Secondary
3507,1763,507893,Primary
3508,1763,506109,Secondary
3509,1764,516178,Primary
3510,1764,512149,Secondary
3511,1765,506142,Primary
3512,1765,501450,Primary
3513,1765,510866,Secondary
3514,1766,502151,Secondary
3515,1766,518565,Secondary
3516,1767,501249,Secondary
3517,1768,523803,Secondary
3518,1768,504460,Secondary
3519,1769,522967,Primary
3520,1770,501909,Primary
3521,1770,522452,Secondary
3522,1770,506062,Primary
3523,1771,516083,Secondary
3524,1771,522171,Primary
3525,1772,500889,Secondary
3526,1772,513242,Primary
3527,1773,502121,Primary
3528,1773,516120,Primary
3529,1774,501411,Secondary
3530,1774,516791,Primary
3531,1775,519533,Secondary
3532,1775,513324,Secondary
3533,1776,510842,Primary
3534,1776,505052,Secondary
3535,1776,500972,Primary
3536,1777,508780,Secondary
3537,1777,523607,Secondary
3538,1777,513129,Secondary
3539,1778,500342,Secondary
3540,1778,510847,Primary
3541,1778,515799,Secondary
3542,1779,511963,Primary
3543,1779,522694,Primary
3544,1780,502653,Secondary
3545,1781,511947,Secondary
3546,1782,515221,Primary
3547,1782,519085,Secondary
3548,1782,504954,Secondary
3549,1783,503522,Secondary
3550,1783,516798,Primary
3551,1784,517639,Primary
3552,1784,505725,Primary
3553,1785,521286,Secondary
3554,1785,518567,Primary
3555,1785,513846,Primary
3556,1786,500225,Secondary
3557,1787,504536,Secondary
3558,1787,509168,Secondary
3559,1787,506655,Secondary
3560,1788,514237,Primary
3561,1789,509876,Secondary
3562,1789,506127,Secondary
3563,1790,520711,Primary
3564,1790,522542,Primary
3565,1791,505464,Primary
3566,1791,516797,Secondary
3567,1792,521768,Secondary
3568,1793,523374,Primary
3569,1794,507823,Secondary
3570,1794,516576,Secondary
3571,1794,512438,Secondary
3572,1795,511527,Secondary
3573,1795,500171,Secondary
3574,1795,514758,Primary
3575,1796,513446,Secondary
3576,1797,513062,Primary
3577,1797,518804,Primary
3578,1797,524262,Secondary
3579,1798,518536,Primary
3580,1798,515271,Secondary
3581,1799,520521,Primary
3582,1799,510640,Primary
3583,1800,515362,Primary
3584,1801,507924,Primary
3585,1801,500587,Primary
3586,1801,502986,Secondary
3587,1802,523801,Primary
3588,1803,511409,Secondary
3589,1804,501227,Secondary
3590,1804,515261,Primary
3591,1805,507762,Primary
3592,1805,505761,Primary
3593,1805,510032,Secondary
3594,1806,512649,Primary
3595,1807,523917,Secondary
3596,1808,524582,Primary
3597,1808,502789,Secondary
3598,1808,516694,Primary
3599,1809,506230,Secondary
3600,1810,524264,Secondary
3601,1810,517824,Secondary
3602,1810,504317,Primary
3603,1811,524356,Secondary
3604,1812,511397,Secondary
3605,1812,505353,Secondary
3606,1813,517474,Secondary
3607,1814,524714,Primary
3608,1815,518330,Secondary
3609,1815,513544,Secondary
3610,1816,508131,Secondary
3611,1816,503531,Secondary
3612,1816,504949,Secondary
3613,1817,519807,Primary
3614,1817,513250,Primary
3615,1818,510634,Secondary
3616,1818,510706,Secondary
3617,1818,507002,Primary
3618,1819,517365,Primary
3619,1820,505437,Primary
3620,1820,504435,Secondary
3621,1821,519043,Secondary
3622,1821,523121,Primary
3623,1822,511841,Secondary
3624,1822,511708,Secondary
3625,1823,524494,Secondary
3626,1823,520661,Secondary
3627,1823,510577,Secondary
3628,1824,508262,Primary
3629,1825,500796,Secondary
3630,1825,503766,Primary
3631,1826,520355,Secondary
3632,1827,504364,Secondary
3633,1828,524895,Secondary
3634,1829,502112,Secondary
3635,1829,524037,Secondary
3636,1829,521821,Primary
3637,1830,505809,Primary
3638,1830,511089,Primary
3639,1830,505099,Secondary
3640,1831,514724,Primary
3641,1831,519909,Secondary
3642,1831,519604,Secondary
3643,1832,511006,Secondary
3644,1833,515859,Secondary
3645,1834,507739,Secondary
3646,1835,522144,Secondary
3647,1835,524230,Secondary
3648,1835,517274,Secondary
3649,1836,502627,Secondary
3650,1837,503798,Primary
3651,1837,517188,Primary
3652,1838,506140,Secondary
3653,1839,511975,Primary
3654,1840,501847,Primary
3655,1841,513953,Primary
3656,1842,514062,Secondary
3657,1842,522801,Secondary
3658,1842,509625,Secondary
3659,1843,505935,Primary
3660,1844,523398,Secondary
3661,1844,506916,Primary
3662,1845,521443,Secondary
3663,1846,523837,Secondary
3664,1846,521699,Primary
3665,1846,520283,Primary
3666,1847,511591,Primary
3667,1847,522611,Primary
3668,1847,519302,Secondary
3669,1848,512268,Secondary
3670,1849,503987,Secondary
3671,1850,508946,Secondary
3672,1850,504312,Secondary
3673,1851,508934,Secondary
3674,1852,517987,Secondary
3675,1853,515039,Secondary
3676,1853,505757,Secondary
3677,1854,513253,Primary
3678,1855,524997,Primary
3679,1856,509189,Secondary
3680,1856,513903,Primary
3681,1856,513099,Secondary
3682,1857,510365,Secondary
3683,1858,513909,Primary
3684,1859,500994,Primary
3685,1860,508187,Primary
3686,1860,515448,Primary
3687,1861,505215,Secondary
3688,1861,515696,Primary
3689,1861,500703,Primary
3690,1862,507330,Secondary
3691,1862,506507,Primary
3692,1863,513058,Primary
3693,1863,524076,Secondary
3694,1864,507206,Secondary
3695,1864,501800,Secondary
3696,1865,507175,Secondary
3697,1865,509626,Secondary
3698,1866,521270,Primary
3699,1866,524254,Primary
3700,1867,517059,Secondary
3701,1868,500024,Primary
3702,1869,524970,Primary
3703,1869,506601,Secondary
3704,1870,509017,Primary
3705,1870,503324,Primary
3706,1871,509209,Secondary
3707,1871,516941,Primary
3708,1871,522771,Primary
3709,1872,518061,Primary
3710,1873,500478,Secondary
3711,1873,501662,Primary
3712,1874,518586,Primary
3713,1874,500642,Secondary
3714,1874,506739,Primary
3715,1875,518291,Primary
3716,1876,507467,Primary
3717,1877,505862,Primary
3718,1877,507575,Secondary
3719,1877,501517,Secondary
3720,1878,502596,Primary
3721,1878,519474,Secondary
3722,1879,501041,Primary
3723,1879,508386,Primary
3724,1880,517983,Primary
3725,1880,502466,Primary
3726,1880,518032,Primary
3727,1881,507993,Secondary
3728,1881,503741,Secondary
3729,1882,519042,Primary
3730,1882,512788,Secondary
3731,1883,521586,Secondary
3732,1883,520115,Secondary
3733,1884,519319,Secondary
3734,1884,520232,Secondary
3735,1884,508110,Secondary
3736,1885,510326,Secondary
3737,1885,515865,Secondary
3738,1885,500144,Primary
3739,1886,508818,Secondary
3740,1887,513589,Secondary
3741,1887,502278,Secondary
3742,1887,500631,Secondary
3743,1888,503417,Secondary
3744,1888,521849,Primary
3745,1888,523587,Primary
3746,1889,522371,Secondary
3747,1889,519485,Secondary
3748,1890,512262,Primary
3749,1890,510573,Secondary
3750,1890,515277,Primary
3751,1891,514764,Primary
3752,1892,503717,Secondary
3753,1892,518269,Secondary
3754,1892,509542,Secondary
3755,1893,510898,Secondary
3756,1893,519512,Primary
3757,1894,506357,Primary
3758,1894,510084,Primary
3759,1894,509968,Primary
3760,1895,503607,Primary
3761,1895,514851,Primary
3762,1896,517163,Secondary
3763,1897,510407,Primary
3764,1898,506083,Secondary
3765,1898,503979,Primary
3766,1898,522107,Secondary
3767,1899,516788,Primary
3768,1900,510423,Primary
3769,1900,518019,Primary
3770,1901,520948,Secondary
3771,1901,519997,Primary
3772,1902,500416,Secondary
3773,1903,514317,Secondary
3774,1904,517884,Primary
3775,1904,520209,Primary
3776,1904,507917,Secondary
3777,1905,504106,Secondary
3778,1905,518237,Secondary
3779,1905,518561,Secondary
3780,1906,501237,Primary
3781,1906,520893,Primary
3782,1906,521185,Primary
3783,1907,505512,Secondary
3784,1908,510312,Primary
3785,1909,518540,Primary
3786,1909,502924,Primary
3787,1910,524606,Secondary
3788,1910,516840,Primary
3789,1910,522856,Secondary
3790,1911,512340,Primary
3791,1911,506743,Primary
3792,1911,512436,Secondary
3793,1912,512867,Primary
3794,1912,504501,Primary
3795,1912,513335,Secondary
3796,1913,514159,Secondary
3797,1914,522658,Secondary
3798,1914,510558,Primary
3799,1914,500242,Primary
3800,1915,523028,Primary
3801,1915,523977,Secondary
3802,1916,522754,Primary
3803,1916,517998,Primary
3804,1916,524534,Secondary
3805,1917,507918,Primary
3806,1917,521520,Primary
3807,1918,509718,Primary
3808,1918,509187,Primary
3809,1918,507352,Primary
3810,1919,500036,Primary
3811,1919,506490,Secondary
3812,1919,524848,Primary
3813,1920,501500,Secondary
3814,1921,512657,Primary
3815,1922,501443,Secondary
3816,1922,513693,Secondary
3817,1922,512670,Secondary
3818,1923,517576,Primary
3819,1923,507523,Primary
3820,1924,524055,Secondary
3821,1925,512812,Primary
3822,1926,509134,Primary
3823,1926,524759,Secondary
3824,1927,503808,Secondary
3825,1927,510188,Secondary
3826,1928,501412,Primary
3827,1928,502567,Secondary
3828,1929,519098,Primary
3829,1930,506919,Secondary
3830,1930,524486,Secondary
3831,1930,504363,Primary
3832,1931,500012,Primary
3833,1932,503790,Secondary
3834,1933,524422,Secondary
3835,1933,507614,Primary
3836,1933,518659,Secondary
3837,1934,506170,Primary
3838,1935,512863,Primary
3839,1936,522596,Primary
3840,1936,502949,Primary
3841,1937,518248,Secondary
3842,1937,522030,Primary
3843,1937,501851,Secondary
3844,1938,517943,Primary
3845,1938,503738,Primary
3846,1939,501128,Primary
3847,1939,507937,Secondary
3848,1940,520189,Primary
3849,1940,520093,Primary
3850,1941,516171,Primary
3851,1941,520552,Primary
3852,1942,517098,Primary
3853,1942,517606,Primary
3854,1943,514695,Secondary
3855,1943,514682,Secondary
3856,1944,523949,Primary
3857,1944,500113,Secondary
3858,1944,512719,Secondary
3859,1945,505686,Primary
3860,1945,517798,Secondary
3861,1945,514453,Secondary
3862,1946,519586,Secondary
3863,1946,503205,Secondary
3864,1947,520389,Primary
3865,1947,504142,Primary
3866,1947,511804,Secondary
3867,1948,521174,Secondary
3868,1949,521503,Primary
3869,1949,519877,Secondary
3870,1949,517946,Secondary
3871,1950,510574,Secondary
3872,1950,516893,Primary
3873,1950,506851,Secondary
3874,1951,512027,Secondary
3875,1951,502077,Secondary
3876,1951,509149,Primary
3877,1952,524993,Secondary
3878,1953,506201,Primary
3879,1953,502207,Secondary
3880,1954,512014,Primary
3881,1955,504709,Primary
3882,1955,500258,Secondary
3883,1955,515024,Primary
3884,1956,504658,Secondary
3885,1957,504720,Secondary
3886,1957,523704,Primary
3887,1958,510026,Primary
3888,1959,504244,Primary
3889,1959,518975,Primary
3890,1960,509714,Secondary
3891,1960,507137,Secondary
3892,1960,522392,Secondary
3893,1961,519487,Primary
3894,1961,505847,Secondary
3895,1962,520418,Primary
3896,1962,500443,Secondary
3897,1962,513104,Primary
3898,1963,516988,Secondary
3899,1964,518017,Primary
3900,1965,505145,Primary
3901,1966,507203,Secondary
3902,1967,505957,Secondary
3903,1967,508301,Secondary
3904,1967,500979,Secondary
3905,1968,518534,Primary
3906,1969,506256,Primary
3907,1969,510569,Primary
3908,1969,501125,Secondary
3909,1970,519921,Secondary
3910,1971,512622,Primary
3911,1972,512274,Secondary
3912,1972,515390,Secondary
3913,1972,510092,Secondary
3914,1973,515912,Primary
3915,1974,504423,Secondary
3916,1975,513663,Primary
3917,1975,505313,Secondary
3918,1976,500800,Primary
3919,1976,510514,Primary
3920,1976,517504,Secondary
3921,1977,514570,Secondary
3922,1977,522420,Secondary
3923,1978,510392,Secondary
3924,1979,508812,Secondary
3925,1979,521419,Secondary
3926,1980,523475,Primary
3927,1980,506608,Secondary
3928,1981,502256,Primary
3929,1982,517759,Secondary
3930,1982,502479,Primary
3931,1982,503393,Primary
3932,1983,518693,Primary
3933,1983,510028,Secondary
3934,1984,500496,Secondary
3935,1984,509515,Secondary
3936,1985,514758,Secondary
3937,1985,514432,Secondary
3938,1986,502419,Secondary
3939,1986,505416,Secondary
3940,1987,502820,Primary
3941,1987,508409,Secondary
3942,1988,514359,Primary
3943,1989,506063,Secondary
3944,1989,510661,Primary
3945,1989,507623,Primary
3946,1990,509228,Secondary
3947,1990,520304,Secondary
3948,1991,516205,Secondary
3949,1992,507916,Secondary
3950,1993,520380,Secondary
3951,1993,524445,Secondary
3952,1994,502009,Secondary
3953,1994,502293,Primary
3954,1995,508060,Primary
3955,1996,523523,Secondary
3956,1996,515025,Secondary
3957,1997,509714,Primary
3958,1998,522081,Secondary
3959,1998,516162,Secondary
3960,1998,507409,Secondary
3961,1999,503777,Primary
3962,2000,513876,Primary
3963,2000,503682,Secondary
3964,2001,523354,Secondary
3965,2002,517930,Secondary
3966,2003,505914,Secondary
3967,2003,505114,Secondary
3968,2004,522366,Primary
3969,2004,514145,Primary
3970,2004,513768,Secondary
3971,2005,513880,Primary
3972,2005,524676,Primary
3973,2005,509549,Secondary
3974,2006,517888,Primary
3975,2006,516385,Secondary
3976,2007,509477,Primary
3977,2008,513459,Primary
3978,2009,507572,Primary
3979,2009,507644,Primary
3980,2010,514016,Primary
3981,2011,500547,Secondary
3982,2011,524379,Primary
3983,2012,500914,Secondary
3984,2013,503160,Primary
3985,2014,512852,Secondary
3986,2014,511526,Primary
3987,2015,515764,Primary
3988,2015,512088,Primary
3989,2016,512528,Primary
3990,2017,516027,Primary
3991,2017,519323,Secondary
3992,2018,508350,Secondary
3993,2018,514161,Secondary
3994,2019,522905,Secondary
3995,2020,503345,Primary
3996,2020,516304,Primary
3997,2021,511004,Secondary
3998,2021,505063,Secondary
3999,2021,503461,Secondary
4000,2022,504361,Primary
4001,2022,520706,Primary
4002,2022,518410,Secondary
4003,2023,521561,Primary
4004,2023,515517,Secondary
4005,2023,522875,Secondary
4006,2024,524869,Primary
4007,2024,507977,Primary
4008,2024,519295,Primary
4009,2025,515598,Secondary
4010,2025,520862,Secondary
4011,2025,512205,Secondary
4012,2026,517469,Secondary
4013,2026,514289,Secondary
4014,2026,500340,Primary
4015,2027,520004,Primary
4016,2027,515064,Primary
4017,2027,512154,Secondary
4018,2028,507834,Primary
4019,2028,508415,Primary
4020,2029,511307,Secondary
4021,2029,500620,Primary
4022,2030,511228,Primary
4023,2030,507910,Secondary
4024,2031,511964,Primary
4025,2031,513581,Primary
4026,2031,501721,Primary
4027,2032,501840,Secondary
4028,2032,512321,Primary
4029,2033,505398,Secondary
4030,2033,511866,Primary
4031,2033,512064,Secondary
4032,2034,504232,Secondary
4033,2034,523923,Secondary
4034,2034,523993,Secondary
4035,2035,514430,Secondary
4036,2036,519087,Primary
4037,2036,522651,Secondary
4038,2036,515069,Primary
4039,2037,521807,Secondary
4040,2037,523219,Secondary
4041,2037,511688,Secondary
4042,2038,502449,Secondary
4043,2038,503400,Primary
4044,2038,519047,Secondary
4045,2039,520457,Secondary
4046,2039,517997,Primary
4047,2039,503062,Secondary
4048,2040,521443,Secondary
4049,2041,503696,Primary
4050,2041,505143,Secondary
4051,2042,502952,Secondary
4052,2042,509241,Primary
4053,2043,506059,Primary
4054,2044,520708,Secondary
4055,2045,507959,Secondary
4056,2045,517889,Secondary
4057,2046,510894,Secondary
4058,2047,509097,Primary
4059,2047,514612,Primary
4060,2048,503229,Secondary
4061,2049,505441,Primary
4062,2050,512435,Secondary
4063,2050,521647,Primary
4064,2050,502008,Secondary
4065,2051,511520,Secondary
4066,2051,524135,Primary
4067,2051,500880,Secondary
4068,2052,511453,Secondary
4069,2052,524257,Primary
4070,2053,515021,Secondary
4071,2053,511199,Secondary
4072,2053,504385,Secondary
4073,2054,510562,Secondary
4074,2054,518742,Secondary
4075,2055,505788,Secondary
4076,2056,515529,Secondary
4077,2056,502318,Secondary
4078,2057,500995,Secondary
4079,2057,501150,Primary
4080,2058,514025,Primary
4081,2058,511590,Secondary
4082,2059,519490,Primary
4083,2060,522162,Primary
4084,2060,519945,Secondary
4085,2061,518703,Secondary
4086,2062,508655,Secondary
4087,2062,500393,Secondary
4088,2063,520572,Primary
4089,2064,520801,Secondary
4090,2064,505070,Secondary
4091,2064,514267,Primary
4092,2065,506278,Primary
4093,2066,507360,Secondary
4094,2066,517919,Secondary
4095,2067,522844,Primary
4096,2067,507985,Primary
4097,2068,521116,Primary
4098,2068,508888,Secondary
4099,2068,523544,Secondary
4100,2069,503928,Primary
4101,2069,504911,Secondary
4102,2069,505703,Secondary
4103,2070,505884,Primary
4104,2070,503806,Primary
4105,2070,515280,Primary
4106,2071,500986,Secondary
4107,2072,510939,Secondary
4108,2072,507382,Primary
4109,2073,513371,Primary
4110,2073,503925,Primary
4111,2073,508345,Primary
4112,2074,517415,Secondary
4113,2074,521904,Primary
4114,2075,520808,Secondary
4115,2076,518783,Primary
4116,2076,508766,Secondary
4117,2077,501075,Primary
4118,2077,518214,Secondary
4119,2078,500533,Primary
4120,2078,519754,Primary
4121,2079,503310,Secondary
4122,2079,519535,Secondary
4123,2079,500629,Secondary
4124,2080,517708,Primary
4125,2080,501051,Secondary
4126,2080,509335,Primary
4127,2081,515807,Primary
4128,2081,517415,Secondary
4129,2081,520715,Primary
4130,2082,515757,Secondary
4131,2083,518291,Secondary
4132,2084,520892,Secondary
4133,2084,506099,Secondary
4134,2085,518464,Secondary
4135,2085,523415,Primary
4136,2086,514150,Secondary
4137,2087,516968,Primary
4138,2087,518661,Secondary
4139,2087,516789,Primary
4140,2088,515339,Primary
4141,2088,516711,Primary
4142,2088,508042,Secondary
4143,2089,506424,Secondary
4144,2089,517120,Primary
4145,2089,503619,Secondary
4146,2090,512595,Primary
4147,2091,501758,Primary
4148,2092,504908,Secondary
4149,2092,514225,Primary
4150,2093,518369,Primary
4151,2093,504207,Secondary
4152,2094,501176,Primary
4153,2094,513259,Primary
4154,2095,501029,Primary
4155,2095,504902,Primary
4156,2096,503261,Primary
4157,2097,515845,Secondary
4158,2097,509668,Secondary
4159,2098,501805,Secondary
4160,2098,500395,Secondary
4161,2099,503801,Secondary
4162,2099,512071,Primary
4163,2100,512392,Secondary
4164,2100,505167,Primary
4165,2101,523050,Primary
4166,2102,505108,Primary
4167,2103,516625,Secondary
4168,2104,516458,Primary
4169,2105,516753,Secondary
4170,2106,520361,Secondary
4171,2106,519155,Primary
4172,2106,507099,Primary
4173,2107,508111,Secondary
4174,2107,509620,Primary
4175,2108,511540,Primary
4176,2108,520077,Secondary
4177,2109,519165,Secondary
4178,2109,521404,Secondary
4179,2110,508112,Secondary
4180,2111,503883,Primary
4181,2112,515593,Primary
4182,2113,509256,Secondary
4183,2113,512941,Secondary
4184,2113,515658,Secondary
4185,2114,507744,Secondary
4186,2115,508298,Primary
4187,2116,511805,Secondary
4188,2116,521030,Secondary
4189,2116,501091,Primary
4190,2117,515365,Secondary
4191,2118,504469,Secondary
4192,2118,510304,Primary
4193,2118,509783,Primary
4194,2119,512687,Primary
4195,2119,511900,Secondary
4196,2119,514141,Secondary
4197,2120,514673,Primary
4198,2120,512358,Secondary
4199,2120,511450,Primary
4200,2121,506162,Primary
4201,2121,520259,Primary
4202,2121,511920,Secondary
4203,2122,522819,Secondary
4204,2122,516494,Primary
4205,2122,505933,Secondary
4206,2123,509321,Secondary
4207,2123,508596,Secondary
4208,2123,519936,Secondary
4209,2124,505747,Primary
4210,2124,523076,Primary
4211,2125,505904,Primary
4212,2126,514922,Secondary
4213,2127,523903,Secondary
4214,2127,521118,Primary
4215,2128,513232,Secondary
4216,2129,511199,Secondary
4217,2129,523599,Primary
4218,2130,523723,Primary
4219,2130,521969,Primary
4220,2131,503105,Secondary
4221,2131,515615,Primary
4222,2131,522056,Secondary
4223,2132,520097,Secondary
4224,2133,520731,Secondary
4225,2133,507872,Secondary
4226,2134,516882,Secondary
4227,2134,513739,Secondary
4228,2135,514134,Primary
4229,2135,522665,Secondary
4230,2135,505149,Secondary
4231,2136,518159,Secondary
4232,2136,513855,Secondary
4233,2137,522185,Primary
4234,2138,510515,Primary
4235,2138,509985,Secondary
4236,2138,524165,Secondary
4237,2139,509463,Secondary
4238,2139,523609,Secondary
4239,2139,505151,Secondary
4240,2140,515953,Primary
4241,2140,522210,Primary
4242,2140,520791,Secondary
4243,2141,510085,Primary
4244,2141,504747,Primary
4245,2141,524574,Primary
4246,2142,517034,Secondary
4247,2143,520034,Secondary
4248,2143,506054,Secondary
4249,2144,524497,Secondary
4250,2145,500210,Primary
4251,2145,513150,Secondary
4252,2146,508233,Primary
4253,2146,523458,Primary
4254,2146,513239,Secondary
4255,2147,502608,Primary
4256,2148,510166,Secondary
4257,2148,509464,Secondary
4258,2149,522786,Secondary
4259,2149,512818,Primary
4260,2149,506484,Secondary
4261,2150,500282,Primary
4262,2151,500249,Secondary
4263,2151,519817,Primary
4264,2152,504768,Secondary
4265,2152,504948,Secondary
4266,2153,501260,Secondary
4267,2154,524845,Primary
4268,2155,515521,Secondary
4269,2155,519607,Primary
4270,2155,516787,Secondary
4271,2156,505596,Primary
4272,2156,506218,Secondary
4273,2156,507126,Primary
4274,2157,506060,Primary
4275,2157,513413,Primary
4276,2158,512855,Secondary
4277,2158,522016,Secondary
4278,2159,517442,Primary
4279,2159,524536,Secondary
4280,2159,508035,Primary
4281,2160,515942,Primary
4282,2160,503283,Primary
4283,2160,502347,Secondary
4284,2161,507064,Primary
4285,2161,520765,Secondary
4286,2162,521960,Secondary
4287,2163,513441,Primary
4288,2163,510018,Primary
4289,2163,524077,Primary
4290,2164,501152,Secondary
4291,2165,520071,Primary
4292,2165,509143,Primary
4293,2166,517323,Secondary
4294,2166,523399,Primary
4295,2167,505506,Secondary
4296,2167,504405,Primary
4297,2168,506762,Primary
4298,2169,523940,Secondary
4299,2169,500883,Primary
4300,2170,515190,Primary
4301,2171,504429,Primary
4302,2171,518471,Primary
4303,2172,518866,Primary
4304,2172,500263,Primary
4305,2173,517955,Secondary
4306,2173,501729,Secondary
4307,2174,511907,Primary
4308,2174,519064,Secondary
4309,2175,504599,Primary
4310,2175,501906,Secondary
4311,2176,513576,Primary
4312,2176,500873,Secondary
4313,2176,504052,Primary
4314,2177,502741,Secondary
4315,2177,511916,Secondary
4316,2178,515945,Secondary
4317,2178,500052,Secondary
4318,2178,524760,Primary
4319,2179,520548,Secondary
4320,2179,502130,Secondary
4321,2179,518052,Primary
4322,2180,517155,Secondary
4323,2180,515748,Primary
4324,2181,513532,Secondary
4325,2181,505957,Primary
4326,2181,504941,Secondary
4327,2182,507865,Secondary
4328,2182,511614,Secondary
4329,2183,522415,Primary
4330,2183,500888,Secondary
4331,2184,515399,Secondary
4332,2185,519099,Secondary
4333,2185,520838,Secondary
4334,2186,514633,Primary
4335,2186,503929,Secondary
4336,2186,500232,Primary
4337,2187,514794,Primary
4338,2188,520917,Secondary
4339,2188,510136,Secondary
4340,2188,503810,Primary
4341,2189,521603,Primary
4342,2190,513816,Secondary
4343,2190,523657,Secondary
4344,2190,519592,Primary
4345,2191,513041,Secondary
4346,2192,524815,Secondary
4347,2192,521272,Secondary
4348,2192,513290,Secondary
4349,2193,523103,Secondary
4350,2193,500847,Secondary
4351,2193,518083,Secondary
4352,2194,501810,Secondary
4353,2194,506036,Primary
4354,2195,509276,Primary
4355,2195,507505,Secondary
4356,2195,512657,Secondary
4357,2196,501803,Secondary
4358,2196,504173,Primary
4359,2196,502336,Primary
4360,2197,515098,Primary
4361,2198,512311,Secondary
4362,2199,523109,Secondary
4363,2200,515404,Secondary
4364,2200,508135,Secondary
4365,2201,512191,Primary
4366,2201,514232,Primary
4367,2201,501009,Primary
4368,2202,505621,Primary
4369,2203,520959,Secondary
4370,2203,519469,Secondary
4371,2203,504253,Primary
4372,2204,514364,Secondary
4373,2205,510629,Secondary
4374,2205,523614,Secondary
4375,2205,505055,Secondary
4376,2206,506186,Primary
4377,2207,511484,Secondary
4378,2208,508491,Secondary
4379,2209,509081,Secondary
4380,2209,509286,Primary
4381,2210,500245,Primary
4382,2210,521590,Secondary
4383,2211,516805,Primary
4384,2212,514161,Primary
4385,2213,518773,Secondary
4386,2214,524155,Secondary
4387,2214,516711,Secondary
4388,2215,504803,Primary
4389,2215,514607,Primary
4390,2215,523379,Secondary
4391,2216,508167,Primary
4392,2217,520776,Primary
4393,2217,509631,Secondary
4394,2217,506171,Secondary
4395,2218,505249,Primary
4396,2219,520774,Primary
4397,2219,522469,Secondary
4398,2220,503568,Primary
4399,2220,521761,Secondary
4400,2221,522029,Secondary
4401,2222,524424,Secondary
4402,2222,501819,Secondary
4403,2223,503123,Primary
4404,2223,506133,Secondary
4405,2224,509640,Primary
4406,2225,505128,Secondary
4407,2225,501122,Secondary
4408,2226,521167,Primary
4409,2227,505460,Secondary
4410,2227,519467,Secondary
4411,2227,509644,Primary
4412,2228,512253,Secondary
4413,2228,507115,Primary
4414,2228,512698,Secondary
4415,2229,516457,Secondary
4416,2229,516002,Primary
4417,2230,508531,Primary
4418,2230,511466,Primary
4419,2230,508320,Primary
4420,2231,510190,Primary
4421,2231,518405,Secondary
4422,2232,516651,Primary
4423,2232,504194,Secondary
4424,2233,507321,Primary
4425,2234,501784,Primary
4426,2234,520388,Primary
4427,2234,502379,Primary
4428,2235,517072,Primary
4429,2236,500514,Secondary
4430,2237,515735,Primary
4431,2237,506335,Primary
4432,2237,516013,Secondary
4433,2238,506805,Primary
4434,2238,511601,Primary
4435,2238,501109,Secondary
4436,2239,517490,Secondary
4437,2240,519859,Primary
4438,2240,501004,Secondary
4439,2241,506858,Secondary
4440,2242,506917,Primary
4441,2242,524796,Primary
4442,2243,510421,Secondary
4443,2243,504649,Primary
4444,2244,514320,Primary
4445,2244,512861,Primary
4446,2244,516587,Primary
4447,2245,503632,Secondary
4448,2245,513878,Primary
4449,2245,519731,Secondary
4450,2246,517862,Primary
4451,2246,513162,Primary
4452,2247,519397,Secondary
4453,2248,515779,Secondary
4454,2248,519471,Secondary
4455,2248,505042,Primary
4456,2249,509722,Primary
4457,2250,506966,Primary
4458,2250,507833,Secondary
4459,2250,524160,Primary
4460,2251,520619,Primary
4461,2252,503209,Secondary
4462,2252,521357,Primary
4463,2252,514673,Primary
4464,2253,521998,Primary
4465,2254,520116,Primary
4466,2254,512426,Secondary
4467,2254,510057,Secondary
4468,2255,518920,Primary
4469,2255,515138,Secondary
4470,2255,516963,Primary
4471,2256,521169,Secondary
4472,2256,507714,Secondary
4473,2257,510527,Primary
4474,2257,524029,Primary
4475,2257,517460,Secondary
4476,2258,502776,Secondary
4477,2258,517901,Secondary
4478,2258,522810,Primary
4479,2259,513093,Primary
4480,2259,515002,Secondary
4481,2260,512559,Primary
4482,2260,505402,Primary
4483,2260,514109,Secondary
4484,2261,502977,Secondary
4485,2261,510901,Secondary
4486,2261,513112,Secondary
4487,2262,523012,Secondary
4488,2263,524399,Primary
4489,2263,510008,Primary
4490,2263,521075,Secondary
4491,2264,524978,Secondary
4492,2264,511349,Primary
4493,2264,518791,Primary
4494,2265,519817,Primary
4495,2265,511910,Secondary
4496,2265,519370,Primary
4497,2266,511265,Secondary
4498,2266,504367,Primary
4499,2266,517740,Primary
4500,2267,514468,Secondary
4501,2267,521369,Secondary
4502,2267,502220,Secondary
4503,2268,513180,Secondary
4504,2268,509564,Secondary
4505,2269,500640,Primary
4506,2269,518098,Secondary
4507,2269,510667,Secondary
4508,2270,506986,Secondary
4509,2271,524767,Primary
4510,2271,511255,Primary
4511,2272,514384,Primary
4512,2272,518449,Primary
4513,2272,517896,Primary
4514,2273,506934,Primary
4515,2273,513112,Primary
4516,2273,517961,Secondary
4517,2274,500842,Primary
4518,2274,517374,Primary
4519,2274,505359,Secondary
4520,2275,501734,Secondary
4521,2275,506813,Primary
4522,2275,507848,Secondary
4523,2276,522960,Primary
4524,2276,518976,Secondary
4525,2277,518915,Secondary
4526,2277,514634,Secondary
4527,2278,521872,Primary
4528,2278,509142,Secondary
4529,2279,515032,Secondary
4530,2280,509925,Primary
4531,2280,508973,Secondary
4532,2281,505183,Secondary
4533,2282,510653,Secondary
4534,2282,508294,Secondary
4535,2283,500605,Primary
4536,2284,513394,Secondary
4537,2284,504234,Primary
4538,2284,523560,Primary
4539,2285,519934,Secondary
4540,2285,500689,Primary
4541,2286,518256,Primary
4542,2286,509256,Secondary
4543,2287,513031,Secondary
4544,2287,509078,Primary
4545,2287,503708,Primary
4546,2288,503514,Secondary
4547,2288,521338,Primary
4548,2288,501985,Secondary
4549,2289,500583,Primary
4550,2289,506889,Secondary
4551,2289,505323,Primary
4552,2290,511848,Primary
4553,2290,512285,Secondary
4554,2291,519521,Primary
4555,2291,506979,Secondary
4556,2291,524008,Primary
4557,2292,503556,Primary
4558,2292,514589,Primary
4559,2293,511321,Primary
4560,2294,506338,Primary
4561,2294,515406,Secondary
4562,2294,511487,Primary
4563,2295,504543,Primary
4564,2296,505914,Secondary
4565,2297,501292,Secondary
4566,2298,509540,Primary
4567,2298,521956,Primary
4568,2299,504186,Primary
4569,2300,500559,Secondary
4570,2300,507364,Secondary
4571,2301,521458,Primary
4572,2302,505436,Secondary
4573,2302,518842,Secondary
4574,2302,516421,Primary
4575,2303,523542,Primary
4576,2303,524089,Secondary
4577,2303,503509,Secondary
4578,2304,523442,Primary
4579,2304,515539,Secondary
4580,2305,510041,Secondary
4581,2306,511910,Primary
4582,2306,512699,Secondary
4583,2307,504289,Primary
4584,2307,514173,Secondary
4585,2308,523254,Secondary
4586,2309,500929,Secondary
4587,2309,514512,Primary
4588,2310,503423,Primary
4589,2310,520126,Primary
4590,2311,516962,Secondary
4591,2311,506794,Primary
4592,2312,521037,Primary
4593,2312,503914,Secondary
4594,2312,512405,Primary
4595,2313,504857,Primary
4596,2313,524925,Primary
4597,2313,522548,Primary
4598,2314,523176,Secondary
4599,2314,512601,Primary
4600,2315,503243,Secondary
4601,2316,514589,Secondary
4602,2316,512074,Secondary
4603,2316,521747,Primary
4604,2317,521010,Secondary
4605,2317,516302,Secondary
4606,2317,506463,Primary
4607,2318,522612,Primary
4608,2318,514420,Secondary
4609,2319,504181,Primary
4610,2320,519082,Primary
4611,2320,507530,Secondary
4612,2320,506379,Primary
4613,2321,524390,Primary
4614,2321,500700,Secondary
4615,2322,503402,Secondary
4616,2322,520711,Secondary
4617,2323,523239,Primary
4618,2323,502723,Secondary
4619,2323,518876,Secondary
4620,2324,520975,Secondary
4621,2324,520063,Primary
4622,2324,503720,Primary
4623,2325,517199,Primary
4624,2325,520886,Primary
4625,2325,517018,Primary
4626,2326,521731,Secondary
4627,2326,522085,Primary
4628,2327,520772,Secondary
4629,2327,520385,Secondary
4630,2328,519391,Secondary
4631,2328,522026,Secondary
4632,2328,523089,Primary
4633,2329,510199,Secondary
4634,2329,517644,Secondary
4635,2329,512180,Secondary
4636,2330,501119,Primary
4637,2331,517088,Secondary
4638,2331,514819,Secondary
4639,2332,516987,Secondary
4640,2332,503452,Secondary
4641,2333,519608,Primary
4642,2333,507008,Secondary
4643,2334,507573,Primary
4644,2335,518588,Secondary
4645,2335,509874,Primary
4646,2335,519978,Secondary
4647,2336,511756,Secondary
4648,2336,522787,Primary
4649,2336,516678,Primary
4650,2337,506376,Secondary
4651,2337,522608,Primary
4652,2337,519142,Secondary
4653,2338,505852,Primary
4654,2339,524280,Primary
4655,2339,506839,Primary
4656,2339,508712,Primary
4657,2340,500297,Secondary
4658,2341,516493,Primary
4659,2342,503764,Secondary
4660,2342,524916,Secondary
4661,2342,516230,Primary
4662,2343,511996,Primary
4663,2344,508088,Secondary
4664,2344,511407,Primary
4665,2345,519513,Primary
4666,2345,523675,Secondary
4667,2345,514791,Secondary
4668,2346,510364,Primary
4669,2346,516492,Primary
4670,2346,508754,Secondary
4671,2347,514226,Primary
4672,2348,520187,Primary
4673,2349,506749,Secondary
4674,2349,513176,Secondary
4675,2349,502560,Primary
4676,2350,506241,Primary
4677,2350,502470,Secondary
4678,2351,520519,Primary
4679,2351,510134,Secondary
4680,2351,523281,Primary
4681,2352,501026,Primary
4682,2352,510710,Primary
4683,2352,514086,Secondary
4684,2353,514913,Secondary
4685,2354,521631,Secondary
4686,2354,522112,Primary
4687,2354,515003,Secondary
4688,2355,505671,Primary
4689,2355,500834,Secondary
4690,2355,508607,Primary
4691,2356,515090,Primary
4692,2356,524961,Secondary
4693,2357,519767,Primary
4694,2358,509608,Secondary
4695,2358,510717,Secondary
4696,2359,522835,Secondary
4697,2359,519024,Secondary
4698,2360,507125,Primary
4699,2360,518046,Primary
4700,2361,503454,Primary
4701,2361,501840,Secondary
4702,2362,515254,Secondary
4703,2362,522307,Primary
4704,2363,522387,Secondary
4705,2363,509169,Secondary
4706,2363,524039,Primary
4707,2364,522296,Secondary
4708,2365,500561,Primary
4709,2365,517073,Primary
4710,2365,515796,Secondary
4711,2366,503088,Primary
4712,2366,506194,Secondary
4713,2366,506154,Primary
4714,2367,509503,Primary
4715,2368,520911,Secondary
4716,2369,502161,Primary
4717,2369,519519,Secondary
4718,2370,501669,Primary
4719,2371,517702,Primary
4720,2371,511685,Primary
4721,2371,516878,Primary
4722,2372,500914,Primary
4723,2372,521663,Primary
4724,2373,520432,Primary
4725,2373,507364,Primary
4726,2373,508778,Secondary
4727,2374,515116,Primary
4728,2374,522503,Secondary
4729,2374,514386,Primary
4730,2375,513383,Secondary
4731,2376,502839,Secondary
4732,2377,505884,Primary
4733,2377,509829,Primary
4734,2378,519468,Primary
4735,2379,500425,Secondary
4736,2379,519103,Primary
4737,2379,519873,Secondary
4738,2380,501428,Secondary
4739,2380,500063,Secondary
4740,2381,508996,Secondary
4741,2381,517191,Secondary
4742,2381,501097,Primary
4743,2382,510056,Primary
4744,2382,523569,Primary
4745,2382,514186,Secondary
4746,2383,507484,Primary
4747,2384,522823,Secondary
4748,2385,524471,Primary
4749,2386,515688,Secondary
4750,2387,516468,Primary
4751,2388,519215,Secondary
4752,2388,503570,Secondary
4753,2388,517277,Primary
4754,2389,522441,Primary
4755,2390,505598,Primary
4756,2390,503452,Primary
4757,2391,501094,Secondary
4758,2391,507976,Primary
4759,2392,522957,Secondary
4760,2392,514126,Primary
4761,2392,516445,Secondary
4762,2393,502941,Primary
4763,2394,523725,Primary
4764,2394,507809,Primary
4765,2395,517510,Secondary
4766,2395,506783,Primary
4767,2396,511927,Secondary
4768,2396,516657,Secondary
4769,2396,504129,Secondary
4770,2397,508645,Primary
4771,2398,524510,Secondary
4772,2398,513416,Secondary
4773,2398,513601,Primary
4774,2399,521035,Secondary
4775,2399,510677,Secondary
4776,2400,514242,Secondary
4777,2400,502651,Secondary
4778,2401,523968,Secondary
4779,2401,500860,Secondary
4780,2402,516206,Secondary
4781,2402,517432,Primary
4782,2403,520758,Primary
4783,2404,523428,Primary
4784,2404,504211,Primary
4785,2405,522854,Secondary
4786,2405,513053,Secondary
4787,2406,520255,Primary
4788,2406,503914,Secondary
4789,2407,516061,Primary
4790,2407,517825,Secondary
4791,2407,519754,Primary
4792,2408,510552,Secondary
4793,2409,509987,Primary
4794,2409,509252,Primary
4795,2410,522027,Secondary
4796,2410,505851,Secondary
4797,2410,505138,Secondary
4798,2411,504481,Primary
4799,2411,517677,Secondary
4800,2412,509379,Primary
4801,2412,507349,Primary
4802,2413,522720,Secondary
4803,2413,511247,Secondary
4804,2414,507670,Secondary
4805,2414,522153,Primary
4806,2415,509032,Primary
4807,2415,506836,Secondary
4808,2416,506159,Primary
4809,2417,522366,Secondary
4810,2417,510332,Secondary
4811,2418,505368,Primary
4812,2419,502586,Secondary
4813,2419,510432,Secondary
4814,2419,501754,Primary
4815,2420,521885,Secondary
4816,2420,501003,Secondary
4817,2421,515775,Primary
4818,2421,511882,Primary
4819,2421,519989,Primary
4820,2422,518788,Primary
4821,2422,508270,Secondary
4822,2423,516211,Primary
4823,2423,515719,Primary
4824,2423,520000,Primary
4825,2424,504524,Secondary
4826,2424,524287,Secondary
4827,2425,517246,Secondary
4828,2425,505404,Primary
4829,2426,506862,Secondary
4830,2427,514141,Secondary
4831,2428,523042,Secondary
4832,2429,519948,Primary
4833,2430,501452,Primary
4834,2430,509547,Primary
4835,2430,520703,Secondary
4836,2431,506715,Primary
4837,2431,517537,Primary
4838,2432,503139,Primary
4839,2433,509867,Secondary
4840,2433,524031,Primary
4841,2433,502583,Primary
4842,2434,517073,Secondary
4843,2435,515886,Secondary
4844,2436,521016,Secondary
4845,2436,507473,Secondary
4846,2437,514180,Secondary
4847,2437,509073,Primary
4848,2438,501388,Secondary
4849,2438,515792,Primary
4850,2438,513139,Secondary
4851,2439,518855,Primary
4852,2439,502623,Secondary
4853,2439,524423,Primary
4854,2440,501284,Primary
4855,2441,515260,Secondary
4856,2441,507893,Primary
4857,2442,513160,Primary
4858,2442,503159,Secondary
4859,2442,511863,Secondary
4860,2443,523919,Primary
4861,2443,516836,Primary
4862,2444,519356,Secondary
4863,2444,511711,Secondary
4864,2444,520366,Primary
4865,2445,511262,Secondary
4866,2445,511131,Primary
4867,2446,510684,Secondary
4868,2446,502569,Primary
4869,2446,509417,Secondary
4870,2447,520132,Secondary
4871,2447,518136,Secondary
4872,2448,503521,Primary
4873,2448,502624,Primary
4874,2449,511106,Primary
4875,2449,503233,Secondary
4876,2450,506709,Secondary
4877,2450,516565,Primary
4878,2450,518602,Primary
4879,2451,523388,Secondary
4880,2451,518379,Secondary
4881,2452,500101,Primary
4882,2453,500861,Primary
4883,2454,503336,Secondary
4884,2454,509525,Secondary
4885,2455,519958,Primary
4886,2455,501623,Secondary
4887,2455,511723,Secondary
4888,2456,521296,Secondary
4889,2456,522061,Secondary
4890,2456,514623,Secondary
4891,2457,517186,Secondary
4892,2457,515526,Primary
4893,2457,522261,Primary
4894,2458,517090,Primary
4895,2459,522764,Secondary
4896,2460,516920,Secondary
4897,2460,519361,Secondary
4898,2460,524440,Primary
4899,2461,507974,Secondary
4900,2462,520603,Secondary
4901,2462,521125,Secondary
4902,2462,504590,Primary
4903,2463,516774,Secondary
4904,2463,516496,Secondary
4905,2464,519278,Secondary
4906,2465,524930,Secondary
4907,2465,522981,Secondary
4908,2466,521339,Secondary
4909,2466,509208,Secondary
4910,2467,500305,Secondary
4911,2468,512199,Secondary
4912,2469,519111,Primary
4913,2470,512293,Secondary
4914,2470,516086,Primary
4915,2471,501756,Primary
4916,2472,502815,Primary
4917,2473,508205,Secondary
4918,2473,517497,Primary
4919,2474,520304,Secondary
4920,2474,505900,Primary
4921,2474,521101,Primary
4922,2475,514935,Primary
4923,2475,521919,Secondary
4924,2475,510702,Primary
4925,2476,514244,Primary
4926,2476,518011,Primary
4927,2477,508393,Secondary
4928,2477,510553,Secondary
4929,2477,512300,Secondary
4930,2478,521454,Secondary
4931,2479,516479,Secondary
4932,2479,513197,Secondary
4933,2480,501920,Secondary
4934,2480,521444,Primary
4935,2480,502658,Primary
4936,2481,508821,Primary
4937,2482,501011,Primary
4938,2482,512639,Primary
4939,2482,522500,Primary
4940,2483,501410,Secondary
4941,2483,512907,Secondary
4942,2484,524609,Primary
4943,2484,513944,Secondary
4944,2485,513149,Primary
4945,2486,523364,Secondary
4946,2486,516143,Secondary
4947,2487,505019,Secondary
4948,2487,515942,Secondary
4949,2487,515190,Primary
4950,2488,523331,Secondary
4951,2488,504773,Secondary
4952,2488,514489,Secondary
4953,2489,518171,Secondary
4954,2489,522138,Primary
4955,2489,501830,Primary
4956,2490,520067,Primary
4957,2491,506589,Secondary
4958,2491,503969,Secondary
4959,2491,516658,Secondary
4960,2492,524206,Secondary
4961,2492,516972,Primary
4962,2493,511236,Primary
4963,2494,518651,Secondary
4964,2495,518361,Secondary
4965,2495,509844,Primary
4966,2496,511149,Primary
4967,2497,508609,Primary
4968,2497,501417,Secondary
4969,2498,501260,Primary
4970,2498,502992,Primary
4971,2499,523280,Primary
4972,2499,517310,Secondary
4973,2500,505242,Primary
4974,2500,503756,Secondary
4975,2501,507720,Secondary
4976,2501,512434,Secondary
4977,2501,515793,Primary
4978,2502,517293,Secondary
4979,2502,518854,Secondary
4980,2502,504072,Secondary
4981,2503,515632,Secondary
4982,2503,519647,Primary
4983,2504,513067,Primary
4984,2504,508191,Secondary
4985,2504,510470,Primary
4986,2505,518078,Primary
4987,2505,524310,Secondary
4988,2506,516809,Secondary
4989,2506,514692,Secondary
4990,2507,523960,Primary
4991,2508,517041,Secondary
4992,2509,506496,Secondary
4993,2509,503959,Secondary
4994,2509,512301,Secondary
4995,2510,514959,Secondary
4996,2511,514007,Primary
4997,2511,516548,Secondary
4998,2512,513747,Secondary
4999,2513,503199,Secondary
5000,2513,509107,Primary
5001,2514,522026,Primary
5002,2514,510085,Primary
5003,2515,508748,Primary
5004,2515,512470,Secondary
5005,2515,516372,Secondary
5006,2516,516360,Primary
5007,2516,523717,Secondary
5008,2517,500784,Primary
5009,2518,518355,Primary
5010,2519,503711,Primary
5011,2519,500642,Primary
5012,2520,503730,Primary
5013,2520,502758,Secondary
5014,2520,520862,Secondary
5015,2521,515267,Secondary
5016,2522,517069,Secondary
5017,2522,506045,Primary
5018,2523,510880,Secondary
5019,2523,506012,Secondary
5020,2523,513907,Secondary
5021,2524,524436,Secondary
5022,2524,506429,Primary
5023,2525,524454,Secondary
5024,2526,523795,Primary
5025,2526,503353,Primary
5026,2526,507719,Primary
5027,2527,508697,Primary
5028,2527,505518,Secondary
5029,2527,518882,Secondary
5030,2528,510798,Secondary
5031,2529,515068,Primary
5032,2530,504553,Secondary
5033,2531,524826,Primary
5034,2531,519783,Primary
5035,2532,509639,Secondary
5036,2532,513262,Primary
5037,2533,510792,Secondary
5038,2533,510992,Secondary
5039,2534,522631,Primary
5040,2534,520821,Primary
5041,2534,517978,Primary
5042,2535,524998,Primary
5043,2536,517608,Primary
5044,2536,508624,Secondary
5045,2537,513584,Secondary
5046,2537,510712,Secondary
5047,2537,511942,Secondary
5048,2538,509556,Secondary
5049,2539,505540,Secondary
5050,2539,517122,Primary
5051,2540,508265,Primary
5052,2540,504711,Secondary
5053,2541,500904,Secondary
5054,2541,523546,Secondary
5055,2542,524020,Secondary
5056,2542,521498,Primary
5057,2543,509903,Secondary
5058,2543,505466,Primary
5059,2543,507720,Secondary
5060,2544,503091,Secondary
5061,2544,515097,Primary
5062,2545,503110,Secondary
5063,2546,515630,Secondary
5064,2547,510877,Secondary
5065,2548,517239,Secondary
5066,2548,515552,Secondary
5067,2549,514027,Secondary
5068,2550,524524,Primary
5069,2550,519662,Primary
5070,2551,511350,Primary
5071,2552,520777,Primary
5072,2552,524325,Primary
5073,2552,513785,Primary
5074,2553,519562,Secondary
5075,2553,505752,Primary
5076,2554,515312,Secondary
5077,2554,505646,Secondary
5078,2555,515069,Secondary
5079,2555,519451,Secondary
5080,2555,508954,Primary
5081,2556,503335,Primary
5082,2556,517115,Primary
5083,2557,509548,Primary
5084,2557,503014,Primary
5085,2558,519165,Primary
5086,2558,510773,Primary
5087,2558,515222,Secondary
5088,2559,513897,Secondary
5089,2559,504080,Primary
5090,2560,506714,Secondary
5091,2561,502269,Secondary
5092,2561,513172,Primary
5093,2561,501553,Primary
5094,2562,502235,Secondary
5095,2563,515987,Secondary
5096,2564,503972,Secondary
5097,2564,508010,Primary
5098,2564,507867,Secondary
5099,2565,510811,Secondary
5100,2566,519433,Secondary
5101,2566,523170,Secondary
5102,2567,511666,Primary
5103,2568,521717,Primary
5104,2569,501898,Primary
5105,2569,507175,Secondary
5106,2569,519348,Secondary
5107,2570,507979,Primary
5108,2571,505047,Primary
5109,2572,521923,Secondary
5110,2573,501017,Secondary
5111,2574,505411,Primary
5112,2574,510599,Primary
5113,2575,500672,Primary
5114,2575,516933,Primary
5115,2575,511386,Primary
5116,2576,517004,Secondary
5117,2577,514277,Primary
5118,2577,519755,Primary
5119,2577,511900,Secondary
5120,2578,518388,Secondary
5121,2578,518720,Secondary
5122,2578,524791,Secondary
5123,2579,522142,Secondary
5124,2580,500231,Secondary
5125,2580,512491,Primary
5126,2581,523830,Secondary
5127,2582,502107,Secondary
5128,2582,500372,Primary
5129,2583,508938,Secondary
5130,2584,516960,Primary
5131,2584,500203,Secondary
5132,2584,513885,Primary
5133,2585,517993,Primary
5134,2586,524252,Secondary
5135,2586,518259,Primary
5136,2586,521289,Secondary
5137,2587,510435,Secondary
5138,2587,502315,Primary
5139,2588,515341,Secondary
5140,2588,513093,Secondary
5141,2588,512761,Secondary
5142,2589,517204,Secondary
5143,2589,524380,Secondary
5144,2589,500922,Secondary
5145,2590,521901,Secondary
5146,2590,512514,Primary
5147,2591,522603,Primary
5148,2591,511295,Secondary
5149,2592,520498,Secondary
5150,2592,505561,Secondary
5151,2593,507781,Primary
5152,2593,513157,Primary
5153,2594,508311,Primary
5154,2595,504020,Primary
5155,2595,505398,Primary
5156,2596,523195,Secondary
5157,2596,509231,Primary
5158,2596,514132,Secondary
5159,2597,515990,Primary
5160,2597,517507,Secondary
5161,2598,521608,Primary
5162,2598,500939,Primary
5163,2598,512819,Secondary
5164,2599,512080,Primary
5165,2599,519366,Secondary
5166,2599,508451,Primary
5167,2600,501683,Secondary
5168,2600,519713,Secondary
5169,2601,524718,Secondary
5170,2601,523017,Secondary
5171,2602,512061,Secondary
5172,2602,509458,Secondary
5173,2602,511531,Secondary
5174,2603,513110,Secondary
5175,2603,506239,Secondary
5176,2604,509268,Secondary
5177,2605,501213,Primary
5178,2606,512146,Primary
5179,2607,513713,Primary
5180,2607,524535,Secondary
5181,2608,523908,Primary
5182,2608,501637,Primary
5183,2608,514760,Secondary
5184,2609,503283,Secondary
5185,2610,522536,Primary
5186,2610,521806,Secondary
5187,2610,517575,Secondary
5188,2611,512411,Secondary
5189,2611,509260,Primary
5190,2611,502076,Secondary
5191,2612,511084,Secondary
5192,2612,511890,Primary
5193,2612,508945,Secondary
5194,2613,507375,Secondary
5195,2614,508274,Primary
5196,2614,508028,Primary
5197,2614,514813,Secondary
5198,2615,521062,Secondary
5199,2615,500634,Secondary
5200,2615,510791,Primary
5201,2616,505965,Primary
5202,2616,516516,Secondary
5203,2616,516946,Primary
5204,2617,500354,Primary
5205,2617,507043,Secondary
5206,2617,508003,Primary
5207,2618,517656,Primary
5208,2619,521617,Secondary
5209,2619,524816,Primary
5210,2620,520518,Secondary
5211,2620,511947,Secondary
5212,2620,519835,Secondary
5213,2621,519176,Secondary
5214,2621,509814,Primary
5215,2621,517363,Primary
5216,2622,524535,Primary
5217,2622,510669,Primary
5218,2623,522538,Primary
5219,2623,516314,Primary
5220,2624,509937,Primary
5221,2624,519539,Secondary
5222,2624,521690,Primary
5223,2625,515775,Primary
5224,2625,501691,Secondary
5225,2625,504715,Secondary
5226,2626,523458,Secondary
5227,2626,507464,Secondary
5228,2626,501415,Primary
5229,2627,517605,Secondary
5230,2627,515128,Primary
5231,2627,516932,Secondary
5232,2628,515523,Primary
5233,2628,500737,Primary
5234,2628,502623,Secondary
5235,2629,510540,Secondary
5236,2629,505742,Primary
5237,2629,514235,Primary
5238,2630,502262,Secondary
5239,2630,516008,Primary
5240,2631,500837,Secondary
5241,2631,514299,Primary
5242,2632,523267,Primary
5243,2632,504096,Primary
5244,2633,517706,Secondary
5245,2634,501018,Secondary
5246,2635,510122,Secondary
5247,2636,500211,Secondary
5248,2636,509037,Secondary
5249,2636,515453,Secondary
5250,2637,517632,Primary
5251,2638,522638,Secondary
5252,2638,501969,Secondary
5253,2638,508468,Primary
5254,2639,505787,Secondary
5255,2639,521496,Primary
5256,2639,524489,Primary
5257,2640,518090,Primary
5258,2641,504771,Primary
5259,2642,505275,Secondary
5260,2643,517430,Secondary
5261,2643,514546,Secondary
5262,2643,516312,Secondary
5263,2644,518887,Secondary
5264,2644,522466,Primary
5265,2645,523923,Primary
5266,2646,521571,Secondary
5267,2647,522556,Primary
5268,2647,512109,Primary
5269,2648,519863,Secondary
5270,2648,524549,Secondary
5271,2648,502211,Primary
5272,2649,503505,Secondary
5273,2649,517794,Primary
5274,2650,506049,Primary
5275,2651,522117,Secondary
5276,2651,510642,Primary
5277,2652,502938,Primary
5278,2652,522769,Primary
5279,2653,505231,Secondary
5280,2654,516079,Secondary
5281,2655,516444,Secondary
5282,2655,507210,Secondary
5283,2655,503352,Primary
5284,2656,504936,Secondary
5285,2656,512691,Primary
5286,2657,520754,Primary
5287,2657,517419,Primary
5288,2657,513163,Secondary
5289,2658,521350,Primary
5290,2659,514167,Primary
5291,2659,506708,Primary
5292,2659,506043,Primary
5293,2660,500427,Primary
5294,2660,504591,Secondary
5295,2661,518335,Primary
5296,2661,520326,Primary
5297,2661,516975,Secondary
5298,2662,520808,Secondary
5299,2662,503907,Primary
5300,2663,501155,Primary
5301,2663,505470,Secondary
5302,2664,503438,Secondary
5303,2665,505919,Secondary
5304,2666,515986,Primary
5305,2666,524824,Secondary
5306,2667,521074,Primary
5307,2667,513042,Primary
5308,2667,511111,Secondary
5309,2668,515346,Primary
5310,2668,507356,Secondary
5311,2668,509951,Primary
5312,2669,520568,Primary
5313,2669,521556,Secondary
5314,2670,512771,Primary
5315,2671,511493,Primary
5316,2671,516833,Primary
5317,2672,502979,Primary
5318,2672,501994,Secondary
5319,2672,512485,Secondary
5320,2673,514953,Secondary
5321,2673,522250,Secondary
5322,2674,506649,Primary
5323,2674,518611,Primary
5324,2675,513067,Primary
5325,2675,508859,Primary
5326,2675,516760,Secondary
5327,2676,520648,Secondary
5328,2676,519388,Primary
5329,2677,500779,Primary
5330,2677,521833,Primary
5331,2678,515759,Secondary
5332,2679,501946,Primary
5333,2679,503489,Secondary
5334,2679,503635,Primary
5335,2680,523084,Secondary
5336,2681,524409,Secondary
5337,2681,505862,Secondary
5338,2681,518102,Primary
5339,2682,516917,Secondary
5340,2683,523681,Secondary
5341,2683,510954,Secondary
5342,2683,515069,Primary
5343,2684,512394,Secondary
5344,2684,500529,Primary
5345,2685,523352,Secondary
5346,2686,520792,Secondary
5347,2687,514276,Secondary
5348,2687,508379,Secondary
5349,2688,517739,Secondary
5350,2689,509041,Secondary
5351,2689,511350,Primary
5352,2689,512846,Secondary
5353,2690,518744,Secondary
5354,2690,504690,Primary
5355,2691,513853,Primary
5356,2691,517440,Primary
5357,2692,518992,Secondary
5358,2692,512421,Secondary
5359,2692,523334,Secondary
5360,2693,508698,Primary
5361,2694,506311,Secondary
5362,2694,517891,Secondary
5363,2695,515162,Primary
5364,2696,505993,Secondary
5365,2697,509299,Primary
5366,2697,517966,Primary
5367,2698,522572,Secondary
5368,2698,521443,Primary
5369,2698,516582,Primary
5370,2699,513021,Secondary
5371,2699,508417,Secondary
5372,2700,521451,Primary
5373,2700,503397,Secondary
5374,2700,522003,Secondary
5375,2701,511057,Primary
5376,2701,512025,Secondary
5377,2701,506081,Primary
5378,2702,515689,Secondary
5379,2702,522322,Secondary
5380,2703,516012,Primary
5381,2703,508394,Secondary
5382,2704,519649,Primary
5383,2705,510136,Primary
5384,2705,511606,Secondary
5385,2705,516193,Primary
5386,2706,515448,Primary
5387,2706,523004,Secondary
5388,2706,500214,Primary
5389,2707,519873,Primary
5390,2708,524782,Secondary
5391,2708,520198,Secondary
5392,2708,509482,Primary
5393,2709,501665,Primary
5394,2710,524061,Primary
5395,2710,506184,Primary
5396,2711,514612,Secondary
5397,2711,522233,Secondary
5398,2711,521103,Secondary
5399,2712,520948,Primary
5400,2712,517757,Secondary
5401,2713,518715,Primary
5402,2714,524360,Secondary
5403,2715,516449,Secondary
5404,2715,500480,Secondary
5405,2716,504384,Secondary
5406,2716,503666,Primary
5407,2717,503371,Primary
5408,2717,509117,Primary
5409,2718,512515,Secondary
5410,2718,523447,Primary
5411,2718,502147,Secondary
5412,2719,522203,Primary
5413,2719,509971,Secondary
5414,2719,516876,Secondary
5415,2720,506784,Secondary
5416,2721,506160,Secondary
5417,2722,513263,Secondary
5418,2722,522040,Primary
5419,2722,511031,Primary
5420,2723,513737,Primary
5421,2724,500071,Primary
5422,2724,508255,Secondary
5423,2724,504336,Primary
5424,2725,510371,Secondary
5425,2725,508687,Primary
5426,2726,518884,Primary
5427,2727,507015,Secondary
5428,2728,517813,Secondary
5429,2729,500460,Secondary
5430,2730,522835,Primary
5431,2730,503454,Primary
5432,2730,515422,Secondary
5433,2731,524760,Secondary
5434,2731,500855,Secondary
5435,2732,508115,Primary
5436,2732,511202,Secondary
5437,2732,524175,Primary
5438,2733,501212,Primary
5439,2734,515480,Primary
5440,2734,508620,Primary
5441,2735,515576,Primary
5442,2736,507437,Primary
5443,2736,520991,Primary
5444,2736,501537,Secondary
5445,2737,517723,Secondary
5446,2738,520046,Secondary
5447,2739,500558,Primary
5448,2740,517591,Primary
5449,2741,507652,Secondary
5450,2741,503527,Secondary
5451,2741,522994,Secondary
5452,2742,508211,Primary
5453,2743,517121,Primary
5454,2744,506034,Primary
5455,2744,523242,Primary
5456,2744,514829,Primary
5457,2745,517241,Primary
5458,2746,510319,Secondary
5459,2746,507754,Secondary
5460,2747,521331,Primary
5461,2747,502567,Secondary
5462,2747,504165,Secondary
5463,2748,506041,Primary
5464,2748,504809,Primary
5465,2748,508851,Primary
5466,2749,523552,Primary
5467,2750,520985,Secondary
5468,2751,521297,Secondary
5469,2751,502416,Primary
5470,2751,511273,Primary
5471,2752,503452,Secondary
5472,2753,503467,Secondary
5473,2754,509119,Primary
5474,2754,504594,Primary
5475,2754,511733,Secondary
5476,2755,512707,Secondary
5477,2756,500373,Secondary
5478,2756,507205,Primary
5479,2757,502606,Secondary
5480,2757,517929,Secondary
5481,2758,517452,Secondary
5482,2758,520530,Secondary
5483,2758,521250,Primary
5484,2759,514553,Secondary
5485,2759,509734,Secondary
5486,2760,510615,Primary
5487,2761,511484,Secondary
5488,2761,500251,Secondary
5489,2761,505194,Primary
5490,2762,513425,Secondary
5491,2763,501137,Secondary
5492,2763,506372,Primary
5493,2764,515591,Primary
5494,2764,524115,Primary
5495,2764,503393,Primary
5496,2765,512663,Secondary
5497,2765,514756,Primary
5498,2765,505568,Secondary
5499,2766,508215,Primary
5500,2766,518935,Primary
5501,2766,511300,Secondary
5502,2767,509500,Primary
5503,2767,504239,Primary
5504,2768,509914,Primary
5505,2768,522177,Secondary
5506,2769,502442,Secondary
5507,2770,501822,Secondary
5508,2770,519735,Primary
5509,2771,509970,Primary
5510,2772,524156,Secondary
5511,2772,524628,Primary
5512,2772,506062,Primary
5513,2773,507938,Secondary
5514,2773,507306,Primary
5515,2773,516761,Secondary
5516,2774,504613,Primary
5517,2774,507908,Secondary
5518,2775,514029,Primary
5519,2776,512499,Primary
5520,2776,511383,Primary
5521,2776,508880,Primary
5522,2777,514500,Primary
5523,2777,501616,Secondary
5524,2778,519976,Secondary
5525,2779,502246,Secondary
5526,2780,502069,Secondary
5527,2780,513768,Secondary
5528,2781,501816,Primary
5529,2782,517558,Secondary
5530,2782,507993,Primary
5531,2783,509674,Secondary
5532,2783,517209,Secondary
5533,2784,522549,Secondary
5534,2784,507326,Primary
5535,2785,500003,Primary
5536,2786,506462,Secondary
5537,2787,502611,Secondary
5538,2787,523378,Secondary
5539,2788,512725,Primary
5540,2788,502871,Secondary
5541,2788,512644,Primary
5542,2789,502371,Secondary
5543,2789,512782,Primary
5544,2789,511366,Secondary
5545,2790,505069,Primary
5546,2790,518578,Primary
5547,2791,507480,Primary
5548,2792,501145,Primary
5549,2793,508568,Secondary
5550,2793,515155,Primary
5551,2794,513512,Primary
5552,2794,506003,Primary
5553,2795,521690,Primary
5554,2796,503858,Primary
5555,2796,514069,Primary
5556,2797,513465,Secondary
5557,2798,511900,Primary
5558,2798,505297,Secondary
5559,2799,516237,Secondary
5560,2799,514606,Secondary
5561,2799,521578,Secondary
5562,2800,501944,Primary
5563,2800,513638,Secondary
5564,2800,502559,Secondary
5565,2801,524426,Secondary
5566,2801,521014,Primary
5567,2802,505562,Primary
5568,2802,522452,Secondary
5569,2803,514081,Primary
5570,2803,509800,Secondary
5571,2803,504653,Primary
5572,2804,501263,Primary
5573,2804,513201,Secondary
5574,2805,512491,Primary
5575,2805,505556,Primary
5576,2805,506636,Primary
5577,2806,506273,Secondary
5578,2806,509656,Primary
5579,2807,504681,Primary
5580,2807,501305,Secondary
5581,2807,511814,Secondary
5582,2808,518243,Primary
5583,2808,516478,Primary
5584,2808,521047,Primary
5585,2809,519866,Primary
5586,2809,505904,Primary
5587,2810,507943,Primary
5588,2810,505489,Primary
5589,2811,509189,Secondary
5590,2811,518334,Secondary
5591,2812,500486,Primary
5592,2812,513232,Secondary
5593,2812,500513,Primary
5594,2813,519063,Primary
5595,2814,506793,Primary
5596,2814,519820,Secondary
5597,2814,511624,Secondary
5598,2815,500887,Secondary
5599,2815,505995,Secondary
5600,2815,522540,Secondary
5601,2816,512159,Secondary
5602,2816,510685,Secondary
5603,2816,523712,Secondary
5604,2817,508302,Secondary
5605,2817,512938,Secondary
5606,2818,501001,Secondary
5607,2819,513887,Secondary
5608,2819,524091,Secondary
5609,2819,502888,Primary
5610,2820,508189,Secondary
5611,2821,520479,Secondary
5612,2821,513058,Secondary
5613,2821,522256,Secondary
5614,2822,512022,Secondary
5615,2823,501491,Primary
5616,2823,507055,Primary
5617,2824,518035,Primary
5618,2824,508347,Secondary
5619,2825,505520,Primary
5620,2825,510767,Secondary
5621,2825,500584,Primary
5622,2826,507068,Secondary
5623,2826,519791,Secondary
5624,2827,507041,Secondary
5625,2827,504509,Primary
5626,2827,502189,Secondary
5627,2828,510282,Primary
5628,2828,501256,Primary
5629,2828,510996,Secondary
5630,2829,515871,Primary
5631,2829,509387,Primary
5632,2830,518505,Secondary
5633,2830,503915,Primary
5634,2831,500430,Primary
5635,2831,508355,Secondary
5636,2831,506271,Primary
5637,2832,523544,Primary
5638,2832,502466,Primary
5639,2833,504841,Secondary
5640,2834,511269,Secondary
5641,2834,503291,Primary
5642,2835,501878,Secondary
5643,2836,503094,Primary
5644,2837,523611,Secondary
5645,2838,504412,Secondary
5646,2838,512044,Primary
5647,2838,504178,Secondary
5648,2839,510781,Primary
5649,2839,524381,Primary
5650,2839,523071,Primary
5651,2840,509419,Secondary
5652,2840,520250,Secondary
5653,2841,517302,Secondary
5654,2842,503750,Primary
5655,2843,514516,Secondary
5656,2843,521815,Primary
5657,2843,507372,Primary
5658,2844,521944,Secondary
5659,2844,507763,Secondary
5660,2845,519821,Secondary
5661,2845,512625,Primary
5662,2846,504936,Secondary
5663,2846,519088,Secondary
5664,2846,519062,Secondary
5665,2847,523156,Primary
5666,2847,518449,Secondary
5667,2847,520133,Primary
5668,2848,515674,Primary
5669,2849,500967,Secondary
5670,2849,508068,Secondary
5671,2849,511535,Primary
5672,2850,523305,Secondary
5673,2851,501462,Primary
5674,2852,520313,Primary
5675,2852,519182,Primary
5676,2852,508649,Secondary
5677,2853,517864,Primary
5678,2854,521125,Secondary
5679,2854,512606,Primary
5680,2855,511436,Secondary
5681,2856,519100,Primary
5682,2856,510810,Secondary
5683,2857,506064,Primary
5684,2858,505297,Primary
5685,2859,520115,Primary
5686,2859,508590,Secondary
5687,2860,512368,Primary
5688,2860,502620,Primary
5689,2861,500590,Primary
5690,2861,520661,Secondary
5691,2862,523195,Primary
5692,2863,523366,Primary
5693,2863,508777,Secondary
5694,2864,503415,Secondary
5695,2864,510150,Primary
5696,2864,503001,Secondary
5697,2865,519272,Primary
5698,2865,500633,Primary
5699,2866,521732,Secondary
5700,2866,515974,Secondary
5701,2866,512485,Primary
5702,2867,515356,Primary
5703,2867,517569,Secondary
5704,2868,506706,Primary
5705,2868,509491,Secondary
5706,2869,520186,Primary
5707,2869,501574,Primary
5708,2870,523965,Secondary
5709,2870,505802,Primary
5710,2871,517047,Secondary
5711,2871,522989,Secondary
5712,2872,514992,Secondary
5713,2873,521735,Secondary
5714,2873,518076,Secondary
5715,2873,523455,Secondary
5716,2874,512594,Secondary
5717,2875,512173,Secondary
5718,2876,509610,Primary
5719,2877,515666,Primary
5720,2878,507622,Secondary
5721,2878,517157,Secondary
5722,2879,506615,Primary
5723,2879,520542,Secondary
5724,2879,519506,Primary
5725,2880,508061,Primary
5726,2880,515882,Secondary
5727,2881,513673,Primary
5728,2881,514512,Secondary
5729,2881,504486,Primary
5730,2882,515530,Primary
5731,2882,521717,Secondary
5732,2883,509675,Secondary
5733,2883,501080,Secondary
5734,2884,521959,Secondary
5735,2884,524717,Secondary
5736,2885,503471,Secondary
5737,2886,509551,Primary
5738,2886,509458,Primary
5739,2887,521844,Primary
5740,2888,512304,Primary
5741,2888,524964,Primary
5742,2888,520230,Primary
5743,2889,515756,Primary
5744,2889,510877,Secondary
5745,2889,520519,Secondary
5746,2890,501653,Secondary
5747,2890,514524,Primary
5748,2891,502717,Secondary
5749,2892,502331,Primary
5750,2892,507181,Primary
5751,2893,514422,Secondary
5752,2893,517154,Secondary
5753,2894,503281,Primary
5754,2894,514918,Secondary
5755,2894,500832,Primary
5756,2895,520620,Secondary
5757,2895,516442,Secondary
5758,2896,515983,Primary
5759,2896,517356,Primary
5760,2897,502284,Primary
5761,2898,501894,Secondary
5762,2898,520496,Primary
5763,2899,508102,Primary
5764,2899,500062,Secondary
5765,2900,518632,Primary
5766,2900,522148,Primary
5767,2901,504051,Secondary
5768,2901,524939,Primary
5769,2902,500684,Secondary
5770,2902,510079,Secondary
5771,2903,501649,Secondary
5772,2903,506095,Secondary
5773,2904,505526,Secondary
5774,2905,502622,Primary
5775,2906,503025,Primary
5776,2906,507103,Primary
5777,2906,508018,Secondary
5778,2907,523020,Primary
5779,2907,504068,Primary
5780,2907,502919,Secondary
5781,2908,509154,Secondary
5782,2908,519308,Secondary
5783,2908,510774,Secondary
5784,2909,513449,Primary
5785,2909,508920,Primary
5786,2909,515782,Secondary
5787,2910,524735,Secondary
5788,2910,511535,Secondary
5789,2910,524870,Primary
5790,2911,505183,Primary
5791,2911,507105,Primary
5792,2912,522255,Secondary
5793,2912,512043,Primary
5794,2912,510185,Secondary
5795,2913,513931,Primary
5796,2913,521949,Primary
5797,2913,508998,Primary
5798,2914,517664,Primary
5799,2914,514315,Primary
5800,2915,510679,Primary
5801,2915,514455,Secondary
5802,2916,505604,Secondary
5803,2916,508139,Secondary
5804,2916,508928,Secondary
5805,2917,524453,Secondary
5806,2917,518833,Secondary
5807,2918,519882,Secondary
5808,2918,509780,Primary
5809,2919,505927,Primary
5810,2920,505581,Primary
5811,2920,517729,Secondary
5812,2920,500851,Primary
5813,2921,510063,Primary
5814,2922,506078,Primary
5815,2922,505102,Primary
5816,2923,524305,Secondary
5817,2924,517155,Primary
5818,2925,500512,Secondary
5819,2926,523033,Primary
5820,2926,503537,Secondary
5821,2927,505105,Secondary
5822,2927,504334,Primary
5823,2928,516079,Primary
5824,2929,503395,Primary
5825,2930,512510,Primary
5826,2931,516315,Primary
5827,2932,505975,Secondary
5828,2932,515061,Primary
5829,2932,507323,Secondary
5830,2933,514287,Secondary
5831,2934,523825,Primary
5832,2934,523267,Secondary
5833,2934,507137,Secondary
5834,2935,516797,Secondary
5835,2935,505764,Secondary
5836,2935,515190,Primary
5837,2936,515708,Primary
5838,2936,522663,Secondary
5839,2936,517685,Primary
5840,2937,524386,Secondary
5841,2937,524408,Primary
5842,2937,514428,Primary
5843,2938,517015,Secondary
5844,2939,512497,Primary
5845,2939,522117,Secondary
5846,2940,515924,Secondary
5847,2940,523229,Secondary
5848,2941,505527,Secondary
5849,2942,507455,Primary
5850,2942,502371,Secondary
5851,2943,516874,Secondary
5852,2943,516937,Secondary
5853,2944,521542,Secondary
5854,2944,509309,Primary
5855,2944,511617,Primary
5856,2945,520467,Primary
5857,2945,502660,Primary
5858,2946,511099,Primary
5859,2947,504147,Secondary
5860,2947,516282,Secondary
5861,2948,505317,Secondary
5862,2949,521440,Primary
5863,2949,503247,Primary
5864,2950,514041,Primary
5865,2950,518875,Primary
5866,2950,502152,Primary
5867,2951,510638,Primary
5868,2951,503367,Secondary
5869,2952,516184,Primary
5870,2953,508935,Primary
5871,2953,505093,Secondary
5872,2954,519390,Primary
5873,2954,504249,Secondary
5874,2954,521868,Secondary
5875,2955,524675,Secondary
5876,2956,518253,Secondary
5877,2957,511105,Secondary
5878,2957,522339,Secondary
5879,2958,524366,Secondary
5880,2958,514900,Secondary
5881,2958,511229,Primary
5882,2959,515446,Primary
5883,2960,516358,Primary
5884,2960,519994,Secondary
5885,2960,510994,Primary
5886,2961,519846,Primary
5887,2961,505681,Secondary
5888,2961,507768,Primary
5889,2962,501818,Secondary
5890,2963,505796,Primary
5891,2963,501005,Secondary
5892,2963,518732,Secondary
5893,2964,516722,Secondary
5894,2965,502401,Primary
5895,2966,507068,Primary
5896,2966,520638,Secondary
5897,2967,509226,Secondary
5898,2968,516045,Primary
5899,2968,523390,Secondary
5900,2969,506069,Primary
5901,2969,523659,Secondary
5902,2970,506939,Secondary
5903,2971,509201,Primary
5904,2971,515360,Secondary
5905,2971,501818,Primary
5906,2972,523440,Secondary
5907,2972,516939,Secondary
5908,2973,502700,Primary
5909,2974,520240,Primary
5910,2975,511920,Primary
5911,2975,513288,Primary
5912,2975,508890,Secondary
5913,2976,520468,Secondary
5914,2976,516508,Primary
5915,2977,507953,Secondary
5916,2978,523021,Secondary
5917,2978,501741,Primary
5918,2978,524182,Secondary
5919,2979,524060,Secondary
5920,2979,503960,Secondary
5921,2979,504843,Primary
5922,2980,507621,Primary
5923,2980,524792,Primary
5924,2981,502425,Primary
5925,2981,507798,Secondary
5926,2982,500429,Secondary
5927,2983,512396,Primary
5928,2983,502807,Secondary
5929,2983,503283,Secondary
5930,2984,509344,Primary
5931,2984,518519,Secondary
5932,2985,503324,Secondary
5933,2986,521422,Secondary
5934,2986,520181,Primary
5935,2986,516620,Secondary
5936,2987,515580,Primary
5937,2987,514281,Primary
5938,2987,507108,Secondary
5939,2988,518591,Primary
5940,2989,503615,Primary
5941,2989,514810,Secondary
5942,2990,502648,Primary
5943,2991,524935,Secondary
5944,2991,523218,Secondary
5945,2992,505610,Primary
5946,2992,521117,Primary
5947,2992,515393,Primary
5948,2993,506222,Secondary
5949,2994,519445,Secondary
5950,2995,512657,Secondary
5951,2996,516484,Secondary
5952,2997,520819,Primary
5953,2997,519393,Secondary
5954,2998,506082,Primary
5955,2998,500640,Secondary
5956,2998,517995,Secondary
5957,2999,511080,Secondary
5958,2999,510303,Secondary
5959,2999,507563,Primary
5960,3000,509138,Secondary
5961,3000,518250,Secondary
5962,3001,509490,Secondary
5963,3002,510444,Primary
5964,3002,505109,Secondary
5965,3003,500097,Secondary
5966,3004,518150,Primary
5967,3004,503847,Secondary
5968,3005,502210,Primary
5969,3005,507076,Primary
5970,3005,523834,Primary
5971,3006,501350,Secondary
5972,3006,503356,Primary
5973,3007,507107,Secondary
5974,3008,500142,Primary
5975,3008,501419,Secondary
5976,3009,509822,Primary
5977,3010,517664,Primary
5978,3011,507267,Primary
5979,3011,504051,Primary
5980,3011,510614,Secondary
5981,3012,510402,Primary
5982,3013,518746,Secondary
5983,3013,511946,Primary
5984,3013,518166,Primary
5985,3014,512109,Secondary
5986,3015,523926,Primary
5987,3015,518652,Primary
5988,3015,502722,Secondary
5989,3016,519143,Primary
5990,3016,511641,Secondary
5991,3017,508391,Primary
5992,3017,506318,Secondary
5993,3018,523496,Primary
5994,3019,512630,Secondary
5995,3019,511000,Secondary
5996,3019,503060,Primary
5997,3020,521638,Primary
5998,3021,509520,Primary
5999,3022,524520,Secondary
6000,3022,512718,Secondary
6001,3022,509801,Secondary
6002,3023,506080,Primary
6003,3023,501460,Secondary
6004,3024,518988,Primary
6005,3025,507932,Primary
6006,3025,523333,Primary
6007,3026,507959,Secondary
6008,3026,506717,Secondary
6009,3027,505838,Primary
6010,3028,509328,Secondary
6011,3028,521602,Primary
6012,3028,514727,Secondary
6013,3029,503409,Primary
6014,3029,509740,Primary
6015,3029,524511,Secondary
6016,3030,502937,Primary
6017,3030,519199,Primary
6018,3030,514673,Primary
6019,3031,523593,Secondary
6020,3031,504178,Secondary
6021,3031,517080,Secondary
6022,3032,518740,Primary
6023,3032,507894,Primary
6024,3032,513012,Secondary
6025,3033,506150,Primary
6026,3033,506248,Primary
6027,3034,524769,Primary
6028,3035,524487,Primary
6029,3036,524468,Secondary
6030,3036,519237,Primary
6031,3037,508060,Secondary
6032,3038,518527,Primary
6033,3038,511686,Primary
6034,3038,513440,Secondary
6035,3039,506489,Primary
6036,3040,507446,Secondary
6037,3040,504226,Secondary
6038,3040,522996,Secondary
6039,3041,512852,Secondary
6040,3041,502910,Secondary
6041,3042,521042,Primary
6042,3042,503932,Primary
6043,3042,517690,Primary
6044,3043,512171,Primary
6045,3043,500896,Secondary
6046,3044,506816,Secondary
6047,3045,512001,Secondary
6048,3046,519401,Primary
6049,3046,514008,Primary
6050,3047,518359,Secondary
6051,3047,511802,Primary
6052,3048,510954,Primary
6053,3048,506501,Primary
6054,3048,515132,Secondary
6055,3049,521383,Secondary
6056,3049,521218,Secondary
6057,3050,524870,Primary
6058,3050,519808,Secondary
6059,3051,506796,Primary
6060,3051,522279,Primary
6061,3051,517307,Primary
6062,3052,524789,Primary
6063,3053,515481,Primary
6064,3054,509855,Primary
6065,3055,510243,Primary
6066,3055,506726,Secondary
6067,3056,500828,Primary
6068,3057,520852,Secondary
6069,3057,508470,Secondary
6070,3057,507614,Primary
6071,3058,506617,Secondary
6072,3059,514170,Primary
6073,3060,509978,Secondary
6074,3060,514862,Secondary
6075,3061,513187,Secondary
6076,3061,513389,Secondary
6077,3061,506211,Primary
6078,3062,500557,Primary
6079,3062,504661,Primary
6080,3063,509965,Primary
6081,3064,500055,Primary
6082,3065,505865,Secondary
6083,3065,505398,Secondary
6084,3065,509286,Secondary
6085,3066,506067,Secondary
6086,3066,519073,Secondary
6087,3066,512572,Secondary
6088,3067,505085,Primary
6089,3067,510360,Primary
6090,3067,514591,Secondary
6091,3068,516316,Primary
6092,3068,514146,Secondary
6093,3068,517373,Primary
6094,3069,513879,Secondary
6095,3069,511249,Primary
6096,3069,520691,Secondary
6097,3070,504810,Primary
6098,3071,501980,Primary
6099,3071,518697,Secondary
6100,3072,523815,Secondary
6101,3072,511272,Primary
6102,3073,516569,Secondary
6103,3073,506132,Secondary
6104,3073,524578,Secondary
6105,3074,519633,Primary
6106,3074,516862,Primary
6107,3075,509799,Secondary
6108,3075,506935,Primary
6109,3076,509536,Secondary
6110,3076,501798,Secondary
6111,3077,506084,Secondary
6112,3078,509501,Primary
6113,3078,509383,Primary
6114,3078,513937,Primary
6115,3079,515662,Secondary
6116,3079,521509,Secondary
6117,3079,510077,Secondary
6118,3080,504570,Secondary
6119,3080,508390,Secondary
6120,3080,522927,Primary
6121,3081,512610,Secondary
6122,3081,523489,Secondary
6123,3082,519272,Secondary
6124,3083,500411,Primary
6125,3084,523921,Secondary
6126,3084,512159,Primary
6127,3085,518427,Secondary
6128,3086,505096,Primary
6129,3086,508508,Primary
6130,3087,519595,Secondary
6131,3088,519869,Secondary
6132,3088,504429,Secondary
6133,3088,512192,Secondary
6134,3089,510013,Secondary
6135,3089,512959,Primary
6136,3089,501555,Primary
6137,3090,506902,Primary
6138,3091,508618,Primary
6139,3091,520744,Secondary
6140,3091,504334,Primary
6141,3092,504044,Primary
6142,3092,515826,Secondary
6143,3093,501267,Primary
6144,3093,515979,Primary
6145,3093,506621,Secondary
6146,3094,518536,Primary
6147,3094,504299,Primary
6148,3094,500559,Secondary
6149,3095,507956,Primary
6150,3095,502687,Secondary
6151,3095,504590,Secondary
6152,3096,517137,Primary
6153,3096,514842,Primary
6154,3096,524549,Secondary
6155,3097,521565,Primary
6156,3097,507017,Secondary
6157,3098,509575,Secondary
6158,3098,508666,Primary
6159,3099,511410,Primary
6160,3099,510456,Secondary
6161,3100,524108,Primary
6162,3100,500503,Secondary
6163,3100,507444,Secondary
6164,3101,508766,Secondary
6165,3101,510313,Primary
6166,3102,518574,Primary
6167,3102,518807,Primary
6168,3103,508070,Primary
6169,3104,516142,Secondary
6170,3104,502164,Primary
6171,3105,510369,Secondary
6172,3105,513967,Secondary
6173,3106,509013,Secondary
6174,3107,524688,Secondary
6175,3107,505933,Primary
6176,3107,505305,Secondary
6177,3108,517898,Primary
6178,3108,524305,Primary
6179,3109,524809,Secondary
6180,3109,506293,Primary
6181,3110,508492,Primary
6182,3111,516163,Primary
6183,3111,513771,Secondary
6184,3111,509189,Secondary
6185,3112,518190,Secondary
6186,3113,511883,Primary
6187,3113,523538,Primary
6188,3114,520182,Primary
6189,3114,507768,Secondary
6190,3115,508795,Secondary
6191,3115,502903,Primary
6192,3116,522738,Primary
6193,3116,503960,Secondary
6194,3117,513692,Primary
6195,3117,514345,Primary
6196,3117,524130,Primary
6197,3118,512114,Primary
6198,3119,513842,Primary
6199,3119,520539,Primary
6200,3119,515675,Primary
6201,3120,522575,Primary
6202,3120,503390,Primary
6203,3120,521798,Primary
6204,3121,516327,Primary
6205,3121,510503,Secondary
6206,3122,515099,Primary
6207,3123,519829,Primary
6208,3124,519840,Secondary
6209,3124,501741,Primary
6210,3124,518482,Secondary
6211,3125,519890,Secondary
6212,3125,502425,Primary
6213,3125,521632,Primary
6214,3126,513725,Primary
6215,3126,505712,Primary
6216,3126,510333,Secondary
6217,3127,520992,Secondary
6218,3127,511401,Primary
6219,3127,509536,Primary
6220,3128,508043,Primary
6221,3129,508554,Secondary
6222,3129,509007,Secondary
6223,3129,504073,Secondary
6224,3130,508402,Primary
6225,3130,500235,Secondary
6226,3131,521352,Primary
6227,3131,523040,Secondary
6228,3131,513023,Secondary
6229,3132,510862,Secondary
6230,3132,505397,Primary
6231,3132,522579,Secondary
6232,3133,516950,Secondary
6233,3134,517266,Secondary
6234,3135,506185,Primary
6235,3135,509097,Secondary
6236,3135,509055,Secondary
6237,3136,518711,Primary
6238,3136,511694,Primary
6239,3137,522727,Secondary
6240,3137,501167,Primary
6241,3138,518554,Secondary
6242,3138,521997,Primary
6243,3138,503238,Primary
6244,3139,511430,Secondary
6245,3140,518155,Primary
6246,3141,516636,Secondary
6247,3141,517791,Secondary
6248,3142,504930,Secondary
6249,3143,514469,Primary
6250,3143,515661,Primary
6251,3144,515000,Primary
6252,3145,513452,Secondary
6253,3145,513894,Secondary
6254,3146,512179,Secondary
6255,3146,524873,Primary
6256,3146,508790,Secondary
6257,3147,507470,Primary
6258,3147,501390,Secondary
6259,3148,502141,Secondary
6260,3148,517956,Primary
6261,3148,519747,Primary
6262,3149,519013,Primary
6263,3150,503790,Primary
6264,3151,517672,Primary
6265,3152,500918,Secondary
6266,3152,505607,Primary
6267,3152,503299,Secondary
6268,3153,514868,Secondary
6269,3153,507699,Primary
6270,3153,508421,Primary
6271,3154,521302,Secondary
6272,3154,514403,Primary
6273,3155,520211,Secondary
6274,3156,523257,Primary
6275,3157,524888,Secondary
6276,3157,520784,Primary
6277,3157,508711,Primary
6278,3158,524449,Secondary
6279,3158,511309,Secondary
6280,3159,522969,Secondary
6281,3159,502317,Primary
6282,3160,520396,Secondary
6283,3160,511832,Primary
6284,3160,523265,Secondary
6285,3161,523776,Primary
6286,3161,506822,Secondary
6287,3162,506733,Primary
6288,3162,519250,Primary
6289,3162,510346,Secondary
6290,3163,501046,Secondary
6291,3163,505522,Secondary
6292,3163,524314,Secondary
6293,3164,508332,Secondary
6294,3165,516094,Secondary
6295,3165,513445,Secondary
6296,3165,520794,Primary
6297,3166,506100,Secondary
6298,3166,506108,Primary
6299,3167,506710,Primary
6300,3168,503549,Secondary
6301,3168,521212,Primary
6302,3168,519354,Primary
6303,3169,520278,Secondary
6304,3169,512964,Primary
6305,3170,506609,Secondary
6306,3171,521026,Primary
6307,3171,502138,Primary
6308,3172,500024,Primary
6309,3172,504045,Primary
6310,3173,520717,Secondary
6311,3174,522263,Secondary
6312,3174,509718,Primary
6313,3174,514173,Secondary
6314,3175,518125,Primary
6315,3175,503176,Primary
6316,3175,511909,Secondary
6317,3176,522401,Secondary
6318,3176,505798,Primary
6319,3176,511861,Primary
6320,3177,524928,Secondary
6321,3177,500823,Primary
6322,3177,522661,Primary
6323,3178,522192,Primary
6324,3178,513114,Secondary
6325,3178,501325,Secondary
6326,3179,510219,Primary
6327,3179,513794,Secondary
6328,3179,511817,Primary
6329,3180,522128,Secondary
6330,3180,521604,Primary
6331,3181,504720,Primary
6332,3181,505248,Primary
6333,3182,510090,Secondary
6334,3183,508475,Secondary
6335,3183,500842,Secondary
6336,3184,509638,Secondary
6337,3184,501050,Secondary
6338,3185,509602,Secondary
6339,3186,523861,Secondary
6340,3187,523497,Secondary
6341,3188,515872,Primary
6342,3188,518816,Primary
6343,3188,524164,Secondary
6344,3189,513353,Secondary
6345,3189,513619,Primary
6346,3190,517396,Secondary
6347,3190,510377,Secondary
6348,3191,500990,Secondary
6349,3192,522415,Primary
6350,3192,519906,Primary
6351,3192,512892,Secondary
6352,3193,512328,Primary
6353,3194,519466,Secondary
6354,3194,511551,Primary
6355,3195,504051,Primary
6356,3196,512480,Secondary
6357,3197,514208,Secondary
6358,3197,516413,Secondary
6359,3197,516115,Primary
6360,3198,519607,Primary
6361,3198,509353,Secondary
6362,3199,518754,Primary
6363,3199,523775,Primary
6364,3200,514324,Secondary
6365,3200,516848,Primary
6366,3200,508391,Secondary
6367,3201,512402,Secondary
6368,3202,503688,Secondary
6369,3202,509771,Secondary
6370,3203,504463,Secondary
6371,3203,506343,Primary
6372,3204,500706,Secondary
6373,3204,520544,Primary
6374,3205,519196,Secondary
6375,3205,521462,Primary
6376,3205,505032,Primary
6377,3206,522085,Primary
6378,3206,503023,Secondary
6379,3207,500619,Primary
6380,3207,513891,Primary
6381,3208,504677,Secondary
6382,3209,507343,Secondary
6383,3209,510908,Primary
6384,3209,524215,Primary
6385,3210,502923,Primary
6386,3210,505350,Secondary
6387,3210,502728,Secondary
6388,3211,520036,Secondary
6389,3211,512207,Secondary
6390,3212,519928,Primary
6391,3212,519065,Secondary
6392,3213,500258,Primary
6393,3213,507771,Secondary
6394,3213,524557,Primary
6395,3214,512211,Primary
6396,3214,504678,Primary
6397,3215,516574,Primary
6398,3216,508421,Secondary
6399,3217,517952,Primary
6400,3217,524348,Secondary
6401,3217,512688,Primary
6402,3218,517413,Secondary
6403,3219,505120,Secondary
6404,3219,501448,Primary
6405,3220,510562,Primary
6406,3220,516018,Primary
6407,3221,521887,Primary
6408,3222,504536,Primary
6409,3223,524086,Primary
6410,3223,507290,Primary
6411,3223,509160,Primary
6412,3224,500278,Primary
6413,3224,513432,Secondary
6414,3224,514802,Primary
6415,3225,519156,Primary
6416,3226,504754,Secondary
6417,3226,514612,Primary
6418,3226,510458,Secondary
6419,3227,503248,Primary
6420,3227,517469,Primary
6421,3227,517561,Primary
6422,3228,515735,Primary
6423,3229,517635,Secondary
6424,3229,515100,Primary
6425,3230,523924,Primary
6426,3230,501878,Secondary
6427,3231,501062,Primary
6428,3231,506545,Primary
6429,3232,510481,Primary
6430,3232,522803,Secondary
6431,3232,506303,Primary
6432,3233,501694,Secondary
6433,3233,515489,Secondary
6434,3234,509732,Primary
6435,3235,511432,Primary
6436,3236,508768,Secondary
6437,3236,516627,Secondary
6438,3236,519699,Secondary
6439,3237,515545,Secondary
6440,3238,508292,Primary
6441,3238,510949,Primary
6442,3239,505680,Primary
6443,3240,524519,Primary
6444,3240,509804,Secondary
6445,3241,505425,Secondary
6446,3241,517232,Primary
6447,3242,518884,Secondary
6448,3242,506322,Secondary
6449,3243,508587,Secondary
6450,3243,508903,Primary
6451,3243,513460,Secondary
6452,3244,522140,Secondary
6453,3244,512877,Secondary
6454,3245,503901,Primary
6455,3245,505020,Primary
6456,3246,512291,Secondary
6457,3247,504336,Secondary
6458,3248,506010,Primary
6459,3248,508743,Secondary
6460,3249,502503,Secondary
6461,3249,522231,Primary
6462,3250,511616,Primary
6463,3250,506303,Secondary
6464,3251,511048,Secondary
6465,3252,507159,Primary
6466,3252,506859,Secondary
6467,3253,511498,Primary
6468,3253,514187,Primary
6469,3253,521703,Primary
6470,3254,502812,Primary
6471,3255,507165,Secondary
6472,3255,509700,Secondary
6473,3256,505993,Primary
6474,3256,520856,Primary
6475,3257,504691,Primary
6476,3257,505416,Primary
6477,3258,517549,Primary
6478,3258,514641,Secondary
6479,3258,513713,Secondary
6480,3259,506601,Primary
6481,3259,519701,Secondary
6482,3259,516805,Secondary
6483,3260,509442,Secondary
6484,3260,501359,Primary
6485,3261,512919,Primary
6486,3262,508442,Primary
6487,3262,514088,Secondary
6488,3262,519057,Secondary
6489,3263,515088,Secondary
6490,3264,505696,Secondary
6491,3265,506730,Secondary
6492,3265,505145,Secondary
6493,3265,524047,Secondary
6494,3266,501709,Secondary
6495,3266,505687,Primary
6496,3266,500560,Primary
6497,3267,512407,Primary
6498,3267,524209,Primary
6499,3267,506623,Secondary
6500,3268,521769,Secondary
6501,3268,513910,Secondary
6502,3268,506116,Primary
6503,3269,522489,Secondary
6504,3270,513020,Primary
6505,3271,517310,Primary
6506,3271,519631,Secondary
6507,3272,512323,Secondary
6508,3272,508150,Primary
6509,3273,505312,Primary
6510,3273,523470,Primary
6511,3273,514307,Secondary
6512,3274,511915,Primary
6513,3274,524834,Primary
6514,3274,501687,Secondary
6515,3275,515630,Primary
6516,3275,510773,Secondary
6517,3276,516095,Secondary
6518,3276,504947,Secondary
6519,3277,521334,Primary
6520,3277,524309,Secondary
6521,3278,511927,Secondary
6522,3278,514425,Primary
6523,3278,518156,Secondary
6524,3279,508346,Primary
6525,3280,513452,Primary
6526,3281,507092,Primary
6527,3281,506326,Primary
6528,3282,507044,Secondary
6529,3283,516437,Secondary
6530,3283,522979,Primary
6531,3283,523229,Secondary
6532,3284,502029,Primary
6533,3284,502665,Secondary
6534,3285,522976,Primary
6535,3285,522493,Primary
6536,3285,521859,Secondary
6537,3286,510738,Primary
6538,3287,511483,Secondary
6539,3288,524317,Primary
6540,3289,504974,Secondary
6541,3289,515620,Primary
6542,3290,506531,Secondary
6543,3290,513156,Secondary
6544,3291,520734,Primary
6545,3292,506735,Secondary
6546,3292,505966,Primary
6547,3292,503643,Secondary
6548,3293,512078,Secondary
6549,3294,505864,Secondary
6550,3294,521993,Primary
6551,3295,500915,Secondary
6552,3296,506960,Secondary
6553,3296,517782,Secondary
6554,3296,501945,Primary
6555,3297,512038,Primary
6556,3297,511934,Primary
6557,3298,511870,Primary
6558,3298,517745,Primary
6559,3299,524547,Secondary
6560,3299,504400,Primary
6561,3299,507476,Primary
6562,3300,503104,Primary
6563,3300,502639,Primary
6564,3301,506754,Secondary
6565,3302,502040,Secondary
6566,3303,512517,Primary
6567,3303,506992,Secondary
6568,3304,523623,Secondary
6569,3304,511055,Primary
6570,3304,520870,Secondary
6571,3305,521883,Primary
6572,3305,522813,Secondary
6573,3306,509127,Secondary
6574,3306,505894,Secondary
6575,3307,511829,Secondary
6576,3307,522074,Primary
6577,3307,522155,Secondary
6578,3308,507694,Secondary
6579,3308,509194,Secondary
6580,3309,505675,Primary
6581,3310,508188,Primary
6582,3311,521288,Primary
6583,3311,513025,Primary
6584,3312,510720,Secondary
6585,3313,521962,Primary
6586,3314,503076,Secondary
6587,3314,521696,Secondary
6588,3314,513608,Secondary
6589,3315,515749,Primary
6590,3315,524734,Secondary
6591,3316,505017,Secondary
6592,3316,524400,Secondary
6593,3317,522446,Secondary
6594,3317,503808,Primary
6595,3318,519774,Secondary
6596,3318,503990,Primary
6597,3318,524040,Primary
6598,3319,503327,Secondary
6599,3319,524767,Secondary
6600,3319,505440,Primary
6601,3320,502278,Secondary
6602,3320,518323,Primary
6603,3320,502867,Primary
6604,3321,509282,Primary
6605,3321,502077,Primary
6606,3322,514829,Secondary
6607,3323,514470,Primary
6608,3324,522589,Secondary
6609,3325,509456,Secondary
6610,3325,518090,Secondary
6611,3325,510171,Primary
6612,3326,509126,Secondary
6613,3327,501639,Primary
6614,3327,521727,Primary
6615,3327,508286,Secondary
6616,3328,506063,Secondary
6617,3328,516980,Secondary
6618,3329,523120,Secondary
6619,3329,504231,Primary
6620,3329,518556,Secondary
6621,3330,520307,Secondary
6622,3330,524014,Secondary
6623,3330,509494,Primary
6624,3331,507852,Primary
6625,3332,519202,Secondary
6626,3332,519769,Secondary
6627,3332,524452,Secondary
6628,3333,513185,Primary
6629,3333,502801,Primary
6630,3334,503250,Secondary
6631,3335,506642,Secondary
6632,3335,512922,Primary
6633,3335,502667,Secondary
6634,3336,500657,Secondary
6635,3337,503561,Primary
6636,3338,504268,Primary
6637,3339,518887,Secondary
6638,3340,500142,Primary
6639,3340,523841,Secondary
6640,3340,523088,Secondary
6641,3341,520484,Primary
6642,3341,519108,Primary
6643,3341,518585,Secondary
6644,3342,503546,Secondary
6645,3342,502208,Secondary
6646,3342,505561,Primary
6647,3343,506890,Secondary
6648,3343,503838,Secondary
6649,3343,508596,Primary
6650,3344,522210,Primary
6651,3345,517019,Secondary
6652,3346,519254,Secondary
6653,3347,510335,Secondary
6654,3347,523931,Secondary
6655,3347,524752,Secondary
6656,3348,512299,Secondary
6657,3348,523164,Primary
6658,3349,522981,Primary
6659,3349,500738,Primary
6660,3349,509021,Primary
6661,3350,502966,Primary
6662,3351,520768,Secondary
6663,3351,522209,Primary
6664,3351,522139,Secondary
6665,3352,515475,Primary
6666,3352,507246,Primary
6667,3352,519612,Primary
6668,3353,517943,Primary
6669,3353,515878,Secondary
6670,3353,504751,Primary
6671,3354,505931,Primary
6672,3354,510301,Secondary
6673,3354,519130,Secondary
6674,3355,520308,Secondary
6675,3355,509263,Secondary
6676,3356,519458,Primary
6677,3356,524328,Primary
6678,3356,524181,Primary
6679,3357,503236,Primary
6680,3358,518457,Primary
6681,3358,519537,Primary
6682,3358,513016,Primary
6683,3359,501907,Primary
6684,3359,516586,Secondary
6685,3360,501743,Primary
6686,3360,511867,Secondary
6687,3360,504212,Primary
6688,3361,505851,Secondary
6689,3361,514902,Primary
6690,3361,510644,Primary
6691,3362,515973,Primary
6692,3362,506719,Primary
6693,3363,500509,Secondary
6694,3364,522904,Primary
6695,3364,520317,Primary
6696,3364,517940,Primary
6697,3365,510430,Primary
6698,3365,515958,Primary
6699,3365,514565,Secondary
6700,3366,501243,Primary
6701,3367,514064,Primary
6702,3368,514030,Primary
6703,3368,524557,Primary
6704,3368,524396,Secondary
6705,3369,512511,Primary
6706,3370,519546,Primary
6707,3371,514038,Primary
6708,3372,503926,Secondary
6709,3372,523947,Primary
6710,3373,514671,Primary
6711,3374,505530,Secondary
6712,3374,507559,Secondary
6713,3374,523217,Secondary
6714,3375,510102,Primary
6715,3375,504122,Secondary
6716,3375,505330,Primary
6717,3376,501219,Primary
6718,3376,512691,Secondary
6719,3376,520659,Primary
6720,3377,518713,Secondary
6721,3377,501202,Primary
6722,3378,524296,Secondary
6723,3378,523706,Primary
6724,3379,523726,Primary
6725,3379,506468,Primary
6726,3379,522902,Secondary
6727,3380,513568,Secondary
6728,3380,511348,Primary
6729,3381,510299,Secondary
6730,3381,508326,Secondary
6731,3381,512592,Secondary
6732,3382,520664,Primary
6733,3382,505761,Primary
6734,3383,523959,Secondary
6735,3384,504276,Secondary
6736,3385,508366,Secondary
6737,3385,519077,Secondary
6738,3386,508591,Primary
6739,3387,517631,Primary
6740,3387,514353,Primary
6741,3387,520019,Secondary
6742,3388,502687,Secondary
6743,3389,507533,Secondary
6744,3390,523884,Primary
6745,3390,523560,Secondary
6746,3391,523785,Secondary
6747,3391,522229,Secondary
6748,3392,511393,Secondary
6749,3393,505484,Primary
6750,3393,517544,Secondary
6751,3393,503713,Primary
6752,3394,513782,Secondary
6753,3395,506478,Primary
6754,3395,509278,Primary
6755,3396,518134,Secondary
6756,3396,500060,Primary
6757,3396,515095,Primary
6758,3397,519393,Primary
6759,3397,501052,Primary
6760,3398,516242,Primary
6761,3398,523594,Primary
6762,3398,503197,Primary
6763,3399,507435,Primary
6764,3399,505753,Secondary
6765,3400,503692,Secondary
6766,3400,505372,Secondary
6767,3400,516817,Secondary
6768,3401,518687,Secondary
6769,3402,509601,Primary
6770,3403,523090,Primary
6771,3403,514714,Primary
6772,3403,514746,Secondary
6773,3404,523142,Primary
6774,3404,503860,Primary
6775,3404,509779,Primary
6776,3405,523820,Secondary
6777,3405,522193,Secondary
6778,3405,500473,Secondary
6779,3406,514694,Secondary
6780,3406,511837,Primary
6781,3406,500575,Secondary
6782,3407,521600,Primary
6783,3408,504061,Secondary
6784,3408,506356,Secondary
6785,3409,512499,Primary
6786,3409,515912,Primary
6787,3410,515595,Primary
6788,3410,513835,Secondary
6789,3411,505402,Primary
6790,3411,500112,Secondary
6791,3412,518537,Secondary
6792,3412,514825,Primary
6793,3412,512259,Primary
6794,3413,510350,Secondary
6795,3413,504589,Secondary
6796,3414,524123,Primary
6797,3414,505034,Secondary
6798,3415,511878,Secondary
6799,3416,509356,Secondary
6800,3416,515459,Primary
6801,3416,502289,Secondary
6802,3417,515814,Primary
6803,3417,513784,Primary
6804,3417,511611,Secondary
6805,3418,503791,Primary
6806,3418,505242,Secondary
6807,3418,513281,Primary
6808,3419,509950,Primary
6809,3419,502220,Primary
6810,3419,513621,Primary
6811,3420,524769,Primary
6812,3421,524174,Primary
6813,3422,507006,Primary
6814,3422,514627,Primary
6815,3423,516164,Primary
6816,3423,500725,Primary
6817,3424,519128,Secondary
6818,3424,509074,Secondary
6819,3424,503781,Primary
6820,3425,518551,Primary
6821,3425,514906,Primary
6822,3425,509079,Primary
6823,3426,514620,Primary
6824,3427,503439,Primary
6825,3427,524828,Secondary
6826,3428,517500,Primary
6827,3428,522997,Primary
6828,3429,502261,Primary
6829,3429,513357,Secondary
6830,3430,516845,Secondary
6831,3430,521705,Primary
6832,3430,503282,Primary
6833,3431,510184,Primary
6834,3431,513231,Secondary
6835,3432,514766,Secondary
6836,3433,500590,Secondary
6837,3433,504121,Secondary
6838,3434,524828,Primary
6839,3435,516768,Secondary
6840,3435,505106,Primary
6841,3436,518752,Primary
6842,3437,518315,Primary
6843,3438,500495,Primary
6844,3438,503470,Primary
6845,3438,512371,Primary
6846,3439,506393,Secondary
6847,3439,509684,Primary
6848,3439,523454,Secondary
6849,3440,502544,Secondary
6850,3440,524267,Secondary
6851,3440,510545,Primary
6852,3441,515705,Secondary
6853,3441,508194,Primary
6854,3442,519787,Primary
6855,3442,504669,Primary
6856,3442,520639,Primary
6857,3443,518722,Secondary
6858,3444,505881,Secondary
6859,3444,505688,Secondary
6860,3444,516782,Primary
6861,3445,523092,Secondary
6862,3445,512286,Primary
6863,3445,503157,Secondary
6864,3446,501920,Primary
6865,3446,505290,Secondary
6866,3446,507156,Secondary
6867,3447,514813,Primary
6868,3448,521533,Primary
6869,3449,508502,Primary
6870,3449,506010,Primary
6871,3450,509822,Primary
6872,3451,515339,Secondary
6873,3452,506594,Secondary
6874,3452,520186,Secondary
6875,3452,512238,Primary
6876,3453,510082,Secondary
6877,3453,521010,Secondary
6878,3453,519049,Primary
6879,3454,510543,Primary
6880,3454,524292,Secondary
6881,3455,511949,Primary
6882,3455,517290,Secondary
6883,3456,507149,Primary
6884,3456,504945,Primary
6885,3457,523108,Primary
6886,3457,510518,Primary
6887,3457,523021,Primary
6888,3458,502834,Primary
6889,3458,519365,Primary
6890,3459,513962,Primary
6891,3459,503318,Secondary
6892,3459,506174,Secondary
6893,3460,517409,Secondary
6894,3460,516292,Primary
6895,3460,506768,Primary
6896,3461,522952,Primary
6897,3462,501549,Secondary
6898,3463,520174,Secondary
6899,3463,515796,Secondary
6900,3464,508808,Primary
6901,3464,516398,Primary
6902,3465,517670,Primary
6903,3465,516515,Primary
6904,3465,518607,Primary
6905,3466,511381,Primary
6906,3466,506120,Secondary
6907,3466,521543,Secondary
6908,3467,521070,Primary
6909,3467,519974,Secondary
6910,3468,523229,Secondary
6911,3468,504961,Primary
6912,3469,506087,Secondary
6913,3469,522392,Primary
6914,3469,516444,Secondary
6915,3470,517568,Secondary
6916,3470,500962,Primary
6917,3471,516351,Primary
6918,3471,503622,Primary
6919,3471,502874,Secondary
6920,3472,524806,Primary
6921,3473,518407,Secondary
6922,3473,515678,Primary
6923,3474,523168,Primary
6924,3474,524769,Secondary
6925,3475,514729,Primary
6926,3476,523456,Secondary
6927,3477,524436,Secondary
6928,3477,505106,Secondary
6929,3477,515887,Primary
6930,3478,516807,Primary
6931,3479,501956,Secondary
6932,3479,513405,Primary
6933,3479,516713,Secondary
6934,3480,506458,Primary
6935,3480,512826,Secondary
6936,3480,514584,Primary
6937,3481,514300,Primary
6938,3482,522500,Secondary
6939,3483,501548,Secondary
6940,3483,507663,Secondary
6941,3484,509324,Primary
6942,3485,520341,Secondary
6943,3485,512488,Secondary
6944,3485,510842,Primary
6945,3486,521778,Primary
6946,3487,519393,Secondary
6947,3487,519744,Secondary
6948,3487,510636,Primary
6949,3488,509140,Primary
6950,3488,513447,Primary
6951,3488,516199,Secondary
6952,3489,522665,Primary
6953,3490,510597,Primary
6954,3490,513931,Secondary
6955,3491,502449,Secondary
6956,3492,510713,Secondary
6957,3492,516806,Primary
6958,3492,504355,Secondary
6959,3493,503089,Secondary
6960,3493,512351,Secondary
6961,3493,515740,Primary
6962,3494,501807,Primary
6963,3495,504109,Secondary
6964,3495,520769,Secondary
6965,3495,510845,Secondary
6966,3496,511814,Primary
6967,3496,524381,Primary
6968,3496,509057,Primary
6969,3497,503690,Primary
6970,3498,502430,Secondary
6971,3499,505602,Primary
6972,3500,521840,Secondary
6973,3500,517066,Secondary
6974,3501,508799,Primary
6975,3501,517639,Primary
6976,3501,510492,Secondary
6977,3502,502232,Secondary
6978,3503,500483,Primary
6979,3504,503206,Secondary
6980,3504,500934,Secondary
6981,3505,516077,Primary
6982,3506,518653,Primary
6983,3506,508225,Secondary
6984,3506,519408,Primary
6985,3507,509916,Secondary
6986,3507,512154,Secondary
6987,3508,523229,Secondary
6988,3509,512336,Primary
6989,3509,507826,Primary
6990,3509,508631,Secondary
6991,3510,503136,Secondary
6992,3511,500282,Primary
6993,3512,520283,Secondary
6994,3513,500780,Primary
6995,3514,503554,Primary
6996,3514,509302,Primary
6997,3514,508321,Primary
6998,3515,509412,Secondary
6999,3515,509950,Primary
7000,3516,513782,Primary
7001,3517,502542,Primary
7002,3517,507116,Primary
7003,3517,502126,Primary
7004,3518,524302,Primary
7005,3518,515354,Primary
7006,3519,524822,Secondary
7007,3519,508616,Primary
7008,3519,522636,Primary
7009,3520,503843,Primary
7010,3520,523658,Secondary
7011,3520,512772,Primary
7012,3521,517689,Primary
7013,3522,521686,Primary
7014,3522,513324,Secondary
7015,3523,505001,Secondary
7016,3524,516799,Primary
7017,3524,520911,Secondary
7018,3524,507544,Secondary
7019,3525,519210,Secondary
7020,3525,520036,Secondary
7021,3525,500905,Primary
7022,3526,520723,Primary
7023,3527,513674,Secondary
7024,3527,520297,Primary
7025,3527,509762,Secondary
7026,3528,517679,Secondary
7027,3529,504914,Secondary
7028,3529,515627,Secondary
7029,3530,514803,Secondary
7030,3530,506812,Secondary
7031,3530,501265,Secondary
7032,3531,500302,Primary
7033,3532,502621,Primary
7034,3533,507876,Primary
7035,3534,520901,Primary
7036,3534,518635,Secondary
7037,3534,509747,Secondary
7038,3535,509426,Primary
7039,3535,519120,Secondary
7040,3535,515634,Primary
7041,3536,500849,Primary
7042,3537,504036,Primary
7043,3537,522042,Primary
7044,3538,504800,Primary
7045,3538,511697,Primary
7046,3539,518316,Primary
7047,3539,514495,Primary
7048,3540,518352,Secondary
7049,3540,505756,Primary
7050,3540,508084,Primary
7051,3541,505720,Primary
7052,3541,503042,Primary
7053,3541,507824,Primary
7054,3542,514615,Secondary
7055,3542,519942,Secondary
7056,3543,522502,Primary
7057,3543,518378,Primary
7058,3544,509588,Secondary
7059,3544,507519,Primary
7060,3544,501721,Primary
7061,3545,519768,Primary
7062,3545,505593,Secondary
7063,3545,511981,Secondary
7064,3546,522796,Primary
7065,3546,513847,Secondary
7066,3546,519141,Primary
7067,3547,518723,Primary
7068,3547,513946,Primary
7069,3547,522112,Secondary
7070,3548,501269,Secondary
7071,3548,512472,Primary
7072,3549,517722,Secondary
7073,3549,520945,Primary
7074,3550,511426,Secondary
7075,3550,522957,Primary
7076,3551,509684,Secondary
7077,3552,518605,Primary
7078,3552,501191,Secondary
7079,3553,522285,Secondary
7080,3554,514575,Primary
7081,3555,518441,Primary
7082,3556,509424,Secondary
7083,3557,519525,Primary
7084,3557,523385,Primary
7085,3557,514173,Primary
7086,3558,512495,Primary
7087,3559,524078,Primary
7088,3559,502617,Secondary
7089,3559,515345,Secondary
7090,3560,509021,Secondary
7091,3561,507833,Primary
7092,3561,515061,Secondary
7093,3561,511358,Secondary
7094,3562,510257,Secondary
7095,3562,519676,Primary
7096,3563,513522,Secondary
7097,3563,509255,Primary
7098,3563,509501,Primary
7099,3564,518781,Primary
7100,3564,511011,Primary
7101,3565,516058,Secondary
7102,3566,517789,Primary
7103,3566,517695,Secondary
7104,3567,520892,Primary
7105,3568,509043,Secondary
7106,3568,517303,Secondary
7107,3569,516835,Primary
7108,3569,509243,Secondary
7109,3570,523596,Primary
7110,3570,509689,Primary
7111,3570,501509,Secondary
7112,3571,521955,Secondary
7113,3571,517420,Primary
7114,3571,507312,Primary
7115,3572,515109,Secondary
7116,3572,517519,Secondary
7117,3572,514898,Secondary
7118,3573,503042,Secondary
7119,3573,509665,Primary
7120,3573,506068,Secondary
7121,3574,505897,Secondary
7122,3574,522072,Secondary
7123,3574,515897,Secondary
7124,3575,507152,Secondary
7125,3575,519424,Secondary
7126,3575,502981,Secondary
7127,3576,517392,Primary
7128,3577,503881,Primary
7129,3577,502046,Secondary
7130,3578,509253,Secondary
7131,3579,510848,Primary
7132,3579,502513,Secondary
7133,3580,519314,Primary
7134,3580,502741,Secondary
7135,3581,509530,Primary
7136,3581,517752,Primary
7137,3581,524365,Primary
7138,3582,510970,Secondary
7139,3583,507976,Primary
7140,3584,518120,Primary
7141,3584,507427,Secondary
7142,3585,513257,Primary
7143,3585,522635,Primary
7144,3585,506010,Primary
7145,3586,511219,Secondary
7146,3587,519118,Primary
7147,3587,519748,Secondary
7148,3588,513350,Secondary
7149,3588,521913,Secondary
7150,3589,517180,Secondary
7151,3589,521466,Primary
7152,3589,509026,Secondary
7153,3590,522295,Primary
7154,3590,521066,Primary
7155,3591,503944,Primary
7156,3591,510764,Primary
7157,3591,501296,Secondary
7158,3592,514579,Secondary
7159,3592,509922,Secondary
7160,3593,502029,Primary
7161,3594,514741,Secondary
7162,3594,502743,Secondary
7163,3595,516477,Primary
7164,3596,502394,Secondary
7165,3596,519266,Primary
7166,3596,505934,Primary
7167,3597,502152,Primary
7168,3598,507181,Primary
7169,3598,504872,Primary
7170,3598,514202,Primary
7171,3599,518178,Secondary
7172,3599,524830,Primary
7173,3600,516361,Primary
7174,3601,522573,Secondary
7175,3601,519622,Secondary
7176,3601,518010,Primary
7177,3602,517970,Secondary
7178,3603,524064,Primary
7179,3604,522271,Secondary
7180,3604,510560,Secondary
7181,3605,517970,Primary
7182,3605,524793,Secondary
7183,3606,519972,Secondary
7184,3607,515300,Primary
7185,3607,515639,Secondary
7186,3608,507088,Primary
7187,3608,522687,Primary
7188,3608,513392,Primary
7189,3609,500723,Primary
7190,3610,504740,Primary
7191,3611,523413,Secondary
7192,3611,521833,Primary
7193,3611,502711,Primary
7194,3612,500102,Secondary
7195,3613,516046,Primary
7196,3613,503354,Primary
7197,3613,502956,Primary
7198,3614,509772,Primary
7199,3614,522226,Primary
7200,3614,513407,Primary
7201,3615,500328,Secondary
7202,3616,507789,Primary
7203,3616,522924,Secondary
7204,3616,503129,Secondary
7205,3617,507490,Secondary
7206,3617,519825,Primary
7207,3618,507980,Secondary
7208,3618,513396,Primary
7209,3619,513649,Primary
7210,3620,512945,Primary
7211,3620,522803,Secondary
7212,3620,509279,Primary
7213,3621,518749,Primary
7214,3621,508744,Secondary
7215,3621,502071,Secondary
7216,3622,502526,Secondary
7217,3622,506518,Secondary
7218,3623,513175,Primary
7219,3624,519279,Primary
7220,3624,501687,Primary
7221,3625,510532,Primary
7222,3625,508248,Secondary
7223,3625,510384,Primary
7224,3626,501532,Secondary
7225,3626,522512,Primary
7226,3627,509582,Primary
7227,3627,514825,Secondary
7228,3627,521841,Primary
7229,3628,508441,Secondary
7230,3629,509090,Primary
7231,3629,507625,Secondary
7232,3629,512048,Secondary
7233,3630,504589,Primary
7234,3630,516862,Secondary
7235,3631,513430,Secondary
7236,3631,515518,Primary
7237,3632,511722,Secondary
7238,3633,506640,Secondary
7239,3634,507972,Primary
7240,3635,503481,Primary
7241,3636,508052,Secondary
7242,3637,507774,Primary
7243,3637,523576,Primary
7244,3637,508584,Primary
7245,3638,513829,Primary
7246,3638,510776,Secondary
7247,3638,524813,Primary
7248,3639,501069,Secondary
7249,3639,517288,Secondary
7250,3640,504059,Primary
7251,3640,517173,Primary
7252,3641,512635,Secondary
7253,3642,523382,Secondary
7254,3642,521341,Primary
7255,3642,514459,Secondary
7256,3643,516661,Primary
7257,3643,514550,Primary
7258,3643,501105,Secondary
7259,3644,512229,Primary
7260,3644,501494,Primary
7261,3644,500510,Primary
7262,3645,500914,Primary
7263,3645,508198,Secondary
7264,3646,513930,Primary
7265,3646,505297,Secondary
7266,3647,514870,Secondary
7267,3647,510739,Secondary
7268,3648,514361,Secondary
7269,3648,514881,Primary
7270,3648,519803,Secondary
7271,3649,506222,Primary
7272,3649,502851,Secondary
7273,3650,507133,Secondary
7274,3651,518233,Primary
7275,3651,500769,Secondary
7276,3651,513922,Primary
7277,3652,524164,Secondary
7278,3652,513210,Primary
7279,3653,521747,Primary
7280,3653,502753,Primary
7281,3653,518190,Secondary
7282,3654,505220,Secondary
7283,3654,513956,Secondary
7284,3655,505530,Secondary
7285,3656,509353,Primary
7286,3657,514046,Primary
7287,3657,520835,Secondary
7288,3657,502404,Primary
7289,3658,521724,Primary
7290,3658,506744,Primary
7291,3658,508119,Primary
7292,3659,502085,Primary
7293,3659,500925,Primary
7294,3660,501699,Primary
7295,3660,505711,Primary
7296,3660,500538,Secondary
7297,3661,512724,Primary
7298,3661,501916,Secondary
7299,3661,520229,Primary
7300,3662,508601,Primary
7301,3663,504489,Primary
7302,3663,500578,Secondary
7303,3664,509339,Secondary
7304,3665,511046,Primary
7305,3666,519957,Primary
7306,3666,504097,Secondary
7307,3666,513771,Secondary
7308,3667,522551,Primary
7309,3667,518530,Primary
7310,3667,520791,Primary
7311,3668,516123,Primary
7312,3668,505519,Secondary
7313,3668,522657,Primary
7314,3669,506011,Primary
7315,3669,500065,Secondary
7316,3669,515349,Primary
7317,3670,524566,Secondary
7318,3671,510973,Secondary
7319,3671,515630,Secondary
7320,3672,518045,Secondary
7321,3672,515728,Primary
7322,3673,505417,Primary
7323,3674,502337,Primary
7324,3675,521074,Secondary
7325,3675,523219,Primary
7326,3675,519469,Primary
7327,3676,521535,Primary
7328,3677,523086,Primary
7329,3678,504334,Secondary
7330,3679,521507,Primary
7331,3679,508751,Secondary
7332,3679,510248,Primary
7333,3680,515064,Primary
7334,3680,509542,Primary
7335,3680,509341,Primary
7336,3681,521555,Primary
7337,3681,501581,Secondary
7338,3681,504833,Secondary
7339,3682,517285,Primary
7340,3682,506083,Primary
7341,3682,521920,Secondary
7342,3683,522110,Secondary
7343,3683,511774,Secondary
7344,3684,517856,Primary
7345,3685,521074,Secondary
7346,3686,507578,Secondary
7347,3686,519801,Primary
7348,3686,508689,Secondary
7349,3687,506165,Secondary
7350,3687,516637,Primary
7351,3688,507505,Secondary
7352,3688,520918,Secondary
7353,3688,515987,Primary
7354,3689,513760,Secondary
7355,3690,512466,Primary
7356,3691,517204,Secondary
7357,3691,523488,Primary
7358,3691,519053,Secondary
7359,3692,514932,Primary
7360,3692,516129,Secondary
7361,3693,517024,Secondary
7362,3693,507786,Primary
7363,3693,520718,Secondary
7364,3694,515515,Primary
7365,3694,524111,Primary
7366,3694,518805,Secondary
7367,3695,522352,Secondary
7368,3695,517255,Primary
7369,3696,508488,Secondary
7370,3696,500842,Primary
7371,3696,510557,Secondary
7372,3697,521421,Secondary
7373,3697,509414,Primary
7374,3697,519371,Primary
7375,3698,505297,Primary
7376,3699,521143,Primary
7377,3699,507654,Primary
7378,3699,517448,Primary
7379,3700,511324,Secondary
7380,3701,501727,Secondary
7381,3702,503358,Secondary
7382,3702,516372,Primary
7383,3702,515787,Secondary
7384,3703,519400,Primary
7385,3703,502413,Primary
7386,3704,522508,Secondary
7387,3704,514556,Primary
7388,3704,521311,Primary
7389,3705,514429,Primary
7390,3705,509042,Primary
7391,3706,522376,Primary
7392,3706,500018,Primary
7393,3707,507639,Primary
7394,3707,521173,Secondary
7395,3707,500813,Primary
7396,3708,508536,Secondary
7397,3708,512577,Primary
7398,3708,508480,Primary
7399,3709,520137,Primary
7400,3709,515082,Secondary
7401,3710,509422,Primary
7402,3710,522265,Secondary
7403,3711,519001,Primary
7404,3711,509127,Secondary
7405,3712,502560,Primary
7406,3713,510077,Primary
7407,3714,511415,Primary
7408,3714,502351,Primary
7409,3715,512155,Secondary
7410,3715,508954,Secondary
7411,3715,515612,Secondary
7412,3716,515412,Secondary
7413,3716,503566,Secondary
7414,3716,513170,Secondary
7415,3717,511239,Primary
7416,3717,507436,Primary
7417,3717,511095,Secondary
7418,3718,520891,Primary
7419,3718,520896,Secondary
7420,3718,509079,Primary
7421,3719,504554,Secondary
7422,3720,517000,Secondary
7423,3721,524037,Primary
7424,3721,501555,Secondary
7425,3722,506166,Primary
7426,3722,522717,Primary
7427,3722,502372,Primary
7428,3723,510314,Primary
7429,3723,514839,Primary
7430,3724,508823,Primary
7431,3724,504505,Secondary
7432,3724,501082,Secondary
7433,3725,504012,Primary
7434,3725,509101,Primary
7435,3725,524936,Primary
7436,3726,509085,Primary
7437,3726,510897,Primary
7438,3726,523312,Primary
7439,3727,523634,Primary
7440,3728,521487,Secondary
7441,3728,504097,Primary
7442,3729,504957,Secondary
7443,3729,513198,Primary
7444,3730,504675,Primary
7445,3731,501494,Secondary
7446,3731,501312,Secondary
7447,3731,515072,Secondary
7448,3732,518211,Primary
7449,3732,520397,Secondary
7450,3733,502625,Secondary
7451,3734,505953,Secondary
7452,3735,521041,Secondary
7453,3736,508276,Primary
7454,3736,501284,Primary
7455,3737,518275,Secondary
7456,3737,512373,Secondary
7457,3738,515225,Primary
7458,3738,516353,Primary
7459,3738,500889,Primary
7460,3739,520634,Secondary
7461,3739,522857,Secondary
7462,3740,523713,Secondary
7463,3740,503894,Primary
7464,3740,500193,Secondary
7465,3741,503560,Primary
7466,3741,501500,Primary
7467,3741,523720,Secondary
7468,3742,507060,Secondary
7469,3742,523447,Secondary
7470,3742,513264,Secondary
7471,3743,522099,Secondary
7472,3743,521498,Secondary
7473,3744,514514,Primary
7474,3744,510646,Secondary
7475,3744,508719,Primary
7476,3745,523098,Primary
7477,3746,506395,Secondary
7478,3746,514747,Secondary
7479,3746,524475,Secondary
7480,3747,508173,Secondary
7481,3747,516984,Primary
7482,3747,504897,Secondary
7483,3748,501217,Secondary
7484,3749,514154,Secondary
7485,3749,502102,Secondary
7486,3750,510202,Primary
7487,3750,511195,Secondary
7488,3751,522810,Secondary
7489,3751,520682,Primary
7490,3752,504651,Primary
7491,3753,512543,Secondary
7492,3754,518131,Primary
7493,3755,511561,Secondary
7494,3756,500059,Secondary
7495,3756,522738,Secondary
7496,3757,500690,Secondary
7497,3757,508875,Secondary
7498,3758,501529,Secondary
7499,3759,502654,Primary
7500,3760,500766,Primary
7501,3760,509197,Primary
7502,3760,512518,Primary
7503,3761,512247,Secondary
7504,3761,502581,Primary
7505,3762,513441,Secondary
7506,3762,504565,Primary
7507,3763,517565,Primary
7508,3763,512932,Secondary
7509,3764,513809,Secondary
7510,3764,510329,Secondary
7511,3764,504218,Primary
7512,3765,502690,Secondary
7513,3766,516690,Secondary
7514,3767,521898,Primary
7515,3767,515356,Primary
7516,3768,500220,Primary
7517,3769,502430,Primary
7518,3770,505213,Secondary
7519,3770,508583,Secondary
7520,3771,505112,Primary
7521,3771,521603,Primary
7522,3771,508500,Primary
7523,3772,500813,Primary
7524,3773,507287,Primary
7525,3773,518512,Secondary
7526,3774,516924,Primary
7527,3774,520570,Secondary
7528,3774,505309,Primary
7529,3775,521468,Primary
7530,3775,519748,Primary
7531,3776,508838,Primary
7532,3776,501740,Primary
7533,3777,523004,Primary
7534,3778,502281,Secondary
7535,3779,503779,Secondary
7536,3779,516283,Primary
7537,3779,501594,Secondary
7538,3780,520675,Secondary
7539,3781,508117,Primary
7540,3781,522423,Primary
7541,3781,517182,Primary
7542,3782,510077,Primary
7543,3783,513837,Primary
7544,3784,501209,Secondary
7545,3784,500523,Secondary
7546,3785,511841,Primary
7547,3786,510609,Secondary
7548,3787,517783,Primary
7549,3788,520115,Primary
7550,3788,518831,Secondary
7551,3789,522305,Primary
7552,3790,517173,Secondary
7553,3790,518185,Secondary
7554,3790,523408,Primary
7555,3791,520142,Secondary
7556,3792,514719,Primary
7557,3793,512791,Primary
7558,3793,508272,Secondary
7559,3793,501873,Secondary
7560,3794,516934,Primary
7561,3794,518365,Secondary
7562,3794,513367,Secondary
7563,3795,510355,Primary
7564,3796,512195,Primary
7565,3796,500594,Secondary
7566,3796,502477,Primary
7567,3797,524889,Primary
7568,3797,508609,Primary
7569,3797,521976,Secondary
7570,3798,511259,Secondary
7571,3798,501868,Primary
7572,3798,523432,Secondary
7573,3799,506617,Secondary
7574,3799,501198,Primary
7575,3799,522618,Primary
7576,3800,524481,Secondary
7577,3800,512431,Secondary
7578,3801,518549,Primary
7579,3801,523065,Primary
7580,3802,515289,Secondary
7581,3803,516156,Primary
7582,3803,512123,Secondary
7583,3804,502369,Secondary
7584,3804,518255,Secondary
7585,3805,524550,Secondary
7586,3805,517059,Primary
7587,3805,507601,Primary
7588,3806,505057,Secondary
7589,3806,515391,Primary
7590,3806,520971,Primary
7591,3807,500936,Primary
7592,3807,520074,Secondary
7593,3807,507977,Secondary
7594,3808,501357,Primary
7595,3809,508174,Primary
7596,3810,510774,Primary
7597,3810,503586,Primary
7598,3810,502922,Primary
7599,3811,500064,Primary
7600,3811,506875,Secondary
7601,3812,516623,Secondary
7602,3812,510285,Secondary
7603,3813,501774,Primary
7604,3813,523372,Primary
7605,3813,523570,Secondary
7606,3814,505550,Primary
7607,3815,519018,Secondary
7608,3815,515202,Primary
7609,3815,518258,Secondary
7610,3816,512563,Primary
7611,3817,509261,Primary
7612,3817,514202,Secondary
7613,3818,503185,Secondary
7614,3818,514334,Secondary
7615,3819,513233,Secondary
7616,3819,514759,Secondary
7617,3819,511466,Primary
7618,3820,516388,Primary
7619,3820,514807,Secondary
7620,3821,501431,Primary
7621,3822,507881,Secondary
7622,3822,501894,Primary
7623,3823,517131,Secondary
7624,3823,519342,Primary
7625,3824,506594,Secondary
7626,3825,516960,Primary
7627,3825,510862,Secondary
7628,3825,520763,Secondary
7629,3826,508360,Secondary
7630,3827,516653,Secondary
7631,3828,510472,Secondary
7632,3829,524524,Secondary
7633,3829,508606,Secondary
7634,3829,519899,Secondary
7635,3830,506115,Secondary
7636,3830,518739,Secondary
7637,3831,519977,Secondary
7638,3832,515407,Primary
7639,3832,518949,Secondary
7640,3832,514873,Secondary
7641,3833,521014,Secondary
7642,3833,509275,Secondary
7643,3834,519682,Primary
7644,3835,507787,Primary
7645,3835,507229,Primary
7646,3835,500818,Primary
7647,3836,503952,Primary
7648,3836,509282,Primary
7649,3836,504115,Primary
7650,3837,500489,Secondary
7651,3837,522135,Secondary
7652,3838,510542,Secondary
7653,3839,516798,Secondary
7654,3840,501340,Primary
7655,3840,510160,Secondary
7656,3840,521605,Primary
7657,3841,513081,Primary
7658,3841,502876,Secondary
7659,3842,510344,Secondary
7660,3843,509286,Primary
7661,3844,510381,Primary
7662,3844,511593,Secondary
7663,3845,500785,Primary
7664,3846,523711,Secondary
7665,3846,505026,Primary
7666,3846,523541,Primary
7667,3847,503823,Secondary
7668,3847,522943,Primary
7669,3848,516692,Primary
7670,3848,522186,Primary
7671,3848,508501,Primary
7672,3849,510218,Secondary
7673,3849,516008,Secondary
7674,3849,509380,Secondary
7675,3850,515949,Secondary
7676,3850,507067,Secondary
7677,3851,502559,Primary
7678,3852,520790,Primary
7679,3853,520080,Primary
7680,3853,524325,Primary
7681,3853,515969,Primary
7682,3854,510255,Secondary
7683,3855,507848,Secondary
7684,3856,500626,Primary
7685,3857,514033,Primary
7686,3857,512950,Secondary
7687,3858,524889,Primary
7688,3858,502239,Primary
7689,3859,508290,Secondary
7690,3859,511548,Primary
7691,3859,517181,Secondary
7692,3860,505167,Secondary
7693,3860,520450,Secondary
7694,3861,515952,Primary
7695,3861,520326,Primary
7696,3861,510330,Primary
7697,3862,524586,Primary
7698,3862,524033,Secondary
7699,3863,521947,Primary
7700,3864,501450,Primary
7701,3864,504802,Primary
7702,3865,506188,Secondary
7703,3865,506785,Primary
7704,3866,524626,Secondary
7705,3867,522230,Secondary
7706,3867,510046,Secondary
7707,3868,505360,Primary
7708,3868,520205,Primary
7709,3868,508070,Primary
7710,3869,518614,Secondary
7711,3869,518437,Secondary
7712,3870,500430,Primary
7713,3870,509832,Primary
7714,3871,504862,Primary
7715,3871,506028,Primary
7716,3872,520324,Secondary
7717,3872,517638,Secondary
7718,3872,501411,Secondary
7719,3873,524792,Secondary
7720,3873,523558,Secondary
7721,3873,508548,Primary
7722,3874,515243,Primary
7723,3874,505390,Primary
7724,3875,500786,Secondary
7725,3876,518722,Secondary
7726,3876,524795,Primary
7727,3876,501578,Primary
7728,3877,501079,Secondary
7729,3877,515270,Primary
7730,3877,524257,Secondary
7731,3878,502911,Secondary
7732,3878,510974,Primary
7733,3878,524579,Primary
7734,3879,500701,Primary
7735,3879,519286,Secondary
7736,3880,524442,Primary
7737,3881,515036,Secondary
7738,3881,510558,Secondary
7739,3881,504842,Primary
7740,3882,507211,Secondary
7741,3883,523214,Primary
7742,3883,510046,Secondary
7743,3884,513001,Primary
7744,3885,503017,Primary
7745,3885,500980,Secondary
7746,3885,509872,Primary
7747,3886,517655,Secondary
7748,3886,522744,Secondary
7749,3886,501858,Primary
7750,3887,522270,Secondary
7751,3888,500807,Secondary
7752,3888,524085,Secondary
7753,3889,523447,Primary
7754,3889,520197,Primary
7755,3889,516488,Secondary
7756,3890,514875,Primary
7757,3890,516376,Primary
7758,3891,524208,Primary
7759,3891,511203,Secondary
7760,3891,511729,Primary
7761,3892,508212,Secondary
7762,3892,519412,Secondary
7763,3892,502662,Primary
7764,3893,514252,Secondary
7765,3893,505569,Secondary
7766,3894,501538,Secondary
7767,3895,515323,Primary
7768,3895,504764,Secondary
7769,3896,500822,Secondary
7770,3897,506666,Secondary
7771,3897,506315,Secondary
7772,3898,524532,Secondary
7773,3898,517416,Secondary
7774,3899,502149,Primary
7775,3900,523631,Secondary
7776,3900,523843,Secondary
7777,3901,521308,Secondary
7778,3901,524537,Primary
7779,3901,510348,Secondary
7780,3902,520659,Secondary
7781,3903,506905,Secondary
7782,3904,517913,Secondary
7783,3904,518180,Primary
7784,3904,501793,Primary
7785,3905,514642,Secondary
7786,3905,519729,Primary
7787,3906,515042,Secondary
7788,3906,516436,Secondary
7789,3907,509973,Secondary
7790,3907,512626,Primary
7791,3907,511764,Primary
7792,3908,511155,Secondary
7793,3909,505267,Primary
7794,3909,523126,Primary
7795,3910,509276,Primary
7796,3910,511149,Primary
7797,3911,511829,Secondary
7798,3911,517840,Secondary
7799,3911,502628,Primary
7800,3912,511008,Primary
7801,3912,524172,Primary
7802,3913,515995,Primary
7803,3913,510819,Secondary
7804,3914,507834,Primary
7805,3915,524004,Primary
7806,3915,518074,Secondary
7807,3915,505015,Secondary
7808,3916,517765,Primary
7809,3916,502949,Primary
7810,3916,505253,Secondary
7811,3917,523453,Primary
7812,3918,516959,Secondary
7813,3918,521588,Primary
7814,3918,517064,Primary
7815,3919,516922,Secondary
7816,3919,505918,Secondary
7817,3919,520797,Primary
7818,3920,502161,Secondary
7819,3920,523514,Primary
7820,3921,511626,Secondary
7821,3922,522941,Primary
7822,3923,511600,Secondary
7823,3924,502830,Primary
7824,3924,516960,Secondary
7825,3924,513138,Primary
7826,3925,524448,Secondary
7827,3925,512835,Primary
7828,3925,503154,Primary
7829,3926,515733,Secondary
7830,3926,507929,Primary
7831,3927,502990,Secondary
7832,3928,500289,Secondary
7833,3928,517179,Secondary
7834,3928,514114,Primary
7835,3929,517762,Secondary
7836,3929,518390,Primary
7837,3930,523832,Secondary
7838,3930,510411,Primary
7839,3930,518315,Primary
7840,3931,518890,Primary
7841,3931,517696,Secondary
7842,3931,523656,Secondary
7843,3932,520255,Primary
7844,3932,506316,Secondary
7845,3932,505069,Secondary
7846,3933,510213,Secondary
7847,3933,511680,Primary
7848,3934,500829,Primary
7849,3934,508722,Primary
7850,3934,524425,Primary
7851,3935,518266,Primary
7852,3936,505797,Secondary
7853,3936,504114,Primary
7854,3936,503533,Secondary
7855,3937,515894,Primary
7856,3937,514692,Secondary
7857,3938,501333,Secondary
7858,3939,519224,Secondary
7859,3939,510183,Primary
7860,3940,515942,Secondary
7861,3941,521242,Primary
7862,3942,523639,Secondary
7863,3942,509864,Primary
7864,3943,516795,Secondary
7865,3943,502332,Secondary
7866,3944,512342,Primary
7867,3945,522512,Primary
7868,3945,504322,Primary
7869,3946,521013,Secondary
7870,3947,514246,Secondary
7871,3947,510434,Secondary
7872,3947,522054,Primary
7873,3948,511692,Primary
7874,3948,520893,Primary
7875,3949,520495,Secondary
7876,3949,504558,Secondary
7877,3949,511486,Primary
7878,3950,516695,Secondary
7879,3951,518614,Primary
7880,3952,516323,Secondary
7881,3952,514695,Primary
7882,3953,503176,Primary
7883,3953,519320,Primary
7884,3954,510690,Primary
7885,3955,514326,Secondary
7886,3955,523405,Secondary
7887,3955,521946,Primary
7888,3956,507770,Primary
7889,3956,506061,Primary
7890,3956,501241,Primary
7891,3957,513663,Secondary
7892,3958,500621,Primary
7893,3959,518486,Secondary
7894,3960,515425,Secondary
7895,3960,507601,Secondary
7896,3961,521063,Secondary
7897,3961,508208,Secondary
7898,3962,523101,Primary
7899,3962,513945,Primary
7900,3962,502099,Primary
7901,3963,520300,Secondary
7902,3963,505607,Primary
7903,3963,524861,Secondary
7904,3964,517196,Secondary
7905,3964,513024,Secondary
7906,3964,511757,Primary
7907,3965,512435,Primary
7908,3965,505324,Primary
7909,3965,518913,Secondary
7910,3966,500170,Secondary
7911,3967,514644,Primary
7912,3967,500394,Secondary
7913,3967,509701,Primary
7914,3968,520422,Secondary
7915,3968,524209,Secondary
7916,3969,510663,Primary
7917,3969,512518,Primary
7918,3969,524566,Primary
7919,3970,503684,Secondary
7920,3970,524117,Secondary
7921,3971,524342,Secondary
7922,3971,513783,Primary
7923,3972,504279,Secondary
7924,3972,513342,Primary
7925,3972,524528,Primary
7926,3973,516797,Primary
7927,3973,508120,Primary
7928,3974,520075,Primary
7929,3974,523712,Secondary
7930,3975,514996,Primary
7931,3976,504373,Secondary
7932,3976,502313,Primary
7933,3977,521020,Secondary
7934,3977,506806,Primary
7935,3977,514360,Primary
7936,3978,508630,Secondary
7937,3978,518246,Secondary
7938,3979,520670,Secondary
7939,3979,520273,Secondary
7940,3980,509223,Primary
7941,3980,504703,Secondary
7942,3980,502400,Primary
7943,3981,508279,Secondary
7944,3982,516688,Secondary
7945,3983,521489,Secondary
7946,3983,502804,Primary
7947,3984,521542,Secondary
7948,3984,508393,Primary
7949,3984,513725,Primary
7950,3985,511868,Primary
7951,3985,503048,Secondary
7952,3986,519198,Primary
7953,3986,506909,Primary
7954,3987,521099,Secondary
7955,3987,506832,Secondary
7956,3987,511223,Primary
7957,3988,514307,Primary
7958,3988,523927,Primary
7959,3988,503189,Primary
7960,3989,519746,Primary
7961,3990,502742,Secondary
7962,3991,510563,Secondary
7963,3991,506779,Secondary
7964,3992,502483,Primary
7965,3993,507259,Primary
7966,3993,502217,Primary
7967,3993,516551,Primary
7968,3994,518416,Secondary
7969,3994,513413,Secondary
7970,3994,507013,Primary
7971,3995,516588,Primary
7972,3995,523142,Primary
7973,3995,502924,Secondary
7974,3996,507078,Primary
7975,3997,524733,Secondary
7976,3998,503026,Secondary
7977,3998,521599,Secondary
7978,3999,524189,Primary
7979,3999,520718,Primary
7980,4000,521445,Secondary
7981,4001,521932,Secondary
7982,4001,511509,Primary
7983,4002,510712,Primary
7984,4002,522373,Primary
7985,4003,512758,Secondary
7986,4003,524746,Primary
7987,4003,502215,Primary
7988,4004,517020,Secondary
7989,4004,506154,Secondary
7990,4004,521236,Secondary
7991,4005,503042,Secondary
7992,4005,518230,Primary
7993,4006,511473,Primary
7994,4006,507683,Secondary
7995,4006,512625,Primary
7996,4007,501673,Primary
7997,4007,524418,Secondary
7998,4008,512281,Primary
7999,4008,517644,Primary
8000,4008,516178,Secondary
8001,4009,503950,Primary
8002,4009,508794,Secondary
8003,4010,506276,Secondary
8004,4011,505675,Secondary
8005,4011,507592,Primary
8006,4012,504825,Secondary
8007,4012,514649,Primary
8008,4012,508249,Primary
8009,4013,523893,Primary
8010,4014,508877,Secondary
8011,4014,517075,Secondary
8012,4015,514823,Secondary
8013,4016,516378,Primary
8014,4016,523344,Primary
8015,4016,515982,Secondary
8016,4017,514220,Secondary
8017,4018,519396,Secondary
8018,4019,507356,Secondary
8019,4019,513930,Primary
8020,4020,523197,Primary
8021,4021,501152,Primary
8022,4021,514940,Secondary
8023,4021,517503,Primary
8024,4022,511431,Secondary
8025,4023,504552,Secondary
8026,4023,520788,Primary
8027,4023,512675,Primary
8028,4024,521287,Secondary
8029,4025,510118,Secondary
8030,4025,509585,Secondary
8031,4026,506953,Primary
8032,4026,504285,Primary
8033,4027,512478,Secondary
8034,4028,509902,Primary
8035,4029,522296,Secondary
8036,4029,509787,Primary
8037,4030,500057,Primary
8038,4030,524097,Secondary
8039,4030,505664,Secondary
8040,4031,523538,Secondary
8041,4032,507369,Primary
8042,4032,513615,Secondary
8043,4033,508652,Primary
8044,4033,500302,Primary
8045,4034,523138,Primary
8046,4034,519981,Secondary
8047,4035,515502,Secondary
8048,4036,513701,Secondary
8049,4036,513641,Primary
8050,4037,517564,Primary
8051,4037,518501,Secondary
8052,4038,523733,Secondary
8053,4039,510139,Primary
8054,4039,511701,Primary
8055,4040,513226,Secondary
8056,4041,509382,Primary
8057,4042,523548,Secondary
8058,4042,520978,Secondary
8059,4043,516762,Secondary
8060,4043,521918,Primary
8061,4044,505256,Primary
8062,4044,502074,Secondary
8063,4044,514168,Primary
8064,4045,512921,Primary
8065,4045,518085,Secondary
8066,4045,506108,Secondary
8067,4046,508844,Primary
8068,4047,524089,Primary
8069,4047,520709,Primary
8070,4047,507694,Primary
8071,4048,514001,Primary
8072,4048,505920,Primary
8073,4048,503954,Primary
8074,4049,503658,Primary
8075,4050,513083,Secondary
8076,4050,504349,Secondary
8077,4050,511014,Secondary
8078,4051,506921,Primary
8079,4051,519885,Secondary
8080,4052,523163,Primary
8081,4052,510678,Primary
8082,4052,513644,Primary
8083,4053,504248,Secondary
8084,4053,502835,Primary
8085,4054,520569,Primary
8086,4055,521930,Secondary
8087,4055,500088,Secondary
8088,4056,503957,Secondary
8089,4057,512053,Secondary
8090,4058,505516,Primary
8091,4058,515698,Primary
8092,4058,505794,Secondary
8093,4059,500770,Secondary
8094,4059,501353,Primary
8095,4059,509169,Primary
8096,4060,517255,Secondary
8097,4061,524484,Secondary
8098,4061,501038,Primary
8099,4062,512922,Secondary
8100,4063,506126,Primary
8101,4063,503706,Secondary
8102,4063,510190,Secondary
8103,4064,518698,Secondary
8104,4065,520015,Secondary
8105,4065,508583,Primary
8106,4065,517592,Primary
8107,4066,502325,Secondary
8108,4066,500612,Primary
8109,4066,522059,Secondary
8110,4067,507793,Primary
8111,4068,513499,Secondary
8112,4068,514553,Secondary
8113,4068,511312,Secondary
8114,4069,514529,Secondary
8115,4070,500803,Primary
8116,4071,505316,Secondary
8117,4072,509849,Secondary
8118,4073,521133,Primary
8119,4073,510084,Secondary
8120,4074,520683,Primary
8121,4074,521221,Primary
8122,4075,520133,Secondary
8123,4075,507504,Secondary
8124,4075,500748,Secondary
8125,4076,515558,Secondary
8126,4076,506009,Secondary
8127,4077,512267,Primary
8128,4077,512253,Secondary
8129,4078,524388,Secondary
8130,4078,506333,Secondary
8131,4079,502349,Primary
8132,4080,506863,Secondary
8133,4080,517114,Secondary
8134,4080,500390,Secondary
8135,4081,514741,Primary
8136,4081,500171,Primary
8137,4081,502048,Secondary
8138,4082,512333,Secondary
8139,4083,524893,Secondary
8140,4083,505249,Primary
8141,4084,516867,Secondary
8142,4085,504093,Secondary
8143,4085,503128,Primary
8144,4085,515923,Primary
8145,4086,510133,Secondary
8146,4086,503959,Primary
8147,4087,502216,Secondary
8148,4087,520544,Primary
8149,4087,523293,Primary
8150,4088,523469,Secondary
8151,4089,508501,Primary
8152,4089,515471,Secondary
8153,4090,515179,Primary
8154,4090,517463,Primary
8155,4091,523220,Primary
8156,4091,515038,Primary
8157,4092,504251,Primary
8158,4092,519845,Primary
8159,4092,514110,Primary
8160,4093,518146,Primary
8161,4094,500547,Primary
8162,4094,519644,Secondary
8163,4095,511525,Primary
8164,4095,515531,Primary
8165,4096,502547,Secondary
8166,4097,518126,Primary
8167,4097,503734,Secondary
8168,4098,513096,Primary
8169,4098,510276,Primary
8170,4099,518490,Secondary
8171,4099,502708,Secondary
8172,4099,521517,Primary
8173,4100,519637,Primary
8174,4100,502900,Secondary
8175,4101,504664,Secondary
8176,4102,524322,Primary
8177,4102,515942,Secondary
8178,4102,513373,Primary
8179,4103,508021,Secondary
8180,4104,509538,Primary
8181,4105,519464,Secondary
8182,4105,510954,Secondary
8183,4105,506646,Primary
8184,4106,521105,Secondary
8185,4106,507093,Primary
8186,4107,510912,Primary
8187,4108,503357,Primary
8188,4109,510608,Secondary
8189,4109,506036,Secondary
8190,4109,511328,Primary
8191,4110,509628,Primary
8192,4110,505941,Secondary
8193,4111,504308,Secondary
8194,4111,501631,Secondary
8195,4112,514981,Primary
8196,4112,503386,Secondary
8197,4112,504287,Primary
8198,4113,503012,Primary
8199,4113,513952,Secondary
8200,4113,500370,Primary
8201,4114,515106,Secondary
8202,4114,511899,Primary
8203,4114,520952,Primary
8204,4115,518106,Primary
8205,4115,513833,Secondary
8206,4116,513505,Secondary
8207,4116,508358,Primary
8208,4117,501858,Primary
8209,4118,519430,Primary
8210,4119,506121,Primary
8211,4119,508086,Secondary
8212,4120,507664,Secondary
8213,4120,500208,Secondary
8214,4120,509588,Primary
8215,4121,515532,Primary
8216,4121,521499,Secondary
8217,4122,515976,Primary
8218,4122,504466,Primary
8219,4123,515585,Secondary
8220,4123,521608,Primary
8221,4123,500137,Primary
8222,4124,518554,Primary
8223,4124,524655,Secondary
8224,4124,500202,Primary
8225,4125,524882,Secondary
8226,4125,516792,Primary
8227,4126,502143,Primary
8228,4126,523864,Secondary
8229,4126,521868,Secondary
8230,4127,508092,Primary
8231,4127,524943,Secondary
8232,4128,508833,Secondary
8233,4128,505574,Primary
8234,4128,503477,Primary
8235,4129,517389,Secondary
8236,4129,524549,Primary
8237,4129,502741,Primary
8238,4130,522682,Primary
8239,4130,516165,Secondary
8240,4130,517502,Primary
8241,4131,501296,Secondary
8242,4131,523602,Secondary
8243,4132,503556,Secondary
8244,4132,516520,Primary
8245,4133,510407,Primary
8246,4134,500448,Primary
8247,4134,520482,Primary
8248,4135,500116,Secondary
8249,4136,501428,Primary
8250,4136,517010,Primary
8251,4136,510024,Secondary
8252,4137,510548,Secondary
8253,4137,504981,Secondary
8254,4138,524288,Secondary
8255,4138,512636,Primary
8256,4138,508747,Secondary
8257,4139,519717,Secondary
8258,4140,515048,Secondary
8259,4140,506121,Secondary
8260,4141,518510,Secondary
8261,4141,520452,Primary
8262,4141,505602,Secondary
8263,4142,500150,Secondary
8264,4142,515094,Secondary
8265,4142,519696,Primary
8266,4143,523949,Primary
8267,4143,506270,Primary
8268,4144,512078,Primary
8269,4144,502835,Secondary
8270,4144,508328,Primary
8271,4145,504882,Primary
8272,4145,518109,Primary
8273,4145,515454,Secondary
8274,4146,507942,Primary
8275,4146,501448,Primary
8276,4146,517291,Primary
8277,4147,500846,Secondary
8278,4147,518420,Primary
8279,4148,500603,Primary
8280,4148,520394,Secondary
8281,4148,504572,Primary
8282,4149,514825,Secondary
8283,4150,501575,Secondary
8284,4150,506296,Primary
8285,4151,508140,Secondary
8286,4151,518190,Primary
8287,4152,504502,Secondary
8288,4152,512762,Secondary
8289,4152,510066,Secondary
8290,4153,514135,Primary
8291,4154,509980,Primary
8292,4154,505938,Primary
8293,4155,511104,Secondary
8294,4155,501473,Primary
8295,4155,510554,Secondary
8296,4156,502917,Primary
8297,4156,523882,Primary
8298,4157,523034,Primary
8299,4158,515006,Primary
8300,4159,505281,Secondary
8301,4159,504605,Secondary
8302,4159,507293,Secondary
8303,4160,500196,Secondary
8304,4160,512196,Secondary
8305,4160,517325,Primary
8306,4161,515716,Primary
8307,4161,512404,Primary
8308,4162,505860,Primary
8309,4162,501988,Secondary
8310,4163,516978,Secondary
8311,4163,524149,Secondary
8312,4164,512934,Primary
8313,4164,507801,Primary
8314,4164,516425,Secondary
8315,4165,501101,Secondary
8316,4166,511122,Primary
8317,4166,510459,Secondary
8318,4166,515621,Secondary
8319,4167,513040,Primary
8320,4168,524439,Secondary
8321,4168,523662,Secondary
8322,4169,523466,Primary
8323,4169,524301,Primary
8324,4170,521476,Secondary
8325,4170,503638,Secondary
8326,4171,506683,Secondary
8327,4171,517851,Secondary
8328,4171,508571,Primary
8329,4172,501194,Secondary
8330,4172,511850,Secondary
8331,4173,515317,Secondary
8332,4173,506981,Secondary
8333,4174,502650,Primary
8334,4175,521028,Secondary
8335,4175,522197,Secondary
8336,4175,523333,Secondary
8337,4176,510376,Primary
8338,4176,502757,Primary
8339,4176,519943,Secondary
8340,4177,516190,Primary
8341,4177,513109,Primary
8342,4178,507018,Primary
8343,4178,512586,Secondary
8344,4179,509607,Secondary
8345,4179,517461,Primary
8346,4179,520021,Secondary
8347,4180,517502,Secondary
8348,4180,513069,Secondary
8349,4181,511812,Secondary
8350,4182,520972,Primary
8351,4183,521394,Primary
8352,4184,508158,Secondary
8353,4185,511853,Primary
8354,4185,511929,Primary
8355,4186,523904,Secondary
8356,4186,524898,Secondary
8357,4186,507304,Primary
8358,4187,518535,Primary
8359,4187,520077,Secondary
8360,4187,516778,Secondary
8361,4188,519455,Primary
8362,4188,508837,Secondary
8363,4188,512340,Secondary
8364,4189,503879,Secondary
8365,4190,521272,Primary
8366,4191,513020,Secondary
8367,4191,519996,Primary
8368,4191,519496,Primary
8369,4192,504159,Secondary
8370,4192,517938,Primary
8371,4193,518303,Primary
8372,4193,510849,Primary
8373,4194,507118,Secondary
8374,4195,520887,Primary
8375,4195,507337,Primary
8376,4196,522427,Primary
8377,4197,506343,Primary
8378,4198,521213,Secondary
8379,4199,512113,Primary
8380,4199,524926,Primary
8381,4199,523937,Primary
8382,4200,509309,Primary
8383,4200,507614,Primary
8384,4201,514201,Secondary
8385,4201,522948,Secondary
8386,4201,522805,Primary
8387,4202,520195,Primary
8388,4203,505787,Secondary
8389,4203,509020,Secondary
8390,4204,506360,Primary
8391,4205,522935,Secondary
8392,4205,514364,Primary
8393,4205,511946,Primary
8394,4206,500485,Primary
8395,4207,500515,Secondary
8396,4208,502308,Secondary
8397,4209,510939,Primary
8398,4209,513251,Primary
8399,4210,510007,Secondary
8400,4210,510549,Secondary
8401,4211,514168,Primary
8402,4211,519288,Primary
8403,4211,513622,Primary
8404,4212,508979,Primary
8405,4212,503848,Secondary
8406,4212,520014,Primary
8407,4213,509880,Primary
8408,4213,503297,Secondary
8409,4213,503026,Secondary
8410,4214,500063,Secondary
8411,4214,523274,Primary
8412,4214,509059,Primary
8413,4215,523480,Secondary
8414,4216,501435,Primary
8415,4216,504842,Secondary
8416,4216,504981,Secondary
8417,4217,521860,Primary
8418,4217,524312,Primary
8419,4218,511660,Secondary
8420,4218,524969,Primary
8421,4218,521527,Secondary
8422,4219,508247,Secondary
8423,4219,500947,Secondary
8424,4219,515363,Primary
8425,4220,520732,Secondary
8426,4220,518119,Primary
8427,4221,521570,Secondary
8428,4221,512272,Secondary
8429,4222,506462,Primary
8430,4222,521042,Primary
8431,4223,514424,Secondary
8432,4223,521585,Primary
8433,4224,519377,Primary
8434,4225,504696,Secondary
8435,4225,500356,Secondary
8436,4226,506885,Secondary
8437,4226,516273,Primary
8438,4226,514593,Secondary
8439,4227,507196,Secondary
8440,4227,502318,Secondary
8441,4228,522495,Secondary
8442,4228,510754,Secondary
8443,4229,506825,Primary
8444,4230,503020,Primary
8445,4230,500454,Primary
8446,4231,524694,Secondary
8447,4231,509045,Primary
8448,4232,500115,Secondary
8449,4232,519033,Primary
8450,4233,521089,Primary
8451,4233,511817,Primary
8452,4233,512747,Secondary
8453,4234,522841,Primary
8454,4235,512316,Primary
8455,4235,508078,Primary
8456,4236,510744,Primary
8457,4236,519038,Secondary
8458,4236,519007,Primary
8459,4237,507480,Primary
8460,4237,522968,Primary
8461,4237,501469,Secondary
8462,4238,513867,Secondary
8463,4238,513947,Primary
8464,4238,507174,Primary
8465,4239,502780,Secondary
8466,4239,508868,Primary
8467,4239,522572,Secondary
8468,4240,511294,Primary
8469,4240,523172,Primary
8470,4241,523668,Secondary
8471,4241,518443,Secondary
8472,4241,523294,Primary
8473,4242,500768,Primary
8474,4242,511103,Secondary
8475,4243,517473,Primary
8476,4243,507490,Secondary
8477,4243,523553,Secondary
8478,4244,512529,Primary
8479,4244,501246,Secondary
8480,4245,518380,Secondary
8481,4245,500517,Primary
8482,4246,510609,Secondary
8483,4246,519767,Primary
8484,4246,504949,Secondary
8485,4247,504928,Secondary
8486,4247,502769,Secondary
8487,4247,522481,Secondary
8488,4248,519786,Primary
8489,4249,515846,Secondary
8490,4249,517064,Secondary
8491,4249,516761,Primary
8492,4250,501035,Primary
8493,4250,511534,Primary
8494,4250,514397,Primary
8495,4251,516895,Primary
8496,4252,514141,Secondary
8497,4252,520261,Primary
8498,4252,512940,Secondary
8499,4253,506012,Primary
8500,4254,503326,Primary
8501,4254,523929,Secondary
8502,4255,503393,Primary
8503,4255,520717,Primary
8504,4256,514096,Secondary
8505,4256,518117,Secondary
8506,4257,511018,Primary
8507,4257,504878,Secondary
8508,4257,512980,Secondary
8509,4258,510499,Secondary
8510,4259,500039,Primary
8511,4260,502532,Primary
8512,4261,517149,Secondary
8513,4261,511031,Secondary
8514,4261,507222,Secondary
8515,4262,511841,Primary
8516,4263,511638,Primary
8517,4263,505960,Primary
8518,4263,523955,Secondary
8519,4264,506408,Primary
8520,4264,517627,Secondary
8521,4265,503063,Secondary
8522,4265,512125,Secondary
8523,4266,524356,Secondary
8524,4267,506268,Primary
8525,4267,516966,Primary
8526,4267,506455,Secondary
8527,4268,512315,Secondary
8528,4268,513147,Secondary
8529,4268,507605,Secondary
8530,4269,514581,Secondary
8531,4269,516377,Primary
8532,4270,523956,Primary
8533,4271,523608,Secondary
8534,4272,507746,Secondary
8535,4272,507456,Primary
8536,4272,518145,Secondary
8537,4273,502233,Primary
8538,4273,508854,Primary
8539,4274,516651,Primary
8540,4274,507768,Secondary
8541,4275,507332,Primary
8542,4275,507802,Secondary
8543,4276,507921,Primary
8544,4276,518875,Secondary
8545,4277,501941,Primary
8546,4277,501484,Primary
8547,4278,504761,Primary
8548,4278,524993,Secondary
8549,4278,516875,Primary
8550,4279,512913,Primary
8551,4280,510935,Primary
8552,4280,523251,Primary
8553,4281,524787,Secondary
8554,4282,522471,Primary
8555,4282,520171,Secondary
8556,4282,500732,Primary
8557,4283,509229,Primary
8558,4283,521060,Primary
8559,4283,516062,Primary
8560,4284,501560,Primary
8561,4284,501488,Primary
8562,4284,519893,Secondary
8563,4285,522042,Secondary
8564,4285,507838,Primary
8565,4285,507172,Secondary
8566,4286,523087,Primary
8567,4286,504481,Primary
8568,4287,516135,Primary
8569,4287,506900,Secondary
8570,4288,514460,Secondary
8571,4288,508643,Secondary
8572,4289,504531,Primary
8573,4290,505646,Secondary
8574,4290,510794,Primary
8575,4291,511436,Secondary
8576,4292,504061,Secondary
8577,4292,510714,Primary
8578,4292,504363,Primary
8579,4293,522734,Secondary
8580,4294,511169,Primary
8581,4295,508410,Primary
8582,4295,507888,Secondary
8583,4295,512129,Secondary
8584,4296,501005,Secondary
8585,4296,506095,Secondary
8586,4296,518944,Secondary
8587,4297,503278,Primary
8588,4297,504550,Secondary
8589,4298,507386,Secondary
8590,4299,501793,Secondary
8591,4299,511010,Primary
8592,4300,508923,Secondary
8593,4301,513276,Secondary
8594,4301,518926,Primary
8595,4301,505381,Secondary
8596,4302,522366,Secondary
8597,4303,503242,Secondary
8598,4303,503872,Secondary
8599,4304,502368,Primary
8600,4304,503091,Secondary
8601,4305,516124,Secondary
8602,4306,515445,Secondary
8603,4306,512854,Primary
8604,4306,514111,Primary
8605,4307,514653,Primary
8606,4308,506691,Secondary
8607,4309,512100,Primary
8608,4309,514359,Secondary
8609,4309,515754,Secondary
8610,4310,507396,Primary
8611,4311,523423,Secondary
8612,4311,506740,Secondary
8613,4312,502515,Primary
8614,4312,505980,Primary
8615,4312,515621,Secondary
8616,4313,506277,Primary
8617,4314,521110,Secondary
8618,4314,520376,Primary
8619,4315,507335,Secondary
8620,4315,505978,Primary
8621,4315,505045,Secondary
8622,4316,523964,Primary
8623,4316,517228,Secondary
8624,4317,504995,Secondary
8625,4317,522307,Secondary
8626,4317,500449,Primary
8627,4318,513702,Secondary
8628,4318,516068,Primary
8629,4318,501508,Primary
8630,4319,502406,Primary
8631,4319,512369,Primary
8632,4319,515869,Secondary
8633,4320,503187,Primary
8634,4320,504770,Primary
8635,4320,509297,Secondary
8636,4321,506915,Secondary
8637,4321,511503,Secondary
8638,4321,517992,Secondary
8639,4322,509219,Secondary
8640,4323,523479,Secondary
8641,4324,507641,Primary
8642,4324,517546,Primary
8643,4324,517955,Secondary
8644,4325,501125,Secondary
8645,4326,513374,Secondary
8646,4326,506042,Primary
8647,4326,507770,Secondary
8648,4327,521564,Primary
8649,4328,509506,Secondary
8650,4329,513223,Secondary
8651,4329,511038,Secondary
8652,4330,502015,Primary
8653,4331,519248,Primary
8654,4331,513761,Primary
8655,4332,500712,Primary
8656,4333,512110,Secondary
8657,4333,522712,Secondary
8658,4333,510419,Primary
8659,4334,516750,Primary
8660,4334,501393,Primary
8661,4334,514344,Primary
8662,4335,522722,Primary
8663,4335,511113,Secondary
8664,4335,516851,Secondary
8665,4336,502388,Secondary
8666,4336,510464,Secondary
8667,4337,506141,Secondary
8668,4337,519918,Primary
8669,4337,519658,Primary
8670,4338,522251,Primary
8671,4339,512836,Secondary
8672,4339,522104,Secondary
8673,4340,502944,Primary
8674,4341,523963,Primary
8675,4341,513656,Primary
8676,4342,510802,Primary
8677,4342,513898,Secondary
8678,4342,505310,Primary
8679,4343,509685,Primary
8680,4344,516410,Primary
8681,4344,510596,Secondary
8682,4344,511005,Primary
8683,4345,509922,Primary
8684,4346,512101,Primary
8685,4347,520890,Primary
8686,4347,509587,Primary
8687,4347,505719,Primary
8688,4348,503198,Primary
8689,4349,521766,Primary
8690,4349,501698,Primary
8691,4349,512869,Secondary
8692,4350,509770,Primary
8693,4351,524406,Primary
8694,4351,507650,Primary
8695,4352,521312,Secondary
8696,4352,508575,Secondary
8697,4353,501064,Primary
8698,4353,507598,Secondary
8699,4354,504882,Secondary
8700,4354,512082,Primary
8701,4355,514244,Secondary
8702,4356,509107,Primary
8703,4356,511768,Primary
8704,4356,505737,Secondary
8705,4357,523927,Secondary
8706,4357,504566,Secondary
8707,4357,523093,Primary
8708,4358,520735,Secondary
8709,4358,518825,Primary
8710,4358,505594,Primary
8711,4359,512597,Primary
8712,4359,504803,Primary
8713,4359,501629,Secondary
8714,4360,519061,Secondary
8715,4361,517095,Secondary
8716,4361,501200,Secondary
8717,4362,522062,Secondary
8718,4362,521498,Primary
8719,4363,507037,Secondary
8720,4363,518692,Primary
8721,4364,500599,Secondary
8722,4364,518810,Secondary
8723,4364,524653,Secondary
8724,4365,524209,Secondary
8725,4365,516136,Secondary
8726,4366,518356,Primary
8727,4367,505993,Secondary
8728,4368,514224,Primary
8729,4369,500557,Secondary
8730,4370,524826,Primary
8731,4371,514895,Primary
8732,4371,512443,Primary
8733,4371,506442,Primary
8734,4372,518587,Secondary
8735,4373,506766,Primary
8736,4373,515589,Primary
8737,4373,513023,Primary
8738,4374,522005,Secondary
8739,4375,509424,Secondary
8740,4375,522803,Secondary
8741,4375,512303,Primary
8742,4376,515331,Secondary
8743,4377,523262,Primary
8744,4377,515563,Secondary
8745,4378,504399,Secondary
8746,4378,519374,Primary
8747,4378,521667,Primary
8748,4379,524294,Secondary
8749,4379,516111,Secondary
8750,4379,515521,Primary
8751,4380,522504,Secondary
8752,4380,517351,Primary
8753,4380,505127,Secondary
8754,4381,503454,Primary
8755,4381,520071,Primary
8756,4381,500930,Primary
8757,4382,504089,Secondary
8758,4382,504840,Secondary
8759,4382,517339,Primary
8760,4383,517006,Secondary
8761,4383,508543,Primary
8762,4383,514054,Secondary
8763,4384,523988,Primary
8764,4384,508792,Primary
8765,4385,501890,Primary
8766,4385,513875,Primary
8767,4385,510037,Primary
8768,4386,500359,Secondary
8769,4387,508504,Secondary
8770,4388,506788,Primary
8771,4389,507819,Secondary
8772,4390,504254,Primary
8773,4390,501971,Secondary
8774,4391,513948,Primary
8775,4391,519938,Secondary
8776,4392,519928,Secondary
8777,4392,503687,Primary
8778,4392,505291,Primary
8779,4393,518667,Primary
8780,4394,504409,Primary
8781,4394,522215,Secondary
8782,4395,503731,Secondary
8783,4395,501823,Secondary
8784,4395,523482,Primary
8785,4396,523444,Primary
8786,4396,514462,Secondary
8787,4397,507548,Secondary
8788,4398,505901,Secondary
8789,4398,511662,Secondary
8790,4399,500059,Primary
8791,4400,508569,Secondary
8792,4401,512504,Secondary
8793,4401,508032,Secondary
8794,4402,518279,Secondary
8795,4402,502007,Secondary
8796,4402,506937,Primary
8797,4403,500852,Secondary
8798,4403,503524,Secondary
8799,4404,505328,Secondary
8800,4405,508496,Primary
8801,4405,508959,Secondary
8802,4405,512959,Primary
8803,4406,512122,Primary
8804,4406,521316,Primary
8805,4407,502437,Primary
8806,4407,511958,Secondary
8807,4408,514103,Secondary
8808,4408,521917,Primary
8809,4409,512151,Primary
8810,4409,506948,Secondary
8811,4410,514935,Secondary
8812,4411,508287,Secondary
8813,4412,502353,Secondary
8814,4413,519912,Primary
8815,4413,518109,Secondary
8816,4413,519504,Primary
8817,4414,515118,Primary
8818,4415,522031,Primary
8819,4415,500561,Secondary
8820,4416,517068,Primary
8821,4417,515455,Primary
8822,4417,516621,Secondary
8823,4418,524290,Secondary
8824,4418,504503,Primary
8825,4418,503411,Secondary
8826,4419,515518,Primary
8827,4420,516780,Primary
8828,4420,508381,Secondary
8829,4420,520046,Primary
8830,4421,500912,Primary
8831,4422,507082,Primary
8832,4422,503582,Primary
8833,4422,522907,Secondary
8834,4423,522630,Primary
8835,4424,522816,Primary
8836,4425,507087,Primary
8837,4425,502617,Secondary
8838,4426,513330,Primary
8839,4426,518353,Secondary
8840,4427,512959,Primary
8841,4427,520823,Primary
8842,4428,519311,Primary
8843,4429,500852,Primary
8844,4429,513185,Primary
8845,4430,517174,Secondary
8846,4431,523687,Primary
8847,4431,508057,Primary
8848,4432,501455,Primary
8849,4432,518176,Secondary
8850,4432,518222,Primary
8851,4433,519682,Primary
8852,4433,524993,Secondary
8853,4433,524687,Secondary
8854,4434,517404,Secondary
8855,4434,517486,Secondary
8856,4435,506148,Secondary
8857,4435,521695,Primary
8858,4436,500884,Primary
8859,4436,505373,Secondary
8860,4437,524150,Primary
8861,4438,521829,Primary
8862,4438,519483,Secondary
8863,4438,514551,Secondary
8864,4439,502573,Primary
8865,4439,502784,Primary
8866,4439,518703,Secondary
8867,4440,513810,Secondary
8868,4440,504390,Secondary
8869,4440,507466,Secondary
8870,4441,507795,Secondary
8871,4441,515540,Secondary
8872,4441,510489,Primary
8873,4442,500684,Primary
8874,4443,503905,Primary
8875,4443,524308,Secondary
8876,4444,501992,Secondary
8877,4444,516384,Secondary
8878,4445,505529,Secondary
8879,4446,521774,Primary
8880,4446,508608,Secondary
8881,4447,501188,Secondary
8882,4448,501046,Secondary
8883,4448,502264,Secondary
8884,4448,516821,Primary
8885,4449,524898,Primary
8886,4449,517768,Primary
8887,4449,508046,Secondary
8888,4450,514778,Secondary
8889,4450,509151,Secondary
8890,4451,500457,Primary
8891,4451,501559,Primary
8892,4452,514151,Secondary
8893,4452,522854,Secondary
8894,4453,511819,Secondary
8895,4453,513142,Secondary
8896,4454,515544,Primary
8897,4454,501307,Secondary
8898,4454,520737,Secondary
8899,4455,513219,Secondary
8900,4455,509940,Secondary
8901,4456,523648,Primary
8902,4457,506789,Secondary
8903,4457,519471,Secondary
8904,4457,516376,Secondary
8905,4458,524613,Primary
8906,4459,512572,Primary
8907,4459,516369,Secondary
8908,4459,500177,Primary
8909,4460,501130,Primary
8910,4460,505184,Secondary
8911,4460,509857,Secondary
8912,4461,500575,Primary
8913,4462,511868,Secondary
8914,4462,508775,Secondary
8915,4463,524836,Primary
8916,4463,518703,Primary
8917,4464,513600,Primary
8918,4464,515465,Secondary
8919,4464,507090,Primary
8920,4465,511232,Secondary
8921,4465,521753,Secondary
8922,4466,510657,Primary
8923,4466,523343,Secondary
8924,4467,509613,Secondary
8925,4467,512370,Primary
8926,4468,522060,Secondary
8927,4468,508439,Secondary
8928,4468,513617,Primary
8929,4469,523249,Primary
8930,4469,519332,Secondary
8931,4470,521062,Secondary
8932,4471,503567,Secondary
8933,4471,507646,Primary
8934,4471,518997,Primary
8935,4472,510920,Secondary
8936,4472,512849,Secondary
8937,4473,520854,Secondary
8938,4474,503342,Secondary
8939,4475,512419,Primary
8940,4475,503276,Primary
8941,4476,512246,Primary
8942,4476,512967,Primary
8943,4477,520426,Secondary
8944,4478,516044,Primary
8945,4478,513057,Primary
8946,4479,517883,Secondary
8947,4479,523402,Secondary
8948,4480,522557,Secondary
8949,4480,511403,Secondary
8950,4481,521356,Primary
8951,4481,506920,Primary
8952,4481,510538,Primary
8953,4482,518188,Secondary
8954,4483,511345,Primary
8955,4483,516641,Primary
8956,4483,510007,Secondary
8957,4484,514971,Primary
8958,4484,501264,Secondary
8959,4485,507711,Primary
8960,4485,514020,Secondary
8961,4486,500676,Secondary
8962,4486,508924,Secondary
8963,4487,518245,Secondary
8964,4487,518122,Secondary
8965,4488,511849,Secondary
8966,4488,523074,Primary
8967,4489,524039,Primary
8968,4490,518380,Primary
8969,4491,516023,Secondary
8970,4491,507455,Primary
8971,4491,507794,Primary
8972,4492,520026,Secondary
8973,4492,521767,Secondary
8974,4492,512989,Primary
8975,4493,520000,Primary
8976,4493,500350,Secondary
8977,4493,512512,Secondary
8978,4494,511612,Primary
8979,4494,503672,Secondary
8980,4495,501922,Secondary
8981,4495,512452,Secondary
8982,4496,523347,Secondary
8983,4496,507411,Secondary
8984,4496,500309,Primary
8985,4497,503255,Primary
8986,4497,524369,Primary
8987,4498,515440,Primary
8988,4498,517484,Primary
8989,4498,515188,Secondary
8990,4499,513845,Secondary
8991,4499,506364,Secondary
8992,4499,524624,Secondary
8993,4500,507205,Primary
8994,4501,514651,Secondary
8995,4501,519656,Primary
8996,4502,512089,Secondary
8997,4502,517167,Secondary
8998,4503,504635,Primary
8999,4503,505160,Secondary
9000,4503,520563,Primary
9001,4504,515316,Primary
9002,4505,508231,Secondary
9003,4505,511185,Primary
9004,4505,510239,Secondary
9005,4506,521218,Secondary
9006,4506,506379,Primary
9007,4506,505078,Primary
9008,4507,507368,Primary
9009,4507,509758,Primary
9010,4507,508189,Secondary
9011,4508,501831,Secondary
9012,4508,503342,Secondary
9013,4509,516130,Primary
9014,4510,502284,Primary
9015,4510,523233,Primary
9016,4511,507961,Primary
9017,4512,512459,Primary
9018,4512,516115,Secondary
9019,4513,520351,Secondary
9020,4513,510592,Primary
9021,4514,520616,Primary
9022,4515,503036,Primary
9023,4515,501706,Primary
9024,4515,523005,Primary
9025,4516,509507,Primary
9026,4516,507675,Primary
9027,4516,509351,Primary
9028,4517,501049,Secondary
9029,4517,501868,Secondary
9030,4518,506406,Primary
9031,4518,518366,Secondary
9032,4518,519318,Secondary
9033,4519,500202,Primary
9034,4520,504317,Secondary
9035,4520,502968,Primary
9036,4520,506586,Secondary
9037,4521,500329,Secondary
9038,4522,502820,Secondary
9039,4523,507801,Primary
9040,4523,515558,Primary
9041,4524,520162,Primary
9042,4524,521120,Secondary
9043,4525,500283,Primary
9044,4525,517011,Secondary
9045,4525,504592,Secondary
9046,4526,524273,Primary
9047,4527,524813,Primary
9048,4527,508746,Secondary
9049,4528,508965,Secondary
9050,4528,515097,Primary
9051,4529,503425,Secondary
9052,4530,511513,Secondary
9053,4531,517295,Secondary
9054,4531,520556,Primary
9055,4532,503021,Primary
9056,4532,519147,Secondary
9057,4532,518415,Primary
9058,4533,523389,Primary
9059,4534,516258,Primary
9060,4534,511431,Secondary
9061,4534,511912,Secondary
9062,4535,516254,Primary
9063,4536,517058,Primary
9064,4537,514231,Secondary
9065,4538,504439,Primary
9066,4538,522337,Primary
9067,4539,509035,Secondary
9068,4539,511171,Primary
9069,4540,512548,Secondary
9070,4541,506073,Primary
9071,4542,519639,Secondary
9072,4543,506318,Primary
9073,4543,502432,Primary
9074,4544,516702,Secondary
9075,4544,511924,Primary
9076,4544,506621,Secondary
9077,4545,523530,Primary
9078,4546,509330,Secondary
9079,4547,503266,Primary
9080,4547,515032,Primary
9081,4548,515283,Primary
9082,4548,502388,Primary
9083,4548,524839,Primary
9084,4549,519303,Secondary
9085,4549,507853,Secondary
9086,4549,516902,Primary
9087,4550,513761,Primary
9088,4550,519853,Primary
9089,4550,514585,Primary
9090,4551,513189,Secondary
9091,4551,501920,Primary
9092,4552,509766,Primary
9093,4552,518160,Primary
9094,4553,524676,Secondary
9095,4553,507615,Primary
9096,4553,513513,Primary
9097,4554,501847,Primary
9098,4554,516549,Primary
9099,4554,522975,Secondary
9100,4555,522957,Primary
9101,4555,520067,Secondary
9102,4555,510454,Secondary
9103,4556,520328,Secondary
9104,4556,517051,Primary
9105,4556,512627,Primary
9106,4557,506065,Secondary
9107,4558,508223,Secondary
9108,4559,500811,Primary
9109,4560,506186,Primary
9110,4560,506893,Secondary
9111,4560,522275,Secondary
9112,4561,505116,Primary
9113,4561,511732,Primary
9114,4562,501245,Secondary
9115,4563,510838,Primary
9116,4564,513705,Secondary
9117,4564,503325,Secondary
9118,4565,507790,Secondary
9119,4565,502392,Primary
9120,4565,500586,Secondary
9121,4566,520896,Primary
9122,4567,507530,Primary
9123,4567,520280,Secondary
9124,4567,510876,Secondary
9125,4568,508432,Primary
9126,4568,513132,Primary
9127,4569,507003,Secondary
9128,4569,519262,Secondary
9129,4570,512186,Primary
9130,4570,508058,Primary
9131,4571,517886,Primary
9132,4572,503589,Secondary
9133,4573,516655,Primary
9134,4573,521953,Primary
9135,4574,509242,Primary
9136,4574,517996,Secondary
9137,4575,518508,Primary
9138,4575,516434,Secondary
9139,4576,513099,Primary
9140,4577,503381,Primary
9141,4578,518030,Secondary
9142,4578,523495,Primary
9143,4578,509704,Secondary
9144,4579,510344,Secondary
9145,4579,522486,Secondary
9146,4579,521821,Secondary
9147,4580,503317,Primary
9148,4581,506522,Secondary
9149,4582,517079,Primary
9150,4583,511640,Secondary
9151,4584,511816,Primary
9152,4585,504928,Primary
9153,4585,510655,Primary
9154,4586,505678,Secondary
9155,4586,512076,Secondary
9156,4587,512628,Primary
9157,4587,509990,Secondary
9158,4587,503526,Secondary
9159,4588,524840,Secondary
9160,4588,522573,Secondary
9161,4589,503050,Secondary
9162,4589,507635,Secondary
9163,4590,520049,Primary
9164,4590,519484,Secondary
9165,4591,500597,Secondary
9166,4591,522323,Primary
9167,4592,519522,Primary
9168,4593,501453,Primary
9169,4593,511827,Primary
9170,4593,522049,Secondary
9171,4594,505448,Primary
9172,4595,522247,Primary
9173,4595,512259,Secondary
9174,4596,519592,Primary
9175,4596,508166,Primary
9176,4597,514498,Primary
9177,4598,511107,Primary
9178,4598,523912,Primary
9179,4598,501966,Secondary
9180,4599,509136,Primary
9181,4599,515265,Secondary
9182,4599,510644,Secondary
9183,4600,503440,Secondary
9184,4600,519996,Secondary
9185,4601,515438,Secondary
9186,4601,518362,Primary
9187,4602,512203,Primary
9188,4602,521523,Secondary
9189,4602,509691,Secondary
9190,4603,520365,Secondary
9191,4603,501865,Primary
9192,4604,516072,Secondary
9193,4605,517024,Primary
9194,4605,515434,Secondary
9195,4605,524183,Primary
9196,4606,510309,Secondary
9197,4606,524390,Primary
9198,4606,501602,Secondary
9199,4607,512001,Secondary
9200,4607,517454,Primary
9201,4607,508898,Primary
9202,4608,515559,Secondary
9203,4608,518541,Primary
9204,4608,522468,Secondary
9205,4609,503826,Primary
9206,4609,507321,Primary
9207,4609,520061,Primary
9208,4610,518522,Primary
9209,4610,505953,Secondary
9210,4611,502075,Primary
9211,4611,511648,Primary
9212,4612,519211,Secondary
9213,4613,504126,Primary
9214,4613,522818,Primary
9215,4614,511884,Primary
9216,4614,523429,Secondary
9217,4615,513606,Primary
9218,4615,506133,Secondary
9219,4616,511455,Secondary
9220,4617,521747,Primary
9221,4618,505143,Secondary
9222,4618,502319,Primary
9223,4619,517807,Secondary
9224,4620,511787,Secondary
9225,4620,520270,Primary
9226,4621,515173,Secondary
9227,4621,508059,Primary
9228,4622,522878,Primary
9229,4622,510743,Secondary
9230,4622,510805,Primary
9231,4623,513994,Secondary
9232,4623,520032,Primary
9233,4624,523515,Primary
9234,4624,500125,Secondary
9235,4625,519299,Secondary
9236,4625,502586,Secondary
9237,4625,508184,Primary
9238,4626,508767,Primary
9239,4626,510445,Primary
9240,4627,521042,Secondary
9241,4628,509999,Primary
9242,4628,514761,Secondary
9243,4629,519420,Secondary
9244,4629,507853,Secondary
9245,4629,509371,Secondary
9246,4630,514139,Secondary
9247,4631,507839,Primary
9248,4631,518889,Secondary
9249,4631,504418,Primary
9250,4632,500481,Secondary
9251,4632,522863,Secondary
9252,4632,517316,Secondary
9253,4633,500888,Secondary
9254,4634,524094,Primary
9255,4634,502979,Primary
9256,4635,501524,Secondary
9257,4635,507203,Secondary
9258,4636,515326,Secondary
9259,4637,522834,Primary
9260,4638,505465,Primary
9261,4639,514810,Primary
9262,4639,516627,Primary
9263,4640,517536,Secondary
9264,4641,502629,Secondary
9265,4641,519356,Primary
9266,4641,517143,Primary
9267,4642,521622,Primary
9268,4642,515656,Primary
9269,4643,501788,Primary
9270,4643,503796,Primary
9271,4643,515466,Primary
9272,4644,507348,Secondary
9273,4645,522723,Primary
9274,4645,516277,Secondary
9275,4646,518131,Secondary
9276,4646,524050,Primary
9277,4647,514913,Primary
9278,4648,508007,Secondary
9279,4649,514784,Primary
9280,4649,511086,Primary
9281,4649,503133,Secondary
9282,4650,522691,Primary
9283,4650,505120,Primary
9284,4650,524136,Primary
9285,4651,504106,Primary
9286,4651,505114,Secondary
9287,4651,511715,Secondary
9288,4652,515903,Primary
9289,4652,503580,Secondary
9290,4652,513609,Primary
9291,4653,502715,Primary
9292,4654,505983,Secondary
9293,4655,517740,Secondary
9294,4655,511329,Secondary
9295,4656,518338,Primary
9296,4657,524127,Primary
9297,4658,505014,Primary
9298,4658,504523,Secondary
9299,4658,508718,Secondary
9300,4659,501164,Primary
9301,4660,522477,Secondary
9302,4660,516406,Secondary
9303,4660,509538,Primary
9304,4661,514479,Primary
9305,4662,520050,Primary
9306,4662,508113,Secondary
9307,4662,500817,Secondary
9308,4663,519751,Secondary
9309,4664,515750,Primary
9310,4664,516491,Secondary
9311,4665,516603,Secondary
9312,4666,518995,Primary
9313,4667,503645,Secondary
9314,4667,523586,Primary
9315,4668,508764,Primary
9316,4668,515730,Primary
9317,4669,516718,Primary
9318,4670,503145,Primary
9319,4671,503339,Primary
9320,4671,522374,Primary
9321,4672,511632,Primary
9322,4673,512076,Primary
9323,4673,519926,Secondary
9324,4673,516324,Secondary
9325,4674,508154,Primary
9326,4674,516857,Secondary
9327,4675,508122,Primary
9328,4675,508589,Primary
9329,4676,520896,Primary
9330,4676,519681,Primary
9331,4677,511447,Primary
9332,4678,516538,Secondary
9333,4678,516409,Secondary
9334,4678,512373,Secondary
9335,4679,523172,Primary
9336,4680,504883,Primary
9337,4680,515590,Secondary
9338,4680,523347,Secondary
9339,4681,521557,Primary
9340,4682,504597,Primary
9341,4682,508175,Primary
9342,4683,507483,Primary
9343,4683,518731,Primary
9344,4683,518401,Secondary
9345,4684,500443,Secondary
9346,4684,519942,Primary
9347,4684,518326,Secondary
9348,4685,517717,Primary
9349,4686,518893,Primary
9350,4686,502572,Primary
9351,4687,513794,Secondary
9352,4687,500847,Primary
9353,4688,521037,Primary
9354,4688,520122,Secondary
9355,4689,518012,Primary
9356,4690,517082,Secondary
9357,4690,520713,Secondary
9358,4691,524489,Primary
9359,4692,517129,Secondary
9360,4693,522205,Secondary
9361,4693,522470,Secondary
9362,4694,522714,Secondary
9363,4695,506684,Secondary
9364,4695,518077,Primary
9365,4696,503350,Primary
9366,4697,522484,Secondary
9367,4697,500091,Secondary
9368,4697,509653,Primary
9369,4698,521620,Secondary
9370,4699,524681,Primary
9371,4700,505311,Secondary
9372,4701,507112,Secondary
9373,4701,503183,Primary
9374,4701,511447,Primary
9375,4702,523152,Primary
9376,4702,509814,Primary
9377,4703,506424,Primary
9378,4704,512828,Secondary
9379,4704,518855,Secondary
9380,4704,505852,Primary
9381,4705,513669,Secondary
9382,4705,505029,Primary
9383,4706,504872,Secondary
9384,4706,517789,Primary
9385,4707,509721,Primary
9386,4707,507305,Primary
9387,4708,516402,Secondary
9388,4708,512043,Secondary
9389,4709,507799,Primary
9390,4710,516060,Primary
9391,4710,513548,Secondary
9392,4710,522601,Secondary
9393,4711,507331,Primary
9394,4712,521156,Secondary
9395,4712,513964,Secondary
9396,4713,521623,Primary
9397,4714,509008,Secondary
9398,4714,505988,Secondary
9399,4714,503276,Primary
9400,4715,510399,Primary
9401,4715,519165,Primary
9402,4716,504995,Secondary
9403,4717,523485,Primary
9404,4717,522395,Primary
9405,4717,523654,Secondary
9406,4718,523951,Secondary
9407,4719,503659,Secondary
9408,4719,502098,Secondary
9409,4720,523882,Secondary
9410,4720,507796,Secondary
9411,4721,516416,Secondary
9412,4721,513258,Secondary
9413,4722,503538,Primary
9414,4722,508829,Secondary
9415,4722,517865,Secondary
9416,4723,515761,Secondary
9417,4723,517818,Secondary
9418,4724,513802,Secondary
9419,4724,508470,Primary
9420,4724,505960,Secondary
9421,4725,520051,Primary
9422,4726,517890,Secondary
9423,4726,512298,Secondary
9424,4726,504026,Secondary
9425,4727,506448,Secondary
9426,4727,502704,Primary
9427,4728,502575,Secondary
9428,4729,501814,Primary
9429,4730,501472,Primary
9430,4731,514706,Primary
9431,4732,514613,Secondary
9432,4732,516053,Primary
9433,4733,517445,Primary
9434,4734,503547,Secondary
9435,4734,521626,Primary
9436,4734,510567,Secondary
9437,4735,517291,Primary
9438,4735,513067,Secondary
9439,4736,511953,Primary
9440,4737,505674,Secondary
9441,4737,522920,Secondary
9442,4738,520518,Primary
9443,4739,510949,Secondary
9444,4740,524202,Secondary
9445,4740,513434,Primary
9446,4740,520469,Primary
9447,4741,523489,Primary
9448,4741,501282,Secondary
9449,4741,509681,Secondary
9450,4742,516432,Secondary
9451,4742,524973,Primary
9452,4743,522762,Primary
9453,4743,506524,Primary
9454,4743,508809,Primary
9455,4744,521141,Primary
9456,4745,517895,Secondary
9457,4745,516148,Primary
9458,4746,508820,Primary
9459,4746,504585,Primary
9460,4746,511675,Secondary
9461,4747,509436,Secondary
9462,4747,521430,Secondary
9463,4748,507398,Secondary
9464,4748,505118,Primary
9465,4749,508232,Secondary
9466,4749,512545,Secondary
9467,4750,513277,Primary
9468,4751,508524,Secondary
9469,4752,517382,Primary
9470,4752,508820,Secondary
9471,4753,516722,Secondary
9472,4754,513017,Primary
9473,4754,515568,Primary
9474,4755,508683,Secondary
9475,4755,514383,Primary
9476,4756,518151,Primary
9477,4757,514454,Secondary
9478,4757,503372,Primary
9479,4758,519783,Primary
9480,4758,506001,Secondary
9481,4759,524352,Primary
9482,4759,512642,Primary
9483,4759,517821,Primary
9484,4760,522271,Secondary
9485,4760,502443,Secondary
9486,4760,520784,Primary
9487,4761,522363,Secondary
9488,4762,513510,Primary
9489,4762,515266,Primary
9490,4762,500930,Secondary
9491,4763,508576,Secondary
9492,4763,520899,Primary
9493,4764,514314,Secondary
9494,4765,523718,Secondary
9495,4766,507800,Primary
9496,4766,506046,Primary
9497,4766,512399,Primary
9498,4767,503464,Secondary
9499,4768,509780,Primary
9500,4769,500578,Primary
9501,4770,509676,Secondary
9502,4771,524295,Secondary
9503,4772,522296,Primary
9504,4773,507570,Secondary
9505,4774,515931,Primary
9506,4775,505116,Secondary
9507,4776,512022,Secondary
9508,4777,520152,Secondary
9509,4777,512245,Primary
9510,4778,523381,Primary
9511,4779,506049,Primary
9512,4780,509113,Secondary
9513,4780,504890,Secondary
9514,4781,515143,Primary
9515,4781,514303,Primary
9516,4781,501861,Secondary
9517,4782,503279,Secondary
9518,4782,510554,Secondary
9519,4782,504948,Secondary
9520,4783,516587,Primary
9521,4783,507708,Primary
9522,4783,523862,Primary
9523,4784,524341,Primary
9524,4785,509819,Primary
9525,4785,504553,Primary
9526,4786,509889,Secondary
9527,4786,518668,Secondary
9528,4786,509410,Primary
9529,4787,513530,Secondary
9530,4787,519164,Secondary
9531,4787,517519,Secondary
9532,4788,505928,Secondary
9533,4788,508396,Primary
9534,4788,511121,Secondary
9535,4789,502069,Secondary
9536,4789,502384,Secondary
9537,4789,524766,Primary
9538,4790,522017,Primary
9539,4790,504826,Primary
9540,4790,502863,Secondary
9541,4791,512939,Primary
9542,4791,501371,Primary
9543,4792,510831,Primary
9544,4792,521779,Primary
9545,4793,511375,Secondary
9546,4793,511418,Secondary
9547,4794,503972,Secondary
9548,4795,523569,Secondary
9549,4795,513468,Primary
9550,4796,500972,Primary
9551,4796,503736,Secondary
9552,4797,524293,Secondary
9553,4798,523508,Primary
9554,4799,505361,Secondary
9555,4800,523591,Primary
9556,4800,503352,Primary
9557,4800,507701,Secondary
9558,4801,516466,Secondary
9559,4802,510741,Primary
9560,4802,514182,Primary
9561,4802,505992,Secondary
9562,4803,504037,Secondary
9563,4804,512141,Secondary
9564,4805,501335,Primary
9565,4805,508061,Primary
9566,4805,515036,Primary
9567,4806,507072,Primary
9568,4806,507033,Secondary
9569,4807,523863,Secondary
9570,4807,510851,Primary
9571,4808,505480,Primary
9572,4809,505233,Primary
9573,4809,508634,Secondary
9574,4809,524657,Primary
9575,4810,504533,Primary
9576,4810,518260,Primary
9577,4811,501884,Primary
9578,4812,509351,Secondary
9579,4812,509838,Primary
9580,4812,523851,Secondary
9581,4813,517491,Secondary
9582,4813,512456,Primary
9583,4813,501079,Secondary
9584,4814,522326,Secondary
9585,4814,502661,Secondary
9586,4815,515481,Secondary
9587,4815,514912,Secondary
9588,4815,512819,Primary
9589,4816,513286,Primary
9590,4816,524082,Secondary
9591,4816,500855,Secondary
9592,4817,514520,Primary
9593,4817,513384,Primary
9594,4818,511599,Secondary
9595,4819,524325,Secondary
9596,4819,520033,Primary
9597,4820,507621,Secondary
9598,4820,508332,Secondary
9599,4821,512517,Secondary
9600,4821,505109,Primary
9601,4821,504997,Primary
9602,4822,518165,Primary
9603,4822,515581,Secondary
9604,4822,514662,Primary
9605,4823,504639,Secondary
9606,4823,505098,Secondary
9607,4823,520325,Primary
9608,4824,515568,Primary
9609,4824,522949,Secondary
9610,4824,500764,Primary
9611,4825,507075,Primary
9612,4825,510252,Secondary
9613,4825,509604,Secondary
9614,4826,510756,Secondary
9615,4826,518251,Secondary
9616,4827,507341,Primary
9617,4828,506967,Secondary
9618,4828,520530,Primary
9619,4828,506868,Secondary
9620,4829,512905,Primary
9621,4829,515415,Secondary
9622,4829,508341,Primary
9623,4830,523170,Secondary
9624,4831,510816,Secondary
9625,4831,506793,Secondary
9626,4831,515819,Secondary
9627,4832,514142,Primary
9628,4832,514348,Secondary
9629,4833,500776,Primary
9630,4833,514791,Primary
9631,4834,521456,Secondary
9632,4835,505451,Secondary
9633,4835,516330,Primary
9634,4836,523481,Secondary
9635,4836,517321,Primary
9636,4837,500310,Primary
9637,4838,508124,Primary
9638,4838,504439,Secondary
9639,4838,520602,Primary
9640,4839,518299,Secondary
9641,4839,504706,Secondary
9642,4839,501221,Primary
9643,4840,513039,Primary
9644,4840,520872,Primary
9645,4841,507318,Secondary
9646,4842,506503,Secondary
9647,4842,510553,Secondary
9648,4842,502403,Primary
9649,4843,519299,Primary
9650,4843,505346,Secondary
9651,4844,518967,Secondary
9652,4844,522097,Secondary
9653,4844,522567,Secondary
9654,4845,502059,Primary
9655,4845,522446,Primary
9656,4846,507199,Secondary
9657,4847,516743,Secondary
9658,4847,508310,Secondary
9659,4848,507301,Secondary
9660,4848,507798,Primary
9661,4849,516379,Secondary
9662,4849,510765,Secondary
9663,4850,510545,Secondary
9664,4850,518087,Secondary
9665,4850,523386,Primary
9666,4851,523188,Primary
9667,4851,517617,Secondary
9668,4851,515339,Secondary
9669,4852,501391,Secondary
9670,4853,516484,Primary
9671,4854,503137,Primary
9672,4854,521109,Secondary
9673,4854,523111,Secondary
9674,4855,505584,Secondary
9675,4855,522222,Secondary
9676,4856,509488,Primary
9677,4856,510583,Secondary
9678,4857,501353,Secondary
9679,4858,506433,Primary
9680,4858,517925,Primary
9681,4858,512602,Primary
9682,4859,510684,Secondary
9683,4859,514178,Primary
9684,4860,512756,Secondary
9685,4860,514194,Secondary
9686,4860,513399,Primary
9687,4861,500276,Primary
9688,4861,511616,Primary
9689,4862,520905,Primary
9690,4863,523943,Secondary
9691,4863,522825,Primary
9692,4863,500989,Primary
9693,4864,513756,Secondary
9694,4864,520411,Secondary
9695,4865,512279,Secondary
9696,4865,521219,Secondary
9697,4865,512276,Primary
9698,4866,524005,Secondary
9699,4866,512396,Primary
9700,4866,508831,Secondary
9701,4867,519591,Primary
9702,4867,520121,Primary
9703,4868,524673,Secondary
9704,4868,523096,Primary
9705,4869,516313,Primary
9706,4869,522579,Primary
9707,4870,506725,Secondary
9708,4870,521015,Primary
9709,4871,502894,Primary
9710,4871,502926,Primary
9711,4872,503687,Primary
9712,4872,522366,Primary
9713,4873,520433,Primary
9714,4873,524126,Secondary
9715,4874,511284,Secondary
9716,4874,503022,Primary
9717,4875,517627,Primary
9718,4875,500415,Primary
9719,4875,505403,Secondary
9720,4876,521496,Secondary
9721,4877,520618,Secondary
9722,4877,510717,Secondary
9723,4877,511375,Primary
9724,4878,512654,Primary
9725,4878,508038,Primary
9726,4878,502695,Secondary
9727,4879,515190,Primary
9728,4879,513661,Secondary
9729,4880,507693,Primary
9730,4880,523707,Primary
9731,4881,513391,Secondary
9732,4881,511945,Primary
9733,4882,509344,Primary
9734,4882,520314,Secondary
9735,4883,512099,Primary
9736,4883,524350,Primary
9737,4883,521519,Secondary
9738,4884,512870,Secondary
9739,4885,512044,Secondary
9740,4885,515930,Secondary
9741,4885,507844,Secondary
9742,4886,501227,Secondary
9743,4886,509183,Secondary
9744,4887,524824,Primary
9745,4888,521936,Primary
9746,4888,506964,Secondary
9747,4888,523556,Secondary
9748,4889,500681,Secondary
9749,4890,504174,Primary
9750,4890,516704,Secondary
9751,4891,519103,Primary
9752,4891,522334,Primary
9753,4892,519185,Secondary
9754,4892,516737,Secondary
9755,4893,502109,Secondary
9756,4894,510721,Secondary
9757,4895,513733,Secondary
9758,4895,508078,Secondary
9759,4895,504319,Secondary
9760,4896,504117,Primary
9761,4897,519602,Secondary
9762,4897,502282,Primary
9763,4897,504630,Secondary
9764,4898,504951,Secondary
9765,4898,502759,Secondary
9766,4899,523045,Primary
9767,4899,522550,Secondary
9768,4900,516902,Primary
9769,4900,511788,Secondary
9770,4901,506539,Primary
9771,4901,503586,Primary
9772,4902,523706,Primary
9773,4902,508324,Secondary
9774,4902,509346,Primary
9775,4903,507841,Secondary
9776,4904,516277,Secondary
9777,4904,513844,Secondary
9778,4905,518314,Secondary
9779,4905,515842,Primary
9780,4905,502254,Secondary
9781,4906,506122,Secondary
9782,4907,523659,Secondary
9783,4907,522480,Primary
9784,4907,501464,Primary
9785,4908,519244,Primary
9786,4908,523327,Secondary
9787,4909,521609,Primary
9788,4910,512545,Primary
9789,4911,515136,Secondary
9790,4912,513526,Secondary
9791,4912,500432,Secondary
9792,4912,506028,Secondary
9793,4913,521148,Secondary
9794,4913,505992,Primary
9795,4914,516006,Primary
9796,4914,509604,Primary
9797,4914,501609,Secondary
9798,4915,520031,Primary
9799,4916,504780,Primary
9800,4916,516116,Primary
9801,4916,523996,Primary
9802,4917,524214,Secondary
9803,4917,515041,Primary
9804,4918,506803,Secondary
9805,4919,524925,Secondary
9806,4919,515469,Secondary
9807,4920,518004,Primary
9808,4921,510437,Primary
9809,4921,509127,Primary
9810,4922,523567,Primary
9811,4922,517392,Secondary
9812,4923,508671,Primary
9813,4923,511445,Primary
9814,4923,518320,Secondary
9815,4924,514504,Primary
9816,4924,512346,Secondary
9817,4925,522405,Primary
9818,4925,507090,Secondary
9819,4925,502699,Secondary
9820,4926,500240,Secondary
9821,4927,505204,Secondary
9822,4928,511254,Primary
9823,4929,504658,Primary
9824,4929,521970,Primary
9825,4930,507557,Secondary
9826,4930,518992,Primary
9827,4930,522295,Secondary
9828,4931,523202,Primary
9829,4932,510030,Secondary
9830,4932,511309,Primary
9831,4932,510982,Secondary
9832,4933,518067,Primary
9833,4933,511931,Secondary
9834,4933,519669,Secondary
9835,4934,508899,Primary
9836,4935,512626,Secondary
9837,4935,513417,Secondary
9838,4936,509874,Primary
9839,4937,503729,Secondary
9840,4937,524480,Secondary
9841,4938,517512,Primary
9842,4938,523063,Secondary
9843,4938,510233,Primary
9844,4939,507423,Primary
9845,4939,513675,Secondary
9846,4939,505449,Primary
9847,4940,502531,Primary
9848,4940,516796,Primary
9849,4940,502690,Secondary
9850,4941,506245,Primary
9851,4941,505488,Primary
9852,4942,516201,Primary
9853,4942,514529,Primary
9854,4943,501274,Secondary
9855,4943,515735,Secondary
9856,4943,513353,Primary
9857,4944,506533,Secondary
9858,4945,508077,Primary
9859,4945,511510,Secondary
9860,4946,520756,Primary
9861,4947,524683,Primary
9862,4948,521254,Primary
9863,4948,522118,Primary
9864,4949,513903,Primary
9865,4950,513209,Secondary
9866,4950,513936,Secondary
9867,4951,515980,Secondary
9868,4951,513786,Primary
9869,4951,524390,Secondary
9870,4952,516427,Secondary
9871,4953,505072,Primary
9872,4953,519384,Primary
9873,4954,507711,Secondary
9874,4955,516587,Primary
9875,4955,522516,Secondary
9876,4955,505751,Primary
9877,4956,505712,Primary
9878,4956,506119,Primary
9879,4957,519118,Secondary
9880,4958,513279,Primary
9881,4958,505726,Secondary
9882,4959,500635,Primary
9883,4959,511370,Secondary
9884,4959,512961,Primary
9885,4960,500162,Primary
9886,4960,520197,Secondary
9887,4961,505207,Primary
9888,4962,514008,Primary
9889,4962,521354,Primary
9890,4962,512243,Secondary
9891,4963,524718,Primary
9892,4963,504134,Primary
9893,4964,508913,Primary
9894,4964,517804,Secondary
9895,4965,503340,Secondary
9896,4965,506605,Primary
9897,4965,510733,Secondary
9898,4966,504211,Secondary
9899,4966,507747,Primary
9900,4966,516027,Primary
9901,4967,518522,Primary
9902,4967,504979,Secondary
9903,4968,508436,Secondary
9904,4969,513870,Primary
9905,4970,508225,Primary
9906,4971,518852,Primary
9907,4972,519255,Primary
9908,4972,505801,Primary
9909,4972,524292,Primary
9910,4973,514065,Secondary
9911,4973,510351,Secondary
9912,4973,522946,Secondary
9913,4974,520307,Primary
9914,4975,506962,Primary
9915,4976,500686,Primary
9916,4976,517576,Primary
9917,4976,505077,Secondary
9918,4977,518581,Primary
9919,4977,501715,Primary
9920,4977,507914,Secondary
9921,4978,518655,Primary
9922,4978,522425,Secondary
9923,4979,515290,Secondary
9924,4979,517245,Secondary
9925,4980,505100,Secondary
9926,4980,523785,Secondary
9927,4980,505018,Secondary
9928,4981,507223,Primary
9929,4981,507234,Secondary
9930,4981,503598,Secondary
9931,4982,509434,Primary
9932,4982,518501,Primary
9933,4983,506677,Secondary
9934,4983,517313,Primary
9935,4983,507804,Secondary
9936,4984,505651,Primary
9937,4984,512290,Primary
9938,4985,507845,Secondary
9939,4985,521151,Secondary
9940,4985,515960,Secondary
9941,4986,516942,Primary
9942,4986,523160,Primary
9943,4986,523309,Secondary
9944,4987,505587,Secondary
9945,4987,520925,Secondary
9946,4987,508217,Secondary
9947,4988,505030,Primary
9948,4988,511952,Secondary
9949,4989,516412,Primary
9950,4990,503147,Primary
9951,4990,518522,Primary
9952,4991,514465,Secondary
9953,4991,523052,Primary
9954,4991,504492,Secondary
9955,4992,506025,Secondary
9956,4993,521789,Secondary
9957,4994,505627,Secondary
9958,4994,512283,Secondary
9959,4995,516730,Primary
9960,4996,517967,Secondary
9961,4996,513555,Primary
9962,4997,515824,Primary
9963,4997,505681,Primary
9964,4998,500373,Secondary
9965,4998,504186,Secondary
9966,4999,511134,Secondary
9967,4999,501831,Primary
9968,4999,523368,Secondary
9969,5000,505402,Primary
