CourtCaseID,CaseID,CourtName,JudgeName,HearingCount,Judgement
1,1,Mangaluru District Court,Justice 82,20,Convicted
2,2,Kalaburagi District Court,Justice 320,17,Convicted
3,3,Mysuru District Court,Justice 178,4,Convicted
4,4,Mysuru District Court,Justice 287,3,Convicted
5,5,Kalaburagi District Court,Justice 33,14,Acquitted
6,6,Hubballi District Court,Justice 54,6,Acquitted
7,7,Hubballi District Court,Justice 209,15,Pending
8,8,Kalaburagi District Court,Justice 11,10,Pending
9,9,Mangaluru District Court,Justice 373,5,Acquitted
10,10,Mysuru District Court,Justice 69,7,Convicted
11,11,Belagavi Sessions Court,Justice 234,3,Pending
12,12,Kalaburagi District Court,Justice 317,17,Pending
13,13,Mangaluru District Court,Justice 214,8,Acquitted
14,14,Bengaluru Sessions Court,Justice 147,16,Acquitted
15,15,Bengaluru Sessions Court,Justice 182,20,Pending
16,16,Mangaluru District Court,Justice 289,11,Acquitted
17,17,Mangaluru District Court,Justice 375,20,Pending
18,18,Kalaburagi District Court,Justice 20,19,Convicted
19,19,Kalaburagi District Court,Justice 274,6,Pending
20,20,Bengaluru Sessions Court,Justice 266,12,Convicted
21,21,Mangaluru District Court,Justice 47,9,Acquitted
22,22,Hubballi District Court,Justice 152,14,Acquitted
23,23,Bengaluru Sessions Court,Justice 190,18,Convicted
24,24,Hubballi District Court,Justice 367,9,Acquitted
25,25,Bengaluru Sessions Court,Justice 69,10,Pending
26,26,Hubballi District Court,Justice 2,3,Convicted
27,27,Belagavi Sessions Court,Justice 472,1,Acquitted
28,28,Kalaburagi District Court,Justice 431,4,Acquitted
29,29,Belagavi Sessions Court,Justice 354,5,Pending
30,30,Mysuru District Court,Justice 18,16,Pending
31,31,Hubballi District Court,Justice 161,9,Convicted
32,32,Kalaburagi District Court,Justice 392,8,Convicted
33,33,Kalaburagi District Court,Justice 265,4,Acquitted
34,34,Mangaluru District Court,Justice 140,9,Acquitted
35,35,Belagavi Sessions Court,Justice 289,18,Pending
36,36,Hubballi District Court,Justice 59,7,Convicted
37,37,Kalaburagi District Court,Justice 278,12,Pending
38,38,Kalaburagi District Court,Justice 69,10,Acquitted
39,39,Mangaluru District Court,Justice 68,5,Pending
40,40,Bengaluru Sessions Court,Justice 153,17,Acquitted
41,41,Belagavi Sessions Court,Justice 51,20,Convicted
42,42,Belagavi Sessions Court,Justice 104,8,Pending
43,43,Mysuru District Court,Justice 404,8,Acquitted
44,44,Hubballi District Court,Justice 453,14,Pending
45,45,Kalaburagi District Court,Justice 336,9,Pending
46,46,Hubballi District Court,Justice 151,18,Acquitted
47,47,Belagavi Sessions Court,Justice 306,19,Convicted
48,48,Hubballi District Court,Justice 113,20,Pending
49,49,Mysuru District Court,Justice 141,16,Acquitted
50,50,Mangaluru District Court,Justice 495,12,Convicted
51,51,Mangaluru District Court,Justice 443,16,Acquitted
52,52,Bengaluru Sessions Court,Justice 296,8,Pending
53,53,Belagavi Sessions Court,Justice 471,9,Convicted
54,54,Mysuru District Court,Justice 456,4,Convicted
55,55,Mangaluru District Court,Justice 372,20,Pending
56,56,Mangaluru District Court,Justice 24,10,Pending
57,57,Belagavi Sessions Court,Justice 493,17,Convicted
58,58,Kalaburagi District Court,Justice 194,14,Pending
59,59,Hubballi District Court,Justice 467,11,Pending
60,60,Mysuru District Court,Justice 476,12,Acquitted
61,61,Bengaluru Sessions Court,Justice 367,18,Convicted
62,62,Mangaluru District Court,Justice 111,18,Pending
63,63,Hubballi District Court,Justice 403,14,Pending
64,64,Hubballi District Court,Justice 85,1,Convicted
65,65,Mysuru District Court,Justice 13,12,Pending
66,66,Belagavi Sessions Court,Justice 429,19,Convicted
67,67,Bengaluru Sessions Court,Justice 38,11,Pending
68,68,Kalaburagi District Court,Justice 451,14,Pending
69,69,Belagavi Sessions Court,Justice 181,10,Acquitted
70,70,Belagavi Sessions Court,Justice 157,17,Pending
71,71,Belagavi Sessions Court,Justice 211,6,Acquitted
72,72,Belagavi Sessions Court,Justice 243,15,Convicted
73,73,Bengaluru Sessions Court,Justice 199,11,Pending
74,74,Belagavi Sessions Court,Justice 172,20,Convicted
75,75,Kalaburagi District Court,Justice 445,9,Convicted
76,76,Kalaburagi District Court,Justice 329,16,Convicted
77,77,Bengaluru Sessions Court,Justice 359,19,Pending
78,78,Belagavi Sessions Court,Justice 307,17,Convicted
79,79,Belagavi Sessions Court,Justice 421,16,Pending
80,80,Hubballi District Court,Justice 17,19,Acquitted
81,81,Bengaluru Sessions Court,Justice 112,7,Convicted
82,82,Bengaluru Sessions Court,Justice 259,7,Acquitted
83,83,Mangaluru District Court,Justice 61,17,Convicted
84,84,Belagavi Sessions Court,Justice 248,19,Acquitted
85,85,Kalaburagi District Court,Justice 124,1,Acquitted
86,86,Bengaluru Sessions Court,Justice 421,6,Acquitted
87,87,Hubballi District Court,Justice 277,20,Pending
88,88,Bengaluru Sessions Court,Justice 350,1,Acquitted
89,89,Belagavi Sessions Court,Justice 429,5,Convicted
90,90,Bengaluru Sessions Court,Justice 207,18,Pending
91,91,Mangaluru District Court,Justice 466,17,Acquitted
92,92,Bengaluru Sessions Court,Justice 496,20,Convicted
93,93,Kalaburagi District Court,Justice 43,9,Convicted
94,94,Bengaluru Sessions Court,Justice 286,8,Acquitted
95,95,Mangaluru District Court,Justice 299,12,Acquitted
96,96,Mysuru District Court,Justice 228,16,Acquitted
97,97,Hubballi District Court,Justice 89,19,Pending
98,98,Kalaburagi District Court,Justice 94,18,Pending
99,99,Mangaluru District Court,Justice 324,14,Convicted
100,100,Bengaluru Sessions Court,Justice 62,11,Convicted
101,101,Bengaluru Sessions Court,Justice 318,12,Convicted
102,102,Belagavi Sessions Court,Justice 101,4,Acquitted
103,103,Mangaluru District Court,Justice 65,17,Convicted
104,104,Hubballi District Court,Justice 372,11,Pending
105,105,Hubballi District Court,Justice 142,14,Convicted
106,106,Mysuru District Court,Justice 19,12,Acquitted
107,107,Bengaluru Sessions Court,Justice 291,19,Convicted
108,108,Kalaburagi District Court,Justice 375,18,Acquitted
109,109,Bengaluru Sessions Court,Justice 66,20,Pending
110,110,Mangaluru District Court,Justice 324,5,Convicted
111,111,Belagavi Sessions Court,Justice 62,3,Acquitted
112,112,Belagavi Sessions Court,Justice 21,8,Pending
113,113,Hubballi District Court,Justice 88,7,Pending
114,114,Mangaluru District Court,Justice 294,8,Acquitted
115,115,Mangaluru District Court,Justice 229,1,Acquitted
116,116,Bengaluru Sessions Court,Justice 280,18,Convicted
117,117,Mysuru District Court,Justice 418,5,Acquitted
118,118,Kalaburagi District Court,Justice 280,5,Acquitted
119,119,Belagavi Sessions Court,Justice 124,3,Acquitted
120,120,Mysuru District Court,Justice 242,10,Acquitted
121,121,Hubballi District Court,Justice 413,16,Acquitted
122,122,Mysuru District Court,Justice 156,18,Acquitted
123,123,Hubballi District Court,Justice 252,9,Acquitted
124,124,Mysuru District Court,Justice 370,13,Acquitted
125,125,Hubballi District Court,Justice 109,14,Pending
126,126,Kalaburagi District Court,Justice 175,5,Pending
127,127,Belagavi Sessions Court,Justice 147,11,Pending
128,128,Hubballi District Court,Justice 407,3,Pending
129,129,Bengaluru Sessions Court,Justice 391,14,Pending
130,130,Bengaluru Sessions Court,Justice 333,3,Pending
131,131,Mangaluru District Court,Justice 249,17,Convicted
132,132,Hubballi District Court,Justice 117,18,Acquitted
133,133,Mysuru District Court,Justice 490,6,Convicted
134,134,Belagavi Sessions Court,Justice 4,17,Convicted
135,135,Hubballi District Court,Justice 442,13,Pending
136,136,Kalaburagi District Court,Justice 54,6,Convicted
137,137,Belagavi Sessions Court,Justice 255,2,Pending
138,138,Mangaluru District Court,Justice 49,2,Acquitted
139,139,Hubballi District Court,Justice 493,14,Pending
140,140,Hubballi District Court,Justice 300,18,Convicted
141,141,Bengaluru Sessions Court,Justice 370,11,Acquitted
142,142,Belagavi Sessions Court,Justice 268,20,Pending
143,143,Kalaburagi District Court,Justice 253,12,Pending
144,144,Belagavi Sessions Court,Justice 468,16,Acquitted
145,145,Belagavi Sessions Court,Justice 458,2,Pending
146,146,Mysuru District Court,Justice 51,9,Pending
147,147,Belagavi Sessions Court,Justice 161,4,Pending
148,148,Bengaluru Sessions Court,Justice 71,15,Acquitted
149,149,Mysuru District Court,Justice 318,3,Pending
150,150,Kalaburagi District Court,Justice 10,16,Pending
151,151,Mangaluru District Court,Justice 346,13,Acquitted
152,152,Belagavi Sessions Court,Justice 362,3,Pending
153,153,Kalaburagi District Court,Justice 206,9,Convicted
154,154,Mysuru District Court,Justice 322,15,Convicted
155,155,Kalaburagi District Court,Justice 22,15,Convicted
156,156,Mangaluru District Court,Justice 170,3,Convicted
157,157,Belagavi Sessions Court,Justice 149,19,Convicted
158,158,Mangaluru District Court,Justice 318,1,Pending
159,159,Kalaburagi District Court,Justice 281,10,Acquitted
160,160,Mysuru District Court,Justice 386,16,Acquitted
161,161,Mangaluru District Court,Justice 415,18,Convicted
162,162,Hubballi District Court,Justice 203,2,Pending
163,163,Mysuru District Court,Justice 423,10,Convicted
164,164,Mysuru District Court,Justice 52,18,Acquitted
165,165,Mysuru District Court,Justice 489,11,Acquitted
166,166,Mangaluru District Court,Justice 398,7,Convicted
167,167,Mangaluru District Court,Justice 23,4,Pending
168,168,Kalaburagi District Court,Justice 100,8,Convicted
169,169,Mangaluru District Court,Justice 119,11,Pending
170,170,Hubballi District Court,Justice 96,5,Convicted
171,171,Bengaluru Sessions Court,Justice 306,13,Acquitted
172,172,Belagavi Sessions Court,Justice 151,10,Convicted
173,173,Bengaluru Sessions Court,Justice 127,16,Pending
174,174,Belagavi Sessions Court,Justice 88,11,Acquitted
175,175,Mangaluru District Court,Justice 133,10,Pending
176,176,Mangaluru District Court,Justice 235,7,Acquitted
177,177,Hubballi District Court,Justice 305,5,Pending
178,178,Belagavi Sessions Court,Justice 112,18,Pending
179,179,Mangaluru District Court,Justice 411,11,Pending
180,180,Mysuru District Court,Justice 308,8,Pending
181,181,Belagavi Sessions Court,Justice 95,13,Acquitted
182,182,Mysuru District Court,Justice 89,18,Pending
183,183,Belagavi Sessions Court,Justice 400,6,Pending
184,184,Kalaburagi District Court,Justice 75,15,Pending
185,185,Belagavi Sessions Court,Justice 461,16,Acquitted
186,186,Bengaluru Sessions Court,Justice 458,7,Convicted
187,187,Belagavi Sessions Court,Justice 244,1,Convicted
188,188,Kalaburagi District Court,Justice 432,6,Pending
189,189,Hubballi District Court,Justice 216,8,Convicted
190,190,Kalaburagi District Court,Justice 41,7,Acquitted
191,191,Hubballi District Court,Justice 229,14,Acquitted
192,192,Kalaburagi District Court,Justice 496,12,Pending
193,193,Mangaluru District Court,Justice 381,13,Acquitted
194,194,Bengaluru Sessions Court,Justice 360,13,Pending
195,195,Mangaluru District Court,Justice 347,12,Pending
196,196,Bengaluru Sessions Court,Justice 98,10,Acquitted
197,197,Hubballi District Court,Justice 362,16,Convicted
198,198,Bengaluru Sessions Court,Justice 4,1,Pending
199,199,Hubballi District Court,Justice 313,13,Convicted
200,200,Mangaluru District Court,Justice 403,1,Convicted
201,201,Bengaluru Sessions Court,Justice 239,8,Acquitted
202,202,Mysuru District Court,Justice 79,6,Acquitted
203,203,Mangaluru District Court,Justice 345,15,Pending
204,204,Belagavi Sessions Court,Justice 228,7,Convicted
205,205,Belagavi Sessions Court,Justice 385,11,Convicted
206,206,Bengaluru Sessions Court,Justice 254,3,Acquitted
207,207,Bengaluru Sessions Court,Justice 331,11,Acquitted
208,208,Belagavi Sessions Court,Justice 383,2,Pending
209,209,Mangaluru District Court,Justice 460,17,Convicted
210,210,Bengaluru Sessions Court,Justice 119,9,Convicted
211,211,Kalaburagi District Court,Justice 48,4,Pending
212,212,Kalaburagi District Court,Justice 321,15,Acquitted
213,213,Hubballi District Court,Justice 478,6,Acquitted
214,214,Mangaluru District Court,Justice 261,13,Acquitted
215,215,Kalaburagi District Court,Justice 114,8,Convicted
216,216,Hubballi District Court,Justice 313,8,Convicted
217,217,Hubballi District Court,Justice 248,2,Convicted
218,218,Hubballi District Court,Justice 238,20,Pending
219,219,Bengaluru Sessions Court,Justice 236,1,Acquitted
220,220,Kalaburagi District Court,Justice 248,7,Acquitted
221,221,Kalaburagi District Court,Justice 399,15,Pending
222,222,Mysuru District Court,Justice 91,3,Pending
223,223,Belagavi Sessions Court,Justice 315,12,Convicted
224,224,Mangaluru District Court,Justice 164,9,Convicted
225,225,Hubballi District Court,Justice 304,7,Convicted
226,226,Kalaburagi District Court,Justice 422,10,Pending
227,227,Mysuru District Court,Justice 147,15,Acquitted
228,228,Mangaluru District Court,Justice 445,15,Convicted
229,229,Mangaluru District Court,Justice 338,10,Pending
230,230,Belagavi Sessions Court,Justice 208,8,Acquitted
231,231,Mysuru District Court,Justice 87,8,Pending
232,232,Bengaluru Sessions Court,Justice 135,1,Pending
233,233,Belagavi Sessions Court,Justice 395,14,Acquitted
234,234,Belagavi Sessions Court,Justice 193,16,Acquitted
235,235,Mysuru District Court,Justice 329,6,Convicted
236,236,Mangaluru District Court,Justice 315,20,Acquitted
237,237,Bengaluru Sessions Court,Justice 157,5,Convicted
238,238,Kalaburagi District Court,Justice 152,20,Convicted
239,239,Mysuru District Court,Justice 494,8,Convicted
240,240,Bengaluru Sessions Court,Justice 279,5,Convicted
241,241,Mysuru District Court,Justice 208,14,Convicted
242,242,Hubballi District Court,Justice 157,6,Acquitted
243,243,Hubballi District Court,Justice 207,15,Convicted
244,244,Mangaluru District Court,Justice 286,13,Convicted
245,245,Bengaluru Sessions Court,Justice 142,1,Convicted
246,246,Belagavi Sessions Court,Justice 263,15,Convicted
247,247,Bengaluru Sessions Court,Justice 14,16,Acquitted
248,248,Kalaburagi District Court,Justice 445,18,Acquitted
249,249,Mangaluru District Court,Justice 42,3,Convicted
250,250,Mangaluru District Court,Justice 401,6,Acquitted
251,251,Belagavi Sessions Court,Justice 212,15,Convicted
252,252,Hubballi District Court,Justice 291,14,Convicted
253,253,Bengaluru Sessions Court,Justice 242,17,Acquitted
254,254,Belagavi Sessions Court,Justice 129,3,Pending
255,255,Mysuru District Court,Justice 335,18,Pending
256,256,Hubballi District Court,Justice 443,8,Convicted
257,257,Belagavi Sessions Court,Justice 114,12,Pending
258,258,Mysuru District Court,Justice 38,19,Convicted
259,259,Bengaluru Sessions Court,Justice 489,2,Pending
260,260,Bengaluru Sessions Court,Justice 203,3,Acquitted
261,261,Hubballi District Court,Justice 41,17,Acquitted
262,262,Mangaluru District Court,Justice 333,1,Pending
263,263,Hubballi District Court,Justice 41,20,Pending
264,264,Hubballi District Court,Justice 62,3,Acquitted
265,265,Hubballi District Court,Justice 391,6,Pending
266,266,Bengaluru Sessions Court,Justice 99,6,Acquitted
267,267,Bengaluru Sessions Court,Justice 417,10,Convicted
268,268,Belagavi Sessions Court,Justice 313,19,Pending
269,269,Kalaburagi District Court,Justice 105,15,Acquitted
270,270,Belagavi Sessions Court,Justice 452,18,Acquitted
271,271,Belagavi Sessions Court,Justice 362,5,Pending
272,272,Mysuru District Court,Justice 54,5,Convicted
273,273,Mangaluru District Court,Justice 241,16,Pending
274,274,Mysuru District Court,Justice 500,17,Acquitted
275,275,Hubballi District Court,Justice 491,10,Convicted
276,276,Mangaluru District Court,Justice 12,8,Pending
277,277,Kalaburagi District Court,Justice 337,3,Pending
278,278,Belagavi Sessions Court,Justice 222,11,Convicted
279,279,Bengaluru Sessions Court,Justice 251,13,Acquitted
280,280,Hubballi District Court,Justice 11,17,Pending
281,281,Belagavi Sessions Court,Justice 179,6,Pending
282,282,Kalaburagi District Court,Justice 237,20,Acquitted
283,283,Mysuru District Court,Justice 248,13,Convicted
284,284,Hubballi District Court,Justice 240,15,Acquitted
285,285,Bengaluru Sessions Court,Justice 304,5,Pending
286,286,Belagavi Sessions Court,Justice 189,2,Pending
287,287,Hubballi District Court,Justice 244,19,Pending
288,288,Mysuru District Court,Justice 480,1,Pending
289,289,Bengaluru Sessions Court,Justice 458,5,Pending
290,290,Belagavi Sessions Court,Justice 170,7,Convicted
291,291,Bengaluru Sessions Court,Justice 308,9,Convicted
292,292,Belagavi Sessions Court,Justice 190,10,Convicted
293,293,Mangaluru District Court,Justice 404,13,Convicted
294,294,Belagavi Sessions Court,Justice 491,3,Acquitted
295,295,Hubballi District Court,Justice 328,3,Acquitted
296,296,Mangaluru District Court,Justice 239,2,Acquitted
297,297,Belagavi Sessions Court,Justice 104,13,Pending
298,298,Mysuru District Court,Justice 365,18,Acquitted
299,299,Bengaluru Sessions Court,Justice 301,4,Pending
300,300,Bengaluru Sessions Court,Justice 155,7,Acquitted
301,301,Belagavi Sessions Court,Justice 23,15,Acquitted
302,302,Bengaluru Sessions Court,Justice 252,9,Pending
303,303,Hubballi District Court,Justice 234,6,Acquitted
304,304,Belagavi Sessions Court,Justice 481,15,Pending
305,305,Mangaluru District Court,Justice 296,3,Acquitted
306,306,Mangaluru District Court,Justice 454,7,Acquitted
307,307,Hubballi District Court,Justice 106,3,Convicted
308,308,Belagavi Sessions Court,Justice 395,14,Pending
309,309,Hubballi District Court,Justice 471,9,Acquitted
310,310,Mangaluru District Court,Justice 99,11,Convicted
311,311,Bengaluru Sessions Court,Justice 122,7,Acquitted
312,312,Mysuru District Court,Justice 333,20,Acquitted
313,313,Mysuru District Court,Justice 372,2,Convicted
314,314,Hubballi District Court,Justice 382,11,Convicted
315,315,Kalaburagi District Court,Justice 25,17,Acquitted
316,316,Mysuru District Court,Justice 30,6,Convicted
317,317,Bengaluru Sessions Court,Justice 302,13,Convicted
318,318,Mangaluru District Court,Justice 251,3,Convicted
319,319,Kalaburagi District Court,Justice 234,19,Pending
320,320,Mangaluru District Court,Justice 51,4,Convicted
321,321,Mysuru District Court,Justice 29,16,Convicted
322,322,Mangaluru District Court,Justice 286,9,Convicted
323,323,Mangaluru District Court,Justice 292,13,Convicted
324,324,Mysuru District Court,Justice 500,12,Acquitted
325,325,Kalaburagi District Court,Justice 231,4,Acquitted
326,326,Hubballi District Court,Justice 408,7,Acquitted
327,327,Mangaluru District Court,Justice 396,13,Pending
328,328,Mysuru District Court,Justice 104,9,Acquitted
329,329,Mysuru District Court,Justice 370,12,Acquitted
330,330,Mangaluru District Court,Justice 218,5,Convicted
331,331,Mangaluru District Court,Justice 448,4,Pending
332,332,Belagavi Sessions Court,Justice 316,6,Acquitted
333,333,Mangaluru District Court,Justice 408,13,Acquitted
334,334,Bengaluru Sessions Court,Justice 225,16,Acquitted
335,335,Kalaburagi District Court,Justice 360,16,Pending
336,336,Bengaluru Sessions Court,Justice 331,17,Acquitted
337,337,Mysuru District Court,Justice 315,8,Pending
338,338,Bengaluru Sessions Court,Justice 113,8,Convicted
339,339,Kalaburagi District Court,Justice 304,12,Pending
340,340,Kalaburagi District Court,Justice 453,3,Convicted
341,341,Kalaburagi District Court,Justice 264,9,Acquitted
342,342,Belagavi Sessions Court,Justice 68,5,Convicted
343,343,Bengaluru Sessions Court,Justice 186,18,Pending
344,344,Hubballi District Court,Justice 38,3,Acquitted
345,345,Belagavi Sessions Court,Justice 392,8,Convicted
346,346,Bengaluru Sessions Court,Justice 53,6,Convicted
347,347,Mysuru District Court,Justice 393,12,Acquitted
348,348,Mangaluru District Court,Justice 72,19,Acquitted
349,349,Kalaburagi District Court,Justice 386,14,Acquitted
350,350,Belagavi Sessions Court,Justice 367,18,Convicted
351,351,Belagavi Sessions Court,Justice 207,4,Pending
352,352,Mysuru District Court,Justice 234,11,Convicted
353,353,Belagavi Sessions Court,Justice 233,7,Convicted
354,354,Hubballi District Court,Justice 94,19,Acquitted
355,355,Mangaluru District Court,Justice 132,8,Pending
356,356,Mysuru District Court,Justice 203,10,Acquitted
357,357,Mangaluru District Court,Justice 355,16,Convicted
358,358,Mangaluru District Court,Justice 24,19,Pending
359,359,Mangaluru District Court,Justice 444,8,Pending
360,360,Bengaluru Sessions Court,Justice 322,14,Acquitted
361,361,Belagavi Sessions Court,Justice 252,1,Pending
362,362,Bengaluru Sessions Court,Justice 485,5,Pending
363,363,Kalaburagi District Court,Justice 200,10,Acquitted
364,364,Hubballi District Court,Justice 86,8,Pending
365,365,Belagavi Sessions Court,Justice 21,12,Pending
366,366,Belagavi Sessions Court,Justice 469,5,Pending
367,367,Hubballi District Court,Justice 95,18,Convicted
368,368,Hubballi District Court,Justice 483,20,Convicted
369,369,Mangaluru District Court,Justice 182,2,Convicted
370,370,Mysuru District Court,Justice 136,6,Convicted
371,371,Mangaluru District Court,Justice 352,7,Pending
372,372,Kalaburagi District Court,Justice 400,12,Pending
373,373,Bengaluru Sessions Court,Justice 252,6,Convicted
374,374,Belagavi Sessions Court,Justice 260,6,Convicted
375,375,Mysuru District Court,Justice 265,11,Pending
376,376,Mangaluru District Court,Justice 263,16,Convicted
377,377,Mangaluru District Court,Justice 267,10,Convicted
378,378,Bengaluru Sessions Court,Justice 147,15,Convicted
379,379,Belagavi Sessions Court,Justice 120,6,Convicted
380,380,Hubballi District Court,Justice 78,7,Acquitted
381,381,Kalaburagi District Court,Justice 154,11,Pending
382,382,Bengaluru Sessions Court,Justice 39,2,Convicted
383,383,Belagavi Sessions Court,Justice 376,5,Acquitted
384,384,Belagavi Sessions Court,Justice 160,19,Acquitted
385,385,Belagavi Sessions Court,Justice 373,17,Acquitted
386,386,Hubballi District Court,Justice 446,2,Pending
387,387,Mangaluru District Court,Justice 283,16,Acquitted
388,388,Mysuru District Court,Justice 41,3,Convicted
389,389,Mangaluru District Court,Justice 277,14,Pending
390,390,Mysuru District Court,Justice 225,15,Acquitted
391,391,Mangaluru District Court,Justice 479,11,Convicted
392,392,Belagavi Sessions Court,Justice 114,3,Acquitted
393,393,Kalaburagi District Court,Justice 144,8,Convicted
394,394,Mangaluru District Court,Justice 404,13,Convicted
395,395,Bengaluru Sessions Court,Justice 126,14,Acquitted
396,396,Belagavi Sessions Court,Justice 206,15,Pending
397,397,Belagavi Sessions Court,Justice 80,6,Pending
398,398,Bengaluru Sessions Court,Justice 272,4,Convicted
399,399,Belagavi Sessions Court,Justice 371,12,Convicted
400,400,Hubballi District Court,Justice 421,3,Convicted
401,401,Belagavi Sessions Court,Justice 224,2,Convicted
402,402,Belagavi Sessions Court,Justice 157,17,Pending
403,403,Kalaburagi District Court,Justice 345,4,Convicted
404,404,Belagavi Sessions Court,Justice 428,10,Acquitted
405,405,Mangaluru District Court,Justice 61,2,Pending
406,406,Mysuru District Court,Justice 79,9,Convicted
407,407,Mysuru District Court,Justice 104,8,Acquitted
408,408,Hubballi District Court,Justice 340,8,Pending
409,409,Hubballi District Court,Justice 250,12,Pending
410,410,Kalaburagi District Court,Justice 372,13,Convicted
411,411,Hubballi District Court,Justice 75,10,Acquitted
412,412,Kalaburagi District Court,Justice 145,1,Convicted
413,413,Bengaluru Sessions Court,Justice 12,20,Pending
414,414,Hubballi District Court,Justice 253,2,Convicted
415,415,Bengaluru Sessions Court,Justice 177,14,Convicted
416,416,Mysuru District Court,Justice 136,13,Convicted
417,417,Hubballi District Court,Justice 478,9,Pending
418,418,Belagavi Sessions Court,Justice 404,7,Acquitted
419,419,Mangaluru District Court,Justice 251,5,Acquitted
420,420,Mysuru District Court,Justice 93,4,Acquitted
421,421,Belagavi Sessions Court,Justice 370,1,Convicted
422,422,Hubballi District Court,Justice 286,15,Convicted
423,423,Mangaluru District Court,Justice 238,15,Acquitted
424,424,Mangaluru District Court,Justice 203,17,Convicted
425,425,Hubballi District Court,Justice 410,1,Pending
426,426,Hubballi District Court,Justice 442,1,Convicted
427,427,Mangaluru District Court,Justice 459,16,Convicted
428,428,Belagavi Sessions Court,Justice 13,5,Convicted
429,429,Mangaluru District Court,Justice 62,12,Convicted
430,430,Kalaburagi District Court,Justice 243,2,Convicted
431,431,Mangaluru District Court,Justice 361,2,Pending
432,432,Hubballi District Court,Justice 308,1,Convicted
433,433,Kalaburagi District Court,Justice 301,14,Acquitted
434,434,Kalaburagi District Court,Justice 486,5,Acquitted
435,435,Mangaluru District Court,Justice 456,7,Acquitted
436,436,Mysuru District Court,Justice 232,8,Acquitted
437,437,Belagavi Sessions Court,Justice 137,10,Pending
438,438,Mangaluru District Court,Justice 90,10,Acquitted
439,439,Belagavi Sessions Court,Justice 67,13,Pending
440,440,Mangaluru District Court,Justice 197,11,Pending
441,441,Mysuru District Court,Justice 83,12,Pending
442,442,Mysuru District Court,Justice 34,18,Convicted
443,443,Bengaluru Sessions Court,Justice 179,2,Acquitted
444,444,Bengaluru Sessions Court,Justice 304,6,Convicted
445,445,Kalaburagi District Court,Justice 49,14,Convicted
446,446,Bengaluru Sessions Court,Justice 397,15,Acquitted
447,447,Belagavi Sessions Court,Justice 275,7,Acquitted
448,448,Belagavi Sessions Court,Justice 276,19,Convicted
449,449,Kalaburagi District Court,Justice 10,17,Pending
450,450,Mysuru District Court,Justice 458,5,Pending
451,451,Mysuru District Court,Justice 469,10,Convicted
452,452,Mangaluru District Court,Justice 178,18,Acquitted
453,453,Mysuru District Court,Justice 205,10,Convicted
454,454,Bengaluru Sessions Court,Justice 62,4,Acquitted
455,455,Hubballi District Court,Justice 450,20,Acquitted
456,456,Bengaluru Sessions Court,Justice 207,20,Pending
457,457,Kalaburagi District Court,Justice 261,9,Convicted
458,458,Mangaluru District Court,Justice 199,2,Convicted
459,459,Mysuru District Court,Justice 3,1,Convicted
460,460,Kalaburagi District Court,Justice 207,12,Convicted
461,461,Mangaluru District Court,Justice 150,11,Convicted
462,462,Mysuru District Court,Justice 102,15,Acquitted
463,463,Mysuru District Court,Justice 70,1,Convicted
464,464,Belagavi Sessions Court,Justice 454,7,Acquitted
465,465,Mangaluru District Court,Justice 121,4,Pending
466,466,Mysuru District Court,Justice 374,1,Acquitted
467,467,Mysuru District Court,Justice 94,15,Acquitted
468,468,Bengaluru Sessions Court,Justice 281,10,Acquitted
469,469,Mysuru District Court,Justice 184,18,Pending
470,470,Hubballi District Court,Justice 454,12,Acquitted
471,471,Bengaluru Sessions Court,Justice 3,3,Acquitted
472,472,Mysuru District Court,Justice 322,14,Pending
473,473,Bengaluru Sessions Court,Justice 294,18,Convicted
474,474,Kalaburagi District Court,Justice 225,1,Acquitted
475,475,Mysuru District Court,Justice 82,17,Acquitted
476,476,Mangaluru District Court,Justice 112,2,Acquitted
477,477,Belagavi Sessions Court,Justice 462,13,Acquitted
478,478,Kalaburagi District Court,Justice 242,18,Acquitted
479,479,Kalaburagi District Court,Justice 190,4,Acquitted
480,480,Mangaluru District Court,Justice 56,20,Acquitted
481,481,Kalaburagi District Court,Justice 166,11,Pending
482,482,Belagavi Sessions Court,Justice 108,5,Acquitted
483,483,Kalaburagi District Court,Justice 281,10,Acquitted
484,484,Bengaluru Sessions Court,Justice 86,4,Pending
485,485,Bengaluru Sessions Court,Justice 420,14,Acquitted
486,486,Mysuru District Court,Justice 307,12,Acquitted
487,487,Mysuru District Court,Justice 260,9,Pending
488,488,Mysuru District Court,Justice 388,3,Pending
489,489,Belagavi Sessions Court,Justice 18,9,Pending
490,490,Mysuru District Court,Justice 433,1,Pending
491,491,Mysuru District Court,Justice 381,15,Convicted
492,492,Mangaluru District Court,Justice 70,8,Acquitted
493,493,Hubballi District Court,Justice 87,8,Pending
494,494,Mysuru District Court,Justice 263,20,Pending
495,495,Mangaluru District Court,Justice 225,12,Acquitted
496,496,Mysuru District Court,Justice 26,6,Acquitted
497,497,Bengaluru Sessions Court,Justice 44,16,Pending
498,498,Mysuru District Court,Justice 350,1,Convicted
499,499,Belagavi Sessions Court,Justice 159,4,Acquitted
500,500,Mangaluru District Court,Justice 442,5,Convicted
501,501,Kalaburagi District Court,Justice 331,8,Convicted
502,502,Kalaburagi District Court,Justice 368,20,Acquitted
503,503,Belagavi Sessions Court,Justice 216,5,Pending
504,504,Bengaluru Sessions Court,Justice 85,19,Acquitted
505,505,Kalaburagi District Court,Justice 102,11,Convicted
506,506,Mangaluru District Court,Justice 39,13,Acquitted
507,507,Belagavi Sessions Court,Justice 54,16,Acquitted
508,508,Mangaluru District Court,Justice 335,2,Acquitted
509,509,Mangaluru District Court,Justice 440,11,Pending
510,510,Mysuru District Court,Justice 160,16,Convicted
511,511,Mangaluru District Court,Justice 157,18,Convicted
512,512,Belagavi Sessions Court,Justice 129,12,Convicted
513,513,Mysuru District Court,Justice 272,8,Pending
514,514,Kalaburagi District Court,Justice 17,17,Convicted
515,515,Hubballi District Court,Justice 394,5,Acquitted
516,516,Bengaluru Sessions Court,Justice 240,7,Acquitted
517,517,Mangaluru District Court,Justice 178,13,Convicted
518,518,Mangaluru District Court,Justice 373,7,Pending
519,519,Belagavi Sessions Court,Justice 370,10,Pending
520,520,Kalaburagi District Court,Justice 377,17,Pending
521,521,Belagavi Sessions Court,Justice 300,12,Acquitted
522,522,Mangaluru District Court,Justice 216,7,Convicted
523,523,Mangaluru District Court,Justice 286,18,Convicted
524,524,Belagavi Sessions Court,Justice 267,2,Pending
525,525,Hubballi District Court,Justice 263,20,Convicted
526,526,Belagavi Sessions Court,Justice 101,3,Pending
527,527,Mysuru District Court,Justice 82,9,Pending
528,528,Mysuru District Court,Justice 420,15,Acquitted
529,529,Bengaluru Sessions Court,Justice 131,12,Convicted
530,530,Kalaburagi District Court,Justice 448,6,Acquitted
531,531,Hubballi District Court,Justice 249,11,Convicted
532,532,Belagavi Sessions Court,Justice 385,11,Pending
533,533,Mangaluru District Court,Justice 275,2,Convicted
534,534,Bengaluru Sessions Court,Justice 268,20,Acquitted
535,535,Kalaburagi District Court,Justice 265,15,Acquitted
536,536,Kalaburagi District Court,Justice 127,17,Pending
537,537,Mangaluru District Court,Justice 56,16,Convicted
538,538,Kalaburagi District Court,Justice 462,9,Acquitted
539,539,Bengaluru Sessions Court,Justice 247,5,Acquitted
540,540,Kalaburagi District Court,Justice 448,5,Convicted
541,541,Kalaburagi District Court,Justice 294,13,Acquitted
542,542,Mangaluru District Court,Justice 28,18,Pending
543,543,Mangaluru District Court,Justice 94,4,Convicted
544,544,Mysuru District Court,Justice 373,14,Pending
545,545,Belagavi Sessions Court,Justice 189,1,Acquitted
546,546,Bengaluru Sessions Court,Justice 340,20,Acquitted
547,547,Bengaluru Sessions Court,Justice 57,4,Pending
548,548,Mysuru District Court,Justice 174,17,Acquitted
549,549,Mangaluru District Court,Justice 62,2,Pending
550,550,Mangaluru District Court,Justice 493,13,Pending
551,551,Mangaluru District Court,Justice 98,11,Convicted
552,552,Kalaburagi District Court,Justice 338,20,Pending
553,553,Kalaburagi District Court,Justice 431,1,Convicted
554,554,Hubballi District Court,Justice 239,4,Convicted
555,555,Mysuru District Court,Justice 235,13,Convicted
556,556,Kalaburagi District Court,Justice 133,11,Convicted
557,557,Mangaluru District Court,Justice 183,9,Convicted
558,558,Belagavi Sessions Court,Justice 382,15,Convicted
559,559,Mysuru District Court,Justice 462,11,Acquitted
560,560,Kalaburagi District Court,Justice 261,4,Pending
561,561,Belagavi Sessions Court,Justice 290,6,Acquitted
562,562,Mangaluru District Court,Justice 313,14,Convicted
563,563,Mangaluru District Court,Justice 123,14,Convicted
564,564,Bengaluru Sessions Court,Justice 337,9,Acquitted
565,565,Kalaburagi District Court,Justice 334,19,Acquitted
566,566,Bengaluru Sessions Court,Justice 9,8,Acquitted
567,567,Bengaluru Sessions Court,Justice 450,12,Acquitted
568,568,Bengaluru Sessions Court,Justice 352,7,Acquitted
569,569,Belagavi Sessions Court,Justice 120,6,Acquitted
570,570,Mysuru District Court,Justice 64,2,Acquitted
571,571,Kalaburagi District Court,Justice 5,8,Acquitted
572,572,Kalaburagi District Court,Justice 248,15,Convicted
573,573,Mysuru District Court,Justice 265,16,Acquitted
574,574,Mangaluru District Court,Justice 329,20,Convicted
575,575,Bengaluru Sessions Court,Justice 354,2,Convicted
576,576,Mysuru District Court,Justice 11,3,Convicted
577,577,Mysuru District Court,Justice 411,5,Convicted
578,578,Mysuru District Court,Justice 480,1,Acquitted
579,579,Hubballi District Court,Justice 374,5,Convicted
580,580,Hubballi District Court,Justice 488,14,Acquitted
581,581,Kalaburagi District Court,Justice 95,20,Pending
582,582,Bengaluru Sessions Court,Justice 497,4,Acquitted
583,583,Bengaluru Sessions Court,Justice 329,4,Convicted
584,584,Mysuru District Court,Justice 85,18,Pending
585,585,Mysuru District Court,Justice 458,9,Acquitted
586,586,Belagavi Sessions Court,Justice 444,18,Pending
587,587,Belagavi Sessions Court,Justice 452,19,Acquitted
588,588,Belagavi Sessions Court,Justice 166,5,Convicted
589,589,Mangaluru District Court,Justice 277,10,Acquitted
590,590,Bengaluru Sessions Court,Justice 75,13,Acquitted
591,591,Mangaluru District Court,Justice 179,19,Acquitted
592,592,Bengaluru Sessions Court,Justice 460,14,Pending
593,593,Bengaluru Sessions Court,Justice 187,14,Pending
594,594,Kalaburagi District Court,Justice 2,3,Convicted
595,595,Mysuru District Court,Justice 25,1,Acquitted
596,596,Hubballi District Court,Justice 435,18,Convicted
597,597,Hubballi District Court,Justice 477,5,Convicted
598,598,Bengaluru Sessions Court,Justice 260,2,Convicted
599,599,Kalaburagi District Court,Justice 480,11,Acquitted
600,600,Bengaluru Sessions Court,Justice 177,5,Acquitted
601,601,Hubballi District Court,Justice 219,15,Acquitted
602,602,Hubballi District Court,Justice 116,1,Acquitted
603,603,Belagavi Sessions Court,Justice 55,7,Acquitted
604,604,Bengaluru Sessions Court,Justice 319,18,Convicted
605,605,Belagavi Sessions Court,Justice 272,10,Convicted
606,606,Hubballi District Court,Justice 208,14,Acquitted
607,607,Kalaburagi District Court,Justice 452,2,Pending
608,608,Bengaluru Sessions Court,Justice 82,7,Convicted
609,609,Bengaluru Sessions Court,Justice 228,17,Pending
610,610,Bengaluru Sessions Court,Justice 434,4,Pending
611,611,Mysuru District Court,Justice 84,4,Convicted
612,612,Bengaluru Sessions Court,Justice 323,17,Acquitted
613,613,Bengaluru Sessions Court,Justice 216,17,Pending
614,614,Kalaburagi District Court,Justice 490,14,Convicted
615,615,Belagavi Sessions Court,Justice 16,6,Pending
616,616,Kalaburagi District Court,Justice 61,7,Convicted
617,617,Mysuru District Court,Justice 256,18,Acquitted
618,618,Mangaluru District Court,Justice 27,8,Acquitted
619,619,Mangaluru District Court,Justice 497,17,Acquitted
620,620,Belagavi Sessions Court,Justice 60,3,Acquitted
621,621,Bengaluru Sessions Court,Justice 346,4,Acquitted
622,622,Hubballi District Court,Justice 412,5,Convicted
623,623,Bengaluru Sessions Court,Justice 84,20,Convicted
624,624,Bengaluru Sessions Court,Justice 339,4,Convicted
625,625,Mysuru District Court,Justice 55,3,Pending
626,626,Kalaburagi District Court,Justice 445,16,Convicted
627,627,Bengaluru Sessions Court,Justice 373,2,Convicted
628,628,Mangaluru District Court,Justice 329,15,Acquitted
629,629,Mangaluru District Court,Justice 78,11,Convicted
630,630,Belagavi Sessions Court,Justice 291,7,Convicted
631,631,Kalaburagi District Court,Justice 156,9,Pending
632,632,Mysuru District Court,Justice 343,5,Pending
633,633,Belagavi Sessions Court,Justice 75,15,Pending
634,634,Bengaluru Sessions Court,Justice 101,5,Acquitted
635,635,Kalaburagi District Court,Justice 76,14,Pending
636,636,Mangaluru District Court,Justice 182,2,Convicted
637,637,Belagavi Sessions Court,Justice 158,17,Pending
638,638,Belagavi Sessions Court,Justice 300,20,Acquitted
639,639,Bengaluru Sessions Court,Justice 310,1,Pending
640,640,Belagavi Sessions Court,Justice 420,17,Convicted
641,641,Mangaluru District Court,Justice 276,13,Pending
642,642,Belagavi Sessions Court,Justice 135,19,Acquitted
643,643,Bengaluru Sessions Court,Justice 363,17,Acquitted
644,644,Bengaluru Sessions Court,Justice 253,3,Pending
645,645,Bengaluru Sessions Court,Justice 121,4,Acquitted
646,646,Hubballi District Court,Justice 50,15,Convicted
647,647,Mangaluru District Court,Justice 72,1,Convicted
648,648,Mangaluru District Court,Justice 81,6,Acquitted
649,649,Bengaluru Sessions Court,Justice 181,8,Pending
650,650,Kalaburagi District Court,Justice 277,16,Acquitted
651,651,Bengaluru Sessions Court,Justice 97,18,Acquitted
652,652,Mysuru District Court,Justice 242,17,Pending
653,653,Hubballi District Court,Justice 304,20,Pending
654,654,Mysuru District Court,Justice 239,1,Pending
655,655,Mysuru District Court,Justice 366,4,Acquitted
656,656,Belagavi Sessions Court,Justice 439,3,Acquitted
657,657,Hubballi District Court,Justice 398,12,Acquitted
658,658,Hubballi District Court,Justice 468,19,Pending
659,659,Mangaluru District Court,Justice 492,3,Convicted
660,660,Belagavi Sessions Court,Justice 352,10,Acquitted
661,661,Kalaburagi District Court,Justice 75,16,Pending
662,662,Bengaluru Sessions Court,Justice 208,9,Acquitted
663,663,Mangaluru District Court,Justice 397,12,Convicted
664,664,Mangaluru District Court,Justice 234,13,Convicted
665,665,Mangaluru District Court,Justice 47,8,Convicted
666,666,Hubballi District Court,Justice 270,10,Pending
667,667,Kalaburagi District Court,Justice 166,20,Acquitted
668,668,Mysuru District Court,Justice 73,4,Acquitted
669,669,Hubballi District Court,Justice 333,5,Pending
670,670,Bengaluru Sessions Court,Justice 31,18,Acquitted
671,671,Belagavi Sessions Court,Justice 146,17,Pending
672,672,Bengaluru Sessions Court,Justice 280,5,Acquitted
673,673,Kalaburagi District Court,Justice 467,19,Pending
674,674,Mysuru District Court,Justice 431,20,Pending
675,675,Mangaluru District Court,Justice 128,8,Acquitted
676,676,Kalaburagi District Court,Justice 183,12,Convicted
677,677,Mangaluru District Court,Justice 215,9,Convicted
678,678,Mysuru District Court,Justice 352,9,Convicted
679,679,Hubballi District Court,Justice 320,17,Convicted
680,680,Hubballi District Court,Justice 67,12,Acquitted
681,681,Belagavi Sessions Court,Justice 339,15,Pending
682,682,Mangaluru District Court,Justice 114,18,Pending
683,683,Bengaluru Sessions Court,Justice 293,6,Pending
684,684,Mangaluru District Court,Justice 60,15,Convicted
685,685,Belagavi Sessions Court,Justice 49,9,Acquitted
686,686,Hubballi District Court,Justice 468,13,Acquitted
687,687,Mangaluru District Court,Justice 474,4,Convicted
688,688,Kalaburagi District Court,Justice 163,11,Pending
689,689,Belagavi Sessions Court,Justice 33,10,Convicted
690,690,Kalaburagi District Court,Justice 234,20,Convicted
691,691,Bengaluru Sessions Court,Justice 26,8,Acquitted
692,692,Bengaluru Sessions Court,Justice 407,19,Convicted
693,693,Bengaluru Sessions Court,Justice 396,4,Pending
694,694,Mysuru District Court,Justice 259,3,Pending
695,695,Kalaburagi District Court,Justice 468,15,Pending
696,696,Mangaluru District Court,Justice 390,5,Convicted
697,697,Kalaburagi District Court,Justice 380,20,Convicted
698,698,Bengaluru Sessions Court,Justice 500,2,Pending
699,699,Bengaluru Sessions Court,Justice 456,15,Convicted
700,700,Mangaluru District Court,Justice 72,13,Acquitted
701,701,Belagavi Sessions Court,Justice 97,3,Convicted
702,702,Hubballi District Court,Justice 298,7,Acquitted
703,703,Belagavi Sessions Court,Justice 144,4,Acquitted
704,704,Mysuru District Court,Justice 139,20,Pending
705,705,Belagavi Sessions Court,Justice 424,4,Convicted
706,706,Bengaluru Sessions Court,Justice 74,1,Acquitted
707,707,Mangaluru District Court,Justice 319,18,Acquitted
708,708,Belagavi Sessions Court,Justice 232,9,Pending
709,709,Bengaluru Sessions Court,Justice 252,4,Convicted
710,710,Mangaluru District Court,Justice 295,10,Pending
711,711,Bengaluru Sessions Court,Justice 136,4,Convicted
712,712,Kalaburagi District Court,Justice 428,4,Convicted
713,713,Bengaluru Sessions Court,Justice 238,9,Convicted
714,714,Mysuru District Court,Justice 231,10,Pending
715,715,Mangaluru District Court,Justice 148,12,Convicted
716,716,Mysuru District Court,Justice 483,10,Convicted
717,717,Belagavi Sessions Court,Justice 399,11,Pending
718,718,Bengaluru Sessions Court,Justice 30,17,Pending
719,719,Belagavi Sessions Court,Justice 73,8,Convicted
720,720,Mysuru District Court,Justice 414,19,Convicted
721,721,Belagavi Sessions Court,Justice 6,4,Pending
722,722,Bengaluru Sessions Court,Justice 438,20,Acquitted
723,723,Belagavi Sessions Court,Justice 62,13,Acquitted
724,724,Mysuru District Court,Justice 399,16,Convicted
725,725,Bengaluru Sessions Court,Justice 45,4,Pending
726,726,Hubballi District Court,Justice 174,16,Pending
727,727,Hubballi District Court,Justice 430,7,Pending
728,728,Mangaluru District Court,Justice 300,17,Acquitted
729,729,Bengaluru Sessions Court,Justice 4,14,Convicted
730,730,Mysuru District Court,Justice 43,18,Acquitted
731,731,Mangaluru District Court,Justice 287,10,Convicted
732,732,Belagavi Sessions Court,Justice 418,2,Convicted
733,733,Kalaburagi District Court,Justice 58,13,Convicted
734,734,Hubballi District Court,Justice 21,19,Acquitted
735,735,Kalaburagi District Court,Justice 10,18,Acquitted
736,736,Hubballi District Court,Justice 277,18,Pending
737,737,Bengaluru Sessions Court,Justice 151,11,Pending
738,738,Mysuru District Court,Justice 296,14,Pending
739,739,Hubballi District Court,Justice 401,14,Convicted
740,740,Belagavi Sessions Court,Justice 332,11,Acquitted
741,741,Bengaluru Sessions Court,Justice 39,9,Convicted
742,742,Mangaluru District Court,Justice 315,16,Pending
743,743,Mysuru District Court,Justice 160,1,Convicted
744,744,Belagavi Sessions Court,Justice 236,8,Pending
745,745,Belagavi Sessions Court,Justice 420,20,Pending
746,746,Bengaluru Sessions Court,Justice 453,20,Convicted
747,747,Hubballi District Court,Justice 164,4,Acquitted
748,748,Hubballi District Court,Justice 58,12,Pending
749,749,Mysuru District Court,Justice 39,7,Pending
750,750,Mysuru District Court,Justice 378,17,Acquitted
751,751,Mysuru District Court,Justice 229,18,Convicted
752,752,Mangaluru District Court,Justice 498,11,Pending
753,753,Kalaburagi District Court,Justice 442,14,Convicted
754,754,Hubballi District Court,Justice 412,15,Acquitted
755,755,Belagavi Sessions Court,Justice 191,2,Convicted
756,756,Hubballi District Court,Justice 257,16,Acquitted
757,757,Kalaburagi District Court,Justice 291,5,Pending
758,758,Hubballi District Court,Justice 195,8,Pending
759,759,Mangaluru District Court,Justice 494,8,Pending
760,760,Belagavi Sessions Court,Justice 282,4,Acquitted
761,761,Bengaluru Sessions Court,Justice 76,4,Acquitted
762,762,Hubballi District Court,Justice 159,13,Convicted
763,763,Kalaburagi District Court,Justice 108,9,Pending
764,764,Kalaburagi District Court,Justice 449,19,Pending
765,765,Mangaluru District Court,Justice 385,2,Acquitted
766,766,Hubballi District Court,Justice 491,6,Convicted
767,767,Hubballi District Court,Justice 48,12,Convicted
768,768,Bengaluru Sessions Court,Justice 451,4,Pending
769,769,Bengaluru Sessions Court,Justice 330,10,Convicted
770,770,Hubballi District Court,Justice 149,3,Acquitted
771,771,Mysuru District Court,Justice 200,13,Acquitted
772,772,Belagavi Sessions Court,Justice 127,11,Pending
773,773,Belagavi Sessions Court,Justice 42,14,Pending
774,774,Hubballi District Court,Justice 25,18,Acquitted
775,775,Belagavi Sessions Court,Justice 346,11,Pending
776,776,Belagavi Sessions Court,Justice 439,13,Acquitted
777,777,Kalaburagi District Court,Justice 467,9,Convicted
778,778,Hubballi District Court,Justice 24,12,Acquitted
779,779,Bengaluru Sessions Court,Justice 398,20,Pending
780,780,Belagavi Sessions Court,Justice 230,6,Convicted
781,781,Belagavi Sessions Court,Justice 183,19,Convicted
782,782,Kalaburagi District Court,Justice 282,2,Convicted
783,783,Belagavi Sessions Court,Justice 222,16,Pending
784,784,Hubballi District Court,Justice 115,16,Pending
785,785,Kalaburagi District Court,Justice 132,19,Pending
786,786,Mangaluru District Court,Justice 272,15,Pending
787,787,Bengaluru Sessions Court,Justice 374,2,Convicted
788,788,Kalaburagi District Court,Justice 302,3,Convicted
789,789,Mysuru District Court,Justice 199,9,Pending
790,790,Bengaluru Sessions Court,Justice 104,10,Convicted
791,791,Belagavi Sessions Court,Justice 150,14,Convicted
792,792,Mysuru District Court,Justice 233,13,Pending
793,793,Mangaluru District Court,Justice 103,10,Pending
794,794,Kalaburagi District Court,Justice 301,3,Pending
795,795,Belagavi Sessions Court,Justice 375,5,Convicted
796,796,Belagavi Sessions Court,Justice 384,5,Pending
797,797,Mangaluru District Court,Justice 28,18,Convicted
798,798,Bengaluru Sessions Court,Justice 471,19,Pending
799,799,Kalaburagi District Court,Justice 163,2,Convicted
800,800,Mysuru District Court,Justice 318,20,Pending
801,801,Kalaburagi District Court,Justice 153,7,Convicted
802,802,Mysuru District Court,Justice 421,3,Pending
803,803,Mysuru District Court,Justice 493,19,Pending
804,804,Belagavi Sessions Court,Justice 447,10,Pending
805,805,Kalaburagi District Court,Justice 458,1,Acquitted
806,806,Kalaburagi District Court,Justice 164,15,Pending
807,807,Bengaluru Sessions Court,Justice 99,2,Acquitted
808,808,Bengaluru Sessions Court,Justice 457,19,Acquitted
809,809,Belagavi Sessions Court,Justice 121,13,Acquitted
810,810,Kalaburagi District Court,Justice 319,14,Acquitted
811,811,Mysuru District Court,Justice 110,2,Acquitted
812,812,Hubballi District Court,Justice 206,10,Acquitted
813,813,Bengaluru Sessions Court,Justice 468,9,Convicted
814,814,Hubballi District Court,Justice 56,15,Convicted
815,815,Hubballi District Court,Justice 321,13,Convicted
816,816,Mysuru District Court,Justice 493,9,Pending
817,817,Mysuru District Court,Justice 251,19,Acquitted
818,818,Hubballi District Court,Justice 254,1,Convicted
819,819,Mangaluru District Court,Justice 279,10,Acquitted
820,820,Mangaluru District Court,Justice 85,3,Acquitted
821,821,Bengaluru Sessions Court,Justice 240,8,Acquitted
822,822,Mangaluru District Court,Justice 286,4,Acquitted
823,823,Hubballi District Court,Justice 73,9,Convicted
824,824,Hubballi District Court,Justice 305,11,Acquitted
825,825,Belagavi Sessions Court,Justice 202,11,Pending
826,826,Mysuru District Court,Justice 150,2,Pending
827,827,Bengaluru Sessions Court,Justice 423,19,Convicted
828,828,Mangaluru District Court,Justice 254,3,Pending
829,829,Kalaburagi District Court,Justice 441,20,Acquitted
830,830,Belagavi Sessions Court,Justice 29,19,Convicted
831,831,Mysuru District Court,Justice 177,10,Pending
832,832,Mangaluru District Court,Justice 298,5,Pending
833,833,Kalaburagi District Court,Justice 477,13,Convicted
834,834,Hubballi District Court,Justice 406,15,Convicted
835,835,Mangaluru District Court,Justice 438,15,Convicted
836,836,Hubballi District Court,Justice 38,19,Convicted
837,837,Kalaburagi District Court,Justice 97,13,Acquitted
838,838,Bengaluru Sessions Court,Justice 158,14,Pending
839,839,Mysuru District Court,Justice 266,8,Convicted
840,840,Hubballi District Court,Justice 274,6,Acquitted
841,841,Kalaburagi District Court,Justice 162,13,Pending
842,842,Belagavi Sessions Court,Justice 177,3,Convicted
843,843,Belagavi Sessions Court,Justice 472,14,Pending
844,844,Belagavi Sessions Court,Justice 358,3,Acquitted
845,845,Belagavi Sessions Court,Justice 9,15,Acquitted
846,846,Hubballi District Court,Justice 367,16,Pending
847,847,Kalaburagi District Court,Justice 41,5,Pending
848,848,Belagavi Sessions Court,Justice 13,9,Pending
849,849,Bengaluru Sessions Court,Justice 166,3,Convicted
850,850,Kalaburagi District Court,Justice 315,19,Acquitted
851,851,Kalaburagi District Court,Justice 405,18,Acquitted
852,852,Mysuru District Court,Justice 51,5,Pending
853,853,Mysuru District Court,Justice 249,19,Pending
854,854,Belagavi Sessions Court,Justice 251,4,Convicted
855,855,Mangaluru District Court,Justice 310,10,Pending
856,856,Mysuru District Court,Justice 278,6,Pending
857,857,Belagavi Sessions Court,Justice 21,19,Pending
858,858,Hubballi District Court,Justice 223,20,Convicted
859,859,Bengaluru Sessions Court,Justice 481,1,Acquitted
860,860,Belagavi Sessions Court,Justice 373,5,Pending
861,861,Kalaburagi District Court,Justice 373,4,Convicted
862,862,Kalaburagi District Court,Justice 434,19,Convicted
863,863,Belagavi Sessions Court,Justice 482,4,Pending
864,864,Kalaburagi District Court,Justice 16,15,Acquitted
865,865,Belagavi Sessions Court,Justice 92,15,Acquitted
866,866,Belagavi Sessions Court,Justice 392,10,Convicted
867,867,Bengaluru Sessions Court,Justice 148,6,Acquitted
868,868,Bengaluru Sessions Court,Justice 104,13,Pending
869,869,Mangaluru District Court,Justice 96,9,Pending
870,870,Belagavi Sessions Court,Justice 270,11,Pending
871,871,Bengaluru Sessions Court,Justice 231,9,Pending
872,872,Mysuru District Court,Justice 219,6,Pending
873,873,Mysuru District Court,Justice 445,14,Acquitted
874,874,Hubballi District Court,Justice 137,20,Pending
875,875,Kalaburagi District Court,Justice 237,3,Convicted
876,876,Kalaburagi District Court,Justice 108,18,Acquitted
877,877,Belagavi Sessions Court,Justice 415,19,Convicted
878,878,Mysuru District Court,Justice 252,11,Convicted
879,879,Belagavi Sessions Court,Justice 219,15,Pending
880,880,Bengaluru Sessions Court,Justice 344,6,Pending
881,881,Hubballi District Court,Justice 143,6,Pending
882,882,Hubballi District Court,Justice 295,11,Convicted
883,883,Mangaluru District Court,Justice 335,1,Convicted
884,884,Kalaburagi District Court,Justice 342,3,Acquitted
885,885,Hubballi District Court,Justice 268,12,Convicted
886,886,Mangaluru District Court,Justice 251,1,Convicted
887,887,Belagavi Sessions Court,Justice 64,14,Pending
888,888,Mangaluru District Court,Justice 257,9,Convicted
889,889,Hubballi District Court,Justice 8,11,Pending
890,890,Mangaluru District Court,Justice 252,19,Acquitted
891,891,Kalaburagi District Court,Justice 446,2,Pending
892,892,Hubballi District Court,Justice 495,12,Convicted
893,893,Belagavi Sessions Court,Justice 367,7,Acquitted
894,894,Mysuru District Court,Justice 268,17,Pending
895,895,Belagavi Sessions Court,Justice 61,10,Pending
896,896,Belagavi Sessions Court,Justice 208,20,Convicted
897,897,Kalaburagi District Court,Justice 331,20,Acquitted
898,898,Hubballi District Court,Justice 259,8,Acquitted
899,899,Belagavi Sessions Court,Justice 487,8,Convicted
900,900,Bengaluru Sessions Court,Justice 452,17,Pending
901,901,Kalaburagi District Court,Justice 65,15,Acquitted
902,902,Bengaluru Sessions Court,Justice 227,2,Convicted
903,903,Mysuru District Court,Justice 95,15,Pending
904,904,Mangaluru District Court,Justice 85,12,Acquitted
905,905,Hubballi District Court,Justice 300,8,Acquitted
906,906,Hubballi District Court,Justice 18,20,Convicted
907,907,Bengaluru Sessions Court,Justice 413,15,Convicted
908,908,Hubballi District Court,Justice 373,2,Pending
909,909,Hubballi District Court,Justice 54,13,Pending
910,910,Hubballi District Court,Justice 159,13,Pending
911,911,Belagavi Sessions Court,Justice 178,7,Pending
912,912,Hubballi District Court,Justice 401,12,Acquitted
913,913,Hubballi District Court,Justice 179,9,Convicted
914,914,Hubballi District Court,Justice 49,12,Convicted
915,915,Belagavi Sessions Court,Justice 484,9,Acquitted
916,916,Mysuru District Court,Justice 45,2,Pending
917,917,Kalaburagi District Court,Justice 342,7,Convicted
918,918,Kalaburagi District Court,Justice 160,17,Convicted
919,919,Bengaluru Sessions Court,Justice 64,13,Pending
920,920,Mysuru District Court,Justice 309,1,Convicted
921,921,Belagavi Sessions Court,Justice 193,18,Pending
922,922,Mangaluru District Court,Justice 197,7,Acquitted
923,923,Hubballi District Court,Justice 138,3,Pending
924,924,Bengaluru Sessions Court,Justice 181,19,Acquitted
925,925,Kalaburagi District Court,Justice 223,7,Acquitted
926,926,Belagavi Sessions Court,Justice 483,8,Convicted
927,927,Mysuru District Court,Justice 214,10,Acquitted
928,928,Bengaluru Sessions Court,Justice 65,8,Acquitted
929,929,Mangaluru District Court,Justice 3,7,Acquitted
930,930,Mangaluru District Court,Justice 333,9,Pending
931,931,Kalaburagi District Court,Justice 392,17,Convicted
932,932,Mangaluru District Court,Justice 383,3,Pending
933,933,Mysuru District Court,Justice 156,5,Acquitted
934,934,Mysuru District Court,Justice 2,4,Convicted
935,935,Bengaluru Sessions Court,Justice 345,1,Acquitted
936,936,Kalaburagi District Court,Justice 147,15,Acquitted
937,937,Kalaburagi District Court,Justice 306,16,Convicted
938,938,Hubballi District Court,Justice 225,15,Acquitted
939,939,Mangaluru District Court,Justice 437,4,Pending
940,940,Bengaluru Sessions Court,Justice 334,5,Acquitted
941,941,Hubballi District Court,Justice 297,10,Pending
942,942,Mangaluru District Court,Justice 148,2,Acquitted
943,943,Hubballi District Court,Justice 461,6,Pending
944,944,Kalaburagi District Court,Justice 286,15,Convicted
945,945,Hubballi District Court,Justice 146,1,Acquitted
946,946,Mangaluru District Court,Justice 42,7,Pending
947,947,Kalaburagi District Court,Justice 150,4,Acquitted
948,948,Hubballi District Court,Justice 380,16,Acquitted
949,949,Bengaluru Sessions Court,Justice 229,1,Convicted
950,950,Mysuru District Court,Justice 61,10,Pending
951,951,Mysuru District Court,Justice 423,20,Convicted
952,952,Hubballi District Court,Justice 424,17,Pending
953,953,Mysuru District Court,Justice 30,4,Acquitted
954,954,Kalaburagi District Court,Justice 318,2,Pending
955,955,Mangaluru District Court,Justice 9,10,Pending
956,956,Mysuru District Court,Justice 31,4,Acquitted
957,957,Mangaluru District Court,Justice 392,13,Convicted
958,958,Bengaluru Sessions Court,Justice 265,19,Convicted
959,959,Mysuru District Court,Justice 26,7,Acquitted
960,960,Mysuru District Court,Justice 465,20,Pending
961,961,Kalaburagi District Court,Justice 273,5,Convicted
962,962,Kalaburagi District Court,Justice 169,19,Acquitted
963,963,Bengaluru Sessions Court,Justice 235,20,Acquitted
964,964,Mysuru District Court,Justice 292,17,Acquitted
965,965,Mysuru District Court,Justice 111,7,Acquitted
966,966,Belagavi Sessions Court,Justice 433,4,Pending
967,967,Kalaburagi District Court,Justice 228,4,Convicted
968,968,Hubballi District Court,Justice 374,1,Convicted
969,969,Kalaburagi District Court,Justice 120,11,Pending
970,970,Belagavi Sessions Court,Justice 122,15,Acquitted
971,971,Belagavi Sessions Court,Justice 46,12,Convicted
972,972,Kalaburagi District Court,Justice 336,2,Acquitted
973,973,Mangaluru District Court,Justice 258,17,Convicted
974,974,Mangaluru District Court,Justice 11,18,Convicted
975,975,Mangaluru District Court,Justice 252,18,Convicted
976,976,Mangaluru District Court,Justice 4,10,Convicted
977,977,Hubballi District Court,Justice 139,18,Acquitted
978,978,Belagavi Sessions Court,Justice 416,3,Acquitted
979,979,Kalaburagi District Court,Justice 305,13,Convicted
980,980,Bengaluru Sessions Court,Justice 473,16,Acquitted
981,981,Mangaluru District Court,Justice 451,9,Acquitted
982,982,Mangaluru District Court,Justice 234,16,Convicted
983,983,Hubballi District Court,Justice 413,13,Acquitted
984,984,Mangaluru District Court,Justice 419,15,Acquitted
985,985,Bengaluru Sessions Court,Justice 376,8,Pending
986,986,Mysuru District Court,Justice 417,7,Acquitted
987,987,Belagavi Sessions Court,Justice 428,16,Acquitted
988,988,Mangaluru District Court,Justice 81,3,Convicted
989,989,Bengaluru Sessions Court,Justice 224,17,Pending
990,990,Belagavi Sessions Court,Justice 275,10,Pending
991,991,Hubballi District Court,Justice 439,9,Acquitted
992,992,Kalaburagi District Court,Justice 314,10,Acquitted
993,993,Mysuru District Court,Justice 55,18,Acquitted
994,994,Hubballi District Court,Justice 79,16,Convicted
995,995,Kalaburagi District Court,Justice 314,18,Pending
996,996,Belagavi Sessions Court,Justice 433,9,Convicted
997,997,Mysuru District Court,Justice 255,16,Pending
998,998,Hubballi District Court,Justice 127,11,Acquitted
999,999,Kalaburagi District Court,Justice 60,3,Pending
1000,1000,Bengaluru Sessions Court,Justice 74,8,Acquitted
1001,1001,Belagavi Sessions Court,Justice 232,19,Acquitted
1002,1002,Belagavi Sessions Court,Justice 478,12,Acquitted
1003,1003,Mangaluru District Court,Justice 325,8,Convicted
1004,1004,Belagavi Sessions Court,Justice 270,11,Pending
1005,1005,Bengaluru Sessions Court,Justice 23,13,Acquitted
1006,1006,Hubballi District Court,Justice 450,2,Pending
1007,1007,Mysuru District Court,Justice 474,16,Acquitted
1008,1008,Mysuru District Court,Justice 191,13,Acquitted
1009,1009,Hubballi District Court,Justice 495,13,Convicted
1010,1010,Mangaluru District Court,Justice 214,2,Pending
1011,1011,Mangaluru District Court,Justice 199,2,Pending
1012,1012,Hubballi District Court,Justice 44,16,Convicted
1013,1013,Kalaburagi District Court,Justice 55,9,Pending
1014,1014,Bengaluru Sessions Court,Justice 78,20,Acquitted
1015,1015,Hubballi District Court,Justice 153,15,Acquitted
1016,1016,Hubballi District Court,Justice 473,1,Acquitted
1017,1017,Bengaluru Sessions Court,Justice 45,10,Pending
1018,1018,Belagavi Sessions Court,Justice 212,18,Acquitted
1019,1019,Mysuru District Court,Justice 287,8,Acquitted
1020,1020,Belagavi Sessions Court,Justice 173,16,Pending
1021,1021,Hubballi District Court,Justice 459,15,Pending
1022,1022,Hubballi District Court,Justice 55,3,Pending
1023,1023,Hubballi District Court,Justice 255,19,Acquitted
1024,1024,Hubballi District Court,Justice 325,17,Pending
1025,1025,Mysuru District Court,Justice 321,7,Convicted
1026,1026,Belagavi Sessions Court,Justice 62,8,Acquitted
1027,1027,Kalaburagi District Court,Justice 119,17,Convicted
1028,1028,Mysuru District Court,Justice 487,1,Pending
1029,1029,Hubballi District Court,Justice 121,20,Pending
1030,1030,Mysuru District Court,Justice 89,20,Acquitted
1031,1031,Kalaburagi District Court,Justice 240,10,Acquitted
1032,1032,Mysuru District Court,Justice 250,11,Acquitted
1033,1033,Hubballi District Court,Justice 21,1,Convicted
1034,1034,Bengaluru Sessions Court,Justice 123,20,Convicted
1035,1035,Hubballi District Court,Justice 146,20,Acquitted
1036,1036,Belagavi Sessions Court,Justice 111,16,Acquitted
1037,1037,Bengaluru Sessions Court,Justice 68,12,Pending
1038,1038,Hubballi District Court,Justice 165,4,Pending
1039,1039,Bengaluru Sessions Court,Justice 489,8,Pending
1040,1040,Belagavi Sessions Court,Justice 8,8,Acquitted
1041,1041,Mysuru District Court,Justice 20,1,Acquitted
1042,1042,Mangaluru District Court,Justice 332,14,Pending
1043,1043,Mangaluru District Court,Justice 171,14,Pending
1044,1044,Bengaluru Sessions Court,Justice 294,12,Pending
1045,1045,Mangaluru District Court,Justice 207,9,Convicted
1046,1046,Bengaluru Sessions Court,Justice 124,5,Convicted
1047,1047,Mysuru District Court,Justice 19,8,Pending
1048,1048,Mangaluru District Court,Justice 7,3,Convicted
1049,1049,Mangaluru District Court,Justice 100,10,Convicted
1050,1050,Belagavi Sessions Court,Justice 256,5,Pending
1051,1051,Belagavi Sessions Court,Justice 500,3,Convicted
1052,1052,Hubballi District Court,Justice 95,6,Convicted
1053,1053,Belagavi Sessions Court,Justice 46,14,Acquitted
1054,1054,Kalaburagi District Court,Justice 143,11,Pending
1055,1055,Bengaluru Sessions Court,Justice 103,5,Acquitted
1056,1056,Mangaluru District Court,Justice 78,20,Pending
1057,1057,Belagavi Sessions Court,Justice 229,18,Pending
1058,1058,Hubballi District Court,Justice 105,6,Convicted
1059,1059,Hubballi District Court,Justice 397,5,Acquitted
1060,1060,Belagavi Sessions Court,Justice 77,19,Convicted
1061,1061,Mangaluru District Court,Justice 275,9,Convicted
1062,1062,Mangaluru District Court,Justice 214,15,Acquitted
1063,1063,Belagavi Sessions Court,Justice 303,3,Convicted
1064,1064,Bengaluru Sessions Court,Justice 90,17,Pending
1065,1065,Belagavi Sessions Court,Justice 403,20,Convicted
1066,1066,Hubballi District Court,Justice 292,18,Convicted
1067,1067,Belagavi Sessions Court,Justice 331,17,Acquitted
1068,1068,Mangaluru District Court,Justice 401,4,Acquitted
1069,1069,Hubballi District Court,Justice 280,2,Pending
1070,1070,Hubballi District Court,Justice 497,7,Convicted
1071,1071,Kalaburagi District Court,Justice 455,16,Pending
1072,1072,Belagavi Sessions Court,Justice 300,13,Acquitted
1073,1073,Bengaluru Sessions Court,Justice 179,5,Pending
1074,1074,Mysuru District Court,Justice 49,6,Pending
1075,1075,Bengaluru Sessions Court,Justice 96,19,Convicted
1076,1076,Mangaluru District Court,Justice 23,6,Convicted
1077,1077,Bengaluru Sessions Court,Justice 8,6,Pending
1078,1078,Mangaluru District Court,Justice 303,14,Convicted
1079,1079,Bengaluru Sessions Court,Justice 329,14,Acquitted
1080,1080,Hubballi District Court,Justice 81,17,Pending
1081,1081,Mysuru District Court,Justice 474,9,Acquitted
1082,1082,Bengaluru Sessions Court,Justice 414,11,Acquitted
1083,1083,Mangaluru District Court,Justice 159,10,Convicted
1084,1084,Mysuru District Court,Justice 23,16,Acquitted
1085,1085,Belagavi Sessions Court,Justice 233,2,Convicted
1086,1086,Belagavi Sessions Court,Justice 463,20,Pending
1087,1087,Mangaluru District Court,Justice 236,2,Pending
1088,1088,Mysuru District Court,Justice 275,15,Acquitted
1089,1089,Mysuru District Court,Justice 301,11,Acquitted
1090,1090,Bengaluru Sessions Court,Justice 23,5,Convicted
1091,1091,Hubballi District Court,Justice 346,4,Convicted
1092,1092,Kalaburagi District Court,Justice 151,6,Pending
1093,1093,Hubballi District Court,Justice 173,12,Convicted
1094,1094,Mysuru District Court,Justice 252,13,Pending
1095,1095,Belagavi Sessions Court,Justice 93,10,Convicted
1096,1096,Kalaburagi District Court,Justice 247,7,Acquitted
1097,1097,Mysuru District Court,Justice 250,20,Convicted
1098,1098,Kalaburagi District Court,Justice 423,10,Convicted
1099,1099,Mysuru District Court,Justice 448,2,Acquitted
1100,1100,Mangaluru District Court,Justice 420,14,Convicted
1101,1101,Hubballi District Court,Justice 173,15,Convicted
1102,1102,Belagavi Sessions Court,Justice 229,1,Pending
1103,1103,Mysuru District Court,Justice 4,19,Acquitted
1104,1104,Kalaburagi District Court,Justice 358,17,Acquitted
1105,1105,Hubballi District Court,Justice 205,11,Acquitted
1106,1106,Bengaluru Sessions Court,Justice 397,1,Pending
1107,1107,Bengaluru Sessions Court,Justice 398,19,Acquitted
1108,1108,Bengaluru Sessions Court,Justice 41,12,Pending
1109,1109,Mangaluru District Court,Justice 497,20,Acquitted
1110,1110,Kalaburagi District Court,Justice 107,15,Acquitted
1111,1111,Hubballi District Court,Justice 47,10,Convicted
1112,1112,Mysuru District Court,Justice 64,9,Convicted
1113,1113,Mysuru District Court,Justice 499,3,Acquitted
1114,1114,Bengaluru Sessions Court,Justice 256,5,Pending
1115,1115,Mysuru District Court,Justice 323,19,Acquitted
1116,1116,Mysuru District Court,Justice 321,3,Acquitted
1117,1117,Kalaburagi District Court,Justice 429,16,Acquitted
1118,1118,Belagavi Sessions Court,Justice 84,5,Acquitted
1119,1119,Bengaluru Sessions Court,Justice 31,2,Acquitted
1120,1120,Bengaluru Sessions Court,Justice 312,2,Convicted
1121,1121,Belagavi Sessions Court,Justice 59,19,Acquitted
1122,1122,Belagavi Sessions Court,Justice 379,16,Acquitted
1123,1123,Belagavi Sessions Court,Justice 302,5,Convicted
1124,1124,Belagavi Sessions Court,Justice 74,4,Convicted
1125,1125,Mysuru District Court,Justice 355,5,Convicted
1126,1126,Hubballi District Court,Justice 416,20,Convicted
1127,1127,Belagavi Sessions Court,Justice 333,17,Pending
1128,1128,Hubballi District Court,Justice 75,3,Convicted
1129,1129,Mangaluru District Court,Justice 251,3,Pending
1130,1130,Belagavi Sessions Court,Justice 119,13,Convicted
1131,1131,Kalaburagi District Court,Justice 159,7,Acquitted
1132,1132,Mangaluru District Court,Justice 129,15,Convicted
1133,1133,Kalaburagi District Court,Justice 358,17,Acquitted
1134,1134,Belagavi Sessions Court,Justice 311,9,Acquitted
1135,1135,Kalaburagi District Court,Justice 228,3,Convicted
1136,1136,Mangaluru District Court,Justice 409,18,Acquitted
1137,1137,Mangaluru District Court,Justice 393,4,Acquitted
1138,1138,Bengaluru Sessions Court,Justice 325,9,Acquitted
1139,1139,Hubballi District Court,Justice 429,18,Convicted
1140,1140,Mangaluru District Court,Justice 157,15,Convicted
1141,1141,Bengaluru Sessions Court,Justice 150,8,Pending
1142,1142,Belagavi Sessions Court,Justice 267,19,Pending
1143,1143,Belagavi Sessions Court,Justice 90,2,Acquitted
1144,1144,Mangaluru District Court,Justice 424,9,Convicted
1145,1145,Hubballi District Court,Justice 331,20,Pending
1146,1146,Mangaluru District Court,Justice 142,20,Acquitted
1147,1147,Kalaburagi District Court,Justice 249,17,Acquitted
1148,1148,Mangaluru District Court,Justice 78,7,Pending
1149,1149,Mysuru District Court,Justice 212,17,Pending
1150,1150,Mangaluru District Court,Justice 495,17,Pending
1151,1151,Bengaluru Sessions Court,Justice 190,1,Convicted
1152,1152,Bengaluru Sessions Court,Justice 295,13,Convicted
1153,1153,Bengaluru Sessions Court,Justice 204,6,Pending
1154,1154,Mysuru District Court,Justice 44,5,Convicted
1155,1155,Belagavi Sessions Court,Justice 276,6,Convicted
1156,1156,Hubballi District Court,Justice 180,20,Pending
1157,1157,Bengaluru Sessions Court,Justice 295,4,Acquitted
1158,1158,Mysuru District Court,Justice 287,3,Convicted
1159,1159,Belagavi Sessions Court,Justice 208,17,Convicted
1160,1160,Mysuru District Court,Justice 353,1,Acquitted
1161,1161,Hubballi District Court,Justice 471,7,Pending
1162,1162,Mysuru District Court,Justice 309,6,Acquitted
1163,1163,Belagavi Sessions Court,Justice 347,15,Pending
1164,1164,Belagavi Sessions Court,Justice 107,8,Pending
1165,1165,Belagavi Sessions Court,Justice 421,4,Convicted
1166,1166,Bengaluru Sessions Court,Justice 420,6,Convicted
1167,1167,Hubballi District Court,Justice 62,17,Pending
1168,1168,Kalaburagi District Court,Justice 450,17,Acquitted
1169,1169,Bengaluru Sessions Court,Justice 155,6,Convicted
1170,1170,Kalaburagi District Court,Justice 153,11,Pending
1171,1171,Hubballi District Court,Justice 298,16,Pending
1172,1172,Hubballi District Court,Justice 223,11,Acquitted
1173,1173,Kalaburagi District Court,Justice 39,13,Convicted
1174,1174,Kalaburagi District Court,Justice 68,4,Convicted
1175,1175,Mysuru District Court,Justice 72,7,Pending
1176,1176,Belagavi Sessions Court,Justice 128,6,Convicted
1177,1177,Kalaburagi District Court,Justice 165,13,Convicted
1178,1178,Hubballi District Court,Justice 481,18,Acquitted
1179,1179,Kalaburagi District Court,Justice 304,13,Pending
1180,1180,Mysuru District Court,Justice 439,7,Acquitted
1181,1181,Bengaluru Sessions Court,Justice 358,10,Acquitted
1182,1182,Kalaburagi District Court,Justice 492,8,Convicted
1183,1183,Belagavi Sessions Court,Justice 184,12,Acquitted
1184,1184,Hubballi District Court,Justice 316,15,Convicted
1185,1185,Bengaluru Sessions Court,Justice 102,8,Pending
1186,1186,Mangaluru District Court,Justice 11,16,Convicted
1187,1187,Kalaburagi District Court,Justice 92,17,Convicted
1188,1188,Mangaluru District Court,Justice 389,14,Convicted
1189,1189,Hubballi District Court,Justice 286,11,Convicted
1190,1190,Mangaluru District Court,Justice 303,20,Acquitted
1191,1191,Belagavi Sessions Court,Justice 168,16,Acquitted
1192,1192,Bengaluru Sessions Court,Justice 352,3,Pending
1193,1193,Mangaluru District Court,Justice 48,15,Convicted
1194,1194,Kalaburagi District Court,Justice 300,11,Acquitted
1195,1195,Belagavi Sessions Court,Justice 403,12,Pending
1196,1196,Kalaburagi District Court,Justice 350,5,Pending
1197,1197,Mangaluru District Court,Justice 344,5,Convicted
1198,1198,Mysuru District Court,Justice 280,14,Pending
1199,1199,Bengaluru Sessions Court,Justice 113,9,Acquitted
1200,1200,Belagavi Sessions Court,Justice 451,14,Acquitted
1201,1201,Kalaburagi District Court,Justice 493,1,Convicted
1202,1202,Kalaburagi District Court,Justice 204,2,Pending
1203,1203,Belagavi Sessions Court,Justice 360,13,Pending
1204,1204,Bengaluru Sessions Court,Justice 283,6,Acquitted
1205,1205,Mangaluru District Court,Justice 480,1,Acquitted
1206,1206,Hubballi District Court,Justice 232,13,Acquitted
1207,1207,Mangaluru District Court,Justice 419,16,Pending
1208,1208,Mangaluru District Court,Justice 432,20,Acquitted
1209,1209,Hubballi District Court,Justice 138,4,Acquitted
1210,1210,Mysuru District Court,Justice 452,1,Acquitted
1211,1211,Mangaluru District Court,Justice 398,2,Acquitted
1212,1212,Mangaluru District Court,Justice 255,18,Convicted
1213,1213,Kalaburagi District Court,Justice 14,3,Acquitted
1214,1214,Mysuru District Court,Justice 73,6,Acquitted
1215,1215,Belagavi Sessions Court,Justice 387,17,Acquitted
1216,1216,Hubballi District Court,Justice 112,11,Convicted
1217,1217,Mysuru District Court,Justice 322,18,Acquitted
1218,1218,Hubballi District Court,Justice 219,11,Convicted
1219,1219,Mysuru District Court,Justice 249,20,Acquitted
1220,1220,Belagavi Sessions Court,Justice 394,5,Convicted
1221,1221,Hubballi District Court,Justice 320,13,Acquitted
1222,1222,Bengaluru Sessions Court,Justice 302,11,Convicted
1223,1223,Kalaburagi District Court,Justice 354,14,Pending
1224,1224,Kalaburagi District Court,Justice 263,11,Pending
1225,1225,Hubballi District Court,Justice 103,7,Convicted
1226,1226,Kalaburagi District Court,Justice 273,5,Pending
1227,1227,Mysuru District Court,Justice 409,8,Pending
1228,1228,Mysuru District Court,Justice 12,20,Convicted
1229,1229,Mangaluru District Court,Justice 450,9,Pending
1230,1230,Bengaluru Sessions Court,Justice 66,8,Convicted
1231,1231,Bengaluru Sessions Court,Justice 10,3,Pending
1232,1232,Mangaluru District Court,Justice 381,14,Pending
1233,1233,Belagavi Sessions Court,Justice 139,19,Convicted
1234,1234,Kalaburagi District Court,Justice 79,19,Convicted
1235,1235,Belagavi Sessions Court,Justice 412,7,Acquitted
1236,1236,Mysuru District Court,Justice 155,2,Pending
1237,1237,Mysuru District Court,Justice 150,8,Acquitted
1238,1238,Belagavi Sessions Court,Justice 245,16,Pending
1239,1239,Belagavi Sessions Court,Justice 17,13,Convicted
1240,1240,Mangaluru District Court,Justice 423,12,Convicted
1241,1241,Mangaluru District Court,Justice 443,2,Pending
1242,1242,Mangaluru District Court,Justice 468,18,Pending
1243,1243,Hubballi District Court,Justice 127,6,Convicted
1244,1244,Belagavi Sessions Court,Justice 356,9,Pending
1245,1245,Mangaluru District Court,Justice 273,18,Convicted
1246,1246,Mangaluru District Court,Justice 23,16,Acquitted
1247,1247,Hubballi District Court,Justice 159,13,Pending
1248,1248,Belagavi Sessions Court,Justice 311,10,Acquitted
1249,1249,Mysuru District Court,Justice 331,17,Acquitted
1250,1250,Mangaluru District Court,Justice 360,5,Pending
1251,1251,Hubballi District Court,Justice 55,1,Convicted
1252,1252,Kalaburagi District Court,Justice 406,16,Acquitted
1253,1253,Belagavi Sessions Court,Justice 76,16,Acquitted
1254,1254,Hubballi District Court,Justice 481,2,Convicted
1255,1255,Belagavi Sessions Court,Justice 250,14,Pending
1256,1256,Kalaburagi District Court,Justice 138,4,Acquitted
1257,1257,Bengaluru Sessions Court,Justice 212,6,Acquitted
1258,1258,Bengaluru Sessions Court,Justice 330,9,Pending
1259,1259,Mangaluru District Court,Justice 152,7,Pending
1260,1260,Mysuru District Court,Justice 228,13,Acquitted
1261,1261,Mysuru District Court,Justice 297,2,Convicted
1262,1262,Kalaburagi District Court,Justice 340,7,Acquitted
1263,1263,Bengaluru Sessions Court,Justice 467,13,Pending
1264,1264,Bengaluru Sessions Court,Justice 440,20,Pending
1265,1265,Bengaluru Sessions Court,Justice 112,8,Convicted
1266,1266,Bengaluru Sessions Court,Justice 186,1,Pending
1267,1267,Hubballi District Court,Justice 11,11,Convicted
1268,1268,Bengaluru Sessions Court,Justice 216,2,Pending
1269,1269,Kalaburagi District Court,Justice 448,4,Pending
1270,1270,Mangaluru District Court,Justice 403,16,Convicted
1271,1271,Bengaluru Sessions Court,Justice 421,8,Pending
1272,1272,Mangaluru District Court,Justice 128,11,Pending
1273,1273,Bengaluru Sessions Court,Justice 63,18,Acquitted
1274,1274,Bengaluru Sessions Court,Justice 304,2,Acquitted
1275,1275,Hubballi District Court,Justice 367,1,Acquitted
1276,1276,Hubballi District Court,Justice 28,9,Acquitted
1277,1277,Bengaluru Sessions Court,Justice 130,9,Acquitted
1278,1278,Bengaluru Sessions Court,Justice 490,14,Acquitted
1279,1279,Mysuru District Court,Justice 449,13,Acquitted
1280,1280,Bengaluru Sessions Court,Justice 291,12,Acquitted
1281,1281,Mysuru District Court,Justice 192,17,Acquitted
1282,1282,Mangaluru District Court,Justice 422,18,Convicted
1283,1283,Bengaluru Sessions Court,Justice 341,12,Acquitted
1284,1284,Mysuru District Court,Justice 14,4,Acquitted
1285,1285,Mysuru District Court,Justice 345,12,Convicted
1286,1286,Mysuru District Court,Justice 338,17,Acquitted
1287,1287,Bengaluru Sessions Court,Justice 333,12,Pending
1288,1288,Hubballi District Court,Justice 305,1,Acquitted
1289,1289,Kalaburagi District Court,Justice 150,18,Convicted
1290,1290,Belagavi Sessions Court,Justice 440,13,Pending
1291,1291,Mangaluru District Court,Justice 239,17,Acquitted
1292,1292,Hubballi District Court,Justice 395,19,Convicted
1293,1293,Belagavi Sessions Court,Justice 486,5,Convicted
1294,1294,Kalaburagi District Court,Justice 102,15,Pending
1295,1295,Kalaburagi District Court,Justice 99,19,Pending
1296,1296,Kalaburagi District Court,Justice 386,14,Pending
1297,1297,Mysuru District Court,Justice 446,5,Pending
1298,1298,Bengaluru Sessions Court,Justice 156,4,Acquitted
1299,1299,Bengaluru Sessions Court,Justice 77,12,Convicted
1300,1300,Kalaburagi District Court,Justice 180,19,Pending
1301,1301,Mangaluru District Court,Justice 497,10,Pending
1302,1302,Bengaluru Sessions Court,Justice 305,16,Acquitted
1303,1303,Mysuru District Court,Justice 465,8,Convicted
1304,1304,Belagavi Sessions Court,Justice 269,14,Convicted
1305,1305,Belagavi Sessions Court,Justice 363,5,Convicted
1306,1306,Mysuru District Court,Justice 69,7,Pending
1307,1307,Bengaluru Sessions Court,Justice 413,4,Acquitted
1308,1308,Belagavi Sessions Court,Justice 319,6,Acquitted
1309,1309,Belagavi Sessions Court,Justice 491,17,Convicted
1310,1310,Mangaluru District Court,Justice 450,1,Acquitted
1311,1311,Belagavi Sessions Court,Justice 138,8,Acquitted
1312,1312,Mangaluru District Court,Justice 360,10,Acquitted
1313,1313,Mangaluru District Court,Justice 154,5,Acquitted
1314,1314,Hubballi District Court,Justice 190,18,Acquitted
1315,1315,Kalaburagi District Court,Justice 68,15,Pending
1316,1316,Belagavi Sessions Court,Justice 275,2,Pending
1317,1317,Kalaburagi District Court,Justice 43,18,Convicted
1318,1318,Bengaluru Sessions Court,Justice 497,11,Acquitted
1319,1319,Mangaluru District Court,Justice 231,16,Pending
1320,1320,Mysuru District Court,Justice 270,15,Convicted
1321,1321,Hubballi District Court,Justice 106,20,Acquitted
1322,1322,Belagavi Sessions Court,Justice 350,14,Acquitted
1323,1323,Belagavi Sessions Court,Justice 280,3,Pending
1324,1324,Kalaburagi District Court,Justice 105,20,Pending
1325,1325,Belagavi Sessions Court,Justice 153,20,Convicted
1326,1326,Hubballi District Court,Justice 367,5,Convicted
1327,1327,Mysuru District Court,Justice 229,19,Convicted
1328,1328,Mangaluru District Court,Justice 415,10,Convicted
1329,1329,Hubballi District Court,Justice 157,16,Convicted
1330,1330,Belagavi Sessions Court,Justice 477,9,Convicted
1331,1331,Mangaluru District Court,Justice 123,17,Pending
1332,1332,Mysuru District Court,Justice 214,6,Pending
1333,1333,Kalaburagi District Court,Justice 413,5,Acquitted
1334,1334,Kalaburagi District Court,Justice 111,14,Convicted
1335,1335,Kalaburagi District Court,Justice 139,7,Convicted
1336,1336,Kalaburagi District Court,Justice 279,1,Convicted
1337,1337,Mysuru District Court,Justice 362,17,Acquitted
1338,1338,Belagavi Sessions Court,Justice 231,16,Pending
1339,1339,Kalaburagi District Court,Justice 146,4,Convicted
1340,1340,Bengaluru Sessions Court,Justice 365,1,Acquitted
1341,1341,Mangaluru District Court,Justice 274,16,Pending
1342,1342,Hubballi District Court,Justice 409,10,Acquitted
1343,1343,Kalaburagi District Court,Justice 286,6,Convicted
1344,1344,Bengaluru Sessions Court,Justice 289,15,Convicted
1345,1345,Belagavi Sessions Court,Justice 373,16,Convicted
1346,1346,Mysuru District Court,Justice 11,13,Convicted
1347,1347,Bengaluru Sessions Court,Justice 297,14,Convicted
1348,1348,Belagavi Sessions Court,Justice 450,8,Convicted
1349,1349,Belagavi Sessions Court,Justice 160,2,Pending
1350,1350,Bengaluru Sessions Court,Justice 414,20,Pending
1351,1351,Mangaluru District Court,Justice 496,16,Convicted
1352,1352,Mangaluru District Court,Justice 428,4,Pending
1353,1353,Mysuru District Court,Justice 159,3,Convicted
1354,1354,Mangaluru District Court,Justice 260,3,Convicted
1355,1355,Mysuru District Court,Justice 199,7,Convicted
1356,1356,Hubballi District Court,Justice 218,6,Pending
1357,1357,Mangaluru District Court,Justice 10,18,Acquitted
1358,1358,Mysuru District Court,Justice 334,19,Convicted
1359,1359,Mangaluru District Court,Justice 460,13,Acquitted
1360,1360,Kalaburagi District Court,Justice 321,11,Convicted
1361,1361,Mysuru District Court,Justice 125,5,Pending
1362,1362,Belagavi Sessions Court,Justice 416,11,Acquitted
1363,1363,Hubballi District Court,Justice 60,10,Acquitted
1364,1364,Belagavi Sessions Court,Justice 211,8,Pending
1365,1365,Belagavi Sessions Court,Justice 404,19,Pending
1366,1366,Hubballi District Court,Justice 49,3,Convicted
1367,1367,Bengaluru Sessions Court,Justice 299,9,Acquitted
1368,1368,Mangaluru District Court,Justice 151,19,Pending
1369,1369,Mangaluru District Court,Justice 279,1,Convicted
1370,1370,Bengaluru Sessions Court,Justice 287,2,Acquitted
1371,1371,Mangaluru District Court,Justice 83,13,Convicted
1372,1372,Kalaburagi District Court,Justice 314,15,Pending
1373,1373,Mangaluru District Court,Justice 171,13,Acquitted
1374,1374,Mangaluru District Court,Justice 188,2,Convicted
1375,1375,Mysuru District Court,Justice 495,16,Pending
1376,1376,Kalaburagi District Court,Justice 27,3,Acquitted
1377,1377,Mangaluru District Court,Justice 227,15,Convicted
1378,1378,Hubballi District Court,Justice 165,11,Acquitted
1379,1379,Bengaluru Sessions Court,Justice 93,1,Pending
1380,1380,Belagavi Sessions Court,Justice 229,10,Acquitted
1381,1381,Mangaluru District Court,Justice 146,15,Acquitted
1382,1382,Hubballi District Court,Justice 422,2,Convicted
1383,1383,Mysuru District Court,Justice 273,12,Pending
1384,1384,Mysuru District Court,Justice 160,8,Convicted
1385,1385,Bengaluru Sessions Court,Justice 196,3,Acquitted
1386,1386,Mysuru District Court,Justice 311,16,Pending
1387,1387,Kalaburagi District Court,Justice 124,13,Acquitted
1388,1388,Mysuru District Court,Justice 111,12,Acquitted
1389,1389,Belagavi Sessions Court,Justice 210,5,Acquitted
1390,1390,Bengaluru Sessions Court,Justice 364,13,Convicted
1391,1391,Belagavi Sessions Court,Justice 173,8,Acquitted
1392,1392,Mysuru District Court,Justice 9,2,Pending
1393,1393,Kalaburagi District Court,Justice 476,14,Pending
1394,1394,Mysuru District Court,Justice 95,13,Convicted
1395,1395,Bengaluru Sessions Court,Justice 363,20,Convicted
1396,1396,Kalaburagi District Court,Justice 66,6,Convicted
1397,1397,Hubballi District Court,Justice 292,9,Pending
1398,1398,Kalaburagi District Court,Justice 299,3,Pending
1399,1399,Kalaburagi District Court,Justice 168,15,Pending
1400,1400,Belagavi Sessions Court,Justice 49,9,Acquitted
1401,1401,Bengaluru Sessions Court,Justice 314,1,Pending
1402,1402,Hubballi District Court,Justice 491,20,Acquitted
1403,1403,Mysuru District Court,Justice 374,12,Pending
1404,1404,Bengaluru Sessions Court,Justice 250,18,Pending
1405,1405,Mangaluru District Court,Justice 271,5,Acquitted
1406,1406,Belagavi Sessions Court,Justice 247,6,Pending
1407,1407,Bengaluru Sessions Court,Justice 277,18,Convicted
1408,1408,Mysuru District Court,Justice 414,12,Convicted
1409,1409,Mysuru District Court,Justice 220,5,Pending
1410,1410,Hubballi District Court,Justice 26,6,Convicted
1411,1411,Hubballi District Court,Justice 405,7,Pending
1412,1412,Hubballi District Court,Justice 323,9,Convicted
1413,1413,Kalaburagi District Court,Justice 423,13,Acquitted
1414,1414,Mysuru District Court,Justice 322,16,Acquitted
1415,1415,Bengaluru Sessions Court,Justice 157,16,Acquitted
1416,1416,Mysuru District Court,Justice 276,17,Convicted
1417,1417,Kalaburagi District Court,Justice 285,7,Pending
1418,1418,Kalaburagi District Court,Justice 259,15,Acquitted
1419,1419,Hubballi District Court,Justice 236,12,Acquitted
1420,1420,Belagavi Sessions Court,Justice 388,5,Convicted
1421,1421,Kalaburagi District Court,Justice 360,12,Acquitted
1422,1422,Belagavi Sessions Court,Justice 243,9,Convicted
1423,1423,Mangaluru District Court,Justice 405,4,Convicted
1424,1424,Mangaluru District Court,Justice 285,4,Convicted
1425,1425,Bengaluru Sessions Court,Justice 409,14,Pending
1426,1426,Mysuru District Court,Justice 102,6,Pending
1427,1427,Bengaluru Sessions Court,Justice 345,17,Pending
1428,1428,Mangaluru District Court,Justice 266,18,Convicted
1429,1429,Hubballi District Court,Justice 315,18,Convicted
1430,1430,Kalaburagi District Court,Justice 184,12,Pending
1431,1431,Hubballi District Court,Justice 119,13,Convicted
1432,1432,Bengaluru Sessions Court,Justice 486,9,Convicted
1433,1433,Mysuru District Court,Justice 36,15,Acquitted
1434,1434,Mysuru District Court,Justice 179,6,Convicted
1435,1435,Mangaluru District Court,Justice 110,7,Pending
1436,1436,Mangaluru District Court,Justice 90,10,Convicted
1437,1437,Mangaluru District Court,Justice 472,19,Pending
1438,1438,Bengaluru Sessions Court,Justice 26,8,Pending
1439,1439,Kalaburagi District Court,Justice 402,5,Acquitted
1440,1440,Belagavi Sessions Court,Justice 22,8,Pending
1441,1441,Belagavi Sessions Court,Justice 263,7,Acquitted
1442,1442,Mangaluru District Court,Justice 153,20,Convicted
1443,1443,Hubballi District Court,Justice 274,2,Convicted
1444,1444,Bengaluru Sessions Court,Justice 405,8,Convicted
1445,1445,Kalaburagi District Court,Justice 378,18,Acquitted
1446,1446,Kalaburagi District Court,Justice 23,17,Pending
1447,1447,Hubballi District Court,Justice 48,13,Pending
1448,1448,Hubballi District Court,Justice 318,15,Pending
1449,1449,Bengaluru Sessions Court,Justice 54,11,Acquitted
1450,1450,Mysuru District Court,Justice 120,6,Acquitted
1451,1451,Kalaburagi District Court,Justice 239,3,Acquitted
1452,1452,Kalaburagi District Court,Justice 296,2,Convicted
1453,1453,Mangaluru District Court,Justice 335,2,Convicted
1454,1454,Bengaluru Sessions Court,Justice 178,9,Acquitted
1455,1455,Bengaluru Sessions Court,Justice 431,6,Acquitted
1456,1456,Bengaluru Sessions Court,Justice 56,16,Acquitted
1457,1457,Bengaluru Sessions Court,Justice 292,15,Pending
1458,1458,Hubballi District Court,Justice 198,12,Pending
1459,1459,Kalaburagi District Court,Justice 421,9,Convicted
1460,1460,Bengaluru Sessions Court,Justice 64,12,Convicted
1461,1461,Bengaluru Sessions Court,Justice 183,9,Acquitted
1462,1462,Mangaluru District Court,Justice 85,14,Acquitted
1463,1463,Mysuru District Court,Justice 392,13,Pending
1464,1464,Mangaluru District Court,Justice 48,15,Pending
1465,1465,Mysuru District Court,Justice 337,19,Convicted
1466,1466,Mysuru District Court,Justice 20,2,Acquitted
1467,1467,Mangaluru District Court,Justice 388,13,Acquitted
1468,1468,Mangaluru District Court,Justice 365,5,Pending
1469,1469,Hubballi District Court,Justice 307,11,Convicted
1470,1470,Mangaluru District Court,Justice 211,8,Pending
1471,1471,Belagavi Sessions Court,Justice 317,5,Pending
1472,1472,Mysuru District Court,Justice 46,7,Acquitted
1473,1473,Mangaluru District Court,Justice 197,7,Pending
1474,1474,Mangaluru District Court,Justice 212,4,Convicted
1475,1475,Kalaburagi District Court,Justice 57,4,Pending
1476,1476,Mysuru District Court,Justice 345,2,Convicted
1477,1477,Kalaburagi District Court,Justice 355,19,Acquitted
1478,1478,Belagavi Sessions Court,Justice 82,5,Convicted
1479,1479,Mangaluru District Court,Justice 350,4,Acquitted
1480,1480,Bengaluru Sessions Court,Justice 411,16,Pending
1481,1481,Kalaburagi District Court,Justice 146,10,Acquitted
1482,1482,Belagavi Sessions Court,Justice 336,3,Convicted
1483,1483,Mysuru District Court,Justice 195,5,Acquitted
1484,1484,Bengaluru Sessions Court,Justice 434,12,Acquitted
1485,1485,Kalaburagi District Court,Justice 463,17,Pending
1486,1486,Mangaluru District Court,Justice 467,17,Convicted
1487,1487,Belagavi Sessions Court,Justice 240,1,Convicted
1488,1488,Hubballi District Court,Justice 343,7,Convicted
1489,1489,Hubballi District Court,Justice 351,3,Pending
1490,1490,Kalaburagi District Court,Justice 355,8,Pending
1491,1491,Mangaluru District Court,Justice 475,8,Acquitted
1492,1492,Kalaburagi District Court,Justice 330,1,Pending
1493,1493,Mangaluru District Court,Justice 65,6,Convicted
1494,1494,Kalaburagi District Court,Justice 300,11,Pending
1495,1495,Bengaluru Sessions Court,Justice 66,20,Pending
1496,1496,Bengaluru Sessions Court,Justice 66,2,Pending
1497,1497,Kalaburagi District Court,Justice 271,14,Convicted
1498,1498,Mangaluru District Court,Justice 68,3,Pending
1499,1499,Mysuru District Court,Justice 266,18,Pending
1500,1500,Mangaluru District Court,Justice 95,12,Acquitted
1501,1501,Kalaburagi District Court,Justice 267,20,Pending
1502,1502,Mangaluru District Court,Justice 272,3,Acquitted
1503,1503,Kalaburagi District Court,Justice 61,14,Pending
1504,1504,Belagavi Sessions Court,Justice 372,20,Convicted
1505,1505,Kalaburagi District Court,Justice 107,15,Convicted
1506,1506,Belagavi Sessions Court,Justice 263,5,Pending
1507,1507,Belagavi Sessions Court,Justice 200,10,Convicted
1508,1508,Belagavi Sessions Court,Justice 360,16,Acquitted
1509,1509,Mysuru District Court,Justice 213,2,Convicted
1510,1510,Mysuru District Court,Justice 343,9,Convicted
1511,1511,Mysuru District Court,Justice 22,13,Pending
1512,1512,Hubballi District Court,Justice 317,6,Acquitted
1513,1513,Mangaluru District Court,Justice 26,17,Pending
1514,1514,Bengaluru Sessions Court,Justice 124,4,Convicted
1515,1515,Kalaburagi District Court,Justice 81,11,Acquitted
1516,1516,Hubballi District Court,Justice 367,11,Convicted
1517,1517,Kalaburagi District Court,Justice 44,19,Pending
1518,1518,Belagavi Sessions Court,Justice 187,15,Pending
1519,1519,Kalaburagi District Court,Justice 270,3,Acquitted
1520,1520,Bengaluru Sessions Court,Justice 437,8,Convicted
1521,1521,Hubballi District Court,Justice 141,11,Pending
1522,1522,Kalaburagi District Court,Justice 234,10,Pending
1523,1523,Kalaburagi District Court,Justice 134,19,Pending
1524,1524,Bengaluru Sessions Court,Justice 45,12,Convicted
1525,1525,Hubballi District Court,Justice 409,5,Convicted
1526,1526,Kalaburagi District Court,Justice 426,17,Convicted
1527,1527,Hubballi District Court,Justice 48,12,Acquitted
1528,1528,Mysuru District Court,Justice 275,3,Acquitted
1529,1529,Mysuru District Court,Justice 272,8,Pending
1530,1530,Belagavi Sessions Court,Justice 248,18,Acquitted
1531,1531,Hubballi District Court,Justice 114,18,Pending
1532,1532,Belagavi Sessions Court,Justice 408,5,Convicted
1533,1533,Mysuru District Court,Justice 32,3,Convicted
1534,1534,Mysuru District Court,Justice 228,19,Acquitted
1535,1535,Hubballi District Court,Justice 221,8,Convicted
1536,1536,Mangaluru District Court,Justice 53,7,Pending
1537,1537,Kalaburagi District Court,Justice 253,19,Pending
1538,1538,Mysuru District Court,Justice 33,8,Convicted
1539,1539,Hubballi District Court,Justice 116,17,Pending
1540,1540,Mysuru District Court,Justice 291,8,Pending
1541,1541,Hubballi District Court,Justice 452,19,Convicted
1542,1542,Bengaluru Sessions Court,Justice 184,8,Pending
1543,1543,Kalaburagi District Court,Justice 330,20,Acquitted
1544,1544,Belagavi Sessions Court,Justice 165,9,Pending
1545,1545,Mysuru District Court,Justice 77,12,Convicted
1546,1546,Mysuru District Court,Justice 192,18,Convicted
1547,1547,Hubballi District Court,Justice 107,5,Pending
1548,1548,Belagavi Sessions Court,Justice 107,13,Acquitted
1549,1549,Kalaburagi District Court,Justice 382,8,Pending
1550,1550,Hubballi District Court,Justice 463,1,Pending
1551,1551,Mangaluru District Court,Justice 490,2,Convicted
1552,1552,Mangaluru District Court,Justice 223,12,Acquitted
1553,1553,Belagavi Sessions Court,Justice 329,14,Acquitted
1554,1554,Mysuru District Court,Justice 358,11,Pending
1555,1555,Kalaburagi District Court,Justice 235,5,Pending
1556,1556,Kalaburagi District Court,Justice 33,18,Acquitted
1557,1557,Bengaluru Sessions Court,Justice 8,8,Convicted
1558,1558,Mangaluru District Court,Justice 442,2,Pending
1559,1559,Mysuru District Court,Justice 148,17,Convicted
1560,1560,Mysuru District Court,Justice 269,12,Convicted
1561,1561,Bengaluru Sessions Court,Justice 28,20,Acquitted
1562,1562,Bengaluru Sessions Court,Justice 179,7,Acquitted
1563,1563,Mangaluru District Court,Justice 415,15,Acquitted
1564,1564,Bengaluru Sessions Court,Justice 342,9,Convicted
1565,1565,Kalaburagi District Court,Justice 111,18,Acquitted
1566,1566,Bengaluru Sessions Court,Justice 262,1,Acquitted
1567,1567,Mysuru District Court,Justice 477,18,Acquitted
1568,1568,Mysuru District Court,Justice 172,8,Acquitted
1569,1569,Hubballi District Court,Justice 236,16,Pending
1570,1570,Mysuru District Court,Justice 217,20,Convicted
1571,1571,Mangaluru District Court,Justice 118,10,Convicted
1572,1572,Kalaburagi District Court,Justice 288,16,Acquitted
1573,1573,Mysuru District Court,Justice 119,6,Convicted
1574,1574,Mangaluru District Court,Justice 61,3,Acquitted
1575,1575,Hubballi District Court,Justice 32,10,Convicted
1576,1576,Mangaluru District Court,Justice 326,15,Convicted
1577,1577,Kalaburagi District Court,Justice 79,20,Pending
1578,1578,Hubballi District Court,Justice 191,12,Pending
1579,1579,Hubballi District Court,Justice 402,5,Acquitted
1580,1580,Mysuru District Court,Justice 62,1,Pending
1581,1581,Bengaluru Sessions Court,Justice 452,15,Convicted
1582,1582,Bengaluru Sessions Court,Justice 53,19,Acquitted
1583,1583,Kalaburagi District Court,Justice 175,10,Convicted
1584,1584,Hubballi District Court,Justice 480,16,Convicted
1585,1585,Mangaluru District Court,Justice 148,3,Pending
1586,1586,Mangaluru District Court,Justice 251,20,Pending
1587,1587,Bengaluru Sessions Court,Justice 116,4,Pending
1588,1588,Mysuru District Court,Justice 479,6,Convicted
1589,1589,Mangaluru District Court,Justice 356,4,Pending
1590,1590,Kalaburagi District Court,Justice 116,7,Convicted
1591,1591,Mangaluru District Court,Justice 155,10,Pending
1592,1592,Belagavi Sessions Court,Justice 223,4,Convicted
1593,1593,Hubballi District Court,Justice 388,9,Pending
1594,1594,Mysuru District Court,Justice 150,17,Pending
1595,1595,Belagavi Sessions Court,Justice 295,4,Pending
1596,1596,Mangaluru District Court,Justice 450,15,Pending
1597,1597,Bengaluru Sessions Court,Justice 225,10,Convicted
1598,1598,Bengaluru Sessions Court,Justice 113,19,Pending
1599,1599,Belagavi Sessions Court,Justice 318,13,Acquitted
1600,1600,Kalaburagi District Court,Justice 330,11,Convicted
1601,1601,Kalaburagi District Court,Justice 411,12,Convicted
1602,1602,Mangaluru District Court,Justice 258,14,Convicted
1603,1603,Bengaluru Sessions Court,Justice 327,11,Acquitted
1604,1604,Mangaluru District Court,Justice 129,14,Acquitted
1605,1605,Mangaluru District Court,Justice 317,10,Pending
1606,1606,Mangaluru District Court,Justice 197,5,Convicted
1607,1607,Mangaluru District Court,Justice 448,14,Pending
1608,1608,Hubballi District Court,Justice 300,4,Pending
1609,1609,Belagavi Sessions Court,Justice 459,17,Acquitted
1610,1610,Kalaburagi District Court,Justice 335,4,Acquitted
1611,1611,Kalaburagi District Court,Justice 239,14,Pending
1612,1612,Mysuru District Court,Justice 372,12,Acquitted
1613,1613,Mysuru District Court,Justice 300,14,Pending
1614,1614,Hubballi District Court,Justice 428,12,Pending
1615,1615,Hubballi District Court,Justice 217,16,Convicted
1616,1616,Belagavi Sessions Court,Justice 132,2,Convicted
1617,1617,Bengaluru Sessions Court,Justice 109,9,Pending
1618,1618,Kalaburagi District Court,Justice 208,20,Pending
1619,1619,Bengaluru Sessions Court,Justice 461,20,Convicted
1620,1620,Mysuru District Court,Justice 21,2,Pending
1621,1621,Bengaluru Sessions Court,Justice 180,18,Acquitted
1622,1622,Mangaluru District Court,Justice 450,3,Pending
1623,1623,Hubballi District Court,Justice 216,18,Acquitted
1624,1624,Bengaluru Sessions Court,Justice 191,6,Convicted
1625,1625,Mangaluru District Court,Justice 66,5,Convicted
1626,1626,Mysuru District Court,Justice 296,4,Convicted
1627,1627,Bengaluru Sessions Court,Justice 175,14,Pending
1628,1628,Kalaburagi District Court,Justice 364,3,Pending
1629,1629,Kalaburagi District Court,Justice 31,19,Acquitted
1630,1630,Kalaburagi District Court,Justice 243,7,Pending
1631,1631,Hubballi District Court,Justice 296,11,Acquitted
1632,1632,Kalaburagi District Court,Justice 252,3,Pending
1633,1633,Mysuru District Court,Justice 437,11,Convicted
1634,1634,Kalaburagi District Court,Justice 378,9,Acquitted
1635,1635,Hubballi District Court,Justice 24,3,Acquitted
1636,1636,Mangaluru District Court,Justice 291,3,Pending
1637,1637,Kalaburagi District Court,Justice 491,15,Convicted
1638,1638,Mysuru District Court,Justice 21,1,Convicted
1639,1639,Mysuru District Court,Justice 66,20,Acquitted
1640,1640,Hubballi District Court,Justice 439,18,Pending
1641,1641,Belagavi Sessions Court,Justice 469,15,Convicted
1642,1642,Belagavi Sessions Court,Justice 198,3,Pending
1643,1643,Bengaluru Sessions Court,Justice 69,20,Pending
1644,1644,Mangaluru District Court,Justice 114,3,Pending
1645,1645,Bengaluru Sessions Court,Justice 11,10,Acquitted
1646,1646,Mangaluru District Court,Justice 405,1,Convicted
1647,1647,Bengaluru Sessions Court,Justice 280,18,Acquitted
1648,1648,Mangaluru District Court,Justice 87,18,Pending
1649,1649,Hubballi District Court,Justice 178,10,Pending
1650,1650,Bengaluru Sessions Court,Justice 450,8,Convicted
1651,1651,Bengaluru Sessions Court,Justice 282,4,Convicted
1652,1652,Kalaburagi District Court,Justice 77,9,Pending
1653,1653,Mangaluru District Court,Justice 427,9,Acquitted
1654,1654,Bengaluru Sessions Court,Justice 132,11,Pending
1655,1655,Bengaluru Sessions Court,Justice 37,2,Pending
1656,1656,Kalaburagi District Court,Justice 234,20,Acquitted
1657,1657,Mysuru District Court,Justice 345,18,Convicted
1658,1658,Hubballi District Court,Justice 429,2,Pending
1659,1659,Belagavi Sessions Court,Justice 301,1,Pending
1660,1660,Mangaluru District Court,Justice 63,13,Convicted
1661,1661,Bengaluru Sessions Court,Justice 49,13,Pending
1662,1662,Hubballi District Court,Justice 28,6,Convicted
1663,1663,Mangaluru District Court,Justice 392,12,Pending
1664,1664,Mysuru District Court,Justice 237,2,Acquitted
1665,1665,Hubballi District Court,Justice 456,11,Pending
1666,1666,Kalaburagi District Court,Justice 274,14,Pending
1667,1667,Belagavi Sessions Court,Justice 296,17,Convicted
1668,1668,Mysuru District Court,Justice 10,17,Acquitted
1669,1669,Kalaburagi District Court,Justice 384,16,Convicted
1670,1670,Bengaluru Sessions Court,Justice 233,16,Convicted
1671,1671,Hubballi District Court,Justice 176,6,Convicted
1672,1672,Bengaluru Sessions Court,Justice 405,10,Acquitted
1673,1673,Hubballi District Court,Justice 213,6,Acquitted
1674,1674,Mysuru District Court,Justice 94,8,Acquitted
1675,1675,Mangaluru District Court,Justice 39,12,Pending
1676,1676,Hubballi District Court,Justice 112,3,Acquitted
1677,1677,Hubballi District Court,Justice 185,4,Convicted
1678,1678,Hubballi District Court,Justice 78,5,Convicted
1679,1679,Mysuru District Court,Justice 29,18,Acquitted
1680,1680,Mysuru District Court,Justice 267,10,Convicted
1681,1681,Mysuru District Court,Justice 50,8,Convicted
1682,1682,Hubballi District Court,Justice 373,13,Convicted
1683,1683,Belagavi Sessions Court,Justice 286,12,Acquitted
1684,1684,Mysuru District Court,Justice 230,9,Acquitted
1685,1685,Hubballi District Court,Justice 409,1,Acquitted
1686,1686,Mysuru District Court,Justice 107,14,Pending
1687,1687,Hubballi District Court,Justice 262,1,Acquitted
1688,1688,Mangaluru District Court,Justice 106,7,Convicted
1689,1689,Kalaburagi District Court,Justice 425,16,Convicted
1690,1690,Belagavi Sessions Court,Justice 222,14,Acquitted
1691,1691,Hubballi District Court,Justice 432,4,Convicted
1692,1692,Mysuru District Court,Justice 85,4,Acquitted
1693,1693,Kalaburagi District Court,Justice 27,8,Pending
1694,1694,Mysuru District Court,Justice 82,4,Convicted
1695,1695,Bengaluru Sessions Court,Justice 305,14,Acquitted
1696,1696,Belagavi Sessions Court,Justice 346,12,Pending
1697,1697,Mysuru District Court,Justice 195,9,Acquitted
1698,1698,Belagavi Sessions Court,Justice 28,20,Acquitted
1699,1699,Kalaburagi District Court,Justice 471,5,Acquitted
1700,1700,Mysuru District Court,Justice 48,12,Convicted
1701,1701,Kalaburagi District Court,Justice 444,18,Convicted
1702,1702,Belagavi Sessions Court,Justice 249,8,Pending
1703,1703,Mangaluru District Court,Justice 191,1,Convicted
1704,1704,Bengaluru Sessions Court,Justice 484,17,Pending
1705,1705,Mysuru District Court,Justice 243,3,Acquitted
1706,1706,Mangaluru District Court,Justice 73,14,Acquitted
1707,1707,Bengaluru Sessions Court,Justice 423,16,Convicted
1708,1708,Hubballi District Court,Justice 366,2,Pending
1709,1709,Bengaluru Sessions Court,Justice 411,3,Pending
1710,1710,Mysuru District Court,Justice 119,11,Acquitted
1711,1711,Mysuru District Court,Justice 90,15,Acquitted
1712,1712,Mangaluru District Court,Justice 418,20,Pending
1713,1713,Bengaluru Sessions Court,Justice 278,16,Acquitted
1714,1714,Mangaluru District Court,Justice 65,14,Acquitted
1715,1715,Belagavi Sessions Court,Justice 133,13,Pending
1716,1716,Bengaluru Sessions Court,Justice 65,19,Convicted
1717,1717,Belagavi Sessions Court,Justice 140,11,Convicted
1718,1718,Belagavi Sessions Court,Justice 17,6,Convicted
1719,1719,Mysuru District Court,Justice 115,8,Convicted
1720,1720,Bengaluru Sessions Court,Justice 327,2,Pending
1721,1721,Mysuru District Court,Justice 247,13,Pending
1722,1722,Belagavi Sessions Court,Justice 53,17,Acquitted
1723,1723,Kalaburagi District Court,Justice 294,17,Convicted
1724,1724,Belagavi Sessions Court,Justice 281,15,Convicted
1725,1725,Bengaluru Sessions Court,Justice 104,18,Pending
1726,1726,Belagavi Sessions Court,Justice 220,3,Acquitted
1727,1727,Hubballi District Court,Justice 83,9,Pending
1728,1728,Bengaluru Sessions Court,Justice 307,9,Convicted
1729,1729,Bengaluru Sessions Court,Justice 458,10,Acquitted
1730,1730,Belagavi Sessions Court,Justice 439,3,Acquitted
1731,1731,Kalaburagi District Court,Justice 135,4,Acquitted
1732,1732,Bengaluru Sessions Court,Justice 300,7,Acquitted
1733,1733,Belagavi Sessions Court,Justice 335,11,Pending
1734,1734,Kalaburagi District Court,Justice 145,3,Pending
1735,1735,Mangaluru District Court,Justice 267,5,Acquitted
1736,1736,Bengaluru Sessions Court,Justice 458,2,Pending
1737,1737,Kalaburagi District Court,Justice 293,13,Convicted
1738,1738,Mysuru District Court,Justice 496,2,Convicted
1739,1739,Bengaluru Sessions Court,Justice 86,19,Acquitted
1740,1740,Mysuru District Court,Justice 390,8,Acquitted
1741,1741,Kalaburagi District Court,Justice 420,19,Pending
1742,1742,Mangaluru District Court,Justice 395,6,Convicted
1743,1743,Bengaluru Sessions Court,Justice 164,18,Acquitted
1744,1744,Kalaburagi District Court,Justice 22,8,Convicted
1745,1745,Mangaluru District Court,Justice 264,3,Pending
1746,1746,Bengaluru Sessions Court,Justice 322,5,Convicted
1747,1747,Bengaluru Sessions Court,Justice 304,1,Pending
1748,1748,Hubballi District Court,Justice 36,9,Convicted
1749,1749,Kalaburagi District Court,Justice 247,8,Convicted
1750,1750,Mangaluru District Court,Justice 161,8,Acquitted
1751,1751,Belagavi Sessions Court,Justice 174,20,Convicted
1752,1752,Hubballi District Court,Justice 278,2,Acquitted
1753,1753,Hubballi District Court,Justice 416,7,Pending
1754,1754,Belagavi Sessions Court,Justice 422,10,Convicted
1755,1755,Mangaluru District Court,Justice 169,18,Pending
1756,1756,Mangaluru District Court,Justice 112,16,Convicted
1757,1757,Mysuru District Court,Justice 410,3,Pending
1758,1758,Bengaluru Sessions Court,Justice 275,4,Pending
1759,1759,Mangaluru District Court,Justice 183,2,Pending
1760,1760,Hubballi District Court,Justice 456,5,Pending
1761,1761,Hubballi District Court,Justice 453,1,Pending
1762,1762,Belagavi Sessions Court,Justice 39,16,Convicted
1763,1763,Mysuru District Court,Justice 470,9,Convicted
1764,1764,Mysuru District Court,Justice 102,15,Pending
1765,1765,Belagavi Sessions Court,Justice 23,3,Convicted
1766,1766,Mangaluru District Court,Justice 394,12,Acquitted
1767,1767,Mangaluru District Court,Justice 457,13,Acquitted
1768,1768,Bengaluru Sessions Court,Justice 342,18,Acquitted
1769,1769,Bengaluru Sessions Court,Justice 243,1,Acquitted
1770,1770,Kalaburagi District Court,Justice 382,18,Acquitted
1771,1771,Kalaburagi District Court,Justice 333,14,Acquitted
1772,1772,Mangaluru District Court,Justice 148,14,Convicted
1773,1773,Mangaluru District Court,Justice 2,7,Convicted
1774,1774,Mangaluru District Court,Justice 435,7,Acquitted
1775,1775,Belagavi Sessions Court,Justice 460,5,Convicted
1776,1776,Kalaburagi District Court,Justice 163,16,Acquitted
1777,1777,Kalaburagi District Court,Justice 18,8,Acquitted
1778,1778,Belagavi Sessions Court,Justice 352,14,Pending
1779,1779,Kalaburagi District Court,Justice 490,8,Pending
1780,1780,Mysuru District Court,Justice 331,9,Convicted
1781,1781,Belagavi Sessions Court,Justice 347,3,Convicted
1782,1782,Mysuru District Court,Justice 349,10,Pending
1783,1783,Kalaburagi District Court,Justice 297,19,Acquitted
1784,1784,Hubballi District Court,Justice 423,15,Pending
1785,1785,Belagavi Sessions Court,Justice 219,7,Pending
1786,1786,Bengaluru Sessions Court,Justice 364,16,Convicted
1787,1787,Kalaburagi District Court,Justice 14,6,Acquitted
1788,1788,Bengaluru Sessions Court,Justice 228,5,Acquitted
1789,1789,Hubballi District Court,Justice 9,3,Convicted
1790,1790,Kalaburagi District Court,Justice 462,18,Convicted
1791,1791,Mangaluru District Court,Justice 114,11,Convicted
1792,1792,Bengaluru Sessions Court,Justice 327,13,Pending
1793,1793,Kalaburagi District Court,Justice 149,18,Convicted
1794,1794,Hubballi District Court,Justice 136,12,Pending
1795,1795,Mysuru District Court,Justice 480,1,Acquitted
1796,1796,Mysuru District Court,Justice 446,9,Convicted
1797,1797,Hubballi District Court,Justice 170,9,Convicted
1798,1798,Mysuru District Court,Justice 366,9,Convicted
1799,1799,Belagavi Sessions Court,Justice 379,16,Acquitted
1800,1800,Belagavi Sessions Court,Justice 223,8,Acquitted
1801,1801,Mysuru District Court,Justice 264,4,Acquitted
1802,1802,Kalaburagi District Court,Justice 21,4,Pending
1803,1803,Mangaluru District Court,Justice 241,10,Pending
1804,1804,Mysuru District Court,Justice 1,4,Pending
1805,1805,Hubballi District Court,Justice 438,7,Acquitted
1806,1806,Belagavi Sessions Court,Justice 56,1,Convicted
1807,1807,Mysuru District Court,Justice 128,14,Convicted
1808,1808,Bengaluru Sessions Court,Justice 232,5,Pending
1809,1809,Mangaluru District Court,Justice 253,7,Convicted
1810,1810,Belagavi Sessions Court,Justice 127,18,Pending
1811,1811,Hubballi District Court,Justice 465,2,Convicted
1812,1812,Mysuru District Court,Justice 468,8,Pending
1813,1813,Kalaburagi District Court,Justice 237,11,Pending
1814,1814,Mangaluru District Court,Justice 175,6,Pending
1815,1815,Belagavi Sessions Court,Justice 433,10,Convicted
1816,1816,Kalaburagi District Court,Justice 67,3,Convicted
1817,1817,Kalaburagi District Court,Justice 482,18,Convicted
1818,1818,Kalaburagi District Court,Justice 186,12,Convicted
1819,1819,Mangaluru District Court,Justice 301,7,Pending
1820,1820,Mangaluru District Court,Justice 98,8,Acquitted
1821,1821,Belagavi Sessions Court,Justice 459,1,Convicted
1822,1822,Bengaluru Sessions Court,Justice 490,17,Pending
1823,1823,Kalaburagi District Court,Justice 320,10,Pending
1824,1824,Belagavi Sessions Court,Justice 261,16,Acquitted
1825,1825,Mangaluru District Court,Justice 391,20,Convicted
1826,1826,Mysuru District Court,Justice 84,5,Convicted
1827,1827,Mysuru District Court,Justice 131,1,Pending
1828,1828,Kalaburagi District Court,Justice 210,8,Pending
1829,1829,Mangaluru District Court,Justice 181,2,Convicted
1830,1830,Mysuru District Court,Justice 480,6,Acquitted
1831,1831,Bengaluru Sessions Court,Justice 253,13,Pending
1832,1832,Kalaburagi District Court,Justice 243,14,Acquitted
1833,1833,Belagavi Sessions Court,Justice 242,8,Convicted
1834,1834,Bengaluru Sessions Court,Justice 450,18,Acquitted
1835,1835,Hubballi District Court,Justice 121,10,Convicted
1836,1836,Hubballi District Court,Justice 264,14,Convicted
1837,1837,Mangaluru District Court,Justice 493,2,Convicted
1838,1838,Mangaluru District Court,Justice 227,4,Acquitted
1839,1839,Mysuru District Court,Justice 235,14,Acquitted
1840,1840,Hubballi District Court,Justice 142,13,Convicted
1841,1841,Mangaluru District Court,Justice 88,13,Convicted
1842,1842,Kalaburagi District Court,Justice 290,18,Pending
1843,1843,Bengaluru Sessions Court,Justice 309,6,Pending
1844,1844,Mangaluru District Court,Justice 282,4,Acquitted
1845,1845,Hubballi District Court,Justice 157,3,Acquitted
1846,1846,Bengaluru Sessions Court,Justice 128,13,Convicted
1847,1847,Mangaluru District Court,Justice 359,16,Convicted
1848,1848,Belagavi Sessions Court,Justice 314,7,Pending
1849,1849,Kalaburagi District Court,Justice 15,8,Convicted
1850,1850,Belagavi Sessions Court,Justice 9,7,Convicted
1851,1851,Belagavi Sessions Court,Justice 446,9,Convicted
1852,1852,Mysuru District Court,Justice 3,6,Convicted
1853,1853,Mysuru District Court,Justice 84,7,Pending
1854,1854,Belagavi Sessions Court,Justice 288,13,Convicted
1855,1855,Kalaburagi District Court,Justice 473,6,Convicted
1856,1856,Hubballi District Court,Justice 417,12,Convicted
1857,1857,Mangaluru District Court,Justice 265,11,Convicted
1858,1858,Mangaluru District Court,Justice 136,13,Acquitted
1859,1859,Mysuru District Court,Justice 16,14,Convicted
1860,1860,Kalaburagi District Court,Justice 328,13,Pending
1861,1861,Kalaburagi District Court,Justice 38,2,Acquitted
1862,1862,Bengaluru Sessions Court,Justice 95,15,Convicted
1863,1863,Hubballi District Court,Justice 394,9,Convicted
1864,1864,Hubballi District Court,Justice 139,1,Pending
1865,1865,Kalaburagi District Court,Justice 5,14,Pending
1866,1866,Bengaluru Sessions Court,Justice 431,10,Pending
1867,1867,Belagavi Sessions Court,Justice 354,12,Convicted
1868,1868,Belagavi Sessions Court,Justice 455,11,Acquitted
1869,1869,Bengaluru Sessions Court,Justice 74,17,Acquitted
1870,1870,Hubballi District Court,Justice 149,2,Pending
1871,1871,Bengaluru Sessions Court,Justice 385,18,Convicted
1872,1872,Hubballi District Court,Justice 461,19,Convicted
1873,1873,Bengaluru Sessions Court,Justice 302,2,Acquitted
1874,1874,Kalaburagi District Court,Justice 15,2,Acquitted
1875,1875,Mangaluru District Court,Justice 290,13,Pending
1876,1876,Hubballi District Court,Justice 231,15,Pending
1877,1877,Mangaluru District Court,Justice 304,13,Convicted
1878,1878,Mysuru District Court,Justice 309,12,Pending
1879,1879,Kalaburagi District Court,Justice 50,18,Convicted
1880,1880,Kalaburagi District Court,Justice 221,14,Pending
1881,1881,Mysuru District Court,Justice 23,3,Acquitted
1882,1882,Mangaluru District Court,Justice 426,18,Convicted
1883,1883,Belagavi Sessions Court,Justice 57,18,Convicted
1884,1884,Hubballi District Court,Justice 131,13,Acquitted
1885,1885,Hubballi District Court,Justice 262,18,Pending
1886,1886,Mysuru District Court,Justice 329,9,Convicted
1887,1887,Mysuru District Court,Justice 188,9,Pending
1888,1888,Hubballi District Court,Justice 259,7,Convicted
1889,1889,Belagavi Sessions Court,Justice 140,6,Convicted
1890,1890,Belagavi Sessions Court,Justice 178,13,Pending
1891,1891,Kalaburagi District Court,Justice 442,17,Convicted
1892,1892,Kalaburagi District Court,Justice 356,7,Pending
1893,1893,Mysuru District Court,Justice 289,12,Acquitted
1894,1894,Bengaluru Sessions Court,Justice 449,12,Pending
1895,1895,Mysuru District Court,Justice 158,18,Pending
1896,1896,Kalaburagi District Court,Justice 464,11,Convicted
1897,1897,Bengaluru Sessions Court,Justice 63,3,Convicted
1898,1898,Hubballi District Court,Justice 386,17,Convicted
1899,1899,Mangaluru District Court,Justice 286,10,Pending
1900,1900,Bengaluru Sessions Court,Justice 131,4,Acquitted
1901,1901,Hubballi District Court,Justice 415,9,Pending
1902,1902,Mysuru District Court,Justice 397,9,Acquitted
1903,1903,Belagavi Sessions Court,Justice 477,20,Acquitted
1904,1904,Hubballi District Court,Justice 192,10,Convicted
1905,1905,Belagavi Sessions Court,Justice 397,11,Acquitted
1906,1906,Kalaburagi District Court,Justice 422,15,Convicted
1907,1907,Hubballi District Court,Justice 118,7,Pending
1908,1908,Belagavi Sessions Court,Justice 160,3,Convicted
1909,1909,Mangaluru District Court,Justice 116,7,Pending
1910,1910,Hubballi District Court,Justice 408,7,Convicted
1911,1911,Hubballi District Court,Justice 148,3,Acquitted
1912,1912,Mangaluru District Court,Justice 462,14,Acquitted
1913,1913,Belagavi Sessions Court,Justice 164,14,Pending
1914,1914,Bengaluru Sessions Court,Justice 427,6,Pending
1915,1915,Hubballi District Court,Justice 213,8,Convicted
1916,1916,Kalaburagi District Court,Justice 205,16,Acquitted
1917,1917,Mysuru District Court,Justice 402,18,Convicted
1918,1918,Hubballi District Court,Justice 432,1,Acquitted
1919,1919,Mysuru District Court,Justice 220,15,Pending
1920,1920,Mysuru District Court,Justice 463,18,Pending
1921,1921,Belagavi Sessions Court,Justice 429,9,Pending
1922,1922,Mysuru District Court,Justice 361,19,Convicted
1923,1923,Kalaburagi District Court,Justice 59,13,Pending
1924,1924,Mangaluru District Court,Justice 246,11,Convicted
1925,1925,Kalaburagi District Court,Justice 283,18,Convicted
1926,1926,Mangaluru District Court,Justice 361,15,Pending
1927,1927,Belagavi Sessions Court,Justice 78,16,Pending
1928,1928,Belagavi Sessions Court,Justice 387,19,Convicted
1929,1929,Mangaluru District Court,Justice 376,14,Pending
1930,1930,Bengaluru Sessions Court,Justice 178,4,Acquitted
1931,1931,Mysuru District Court,Justice 93,12,Acquitted
1932,1932,Mysuru District Court,Justice 216,4,Convicted
1933,1933,Bengaluru Sessions Court,Justice 407,16,Acquitted
1934,1934,Kalaburagi District Court,Justice 260,16,Convicted
1935,1935,Hubballi District Court,Justice 230,15,Convicted
1936,1936,Mangaluru District Court,Justice 30,20,Convicted
1937,1937,Belagavi Sessions Court,Justice 294,14,Acquitted
1938,1938,Kalaburagi District Court,Justice 406,14,Pending
1939,1939,Bengaluru Sessions Court,Justice 308,6,Acquitted
1940,1940,Belagavi Sessions Court,Justice 349,13,Convicted
1941,1941,Belagavi Sessions Court,Justice 163,17,Pending
1942,1942,Mysuru District Court,Justice 223,17,Convicted
1943,1943,Mysuru District Court,Justice 390,18,Pending
1944,1944,Mysuru District Court,Justice 356,20,Convicted
1945,1945,Mangaluru District Court,Justice 288,6,Pending
1946,1946,Hubballi District Court,Justice 248,17,Acquitted
1947,1947,Hubballi District Court,Justice 436,4,Pending
1948,1948,Belagavi Sessions Court,Justice 326,11,Acquitted
1949,1949,Mysuru District Court,Justice 434,6,Pending
1950,1950,Hubballi District Court,Justice 365,9,Acquitted
1951,1951,Hubballi District Court,Justice 425,13,Pending
1952,1952,Belagavi Sessions Court,Justice 144,19,Pending
1953,1953,Hubballi District Court,Justice 434,19,Pending
1954,1954,Hubballi District Court,Justice 415,19,Convicted
1955,1955,Mysuru District Court,Justice 167,8,Pending
1956,1956,Mysuru District Court,Justice 326,4,Convicted
1957,1957,Hubballi District Court,Justice 359,18,Acquitted
1958,1958,Hubballi District Court,Justice 188,5,Pending
1959,1959,Bengaluru Sessions Court,Justice 100,1,Pending
1960,1960,Mysuru District Court,Justice 183,5,Acquitted
1961,1961,Belagavi Sessions Court,Justice 263,10,Convicted
1962,1962,Hubballi District Court,Justice 398,16,Pending
1963,1963,Mangaluru District Court,Justice 249,12,Pending
1964,1964,Belagavi Sessions Court,Justice 224,15,Acquitted
1965,1965,Kalaburagi District Court,Justice 222,19,Pending
1966,1966,Kalaburagi District Court,Justice 128,6,Convicted
1967,1967,Hubballi District Court,Justice 60,13,Convicted
1968,1968,Bengaluru Sessions Court,Justice 81,20,Acquitted
1969,1969,Belagavi Sessions Court,Justice 189,10,Pending
1970,1970,Mysuru District Court,Justice 371,16,Acquitted
1971,1971,Bengaluru Sessions Court,Justice 403,13,Pending
1972,1972,Hubballi District Court,Justice 131,1,Acquitted
1973,1973,Hubballi District Court,Justice 193,6,Pending
1974,1974,Kalaburagi District Court,Justice 377,16,Pending
1975,1975,Bengaluru Sessions Court,Justice 15,14,Convicted
1976,1976,Mangaluru District Court,Justice 336,17,Acquitted
1977,1977,Mangaluru District Court,Justice 485,20,Convicted
1978,1978,Mangaluru District Court,Justice 85,3,Convicted
1979,1979,Hubballi District Court,Justice 497,13,Pending
1980,1980,Hubballi District Court,Justice 441,12,Pending
1981,1981,Mysuru District Court,Justice 325,2,Convicted
1982,1982,Mangaluru District Court,Justice 434,7,Convicted
1983,1983,Bengaluru Sessions Court,Justice 173,1,Pending
1984,1984,Belagavi Sessions Court,Justice 307,6,Acquitted
1985,1985,Belagavi Sessions Court,Justice 457,5,Convicted
1986,1986,Kalaburagi District Court,Justice 459,7,Convicted
1987,1987,Bengaluru Sessions Court,Justice 480,16,Acquitted
1988,1988,Kalaburagi District Court,Justice 246,7,Pending
1989,1989,Mangaluru District Court,Justice 477,16,Convicted
1990,1990,Kalaburagi District Court,Justice 431,6,Pending
1991,1991,Mangaluru District Court,Justice 348,6,Pending
1992,1992,Belagavi Sessions Court,Justice 58,20,Acquitted
1993,1993,Bengaluru Sessions Court,Justice 70,4,Pending
1994,1994,Bengaluru Sessions Court,Justice 28,13,Acquitted
1995,1995,Mysuru District Court,Justice 367,6,Acquitted
1996,1996,Hubballi District Court,Justice 391,7,Acquitted
1997,1997,Mangaluru District Court,Justice 482,14,Convicted
1998,1998,Mangaluru District Court,Justice 251,5,Acquitted
1999,1999,Belagavi Sessions Court,Justice 299,14,Acquitted
2000,2000,Mysuru District Court,Justice 211,3,Acquitted
2001,2001,Hubballi District Court,Justice 428,11,Acquitted
2002,2002,Kalaburagi District Court,Justice 357,15,Acquitted
2003,2003,Bengaluru Sessions Court,Justice 168,11,Acquitted
2004,2004,Bengaluru Sessions Court,Justice 282,4,Convicted
2005,2005,Belagavi Sessions Court,Justice 173,7,Acquitted
2006,2006,Mangaluru District Court,Justice 426,14,Convicted
2007,2007,Mysuru District Court,Justice 4,18,Convicted
2008,2008,Mangaluru District Court,Justice 111,1,Convicted
2009,2009,Mangaluru District Court,Justice 24,10,Convicted
2010,2010,Bengaluru Sessions Court,Justice 220,18,Acquitted
2011,2011,Kalaburagi District Court,Justice 92,7,Pending
2012,2012,Kalaburagi District Court,Justice 496,3,Acquitted
2013,2013,Kalaburagi District Court,Justice 178,2,Acquitted
2014,2014,Bengaluru Sessions Court,Justice 445,18,Convicted
2015,2015,Kalaburagi District Court,Justice 298,12,Convicted
2016,2016,Mangaluru District Court,Justice 467,11,Convicted
2017,2017,Mangaluru District Court,Justice 11,6,Convicted
2018,2018,Mysuru District Court,Justice 260,20,Acquitted
2019,2019,Belagavi Sessions Court,Justice 417,17,Pending
2020,2020,Kalaburagi District Court,Justice 338,15,Acquitted
2021,2021,Bengaluru Sessions Court,Justice 296,16,Convicted
2022,2022,Kalaburagi District Court,Justice 304,16,Convicted
2023,2023,Belagavi Sessions Court,Justice 134,7,Convicted
2024,2024,Hubballi District Court,Justice 191,3,Acquitted
2025,2025,Bengaluru Sessions Court,Justice 274,14,Acquitted
2026,2026,Kalaburagi District Court,Justice 72,15,Pending
2027,2027,Mysuru District Court,Justice 86,4,Convicted
2028,2028,Mysuru District Court,Justice 246,18,Convicted
2029,2029,Belagavi Sessions Court,Justice 131,13,Acquitted
2030,2030,Hubballi District Court,Justice 350,6,Pending
2031,2031,Bengaluru Sessions Court,Justice 323,20,Acquitted
2032,2032,Belagavi Sessions Court,Justice 1,10,Convicted
2033,2033,Bengaluru Sessions Court,Justice 76,6,Convicted
2034,2034,Kalaburagi District Court,Justice 496,19,Acquitted
2035,2035,Kalaburagi District Court,Justice 468,6,Pending
2036,2036,Kalaburagi District Court,Justice 488,14,Acquitted
2037,2037,Bengaluru Sessions Court,Justice 201,1,Acquitted
2038,2038,Mysuru District Court,Justice 302,15,Pending
2039,2039,Mangaluru District Court,Justice 140,20,Acquitted
2040,2040,Belagavi Sessions Court,Justice 251,6,Pending
2041,2041,Bengaluru Sessions Court,Justice 176,19,Pending
2042,2042,Bengaluru Sessions Court,Justice 46,16,Pending
2043,2043,Mysuru District Court,Justice 106,10,Convicted
2044,2044,Mangaluru District Court,Justice 206,15,Convicted
2045,2045,Mangaluru District Court,Justice 119,12,Convicted
2046,2046,Mangaluru District Court,Justice 150,20,Acquitted
2047,2047,Mangaluru District Court,Justice 336,9,Acquitted
2048,2048,Bengaluru Sessions Court,Justice 28,9,Acquitted
2049,2049,Mysuru District Court,Justice 37,9,Convicted
2050,2050,Belagavi Sessions Court,Justice 245,20,Pending
2051,2051,Hubballi District Court,Justice 409,6,Pending
2052,2052,Mysuru District Court,Justice 298,7,Acquitted
2053,2053,Bengaluru Sessions Court,Justice 198,3,Pending
2054,2054,Mangaluru District Court,Justice 364,19,Convicted
2055,2055,Kalaburagi District Court,Justice 293,1,Convicted
2056,2056,Belagavi Sessions Court,Justice 380,15,Acquitted
2057,2057,Mangaluru District Court,Justice 319,9,Convicted
2058,2058,Mangaluru District Court,Justice 494,11,Acquitted
2059,2059,Belagavi Sessions Court,Justice 161,19,Acquitted
2060,2060,Bengaluru Sessions Court,Justice 310,1,Acquitted
2061,2061,Hubballi District Court,Justice 153,10,Convicted
2062,2062,Bengaluru Sessions Court,Justice 395,9,Pending
2063,2063,Mysuru District Court,Justice 296,17,Acquitted
2064,2064,Mysuru District Court,Justice 393,16,Acquitted
2065,2065,Kalaburagi District Court,Justice 462,11,Acquitted
2066,2066,Kalaburagi District Court,Justice 245,16,Pending
2067,2067,Bengaluru Sessions Court,Justice 93,8,Convicted
2068,2068,Hubballi District Court,Justice 354,15,Pending
2069,2069,Bengaluru Sessions Court,Justice 245,5,Convicted
2070,2070,Belagavi Sessions Court,Justice 267,16,Acquitted
2071,2071,Mangaluru District Court,Justice 295,13,Acquitted
2072,2072,Mangaluru District Court,Justice 79,9,Acquitted
2073,2073,Mangaluru District Court,Justice 329,12,Pending
2074,2074,Hubballi District Court,Justice 412,17,Convicted
2075,2075,Bengaluru Sessions Court,Justice 197,10,Pending
2076,2076,Hubballi District Court,Justice 48,18,Pending
2077,2077,Belagavi Sessions Court,Justice 239,1,Acquitted
2078,2078,Kalaburagi District Court,Justice 327,14,Acquitted
2079,2079,Bengaluru Sessions Court,Justice 404,6,Convicted
2080,2080,Mysuru District Court,Justice 233,1,Acquitted
2081,2081,Mangaluru District Court,Justice 370,3,Pending
2082,2082,Mangaluru District Court,Justice 82,7,Convicted
2083,2083,Hubballi District Court,Justice 15,16,Pending
2084,2084,Bengaluru Sessions Court,Justice 159,1,Convicted
2085,2085,Mangaluru District Court,Justice 17,10,Convicted
2086,2086,Mangaluru District Court,Justice 310,18,Acquitted
2087,2087,Bengaluru Sessions Court,Justice 347,16,Acquitted
2088,2088,Belagavi Sessions Court,Justice 483,2,Acquitted
2089,2089,Kalaburagi District Court,Justice 239,18,Convicted
2090,2090,Belagavi Sessions Court,Justice 223,2,Pending
2091,2091,Kalaburagi District Court,Justice 66,11,Acquitted
2092,2092,Kalaburagi District Court,Justice 404,13,Convicted
2093,2093,Mysuru District Court,Justice 281,4,Acquitted
2094,2094,Mangaluru District Court,Justice 29,17,Pending
2095,2095,Hubballi District Court,Justice 355,3,Acquitted
2096,2096,Mysuru District Court,Justice 119,17,Pending
2097,2097,Belagavi Sessions Court,Justice 22,4,Pending
2098,2098,Kalaburagi District Court,Justice 161,9,Convicted
2099,2099,Belagavi Sessions Court,Justice 32,14,Convicted
2100,2100,Mysuru District Court,Justice 247,1,Pending
2101,2101,Mysuru District Court,Justice 227,8,Pending
2102,2102,Bengaluru Sessions Court,Justice 269,1,Acquitted
2103,2103,Hubballi District Court,Justice 289,19,Convicted
2104,2104,Belagavi Sessions Court,Justice 498,18,Pending
2105,2105,Mysuru District Court,Justice 48,9,Pending
2106,2106,Mangaluru District Court,Justice 131,10,Convicted
2107,2107,Belagavi Sessions Court,Justice 18,1,Acquitted
2108,2108,Bengaluru Sessions Court,Justice 428,19,Convicted
2109,2109,Mangaluru District Court,Justice 223,2,Pending
2110,2110,Hubballi District Court,Justice 192,19,Acquitted
2111,2111,Belagavi Sessions Court,Justice 355,6,Pending
2112,2112,Mysuru District Court,Justice 294,5,Pending
2113,2113,Hubballi District Court,Justice 115,2,Acquitted
2114,2114,Belagavi Sessions Court,Justice 44,17,Acquitted
2115,2115,Hubballi District Court,Justice 177,1,Convicted
2116,2116,Hubballi District Court,Justice 295,5,Acquitted
2117,2117,Hubballi District Court,Justice 84,12,Pending
2118,2118,Mysuru District Court,Justice 272,20,Pending
2119,2119,Mangaluru District Court,Justice 227,19,Pending
2120,2120,Belagavi Sessions Court,Justice 280,15,Pending
2121,2121,Mangaluru District Court,Justice 454,11,Convicted
2122,2122,Kalaburagi District Court,Justice 237,19,Convicted
2123,2123,Mangaluru District Court,Justice 285,3,Acquitted
2124,2124,Bengaluru Sessions Court,Justice 386,11,Convicted
2125,2125,Bengaluru Sessions Court,Justice 16,5,Convicted
2126,2126,Mysuru District Court,Justice 357,6,Convicted
2127,2127,Kalaburagi District Court,Justice 377,16,Pending
2128,2128,Mysuru District Court,Justice 479,14,Pending
2129,2129,Bengaluru Sessions Court,Justice 14,6,Convicted
2130,2130,Bengaluru Sessions Court,Justice 117,8,Pending
2131,2131,Kalaburagi District Court,Justice 22,14,Acquitted
2132,2132,Kalaburagi District Court,Justice 182,2,Acquitted
2133,2133,Mangaluru District Court,Justice 95,3,Convicted
2134,2134,Belagavi Sessions Court,Justice 314,10,Acquitted
2135,2135,Mysuru District Court,Justice 492,6,Acquitted
2136,2136,Kalaburagi District Court,Justice 457,3,Convicted
2137,2137,Mangaluru District Court,Justice 331,7,Acquitted
2138,2138,Mysuru District Court,Justice 101,20,Pending
2139,2139,Mangaluru District Court,Justice 423,9,Pending
2140,2140,Bengaluru Sessions Court,Justice 4,7,Acquitted
2141,2141,Mysuru District Court,Justice 429,7,Pending
2142,2142,Kalaburagi District Court,Justice 41,3,Convicted
2143,2143,Mangaluru District Court,Justice 207,4,Convicted
2144,2144,Mysuru District Court,Justice 340,17,Pending
2145,2145,Kalaburagi District Court,Justice 257,5,Convicted
2146,2146,Mangaluru District Court,Justice 95,12,Acquitted
2147,2147,Mangaluru District Court,Justice 128,11,Convicted
2148,2148,Hubballi District Court,Justice 40,1,Pending
2149,2149,Mysuru District Court,Justice 67,2,Pending
2150,2150,Kalaburagi District Court,Justice 438,5,Acquitted
2151,2151,Kalaburagi District Court,Justice 181,7,Acquitted
2152,2152,Hubballi District Court,Justice 304,13,Acquitted
2153,2153,Mangaluru District Court,Justice 160,10,Acquitted
2154,2154,Mysuru District Court,Justice 130,1,Acquitted
2155,2155,Bengaluru Sessions Court,Justice 173,6,Pending
2156,2156,Bengaluru Sessions Court,Justice 8,13,Acquitted
2157,2157,Hubballi District Court,Justice 174,19,Acquitted
2158,2158,Kalaburagi District Court,Justice 462,20,Convicted
2159,2159,Hubballi District Court,Justice 90,9,Pending
2160,2160,Mysuru District Court,Justice 33,12,Pending
2161,2161,Belagavi Sessions Court,Justice 487,12,Pending
2162,2162,Bengaluru Sessions Court,Justice 201,1,Convicted
2163,2163,Bengaluru Sessions Court,Justice 8,20,Convicted
2164,2164,Belagavi Sessions Court,Justice 300,15,Pending
2165,2165,Hubballi District Court,Justice 162,11,Convicted
2166,2166,Belagavi Sessions Court,Justice 465,6,Pending
2167,2167,Kalaburagi District Court,Justice 473,15,Acquitted
2168,2168,Mysuru District Court,Justice 12,4,Convicted
2169,2169,Bengaluru Sessions Court,Justice 269,2,Pending
2170,2170,Mysuru District Court,Justice 435,4,Acquitted
2171,2171,Hubballi District Court,Justice 287,19,Pending
2172,2172,Kalaburagi District Court,Justice 98,5,Pending
2173,2173,Mysuru District Court,Justice 174,9,Convicted
2174,2174,Mysuru District Court,Justice 33,19,Convicted
2175,2175,Mangaluru District Court,Justice 36,3,Pending
2176,2176,Mangaluru District Court,Justice 144,14,Pending
2177,2177,Mysuru District Court,Justice 109,18,Convicted
2178,2178,Bengaluru Sessions Court,Justice 323,4,Convicted
2179,2179,Mysuru District Court,Justice 200,18,Convicted
2180,2180,Kalaburagi District Court,Justice 116,9,Convicted
2181,2181,Hubballi District Court,Justice 148,9,Pending
2182,2182,Hubballi District Court,Justice 184,6,Convicted
2183,2183,Mangaluru District Court,Justice 441,9,Acquitted
2184,2184,Bengaluru Sessions Court,Justice 368,17,Acquitted
2185,2185,Mysuru District Court,Justice 104,2,Convicted
2186,2186,Belagavi Sessions Court,Justice 184,5,Pending
2187,2187,Belagavi Sessions Court,Justice 13,18,Convicted
2188,2188,Belagavi Sessions Court,Justice 38,19,Acquitted
2189,2189,Kalaburagi District Court,Justice 195,19,Pending
2190,2190,Bengaluru Sessions Court,Justice 250,18,Convicted
2191,2191,Belagavi Sessions Court,Justice 446,16,Convicted
2192,2192,Belagavi Sessions Court,Justice 380,15,Convicted
2193,2193,Belagavi Sessions Court,Justice 378,16,Pending
2194,2194,Kalaburagi District Court,Justice 27,2,Convicted
2195,2195,Hubballi District Court,Justice 372,15,Convicted
2196,2196,Belagavi Sessions Court,Justice 30,12,Pending
2197,2197,Kalaburagi District Court,Justice 138,1,Convicted
2198,2198,Bengaluru Sessions Court,Justice 334,8,Acquitted
2199,2199,Belagavi Sessions Court,Justice 195,12,Pending
2200,2200,Mysuru District Court,Justice 290,15,Convicted
2201,2201,Hubballi District Court,Justice 346,3,Pending
2202,2202,Belagavi Sessions Court,Justice 32,20,Pending
2203,2203,Belagavi Sessions Court,Justice 217,13,Convicted
2204,2204,Hubballi District Court,Justice 22,5,Pending
2205,2205,Hubballi District Court,Justice 262,12,Convicted
2206,2206,Mysuru District Court,Justice 223,7,Convicted
2207,2207,Kalaburagi District Court,Justice 352,20,Pending
2208,2208,Hubballi District Court,Justice 64,5,Pending
2209,2209,Belagavi Sessions Court,Justice 17,8,Acquitted
2210,2210,Mysuru District Court,Justice 141,15,Pending
2211,2211,Mangaluru District Court,Justice 389,13,Pending
2212,2212,Mysuru District Court,Justice 102,14,Acquitted
2213,2213,Hubballi District Court,Justice 239,11,Pending
2214,2214,Kalaburagi District Court,Justice 58,20,Acquitted
2215,2215,Bengaluru Sessions Court,Justice 364,5,Convicted
2216,2216,Hubballi District Court,Justice 460,9,Pending
2217,2217,Belagavi Sessions Court,Justice 290,12,Pending
2218,2218,Kalaburagi District Court,Justice 289,12,Acquitted
2219,2219,Hubballi District Court,Justice 362,6,Acquitted
2220,2220,Kalaburagi District Court,Justice 166,3,Convicted
2221,2221,Mysuru District Court,Justice 408,15,Pending
2222,2222,Hubballi District Court,Justice 443,17,Pending
2223,2223,Kalaburagi District Court,Justice 278,4,Pending
2224,2224,Hubballi District Court,Justice 380,2,Acquitted
2225,2225,Bengaluru Sessions Court,Justice 168,9,Pending
2226,2226,Belagavi Sessions Court,Justice 263,19,Pending
2227,2227,Kalaburagi District Court,Justice 72,13,Convicted
2228,2228,Mangaluru District Court,Justice 142,20,Acquitted
2229,2229,Mysuru District Court,Justice 151,12,Pending
2230,2230,Mangaluru District Court,Justice 22,14,Convicted
2231,2231,Mysuru District Court,Justice 18,11,Convicted
2232,2232,Belagavi Sessions Court,Justice 256,12,Pending
2233,2233,Hubballi District Court,Justice 63,13,Convicted
2234,2234,Belagavi Sessions Court,Justice 164,1,Acquitted
2235,2235,Bengaluru Sessions Court,Justice 425,19,Acquitted
2236,2236,Kalaburagi District Court,Justice 47,17,Acquitted
2237,2237,Kalaburagi District Court,Justice 96,12,Convicted
2238,2238,Kalaburagi District Court,Justice 392,14,Convicted
2239,2239,Belagavi Sessions Court,Justice 264,17,Convicted
2240,2240,Kalaburagi District Court,Justice 312,2,Acquitted
2241,2241,Mysuru District Court,Justice 66,10,Pending
2242,2242,Kalaburagi District Court,Justice 320,9,Pending
2243,2243,Belagavi Sessions Court,Justice 343,18,Convicted
2244,2244,Belagavi Sessions Court,Justice 178,18,Acquitted
2245,2245,Bengaluru Sessions Court,Justice 378,8,Pending
2246,2246,Kalaburagi District Court,Justice 367,3,Acquitted
2247,2247,Belagavi Sessions Court,Justice 345,1,Convicted
2248,2248,Bengaluru Sessions Court,Justice 70,10,Pending
2249,2249,Belagavi Sessions Court,Justice 177,18,Acquitted
2250,2250,Belagavi Sessions Court,Justice 244,16,Convicted
2251,2251,Kalaburagi District Court,Justice 80,17,Acquitted
2252,2252,Hubballi District Court,Justice 204,6,Convicted
2253,2253,Bengaluru Sessions Court,Justice 470,20,Pending
2254,2254,Kalaburagi District Court,Justice 300,1,Convicted
2255,2255,Bengaluru Sessions Court,Justice 339,11,Acquitted
2256,2256,Belagavi Sessions Court,Justice 212,17,Acquitted
2257,2257,Belagavi Sessions Court,Justice 414,11,Convicted
2258,2258,Belagavi Sessions Court,Justice 303,9,Pending
2259,2259,Kalaburagi District Court,Justice 386,20,Pending
2260,2260,Bengaluru Sessions Court,Justice 382,4,Acquitted
2261,2261,Mangaluru District Court,Justice 155,15,Convicted
2262,2262,Mysuru District Court,Justice 108,2,Convicted
2263,2263,Bengaluru Sessions Court,Justice 493,5,Convicted
2264,2264,Kalaburagi District Court,Justice 469,8,Convicted
2265,2265,Mangaluru District Court,Justice 327,16,Acquitted
2266,2266,Mangaluru District Court,Justice 151,14,Pending
2267,2267,Belagavi Sessions Court,Justice 481,2,Acquitted
2268,2268,Mysuru District Court,Justice 327,4,Pending
2269,2269,Bengaluru Sessions Court,Justice 63,3,Pending
2270,2270,Belagavi Sessions Court,Justice 95,2,Pending
2271,2271,Mangaluru District Court,Justice 253,11,Acquitted
2272,2272,Mangaluru District Court,Justice 225,8,Pending
2273,2273,Belagavi Sessions Court,Justice 51,20,Acquitted
2274,2274,Bengaluru Sessions Court,Justice 92,8,Convicted
2275,2275,Kalaburagi District Court,Justice 38,7,Convicted
2276,2276,Belagavi Sessions Court,Justice 202,20,Pending
2277,2277,Kalaburagi District Court,Justice 124,10,Pending
2278,2278,Bengaluru Sessions Court,Justice 472,12,Acquitted
2279,2279,Kalaburagi District Court,Justice 164,16,Convicted
2280,2280,Belagavi Sessions Court,Justice 449,16,Acquitted
2281,2281,Mangaluru District Court,Justice 437,11,Pending
2282,2282,Mysuru District Court,Justice 25,4,Pending
2283,2283,Belagavi Sessions Court,Justice 397,14,Pending
2284,2284,Mysuru District Court,Justice 285,20,Acquitted
2285,2285,Belagavi Sessions Court,Justice 135,5,Acquitted
2286,2286,Belagavi Sessions Court,Justice 102,16,Acquitted
2287,2287,Mysuru District Court,Justice 246,1,Acquitted
2288,2288,Bengaluru Sessions Court,Justice 80,16,Acquitted
2289,2289,Belagavi Sessions Court,Justice 99,13,Convicted
2290,2290,Bengaluru Sessions Court,Justice 429,20,Convicted
2291,2291,Hubballi District Court,Justice 75,13,Pending
2292,2292,Mysuru District Court,Justice 220,10,Convicted
2293,2293,Hubballi District Court,Justice 183,18,Pending
2294,2294,Hubballi District Court,Justice 21,20,Pending
2295,2295,Belagavi Sessions Court,Justice 107,1,Pending
2296,2296,Mangaluru District Court,Justice 231,11,Pending
2297,2297,Hubballi District Court,Justice 233,16,Pending
2298,2298,Hubballi District Court,Justice 124,5,Pending
2299,2299,Hubballi District Court,Justice 440,17,Convicted
2300,2300,Kalaburagi District Court,Justice 222,15,Acquitted
2301,2301,Mysuru District Court,Justice 433,5,Acquitted
2302,2302,Kalaburagi District Court,Justice 261,1,Convicted
2303,2303,Belagavi Sessions Court,Justice 101,8,Pending
2304,2304,Mangaluru District Court,Justice 365,13,Acquitted
2305,2305,Bengaluru Sessions Court,Justice 389,10,Acquitted
2306,2306,Mysuru District Court,Justice 229,6,Acquitted
2307,2307,Belagavi Sessions Court,Justice 14,11,Pending
2308,2308,Belagavi Sessions Court,Justice 163,1,Pending
2309,2309,Mysuru District Court,Justice 124,10,Pending
2310,2310,Kalaburagi District Court,Justice 368,14,Acquitted
2311,2311,Kalaburagi District Court,Justice 105,6,Acquitted
2312,2312,Bengaluru Sessions Court,Justice 113,2,Convicted
2313,2313,Belagavi Sessions Court,Justice 320,18,Convicted
2314,2314,Hubballi District Court,Justice 285,1,Pending
2315,2315,Mangaluru District Court,Justice 285,14,Pending
2316,2316,Mysuru District Court,Justice 290,13,Convicted
2317,2317,Belagavi Sessions Court,Justice 82,14,Pending
2318,2318,Hubballi District Court,Justice 417,10,Convicted
2319,2319,Kalaburagi District Court,Justice 378,16,Convicted
2320,2320,Kalaburagi District Court,Justice 418,4,Convicted
2321,2321,Belagavi Sessions Court,Justice 300,4,Acquitted
2322,2322,Mysuru District Court,Justice 349,18,Convicted
2323,2323,Belagavi Sessions Court,Justice 357,4,Convicted
2324,2324,Belagavi Sessions Court,Justice 158,1,Acquitted
2325,2325,Belagavi Sessions Court,Justice 122,17,Acquitted
2326,2326,Hubballi District Court,Justice 307,14,Pending
2327,2327,Bengaluru Sessions Court,Justice 275,6,Acquitted
2328,2328,Mysuru District Court,Justice 436,13,Pending
2329,2329,Mysuru District Court,Justice 52,7,Acquitted
2330,2330,Mysuru District Court,Justice 178,9,Acquitted
2331,2331,Mysuru District Court,Justice 199,3,Acquitted
2332,2332,Belagavi Sessions Court,Justice 31,5,Pending
2333,2333,Mysuru District Court,Justice 437,6,Convicted
2334,2334,Belagavi Sessions Court,Justice 459,17,Acquitted
2335,2335,Belagavi Sessions Court,Justice 459,3,Convicted
2336,2336,Mangaluru District Court,Justice 36,5,Pending
2337,2337,Hubballi District Court,Justice 339,18,Convicted
2338,2338,Hubballi District Court,Justice 127,14,Pending
2339,2339,Kalaburagi District Court,Justice 453,5,Acquitted
2340,2340,Hubballi District Court,Justice 348,5,Convicted
2341,2341,Mysuru District Court,Justice 325,19,Acquitted
2342,2342,Bengaluru Sessions Court,Justice 53,19,Pending
2343,2343,Belagavi Sessions Court,Justice 373,10,Convicted
2344,2344,Bengaluru Sessions Court,Justice 381,7,Pending
2345,2345,Bengaluru Sessions Court,Justice 293,5,Acquitted
2346,2346,Mangaluru District Court,Justice 487,1,Pending
2347,2347,Mangaluru District Court,Justice 266,12,Acquitted
2348,2348,Belagavi Sessions Court,Justice 341,11,Pending
2349,2349,Mysuru District Court,Justice 257,7,Acquitted
2350,2350,Bengaluru Sessions Court,Justice 163,14,Pending
2351,2351,Kalaburagi District Court,Justice 244,15,Acquitted
2352,2352,Kalaburagi District Court,Justice 380,9,Pending
2353,2353,Mangaluru District Court,Justice 137,13,Acquitted
2354,2354,Belagavi Sessions Court,Justice 67,5,Pending
2355,2355,Bengaluru Sessions Court,Justice 355,2,Pending
2356,2356,Bengaluru Sessions Court,Justice 310,17,Pending
2357,2357,Bengaluru Sessions Court,Justice 40,12,Pending
2358,2358,Belagavi Sessions Court,Justice 319,5,Acquitted
2359,2359,Belagavi Sessions Court,Justice 19,20,Acquitted
2360,2360,Mysuru District Court,Justice 411,19,Acquitted
2361,2361,Hubballi District Court,Justice 85,5,Pending
2362,2362,Hubballi District Court,Justice 190,13,Pending
2363,2363,Hubballi District Court,Justice 229,16,Pending
2364,2364,Kalaburagi District Court,Justice 117,18,Convicted
2365,2365,Bengaluru Sessions Court,Justice 148,2,Convicted
2366,2366,Kalaburagi District Court,Justice 366,18,Convicted
2367,2367,Bengaluru Sessions Court,Justice 243,18,Pending
2368,2368,Belagavi Sessions Court,Justice 250,5,Pending
2369,2369,Hubballi District Court,Justice 400,2,Acquitted
2370,2370,Kalaburagi District Court,Justice 426,14,Convicted
2371,2371,Belagavi Sessions Court,Justice 69,5,Acquitted
2372,2372,Bengaluru Sessions Court,Justice 386,5,Convicted
2373,2373,Mangaluru District Court,Justice 286,13,Acquitted
2374,2374,Belagavi Sessions Court,Justice 496,14,Pending
2375,2375,Bengaluru Sessions Court,Justice 152,19,Convicted
2376,2376,Hubballi District Court,Justice 422,19,Pending
2377,2377,Belagavi Sessions Court,Justice 365,15,Pending
2378,2378,Mysuru District Court,Justice 483,15,Acquitted
2379,2379,Bengaluru Sessions Court,Justice 367,3,Acquitted
2380,2380,Mangaluru District Court,Justice 91,4,Pending
2381,2381,Bengaluru Sessions Court,Justice 255,19,Convicted
2382,2382,Mangaluru District Court,Justice 4,14,Acquitted
2383,2383,Mysuru District Court,Justice 425,17,Acquitted
2384,2384,Belagavi Sessions Court,Justice 167,17,Acquitted
2385,2385,Mysuru District Court,Justice 89,17,Acquitted
2386,2386,Kalaburagi District Court,Justice 94,16,Acquitted
2387,2387,Kalaburagi District Court,Justice 251,19,Pending
2388,2388,Hubballi District Court,Justice 154,2,Convicted
2389,2389,Mysuru District Court,Justice 119,12,Acquitted
2390,2390,Mysuru District Court,Justice 2,5,Acquitted
2391,2391,Belagavi Sessions Court,Justice 75,3,Pending
2392,2392,Kalaburagi District Court,Justice 29,2,Convicted
2393,2393,Mangaluru District Court,Justice 364,1,Acquitted
2394,2394,Kalaburagi District Court,Justice 374,6,Convicted
2395,2395,Hubballi District Court,Justice 218,15,Pending
2396,2396,Kalaburagi District Court,Justice 283,15,Pending
2397,2397,Kalaburagi District Court,Justice 277,12,Acquitted
2398,2398,Hubballi District Court,Justice 56,1,Acquitted
2399,2399,Belagavi Sessions Court,Justice 435,10,Convicted
2400,2400,Kalaburagi District Court,Justice 236,2,Convicted
2401,2401,Mangaluru District Court,Justice 15,18,Pending
2402,2402,Kalaburagi District Court,Justice 90,7,Pending
2403,2403,Bengaluru Sessions Court,Justice 204,1,Acquitted
2404,2404,Kalaburagi District Court,Justice 85,13,Pending
2405,2405,Bengaluru Sessions Court,Justice 220,6,Convicted
2406,2406,Mangaluru District Court,Justice 44,15,Convicted
2407,2407,Mangaluru District Court,Justice 189,16,Pending
2408,2408,Hubballi District Court,Justice 387,13,Convicted
2409,2409,Bengaluru Sessions Court,Justice 39,13,Acquitted
2410,2410,Mangaluru District Court,Justice 335,16,Convicted
2411,2411,Mysuru District Court,Justice 11,6,Pending
2412,2412,Hubballi District Court,Justice 60,2,Acquitted
2413,2413,Hubballi District Court,Justice 74,2,Convicted
2414,2414,Kalaburagi District Court,Justice 255,20,Convicted
2415,2415,Kalaburagi District Court,Justice 319,6,Convicted
2416,2416,Mangaluru District Court,Justice 66,16,Acquitted
2417,2417,Belagavi Sessions Court,Justice 94,17,Pending
2418,2418,Mysuru District Court,Justice 254,19,Convicted
2419,2419,Mysuru District Court,Justice 41,18,Pending
2420,2420,Belagavi Sessions Court,Justice 28,18,Acquitted
2421,2421,Mangaluru District Court,Justice 78,2,Convicted
2422,2422,Belagavi Sessions Court,Justice 248,6,Pending
2423,2423,Belagavi Sessions Court,Justice 142,15,Acquitted
2424,2424,Hubballi District Court,Justice 211,7,Convicted
2425,2425,Mangaluru District Court,Justice 317,10,Pending
2426,2426,Belagavi Sessions Court,Justice 346,5,Convicted
2427,2427,Belagavi Sessions Court,Justice 274,17,Pending
2428,2428,Bengaluru Sessions Court,Justice 192,13,Acquitted
2429,2429,Mangaluru District Court,Justice 71,14,Convicted
2430,2430,Kalaburagi District Court,Justice 194,11,Acquitted
2431,2431,Belagavi Sessions Court,Justice 126,18,Pending
2432,2432,Belagavi Sessions Court,Justice 437,17,Convicted
2433,2433,Mangaluru District Court,Justice 340,16,Convicted
2434,2434,Mangaluru District Court,Justice 206,8,Acquitted
2435,2435,Belagavi Sessions Court,Justice 165,20,Convicted
2436,2436,Belagavi Sessions Court,Justice 356,11,Acquitted
2437,2437,Bengaluru Sessions Court,Justice 83,16,Pending
2438,2438,Belagavi Sessions Court,Justice 170,7,Acquitted
2439,2439,Hubballi District Court,Justice 209,7,Pending
2440,2440,Bengaluru Sessions Court,Justice 429,13,Pending
2441,2441,Bengaluru Sessions Court,Justice 267,7,Pending
2442,2442,Hubballi District Court,Justice 209,11,Convicted
2443,2443,Mangaluru District Court,Justice 300,19,Pending
2444,2444,Kalaburagi District Court,Justice 228,18,Convicted
2445,2445,Mangaluru District Court,Justice 148,8,Acquitted
2446,2446,Hubballi District Court,Justice 53,5,Acquitted
2447,2447,Belagavi Sessions Court,Justice 96,1,Pending
2448,2448,Mysuru District Court,Justice 125,10,Pending
2449,2449,Kalaburagi District Court,Justice 183,7,Convicted
2450,2450,Kalaburagi District Court,Justice 443,11,Pending
2451,2451,Mysuru District Court,Justice 368,10,Acquitted
2452,2452,Mysuru District Court,Justice 57,9,Convicted
2453,2453,Mysuru District Court,Justice 412,4,Convicted
2454,2454,Mangaluru District Court,Justice 131,10,Acquitted
2455,2455,Kalaburagi District Court,Justice 11,14,Convicted
2456,2456,Belagavi Sessions Court,Justice 181,19,Pending
2457,2457,Mangaluru District Court,Justice 51,11,Pending
2458,2458,Mysuru District Court,Justice 133,3,Acquitted
2459,2459,Hubballi District Court,Justice 79,3,Acquitted
2460,2460,Kalaburagi District Court,Justice 156,9,Pending
2461,2461,Kalaburagi District Court,Justice 318,2,Pending
2462,2462,Bengaluru Sessions Court,Justice 233,16,Pending
2463,2463,Kalaburagi District Court,Justice 190,10,Acquitted
2464,2464,Mangaluru District Court,Justice 383,3,Acquitted
2465,2465,Hubballi District Court,Justice 209,20,Convicted
2466,2466,Kalaburagi District Court,Justice 132,14,Convicted
2467,2467,Kalaburagi District Court,Justice 161,4,Convicted
2468,2468,Kalaburagi District Court,Justice 141,11,Acquitted
2469,2469,Bengaluru Sessions Court,Justice 440,20,Pending
2470,2470,Mangaluru District Court,Justice 14,1,Convicted
2471,2471,Hubballi District Court,Justice 320,1,Acquitted
2472,2472,Bengaluru Sessions Court,Justice 295,15,Acquitted
2473,2473,Mysuru District Court,Justice 214,2,Acquitted
2474,2474,Belagavi Sessions Court,Justice 72,5,Pending
2475,2475,Belagavi Sessions Court,Justice 51,18,Convicted
2476,2476,Hubballi District Court,Justice 169,5,Convicted
2477,2477,Kalaburagi District Court,Justice 81,10,Convicted
2478,2478,Hubballi District Court,Justice 225,12,Convicted
2479,2479,Mangaluru District Court,Justice 395,15,Pending
2480,2480,Mangaluru District Court,Justice 328,1,Pending
2481,2481,Belagavi Sessions Court,Justice 406,8,Convicted
2482,2482,Bengaluru Sessions Court,Justice 344,15,Convicted
2483,2483,Bengaluru Sessions Court,Justice 429,14,Acquitted
2484,2484,Kalaburagi District Court,Justice 3,7,Convicted
2485,2485,Hubballi District Court,Justice 293,13,Pending
2486,2486,Mysuru District Court,Justice 478,3,Pending
2487,2487,Mangaluru District Court,Justice 8,11,Pending
2488,2488,Mangaluru District Court,Justice 160,7,Pending
2489,2489,Kalaburagi District Court,Justice 403,17,Convicted
2490,2490,Hubballi District Court,Justice 173,7,Acquitted
2491,2491,Mangaluru District Court,Justice 254,7,Acquitted
2492,2492,Hubballi District Court,Justice 467,11,Pending
2493,2493,Belagavi Sessions Court,Justice 142,10,Acquitted
2494,2494,Belagavi Sessions Court,Justice 211,3,Acquitted
2495,2495,Mangaluru District Court,Justice 41,14,Acquitted
2496,2496,Mysuru District Court,Justice 232,1,Pending
2497,2497,Bengaluru Sessions Court,Justice 127,3,Convicted
2498,2498,Bengaluru Sessions Court,Justice 215,17,Pending
2499,2499,Belagavi Sessions Court,Justice 310,20,Pending
2500,2500,Bengaluru Sessions Court,Justice 205,16,Acquitted
2501,2501,Mysuru District Court,Justice 9,10,Acquitted
2502,2502,Kalaburagi District Court,Justice 382,9,Convicted
2503,2503,Kalaburagi District Court,Justice 365,19,Convicted
2504,2504,Kalaburagi District Court,Justice 72,20,Pending
2505,2505,Hubballi District Court,Justice 324,13,Convicted
2506,2506,Mangaluru District Court,Justice 294,14,Pending
2507,2507,Bengaluru Sessions Court,Justice 417,19,Acquitted
2508,2508,Mysuru District Court,Justice 410,7,Convicted
2509,2509,Hubballi District Court,Justice 10,17,Pending
2510,2510,Kalaburagi District Court,Justice 439,18,Pending
2511,2511,Mangaluru District Court,Justice 242,15,Acquitted
2512,2512,Kalaburagi District Court,Justice 77,16,Convicted
2513,2513,Mysuru District Court,Justice 338,12,Convicted
2514,2514,Hubballi District Court,Justice 303,11,Acquitted
2515,2515,Kalaburagi District Court,Justice 38,20,Convicted
2516,2516,Mangaluru District Court,Justice 128,15,Pending
2517,2517,Bengaluru Sessions Court,Justice 219,14,Acquitted
2518,2518,Belagavi Sessions Court,Justice 233,10,Pending
2519,2519,Mysuru District Court,Justice 18,11,Acquitted
2520,2520,Bengaluru Sessions Court,Justice 400,9,Pending
2521,2521,Mysuru District Court,Justice 91,8,Pending
2522,2522,Mysuru District Court,Justice 181,8,Convicted
2523,2523,Kalaburagi District Court,Justice 244,11,Convicted
2524,2524,Belagavi Sessions Court,Justice 244,1,Convicted
2525,2525,Mysuru District Court,Justice 500,2,Pending
2526,2526,Hubballi District Court,Justice 406,16,Pending
2527,2527,Hubballi District Court,Justice 324,10,Acquitted
2528,2528,Mysuru District Court,Justice 353,4,Pending
2529,2529,Kalaburagi District Court,Justice 30,4,Pending
2530,2530,Kalaburagi District Court,Justice 108,13,Pending
2531,2531,Hubballi District Court,Justice 334,4,Pending
2532,2532,Kalaburagi District Court,Justice 84,20,Acquitted
2533,2533,Belagavi Sessions Court,Justice 215,3,Pending
2534,2534,Bengaluru Sessions Court,Justice 374,9,Acquitted
2535,2535,Kalaburagi District Court,Justice 308,4,Acquitted
2536,2536,Mysuru District Court,Justice 232,17,Convicted
2537,2537,Mangaluru District Court,Justice 165,20,Acquitted
2538,2538,Mysuru District Court,Justice 337,11,Convicted
2539,2539,Kalaburagi District Court,Justice 39,19,Convicted
2540,2540,Hubballi District Court,Justice 336,6,Convicted
2541,2541,Belagavi Sessions Court,Justice 290,19,Pending
2542,2542,Hubballi District Court,Justice 93,11,Pending
2543,2543,Belagavi Sessions Court,Justice 61,19,Pending
2544,2544,Belagavi Sessions Court,Justice 197,5,Convicted
2545,2545,Mangaluru District Court,Justice 251,16,Acquitted
2546,2546,Mysuru District Court,Justice 442,4,Convicted
2547,2547,Kalaburagi District Court,Justice 485,14,Acquitted
2548,2548,Belagavi Sessions Court,Justice 100,20,Convicted
2549,2549,Belagavi Sessions Court,Justice 142,1,Pending
2550,2550,Mangaluru District Court,Justice 232,19,Pending
2551,2551,Kalaburagi District Court,Justice 378,5,Pending
2552,2552,Hubballi District Court,Justice 448,4,Acquitted
2553,2553,Kalaburagi District Court,Justice 262,13,Convicted
2554,2554,Belagavi Sessions Court,Justice 236,20,Pending
2555,2555,Bengaluru Sessions Court,Justice 396,2,Pending
2556,2556,Bengaluru Sessions Court,Justice 139,20,Convicted
2557,2557,Kalaburagi District Court,Justice 312,9,Convicted
2558,2558,Mangaluru District Court,Justice 216,6,Acquitted
2559,2559,Mysuru District Court,Justice 409,19,Acquitted
2560,2560,Mysuru District Court,Justice 169,9,Acquitted
2561,2561,Mangaluru District Court,Justice 351,18,Acquitted
2562,2562,Mangaluru District Court,Justice 272,4,Acquitted
2563,2563,Kalaburagi District Court,Justice 72,16,Convicted
2564,2564,Mangaluru District Court,Justice 92,7,Acquitted
2565,2565,Hubballi District Court,Justice 33,10,Pending
2566,2566,Mangaluru District Court,Justice 401,7,Acquitted
2567,2567,Bengaluru Sessions Court,Justice 239,8,Acquitted
2568,2568,Belagavi Sessions Court,Justice 437,10,Acquitted
2569,2569,Mysuru District Court,Justice 443,16,Pending
2570,2570,Mangaluru District Court,Justice 126,13,Convicted
2571,2571,Mysuru District Court,Justice 78,11,Pending
2572,2572,Mysuru District Court,Justice 322,3,Pending
2573,2573,Belagavi Sessions Court,Justice 215,6,Pending
2574,2574,Belagavi Sessions Court,Justice 372,12,Pending
2575,2575,Belagavi Sessions Court,Justice 320,6,Convicted
2576,2576,Hubballi District Court,Justice 477,11,Pending
2577,2577,Bengaluru Sessions Court,Justice 372,3,Convicted
2578,2578,Belagavi Sessions Court,Justice 103,20,Acquitted
2579,2579,Mangaluru District Court,Justice 173,16,Pending
2580,2580,Bengaluru Sessions Court,Justice 16,19,Pending
2581,2581,Hubballi District Court,Justice 42,11,Acquitted
2582,2582,Hubballi District Court,Justice 411,19,Acquitted
2583,2583,Mangaluru District Court,Justice 163,18,Convicted
2584,2584,Belagavi Sessions Court,Justice 95,1,Pending
2585,2585,Mangaluru District Court,Justice 475,6,Pending
2586,2586,Mangaluru District Court,Justice 64,12,Convicted
2587,2587,Hubballi District Court,Justice 253,17,Acquitted
2588,2588,Kalaburagi District Court,Justice 316,5,Acquitted
2589,2589,Bengaluru Sessions Court,Justice 409,20,Pending
2590,2590,Mysuru District Court,Justice 450,2,Pending
2591,2591,Hubballi District Court,Justice 329,18,Convicted
2592,2592,Belagavi Sessions Court,Justice 135,8,Convicted
2593,2593,Mangaluru District Court,Justice 474,2,Acquitted
2594,2594,Kalaburagi District Court,Justice 356,12,Pending
2595,2595,Mangaluru District Court,Justice 286,19,Pending
2596,2596,Mysuru District Court,Justice 239,4,Pending
2597,2597,Belagavi Sessions Court,Justice 191,5,Convicted
2598,2598,Mysuru District Court,Justice 193,3,Pending
2599,2599,Mysuru District Court,Justice 136,1,Convicted
2600,2600,Mangaluru District Court,Justice 281,3,Acquitted
2601,2601,Bengaluru Sessions Court,Justice 466,5,Convicted
2602,2602,Mysuru District Court,Justice 268,18,Pending
2603,2603,Bengaluru Sessions Court,Justice 39,6,Convicted
2604,2604,Bengaluru Sessions Court,Justice 223,1,Convicted
2605,2605,Belagavi Sessions Court,Justice 11,12,Convicted
2606,2606,Kalaburagi District Court,Justice 177,15,Convicted
2607,2607,Kalaburagi District Court,Justice 128,18,Acquitted
2608,2608,Mysuru District Court,Justice 173,1,Convicted
2609,2609,Belagavi Sessions Court,Justice 147,6,Convicted
2610,2610,Kalaburagi District Court,Justice 383,20,Pending
2611,2611,Bengaluru Sessions Court,Justice 223,12,Convicted
2612,2612,Bengaluru Sessions Court,Justice 289,17,Pending
2613,2613,Hubballi District Court,Justice 331,5,Pending
2614,2614,Mangaluru District Court,Justice 305,4,Convicted
2615,2615,Mysuru District Court,Justice 15,16,Acquitted
2616,2616,Hubballi District Court,Justice 58,20,Pending
2617,2617,Bengaluru Sessions Court,Justice 451,9,Acquitted
2618,2618,Kalaburagi District Court,Justice 450,5,Pending
2619,2619,Bengaluru Sessions Court,Justice 297,15,Acquitted
2620,2620,Bengaluru Sessions Court,Justice 358,10,Acquitted
2621,2621,Mangaluru District Court,Justice 244,19,Convicted
2622,2622,Bengaluru Sessions Court,Justice 13,18,Pending
2623,2623,Mysuru District Court,Justice 145,14,Convicted
2624,2624,Belagavi Sessions Court,Justice 58,10,Pending
2625,2625,Belagavi Sessions Court,Justice 340,1,Pending
2626,2626,Mysuru District Court,Justice 39,3,Acquitted
2627,2627,Belagavi Sessions Court,Justice 449,2,Convicted
2628,2628,Bengaluru Sessions Court,Justice 489,12,Convicted
2629,2629,Hubballi District Court,Justice 414,10,Acquitted
2630,2630,Kalaburagi District Court,Justice 123,1,Pending
2631,2631,Hubballi District Court,Justice 258,4,Acquitted
2632,2632,Mysuru District Court,Justice 345,3,Acquitted
2633,2633,Bengaluru Sessions Court,Justice 157,9,Convicted
2634,2634,Bengaluru Sessions Court,Justice 59,6,Acquitted
2635,2635,Kalaburagi District Court,Justice 402,16,Acquitted
2636,2636,Mangaluru District Court,Justice 47,14,Pending
2637,2637,Bengaluru Sessions Court,Justice 113,20,Convicted
2638,2638,Bengaluru Sessions Court,Justice 338,19,Acquitted
2639,2639,Mangaluru District Court,Justice 206,15,Acquitted
2640,2640,Bengaluru Sessions Court,Justice 375,10,Convicted
2641,2641,Hubballi District Court,Justice 3,5,Convicted
2642,2642,Kalaburagi District Court,Justice 289,10,Acquitted
2643,2643,Kalaburagi District Court,Justice 158,2,Convicted
2644,2644,Belagavi Sessions Court,Justice 74,14,Acquitted
2645,2645,Bengaluru Sessions Court,Justice 461,2,Pending
2646,2646,Bengaluru Sessions Court,Justice 133,15,Pending
2647,2647,Bengaluru Sessions Court,Justice 96,15,Convicted
2648,2648,Kalaburagi District Court,Justice 344,9,Convicted
2649,2649,Mysuru District Court,Justice 212,6,Convicted
2650,2650,Mysuru District Court,Justice 302,10,Convicted
2651,2651,Belagavi Sessions Court,Justice 56,6,Pending
2652,2652,Hubballi District Court,Justice 139,4,Convicted
2653,2653,Hubballi District Court,Justice 203,6,Acquitted
2654,2654,Kalaburagi District Court,Justice 430,9,Acquitted
2655,2655,Mangaluru District Court,Justice 166,4,Acquitted
2656,2656,Mysuru District Court,Justice 85,18,Pending
2657,2657,Mangaluru District Court,Justice 47,1,Convicted
2658,2658,Bengaluru Sessions Court,Justice 25,18,Acquitted
2659,2659,Bengaluru Sessions Court,Justice 144,10,Acquitted
2660,2660,Kalaburagi District Court,Justice 8,3,Acquitted
2661,2661,Hubballi District Court,Justice 326,11,Convicted
2662,2662,Kalaburagi District Court,Justice 477,7,Pending
2663,2663,Mangaluru District Court,Justice 244,19,Convicted
2664,2664,Bengaluru Sessions Court,Justice 472,18,Pending
2665,2665,Mangaluru District Court,Justice 88,20,Acquitted
2666,2666,Mysuru District Court,Justice 164,19,Convicted
2667,2667,Belagavi Sessions Court,Justice 253,10,Pending
2668,2668,Mysuru District Court,Justice 29,20,Convicted
2669,2669,Belagavi Sessions Court,Justice 396,12,Pending
2670,2670,Belagavi Sessions Court,Justice 409,17,Convicted
2671,2671,Mysuru District Court,Justice 391,18,Pending
2672,2672,Mysuru District Court,Justice 375,20,Acquitted
2673,2673,Mysuru District Court,Justice 41,3,Convicted
2674,2674,Mangaluru District Court,Justice 38,12,Pending
2675,2675,Kalaburagi District Court,Justice 8,9,Pending
2676,2676,Mangaluru District Court,Justice 308,6,Pending
2677,2677,Mangaluru District Court,Justice 313,19,Pending
2678,2678,Hubballi District Court,Justice 20,19,Pending
2679,2679,Belagavi Sessions Court,Justice 100,11,Acquitted
2680,2680,Bengaluru Sessions Court,Justice 93,13,Pending
2681,2681,Belagavi Sessions Court,Justice 261,14,Convicted
2682,2682,Hubballi District Court,Justice 262,7,Convicted
2683,2683,Kalaburagi District Court,Justice 274,20,Pending
2684,2684,Mysuru District Court,Justice 125,3,Pending
2685,2685,Belagavi Sessions Court,Justice 230,9,Pending
2686,2686,Mysuru District Court,Justice 454,3,Convicted
2687,2687,Hubballi District Court,Justice 142,15,Convicted
2688,2688,Bengaluru Sessions Court,Justice 493,19,Pending
2689,2689,Mysuru District Court,Justice 115,17,Acquitted
2690,2690,Hubballi District Court,Justice 348,10,Convicted
2691,2691,Belagavi Sessions Court,Justice 7,20,Acquitted
2692,2692,Bengaluru Sessions Court,Justice 198,7,Pending
2693,2693,Kalaburagi District Court,Justice 411,1,Pending
2694,2694,Hubballi District Court,Justice 482,2,Acquitted
2695,2695,Bengaluru Sessions Court,Justice 302,18,Convicted
2696,2696,Bengaluru Sessions Court,Justice 440,13,Convicted
2697,2697,Mangaluru District Court,Justice 11,19,Pending
2698,2698,Hubballi District Court,Justice 397,8,Pending
2699,2699,Belagavi Sessions Court,Justice 466,5,Pending
2700,2700,Mysuru District Court,Justice 19,6,Acquitted
2701,2701,Mangaluru District Court,Justice 278,11,Acquitted
2702,2702,Mangaluru District Court,Justice 483,10,Pending
2703,2703,Hubballi District Court,Justice 283,5,Acquitted
2704,2704,Hubballi District Court,Justice 301,6,Pending
2705,2705,Mysuru District Court,Justice 367,10,Pending
2706,2706,Mysuru District Court,Justice 6,9,Pending
2707,2707,Hubballi District Court,Justice 134,18,Convicted
2708,2708,Hubballi District Court,Justice 22,11,Convicted
2709,2709,Mysuru District Court,Justice 320,6,Pending
2710,2710,Mangaluru District Court,Justice 356,9,Convicted
2711,2711,Hubballi District Court,Justice 233,7,Acquitted
2712,2712,Mangaluru District Court,Justice 250,14,Acquitted
2713,2713,Belagavi Sessions Court,Justice 185,16,Acquitted
2714,2714,Hubballi District Court,Justice 106,9,Convicted
2715,2715,Kalaburagi District Court,Justice 413,11,Pending
2716,2716,Belagavi Sessions Court,Justice 419,7,Convicted
2717,2717,Bengaluru Sessions Court,Justice 70,13,Convicted
2718,2718,Mysuru District Court,Justice 454,18,Pending
2719,2719,Belagavi Sessions Court,Justice 330,3,Convicted
2720,2720,Mangaluru District Court,Justice 79,2,Convicted
2721,2721,Belagavi Sessions Court,Justice 353,5,Convicted
2722,2722,Mangaluru District Court,Justice 491,7,Acquitted
2723,2723,Mangaluru District Court,Justice 415,10,Pending
2724,2724,Bengaluru Sessions Court,Justice 63,3,Pending
2725,2725,Mangaluru District Court,Justice 476,14,Convicted
2726,2726,Hubballi District Court,Justice 261,12,Convicted
2727,2727,Mangaluru District Court,Justice 109,11,Convicted
2728,2728,Kalaburagi District Court,Justice 253,13,Acquitted
2729,2729,Mysuru District Court,Justice 217,20,Pending
2730,2730,Mysuru District Court,Justice 208,14,Convicted
2731,2731,Hubballi District Court,Justice 293,3,Acquitted
2732,2732,Belagavi Sessions Court,Justice 496,17,Pending
2733,2733,Mangaluru District Court,Justice 498,6,Acquitted
2734,2734,Mysuru District Court,Justice 334,16,Acquitted
2735,2735,Mysuru District Court,Justice 388,12,Acquitted
2736,2736,Hubballi District Court,Justice 422,1,Pending
2737,2737,Hubballi District Court,Justice 70,11,Pending
2738,2738,Mangaluru District Court,Justice 202,17,Convicted
2739,2739,Mangaluru District Court,Justice 468,16,Convicted
2740,2740,Belagavi Sessions Court,Justice 478,3,Convicted
2741,2741,Mysuru District Court,Justice 233,18,Pending
2742,2742,Mysuru District Court,Justice 467,3,Convicted
2743,2743,Kalaburagi District Court,Justice 80,7,Pending
2744,2744,Belagavi Sessions Court,Justice 18,13,Pending
2745,2745,Kalaburagi District Court,Justice 271,9,Acquitted
2746,2746,Mangaluru District Court,Justice 315,17,Pending
2747,2747,Belagavi Sessions Court,Justice 141,10,Convicted
2748,2748,Bengaluru Sessions Court,Justice 125,6,Convicted
2749,2749,Bengaluru Sessions Court,Justice 439,17,Convicted
2750,2750,Bengaluru Sessions Court,Justice 99,15,Convicted
2751,2751,Mysuru District Court,Justice 473,5,Acquitted
2752,2752,Bengaluru Sessions Court,Justice 463,1,Acquitted
2753,2753,Kalaburagi District Court,Justice 375,4,Acquitted
2754,2754,Bengaluru Sessions Court,Justice 331,10,Acquitted
2755,2755,Belagavi Sessions Court,Justice 359,1,Pending
2756,2756,Belagavi Sessions Court,Justice 41,9,Acquitted
2757,2757,Bengaluru Sessions Court,Justice 50,18,Convicted
2758,2758,Kalaburagi District Court,Justice 373,20,Acquitted
2759,2759,Bengaluru Sessions Court,Justice 362,16,Pending
2760,2760,Kalaburagi District Court,Justice 63,3,Pending
2761,2761,Hubballi District Court,Justice 496,11,Acquitted
2762,2762,Hubballi District Court,Justice 252,13,Acquitted
2763,2763,Kalaburagi District Court,Justice 439,11,Convicted
2764,2764,Hubballi District Court,Justice 349,10,Acquitted
2765,2765,Kalaburagi District Court,Justice 491,10,Acquitted
2766,2766,Belagavi Sessions Court,Justice 56,16,Acquitted
2767,2767,Kalaburagi District Court,Justice 148,6,Convicted
2768,2768,Mysuru District Court,Justice 182,13,Pending
2769,2769,Belagavi Sessions Court,Justice 287,3,Acquitted
2770,2770,Mangaluru District Court,Justice 146,20,Pending
2771,2771,Mangaluru District Court,Justice 477,19,Convicted
2772,2772,Mysuru District Court,Justice 337,1,Pending
2773,2773,Kalaburagi District Court,Justice 204,18,Acquitted
2774,2774,Mysuru District Court,Justice 30,15,Convicted
2775,2775,Hubballi District Court,Justice 137,17,Pending
2776,2776,Mangaluru District Court,Justice 135,8,Pending
2777,2777,Kalaburagi District Court,Justice 170,4,Acquitted
2778,2778,Bengaluru Sessions Court,Justice 354,19,Acquitted
2779,2779,Mangaluru District Court,Justice 177,8,Convicted
2780,2780,Kalaburagi District Court,Justice 363,5,Acquitted
2781,2781,Kalaburagi District Court,Justice 275,13,Convicted
2782,2782,Bengaluru Sessions Court,Justice 30,9,Pending
2783,2783,Bengaluru Sessions Court,Justice 190,18,Pending
2784,2784,Mysuru District Court,Justice 110,16,Convicted
2785,2785,Mysuru District Court,Justice 357,11,Pending
2786,2786,Mangaluru District Court,Justice 222,9,Acquitted
2787,2787,Mangaluru District Court,Justice 196,7,Acquitted
2788,2788,Belagavi Sessions Court,Justice 265,16,Convicted
2789,2789,Hubballi District Court,Justice 421,12,Convicted
2790,2790,Mangaluru District Court,Justice 408,15,Pending
2791,2791,Mangaluru District Court,Justice 80,15,Pending
2792,2792,Kalaburagi District Court,Justice 185,8,Convicted
2793,2793,Bengaluru Sessions Court,Justice 34,11,Pending
2794,2794,Kalaburagi District Court,Justice 237,8,Convicted
2795,2795,Mysuru District Court,Justice 209,7,Convicted
2796,2796,Mangaluru District Court,Justice 72,1,Pending
2797,2797,Bengaluru Sessions Court,Justice 264,15,Pending
2798,2798,Mysuru District Court,Justice 92,9,Pending
2799,2799,Mangaluru District Court,Justice 494,8,Pending
2800,2800,Hubballi District Court,Justice 166,10,Acquitted
2801,2801,Mysuru District Court,Justice 379,3,Pending
2802,2802,Belagavi Sessions Court,Justice 233,2,Acquitted
2803,2803,Hubballi District Court,Justice 18,5,Acquitted
2804,2804,Bengaluru Sessions Court,Justice 188,1,Pending
2805,2805,Hubballi District Court,Justice 200,16,Convicted
2806,2806,Mangaluru District Court,Justice 146,9,Convicted
2807,2807,Belagavi Sessions Court,Justice 323,16,Convicted
2808,2808,Kalaburagi District Court,Justice 476,13,Acquitted
2809,2809,Mangaluru District Court,Justice 382,13,Acquitted
2810,2810,Hubballi District Court,Justice 259,19,Convicted
2811,2811,Bengaluru Sessions Court,Justice 391,6,Convicted
2812,2812,Kalaburagi District Court,Justice 60,3,Pending
2813,2813,Mysuru District Court,Justice 496,6,Pending
2814,2814,Kalaburagi District Court,Justice 163,13,Convicted
2815,2815,Belagavi Sessions Court,Justice 315,18,Pending
2816,2816,Kalaburagi District Court,Justice 165,5,Acquitted
2817,2817,Hubballi District Court,Justice 118,10,Acquitted
2818,2818,Bengaluru Sessions Court,Justice 112,9,Acquitted
2819,2819,Mangaluru District Court,Justice 404,13,Convicted
2820,2820,Kalaburagi District Court,Justice 412,12,Acquitted
2821,2821,Mysuru District Court,Justice 27,9,Acquitted
2822,2822,Mysuru District Court,Justice 133,11,Acquitted
2823,2823,Hubballi District Court,Justice 145,17,Convicted
2824,2824,Belagavi Sessions Court,Justice 271,9,Pending
2825,2825,Mangaluru District Court,Justice 298,18,Pending
2826,2826,Mysuru District Court,Justice 475,19,Pending
2827,2827,Hubballi District Court,Justice 258,14,Convicted
2828,2828,Hubballi District Court,Justice 67,16,Pending
2829,2829,Kalaburagi District Court,Justice 377,7,Convicted
2830,2830,Mangaluru District Court,Justice 183,2,Pending
2831,2831,Hubballi District Court,Justice 102,12,Acquitted
2832,2832,Mysuru District Court,Justice 206,6,Convicted
2833,2833,Kalaburagi District Court,Justice 237,8,Convicted
2834,2834,Mysuru District Court,Justice 16,9,Pending
2835,2835,Mysuru District Court,Justice 135,15,Pending
2836,2836,Kalaburagi District Court,Justice 58,17,Pending
2837,2837,Mangaluru District Court,Justice 114,16,Convicted
2838,2838,Mangaluru District Court,Justice 233,10,Convicted
2839,2839,Mangaluru District Court,Justice 486,5,Acquitted
2840,2840,Hubballi District Court,Justice 151,17,Pending
2841,2841,Kalaburagi District Court,Justice 355,19,Acquitted
2842,2842,Mangaluru District Court,Justice 105,2,Convicted
2843,2843,Mangaluru District Court,Justice 494,20,Pending
2844,2844,Bengaluru Sessions Court,Justice 304,7,Convicted
2845,2845,Mysuru District Court,Justice 141,4,Convicted
2846,2846,Kalaburagi District Court,Justice 219,4,Convicted
2847,2847,Hubballi District Court,Justice 363,16,Acquitted
2848,2848,Bengaluru Sessions Court,Justice 168,6,Acquitted
2849,2849,Mysuru District Court,Justice 446,8,Convicted
2850,2850,Belagavi Sessions Court,Justice 284,18,Acquitted
2851,2851,Hubballi District Court,Justice 171,20,Pending
2852,2852,Bengaluru Sessions Court,Justice 178,1,Pending
2853,2853,Belagavi Sessions Court,Justice 83,10,Acquitted
2854,2854,Kalaburagi District Court,Justice 204,9,Pending
2855,2855,Hubballi District Court,Justice 222,8,Acquitted
2856,2856,Mangaluru District Court,Justice 205,13,Acquitted
2857,2857,Bengaluru Sessions Court,Justice 92,1,Pending
2858,2858,Hubballi District Court,Justice 450,6,Acquitted
2859,2859,Bengaluru Sessions Court,Justice 399,1,Convicted
2860,2860,Kalaburagi District Court,Justice 110,4,Pending
2861,2861,Mangaluru District Court,Justice 321,13,Convicted
2862,2862,Kalaburagi District Court,Justice 498,18,Pending
2863,2863,Mangaluru District Court,Justice 340,9,Pending
2864,2864,Belagavi Sessions Court,Justice 360,5,Convicted
2865,2865,Hubballi District Court,Justice 172,12,Acquitted
2866,2866,Hubballi District Court,Justice 75,2,Pending
2867,2867,Bengaluru Sessions Court,Justice 223,15,Convicted
2868,2868,Hubballi District Court,Justice 140,8,Pending
2869,2869,Mysuru District Court,Justice 447,5,Acquitted
2870,2870,Hubballi District Court,Justice 65,10,Convicted
2871,2871,Hubballi District Court,Justice 9,5,Convicted
2872,2872,Kalaburagi District Court,Justice 460,10,Acquitted
2873,2873,Belagavi Sessions Court,Justice 433,5,Convicted
2874,2874,Belagavi Sessions Court,Justice 176,16,Convicted
2875,2875,Mangaluru District Court,Justice 310,13,Convicted
2876,2876,Mangaluru District Court,Justice 326,4,Acquitted
2877,2877,Kalaburagi District Court,Justice 273,9,Acquitted
2878,2878,Kalaburagi District Court,Justice 100,3,Pending
2879,2879,Belagavi Sessions Court,Justice 448,20,Convicted
2880,2880,Mysuru District Court,Justice 161,19,Convicted
2881,2881,Belagavi Sessions Court,Justice 133,16,Convicted
2882,2882,Belagavi Sessions Court,Justice 24,16,Pending
2883,2883,Kalaburagi District Court,Justice 346,20,Pending
2884,2884,Hubballi District Court,Justice 130,12,Convicted
2885,2885,Mangaluru District Court,Justice 87,1,Acquitted
2886,2886,Hubballi District Court,Justice 183,4,Pending
2887,2887,Mysuru District Court,Justice 203,2,Convicted
2888,2888,Hubballi District Court,Justice 118,6,Acquitted
2889,2889,Mangaluru District Court,Justice 353,10,Acquitted
2890,2890,Kalaburagi District Court,Justice 186,19,Pending
2891,2891,Belagavi Sessions Court,Justice 382,3,Pending
2892,2892,Bengaluru Sessions Court,Justice 61,13,Convicted
2893,2893,Belagavi Sessions Court,Justice 456,2,Acquitted
2894,2894,Mysuru District Court,Justice 115,5,Pending
2895,2895,Mangaluru District Court,Justice 343,1,Convicted
2896,2896,Belagavi Sessions Court,Justice 94,13,Acquitted
2897,2897,Bengaluru Sessions Court,Justice 336,10,Pending
2898,2898,Kalaburagi District Court,Justice 298,13,Acquitted
2899,2899,Kalaburagi District Court,Justice 315,10,Acquitted
2900,2900,Belagavi Sessions Court,Justice 1,18,Pending
2901,2901,Hubballi District Court,Justice 82,18,Pending
2902,2902,Bengaluru Sessions Court,Justice 160,6,Pending
2903,2903,Mangaluru District Court,Justice 47,16,Pending
2904,2904,Hubballi District Court,Justice 154,7,Pending
2905,2905,Mysuru District Court,Justice 407,5,Acquitted
2906,2906,Bengaluru Sessions Court,Justice 494,20,Acquitted
2907,2907,Kalaburagi District Court,Justice 118,19,Pending
2908,2908,Mysuru District Court,Justice 479,7,Pending
2909,2909,Hubballi District Court,Justice 46,6,Pending
2910,2910,Belagavi Sessions Court,Justice 25,10,Acquitted
2911,2911,Hubballi District Court,Justice 486,12,Acquitted
2912,2912,Belagavi Sessions Court,Justice 74,8,Pending
2913,2913,Bengaluru Sessions Court,Justice 235,10,Pending
2914,2914,Hubballi District Court,Justice 452,2,Convicted
2915,2915,Belagavi Sessions Court,Justice 212,8,Pending
2916,2916,Hubballi District Court,Justice 108,18,Pending
2917,2917,Mysuru District Court,Justice 26,19,Acquitted
2918,2918,Hubballi District Court,Justice 232,3,Pending
2919,2919,Belagavi Sessions Court,Justice 431,12,Pending
2920,2920,Mysuru District Court,Justice 84,12,Pending
2921,2921,Mysuru District Court,Justice 416,16,Pending
2922,2922,Hubballi District Court,Justice 408,8,Acquitted
2923,2923,Bengaluru Sessions Court,Justice 497,17,Convicted
2924,2924,Mangaluru District Court,Justice 270,6,Pending
2925,2925,Hubballi District Court,Justice 4,5,Convicted
2926,2926,Mysuru District Court,Justice 461,5,Pending
2927,2927,Hubballi District Court,Justice 53,4,Acquitted
2928,2928,Mysuru District Court,Justice 262,20,Pending
2929,2929,Bengaluru Sessions Court,Justice 43,2,Pending
2930,2930,Kalaburagi District Court,Justice 268,8,Acquitted
2931,2931,Mysuru District Court,Justice 265,15,Acquitted
2932,2932,Kalaburagi District Court,Justice 82,14,Pending
2933,2933,Belagavi Sessions Court,Justice 384,16,Acquitted
2934,2934,Bengaluru Sessions Court,Justice 62,17,Pending
2935,2935,Bengaluru Sessions Court,Justice 329,14,Acquitted
2936,2936,Bengaluru Sessions Court,Justice 49,17,Acquitted
2937,2937,Hubballi District Court,Justice 280,10,Pending
2938,2938,Kalaburagi District Court,Justice 144,19,Acquitted
2939,2939,Mysuru District Court,Justice 26,7,Convicted
2940,2940,Bengaluru Sessions Court,Justice 366,4,Pending
2941,2941,Bengaluru Sessions Court,Justice 158,5,Pending
2942,2942,Belagavi Sessions Court,Justice 342,5,Convicted
2943,2943,Bengaluru Sessions Court,Justice 400,1,Convicted
2944,2944,Mangaluru District Court,Justice 320,1,Convicted
2945,2945,Bengaluru Sessions Court,Justice 433,5,Pending
2946,2946,Mangaluru District Court,Justice 84,8,Acquitted
2947,2947,Hubballi District Court,Justice 456,9,Acquitted
2948,2948,Mysuru District Court,Justice 119,9,Convicted
2949,2949,Mangaluru District Court,Justice 430,1,Convicted
2950,2950,Belagavi Sessions Court,Justice 485,12,Pending
2951,2951,Mysuru District Court,Justice 264,2,Convicted
2952,2952,Belagavi Sessions Court,Justice 270,5,Convicted
2953,2953,Mysuru District Court,Justice 147,11,Acquitted
2954,2954,Hubballi District Court,Justice 386,14,Convicted
2955,2955,Mysuru District Court,Justice 29,17,Pending
2956,2956,Kalaburagi District Court,Justice 230,20,Pending
2957,2957,Belagavi Sessions Court,Justice 186,12,Acquitted
2958,2958,Belagavi Sessions Court,Justice 382,19,Acquitted
2959,2959,Mangaluru District Court,Justice 238,7,Pending
2960,2960,Mangaluru District Court,Justice 381,12,Acquitted
2961,2961,Mangaluru District Court,Justice 283,4,Pending
2962,2962,Kalaburagi District Court,Justice 289,4,Convicted
2963,2963,Hubballi District Court,Justice 84,2,Pending
2964,2964,Belagavi Sessions Court,Justice 8,10,Pending
2965,2965,Kalaburagi District Court,Justice 244,18,Pending
2966,2966,Mangaluru District Court,Justice 463,13,Acquitted
2967,2967,Mangaluru District Court,Justice 35,17,Convicted
2968,2968,Bengaluru Sessions Court,Justice 255,18,Convicted
2969,2969,Mangaluru District Court,Justice 390,16,Convicted
2970,2970,Mysuru District Court,Justice 59,16,Acquitted
2971,2971,Bengaluru Sessions Court,Justice 458,18,Convicted
2972,2972,Mysuru District Court,Justice 411,10,Pending
2973,2973,Kalaburagi District Court,Justice 198,9,Acquitted
2974,2974,Belagavi Sessions Court,Justice 441,14,Convicted
2975,2975,Hubballi District Court,Justice 494,9,Acquitted
2976,2976,Bengaluru Sessions Court,Justice 247,6,Convicted
2977,2977,Hubballi District Court,Justice 469,8,Convicted
2978,2978,Belagavi Sessions Court,Justice 443,2,Acquitted
2979,2979,Kalaburagi District Court,Justice 277,7,Acquitted
2980,2980,Kalaburagi District Court,Justice 282,9,Pending
2981,2981,Mysuru District Court,Justice 143,1,Pending
2982,2982,Kalaburagi District Court,Justice 73,15,Convicted
2983,2983,Hubballi District Court,Justice 329,1,Pending
2984,2984,Mysuru District Court,Justice 343,11,Convicted
2985,2985,Belagavi Sessions Court,Justice 26,4,Acquitted
2986,2986,Kalaburagi District Court,Justice 177,2,Pending
2987,2987,Belagavi Sessions Court,Justice 217,12,Convicted
2988,2988,Kalaburagi District Court,Justice 238,15,Pending
2989,2989,Belagavi Sessions Court,Justice 232,12,Acquitted
2990,2990,Hubballi District Court,Justice 433,16,Pending
2991,2991,Bengaluru Sessions Court,Justice 417,2,Convicted
2992,2992,Mangaluru District Court,Justice 457,9,Convicted
2993,2993,Kalaburagi District Court,Justice 6,15,Convicted
2994,2994,Mangaluru District Court,Justice 131,5,Pending
2995,2995,Mangaluru District Court,Justice 161,9,Convicted
2996,2996,Bengaluru Sessions Court,Justice 237,14,Acquitted
2997,2997,Mangaluru District Court,Justice 201,20,Pending
2998,2998,Bengaluru Sessions Court,Justice 293,5,Convicted
2999,2999,Kalaburagi District Court,Justice 56,20,Pending
3000,3000,Hubballi District Court,Justice 55,1,Convicted
3001,3001,Hubballi District Court,Justice 392,4,Convicted
3002,3002,Belagavi Sessions Court,Justice 255,13,Pending
3003,3003,Mysuru District Court,Justice 193,1,Convicted
3004,3004,Belagavi Sessions Court,Justice 141,9,Convicted
3005,3005,Belagavi Sessions Court,Justice 366,8,Acquitted
3006,3006,Belagavi Sessions Court,Justice 306,15,Pending
3007,3007,Mysuru District Court,Justice 293,4,Convicted
3008,3008,Hubballi District Court,Justice 433,18,Pending
3009,3009,Belagavi Sessions Court,Justice 104,3,Convicted
3010,3010,Bengaluru Sessions Court,Justice 201,7,Acquitted
3011,3011,Kalaburagi District Court,Justice 39,20,Convicted
3012,3012,Belagavi Sessions Court,Justice 330,14,Convicted
3013,3013,Belagavi Sessions Court,Justice 52,1,Pending
3014,3014,Bengaluru Sessions Court,Justice 481,3,Pending
3015,3015,Kalaburagi District Court,Justice 222,18,Convicted
3016,3016,Hubballi District Court,Justice 42,12,Acquitted
3017,3017,Hubballi District Court,Justice 159,16,Convicted
3018,3018,Belagavi Sessions Court,Justice 408,16,Pending
3019,3019,Kalaburagi District Court,Justice 53,9,Acquitted
3020,3020,Mysuru District Court,Justice 339,13,Acquitted
3021,3021,Belagavi Sessions Court,Justice 333,10,Pending
3022,3022,Mangaluru District Court,Justice 42,11,Pending
3023,3023,Hubballi District Court,Justice 246,5,Convicted
3024,3024,Hubballi District Court,Justice 16,6,Acquitted
3025,3025,Kalaburagi District Court,Justice 14,10,Acquitted
3026,3026,Mangaluru District Court,Justice 294,2,Convicted
3027,3027,Hubballi District Court,Justice 111,4,Acquitted
3028,3028,Kalaburagi District Court,Justice 66,8,Pending
3029,3029,Kalaburagi District Court,Justice 440,13,Pending
3030,3030,Mysuru District Court,Justice 27,19,Acquitted
3031,3031,Mysuru District Court,Justice 293,5,Pending
3032,3032,Mysuru District Court,Justice 439,2,Pending
3033,3033,Kalaburagi District Court,Justice 150,18,Acquitted
3034,3034,Mysuru District Court,Justice 320,8,Convicted
3035,3035,Hubballi District Court,Justice 85,13,Acquitted
3036,3036,Kalaburagi District Court,Justice 420,15,Pending
3037,3037,Kalaburagi District Court,Justice 178,20,Pending
3038,3038,Hubballi District Court,Justice 1,4,Acquitted
3039,3039,Mangaluru District Court,Justice 210,14,Convicted
3040,3040,Belagavi Sessions Court,Justice 103,17,Acquitted
3041,3041,Mangaluru District Court,Justice 312,13,Pending
3042,3042,Mangaluru District Court,Justice 196,2,Pending
3043,3043,Mangaluru District Court,Justice 323,19,Convicted
3044,3044,Kalaburagi District Court,Justice 352,2,Convicted
3045,3045,Belagavi Sessions Court,Justice 478,8,Acquitted
3046,3046,Mangaluru District Court,Justice 254,18,Convicted
3047,3047,Bengaluru Sessions Court,Justice 64,16,Convicted
3048,3048,Kalaburagi District Court,Justice 28,8,Convicted
3049,3049,Bengaluru Sessions Court,Justice 275,13,Pending
3050,3050,Mysuru District Court,Justice 89,11,Acquitted
3051,3051,Belagavi Sessions Court,Justice 151,7,Convicted
3052,3052,Hubballi District Court,Justice 76,17,Convicted
3053,3053,Belagavi Sessions Court,Justice 125,20,Convicted
3054,3054,Kalaburagi District Court,Justice 140,20,Acquitted
3055,3055,Kalaburagi District Court,Justice 193,4,Convicted
3056,3056,Belagavi Sessions Court,Justice 318,5,Pending
3057,3057,Belagavi Sessions Court,Justice 194,6,Acquitted
3058,3058,Kalaburagi District Court,Justice 405,2,Pending
3059,3059,Mangaluru District Court,Justice 231,7,Pending
3060,3060,Bengaluru Sessions Court,Justice 387,8,Acquitted
3061,3061,Belagavi Sessions Court,Justice 493,1,Convicted
3062,3062,Kalaburagi District Court,Justice 181,9,Pending
3063,3063,Mysuru District Court,Justice 94,16,Convicted
3064,3064,Belagavi Sessions Court,Justice 15,7,Convicted
3065,3065,Kalaburagi District Court,Justice 327,18,Convicted
3066,3066,Hubballi District Court,Justice 290,3,Acquitted
3067,3067,Bengaluru Sessions Court,Justice 73,17,Acquitted
3068,3068,Mangaluru District Court,Justice 390,3,Convicted
3069,3069,Hubballi District Court,Justice 340,3,Convicted
3070,3070,Mysuru District Court,Justice 94,15,Pending
3071,3071,Kalaburagi District Court,Justice 463,8,Acquitted
3072,3072,Mysuru District Court,Justice 497,11,Pending
3073,3073,Belagavi Sessions Court,Justice 395,7,Convicted
3074,3074,Kalaburagi District Court,Justice 299,15,Pending
3075,3075,Bengaluru Sessions Court,Justice 93,6,Convicted
3076,3076,Hubballi District Court,Justice 65,11,Pending
3077,3077,Mangaluru District Court,Justice 340,19,Acquitted
3078,3078,Mangaluru District Court,Justice 16,19,Convicted
3079,3079,Kalaburagi District Court,Justice 45,19,Pending
3080,3080,Mysuru District Court,Justice 175,17,Pending
3081,3081,Bengaluru Sessions Court,Justice 262,7,Convicted
3082,3082,Bengaluru Sessions Court,Justice 245,4,Convicted
3083,3083,Kalaburagi District Court,Justice 306,16,Convicted
3084,3084,Mangaluru District Court,Justice 135,10,Acquitted
3085,3085,Mysuru District Court,Justice 14,5,Convicted
3086,3086,Bengaluru Sessions Court,Justice 321,17,Convicted
3087,3087,Kalaburagi District Court,Justice 136,19,Pending
3088,3088,Mangaluru District Court,Justice 16,20,Acquitted
3089,3089,Mysuru District Court,Justice 454,16,Acquitted
3090,3090,Kalaburagi District Court,Justice 267,9,Acquitted
3091,3091,Belagavi Sessions Court,Justice 10,17,Acquitted
3092,3092,Mysuru District Court,Justice 434,20,Pending
3093,3093,Bengaluru Sessions Court,Justice 457,17,Pending
3094,3094,Kalaburagi District Court,Justice 382,7,Pending
3095,3095,Mysuru District Court,Justice 36,20,Acquitted
3096,3096,Bengaluru Sessions Court,Justice 396,4,Convicted
3097,3097,Bengaluru Sessions Court,Justice 308,18,Convicted
3098,3098,Mysuru District Court,Justice 129,18,Acquitted
3099,3099,Belagavi Sessions Court,Justice 339,15,Acquitted
3100,3100,Mangaluru District Court,Justice 409,6,Acquitted
3101,3101,Mysuru District Court,Justice 420,16,Pending
3102,3102,Bengaluru Sessions Court,Justice 37,4,Pending
3103,3103,Bengaluru Sessions Court,Justice 426,19,Acquitted
3104,3104,Kalaburagi District Court,Justice 226,9,Convicted
3105,3105,Kalaburagi District Court,Justice 476,16,Pending
3106,3106,Mangaluru District Court,Justice 25,14,Pending
3107,3107,Belagavi Sessions Court,Justice 250,1,Pending
3108,3108,Kalaburagi District Court,Justice 281,4,Convicted
3109,3109,Mysuru District Court,Justice 165,14,Pending
3110,3110,Hubballi District Court,Justice 44,9,Pending
3111,3111,Belagavi Sessions Court,Justice 264,8,Pending
3112,3112,Bengaluru Sessions Court,Justice 227,18,Acquitted
3113,3113,Belagavi Sessions Court,Justice 281,1,Acquitted
3114,3114,Hubballi District Court,Justice 452,10,Acquitted
3115,3115,Mysuru District Court,Justice 54,11,Pending
3116,3116,Mangaluru District Court,Justice 424,3,Acquitted
3117,3117,Belagavi Sessions Court,Justice 346,4,Convicted
3118,3118,Hubballi District Court,Justice 488,16,Acquitted
3119,3119,Bengaluru Sessions Court,Justice 393,9,Acquitted
3120,3120,Mangaluru District Court,Justice 344,17,Convicted
3121,3121,Mysuru District Court,Justice 434,12,Convicted
3122,3122,Hubballi District Court,Justice 65,2,Acquitted
3123,3123,Mysuru District Court,Justice 3,20,Pending
3124,3124,Bengaluru Sessions Court,Justice 94,6,Convicted
3125,3125,Bengaluru Sessions Court,Justice 244,13,Convicted
3126,3126,Kalaburagi District Court,Justice 398,8,Acquitted
3127,3127,Mangaluru District Court,Justice 86,8,Pending
3128,3128,Bengaluru Sessions Court,Justice 159,16,Pending
3129,3129,Kalaburagi District Court,Justice 362,6,Pending
3130,3130,Belagavi Sessions Court,Justice 73,14,Convicted
3131,3131,Belagavi Sessions Court,Justice 499,17,Acquitted
3132,3132,Mangaluru District Court,Justice 460,16,Convicted
3133,3133,Mangaluru District Court,Justice 188,14,Convicted
3134,3134,Belagavi Sessions Court,Justice 419,4,Convicted
3135,3135,Mangaluru District Court,Justice 252,4,Convicted
3136,3136,Belagavi Sessions Court,Justice 129,14,Pending
3137,3137,Hubballi District Court,Justice 383,12,Convicted
3138,3138,Kalaburagi District Court,Justice 283,14,Convicted
3139,3139,Hubballi District Court,Justice 185,20,Pending
3140,3140,Mangaluru District Court,Justice 25,4,Convicted
3141,3141,Bengaluru Sessions Court,Justice 336,8,Pending
3142,3142,Bengaluru Sessions Court,Justice 207,7,Pending
3143,3143,Hubballi District Court,Justice 7,20,Pending
3144,3144,Bengaluru Sessions Court,Justice 152,16,Convicted
3145,3145,Mysuru District Court,Justice 159,18,Convicted
3146,3146,Bengaluru Sessions Court,Justice 336,2,Acquitted
3147,3147,Bengaluru Sessions Court,Justice 349,16,Acquitted
3148,3148,Kalaburagi District Court,Justice 41,7,Pending
3149,3149,Bengaluru Sessions Court,Justice 184,8,Convicted
3150,3150,Mangaluru District Court,Justice 398,18,Convicted
3151,3151,Belagavi Sessions Court,Justice 101,7,Convicted
3152,3152,Belagavi Sessions Court,Justice 126,8,Acquitted
3153,3153,Mangaluru District Court,Justice 127,2,Pending
3154,3154,Mysuru District Court,Justice 72,9,Pending
3155,3155,Kalaburagi District Court,Justice 359,3,Acquitted
3156,3156,Belagavi Sessions Court,Justice 111,11,Convicted
3157,3157,Bengaluru Sessions Court,Justice 54,18,Pending
3158,3158,Mangaluru District Court,Justice 450,1,Pending
3159,3159,Mangaluru District Court,Justice 61,8,Acquitted
3160,3160,Bengaluru Sessions Court,Justice 178,16,Pending
3161,3161,Bengaluru Sessions Court,Justice 269,12,Pending
3162,3162,Mangaluru District Court,Justice 319,16,Acquitted
3163,3163,Hubballi District Court,Justice 327,15,Convicted
3164,3164,Hubballi District Court,Justice 448,20,Convicted
3165,3165,Kalaburagi District Court,Justice 276,6,Pending
3166,3166,Kalaburagi District Court,Justice 438,14,Pending
3167,3167,Belagavi Sessions Court,Justice 117,19,Acquitted
3168,3168,Bengaluru Sessions Court,Justice 178,7,Convicted
3169,3169,Mysuru District Court,Justice 239,3,Pending
3170,3170,Kalaburagi District Court,Justice 75,12,Convicted
3171,3171,Mysuru District Court,Justice 274,6,Acquitted
3172,3172,Belagavi Sessions Court,Justice 216,7,Acquitted
3173,3173,Belagavi Sessions Court,Justice 383,16,Convicted
3174,3174,Bengaluru Sessions Court,Justice 424,12,Convicted
3175,3175,Bengaluru Sessions Court,Justice 170,12,Convicted
3176,3176,Bengaluru Sessions Court,Justice 410,19,Pending
3177,3177,Belagavi Sessions Court,Justice 18,5,Acquitted
3178,3178,Belagavi Sessions Court,Justice 226,8,Pending
3179,3179,Bengaluru Sessions Court,Justice 295,15,Convicted
3180,3180,Kalaburagi District Court,Justice 195,5,Convicted
3181,3181,Mysuru District Court,Justice 243,17,Acquitted
3182,3182,Mangaluru District Court,Justice 72,9,Pending
3183,3183,Hubballi District Court,Justice 393,19,Acquitted
3184,3184,Bengaluru Sessions Court,Justice 360,16,Pending
3185,3185,Mangaluru District Court,Justice 197,11,Pending
3186,3186,Kalaburagi District Court,Justice 252,10,Acquitted
3187,3187,Mysuru District Court,Justice 325,20,Pending
3188,3188,Kalaburagi District Court,Justice 468,19,Pending
3189,3189,Mangaluru District Court,Justice 67,11,Convicted
3190,3190,Bengaluru Sessions Court,Justice 212,1,Pending
3191,3191,Mangaluru District Court,Justice 173,20,Acquitted
3192,3192,Bengaluru Sessions Court,Justice 139,18,Acquitted
3193,3193,Mysuru District Court,Justice 448,4,Acquitted
3194,3194,Belagavi Sessions Court,Justice 250,13,Convicted
3195,3195,Hubballi District Court,Justice 117,8,Pending
3196,3196,Bengaluru Sessions Court,Justice 366,5,Acquitted
3197,3197,Mangaluru District Court,Justice 12,10,Pending
3198,3198,Mysuru District Court,Justice 56,12,Convicted
3199,3199,Bengaluru Sessions Court,Justice 192,4,Convicted
3200,3200,Belagavi Sessions Court,Justice 195,17,Acquitted
3201,3201,Mangaluru District Court,Justice 241,15,Convicted
3202,3202,Mysuru District Court,Justice 494,16,Pending
3203,3203,Bengaluru Sessions Court,Justice 340,20,Acquitted
3204,3204,Mangaluru District Court,Justice 340,10,Acquitted
3205,3205,Hubballi District Court,Justice 134,9,Acquitted
3206,3206,Mangaluru District Court,Justice 432,16,Pending
3207,3207,Mysuru District Court,Justice 405,5,Pending
3208,3208,Belagavi Sessions Court,Justice 25,16,Convicted
3209,3209,Mangaluru District Court,Justice 457,20,Acquitted
3210,3210,Kalaburagi District Court,Justice 211,5,Acquitted
3211,3211,Bengaluru Sessions Court,Justice 143,9,Pending
3212,3212,Mysuru District Court,Justice 240,15,Acquitted
3213,3213,Mysuru District Court,Justice 134,17,Pending
3214,3214,Mysuru District Court,Justice 389,1,Acquitted
3215,3215,Mysuru District Court,Justice 63,2,Pending
3216,3216,Bengaluru Sessions Court,Justice 164,11,Acquitted
3217,3217,Bengaluru Sessions Court,Justice 481,2,Pending
3218,3218,Mysuru District Court,Justice 332,8,Acquitted
3219,3219,Mysuru District Court,Justice 462,2,Acquitted
3220,3220,Bengaluru Sessions Court,Justice 255,8,Pending
3221,3221,Belagavi Sessions Court,Justice 29,20,Convicted
3222,3222,Kalaburagi District Court,Justice 119,9,Acquitted
3223,3223,Belagavi Sessions Court,Justice 491,14,Convicted
3224,3224,Mysuru District Court,Justice 253,20,Convicted
3225,3225,Kalaburagi District Court,Justice 261,8,Acquitted
3226,3226,Bengaluru Sessions Court,Justice 10,14,Acquitted
3227,3227,Mysuru District Court,Justice 60,15,Pending
3228,3228,Mangaluru District Court,Justice 389,20,Acquitted
3229,3229,Bengaluru Sessions Court,Justice 206,10,Acquitted
3230,3230,Kalaburagi District Court,Justice 398,20,Convicted
3231,3231,Belagavi Sessions Court,Justice 273,10,Acquitted
3232,3232,Mangaluru District Court,Justice 92,19,Convicted
3233,3233,Mysuru District Court,Justice 154,3,Convicted
3234,3234,Kalaburagi District Court,Justice 84,19,Pending
3235,3235,Belagavi Sessions Court,Justice 424,12,Convicted
3236,3236,Mysuru District Court,Justice 140,20,Pending
3237,3237,Bengaluru Sessions Court,Justice 85,14,Acquitted
3238,3238,Mangaluru District Court,Justice 204,3,Convicted
3239,3239,Mysuru District Court,Justice 5,17,Pending
3240,3240,Kalaburagi District Court,Justice 177,1,Pending
3241,3241,Belagavi Sessions Court,Justice 66,10,Acquitted
3242,3242,Bengaluru Sessions Court,Justice 492,1,Pending
3243,3243,Kalaburagi District Court,Justice 45,15,Acquitted
3244,3244,Hubballi District Court,Justice 163,11,Pending
3245,3245,Hubballi District Court,Justice 319,11,Acquitted
3246,3246,Mysuru District Court,Justice 279,2,Convicted
3247,3247,Belagavi Sessions Court,Justice 422,5,Pending
3248,3248,Kalaburagi District Court,Justice 21,20,Pending
3249,3249,Mysuru District Court,Justice 202,9,Acquitted
3250,3250,Kalaburagi District Court,Justice 382,8,Acquitted
3251,3251,Mysuru District Court,Justice 42,15,Acquitted
3252,3252,Mangaluru District Court,Justice 229,6,Acquitted
3253,3253,Belagavi Sessions Court,Justice 129,14,Pending
3254,3254,Belagavi Sessions Court,Justice 103,19,Pending
3255,3255,Mangaluru District Court,Justice 137,1,Convicted
3256,3256,Mysuru District Court,Justice 74,13,Convicted
3257,3257,Kalaburagi District Court,Justice 391,8,Acquitted
3258,3258,Belagavi Sessions Court,Justice 364,20,Acquitted
3259,3259,Kalaburagi District Court,Justice 224,5,Acquitted
3260,3260,Hubballi District Court,Justice 54,11,Pending
3261,3261,Mangaluru District Court,Justice 355,8,Acquitted
3262,3262,Kalaburagi District Court,Justice 72,7,Convicted
3263,3263,Belagavi Sessions Court,Justice 278,15,Pending
3264,3264,Kalaburagi District Court,Justice 134,4,Convicted
3265,3265,Bengaluru Sessions Court,Justice 348,8,Pending
3266,3266,Hubballi District Court,Justice 421,3,Pending
3267,3267,Belagavi Sessions Court,Justice 41,2,Convicted
3268,3268,Mangaluru District Court,Justice 34,8,Acquitted
3269,3269,Mysuru District Court,Justice 404,2,Convicted
3270,3270,Kalaburagi District Court,Justice 145,15,Convicted
3271,3271,Bengaluru Sessions Court,Justice 187,8,Acquitted
3272,3272,Kalaburagi District Court,Justice 119,8,Pending
3273,3273,Bengaluru Sessions Court,Justice 365,4,Pending
3274,3274,Mysuru District Court,Justice 375,7,Convicted
3275,3275,Hubballi District Court,Justice 238,20,Convicted
3276,3276,Mysuru District Court,Justice 106,5,Acquitted
3277,3277,Belagavi Sessions Court,Justice 425,19,Convicted
3278,3278,Mysuru District Court,Justice 396,1,Acquitted
3279,3279,Kalaburagi District Court,Justice 89,11,Acquitted
3280,3280,Kalaburagi District Court,Justice 397,1,Pending
3281,3281,Mangaluru District Court,Justice 160,5,Convicted
3282,3282,Bengaluru Sessions Court,Justice 236,17,Convicted
3283,3283,Mysuru District Court,Justice 69,18,Convicted
3284,3284,Hubballi District Court,Justice 464,11,Convicted
3285,3285,Hubballi District Court,Justice 114,5,Acquitted
3286,3286,Hubballi District Court,Justice 310,7,Acquitted
3287,3287,Bengaluru Sessions Court,Justice 34,7,Acquitted
3288,3288,Hubballi District Court,Justice 311,2,Convicted
3289,3289,Kalaburagi District Court,Justice 470,15,Acquitted
3290,3290,Hubballi District Court,Justice 489,2,Pending
3291,3291,Bengaluru Sessions Court,Justice 187,7,Pending
3292,3292,Bengaluru Sessions Court,Justice 86,18,Acquitted
3293,3293,Bengaluru Sessions Court,Justice 497,4,Pending
3294,3294,Belagavi Sessions Court,Justice 221,17,Acquitted
3295,3295,Mysuru District Court,Justice 422,20,Pending
3296,3296,Bengaluru Sessions Court,Justice 187,19,Pending
3297,3297,Mangaluru District Court,Justice 414,13,Convicted
3298,3298,Hubballi District Court,Justice 417,20,Acquitted
3299,3299,Belagavi Sessions Court,Justice 72,6,Pending
3300,3300,Kalaburagi District Court,Justice 43,4,Acquitted
3301,3301,Mangaluru District Court,Justice 347,16,Pending
3302,3302,Belagavi Sessions Court,Justice 76,12,Pending
3303,3303,Bengaluru Sessions Court,Justice 34,12,Acquitted
3304,3304,Kalaburagi District Court,Justice 500,15,Acquitted
3305,3305,Mysuru District Court,Justice 90,4,Convicted
3306,3306,Mysuru District Court,Justice 67,6,Acquitted
3307,3307,Belagavi Sessions Court,Justice 144,8,Convicted
3308,3308,Belagavi Sessions Court,Justice 390,1,Convicted
3309,3309,Hubballi District Court,Justice 131,9,Acquitted
3310,3310,Kalaburagi District Court,Justice 35,3,Pending
3311,3311,Mangaluru District Court,Justice 211,14,Convicted
3312,3312,Belagavi Sessions Court,Justice 12,8,Pending
3313,3313,Belagavi Sessions Court,Justice 48,4,Pending
3314,3314,Mysuru District Court,Justice 111,19,Convicted
3315,3315,Hubballi District Court,Justice 271,18,Convicted
3316,3316,Belagavi Sessions Court,Justice 24,17,Convicted
3317,3317,Kalaburagi District Court,Justice 207,9,Pending
3318,3318,Hubballi District Court,Justice 256,16,Pending
3319,3319,Hubballi District Court,Justice 305,16,Pending
3320,3320,Hubballi District Court,Justice 238,19,Convicted
3321,3321,Mangaluru District Court,Justice 374,13,Convicted
3322,3322,Bengaluru Sessions Court,Justice 236,16,Pending
3323,3323,Belagavi Sessions Court,Justice 66,5,Acquitted
3324,3324,Hubballi District Court,Justice 472,16,Pending
3325,3325,Belagavi Sessions Court,Justice 138,12,Acquitted
3326,3326,Belagavi Sessions Court,Justice 291,11,Pending
3327,3327,Kalaburagi District Court,Justice 450,1,Acquitted
3328,3328,Hubballi District Court,Justice 327,16,Pending
3329,3329,Kalaburagi District Court,Justice 498,3,Acquitted
3330,3330,Mysuru District Court,Justice 170,1,Convicted
3331,3331,Belagavi Sessions Court,Justice 317,7,Convicted
3332,3332,Hubballi District Court,Justice 245,14,Acquitted
3333,3333,Mysuru District Court,Justice 334,18,Pending
3334,3334,Mangaluru District Court,Justice 462,11,Convicted
3335,3335,Belagavi Sessions Court,Justice 223,5,Acquitted
3336,3336,Belagavi Sessions Court,Justice 208,19,Convicted
3337,3337,Bengaluru Sessions Court,Justice 385,10,Acquitted
3338,3338,Belagavi Sessions Court,Justice 495,2,Pending
3339,3339,Mysuru District Court,Justice 235,1,Convicted
3340,3340,Bengaluru Sessions Court,Justice 301,10,Convicted
3341,3341,Bengaluru Sessions Court,Justice 372,17,Convicted
3342,3342,Kalaburagi District Court,Justice 407,8,Convicted
3343,3343,Mangaluru District Court,Justice 22,6,Convicted
3344,3344,Hubballi District Court,Justice 244,14,Acquitted
3345,3345,Hubballi District Court,Justice 408,4,Pending
3346,3346,Bengaluru Sessions Court,Justice 257,18,Pending
3347,3347,Mysuru District Court,Justice 26,11,Convicted
3348,3348,Mysuru District Court,Justice 16,17,Convicted
3349,3349,Kalaburagi District Court,Justice 358,11,Convicted
3350,3350,Mysuru District Court,Justice 298,17,Convicted
3351,3351,Hubballi District Court,Justice 10,6,Pending
3352,3352,Mangaluru District Court,Justice 227,20,Acquitted
3353,3353,Mysuru District Court,Justice 451,1,Acquitted
3354,3354,Hubballi District Court,Justice 290,11,Acquitted
3355,3355,Bengaluru Sessions Court,Justice 120,9,Convicted
3356,3356,Mysuru District Court,Justice 476,12,Pending
3357,3357,Kalaburagi District Court,Justice 214,5,Convicted
3358,3358,Kalaburagi District Court,Justice 408,8,Convicted
3359,3359,Mysuru District Court,Justice 162,6,Convicted
3360,3360,Hubballi District Court,Justice 273,19,Convicted
3361,3361,Mysuru District Court,Justice 265,10,Acquitted
3362,3362,Mysuru District Court,Justice 292,3,Pending
3363,3363,Mysuru District Court,Justice 382,18,Pending
3364,3364,Mangaluru District Court,Justice 108,4,Pending
3365,3365,Kalaburagi District Court,Justice 110,3,Pending
3366,3366,Hubballi District Court,Justice 324,20,Convicted
3367,3367,Belagavi Sessions Court,Justice 255,14,Convicted
3368,3368,Hubballi District Court,Justice 481,15,Acquitted
3369,3369,Mangaluru District Court,Justice 205,3,Acquitted
3370,3370,Hubballi District Court,Justice 429,1,Pending
3371,3371,Mangaluru District Court,Justice 314,10,Acquitted
3372,3372,Hubballi District Court,Justice 199,18,Acquitted
3373,3373,Mysuru District Court,Justice 12,7,Convicted
3374,3374,Belagavi Sessions Court,Justice 420,17,Convicted
3375,3375,Bengaluru Sessions Court,Justice 406,18,Acquitted
3376,3376,Mangaluru District Court,Justice 439,1,Pending
3377,3377,Mangaluru District Court,Justice 476,5,Convicted
3378,3378,Bengaluru Sessions Court,Justice 192,5,Acquitted
3379,3379,Hubballi District Court,Justice 188,10,Pending
3380,3380,Kalaburagi District Court,Justice 373,10,Convicted
3381,3381,Hubballi District Court,Justice 476,9,Convicted
3382,3382,Belagavi Sessions Court,Justice 29,4,Pending
3383,3383,Mangaluru District Court,Justice 187,19,Pending
3384,3384,Bengaluru Sessions Court,Justice 370,14,Pending
3385,3385,Hubballi District Court,Justice 285,9,Acquitted
3386,3386,Kalaburagi District Court,Justice 374,6,Convicted
3387,3387,Kalaburagi District Court,Justice 18,9,Convicted
3388,3388,Belagavi Sessions Court,Justice 392,15,Convicted
3389,3389,Belagavi Sessions Court,Justice 491,3,Pending
3390,3390,Belagavi Sessions Court,Justice 209,20,Pending
3391,3391,Bengaluru Sessions Court,Justice 363,3,Convicted
3392,3392,Mysuru District Court,Justice 296,2,Pending
3393,3393,Belagavi Sessions Court,Justice 465,13,Convicted
3394,3394,Bengaluru Sessions Court,Justice 478,3,Convicted
3395,3395,Hubballi District Court,Justice 14,12,Convicted
3396,3396,Mysuru District Court,Justice 385,19,Pending
3397,3397,Belagavi Sessions Court,Justice 441,18,Pending
3398,3398,Bengaluru Sessions Court,Justice 197,6,Pending
3399,3399,Mangaluru District Court,Justice 103,4,Acquitted
3400,3400,Mysuru District Court,Justice 457,7,Convicted
3401,3401,Bengaluru Sessions Court,Justice 194,6,Convicted
3402,3402,Hubballi District Court,Justice 252,3,Acquitted
3403,3403,Belagavi Sessions Court,Justice 131,20,Convicted
3404,3404,Bengaluru Sessions Court,Justice 278,4,Acquitted
3405,3405,Hubballi District Court,Justice 412,20,Convicted
3406,3406,Mysuru District Court,Justice 220,17,Acquitted
3407,3407,Mysuru District Court,Justice 40,12,Pending
3408,3408,Mangaluru District Court,Justice 69,4,Pending
3409,3409,Belagavi Sessions Court,Justice 241,15,Acquitted
3410,3410,Mangaluru District Court,Justice 334,8,Acquitted
3411,3411,Hubballi District Court,Justice 457,8,Pending
3412,3412,Kalaburagi District Court,Justice 324,13,Acquitted
3413,3413,Kalaburagi District Court,Justice 349,18,Pending
3414,3414,Belagavi Sessions Court,Justice 383,7,Pending
3415,3415,Mangaluru District Court,Justice 81,3,Acquitted
3416,3416,Bengaluru Sessions Court,Justice 346,9,Pending
3417,3417,Kalaburagi District Court,Justice 346,2,Pending
3418,3418,Bengaluru Sessions Court,Justice 259,18,Acquitted
3419,3419,Bengaluru Sessions Court,Justice 274,1,Convicted
3420,3420,Hubballi District Court,Justice 257,20,Acquitted
3421,3421,Mysuru District Court,Justice 294,6,Convicted
3422,3422,Hubballi District Court,Justice 455,17,Convicted
3423,3423,Mysuru District Court,Justice 190,18,Pending
3424,3424,Mysuru District Court,Justice 476,13,Pending
3425,3425,Belagavi Sessions Court,Justice 186,4,Convicted
3426,3426,Belagavi Sessions Court,Justice 209,15,Acquitted
3427,3427,Belagavi Sessions Court,Justice 368,9,Pending
3428,3428,Belagavi Sessions Court,Justice 174,1,Convicted
3429,3429,Bengaluru Sessions Court,Justice 279,8,Convicted
3430,3430,Hubballi District Court,Justice 391,4,Pending
3431,3431,Kalaburagi District Court,Justice 73,7,Pending
3432,3432,Bengaluru Sessions Court,Justice 130,6,Acquitted
3433,3433,Kalaburagi District Court,Justice 58,9,Acquitted
3434,3434,Bengaluru Sessions Court,Justice 111,1,Acquitted
3435,3435,Mysuru District Court,Justice 47,19,Pending
3436,3436,Belagavi Sessions Court,Justice 265,5,Pending
3437,3437,Bengaluru Sessions Court,Justice 112,8,Pending
3438,3438,Belagavi Sessions Court,Justice 43,15,Pending
3439,3439,Mangaluru District Court,Justice 361,19,Convicted
3440,3440,Belagavi Sessions Court,Justice 371,4,Acquitted
3441,3441,Belagavi Sessions Court,Justice 474,2,Pending
3442,3442,Bengaluru Sessions Court,Justice 73,1,Convicted
3443,3443,Mysuru District Court,Justice 474,2,Convicted
3444,3444,Hubballi District Court,Justice 449,17,Convicted
3445,3445,Kalaburagi District Court,Justice 49,15,Pending
3446,3446,Hubballi District Court,Justice 439,9,Pending
3447,3447,Mysuru District Court,Justice 132,11,Pending
3448,3448,Hubballi District Court,Justice 48,7,Pending
3449,3449,Bengaluru Sessions Court,Justice 272,4,Acquitted
3450,3450,Hubballi District Court,Justice 328,6,Acquitted
3451,3451,Belagavi Sessions Court,Justice 82,14,Convicted
3452,3452,Mysuru District Court,Justice 222,5,Convicted
3453,3453,Mysuru District Court,Justice 267,16,Convicted
3454,3454,Bengaluru Sessions Court,Justice 128,9,Pending
3455,3455,Bengaluru Sessions Court,Justice 239,19,Pending
3456,3456,Bengaluru Sessions Court,Justice 444,13,Pending
3457,3457,Mysuru District Court,Justice 496,19,Pending
3458,3458,Mysuru District Court,Justice 205,8,Pending
3459,3459,Mysuru District Court,Justice 98,2,Acquitted
3460,3460,Hubballi District Court,Justice 281,6,Pending
3461,3461,Bengaluru Sessions Court,Justice 15,13,Convicted
3462,3462,Kalaburagi District Court,Justice 277,20,Convicted
3463,3463,Kalaburagi District Court,Justice 337,6,Convicted
3464,3464,Belagavi Sessions Court,Justice 316,3,Acquitted
3465,3465,Bengaluru Sessions Court,Justice 347,3,Acquitted
3466,3466,Bengaluru Sessions Court,Justice 327,14,Convicted
3467,3467,Bengaluru Sessions Court,Justice 333,20,Pending
3468,3468,Hubballi District Court,Justice 205,2,Acquitted
3469,3469,Bengaluru Sessions Court,Justice 372,19,Acquitted
3470,3470,Mangaluru District Court,Justice 52,7,Pending
3471,3471,Kalaburagi District Court,Justice 127,20,Convicted
3472,3472,Bengaluru Sessions Court,Justice 38,20,Pending
3473,3473,Bengaluru Sessions Court,Justice 303,7,Convicted
3474,3474,Bengaluru Sessions Court,Justice 333,8,Pending
3475,3475,Hubballi District Court,Justice 209,19,Pending
3476,3476,Bengaluru Sessions Court,Justice 147,16,Convicted
3477,3477,Mysuru District Court,Justice 383,18,Convicted
3478,3478,Mysuru District Court,Justice 498,18,Convicted
3479,3479,Hubballi District Court,Justice 312,18,Acquitted
3480,3480,Hubballi District Court,Justice 41,6,Pending
3481,3481,Kalaburagi District Court,Justice 103,16,Acquitted
3482,3482,Hubballi District Court,Justice 243,2,Convicted
3483,3483,Bengaluru Sessions Court,Justice 324,2,Acquitted
3484,3484,Kalaburagi District Court,Justice 427,12,Acquitted
3485,3485,Kalaburagi District Court,Justice 361,6,Acquitted
3486,3486,Hubballi District Court,Justice 191,20,Convicted
3487,3487,Mysuru District Court,Justice 186,1,Convicted
3488,3488,Kalaburagi District Court,Justice 499,17,Convicted
3489,3489,Hubballi District Court,Justice 416,19,Convicted
3490,3490,Mysuru District Court,Justice 196,1,Pending
3491,3491,Bengaluru Sessions Court,Justice 292,3,Acquitted
3492,3492,Mangaluru District Court,Justice 15,16,Convicted
3493,3493,Mysuru District Court,Justice 359,13,Convicted
3494,3494,Hubballi District Court,Justice 415,19,Pending
3495,3495,Mangaluru District Court,Justice 499,17,Pending
3496,3496,Belagavi Sessions Court,Justice 62,3,Convicted
3497,3497,Belagavi Sessions Court,Justice 304,13,Convicted
3498,3498,Mysuru District Court,Justice 282,11,Convicted
3499,3499,Hubballi District Court,Justice 483,10,Acquitted
3500,3500,Hubballi District Court,Justice 189,11,Convicted
3501,3501,Mangaluru District Court,Justice 257,5,Convicted
3502,3502,Mangaluru District Court,Justice 160,19,Pending
3503,3503,Bengaluru Sessions Court,Justice 165,2,Pending
3504,3504,Hubballi District Court,Justice 15,5,Pending
3505,3505,Belagavi Sessions Court,Justice 213,11,Convicted
3506,3506,Belagavi Sessions Court,Justice 53,18,Convicted
3507,3507,Kalaburagi District Court,Justice 340,2,Convicted
3508,3508,Mangaluru District Court,Justice 249,1,Pending
3509,3509,Kalaburagi District Court,Justice 73,11,Convicted
3510,3510,Kalaburagi District Court,Justice 237,18,Acquitted
3511,3511,Mangaluru District Court,Justice 45,16,Convicted
3512,3512,Belagavi Sessions Court,Justice 406,14,Pending
3513,3513,Kalaburagi District Court,Justice 291,17,Acquitted
3514,3514,Mangaluru District Court,Justice 370,8,Acquitted
3515,3515,Kalaburagi District Court,Justice 387,10,Pending
3516,3516,Mysuru District Court,Justice 238,12,Acquitted
3517,3517,Mysuru District Court,Justice 118,17,Pending
3518,3518,Hubballi District Court,Justice 496,5,Pending
3519,3519,Mangaluru District Court,Justice 258,12,Convicted
3520,3520,Mysuru District Court,Justice 205,4,Acquitted
3521,3521,Mangaluru District Court,Justice 208,5,Acquitted
3522,3522,Mangaluru District Court,Justice 111,5,Acquitted
3523,3523,Hubballi District Court,Justice 382,12,Convicted
3524,3524,Hubballi District Court,Justice 440,18,Acquitted
3525,3525,Mangaluru District Court,Justice 373,19,Convicted
3526,3526,Mysuru District Court,Justice 164,9,Acquitted
3527,3527,Belagavi Sessions Court,Justice 170,7,Acquitted
3528,3528,Hubballi District Court,Justice 158,2,Acquitted
3529,3529,Bengaluru Sessions Court,Justice 497,7,Convicted
3530,3530,Belagavi Sessions Court,Justice 410,13,Acquitted
3531,3531,Bengaluru Sessions Court,Justice 68,2,Pending
3532,3532,Belagavi Sessions Court,Justice 148,17,Pending
3533,3533,Mangaluru District Court,Justice 204,5,Acquitted
3534,3534,Mysuru District Court,Justice 252,14,Acquitted
3535,3535,Mangaluru District Court,Justice 2,4,Pending
3536,3536,Mysuru District Court,Justice 450,15,Convicted
3537,3537,Hubballi District Court,Justice 403,10,Acquitted
3538,3538,Mangaluru District Court,Justice 409,14,Acquitted
3539,3539,Hubballi District Court,Justice 107,18,Acquitted
3540,3540,Kalaburagi District Court,Justice 319,20,Convicted
3541,3541,Mangaluru District Court,Justice 246,15,Pending
3542,3542,Mysuru District Court,Justice 218,15,Pending
3543,3543,Hubballi District Court,Justice 40,9,Convicted
3544,3544,Mysuru District Court,Justice 52,11,Acquitted
3545,3545,Belagavi Sessions Court,Justice 17,14,Acquitted
3546,3546,Bengaluru Sessions Court,Justice 355,15,Convicted
3547,3547,Mysuru District Court,Justice 416,3,Acquitted
3548,3548,Mangaluru District Court,Justice 297,9,Convicted
3549,3549,Belagavi Sessions Court,Justice 214,10,Acquitted
3550,3550,Belagavi Sessions Court,Justice 108,10,Convicted
3551,3551,Kalaburagi District Court,Justice 75,8,Acquitted
3552,3552,Bengaluru Sessions Court,Justice 342,9,Pending
3553,3553,Bengaluru Sessions Court,Justice 349,14,Acquitted
3554,3554,Belagavi Sessions Court,Justice 125,1,Convicted
3555,3555,Mangaluru District Court,Justice 332,4,Convicted
3556,3556,Mangaluru District Court,Justice 149,12,Pending
3557,3557,Bengaluru Sessions Court,Justice 41,13,Pending
3558,3558,Mysuru District Court,Justice 92,16,Convicted
3559,3559,Bengaluru Sessions Court,Justice 83,12,Convicted
3560,3560,Belagavi Sessions Court,Justice 232,1,Pending
3561,3561,Mysuru District Court,Justice 126,14,Acquitted
3562,3562,Belagavi Sessions Court,Justice 215,9,Convicted
3563,3563,Belagavi Sessions Court,Justice 278,12,Convicted
3564,3564,Hubballi District Court,Justice 198,15,Pending
3565,3565,Mysuru District Court,Justice 466,19,Convicted
3566,3566,Belagavi Sessions Court,Justice 161,8,Acquitted
3567,3567,Mysuru District Court,Justice 400,14,Acquitted
3568,3568,Bengaluru Sessions Court,Justice 180,9,Pending
3569,3569,Belagavi Sessions Court,Justice 180,2,Convicted
3570,3570,Belagavi Sessions Court,Justice 275,19,Convicted
3571,3571,Mysuru District Court,Justice 188,4,Convicted
3572,3572,Bengaluru Sessions Court,Justice 247,19,Pending
3573,3573,Kalaburagi District Court,Justice 435,18,Convicted
3574,3574,Bengaluru Sessions Court,Justice 409,17,Pending
3575,3575,Mangaluru District Court,Justice 256,10,Convicted
3576,3576,Hubballi District Court,Justice 208,14,Convicted
3577,3577,Kalaburagi District Court,Justice 264,4,Convicted
3578,3578,Belagavi Sessions Court,Justice 281,10,Pending
3579,3579,Hubballi District Court,Justice 453,7,Convicted
3580,3580,Hubballi District Court,Justice 118,15,Pending
3581,3581,Mangaluru District Court,Justice 228,5,Convicted
3582,3582,Belagavi Sessions Court,Justice 308,3,Pending
3583,3583,Hubballi District Court,Justice 231,15,Acquitted
3584,3584,Mangaluru District Court,Justice 463,9,Pending
3585,3585,Bengaluru Sessions Court,Justice 379,9,Pending
3586,3586,Kalaburagi District Court,Justice 9,6,Convicted
3587,3587,Kalaburagi District Court,Justice 30,9,Convicted
3588,3588,Mangaluru District Court,Justice 487,20,Convicted
3589,3589,Kalaburagi District Court,Justice 235,3,Convicted
3590,3590,Kalaburagi District Court,Justice 4,11,Convicted
3591,3591,Mangaluru District Court,Justice 300,17,Acquitted
3592,3592,Mysuru District Court,Justice 76,10,Convicted
3593,3593,Kalaburagi District Court,Justice 265,17,Pending
3594,3594,Belagavi Sessions Court,Justice 489,3,Pending
3595,3595,Belagavi Sessions Court,Justice 62,19,Acquitted
3596,3596,Belagavi Sessions Court,Justice 170,18,Pending
3597,3597,Belagavi Sessions Court,Justice 500,6,Acquitted
3598,3598,Mysuru District Court,Justice 248,10,Pending
3599,3599,Kalaburagi District Court,Justice 448,4,Pending
3600,3600,Kalaburagi District Court,Justice 202,13,Pending
3601,3601,Belagavi Sessions Court,Justice 209,13,Acquitted
3602,3602,Mangaluru District Court,Justice 213,12,Convicted
3603,3603,Belagavi Sessions Court,Justice 301,6,Convicted
3604,3604,Belagavi Sessions Court,Justice 150,20,Acquitted
3605,3605,Belagavi Sessions Court,Justice 428,11,Pending
3606,3606,Mangaluru District Court,Justice 496,12,Acquitted
3607,3607,Bengaluru Sessions Court,Justice 495,7,Pending
3608,3608,Kalaburagi District Court,Justice 56,8,Convicted
3609,3609,Kalaburagi District Court,Justice 373,13,Pending
3610,3610,Mysuru District Court,Justice 306,18,Convicted
3611,3611,Hubballi District Court,Justice 33,2,Acquitted
3612,3612,Kalaburagi District Court,Justice 21,16,Convicted
3613,3613,Hubballi District Court,Justice 217,20,Pending
3614,3614,Kalaburagi District Court,Justice 164,5,Convicted
3615,3615,Bengaluru Sessions Court,Justice 269,12,Acquitted
3616,3616,Mangaluru District Court,Justice 230,19,Pending
3617,3617,Kalaburagi District Court,Justice 308,7,Convicted
3618,3618,Kalaburagi District Court,Justice 251,19,Convicted
3619,3619,Hubballi District Court,Justice 390,2,Convicted
3620,3620,Hubballi District Court,Justice 395,12,Pending
3621,3621,Mangaluru District Court,Justice 44,7,Acquitted
3622,3622,Mangaluru District Court,Justice 250,4,Convicted
3623,3623,Bengaluru Sessions Court,Justice 25,1,Convicted
3624,3624,Mysuru District Court,Justice 244,4,Acquitted
3625,3625,Belagavi Sessions Court,Justice 260,4,Convicted
3626,3626,Bengaluru Sessions Court,Justice 464,4,Pending
3627,3627,Mysuru District Court,Justice 445,7,Acquitted
3628,3628,Belagavi Sessions Court,Justice 107,19,Acquitted
3629,3629,Mysuru District Court,Justice 199,20,Pending
3630,3630,Mangaluru District Court,Justice 324,2,Acquitted
3631,3631,Mysuru District Court,Justice 206,20,Pending
3632,3632,Kalaburagi District Court,Justice 333,2,Convicted
3633,3633,Kalaburagi District Court,Justice 230,16,Pending
3634,3634,Belagavi Sessions Court,Justice 98,6,Convicted
3635,3635,Mysuru District Court,Justice 114,14,Pending
3636,3636,Hubballi District Court,Justice 88,13,Convicted
3637,3637,Hubballi District Court,Justice 149,19,Pending
3638,3638,Bengaluru Sessions Court,Justice 10,7,Acquitted
3639,3639,Belagavi Sessions Court,Justice 480,8,Pending
3640,3640,Bengaluru Sessions Court,Justice 175,3,Acquitted
3641,3641,Hubballi District Court,Justice 394,10,Convicted
3642,3642,Hubballi District Court,Justice 480,9,Pending
3643,3643,Mangaluru District Court,Justice 498,6,Pending
3644,3644,Kalaburagi District Court,Justice 127,3,Pending
3645,3645,Kalaburagi District Court,Justice 198,1,Acquitted
3646,3646,Bengaluru Sessions Court,Justice 249,9,Acquitted
3647,3647,Mangaluru District Court,Justice 15,2,Acquitted
3648,3648,Bengaluru Sessions Court,Justice 75,2,Acquitted
3649,3649,Kalaburagi District Court,Justice 386,17,Acquitted
3650,3650,Kalaburagi District Court,Justice 475,1,Acquitted
3651,3651,Hubballi District Court,Justice 191,5,Pending
3652,3652,Hubballi District Court,Justice 53,13,Convicted
3653,3653,Hubballi District Court,Justice 500,3,Acquitted
3654,3654,Kalaburagi District Court,Justice 473,8,Convicted
3655,3655,Bengaluru Sessions Court,Justice 451,20,Pending
3656,3656,Bengaluru Sessions Court,Justice 33,15,Acquitted
3657,3657,Hubballi District Court,Justice 297,11,Convicted
3658,3658,Belagavi Sessions Court,Justice 445,3,Convicted
3659,3659,Hubballi District Court,Justice 141,18,Acquitted
3660,3660,Mysuru District Court,Justice 191,16,Convicted
3661,3661,Mangaluru District Court,Justice 145,18,Pending
3662,3662,Hubballi District Court,Justice 106,12,Pending
3663,3663,Belagavi Sessions Court,Justice 163,13,Pending
3664,3664,Belagavi Sessions Court,Justice 279,7,Pending
3665,3665,Bengaluru Sessions Court,Justice 454,6,Convicted
3666,3666,Bengaluru Sessions Court,Justice 160,7,Convicted
3667,3667,Mangaluru District Court,Justice 488,7,Acquitted
3668,3668,Mangaluru District Court,Justice 387,2,Convicted
3669,3669,Mysuru District Court,Justice 55,12,Acquitted
3670,3670,Bengaluru Sessions Court,Justice 4,4,Pending
3671,3671,Hubballi District Court,Justice 64,6,Acquitted
3672,3672,Kalaburagi District Court,Justice 89,3,Acquitted
3673,3673,Bengaluru Sessions Court,Justice 412,13,Acquitted
3674,3674,Belagavi Sessions Court,Justice 248,7,Pending
3675,3675,Bengaluru Sessions Court,Justice 462,20,Acquitted
3676,3676,Bengaluru Sessions Court,Justice 133,1,Pending
3677,3677,Kalaburagi District Court,Justice 368,17,Pending
3678,3678,Belagavi Sessions Court,Justice 214,15,Acquitted
3679,3679,Belagavi Sessions Court,Justice 492,13,Convicted
3680,3680,Kalaburagi District Court,Justice 352,5,Pending
3681,3681,Mangaluru District Court,Justice 120,10,Pending
3682,3682,Mangaluru District Court,Justice 489,1,Pending
3683,3683,Hubballi District Court,Justice 262,11,Pending
3684,3684,Mysuru District Court,Justice 68,20,Convicted
3685,3685,Belagavi Sessions Court,Justice 85,5,Convicted
3686,3686,Hubballi District Court,Justice 36,7,Pending
3687,3687,Mangaluru District Court,Justice 54,16,Acquitted
3688,3688,Mysuru District Court,Justice 150,9,Pending
3689,3689,Bengaluru Sessions Court,Justice 295,18,Convicted
3690,3690,Bengaluru Sessions Court,Justice 299,18,Convicted
3691,3691,Mysuru District Court,Justice 498,14,Convicted
3692,3692,Hubballi District Court,Justice 498,14,Pending
3693,3693,Hubballi District Court,Justice 27,4,Pending
3694,3694,Hubballi District Court,Justice 60,16,Pending
3695,3695,Mysuru District Court,Justice 197,14,Pending
3696,3696,Kalaburagi District Court,Justice 309,9,Pending
3697,3697,Belagavi Sessions Court,Justice 69,10,Acquitted
3698,3698,Hubballi District Court,Justice 332,6,Pending
3699,3699,Belagavi Sessions Court,Justice 247,7,Convicted
3700,3700,Bengaluru Sessions Court,Justice 388,13,Pending
3701,3701,Mysuru District Court,Justice 85,7,Acquitted
3702,3702,Belagavi Sessions Court,Justice 260,11,Acquitted
3703,3703,Mangaluru District Court,Justice 430,13,Convicted
3704,3704,Mangaluru District Court,Justice 271,2,Acquitted
3705,3705,Bengaluru Sessions Court,Justice 393,2,Pending
3706,3706,Belagavi Sessions Court,Justice 45,7,Convicted
3707,3707,Mysuru District Court,Justice 49,1,Acquitted
3708,3708,Hubballi District Court,Justice 98,19,Acquitted
3709,3709,Hubballi District Court,Justice 480,20,Convicted
3710,3710,Hubballi District Court,Justice 307,2,Convicted
3711,3711,Mysuru District Court,Justice 109,20,Convicted
3712,3712,Hubballi District Court,Justice 428,4,Acquitted
3713,3713,Kalaburagi District Court,Justice 68,14,Acquitted
3714,3714,Mangaluru District Court,Justice 393,16,Pending
3715,3715,Mysuru District Court,Justice 50,7,Acquitted
3716,3716,Mangaluru District Court,Justice 338,4,Pending
3717,3717,Bengaluru Sessions Court,Justice 39,6,Acquitted
3718,3718,Mysuru District Court,Justice 462,3,Pending
3719,3719,Hubballi District Court,Justice 100,19,Pending
3720,3720,Mangaluru District Court,Justice 184,8,Pending
3721,3721,Kalaburagi District Court,Justice 34,1,Acquitted
3722,3722,Hubballi District Court,Justice 74,1,Convicted
3723,3723,Mangaluru District Court,Justice 429,6,Acquitted
3724,3724,Hubballi District Court,Justice 133,6,Convicted
3725,3725,Belagavi Sessions Court,Justice 159,2,Convicted
3726,3726,Mysuru District Court,Justice 81,12,Convicted
3727,3727,Hubballi District Court,Justice 161,4,Acquitted
3728,3728,Bengaluru Sessions Court,Justice 312,19,Convicted
3729,3729,Belagavi Sessions Court,Justice 138,15,Acquitted
3730,3730,Kalaburagi District Court,Justice 312,5,Convicted
3731,3731,Mangaluru District Court,Justice 313,1,Acquitted
3732,3732,Belagavi Sessions Court,Justice 68,6,Pending
3733,3733,Hubballi District Court,Justice 437,3,Pending
3734,3734,Mysuru District Court,Justice 27,15,Convicted
3735,3735,Bengaluru Sessions Court,Justice 232,19,Pending
3736,3736,Bengaluru Sessions Court,Justice 65,4,Acquitted
3737,3737,Mysuru District Court,Justice 30,15,Acquitted
3738,3738,Belagavi Sessions Court,Justice 92,15,Acquitted
3739,3739,Hubballi District Court,Justice 29,10,Convicted
3740,3740,Bengaluru Sessions Court,Justice 255,19,Convicted
3741,3741,Kalaburagi District Court,Justice 107,6,Acquitted
3742,3742,Belagavi Sessions Court,Justice 70,7,Acquitted
3743,3743,Mysuru District Court,Justice 321,14,Acquitted
3744,3744,Mangaluru District Court,Justice 476,17,Pending
3745,3745,Kalaburagi District Court,Justice 48,2,Acquitted
3746,3746,Kalaburagi District Court,Justice 412,2,Convicted
3747,3747,Mysuru District Court,Justice 349,1,Convicted
3748,3748,Mangaluru District Court,Justice 288,16,Acquitted
3749,3749,Mangaluru District Court,Justice 167,13,Pending
3750,3750,Mangaluru District Court,Justice 235,17,Pending
3751,3751,Bengaluru Sessions Court,Justice 156,13,Pending
3752,3752,Kalaburagi District Court,Justice 486,17,Convicted
3753,3753,Belagavi Sessions Court,Justice 87,2,Acquitted
3754,3754,Kalaburagi District Court,Justice 363,20,Convicted
3755,3755,Mangaluru District Court,Justice 104,12,Acquitted
3756,3756,Mangaluru District Court,Justice 469,10,Acquitted
3757,3757,Mangaluru District Court,Justice 463,6,Pending
3758,3758,Mangaluru District Court,Justice 55,7,Pending
3759,3759,Bengaluru Sessions Court,Justice 266,17,Acquitted
3760,3760,Hubballi District Court,Justice 101,20,Acquitted
3761,3761,Bengaluru Sessions Court,Justice 312,12,Pending
3762,3762,Mangaluru District Court,Justice 352,18,Convicted
3763,3763,Kalaburagi District Court,Justice 368,14,Pending
3764,3764,Mangaluru District Court,Justice 147,19,Pending
3765,3765,Mangaluru District Court,Justice 429,19,Pending
3766,3766,Kalaburagi District Court,Justice 300,19,Pending
3767,3767,Bengaluru Sessions Court,Justice 459,1,Pending
3768,3768,Kalaburagi District Court,Justice 43,12,Pending
3769,3769,Mysuru District Court,Justice 172,10,Acquitted
3770,3770,Belagavi Sessions Court,Justice 124,3,Acquitted
3771,3771,Belagavi Sessions Court,Justice 483,17,Convicted
3772,3772,Mysuru District Court,Justice 174,7,Pending
3773,3773,Mysuru District Court,Justice 124,4,Acquitted
3774,3774,Hubballi District Court,Justice 492,10,Convicted
3775,3775,Mysuru District Court,Justice 368,9,Pending
3776,3776,Mangaluru District Court,Justice 235,3,Acquitted
3777,3777,Bengaluru Sessions Court,Justice 159,2,Convicted
3778,3778,Mysuru District Court,Justice 267,6,Convicted
3779,3779,Belagavi Sessions Court,Justice 337,7,Convicted
3780,3780,Kalaburagi District Court,Justice 51,2,Acquitted
3781,3781,Belagavi Sessions Court,Justice 27,1,Pending
3782,3782,Mangaluru District Court,Justice 221,14,Pending
3783,3783,Kalaburagi District Court,Justice 286,8,Acquitted
3784,3784,Kalaburagi District Court,Justice 191,20,Pending
3785,3785,Belagavi Sessions Court,Justice 420,8,Acquitted
3786,3786,Bengaluru Sessions Court,Justice 367,2,Pending
3787,3787,Hubballi District Court,Justice 244,13,Convicted
3788,3788,Kalaburagi District Court,Justice 144,1,Acquitted
3789,3789,Bengaluru Sessions Court,Justice 486,17,Acquitted
3790,3790,Mysuru District Court,Justice 16,10,Pending
3791,3791,Mangaluru District Court,Justice 133,16,Convicted
3792,3792,Belagavi Sessions Court,Justice 304,6,Acquitted
3793,3793,Kalaburagi District Court,Justice 158,11,Convicted
3794,3794,Belagavi Sessions Court,Justice 94,9,Acquitted
3795,3795,Hubballi District Court,Justice 365,10,Acquitted
3796,3796,Bengaluru Sessions Court,Justice 197,12,Pending
3797,3797,Mysuru District Court,Justice 494,8,Convicted
3798,3798,Bengaluru Sessions Court,Justice 306,10,Convicted
3799,3799,Hubballi District Court,Justice 238,12,Convicted
3800,3800,Hubballi District Court,Justice 35,18,Pending
3801,3801,Belagavi Sessions Court,Justice 277,7,Convicted
3802,3802,Belagavi Sessions Court,Justice 377,14,Convicted
3803,3803,Bengaluru Sessions Court,Justice 60,3,Acquitted
3804,3804,Bengaluru Sessions Court,Justice 152,15,Pending
3805,3805,Belagavi Sessions Court,Justice 297,19,Pending
3806,3806,Bengaluru Sessions Court,Justice 87,20,Acquitted
3807,3807,Bengaluru Sessions Court,Justice 357,12,Convicted
3808,3808,Mangaluru District Court,Justice 172,12,Convicted
3809,3809,Kalaburagi District Court,Justice 245,12,Convicted
3810,3810,Mangaluru District Court,Justice 309,6,Convicted
3811,3811,Bengaluru Sessions Court,Justice 373,11,Acquitted
3812,3812,Bengaluru Sessions Court,Justice 348,6,Acquitted
3813,3813,Hubballi District Court,Justice 186,7,Convicted
3814,3814,Bengaluru Sessions Court,Justice 407,19,Pending
3815,3815,Belagavi Sessions Court,Justice 293,4,Convicted
3816,3816,Bengaluru Sessions Court,Justice 94,11,Convicted
3817,3817,Mangaluru District Court,Justice 45,12,Convicted
3818,3818,Mysuru District Court,Justice 38,15,Convicted
3819,3819,Hubballi District Court,Justice 76,15,Pending
3820,3820,Kalaburagi District Court,Justice 58,9,Acquitted
3821,3821,Belagavi Sessions Court,Justice 182,2,Pending
3822,3822,Mysuru District Court,Justice 22,1,Acquitted
3823,3823,Mangaluru District Court,Justice 352,7,Pending
3824,3824,Mangaluru District Court,Justice 191,14,Acquitted
3825,3825,Mangaluru District Court,Justice 209,15,Pending
3826,3826,Mangaluru District Court,Justice 63,8,Pending
3827,3827,Mysuru District Court,Justice 31,6,Acquitted
3828,3828,Bengaluru Sessions Court,Justice 66,17,Acquitted
3829,3829,Bengaluru Sessions Court,Justice 90,15,Convicted
3830,3830,Belagavi Sessions Court,Justice 78,16,Convicted
3831,3831,Bengaluru Sessions Court,Justice 460,3,Convicted
3832,3832,Hubballi District Court,Justice 153,6,Convicted
3833,3833,Belagavi Sessions Court,Justice 394,14,Acquitted
3834,3834,Mysuru District Court,Justice 359,7,Convicted
3835,3835,Kalaburagi District Court,Justice 278,15,Acquitted
3836,3836,Mangaluru District Court,Justice 365,7,Acquitted
3837,3837,Hubballi District Court,Justice 212,3,Acquitted
3838,3838,Kalaburagi District Court,Justice 186,3,Pending
3839,3839,Hubballi District Court,Justice 294,15,Convicted
3840,3840,Hubballi District Court,Justice 496,15,Pending
3841,3841,Mangaluru District Court,Justice 390,18,Pending
3842,3842,Kalaburagi District Court,Justice 438,14,Acquitted
3843,3843,Hubballi District Court,Justice 63,16,Acquitted
3844,3844,Hubballi District Court,Justice 296,14,Pending
3845,3845,Hubballi District Court,Justice 44,12,Acquitted
3846,3846,Mysuru District Court,Justice 75,1,Pending
3847,3847,Hubballi District Court,Justice 207,8,Convicted
3848,3848,Hubballi District Court,Justice 48,14,Convicted
3849,3849,Mangaluru District Court,Justice 322,1,Acquitted
3850,3850,Bengaluru Sessions Court,Justice 264,17,Acquitted
3851,3851,Mangaluru District Court,Justice 301,11,Convicted
3852,3852,Bengaluru Sessions Court,Justice 499,11,Convicted
3853,3853,Belagavi Sessions Court,Justice 446,15,Acquitted
3854,3854,Mysuru District Court,Justice 169,14,Pending
3855,3855,Belagavi Sessions Court,Justice 100,12,Convicted
3856,3856,Bengaluru Sessions Court,Justice 57,13,Convicted
3857,3857,Mysuru District Court,Justice 219,4,Convicted
3858,3858,Kalaburagi District Court,Justice 487,11,Acquitted
3859,3859,Mangaluru District Court,Justice 381,6,Acquitted
3860,3860,Mangaluru District Court,Justice 294,2,Convicted
3861,3861,Kalaburagi District Court,Justice 59,18,Acquitted
3862,3862,Mysuru District Court,Justice 190,10,Acquitted
3863,3863,Bengaluru Sessions Court,Justice 60,3,Acquitted
3864,3864,Mangaluru District Court,Justice 336,4,Convicted
3865,3865,Belagavi Sessions Court,Justice 435,11,Convicted
3866,3866,Mangaluru District Court,Justice 431,14,Pending
3867,3867,Hubballi District Court,Justice 145,15,Convicted
3868,3868,Bengaluru Sessions Court,Justice 399,9,Pending
3869,3869,Mysuru District Court,Justice 247,10,Acquitted
3870,3870,Hubballi District Court,Justice 449,15,Pending
3871,3871,Hubballi District Court,Justice 74,3,Acquitted
3872,3872,Belagavi Sessions Court,Justice 39,19,Convicted
3873,3873,Hubballi District Court,Justice 220,3,Acquitted
3874,3874,Bengaluru Sessions Court,Justice 347,20,Convicted
3875,3875,Mysuru District Court,Justice 47,19,Convicted
3876,3876,Mangaluru District Court,Justice 418,1,Acquitted
3877,3877,Mysuru District Court,Justice 499,2,Convicted
3878,3878,Belagavi Sessions Court,Justice 94,16,Convicted
3879,3879,Bengaluru Sessions Court,Justice 214,19,Pending
3880,3880,Kalaburagi District Court,Justice 488,12,Pending
3881,3881,Mangaluru District Court,Justice 46,11,Convicted
3882,3882,Belagavi Sessions Court,Justice 269,6,Pending
3883,3883,Kalaburagi District Court,Justice 427,6,Pending
3884,3884,Mysuru District Court,Justice 280,16,Acquitted
3885,3885,Mangaluru District Court,Justice 70,14,Pending
3886,3886,Hubballi District Court,Justice 493,6,Convicted
3887,3887,Hubballi District Court,Justice 33,1,Convicted
3888,3888,Kalaburagi District Court,Justice 420,17,Pending
3889,3889,Hubballi District Court,Justice 378,11,Convicted
3890,3890,Mangaluru District Court,Justice 445,9,Pending
3891,3891,Belagavi Sessions Court,Justice 83,18,Acquitted
3892,3892,Mangaluru District Court,Justice 46,17,Convicted
3893,3893,Belagavi Sessions Court,Justice 25,7,Convicted
3894,3894,Mysuru District Court,Justice 480,9,Acquitted
3895,3895,Kalaburagi District Court,Justice 348,9,Pending
3896,3896,Hubballi District Court,Justice 308,2,Pending
3897,3897,Hubballi District Court,Justice 458,9,Acquitted
3898,3898,Belagavi Sessions Court,Justice 358,19,Convicted
3899,3899,Bengaluru Sessions Court,Justice 109,18,Acquitted
3900,3900,Mysuru District Court,Justice 398,10,Acquitted
3901,3901,Kalaburagi District Court,Justice 259,8,Convicted
3902,3902,Mysuru District Court,Justice 373,13,Acquitted
3903,3903,Mysuru District Court,Justice 432,5,Acquitted
3904,3904,Mysuru District Court,Justice 364,14,Pending
3905,3905,Belagavi Sessions Court,Justice 417,10,Convicted
3906,3906,Mangaluru District Court,Justice 53,20,Convicted
3907,3907,Mangaluru District Court,Justice 1,20,Pending
3908,3908,Belagavi Sessions Court,Justice 7,12,Acquitted
3909,3909,Mysuru District Court,Justice 360,5,Pending
3910,3910,Mysuru District Court,Justice 355,10,Convicted
3911,3911,Mangaluru District Court,Justice 288,19,Convicted
3912,3912,Mangaluru District Court,Justice 422,8,Convicted
3913,3913,Mysuru District Court,Justice 330,16,Convicted
3914,3914,Bengaluru Sessions Court,Justice 389,4,Acquitted
3915,3915,Mangaluru District Court,Justice 234,19,Acquitted
3916,3916,Mysuru District Court,Justice 316,11,Convicted
3917,3917,Hubballi District Court,Justice 216,1,Convicted
3918,3918,Mangaluru District Court,Justice 283,7,Pending
3919,3919,Belagavi Sessions Court,Justice 493,18,Pending
3920,3920,Mangaluru District Court,Justice 45,15,Pending
3921,3921,Bengaluru Sessions Court,Justice 228,16,Convicted
3922,3922,Belagavi Sessions Court,Justice 446,3,Pending
3923,3923,Mysuru District Court,Justice 98,15,Acquitted
3924,3924,Bengaluru Sessions Court,Justice 341,19,Convicted
3925,3925,Belagavi Sessions Court,Justice 283,10,Convicted
3926,3926,Kalaburagi District Court,Justice 347,9,Convicted
3927,3927,Bengaluru Sessions Court,Justice 307,13,Pending
3928,3928,Hubballi District Court,Justice 437,5,Pending
3929,3929,Mysuru District Court,Justice 203,16,Convicted
3930,3930,Kalaburagi District Court,Justice 416,18,Pending
3931,3931,Mangaluru District Court,Justice 39,3,Convicted
3932,3932,Mysuru District Court,Justice 382,6,Acquitted
3933,3933,Hubballi District Court,Justice 212,8,Pending
3934,3934,Kalaburagi District Court,Justice 345,19,Acquitted
3935,3935,Belagavi Sessions Court,Justice 249,13,Pending
3936,3936,Mysuru District Court,Justice 23,5,Acquitted
3937,3937,Kalaburagi District Court,Justice 19,12,Pending
3938,3938,Belagavi Sessions Court,Justice 326,6,Convicted
3939,3939,Mangaluru District Court,Justice 208,11,Acquitted
3940,3940,Belagavi Sessions Court,Justice 89,17,Convicted
3941,3941,Hubballi District Court,Justice 262,17,Pending
3942,3942,Mangaluru District Court,Justice 393,1,Convicted
3943,3943,Belagavi Sessions Court,Justice 445,12,Acquitted
3944,3944,Mangaluru District Court,Justice 363,6,Acquitted
3945,3945,Kalaburagi District Court,Justice 449,19,Acquitted
3946,3946,Belagavi Sessions Court,Justice 154,19,Acquitted
3947,3947,Mangaluru District Court,Justice 129,1,Acquitted
3948,3948,Belagavi Sessions Court,Justice 170,13,Pending
3949,3949,Hubballi District Court,Justice 449,12,Pending
3950,3950,Hubballi District Court,Justice 171,16,Acquitted
3951,3951,Mangaluru District Court,Justice 46,11,Acquitted
3952,3952,Mysuru District Court,Justice 27,1,Acquitted
3953,3953,Hubballi District Court,Justice 333,6,Acquitted
3954,3954,Belagavi Sessions Court,Justice 336,11,Pending
3955,3955,Mysuru District Court,Justice 248,7,Acquitted
3956,3956,Hubballi District Court,Justice 187,13,Pending
3957,3957,Hubballi District Court,Justice 126,1,Pending
3958,3958,Bengaluru Sessions Court,Justice 120,10,Pending
3959,3959,Mangaluru District Court,Justice 8,7,Acquitted
3960,3960,Mangaluru District Court,Justice 204,11,Pending
3961,3961,Kalaburagi District Court,Justice 399,3,Pending
3962,3962,Mangaluru District Court,Justice 448,14,Acquitted
3963,3963,Hubballi District Court,Justice 251,14,Pending
3964,3964,Mysuru District Court,Justice 389,2,Convicted
3965,3965,Kalaburagi District Court,Justice 110,3,Pending
3966,3966,Mangaluru District Court,Justice 478,4,Pending
3967,3967,Mangaluru District Court,Justice 375,5,Acquitted
3968,3968,Mysuru District Court,Justice 411,19,Convicted
3969,3969,Hubballi District Court,Justice 128,13,Convicted
3970,3970,Mysuru District Court,Justice 338,12,Convicted
3971,3971,Kalaburagi District Court,Justice 296,17,Acquitted
3972,3972,Kalaburagi District Court,Justice 216,10,Pending
3973,3973,Belagavi Sessions Court,Justice 322,9,Convicted
3974,3974,Kalaburagi District Court,Justice 452,14,Convicted
3975,3975,Mangaluru District Court,Justice 158,4,Pending
3976,3976,Mysuru District Court,Justice 240,13,Convicted
3977,3977,Mangaluru District Court,Justice 443,19,Pending
3978,3978,Mysuru District Court,Justice 183,8,Acquitted
3979,3979,Bengaluru Sessions Court,Justice 462,9,Acquitted
3980,3980,Mysuru District Court,Justice 28,14,Acquitted
3981,3981,Mangaluru District Court,Justice 94,16,Convicted
3982,3982,Belagavi Sessions Court,Justice 433,5,Pending
3983,3983,Mysuru District Court,Justice 108,15,Acquitted
3984,3984,Mysuru District Court,Justice 102,12,Acquitted
3985,3985,Belagavi Sessions Court,Justice 221,14,Pending
3986,3986,Hubballi District Court,Justice 475,2,Acquitted
3987,3987,Kalaburagi District Court,Justice 488,2,Pending
3988,3988,Hubballi District Court,Justice 467,19,Acquitted
3989,3989,Hubballi District Court,Justice 92,13,Convicted
3990,3990,Mangaluru District Court,Justice 396,14,Acquitted
3991,3991,Bengaluru Sessions Court,Justice 70,4,Pending
3992,3992,Kalaburagi District Court,Justice 466,15,Convicted
3993,3993,Mangaluru District Court,Justice 123,7,Convicted
3994,3994,Mangaluru District Court,Justice 437,8,Pending
3995,3995,Mangaluru District Court,Justice 55,7,Convicted
3996,3996,Kalaburagi District Court,Justice 22,3,Convicted
3997,3997,Kalaburagi District Court,Justice 22,1,Acquitted
3998,3998,Mangaluru District Court,Justice 215,3,Pending
3999,3999,Bengaluru Sessions Court,Justice 483,11,Convicted
4000,4000,Belagavi Sessions Court,Justice 165,3,Pending
4001,4001,Hubballi District Court,Justice 352,18,Pending
4002,4002,Bengaluru Sessions Court,Justice 408,15,Acquitted
4003,4003,Hubballi District Court,Justice 81,18,Acquitted
4004,4004,Bengaluru Sessions Court,Justice 308,2,Acquitted
4005,4005,Hubballi District Court,Justice 439,10,Pending
4006,4006,Kalaburagi District Court,Justice 299,17,Acquitted
4007,4007,Mysuru District Court,Justice 392,14,Convicted
4008,4008,Hubballi District Court,Justice 496,13,Acquitted
4009,4009,Kalaburagi District Court,Justice 156,14,Convicted
4010,4010,Kalaburagi District Court,Justice 311,16,Acquitted
4011,4011,Mangaluru District Court,Justice 162,3,Pending
4012,4012,Hubballi District Court,Justice 185,3,Acquitted
4013,4013,Belagavi Sessions Court,Justice 499,14,Convicted
4014,4014,Mangaluru District Court,Justice 199,20,Pending
4015,4015,Bengaluru Sessions Court,Justice 361,20,Pending
4016,4016,Belagavi Sessions Court,Justice 155,17,Pending
4017,4017,Mangaluru District Court,Justice 240,12,Acquitted
4018,4018,Mysuru District Court,Justice 414,15,Pending
4019,4019,Kalaburagi District Court,Justice 319,13,Convicted
4020,4020,Kalaburagi District Court,Justice 327,4,Convicted
4021,4021,Mysuru District Court,Justice 418,5,Pending
4022,4022,Mangaluru District Court,Justice 496,1,Acquitted
4023,4023,Mysuru District Court,Justice 2,6,Convicted
4024,4024,Mysuru District Court,Justice 444,18,Acquitted
4025,4025,Mysuru District Court,Justice 155,13,Acquitted
4026,4026,Hubballi District Court,Justice 127,20,Pending
4027,4027,Hubballi District Court,Justice 118,13,Acquitted
4028,4028,Bengaluru Sessions Court,Justice 400,15,Acquitted
4029,4029,Hubballi District Court,Justice 375,1,Convicted
4030,4030,Mangaluru District Court,Justice 402,4,Pending
4031,4031,Kalaburagi District Court,Justice 317,15,Acquitted
4032,4032,Mangaluru District Court,Justice 398,6,Acquitted
4033,4033,Kalaburagi District Court,Justice 240,11,Acquitted
4034,4034,Belagavi Sessions Court,Justice 48,5,Acquitted
4035,4035,Mysuru District Court,Justice 360,9,Acquitted
4036,4036,Hubballi District Court,Justice 399,7,Convicted
4037,4037,Belagavi Sessions Court,Justice 89,9,Convicted
4038,4038,Bengaluru Sessions Court,Justice 108,10,Convicted
4039,4039,Belagavi Sessions Court,Justice 353,16,Acquitted
4040,4040,Mysuru District Court,Justice 449,8,Acquitted
4041,4041,Belagavi Sessions Court,Justice 245,3,Pending
4042,4042,Kalaburagi District Court,Justice 16,10,Acquitted
4043,4043,Belagavi Sessions Court,Justice 337,15,Pending
4044,4044,Mangaluru District Court,Justice 42,6,Pending
4045,4045,Hubballi District Court,Justice 212,19,Acquitted
4046,4046,Kalaburagi District Court,Justice 102,3,Convicted
4047,4047,Belagavi Sessions Court,Justice 386,7,Pending
4048,4048,Hubballi District Court,Justice 208,5,Pending
4049,4049,Belagavi Sessions Court,Justice 499,15,Convicted
4050,4050,Kalaburagi District Court,Justice 279,15,Pending
4051,4051,Mangaluru District Court,Justice 390,3,Convicted
4052,4052,Mysuru District Court,Justice 142,18,Pending
4053,4053,Hubballi District Court,Justice 79,1,Convicted
4054,4054,Mangaluru District Court,Justice 316,20,Acquitted
4055,4055,Mysuru District Court,Justice 137,4,Convicted
4056,4056,Bengaluru Sessions Court,Justice 318,2,Convicted
4057,4057,Kalaburagi District Court,Justice 238,6,Convicted
4058,4058,Kalaburagi District Court,Justice 225,19,Acquitted
4059,4059,Belagavi Sessions Court,Justice 414,16,Convicted
4060,4060,Belagavi Sessions Court,Justice 264,20,Acquitted
4061,4061,Mangaluru District Court,Justice 120,17,Pending
4062,4062,Hubballi District Court,Justice 395,5,Pending
4063,4063,Kalaburagi District Court,Justice 346,13,Pending
4064,4064,Mangaluru District Court,Justice 300,10,Convicted
4065,4065,Kalaburagi District Court,Justice 363,17,Acquitted
4066,4066,Kalaburagi District Court,Justice 221,11,Pending
4067,4067,Mysuru District Court,Justice 46,3,Convicted
4068,4068,Hubballi District Court,Justice 494,7,Pending
4069,4069,Mysuru District Court,Justice 237,9,Convicted
4070,4070,Hubballi District Court,Justice 373,19,Pending
4071,4071,Bengaluru Sessions Court,Justice 194,1,Convicted
4072,4072,Bengaluru Sessions Court,Justice 365,14,Convicted
4073,4073,Belagavi Sessions Court,Justice 272,6,Acquitted
4074,4074,Mysuru District Court,Justice 283,10,Pending
4075,4075,Mysuru District Court,Justice 402,10,Acquitted
4076,4076,Hubballi District Court,Justice 427,12,Pending
4077,4077,Belagavi Sessions Court,Justice 95,3,Acquitted
4078,4078,Bengaluru Sessions Court,Justice 470,10,Convicted
4079,4079,Kalaburagi District Court,Justice 175,5,Convicted
4080,4080,Hubballi District Court,Justice 422,6,Convicted
4081,4081,Belagavi Sessions Court,Justice 228,10,Pending
4082,4082,Mysuru District Court,Justice 103,12,Convicted
4083,4083,Mangaluru District Court,Justice 360,4,Acquitted
4084,4084,Mangaluru District Court,Justice 186,2,Pending
4085,4085,Mysuru District Court,Justice 248,12,Convicted
4086,4086,Hubballi District Court,Justice 17,15,Pending
4087,4087,Mysuru District Court,Justice 357,1,Acquitted
4088,4088,Bengaluru Sessions Court,Justice 177,7,Pending
4089,4089,Bengaluru Sessions Court,Justice 473,18,Convicted
4090,4090,Belagavi Sessions Court,Justice 97,14,Convicted
4091,4091,Hubballi District Court,Justice 283,20,Convicted
4092,4092,Hubballi District Court,Justice 445,9,Acquitted
4093,4093,Belagavi Sessions Court,Justice 149,14,Acquitted
4094,4094,Hubballi District Court,Justice 272,2,Acquitted
4095,4095,Belagavi Sessions Court,Justice 462,7,Pending
4096,4096,Mysuru District Court,Justice 457,7,Pending
4097,4097,Hubballi District Court,Justice 474,4,Convicted
4098,4098,Kalaburagi District Court,Justice 462,13,Pending
4099,4099,Belagavi Sessions Court,Justice 117,19,Acquitted
4100,4100,Kalaburagi District Court,Justice 114,13,Acquitted
4101,4101,Mangaluru District Court,Justice 147,16,Acquitted
4102,4102,Bengaluru Sessions Court,Justice 115,9,Convicted
4103,4103,Bengaluru Sessions Court,Justice 429,20,Pending
4104,4104,Belagavi Sessions Court,Justice 392,8,Acquitted
4105,4105,Mangaluru District Court,Justice 172,6,Acquitted
4106,4106,Mysuru District Court,Justice 243,9,Convicted
4107,4107,Bengaluru Sessions Court,Justice 129,2,Pending
4108,4108,Hubballi District Court,Justice 2,13,Acquitted
4109,4109,Mangaluru District Court,Justice 290,10,Convicted
4110,4110,Kalaburagi District Court,Justice 286,3,Pending
4111,4111,Bengaluru Sessions Court,Justice 31,2,Pending
4112,4112,Mysuru District Court,Justice 104,19,Acquitted
4113,4113,Kalaburagi District Court,Justice 246,13,Convicted
4114,4114,Bengaluru Sessions Court,Justice 26,18,Pending
4115,4115,Hubballi District Court,Justice 154,2,Pending
4116,4116,Belagavi Sessions Court,Justice 459,6,Pending
4117,4117,Belagavi Sessions Court,Justice 118,13,Acquitted
4118,4118,Belagavi Sessions Court,Justice 114,4,Pending
4119,4119,Hubballi District Court,Justice 260,1,Convicted
4120,4120,Hubballi District Court,Justice 404,10,Convicted
4121,4121,Bengaluru Sessions Court,Justice 388,11,Convicted
4122,4122,Bengaluru Sessions Court,Justice 107,20,Convicted
4123,4123,Bengaluru Sessions Court,Justice 194,15,Acquitted
4124,4124,Bengaluru Sessions Court,Justice 99,13,Convicted
4125,4125,Mysuru District Court,Justice 187,8,Convicted
4126,4126,Belagavi Sessions Court,Justice 83,11,Acquitted
4127,4127,Mangaluru District Court,Justice 204,9,Acquitted
4128,4128,Kalaburagi District Court,Justice 14,3,Convicted
4129,4129,Mysuru District Court,Justice 129,17,Acquitted
4130,4130,Kalaburagi District Court,Justice 218,3,Pending
4131,4131,Hubballi District Court,Justice 445,14,Convicted
4132,4132,Bengaluru Sessions Court,Justice 483,18,Acquitted
4133,4133,Kalaburagi District Court,Justice 383,4,Acquitted
4134,4134,Mangaluru District Court,Justice 145,8,Convicted
4135,4135,Mysuru District Court,Justice 496,2,Pending
4136,4136,Hubballi District Court,Justice 247,17,Acquitted
4137,4137,Bengaluru Sessions Court,Justice 170,19,Convicted
4138,4138,Kalaburagi District Court,Justice 72,15,Pending
4139,4139,Hubballi District Court,Justice 39,17,Convicted
4140,4140,Mangaluru District Court,Justice 64,13,Convicted
4141,4141,Mysuru District Court,Justice 138,17,Pending
4142,4142,Belagavi Sessions Court,Justice 135,1,Acquitted
4143,4143,Belagavi Sessions Court,Justice 365,4,Acquitted
4144,4144,Belagavi Sessions Court,Justice 311,3,Pending
4145,4145,Bengaluru Sessions Court,Justice 50,19,Pending
4146,4146,Belagavi Sessions Court,Justice 253,19,Convicted
4147,4147,Bengaluru Sessions Court,Justice 94,6,Convicted
4148,4148,Kalaburagi District Court,Justice 495,2,Convicted
4149,4149,Hubballi District Court,Justice 330,4,Acquitted
4150,4150,Kalaburagi District Court,Justice 117,16,Convicted
4151,4151,Bengaluru Sessions Court,Justice 114,18,Convicted
4152,4152,Hubballi District Court,Justice 375,1,Acquitted
4153,4153,Kalaburagi District Court,Justice 95,13,Pending
4154,4154,Mangaluru District Court,Justice 317,6,Convicted
4155,4155,Bengaluru Sessions Court,Justice 228,8,Pending
4156,4156,Belagavi Sessions Court,Justice 102,3,Acquitted
4157,4157,Kalaburagi District Court,Justice 490,10,Acquitted
4158,4158,Mysuru District Court,Justice 441,15,Convicted
4159,4159,Bengaluru Sessions Court,Justice 256,20,Convicted
4160,4160,Belagavi Sessions Court,Justice 122,18,Acquitted
4161,4161,Mysuru District Court,Justice 394,10,Pending
4162,4162,Hubballi District Court,Justice 255,17,Pending
4163,4163,Belagavi Sessions Court,Justice 171,9,Convicted
4164,4164,Belagavi Sessions Court,Justice 190,17,Pending
4165,4165,Bengaluru Sessions Court,Justice 420,5,Acquitted
4166,4166,Belagavi Sessions Court,Justice 324,10,Convicted
4167,4167,Bengaluru Sessions Court,Justice 163,17,Convicted
4168,4168,Mysuru District Court,Justice 209,18,Convicted
4169,4169,Kalaburagi District Court,Justice 413,11,Convicted
4170,4170,Bengaluru Sessions Court,Justice 12,1,Convicted
4171,4171,Bengaluru Sessions Court,Justice 37,18,Pending
4172,4172,Hubballi District Court,Justice 284,7,Pending
4173,4173,Hubballi District Court,Justice 450,16,Acquitted
4174,4174,Hubballi District Court,Justice 256,12,Convicted
4175,4175,Mysuru District Court,Justice 199,18,Acquitted
4176,4176,Bengaluru Sessions Court,Justice 72,10,Pending
4177,4177,Bengaluru Sessions Court,Justice 108,7,Convicted
4178,4178,Mangaluru District Court,Justice 100,16,Convicted
4179,4179,Kalaburagi District Court,Justice 367,14,Acquitted
4180,4180,Hubballi District Court,Justice 21,13,Acquitted
4181,4181,Mysuru District Court,Justice 194,5,Acquitted
4182,4182,Bengaluru Sessions Court,Justice 165,5,Convicted
4183,4183,Mysuru District Court,Justice 417,3,Pending
4184,4184,Mangaluru District Court,Justice 60,10,Convicted
4185,4185,Bengaluru Sessions Court,Justice 224,20,Pending
4186,4186,Hubballi District Court,Justice 30,3,Pending
4187,4187,Belagavi Sessions Court,Justice 30,2,Pending
4188,4188,Mangaluru District Court,Justice 227,18,Convicted
4189,4189,Kalaburagi District Court,Justice 309,5,Pending
4190,4190,Mysuru District Court,Justice 278,10,Convicted
4191,4191,Mysuru District Court,Justice 26,12,Pending
4192,4192,Bengaluru Sessions Court,Justice 175,6,Acquitted
4193,4193,Bengaluru Sessions Court,Justice 474,18,Acquitted
4194,4194,Bengaluru Sessions Court,Justice 425,20,Convicted
4195,4195,Bengaluru Sessions Court,Justice 58,15,Pending
4196,4196,Kalaburagi District Court,Justice 26,13,Pending
4197,4197,Mysuru District Court,Justice 346,17,Acquitted
4198,4198,Mangaluru District Court,Justice 106,5,Convicted
4199,4199,Mangaluru District Court,Justice 84,1,Acquitted
4200,4200,Mysuru District Court,Justice 472,20,Acquitted
4201,4201,Bengaluru Sessions Court,Justice 438,4,Pending
4202,4202,Kalaburagi District Court,Justice 222,2,Acquitted
4203,4203,Kalaburagi District Court,Justice 404,1,Acquitted
4204,4204,Bengaluru Sessions Court,Justice 164,1,Acquitted
4205,4205,Kalaburagi District Court,Justice 436,8,Acquitted
4206,4206,Hubballi District Court,Justice 472,14,Pending
4207,4207,Hubballi District Court,Justice 105,17,Pending
4208,4208,Belagavi Sessions Court,Justice 416,18,Pending
4209,4209,Mysuru District Court,Justice 262,20,Pending
4210,4210,Belagavi Sessions Court,Justice 318,4,Acquitted
4211,4211,Belagavi Sessions Court,Justice 483,14,Acquitted
4212,4212,Belagavi Sessions Court,Justice 454,9,Acquitted
4213,4213,Bengaluru Sessions Court,Justice 375,2,Acquitted
4214,4214,Kalaburagi District Court,Justice 497,14,Acquitted
4215,4215,Hubballi District Court,Justice 90,9,Acquitted
4216,4216,Mangaluru District Court,Justice 443,8,Acquitted
4217,4217,Hubballi District Court,Justice 81,16,Convicted
4218,4218,Mysuru District Court,Justice 448,12,Pending
4219,4219,Belagavi Sessions Court,Justice 438,20,Pending
4220,4220,Mysuru District Court,Justice 6,11,Acquitted
4221,4221,Mysuru District Court,Justice 452,19,Acquitted
4222,4222,Belagavi Sessions Court,Justice 217,19,Acquitted
4223,4223,Mysuru District Court,Justice 322,14,Acquitted
4224,4224,Mysuru District Court,Justice 493,11,Pending
4225,4225,Kalaburagi District Court,Justice 164,12,Convicted
4226,4226,Mangaluru District Court,Justice 236,12,Convicted
4227,4227,Kalaburagi District Court,Justice 33,13,Convicted
4228,4228,Mangaluru District Court,Justice 401,17,Convicted
4229,4229,Mangaluru District Court,Justice 180,10,Convicted
4230,4230,Mangaluru District Court,Justice 43,15,Pending
4231,4231,Bengaluru Sessions Court,Justice 125,4,Acquitted
4232,4232,Mangaluru District Court,Justice 390,11,Pending
4233,4233,Mangaluru District Court,Justice 109,16,Pending
4234,4234,Kalaburagi District Court,Justice 477,15,Pending
4235,4235,Belagavi Sessions Court,Justice 448,1,Pending
4236,4236,Hubballi District Court,Justice 381,16,Convicted
4237,4237,Mangaluru District Court,Justice 274,15,Acquitted
4238,4238,Mysuru District Court,Justice 57,1,Acquitted
4239,4239,Kalaburagi District Court,Justice 388,1,Acquitted
4240,4240,Kalaburagi District Court,Justice 498,1,Convicted
4241,4241,Mangaluru District Court,Justice 150,3,Convicted
4242,4242,Mysuru District Court,Justice 276,19,Pending
4243,4243,Mysuru District Court,Justice 21,10,Convicted
4244,4244,Mysuru District Court,Justice 439,5,Convicted
4245,4245,Kalaburagi District Court,Justice 23,9,Acquitted
4246,4246,Bengaluru Sessions Court,Justice 239,10,Convicted
4247,4247,Mangaluru District Court,Justice 84,1,Acquitted
4248,4248,Mysuru District Court,Justice 383,15,Convicted
4249,4249,Mysuru District Court,Justice 377,15,Acquitted
4250,4250,Belagavi Sessions Court,Justice 428,5,Pending
4251,4251,Kalaburagi District Court,Justice 245,19,Pending
4252,4252,Kalaburagi District Court,Justice 188,8,Pending
4253,4253,Belagavi Sessions Court,Justice 122,12,Pending
4254,4254,Mysuru District Court,Justice 366,3,Pending
4255,4255,Mysuru District Court,Justice 189,8,Pending
4256,4256,Belagavi Sessions Court,Justice 5,6,Acquitted
4257,4257,Hubballi District Court,Justice 357,4,Convicted
4258,4258,Bengaluru Sessions Court,Justice 4,13,Pending
4259,4259,Hubballi District Court,Justice 83,14,Pending
4260,4260,Belagavi Sessions Court,Justice 2,9,Pending
4261,4261,Mysuru District Court,Justice 80,9,Acquitted
4262,4262,Kalaburagi District Court,Justice 131,16,Convicted
4263,4263,Kalaburagi District Court,Justice 190,4,Convicted
4264,4264,Mangaluru District Court,Justice 240,20,Convicted
4265,4265,Belagavi Sessions Court,Justice 258,8,Convicted
4266,4266,Mangaluru District Court,Justice 193,2,Convicted
4267,4267,Mysuru District Court,Justice 132,20,Pending
4268,4268,Mysuru District Court,Justice 103,1,Acquitted
4269,4269,Belagavi Sessions Court,Justice 203,3,Acquitted
4270,4270,Bengaluru Sessions Court,Justice 307,16,Convicted
4271,4271,Belagavi Sessions Court,Justice 73,10,Convicted
4272,4272,Kalaburagi District Court,Justice 98,8,Acquitted
4273,4273,Belagavi Sessions Court,Justice 150,18,Convicted
4274,4274,Bengaluru Sessions Court,Justice 417,1,Acquitted
4275,4275,Mysuru District Court,Justice 489,19,Acquitted
4276,4276,Mysuru District Court,Justice 154,17,Acquitted
4277,4277,Mangaluru District Court,Justice 19,20,Convicted
4278,4278,Belagavi Sessions Court,Justice 81,14,Convicted
4279,4279,Belagavi Sessions Court,Justice 195,17,Pending
4280,4280,Belagavi Sessions Court,Justice 490,19,Pending
4281,4281,Belagavi Sessions Court,Justice 432,15,Acquitted
4282,4282,Mangaluru District Court,Justice 144,2,Pending
4283,4283,Mangaluru District Court,Justice 437,1,Pending
4284,4284,Mysuru District Court,Justice 1,11,Pending
4285,4285,Mysuru District Court,Justice 269,16,Acquitted
4286,4286,Mysuru District Court,Justice 70,18,Pending
4287,4287,Bengaluru Sessions Court,Justice 157,14,Convicted
4288,4288,Mysuru District Court,Justice 351,4,Acquitted
4289,4289,Kalaburagi District Court,Justice 243,11,Acquitted
4290,4290,Mysuru District Court,Justice 50,11,Convicted
4291,4291,Mysuru District Court,Justice 171,20,Convicted
4292,4292,Mysuru District Court,Justice 142,4,Convicted
4293,4293,Bengaluru Sessions Court,Justice 203,1,Pending
4294,4294,Bengaluru Sessions Court,Justice 87,8,Convicted
4295,4295,Bengaluru Sessions Court,Justice 316,19,Pending
4296,4296,Mysuru District Court,Justice 476,15,Pending
4297,4297,Bengaluru Sessions Court,Justice 35,16,Acquitted
4298,4298,Belagavi Sessions Court,Justice 453,6,Acquitted
4299,4299,Kalaburagi District Court,Justice 309,1,Pending
4300,4300,Hubballi District Court,Justice 428,11,Acquitted
4301,4301,Mangaluru District Court,Justice 138,12,Pending
4302,4302,Bengaluru Sessions Court,Justice 73,20,Acquitted
4303,4303,Mysuru District Court,Justice 465,4,Convicted
4304,4304,Mysuru District Court,Justice 425,16,Acquitted
4305,4305,Belagavi Sessions Court,Justice 221,20,Acquitted
4306,4306,Mysuru District Court,Justice 379,17,Acquitted
4307,4307,Mangaluru District Court,Justice 173,3,Acquitted
4308,4308,Bengaluru Sessions Court,Justice 355,5,Acquitted
4309,4309,Kalaburagi District Court,Justice 164,16,Acquitted
4310,4310,Mangaluru District Court,Justice 360,16,Convicted
4311,4311,Kalaburagi District Court,Justice 225,8,Acquitted
4312,4312,Mysuru District Court,Justice 478,11,Convicted
4313,4313,Belagavi Sessions Court,Justice 48,20,Pending
4314,4314,Hubballi District Court,Justice 389,5,Pending
4315,4315,Belagavi Sessions Court,Justice 344,17,Pending
4316,4316,Hubballi District Court,Justice 497,16,Acquitted
4317,4317,Hubballi District Court,Justice 436,8,Convicted
4318,4318,Mangaluru District Court,Justice 456,9,Acquitted
4319,4319,Mysuru District Court,Justice 426,18,Pending
4320,4320,Mangaluru District Court,Justice 171,17,Convicted
4321,4321,Bengaluru Sessions Court,Justice 111,3,Acquitted
4322,4322,Kalaburagi District Court,Justice 499,19,Pending
4323,4323,Kalaburagi District Court,Justice 357,7,Acquitted
4324,4324,Kalaburagi District Court,Justice 438,15,Pending
4325,4325,Belagavi Sessions Court,Justice 387,5,Acquitted
4326,4326,Belagavi Sessions Court,Justice 368,8,Convicted
4327,4327,Belagavi Sessions Court,Justice 302,2,Acquitted
4328,4328,Mysuru District Court,Justice 11,11,Pending
4329,4329,Kalaburagi District Court,Justice 108,4,Convicted
4330,4330,Belagavi Sessions Court,Justice 386,10,Convicted
4331,4331,Mysuru District Court,Justice 258,12,Acquitted
4332,4332,Mangaluru District Court,Justice 326,11,Acquitted
4333,4333,Belagavi Sessions Court,Justice 359,16,Convicted
4334,4334,Belagavi Sessions Court,Justice 92,20,Acquitted
4335,4335,Mangaluru District Court,Justice 370,2,Convicted
4336,4336,Mangaluru District Court,Justice 476,6,Pending
4337,4337,Belagavi Sessions Court,Justice 237,17,Acquitted
4338,4338,Belagavi Sessions Court,Justice 220,11,Pending
4339,4339,Kalaburagi District Court,Justice 419,1,Convicted
4340,4340,Bengaluru Sessions Court,Justice 122,17,Pending
4341,4341,Kalaburagi District Court,Justice 285,20,Pending
4342,4342,Bengaluru Sessions Court,Justice 42,11,Acquitted
4343,4343,Mysuru District Court,Justice 46,18,Pending
4344,4344,Hubballi District Court,Justice 244,7,Acquitted
4345,4345,Bengaluru Sessions Court,Justice 123,17,Convicted
4346,4346,Bengaluru Sessions Court,Justice 229,1,Convicted
4347,4347,Belagavi Sessions Court,Justice 146,19,Acquitted
4348,4348,Mangaluru District Court,Justice 239,10,Convicted
4349,4349,Kalaburagi District Court,Justice 106,18,Pending
4350,4350,Belagavi Sessions Court,Justice 87,11,Convicted
4351,4351,Bengaluru Sessions Court,Justice 464,8,Acquitted
4352,4352,Belagavi Sessions Court,Justice 361,10,Pending
4353,4353,Bengaluru Sessions Court,Justice 1,12,Convicted
4354,4354,Bengaluru Sessions Court,Justice 453,3,Pending
4355,4355,Bengaluru Sessions Court,Justice 137,13,Convicted
4356,4356,Hubballi District Court,Justice 90,10,Convicted
4357,4357,Bengaluru Sessions Court,Justice 433,1,Pending
4358,4358,Mysuru District Court,Justice 53,3,Convicted
4359,4359,Belagavi Sessions Court,Justice 403,7,Acquitted
4360,4360,Mangaluru District Court,Justice 455,6,Pending
4361,4361,Belagavi Sessions Court,Justice 381,8,Acquitted
4362,4362,Kalaburagi District Court,Justice 492,17,Acquitted
4363,4363,Mangaluru District Court,Justice 146,19,Pending
4364,4364,Belagavi Sessions Court,Justice 302,5,Acquitted
4365,4365,Bengaluru Sessions Court,Justice 354,19,Convicted
4366,4366,Belagavi Sessions Court,Justice 324,9,Convicted
4367,4367,Bengaluru Sessions Court,Justice 408,8,Convicted
4368,4368,Mangaluru District Court,Justice 320,16,Acquitted
4369,4369,Belagavi Sessions Court,Justice 101,9,Pending
4370,4370,Hubballi District Court,Justice 9,8,Convicted
4371,4371,Kalaburagi District Court,Justice 66,11,Acquitted
4372,4372,Mangaluru District Court,Justice 292,2,Convicted
4373,4373,Mangaluru District Court,Justice 373,10,Pending
4374,4374,Hubballi District Court,Justice 26,18,Convicted
4375,4375,Mangaluru District Court,Justice 330,20,Convicted
4376,4376,Hubballi District Court,Justice 352,16,Acquitted
4377,4377,Mysuru District Court,Justice 230,17,Acquitted
4378,4378,Belagavi Sessions Court,Justice 465,16,Acquitted
4379,4379,Belagavi Sessions Court,Justice 357,3,Pending
4380,4380,Mangaluru District Court,Justice 7,10,Pending
4381,4381,Kalaburagi District Court,Justice 492,1,Convicted
4382,4382,Bengaluru Sessions Court,Justice 494,10,Pending
4383,4383,Kalaburagi District Court,Justice 121,7,Acquitted
4384,4384,Mangaluru District Court,Justice 118,1,Acquitted
4385,4385,Kalaburagi District Court,Justice 283,1,Convicted
4386,4386,Mangaluru District Court,Justice 437,13,Pending
4387,4387,Hubballi District Court,Justice 304,18,Convicted
4388,4388,Belagavi Sessions Court,Justice 430,1,Pending
4389,4389,Belagavi Sessions Court,Justice 139,12,Acquitted
4390,4390,Mysuru District Court,Justice 441,9,Pending
4391,4391,Hubballi District Court,Justice 180,14,Pending
4392,4392,Kalaburagi District Court,Justice 143,4,Pending
4393,4393,Bengaluru Sessions Court,Justice 396,19,Acquitted
4394,4394,Hubballi District Court,Justice 249,13,Pending
4395,4395,Bengaluru Sessions Court,Justice 268,10,Convicted
4396,4396,Kalaburagi District Court,Justice 319,12,Convicted
4397,4397,Kalaburagi District Court,Justice 188,10,Pending
4398,4398,Kalaburagi District Court,Justice 411,20,Convicted
4399,4399,Bengaluru Sessions Court,Justice 254,12,Pending
4400,4400,Hubballi District Court,Justice 478,20,Acquitted
4401,4401,Bengaluru Sessions Court,Justice 98,9,Acquitted
4402,4402,Kalaburagi District Court,Justice 378,19,Convicted
4403,4403,Kalaburagi District Court,Justice 333,6,Acquitted
4404,4404,Hubballi District Court,Justice 442,10,Acquitted
4405,4405,Hubballi District Court,Justice 248,20,Acquitted
4406,4406,Bengaluru Sessions Court,Justice 377,19,Pending
4407,4407,Bengaluru Sessions Court,Justice 35,2,Pending
4408,4408,Kalaburagi District Court,Justice 302,6,Acquitted
4409,4409,Mysuru District Court,Justice 342,18,Acquitted
4410,4410,Kalaburagi District Court,Justice 117,4,Acquitted
4411,4411,Kalaburagi District Court,Justice 424,3,Acquitted
4412,4412,Kalaburagi District Court,Justice 126,5,Pending
4413,4413,Hubballi District Court,Justice 1,7,Convicted
4414,4414,Mysuru District Court,Justice 342,19,Pending
4415,4415,Mangaluru District Court,Justice 107,14,Acquitted
4416,4416,Mangaluru District Court,Justice 438,18,Convicted
4417,4417,Mangaluru District Court,Justice 459,5,Convicted
4418,4418,Mangaluru District Court,Justice 115,20,Convicted
4419,4419,Mangaluru District Court,Justice 398,13,Acquitted
4420,4420,Kalaburagi District Court,Justice 205,13,Pending
4421,4421,Mysuru District Court,Justice 244,1,Pending
4422,4422,Mysuru District Court,Justice 312,13,Acquitted
4423,4423,Bengaluru Sessions Court,Justice 244,13,Acquitted
4424,4424,Mysuru District Court,Justice 296,9,Acquitted
4425,4425,Bengaluru Sessions Court,Justice 215,14,Convicted
4426,4426,Mangaluru District Court,Justice 185,8,Acquitted
4427,4427,Mysuru District Court,Justice 325,18,Acquitted
4428,4428,Kalaburagi District Court,Justice 314,4,Acquitted
4429,4429,Belagavi Sessions Court,Justice 412,11,Pending
4430,4430,Kalaburagi District Court,Justice 169,1,Acquitted
4431,4431,Belagavi Sessions Court,Justice 440,17,Pending
4432,4432,Mangaluru District Court,Justice 42,11,Acquitted
4433,4433,Hubballi District Court,Justice 88,3,Acquitted
4434,4434,Hubballi District Court,Justice 241,7,Convicted
4435,4435,Bengaluru Sessions Court,Justice 273,14,Convicted
4436,4436,Mangaluru District Court,Justice 376,11,Convicted
4437,4437,Hubballi District Court,Justice 427,10,Acquitted
4438,4438,Mangaluru District Court,Justice 281,20,Acquitted
4439,4439,Bengaluru Sessions Court,Justice 194,5,Pending
4440,4440,Hubballi District Court,Justice 125,15,Acquitted
4441,4441,Mangaluru District Court,Justice 460,18,Acquitted
4442,4442,Belagavi Sessions Court,Justice 464,13,Pending
4443,4443,Bengaluru Sessions Court,Justice 10,6,Convicted
4444,4444,Hubballi District Court,Justice 343,17,Convicted
4445,4445,Mysuru District Court,Justice 231,17,Convicted
4446,4446,Hubballi District Court,Justice 200,12,Pending
4447,4447,Mysuru District Court,Justice 479,8,Pending
4448,4448,Kalaburagi District Court,Justice 369,7,Pending
4449,4449,Hubballi District Court,Justice 173,9,Pending
4450,4450,Belagavi Sessions Court,Justice 474,16,Pending
4451,4451,Bengaluru Sessions Court,Justice 140,15,Convicted
4452,4452,Kalaburagi District Court,Justice 401,14,Acquitted
4453,4453,Kalaburagi District Court,Justice 65,20,Pending
4454,4454,Mysuru District Court,Justice 33,6,Acquitted
4455,4455,Belagavi Sessions Court,Justice 426,1,Convicted
4456,4456,Belagavi Sessions Court,Justice 187,1,Pending
4457,4457,Belagavi Sessions Court,Justice 126,17,Acquitted
4458,4458,Hubballi District Court,Justice 315,6,Acquitted
4459,4459,Belagavi Sessions Court,Justice 81,4,Pending
4460,4460,Mangaluru District Court,Justice 8,7,Convicted
4461,4461,Mangaluru District Court,Justice 47,20,Convicted
4462,4462,Hubballi District Court,Justice 222,20,Convicted
4463,4463,Bengaluru Sessions Court,Justice 129,6,Convicted
4464,4464,Hubballi District Court,Justice 291,19,Acquitted
4465,4465,Mysuru District Court,Justice 274,10,Acquitted
4466,4466,Mangaluru District Court,Justice 254,7,Convicted
4467,4467,Mangaluru District Court,Justice 359,20,Convicted
4468,4468,Bengaluru Sessions Court,Justice 402,8,Pending
4469,4469,Belagavi Sessions Court,Justice 151,9,Convicted
4470,4470,Kalaburagi District Court,Justice 375,11,Pending
4471,4471,Hubballi District Court,Justice 460,19,Acquitted
4472,4472,Hubballi District Court,Justice 454,10,Pending
4473,4473,Bengaluru Sessions Court,Justice 94,14,Acquitted
4474,4474,Kalaburagi District Court,Justice 234,10,Pending
4475,4475,Hubballi District Court,Justice 58,14,Convicted
4476,4476,Mangaluru District Court,Justice 151,17,Pending
4477,4477,Mangaluru District Court,Justice 247,13,Acquitted
4478,4478,Hubballi District Court,Justice 163,17,Convicted
4479,4479,Mangaluru District Court,Justice 336,15,Convicted
4480,4480,Bengaluru Sessions Court,Justice 276,19,Acquitted
4481,4481,Mangaluru District Court,Justice 345,13,Acquitted
4482,4482,Mangaluru District Court,Justice 106,17,Pending
4483,4483,Mysuru District Court,Justice 57,5,Pending
4484,4484,Hubballi District Court,Justice 35,16,Convicted
4485,4485,Bengaluru Sessions Court,Justice 280,2,Convicted
4486,4486,Kalaburagi District Court,Justice 248,10,Pending
4487,4487,Belagavi Sessions Court,Justice 351,13,Convicted
4488,4488,Mangaluru District Court,Justice 488,18,Acquitted
4489,4489,Kalaburagi District Court,Justice 455,18,Acquitted
4490,4490,Mysuru District Court,Justice 372,7,Acquitted
4491,4491,Belagavi Sessions Court,Justice 336,12,Pending
4492,4492,Belagavi Sessions Court,Justice 28,19,Convicted
4493,4493,Kalaburagi District Court,Justice 44,12,Acquitted
4494,4494,Mysuru District Court,Justice 349,20,Pending
4495,4495,Mangaluru District Court,Justice 296,4,Convicted
4496,4496,Belagavi Sessions Court,Justice 206,14,Convicted
4497,4497,Mangaluru District Court,Justice 185,11,Acquitted
4498,4498,Kalaburagi District Court,Justice 356,12,Pending
4499,4499,Mangaluru District Court,Justice 411,16,Convicted
4500,4500,Mysuru District Court,Justice 151,14,Acquitted
4501,4501,Bengaluru Sessions Court,Justice 38,17,Pending
4502,4502,Mysuru District Court,Justice 474,20,Acquitted
4503,4503,Mangaluru District Court,Justice 342,4,Convicted
4504,4504,Hubballi District Court,Justice 255,7,Convicted
4505,4505,Hubballi District Court,Justice 490,2,Acquitted
4506,4506,Mysuru District Court,Justice 356,14,Acquitted
4507,4507,Belagavi Sessions Court,Justice 348,13,Pending
4508,4508,Mangaluru District Court,Justice 161,18,Pending
4509,4509,Mangaluru District Court,Justice 108,13,Acquitted
4510,4510,Mysuru District Court,Justice 41,4,Pending
4511,4511,Kalaburagi District Court,Justice 37,1,Convicted
4512,4512,Mangaluru District Court,Justice 299,10,Convicted
4513,4513,Kalaburagi District Court,Justice 111,3,Convicted
4514,4514,Hubballi District Court,Justice 151,7,Pending
4515,4515,Mysuru District Court,Justice 73,9,Convicted
4516,4516,Mangaluru District Court,Justice 216,14,Acquitted
4517,4517,Mangaluru District Court,Justice 400,3,Acquitted
4518,4518,Hubballi District Court,Justice 326,14,Pending
4519,4519,Kalaburagi District Court,Justice 250,5,Convicted
4520,4520,Mysuru District Court,Justice 312,5,Acquitted
4521,4521,Mysuru District Court,Justice 247,11,Acquitted
4522,4522,Bengaluru Sessions Court,Justice 282,17,Acquitted
4523,4523,Bengaluru Sessions Court,Justice 379,7,Convicted
4524,4524,Hubballi District Court,Justice 422,10,Convicted
4525,4525,Bengaluru Sessions Court,Justice 128,6,Pending
4526,4526,Bengaluru Sessions Court,Justice 139,16,Acquitted
4527,4527,Kalaburagi District Court,Justice 425,16,Pending
4528,4528,Mysuru District Court,Justice 498,12,Acquitted
4529,4529,Belagavi Sessions Court,Justice 301,4,Pending
4530,4530,Bengaluru Sessions Court,Justice 105,11,Convicted
4531,4531,Mangaluru District Court,Justice 134,9,Convicted
4532,4532,Kalaburagi District Court,Justice 491,10,Convicted
4533,4533,Mangaluru District Court,Justice 60,16,Acquitted
4534,4534,Mysuru District Court,Justice 236,15,Pending
4535,4535,Hubballi District Court,Justice 384,6,Pending
4536,4536,Mysuru District Court,Justice 148,1,Acquitted
4537,4537,Kalaburagi District Court,Justice 27,2,Acquitted
4538,4538,Hubballi District Court,Justice 230,3,Convicted
4539,4539,Bengaluru Sessions Court,Justice 453,15,Convicted
4540,4540,Mangaluru District Court,Justice 452,14,Acquitted
4541,4541,Kalaburagi District Court,Justice 296,15,Convicted
4542,4542,Bengaluru Sessions Court,Justice 180,11,Convicted
4543,4543,Mangaluru District Court,Justice 346,6,Convicted
4544,4544,Hubballi District Court,Justice 469,9,Pending
4545,4545,Belagavi Sessions Court,Justice 277,18,Convicted
4546,4546,Bengaluru Sessions Court,Justice 489,19,Acquitted
4547,4547,Bengaluru Sessions Court,Justice 340,2,Pending
4548,4548,Belagavi Sessions Court,Justice 178,4,Acquitted
4549,4549,Hubballi District Court,Justice 295,18,Pending
4550,4550,Mysuru District Court,Justice 102,3,Pending
4551,4551,Hubballi District Court,Justice 431,9,Convicted
4552,4552,Bengaluru Sessions Court,Justice 264,17,Pending
4553,4553,Belagavi Sessions Court,Justice 422,1,Pending
4554,4554,Mysuru District Court,Justice 262,2,Convicted
4555,4555,Kalaburagi District Court,Justice 421,9,Acquitted
4556,4556,Mysuru District Court,Justice 55,7,Convicted
4557,4557,Belagavi Sessions Court,Justice 292,3,Acquitted
4558,4558,Belagavi Sessions Court,Justice 483,11,Acquitted
4559,4559,Bengaluru Sessions Court,Justice 37,13,Convicted
4560,4560,Mangaluru District Court,Justice 262,17,Acquitted
4561,4561,Hubballi District Court,Justice 42,16,Acquitted
4562,4562,Bengaluru Sessions Court,Justice 204,11,Acquitted
4563,4563,Belagavi Sessions Court,Justice 359,13,Convicted
4564,4564,Kalaburagi District Court,Justice 20,9,Convicted
4565,4565,Hubballi District Court,Justice 235,3,Convicted
4566,4566,Mangaluru District Court,Justice 56,19,Convicted
4567,4567,Mangaluru District Court,Justice 17,3,Convicted
4568,4568,Belagavi Sessions Court,Justice 447,3,Convicted
4569,4569,Mangaluru District Court,Justice 63,19,Acquitted
4570,4570,Bengaluru Sessions Court,Justice 381,2,Convicted
4571,4571,Hubballi District Court,Justice 184,16,Convicted
4572,4572,Mangaluru District Court,Justice 460,8,Acquitted
4573,4573,Belagavi Sessions Court,Justice 487,17,Pending
4574,4574,Hubballi District Court,Justice 188,8,Pending
4575,4575,Bengaluru Sessions Court,Justice 120,16,Pending
4576,4576,Kalaburagi District Court,Justice 284,4,Convicted
4577,4577,Mysuru District Court,Justice 60,4,Convicted
4578,4578,Belagavi Sessions Court,Justice 21,12,Acquitted
4579,4579,Belagavi Sessions Court,Justice 418,6,Pending
4580,4580,Mysuru District Court,Justice 53,12,Convicted
4581,4581,Mysuru District Court,Justice 1,17,Convicted
4582,4582,Mangaluru District Court,Justice 179,19,Acquitted
4583,4583,Belagavi Sessions Court,Justice 367,2,Convicted
4584,4584,Hubballi District Court,Justice 26,14,Pending
4585,4585,Hubballi District Court,Justice 119,3,Acquitted
4586,4586,Belagavi Sessions Court,Justice 466,16,Convicted
4587,4587,Belagavi Sessions Court,Justice 151,2,Acquitted
4588,4588,Kalaburagi District Court,Justice 234,6,Acquitted
4589,4589,Bengaluru Sessions Court,Justice 47,2,Pending
4590,4590,Kalaburagi District Court,Justice 438,9,Acquitted
4591,4591,Hubballi District Court,Justice 298,19,Convicted
4592,4592,Belagavi Sessions Court,Justice 191,7,Convicted
4593,4593,Mysuru District Court,Justice 437,1,Convicted
4594,4594,Hubballi District Court,Justice 81,4,Pending
4595,4595,Bengaluru Sessions Court,Justice 496,18,Convicted
4596,4596,Hubballi District Court,Justice 326,9,Acquitted
4597,4597,Bengaluru Sessions Court,Justice 266,20,Acquitted
4598,4598,Kalaburagi District Court,Justice 3,20,Acquitted
4599,4599,Bengaluru Sessions Court,Justice 418,3,Pending
4600,4600,Mysuru District Court,Justice 455,1,Convicted
4601,4601,Hubballi District Court,Justice 268,14,Pending
4602,4602,Mangaluru District Court,Justice 359,13,Pending
4603,4603,Mysuru District Court,Justice 434,13,Pending
4604,4604,Hubballi District Court,Justice 418,18,Acquitted
4605,4605,Bengaluru Sessions Court,Justice 112,11,Pending
4606,4606,Hubballi District Court,Justice 417,15,Convicted
4607,4607,Belagavi Sessions Court,Justice 41,10,Convicted
4608,4608,Mangaluru District Court,Justice 146,18,Acquitted
4609,4609,Hubballi District Court,Justice 258,8,Convicted
4610,4610,Belagavi Sessions Court,Justice 90,12,Convicted
4611,4611,Belagavi Sessions Court,Justice 269,8,Acquitted
4612,4612,Mangaluru District Court,Justice 14,1,Pending
4613,4613,Hubballi District Court,Justice 294,15,Acquitted
4614,4614,Belagavi Sessions Court,Justice 427,2,Pending
4615,4615,Bengaluru Sessions Court,Justice 340,9,Convicted
4616,4616,Mangaluru District Court,Justice 285,15,Convicted
4617,4617,Mysuru District Court,Justice 323,1,Pending
4618,4618,Hubballi District Court,Justice 463,14,Acquitted
4619,4619,Mysuru District Court,Justice 141,7,Acquitted
4620,4620,Hubballi District Court,Justice 478,6,Pending
4621,4621,Kalaburagi District Court,Justice 183,10,Convicted
4622,4622,Hubballi District Court,Justice 53,15,Convicted
4623,4623,Mysuru District Court,Justice 493,16,Pending
4624,4624,Belagavi Sessions Court,Justice 343,14,Convicted
4625,4625,Bengaluru Sessions Court,Justice 85,12,Pending
4626,4626,Mysuru District Court,Justice 14,19,Acquitted
4627,4627,Belagavi Sessions Court,Justice 274,6,Pending
4628,4628,Mangaluru District Court,Justice 403,10,Convicted
4629,4629,Mysuru District Court,Justice 442,7,Convicted
4630,4630,Hubballi District Court,Justice 397,19,Pending
4631,4631,Belagavi Sessions Court,Justice 186,15,Pending
4632,4632,Bengaluru Sessions Court,Justice 204,1,Acquitted
4633,4633,Kalaburagi District Court,Justice 397,9,Convicted
4634,4634,Mysuru District Court,Justice 371,4,Convicted
4635,4635,Mangaluru District Court,Justice 385,14,Acquitted
4636,4636,Hubballi District Court,Justice 38,13,Acquitted
4637,4637,Mysuru District Court,Justice 221,18,Convicted
4638,4638,Hubballi District Court,Justice 412,7,Acquitted
4639,4639,Mysuru District Court,Justice 274,9,Convicted
4640,4640,Bengaluru Sessions Court,Justice 407,20,Pending
4641,4641,Mysuru District Court,Justice 272,20,Acquitted
4642,4642,Bengaluru Sessions Court,Justice 30,17,Pending
4643,4643,Belagavi Sessions Court,Justice 162,10,Acquitted
4644,4644,Bengaluru Sessions Court,Justice 493,2,Convicted
4645,4645,Mysuru District Court,Justice 65,1,Acquitted
4646,4646,Hubballi District Court,Justice 336,12,Pending
4647,4647,Kalaburagi District Court,Justice 7,18,Convicted
4648,4648,Belagavi Sessions Court,Justice 402,8,Convicted
4649,4649,Kalaburagi District Court,Justice 383,9,Convicted
4650,4650,Hubballi District Court,Justice 159,14,Convicted
4651,4651,Mysuru District Court,Justice 292,2,Convicted
4652,4652,Mysuru District Court,Justice 434,15,Pending
4653,4653,Mysuru District Court,Justice 433,11,Pending
4654,4654,Mysuru District Court,Justice 441,5,Pending
4655,4655,Hubballi District Court,Justice 11,15,Pending
4656,4656,Bengaluru Sessions Court,Justice 328,18,Convicted
4657,4657,Hubballi District Court,Justice 475,9,Acquitted
4658,4658,Belagavi Sessions Court,Justice 366,11,Convicted
4659,4659,Kalaburagi District Court,Justice 31,15,Convicted
4660,4660,Mysuru District Court,Justice 19,1,Acquitted
4661,4661,Bengaluru Sessions Court,Justice 258,1,Convicted
4662,4662,Belagavi Sessions Court,Justice 500,20,Acquitted
4663,4663,Belagavi Sessions Court,Justice 183,7,Acquitted
4664,4664,Belagavi Sessions Court,Justice 89,1,Pending
4665,4665,Hubballi District Court,Justice 477,18,Acquitted
4666,4666,Mangaluru District Court,Justice 168,15,Convicted
4667,4667,Mangaluru District Court,Justice 328,10,Convicted
4668,4668,Bengaluru Sessions Court,Justice 317,9,Pending
4669,4669,Kalaburagi District Court,Justice 305,2,Acquitted
4670,4670,Kalaburagi District Court,Justice 39,1,Convicted
4671,4671,Kalaburagi District Court,Justice 379,15,Acquitted
4672,4672,Kalaburagi District Court,Justice 363,1,Convicted
4673,4673,Mysuru District Court,Justice 271,6,Pending
4674,4674,Kalaburagi District Court,Justice 84,8,Pending
4675,4675,Mangaluru District Court,Justice 89,18,Acquitted
4676,4676,Belagavi Sessions Court,Justice 490,4,Pending
4677,4677,Kalaburagi District Court,Justice 421,4,Convicted
4678,4678,Kalaburagi District Court,Justice 234,4,Pending
4679,4679,Belagavi Sessions Court,Justice 36,6,Convicted
4680,4680,Mangaluru District Court,Justice 382,17,Pending
4681,4681,Bengaluru Sessions Court,Justice 378,17,Acquitted
4682,4682,Kalaburagi District Court,Justice 486,7,Acquitted
4683,4683,Belagavi Sessions Court,Justice 151,7,Pending
4684,4684,Hubballi District Court,Justice 250,7,Pending
4685,4685,Kalaburagi District Court,Justice 208,12,Convicted
4686,4686,Mangaluru District Court,Justice 284,16,Pending
4687,4687,Bengaluru Sessions Court,Justice 242,20,Pending
4688,4688,Mangaluru District Court,Justice 286,11,Pending
4689,4689,Mysuru District Court,Justice 366,10,Pending
4690,4690,Mangaluru District Court,Justice 462,11,Pending
4691,4691,Mysuru District Court,Justice 380,15,Acquitted
4692,4692,Belagavi Sessions Court,Justice 257,11,Convicted
4693,4693,Kalaburagi District Court,Justice 235,19,Convicted
4694,4694,Hubballi District Court,Justice 324,5,Convicted
4695,4695,Bengaluru Sessions Court,Justice 374,13,Pending
4696,4696,Mangaluru District Court,Justice 248,1,Acquitted
4697,4697,Kalaburagi District Court,Justice 334,19,Acquitted
4698,4698,Mysuru District Court,Justice 432,8,Convicted
4699,4699,Bengaluru Sessions Court,Justice 145,20,Acquitted
4700,4700,Belagavi Sessions Court,Justice 357,20,Acquitted
4701,4701,Bengaluru Sessions Court,Justice 416,13,Pending
4702,4702,Mysuru District Court,Justice 38,15,Convicted
4703,4703,Hubballi District Court,Justice 31,13,Pending
4704,4704,Belagavi Sessions Court,Justice 373,15,Convicted
4705,4705,Kalaburagi District Court,Justice 58,3,Convicted
4706,4706,Mysuru District Court,Justice 37,17,Convicted
4707,4707,Mysuru District Court,Justice 108,14,Acquitted
4708,4708,Hubballi District Court,Justice 88,1,Convicted
4709,4709,Bengaluru Sessions Court,Justice 392,5,Convicted
4710,4710,Bengaluru Sessions Court,Justice 164,10,Convicted
4711,4711,Belagavi Sessions Court,Justice 400,18,Pending
4712,4712,Kalaburagi District Court,Justice 240,14,Acquitted
4713,4713,Mangaluru District Court,Justice 352,10,Convicted
4714,4714,Bengaluru Sessions Court,Justice 167,19,Convicted
4715,4715,Kalaburagi District Court,Justice 157,7,Pending
4716,4716,Mysuru District Court,Justice 210,2,Pending
4717,4717,Belagavi Sessions Court,Justice 194,2,Convicted
4718,4718,Bengaluru Sessions Court,Justice 44,4,Convicted
4719,4719,Kalaburagi District Court,Justice 29,9,Convicted
4720,4720,Hubballi District Court,Justice 226,4,Acquitted
4721,4721,Belagavi Sessions Court,Justice 481,16,Convicted
4722,4722,Hubballi District Court,Justice 472,5,Convicted
4723,4723,Kalaburagi District Court,Justice 469,2,Pending
4724,4724,Hubballi District Court,Justice 480,7,Acquitted
4725,4725,Bengaluru Sessions Court,Justice 377,5,Acquitted
4726,4726,Hubballi District Court,Justice 233,5,Pending
4727,4727,Hubballi District Court,Justice 193,4,Pending
4728,4728,Mangaluru District Court,Justice 25,17,Convicted
4729,4729,Kalaburagi District Court,Justice 309,15,Pending
4730,4730,Bengaluru Sessions Court,Justice 384,2,Acquitted
4731,4731,Hubballi District Court,Justice 299,18,Acquitted
4732,4732,Bengaluru Sessions Court,Justice 386,2,Acquitted
4733,4733,Belagavi Sessions Court,Justice 358,1,Convicted
4734,4734,Kalaburagi District Court,Justice 181,20,Pending
4735,4735,Mangaluru District Court,Justice 206,16,Pending
4736,4736,Belagavi Sessions Court,Justice 428,15,Acquitted
4737,4737,Belagavi Sessions Court,Justice 442,13,Acquitted
4738,4738,Hubballi District Court,Justice 19,18,Convicted
4739,4739,Bengaluru Sessions Court,Justice 282,14,Pending
4740,4740,Kalaburagi District Court,Justice 364,20,Convicted
4741,4741,Bengaluru Sessions Court,Justice 78,15,Acquitted
4742,4742,Kalaburagi District Court,Justice 147,8,Convicted
4743,4743,Mysuru District Court,Justice 59,8,Acquitted
4744,4744,Belagavi Sessions Court,Justice 28,13,Acquitted
4745,4745,Mysuru District Court,Justice 459,2,Pending
4746,4746,Belagavi Sessions Court,Justice 75,4,Acquitted
4747,4747,Mangaluru District Court,Justice 210,3,Acquitted
4748,4748,Bengaluru Sessions Court,Justice 194,11,Convicted
4749,4749,Mangaluru District Court,Justice 333,11,Pending
4750,4750,Mangaluru District Court,Justice 333,1,Convicted
4751,4751,Kalaburagi District Court,Justice 486,2,Acquitted
4752,4752,Kalaburagi District Court,Justice 200,20,Convicted
4753,4753,Hubballi District Court,Justice 418,20,Pending
4754,4754,Bengaluru Sessions Court,Justice 1,14,Pending
4755,4755,Belagavi Sessions Court,Justice 230,10,Convicted
4756,4756,Belagavi Sessions Court,Justice 458,16,Convicted
4757,4757,Mangaluru District Court,Justice 149,7,Convicted
4758,4758,Mangaluru District Court,Justice 168,4,Acquitted
4759,4759,Mangaluru District Court,Justice 254,15,Pending
4760,4760,Belagavi Sessions Court,Justice 274,8,Acquitted
4761,4761,Belagavi Sessions Court,Justice 131,12,Convicted
4762,4762,Mysuru District Court,Justice 396,16,Pending
4763,4763,Mangaluru District Court,Justice 234,2,Pending
4764,4764,Mangaluru District Court,Justice 33,5,Pending
4765,4765,Belagavi Sessions Court,Justice 239,10,Acquitted
4766,4766,Hubballi District Court,Justice 498,1,Acquitted
4767,4767,Hubballi District Court,Justice 396,17,Convicted
4768,4768,Mangaluru District Court,Justice 344,5,Acquitted
4769,4769,Mysuru District Court,Justice 168,20,Pending
4770,4770,Mysuru District Court,Justice 289,1,Pending
4771,4771,Mangaluru District Court,Justice 274,19,Acquitted
4772,4772,Belagavi Sessions Court,Justice 45,11,Pending
4773,4773,Mysuru District Court,Justice 294,20,Pending
4774,4774,Kalaburagi District Court,Justice 465,1,Convicted
4775,4775,Bengaluru Sessions Court,Justice 53,5,Acquitted
4776,4776,Mangaluru District Court,Justice 199,3,Pending
4777,4777,Hubballi District Court,Justice 143,2,Acquitted
4778,4778,Kalaburagi District Court,Justice 61,9,Convicted
4779,4779,Kalaburagi District Court,Justice 336,19,Convicted
4780,4780,Mysuru District Court,Justice 222,3,Convicted
4781,4781,Mangaluru District Court,Justice 391,8,Convicted
4782,4782,Belagavi Sessions Court,Justice 409,18,Acquitted
4783,4783,Belagavi Sessions Court,Justice 211,4,Acquitted
4784,4784,Kalaburagi District Court,Justice 168,2,Convicted
4785,4785,Belagavi Sessions Court,Justice 236,7,Convicted
4786,4786,Belagavi Sessions Court,Justice 21,4,Convicted
4787,4787,Mysuru District Court,Justice 298,1,Pending
4788,4788,Kalaburagi District Court,Justice 438,15,Pending
4789,4789,Bengaluru Sessions Court,Justice 144,10,Pending
4790,4790,Mysuru District Court,Justice 216,1,Pending
4791,4791,Mangaluru District Court,Justice 500,1,Pending
4792,4792,Mangaluru District Court,Justice 413,19,Acquitted
4793,4793,Mangaluru District Court,Justice 81,10,Pending
4794,4794,Mangaluru District Court,Justice 385,14,Acquitted
4795,4795,Mangaluru District Court,Justice 60,6,Pending
4796,4796,Kalaburagi District Court,Justice 25,4,Pending
4797,4797,Mysuru District Court,Justice 403,2,Acquitted
4798,4798,Hubballi District Court,Justice 136,12,Convicted
4799,4799,Hubballi District Court,Justice 421,9,Pending
4800,4800,Mangaluru District Court,Justice 204,3,Convicted
4801,4801,Hubballi District Court,Justice 345,17,Acquitted
4802,4802,Mangaluru District Court,Justice 392,19,Acquitted
4803,4803,Bengaluru Sessions Court,Justice 293,8,Acquitted
4804,4804,Kalaburagi District Court,Justice 377,17,Acquitted
4805,4805,Bengaluru Sessions Court,Justice 317,10,Acquitted
4806,4806,Mangaluru District Court,Justice 218,5,Acquitted
4807,4807,Mangaluru District Court,Justice 194,3,Acquitted
4808,4808,Kalaburagi District Court,Justice 475,2,Convicted
4809,4809,Kalaburagi District Court,Justice 458,16,Pending
4810,4810,Belagavi Sessions Court,Justice 98,14,Pending
4811,4811,Kalaburagi District Court,Justice 69,13,Pending
4812,4812,Hubballi District Court,Justice 474,8,Pending
4813,4813,Mangaluru District Court,Justice 15,15,Acquitted
4814,4814,Bengaluru Sessions Court,Justice 339,20,Convicted
4815,4815,Hubballi District Court,Justice 75,11,Acquitted
4816,4816,Belagavi Sessions Court,Justice 377,11,Pending
4817,4817,Bengaluru Sessions Court,Justice 347,15,Acquitted
4818,4818,Hubballi District Court,Justice 189,18,Acquitted
4819,4819,Belagavi Sessions Court,Justice 210,7,Convicted
4820,4820,Bengaluru Sessions Court,Justice 378,14,Convicted
4821,4821,Bengaluru Sessions Court,Justice 323,14,Convicted
4822,4822,Bengaluru Sessions Court,Justice 205,6,Acquitted
4823,4823,Bengaluru Sessions Court,Justice 177,20,Convicted
4824,4824,Belagavi Sessions Court,Justice 312,6,Pending
4825,4825,Mysuru District Court,Justice 437,15,Pending
4826,4826,Mangaluru District Court,Justice 305,14,Convicted
4827,4827,Kalaburagi District Court,Justice 81,1,Acquitted
4828,4828,Bengaluru Sessions Court,Justice 31,20,Acquitted
4829,4829,Hubballi District Court,Justice 135,10,Pending
4830,4830,Bengaluru Sessions Court,Justice 103,20,Pending
4831,4831,Bengaluru Sessions Court,Justice 143,15,Pending
4832,4832,Mysuru District Court,Justice 469,18,Convicted
4833,4833,Mysuru District Court,Justice 362,8,Pending
4834,4834,Kalaburagi District Court,Justice 201,14,Pending
4835,4835,Mangaluru District Court,Justice 444,7,Pending
4836,4836,Mangaluru District Court,Justice 392,10,Pending
4837,4837,Mangaluru District Court,Justice 303,5,Acquitted
4838,4838,Mangaluru District Court,Justice 351,14,Acquitted
4839,4839,Belagavi Sessions Court,Justice 365,9,Acquitted
4840,4840,Mangaluru District Court,Justice 24,14,Pending
4841,4841,Belagavi Sessions Court,Justice 347,1,Pending
4842,4842,Belagavi Sessions Court,Justice 234,14,Convicted
4843,4843,Mangaluru District Court,Justice 449,16,Pending
4844,4844,Belagavi Sessions Court,Justice 377,16,Acquitted
4845,4845,Bengaluru Sessions Court,Justice 283,14,Convicted
4846,4846,Hubballi District Court,Justice 332,10,Acquitted
4847,4847,Mysuru District Court,Justice 222,15,Pending
4848,4848,Mangaluru District Court,Justice 447,2,Convicted
4849,4849,Kalaburagi District Court,Justice 268,8,Pending
4850,4850,Bengaluru Sessions Court,Justice 131,10,Acquitted
4851,4851,Mysuru District Court,Justice 34,10,Pending
4852,4852,Belagavi Sessions Court,Justice 28,8,Convicted
4853,4853,Kalaburagi District Court,Justice 327,12,Pending
4854,4854,Kalaburagi District Court,Justice 86,8,Acquitted
4855,4855,Kalaburagi District Court,Justice 470,13,Acquitted
4856,4856,Bengaluru Sessions Court,Justice 433,4,Convicted
4857,4857,Hubballi District Court,Justice 12,19,Pending
4858,4858,Belagavi Sessions Court,Justice 382,14,Acquitted
4859,4859,Belagavi Sessions Court,Justice 185,13,Convicted
4860,4860,Bengaluru Sessions Court,Justice 413,8,Acquitted
4861,4861,Bengaluru Sessions Court,Justice 306,7,Convicted
4862,4862,Mysuru District Court,Justice 55,9,Pending
4863,4863,Bengaluru Sessions Court,Justice 430,1,Convicted
4864,4864,Mysuru District Court,Justice 294,15,Convicted
4865,4865,Kalaburagi District Court,Justice 204,16,Convicted
4866,4866,Mysuru District Court,Justice 343,9,Acquitted
4867,4867,Hubballi District Court,Justice 167,19,Pending
4868,4868,Mysuru District Court,Justice 482,18,Pending
4869,4869,Belagavi Sessions Court,Justice 9,15,Pending
4870,4870,Kalaburagi District Court,Justice 170,19,Pending
4871,4871,Bengaluru Sessions Court,Justice 269,10,Convicted
4872,4872,Kalaburagi District Court,Justice 182,4,Acquitted
4873,4873,Mangaluru District Court,Justice 66,20,Convicted
4874,4874,Kalaburagi District Court,Justice 249,8,Convicted
4875,4875,Kalaburagi District Court,Justice 84,6,Convicted
4876,4876,Belagavi Sessions Court,Justice 67,9,Convicted
4877,4877,Kalaburagi District Court,Justice 446,9,Convicted
4878,4878,Belagavi Sessions Court,Justice 455,8,Convicted
4879,4879,Kalaburagi District Court,Justice 11,4,Convicted
4880,4880,Mangaluru District Court,Justice 194,9,Pending
4881,4881,Mangaluru District Court,Justice 316,6,Acquitted
4882,4882,Mangaluru District Court,Justice 439,8,Acquitted
4883,4883,Mangaluru District Court,Justice 73,15,Acquitted
4884,4884,Kalaburagi District Court,Justice 18,18,Pending
4885,4885,Mysuru District Court,Justice 341,12,Acquitted
4886,4886,Kalaburagi District Court,Justice 313,7,Convicted
4887,4887,Hubballi District Court,Justice 141,6,Acquitted
4888,4888,Mysuru District Court,Justice 118,11,Pending
4889,4889,Belagavi Sessions Court,Justice 118,2,Pending
4890,4890,Hubballi District Court,Justice 480,16,Acquitted
4891,4891,Mysuru District Court,Justice 152,2,Acquitted
4892,4892,Kalaburagi District Court,Justice 491,5,Acquitted
4893,4893,Hubballi District Court,Justice 119,20,Acquitted
4894,4894,Belagavi Sessions Court,Justice 303,11,Acquitted
4895,4895,Bengaluru Sessions Court,Justice 197,4,Pending
4896,4896,Hubballi District Court,Justice 202,12,Convicted
4897,4897,Mangaluru District Court,Justice 453,2,Convicted
4898,4898,Belagavi Sessions Court,Justice 177,1,Pending
4899,4899,Mysuru District Court,Justice 227,6,Pending
4900,4900,Hubballi District Court,Justice 256,5,Convicted
4901,4901,Kalaburagi District Court,Justice 151,16,Pending
4902,4902,Belagavi Sessions Court,Justice 380,17,Acquitted
4903,4903,Hubballi District Court,Justice 204,19,Acquitted
4904,4904,Mysuru District Court,Justice 444,16,Convicted
4905,4905,Kalaburagi District Court,Justice 102,9,Convicted
4906,4906,Hubballi District Court,Justice 143,11,Pending
4907,4907,Hubballi District Court,Justice 134,8,Acquitted
4908,4908,Mysuru District Court,Justice 62,5,Convicted
4909,4909,Bengaluru Sessions Court,Justice 464,1,Acquitted
4910,4910,Mangaluru District Court,Justice 195,8,Pending
4911,4911,Mangaluru District Court,Justice 75,17,Acquitted
4912,4912,Bengaluru Sessions Court,Justice 128,3,Convicted
4913,4913,Mangaluru District Court,Justice 495,6,Convicted
4914,4914,Kalaburagi District Court,Justice 482,14,Convicted
4915,4915,Mangaluru District Court,Justice 11,19,Convicted
4916,4916,Mysuru District Court,Justice 35,10,Convicted
4917,4917,Kalaburagi District Court,Justice 61,18,Acquitted
4918,4918,Hubballi District Court,Justice 457,18,Convicted
4919,4919,Kalaburagi District Court,Justice 385,9,Acquitted
4920,4920,Mangaluru District Court,Justice 296,11,Pending
4921,4921,Bengaluru Sessions Court,Justice 438,10,Pending
4922,4922,Hubballi District Court,Justice 287,7,Convicted
4923,4923,Hubballi District Court,Justice 338,7,Acquitted
4924,4924,Kalaburagi District Court,Justice 28,9,Pending
4925,4925,Kalaburagi District Court,Justice 407,2,Acquitted
4926,4926,Bengaluru Sessions Court,Justice 360,6,Pending
4927,4927,Mangaluru District Court,Justice 470,18,Pending
4928,4928,Bengaluru Sessions Court,Justice 74,16,Pending
4929,4929,Mysuru District Court,Justice 253,20,Pending
4930,4930,Kalaburagi District Court,Justice 390,2,Convicted
4931,4931,Belagavi Sessions Court,Justice 264,20,Acquitted
4932,4932,Mangaluru District Court,Justice 225,16,Pending
4933,4933,Hubballi District Court,Justice 210,15,Convicted
4934,4934,Kalaburagi District Court,Justice 221,10,Acquitted
4935,4935,Mangaluru District Court,Justice 398,5,Convicted
4936,4936,Belagavi Sessions Court,Justice 328,3,Convicted
4937,4937,Hubballi District Court,Justice 417,7,Convicted
4938,4938,Bengaluru Sessions Court,Justice 43,6,Convicted
4939,4939,Bengaluru Sessions Court,Justice 295,9,Acquitted
4940,4940,Bengaluru Sessions Court,Justice 84,11,Convicted
4941,4941,Hubballi District Court,Justice 265,11,Acquitted
4942,4942,Mangaluru District Court,Justice 54,11,Convicted
4943,4943,Kalaburagi District Court,Justice 184,11,Acquitted
4944,4944,Bengaluru Sessions Court,Justice 418,4,Convicted
4945,4945,Mysuru District Court,Justice 325,12,Acquitted
4946,4946,Bengaluru Sessions Court,Justice 402,11,Convicted
4947,4947,Kalaburagi District Court,Justice 245,13,Pending
4948,4948,Hubballi District Court,Justice 483,1,Acquitted
4949,4949,Mangaluru District Court,Justice 138,14,Convicted
4950,4950,Bengaluru Sessions Court,Justice 90,5,Convicted
4951,4951,Mangaluru District Court,Justice 225,5,Acquitted
4952,4952,Hubballi District Court,Justice 88,16,Acquitted
4953,4953,Kalaburagi District Court,Justice 45,5,Pending
4954,4954,Mysuru District Court,Justice 240,13,Pending
4955,4955,Mangaluru District Court,Justice 183,7,Convicted
4956,4956,Belagavi Sessions Court,Justice 53,16,Pending
4957,4957,Hubballi District Court,Justice 205,1,Acquitted
4958,4958,Kalaburagi District Court,Justice 93,8,Pending
4959,4959,Hubballi District Court,Justice 456,20,Acquitted
4960,4960,Belagavi Sessions Court,Justice 381,8,Pending
4961,4961,Mangaluru District Court,Justice 480,6,Acquitted
4962,4962,Belagavi Sessions Court,Justice 94,7,Convicted
4963,4963,Hubballi District Court,Justice 262,19,Pending
4964,4964,Kalaburagi District Court,Justice 229,2,Convicted
4965,4965,Bengaluru Sessions Court,Justice 460,1,Pending
4966,4966,Hubballi District Court,Justice 479,12,Acquitted
4967,4967,Mangaluru District Court,Justice 119,7,Convicted
4968,4968,Bengaluru Sessions Court,Justice 24,6,Pending
4969,4969,Kalaburagi District Court,Justice 444,13,Convicted
4970,4970,Hubballi District Court,Justice 348,1,Convicted
4971,4971,Bengaluru Sessions Court,Justice 275,18,Pending
4972,4972,Mangaluru District Court,Justice 53,5,Pending
4973,4973,Belagavi Sessions Court,Justice 232,3,Pending
4974,4974,Bengaluru Sessions Court,Justice 441,4,Convicted
4975,4975,Bengaluru Sessions Court,Justice 257,10,Acquitted
4976,4976,Hubballi District Court,Justice 315,1,Convicted
4977,4977,Kalaburagi District Court,Justice 289,15,Acquitted
4978,4978,Mysuru District Court,Justice 290,7,Convicted
4979,4979,Hubballi District Court,Justice 303,18,Pending
4980,4980,Kalaburagi District Court,Justice 409,18,Pending
4981,4981,Belagavi Sessions Court,Justice 293,10,Convicted
4982,4982,Kalaburagi District Court,Justice 444,9,Pending
4983,4983,Hubballi District Court,Justice 230,14,Acquitted
4984,4984,Bengaluru Sessions Court,Justice 487,1,Pending
4985,4985,Kalaburagi District Court,Justice 27,11,Acquitted
4986,4986,Mangaluru District Court,Justice 480,4,Convicted
4987,4987,Mysuru District Court,Justice 103,3,Acquitted
4988,4988,Mangaluru District Court,Justice 297,3,Acquitted
4989,4989,Bengaluru Sessions Court,Justice 426,15,Convicted
4990,4990,Bengaluru Sessions Court,Justice 144,6,Acquitted
4991,4991,Hubballi District Court,Justice 417,12,Acquitted
4992,4992,Belagavi Sessions Court,Justice 196,16,Pending
4993,4993,Kalaburagi District Court,Justice 130,7,Pending
4994,4994,Kalaburagi District Court,Justice 490,18,Convicted
4995,4995,Hubballi District Court,Justice 243,19,Acquitted
4996,4996,Kalaburagi District Court,Justice 114,16,Pending
4997,4997,Mysuru District Court,Justice 4,16,Acquitted
4998,4998,Mysuru District Court,Justice 243,12,Convicted
4999,4999,Bengaluru Sessions Court,Justice 444,7,Pending
5000,5000,Bengaluru Sessions Court,Justice 291,13,Acquitted
