HistoryID,PersonID,CaseID,ArrestStatus,Convicted,SentenceYears,RepeatOffender
1,506869,1834,Arrested,True,1,False
2,524017,776,Absconding,False,0,False
3,509669,767,Arrested,False,0,False
4,509669,1778,Absconding,True,2,False
5,513641,2070,Arrested,True,2,True
6,513641,4993,Arrested,True,4,True
7,513641,2896,Absconding,False,0,True
8,514019,3984,Unknown,False,0,True
9,514019,196,Unknown,False,0,True
10,514019,2081,Bail,False,0,True
11,514019,2724,Unknown,True,16,True
12,514019,256,Arrested,True,11,True
13,514019,1360,Absconding,True,18,True
14,507489,3301,Bail,False,0,True
15,507489,1539,Bail,True,5,True
16,507489,1196,Absconding,False,0,True
17,507489,2216,Unknown,False,0,True
18,507489,4096,Arrested,False,0,True
19,507489,3260,Arrested,True,16,True
20,505805,3050,Bail,True,18,True
21,505805,1251,Absconding,True,2,True
22,505805,3874,Unknown,False,0,True
23,512910,3622,Unknown,True,11,True
24,512910,2976,Arrested,True,3,True
25,512910,4851,Absconding,False,0,True
26,512910,3219,Arrested,False,0,True
27,512910,478,Bail,True,2,True
28,512910,788,Arrested,False,0,True
29,503387,3042,Unknown,True,10,True
30,503387,2405,Unknown,True,16,True
31,503387,2866,Absconding,True,11,True
32,503387,3562,Bail,True,17,True
33,509568,4459,Bail,False,0,True
34,509568,3355,Arrested,True,5,True
35,509568,2197,Absconding,False,0,True
36,509568,870,Bail,False,0,True
37,509568,157,Absconding,False,0,True
38,521424,511,Bail,False,0,True
39,521424,1195,Arrested,True,2,True
40,521424,623,Bail,False,0,True
41,521424,3532,Absconding,True,19,True
42,503504,3376,Absconding,True,14,True
43,503504,1418,Absconding,False,0,True
44,503504,2576,Bail,False,0,True
45,503504,2467,Unknown,True,20,True
46,503504,1120,Bail,True,20,True
47,506658,2261,Bail,False,0,False
48,506658,345,Arrested,True,15,False
49,519193,1259,Unknown,False,0,False
50,519193,2834,Bail,False,0,False
51,502519,303,Arrested,True,18,True
52,502519,3788,Bail,True,13,True
53,502519,2359,Unknown,False,0,True
54,502519,595,Arrested,True,6,True
55,513362,4285,Bail,True,20,True
56,513362,3478,Absconding,False,0,True
57,513362,1155,Bail,False,0,True
58,513362,1333,Bail,True,2,True
59,513362,2001,Bail,True,19,True
60,521136,2833,Unknown,True,3,True
61,521136,2063,Absconding,False,0,True
62,521136,4071,Arrested,False,0,True
63,521136,1771,Bail,True,18,True
64,521136,550,Unknown,True,4,True
65,521136,968,Absconding,True,16,True
66,521081,1412,Arrested,False,0,False
67,521081,653,Absconding,False,0,False
68,506493,731,Arrested,False,0,False
69,506892,4287,Absconding,True,18,False
70,506892,3781,Bail,True,6,False
71,507753,103,Absconding,False,0,True
72,507753,4993,Absconding,False,0,True
73,507753,1241,Unknown,True,4,True
74,508615,1709,Arrested,False,0,True
75,508615,2912,Unknown,True,5,True
76,508615,3372,Bail,False,0,True
77,506650,3363,Unknown,False,0,False
78,502228,179,Unknown,False,0,True
79,502228,2674,Bail,True,4,True
80,502228,3365,Absconding,False,0,True
81,502228,1140,Bail,False,0,True
82,502228,337,Unknown,False,0,True
83,512061,3775,Bail,True,5,True
84,512061,1514,Unknown,False,0,True
85,512061,4951,Arrested,True,6,True
86,512061,4954,Bail,False,0,True
87,512061,527,Absconding,True,10,True
88,519123,2470,Unknown,False,0,True
89,519123,3439,Absconding,False,0,True
90,519123,3052,Unknown,False,0,True
91,519123,2223,Arrested,False,0,True
92,509623,1640,Absconding,False,0,False
93,512280,1838,Arrested,False,0,True
94,512280,4399,Absconding,True,14,True
95,512280,2802,Absconding,True,14,True
96,512280,4730,Absconding,False,0,True
97,512280,3627,Bail,True,14,True
98,512280,1211,Unknown,True,10,True
99,516448,3141,Unknown,True,15,True
100,516448,4066,Arrested,True,16,True
101,516448,3746,Absconding,False,0,True
102,500424,2329,Bail,True,17,True
103,500424,380,Bail,True,13,True
104,500424,4370,Absconding,False,0,True
105,500424,4944,Unknown,False,0,True
106,500424,1128,Absconding,True,6,True
107,500424,2485,Unknown,True,15,True
108,514338,3054,Bail,True,3,True
109,514338,1922,Bail,True,10,True
110,514338,184,Unknown,True,7,True
111,514338,491,Arrested,False,0,True
112,522164,4446,Absconding,False,0,True
113,522164,3253,Arrested,True,3,True
114,522164,800,Arrested,False,0,True
115,522164,1680,Bail,True,11,True
116,522164,4380,Arrested,False,0,True
117,519840,3133,Bail,False,0,False
118,512457,2633,Absconding,True,11,False
119,510278,4692,Arrested,False,0,False
120,510278,1825,Unknown,False,0,False
121,523086,1676,Bail,False,0,True
122,523086,894,Bail,True,17,True
123,523086,459,Absconding,True,5,True
124,523086,4504,Absconding,True,11,True
125,501806,1643,Unknown,True,4,True
126,501806,3143,Unknown,True,13,True
127,501806,2199,Bail,True,3,True
128,501806,3283,Bail,True,5,True
129,501806,3486,Bail,False,0,True
130,502791,2448,Bail,True,6,False
131,502791,654,Unknown,True,14,False
132,524428,4745,Arrested,True,10,True
133,524428,2942,Absconding,False,0,True
134,524428,2830,Absconding,True,7,True
135,517717,4227,Absconding,False,0,True
136,517717,617,Unknown,False,0,True
137,517717,82,Arrested,True,5,True
138,504973,4713,Unknown,False,0,True
139,504973,2224,Bail,True,19,True
140,504973,1247,Unknown,False,0,True
141,504973,397,Unknown,True,6,True
142,507614,768,Bail,True,15,True
143,507614,4760,Unknown,True,4,True
144,507614,3994,Absconding,True,9,True
145,507614,3056,Absconding,False,0,True
146,517239,4351,Unknown,False,0,False
147,513571,921,Unknown,False,0,True
148,513571,4965,Absconding,True,9,True
149,513571,2039,Absconding,False,0,True
150,513571,1832,Unknown,True,17,True
151,513571,751,Bail,True,4,True
152,507947,2219,Unknown,False,0,True
153,507947,4632,Bail,False,0,True
154,507947,270,Absconding,True,16,True
155,507947,3032,Arrested,False,0,True
156,507947,196,Unknown,False,0,True
157,505101,2584,Bail,True,2,True
158,505101,4170,Absconding,False,0,True
159,505101,351,Arrested,False,0,True
160,505101,4965,Absconding,True,7,True
161,523949,2099,Unknown,True,19,True
162,523949,4990,Arrested,False,0,True
163,523949,3829,Bail,False,0,True
164,523949,337,Unknown,True,2,True
165,523949,2072,Arrested,False,0,True
166,523949,4468,Absconding,False,0,True
167,521183,1967,Bail,True,10,False
168,500734,2225,Arrested,False,0,False
169,518405,1487,Unknown,True,2,True
170,518405,4276,Bail,True,1,True
171,518405,482,Arrested,False,0,True
172,518405,1356,Unknown,False,0,True
173,518405,3752,Unknown,True,17,True
174,503849,3780,Absconding,False,0,False
175,503849,3620,Bail,False,0,False
176,522715,4271,Absconding,False,0,False
177,522715,403,Bail,True,20,False
178,509889,190,Arrested,True,1,True
179,509889,3036,Bail,True,2,True
180,509889,2599,Absconding,True,4,True
181,509889,3712,Absconding,True,11,True
182,509889,3983,Arrested,True,9,True
183,504406,3594,Absconding,True,13,True
184,504406,4798,Bail,True,6,True
185,504406,2844,Bail,False,0,True
186,504406,4685,Absconding,False,0,True
187,504406,3072,Arrested,True,15,True
188,522684,2281,Bail,False,0,False
189,522684,3385,Absconding,False,0,False
190,503353,2172,Absconding,False,0,True
191,503353,1519,Bail,False,0,True
192,503353,2324,Bail,True,4,True
193,503353,3561,Bail,False,0,True
194,515192,605,Absconding,False,0,False
195,515695,4067,Absconding,True,4,True
196,515695,1038,Unknown,True,5,True
197,515695,4954,Bail,True,17,True
198,519947,1809,Absconding,True,9,True
199,519947,4038,Absconding,False,0,True
200,519947,29,Unknown,False,0,True
201,519947,379,Unknown,False,0,True
202,514355,4785,Unknown,False,0,False
203,521743,530,Arrested,True,6,True
204,521743,3841,Absconding,True,4,True
205,521743,3442,Absconding,False,0,True
206,521743,1952,Arrested,False,0,True
207,518354,2010,Unknown,True,2,False
208,518354,3894,Bail,True,11,False
209,517581,2725,Bail,True,9,True
210,517581,3895,Absconding,True,14,True
211,517581,799,Absconding,True,4,True
212,517581,2446,Absconding,True,9,True
213,522489,2914,Arrested,False,0,True
214,522489,2972,Unknown,False,0,True
215,522489,544,Arrested,True,14,True
216,522489,4603,Arrested,False,0,True
217,522489,2211,Absconding,False,0,True
218,514093,4003,Arrested,False,0,False
219,520524,2886,Absconding,True,5,False
220,503493,850,Arrested,False,0,True
221,503493,2011,Absconding,True,3,True
222,503493,1425,Bail,True,8,True
223,519350,71,Arrested,True,7,True
224,519350,2838,Arrested,False,0,True
225,519350,462,Arrested,False,0,True
226,519350,2210,Absconding,False,0,True
227,519350,3751,Unknown,False,0,True
228,515658,3079,Absconding,False,0,True
229,515658,3570,Unknown,True,10,True
230,515658,277,Unknown,True,16,True
231,515658,2094,Unknown,True,16,True
232,515658,4584,Absconding,True,18,True
233,515658,2059,Arrested,False,0,True
234,503590,437,Absconding,False,0,False
235,503590,1993,Arrested,False,0,False
236,508125,1513,Bail,True,19,False
237,508125,2905,Absconding,False,0,False
238,518666,4656,Bail,False,0,False
239,512043,3099,Bail,True,5,False
240,508505,1744,Arrested,False,0,True
241,508505,4413,Absconding,False,0,True
242,508505,469,Unknown,False,0,True
243,508505,4030,Unknown,False,0,True
244,518725,2,Bail,False,0,False
245,506254,4673,Absconding,True,11,True
246,506254,772,Unknown,False,0,True
247,506254,696,Arrested,True,15,True
248,506254,1189,Bail,True,12,True
249,506254,4171,Arrested,True,7,True
250,517245,2902,Absconding,False,0,False
251,517245,3625,Absconding,True,15,False
252,512332,4736,Absconding,True,11,True
253,512332,2263,Arrested,False,0,True
254,512332,1120,Arrested,False,0,True
255,512332,3241,Unknown,False,0,True
256,512332,4867,Absconding,False,0,True
257,512332,1356,Bail,False,0,True
258,520199,1047,Bail,False,0,True
259,520199,474,Arrested,True,6,True
260,520199,153,Absconding,False,0,True
261,520199,270,Bail,False,0,True
262,520199,1122,Unknown,False,0,True
263,520199,761,Arrested,False,0,True
264,500867,2577,Arrested,True,20,True
265,500867,862,Arrested,False,0,True
266,500867,3138,Arrested,True,6,True
267,500867,2711,Absconding,False,0,True
268,500867,132,Arrested,False,0,True
269,500867,4189,Unknown,True,20,True
270,511507,2406,Absconding,True,14,True
271,511507,2585,Arrested,False,0,True
272,511507,660,Arrested,False,0,True
273,511507,1367,Absconding,True,16,True
274,511507,138,Arrested,False,0,True
275,511507,2568,Unknown,False,0,True
276,512891,4888,Unknown,True,10,True
277,512891,450,Absconding,True,16,True
278,512891,3646,Unknown,False,0,True
279,515979,4229,Absconding,True,11,True
280,515979,203,Absconding,False,0,True
281,515979,4091,Bail,True,2,True
282,515979,964,Unknown,True,2,True
283,512759,2274,Unknown,True,15,False
284,512759,2402,Bail,True,19,False
285,521917,920,Bail,True,12,False
286,509808,4898,Unknown,False,0,True
287,509808,2167,Absconding,False,0,True
288,509808,3371,Arrested,False,0,True
289,509808,3216,Absconding,True,14,True
290,509808,676,Unknown,False,0,True
291,505036,679,Unknown,True,11,True
292,505036,441,Arrested,False,0,True
293,505036,3115,Arrested,True,10,True
294,517519,2550,Bail,False,0,False
295,521079,4661,Arrested,True,16,True
296,521079,1623,Unknown,True,7,True
297,521079,3974,Unknown,True,2,True
298,521079,3516,Absconding,False,0,True
299,520182,165,Bail,True,11,True
300,520182,3526,Unknown,True,15,True
301,520182,4620,Bail,True,10,True
302,520182,3232,Absconding,False,0,True
303,524662,3147,Arrested,True,20,False
304,512147,1278,Unknown,False,0,True
305,512147,989,Arrested,True,6,True
306,512147,2732,Absconding,False,0,True
307,512147,541,Unknown,False,0,True
308,512147,3018,Absconding,True,12,True
309,512147,983,Absconding,True,20,True
310,516542,1904,Arrested,True,7,True
311,516542,555,Absconding,False,0,True
312,516542,1462,Bail,False,0,True
313,516542,1072,Bail,False,0,True
314,516542,1189,Arrested,True,19,True
315,516542,1580,Unknown,True,12,True
316,509318,2799,Bail,False,0,True
317,509318,2899,Arrested,False,0,True
318,509318,2745,Absconding,True,4,True
319,509318,309,Absconding,False,0,True
320,515821,1434,Absconding,False,0,True
321,515821,137,Absconding,True,4,True
322,515821,2459,Arrested,False,0,True
323,515821,3553,Unknown,False,0,True
324,515821,1977,Unknown,False,0,True
325,515821,4516,Arrested,False,0,True
326,513953,1292,Bail,False,0,True
327,513953,2566,Absconding,False,0,True
328,513953,4600,Absconding,False,0,True
329,513953,59,Absconding,True,17,True
330,512059,4241,Unknown,False,0,True
331,512059,4821,Arrested,False,0,True
332,512059,4016,Absconding,False,0,True
333,508092,948,Arrested,False,0,True
334,508092,1715,Arrested,True,20,True
335,508092,2044,Absconding,True,7,True
336,508092,3549,Absconding,True,7,True
337,508092,4565,Unknown,True,10,True
338,523590,3794,Absconding,True,20,True
339,523590,2493,Absconding,True,9,True
340,523590,2997,Unknown,False,0,True
341,523590,1281,Absconding,True,2,True
342,524420,1182,Absconding,True,14,False
343,507229,3506,Arrested,True,15,True
344,507229,2076,Unknown,False,0,True
345,507229,4256,Arrested,True,17,True
346,507229,2220,Bail,True,5,True
347,522666,4819,Unknown,True,7,True
348,522666,573,Arrested,True,18,True
349,522666,3290,Absconding,False,0,True
350,522666,2017,Absconding,True,15,True
351,513339,3865,Arrested,True,20,True
352,513339,3403,Arrested,False,0,True
353,513339,1984,Unknown,True,20,True
354,513339,2236,Bail,False,0,True
355,513339,3602,Absconding,True,20,True
356,513339,4343,Unknown,False,0,True
357,509516,1432,Arrested,False,0,False
358,522390,1426,Bail,False,0,True
359,522390,3354,Unknown,False,0,True
360,522390,4775,Arrested,False,0,True
361,522390,2588,Bail,True,3,True
362,506550,3127,Unknown,True,6,True
363,506550,79,Absconding,True,10,True
364,506550,2854,Bail,True,2,True
365,506550,4877,Unknown,False,0,True
366,506550,4237,Unknown,True,12,True
367,505690,3694,Bail,False,0,True
368,505690,2212,Unknown,False,0,True
369,505690,4333,Arrested,True,10,True
370,506516,253,Unknown,False,0,True
371,506516,3723,Bail,True,15,True
372,506516,4670,Arrested,True,3,True
373,506516,3545,Bail,True,7,True
374,506516,631,Unknown,True,18,True
375,506516,380,Bail,True,9,True
376,515766,530,Bail,False,0,False
377,515766,4732,Unknown,False,0,False
378,514939,3959,Absconding,False,0,False
379,503610,4096,Arrested,True,9,False
380,503610,2378,Unknown,True,14,False
381,507887,3719,Unknown,True,10,False
382,512403,1592,Arrested,False,0,True
383,512403,2581,Absconding,True,4,True
384,512403,1055,Absconding,False,0,True
385,512403,622,Arrested,True,1,True
386,502975,3903,Unknown,False,0,True
387,502975,2386,Absconding,False,0,True
388,502975,4157,Absconding,True,4,True
389,501916,4058,Arrested,False,0,True
390,501916,3147,Arrested,True,11,True
391,501916,1331,Unknown,False,0,True
392,507812,1477,Unknown,False,0,True
393,507812,4358,Unknown,False,0,True
394,507812,975,Arrested,True,14,True
395,509603,195,Bail,False,0,True
396,509603,1730,Absconding,False,0,True
397,509603,2308,Absconding,False,0,True
398,509603,3920,Arrested,True,17,True
399,509603,3299,Bail,True,9,True
400,514416,2395,Absconding,True,5,False
401,520140,1600,Arrested,True,3,True
402,520140,1451,Arrested,True,12,True
403,520140,955,Bail,False,0,True
404,520140,397,Bail,False,0,True
405,520140,4061,Bail,False,0,True
406,506096,1562,Unknown,False,0,False
407,507540,1322,Absconding,False,0,False
408,511817,3715,Unknown,True,12,True
409,511817,2873,Unknown,False,0,True
410,511817,4387,Absconding,False,0,True
411,510601,1350,Arrested,False,0,False
412,510601,1373,Absconding,True,10,False
413,514799,734,Unknown,True,19,True
414,514799,4450,Bail,True,11,True
415,514799,4536,Unknown,True,12,True
416,514799,2855,Arrested,True,16,True
417,514799,1305,Arrested,False,0,True
418,520480,2824,Absconding,False,0,True
419,520480,2598,Bail,False,0,True
420,520480,4746,Unknown,True,10,True
421,503711,2707,Unknown,False,0,False
422,520926,2096,Absconding,True,10,True
423,520926,2449,Unknown,True,10,True
424,520926,4182,Unknown,True,12,True
425,513610,4320,Bail,False,0,False
426,513610,375,Unknown,True,15,False
427,515466,1255,Unknown,False,0,True
428,515466,4057,Arrested,True,20,True
429,515466,1140,Bail,False,0,True
430,515466,754,Unknown,True,13,True
431,515466,504,Bail,True,9,True
432,509995,1707,Unknown,False,0,True
433,509995,1834,Absconding,False,0,True
434,509995,2746,Absconding,False,0,True
435,509995,4289,Bail,True,6,True
436,507299,4217,Unknown,False,0,False
437,507299,4849,Bail,False,0,False
438,519854,3555,Unknown,False,0,False
439,506665,3914,Absconding,True,16,True
440,506665,2863,Unknown,False,0,True
441,506665,4409,Arrested,False,0,True
442,506665,2241,Unknown,False,0,True
443,506665,2610,Unknown,False,0,True
444,506665,3337,Bail,True,7,True
445,523886,3647,Absconding,True,15,True
446,523886,4758,Arrested,True,20,True
447,523886,2168,Arrested,True,5,True
448,523886,1488,Unknown,False,0,True
449,523886,3757,Absconding,True,7,True
450,523886,1520,Absconding,False,0,True
451,501428,1022,Bail,True,1,False
452,501428,1048,Absconding,False,0,False
453,503078,4835,Arrested,True,4,True
454,503078,1267,Bail,False,0,True
455,503078,3133,Absconding,True,1,True
456,503078,1642,Arrested,False,0,True
457,503078,4572,Arrested,False,0,True
458,503078,2423,Unknown,False,0,True
459,517506,669,Bail,True,19,True
460,517506,2648,Absconding,False,0,True
461,517506,1933,Unknown,False,0,True
462,517506,3025,Absconding,True,9,True
463,524839,4568,Arrested,False,0,True
464,524839,3249,Bail,True,16,True
465,524839,2199,Absconding,False,0,True
466,524839,4135,Bail,False,0,True
467,503542,3170,Bail,False,0,False
468,503542,1866,Absconding,False,0,False
469,508183,2130,Unknown,False,0,True
470,508183,4138,Bail,False,0,True
471,508183,679,Arrested,True,18,True
472,509213,2409,Absconding,False,0,True
473,509213,1010,Absconding,True,11,True
474,509213,4448,Absconding,True,6,True
475,509213,1789,Absconding,True,4,True
476,509213,1370,Absconding,False,0,True
477,501347,582,Arrested,False,0,False
478,509527,3872,Arrested,False,0,True
479,509527,2097,Bail,False,0,True
480,509527,732,Bail,True,16,True
481,509527,832,Arrested,True,15,True
482,509527,1827,Absconding,True,20,True
483,504373,4243,Arrested,False,0,False
484,501890,3666,Unknown,True,14,True
485,501890,3865,Bail,True,6,True
486,501890,2754,Bail,True,6,True
487,501890,3797,Arrested,False,0,True
488,501890,3426,Bail,False,0,True
489,501890,2826,Absconding,True,18,True
490,524672,3041,Unknown,False,0,True
491,524672,4256,Bail,True,10,True
492,524672,4588,Unknown,True,10,True
493,524672,3804,Unknown,False,0,True
494,524672,823,Bail,False,0,True
495,524672,584,Absconding,False,0,True
496,514379,1400,Absconding,True,18,False
497,514379,3992,Bail,True,14,False
498,507199,4460,Bail,True,17,True
499,507199,3724,Bail,False,0,True
500,507199,1784,Arrested,True,11,True
501,507199,4245,Absconding,True,7,True
502,504895,1143,Bail,True,19,False
503,504895,3134,Bail,True,6,False
504,502906,1281,Arrested,True,4,True
505,502906,1875,Arrested,True,8,True
506,502906,4948,Unknown,False,0,True
507,502906,1560,Absconding,False,0,True
508,506663,3688,Unknown,False,0,True
509,506663,4782,Unknown,False,0,True
510,506663,1772,Bail,False,0,True
511,506663,2975,Unknown,False,0,True
512,506663,921,Arrested,True,3,True
513,509810,3098,Unknown,False,0,True
514,509810,3298,Bail,False,0,True
515,509810,4037,Arrested,True,6,True
516,505419,2896,Arrested,True,7,False
517,505419,2777,Arrested,False,0,False
518,503548,3389,Arrested,False,0,True
519,503548,100,Arrested,True,11,True
520,503548,2151,Arrested,False,0,True
521,512725,3538,Unknown,True,17,True
522,512725,3309,Bail,True,9,True
523,512725,780,Unknown,False,0,True
524,513554,4579,Bail,True,15,False
525,524372,4328,Unknown,False,0,True
526,524372,4491,Absconding,True,20,True
527,524372,1071,Bail,True,2,True
528,524372,138,Absconding,False,0,True
529,511128,4543,Bail,False,0,True
530,511128,1759,Bail,False,0,True
531,511128,4597,Absconding,False,0,True
532,511128,2368,Bail,False,0,True
533,511128,3878,Arrested,False,0,True
534,517605,650,Bail,False,0,False
535,504745,2578,Unknown,True,1,True
536,504745,3749,Arrested,True,15,True
537,504745,2879,Arrested,True,6,True
538,518973,2329,Unknown,True,18,True
539,518973,95,Bail,False,0,True
540,518973,3709,Bail,False,0,True
541,518973,1508,Bail,False,0,True
542,501476,2126,Absconding,False,0,True
543,501476,1554,Bail,False,0,True
544,501476,943,Unknown,True,10,True
545,501476,1339,Absconding,False,0,True
546,501476,1334,Unknown,True,8,True
547,501476,636,Absconding,True,13,True
548,521162,4446,Unknown,True,12,True
549,521162,2815,Arrested,True,20,True
550,521162,897,Bail,True,10,True
551,521162,1814,Absconding,False,0,True
552,521162,3814,Absconding,False,0,True
553,521162,559,Bail,False,0,True
554,500537,3454,Unknown,False,0,True
555,500537,848,Absconding,True,16,True
556,500537,2179,Arrested,False,0,True
557,516452,266,Arrested,False,0,False
558,516452,4555,Unknown,True,16,False
559,516428,2051,Unknown,True,16,True
560,516428,982,Unknown,True,1,True
561,516428,1210,Absconding,False,0,True
562,516428,751,Absconding,True,16,True
563,515253,307,Bail,False,0,True
564,515253,4470,Absconding,True,10,True
565,515253,2005,Arrested,True,16,True
566,515253,992,Arrested,False,0,True
567,515253,1309,Arrested,True,13,True
568,522276,1877,Bail,False,0,True
569,522276,139,Bail,True,13,True
570,522276,4981,Arrested,True,10,True
571,522276,2764,Absconding,False,0,True
572,522276,2994,Arrested,True,6,True
573,522276,1007,Bail,True,13,True
574,518873,1554,Arrested,True,14,False
575,502886,4339,Unknown,False,0,False
576,514588,845,Absconding,True,17,True
577,514588,1304,Absconding,True,16,True
578,514588,3025,Bail,True,6,True
579,514588,4979,Absconding,True,15,True
580,514588,721,Absconding,False,0,True
581,514588,783,Bail,True,18,True
582,502843,1898,Absconding,False,0,True
583,502843,2694,Unknown,True,19,True
584,502843,2223,Arrested,True,2,True
585,502843,2279,Unknown,True,19,True
586,513978,4182,Unknown,True,20,False
587,524635,1851,Absconding,True,9,True
588,524635,1498,Arrested,True,17,True
589,524635,2332,Unknown,False,0,True
590,524635,3960,Arrested,True,11,True
591,524635,2458,Arrested,False,0,True
592,507118,3917,Absconding,True,16,False
593,507118,4634,Unknown,True,8,False
594,519070,4733,Bail,False,0,True
595,519070,2158,Unknown,True,5,True
596,519070,2102,Bail,False,0,True
597,519070,3621,Unknown,False,0,True
598,510762,2022,Absconding,False,0,False
599,510762,582,Arrested,False,0,False
600,510841,2095,Absconding,True,13,True
601,510841,2577,Bail,False,0,True
602,510841,157,Bail,True,17,True
603,510841,473,Absconding,False,0,True
604,510841,1932,Arrested,False,0,True
605,510841,1411,Arrested,False,0,True
606,521480,866,Arrested,False,0,True
607,521480,4889,Bail,True,10,True
608,521480,15,Bail,False,0,True
609,521480,3583,Absconding,True,8,True
610,521480,3796,Unknown,True,18,True
611,521480,134,Arrested,True,2,True
612,513621,2347,Arrested,False,0,True
613,513621,373,Arrested,False,0,True
614,513621,2543,Absconding,False,0,True
615,513621,1960,Bail,True,7,True
616,513621,3652,Unknown,True,11,True
617,521394,4124,Unknown,True,5,True
618,521394,2761,Absconding,False,0,True
619,521394,3822,Arrested,False,0,True
620,507304,1724,Absconding,False,0,True
621,507304,2815,Absconding,False,0,True
622,507304,865,Bail,True,7,True
623,507304,528,Bail,False,0,True
624,507304,1985,Unknown,False,0,True
625,505326,2817,Bail,True,12,True
626,505326,1269,Absconding,True,19,True
627,505326,1542,Unknown,True,11,True
628,505326,413,Absconding,False,0,True
629,505326,2787,Absconding,True,9,True
630,524697,679,Arrested,True,5,False
631,503674,969,Bail,True,9,True
632,503674,1462,Bail,False,0,True
633,503674,2286,Bail,True,14,True
634,516675,1573,Arrested,False,0,False
635,512366,651,Bail,True,2,True
636,512366,994,Unknown,True,2,True
637,512366,1290,Arrested,True,8,True
638,508275,4492,Unknown,True,1,False
639,500960,1005,Absconding,True,7,True
640,500960,4181,Unknown,False,0,True
641,500960,3336,Absconding,True,5,True
642,500960,1247,Bail,True,6,True
643,500960,2716,Arrested,False,0,True
644,500960,2655,Bail,False,0,True
645,512397,4030,Arrested,True,16,True
646,512397,3878,Absconding,False,0,True
647,512397,1893,Absconding,True,13,True
648,501819,4969,Arrested,True,9,True
649,501819,3155,Unknown,False,0,True
650,501819,3989,Arrested,True,11,True
651,514280,2058,Bail,True,6,True
652,514280,2964,Unknown,True,18,True
653,514280,1662,Bail,True,11,True
654,514280,1649,Absconding,True,14,True
655,514280,2571,Absconding,True,2,True
656,517918,882,Arrested,False,0,True
657,517918,3001,Arrested,True,16,True
658,517918,2146,Absconding,False,0,True
659,517918,2335,Arrested,True,14,True
660,505077,4227,Bail,True,1,False
661,505077,1884,Bail,False,0,False
662,516791,4209,Unknown,True,13,True
663,516791,422,Unknown,False,0,True
664,516791,3108,Bail,False,0,True
665,516791,4311,Arrested,True,13,True
666,501748,4154,Unknown,False,0,False
667,500324,909,Bail,False,0,True
668,500324,430,Arrested,False,0,True
669,500324,2463,Bail,True,1,True
670,500324,1135,Bail,False,0,True
671,500324,1714,Bail,False,0,True
672,510297,1410,Absconding,False,0,True
673,510297,2727,Absconding,True,15,True
674,510297,3044,Absconding,True,2,True
675,510297,2269,Bail,True,11,True
676,510297,3742,Unknown,True,1,True
677,512751,4667,Arrested,False,0,False
678,512751,1832,Unknown,False,0,False
679,510013,1368,Unknown,False,0,True
680,510013,3445,Absconding,True,9,True
681,510013,1317,Absconding,False,0,True
682,519763,2270,Bail,True,11,True
683,519763,731,Unknown,False,0,True
684,519763,3485,Unknown,True,16,True
685,519763,1270,Absconding,False,0,True
686,519763,2756,Bail,False,0,True
687,519763,147,Unknown,True,10,True
688,522708,4223,Arrested,False,0,False
689,503785,2483,Unknown,True,4,False
690,520799,4703,Absconding,False,0,True
691,520799,1063,Absconding,False,0,True
692,520799,4118,Bail,True,20,True
693,520799,4234,Bail,True,17,True
694,520799,598,Bail,True,11,True
695,520799,1219,Arrested,False,0,True
696,523769,5,Bail,True,19,True
697,523769,4592,Bail,False,0,True
698,523769,2149,Bail,False,0,True
699,523769,4637,Bail,False,0,True
700,523769,4609,Bail,True,8,True
701,523769,3561,Bail,True,2,True
702,508484,455,Unknown,True,19,True
703,508484,605,Unknown,False,0,True
704,508484,1041,Unknown,True,19,True
705,508484,3572,Unknown,False,0,True
706,508484,4496,Bail,False,0,True
707,524717,2563,Absconding,True,17,True
708,524717,1556,Unknown,False,0,True
709,524717,477,Arrested,True,14,True
710,524717,2861,Absconding,True,7,True
711,513837,54,Arrested,True,9,False
712,502282,2785,Arrested,True,5,True
713,502282,3896,Arrested,False,0,True
714,502282,4749,Unknown,True,1,True
715,502282,1190,Absconding,False,0,True
716,513515,471,Arrested,False,0,False
717,513515,2262,Arrested,False,0,False
718,521715,943,Arrested,True,3,True
719,521715,4424,Absconding,True,1,True
720,521715,215,Absconding,True,4,True
721,524102,558,Absconding,False,0,False
722,519000,3869,Bail,False,0,True
723,519000,825,Unknown,False,0,True
724,519000,4301,Unknown,False,0,True
725,510463,3110,Unknown,False,0,True
726,510463,4319,Arrested,True,9,True
727,510463,896,Bail,True,16,True
728,510463,383,Bail,True,7,True
729,510463,200,Absconding,False,0,True
730,510463,2582,Arrested,False,0,True
731,524826,4818,Unknown,True,18,True
732,524826,3113,Unknown,False,0,True
733,524826,1247,Bail,False,0,True
734,524826,2307,Bail,False,0,True
735,506816,3527,Arrested,False,0,False
736,516799,1864,Bail,False,0,False
737,516799,1488,Absconding,False,0,False
738,507956,1192,Arrested,False,0,True
739,507956,524,Absconding,True,8,True
740,507956,3280,Arrested,False,0,True
741,504294,3604,Bail,True,6,True
742,504294,2050,Bail,True,2,True
743,504294,893,Absconding,True,19,True
744,504294,2644,Unknown,True,18,True
745,506245,4185,Unknown,True,16,False
746,522932,3723,Bail,False,0,True
747,522932,1598,Arrested,False,0,True
748,522932,4786,Absconding,False,0,True
749,522932,14,Bail,False,0,True
750,504520,2254,Arrested,True,17,True
751,504520,1723,Arrested,True,4,True
752,504520,212,Arrested,True,11,True
753,504520,2281,Absconding,False,0,True
754,515260,3186,Arrested,True,8,True
755,515260,932,Unknown,False,0,True
756,515260,4226,Bail,False,0,True
757,520015,4966,Arrested,True,19,True
758,520015,1352,Arrested,True,17,True
759,520015,3071,Arrested,False,0,True
760,520015,3233,Bail,False,0,True
761,503844,4706,Arrested,False,0,False
762,503844,3190,Bail,False,0,False
763,523909,491,Unknown,True,20,True
764,523909,4642,Arrested,True,3,True
765,523909,441,Arrested,True,10,True
766,523909,3495,Absconding,True,7,True
767,522928,1639,Absconding,False,0,False
768,502852,1644,Bail,False,0,True
769,502852,3030,Arrested,False,0,True
770,502852,750,Unknown,False,0,True
771,502852,2891,Absconding,True,14,True
772,502852,2822,Absconding,False,0,True
773,502852,231,Absconding,False,0,True
774,512571,4715,Unknown,True,11,True
775,512571,3268,Absconding,False,0,True
776,512571,631,Arrested,False,0,True
777,513074,905,Arrested,True,19,False
778,513074,1358,Arrested,False,0,False
779,505816,4265,Absconding,True,6,False
780,505816,905,Arrested,False,0,False
781,512592,2991,Absconding,True,11,True
782,512592,3759,Absconding,False,0,True
783,512592,4847,Arrested,False,0,True
784,512592,289,Unknown,True,10,True
785,508158,4899,Unknown,False,0,True
786,508158,1743,Absconding,True,16,True
787,508158,4270,Absconding,True,6,True
788,508158,4720,Unknown,True,2,True
789,508158,1320,Absconding,False,0,True
790,508158,3438,Arrested,False,0,True
791,509154,4249,Unknown,False,0,False
792,509154,1940,Unknown,True,15,False
793,506380,842,Arrested,True,2,True
794,506380,4324,Bail,True,10,True
795,506380,4995,Arrested,True,6,True
796,515444,1514,Bail,False,0,True
797,515444,4248,Unknown,False,0,True
798,515444,3647,Absconding,False,0,True
799,515444,4262,Arrested,False,0,True
800,515444,1863,Bail,True,9,True
801,500398,3788,Unknown,False,0,True
802,500398,2494,Bail,False,0,True
803,500398,2420,Arrested,False,0,True
804,500398,2156,Absconding,False,0,True
805,500398,4160,Bail,False,0,True
806,500398,325,Arrested,True,16,True
807,506879,3596,Arrested,True,8,True
808,506879,1621,Arrested,False,0,True
809,506879,2190,Arrested,False,0,True
810,506879,4253,Bail,True,4,True
811,506879,42,Absconding,False,0,True
812,506879,2632,Bail,True,20,True
813,521804,1442,Bail,False,0,True
814,521804,3533,Unknown,True,12,True
815,521804,3882,Bail,False,0,True
816,521804,514,Unknown,True,20,True
817,521804,2215,Bail,True,4,True
818,501202,1385,Bail,False,0,False
819,501202,2083,Unknown,False,0,False
820,506385,1971,Unknown,True,11,False
821,508551,2418,Unknown,False,0,True
822,508551,2215,Bail,True,6,True
823,508551,4674,Unknown,False,0,True
824,508551,1675,Bail,False,0,True
825,508551,835,Arrested,False,0,True
826,508551,1225,Bail,False,0,True
827,500517,3917,Unknown,True,17,True
828,500517,2116,Bail,False,0,True
829,500517,1018,Bail,False,0,True
830,500517,1640,Bail,True,16,True
831,500517,1681,Bail,True,16,True
832,500517,3749,Arrested,True,18,True
833,503589,562,Arrested,False,0,True
834,503589,563,Arrested,False,0,True
835,503589,3919,Bail,True,18,True
836,503589,4652,Bail,True,3,True
837,502251,3102,Arrested,False,0,False
838,502251,3239,Bail,False,0,False
839,518162,1879,Arrested,True,7,True
840,518162,2778,Arrested,False,0,True
841,518162,2450,Unknown,False,0,True
842,518162,858,Bail,False,0,True
843,518162,3933,Bail,False,0,True
844,501458,4583,Bail,True,8,False
845,501458,2406,Unknown,True,12,False
846,504557,9,Arrested,False,0,False
847,507517,3176,Bail,False,0,True
848,507517,2801,Arrested,True,1,True
849,507517,3697,Bail,True,4,True
850,507517,764,Bail,True,9,True
851,520976,4769,Bail,True,16,False
852,520976,4399,Unknown,True,7,False
853,518689,4605,Bail,False,0,True
854,518689,2818,Absconding,True,16,True
855,518689,4865,Bail,False,0,True
856,518689,1177,Absconding,False,0,True
857,513759,3117,Unknown,True,15,True
858,513759,1264,Unknown,False,0,True
859,513759,2592,Unknown,False,0,True
860,513759,1051,Absconding,False,0,True
861,513759,3460,Absconding,True,7,True
862,513759,82,Unknown,True,3,True
863,503352,2157,Bail,False,0,True
864,503352,2147,Bail,True,9,True
865,503352,4395,Arrested,False,0,True
866,503352,752,Arrested,True,1,True
867,503352,920,Unknown,False,0,True
868,503352,992,Unknown,True,2,True
869,519138,1862,Arrested,False,0,True
870,519138,4766,Arrested,True,2,True
871,519138,2705,Unknown,True,14,True
872,519138,2220,Unknown,False,0,True
873,519138,3233,Absconding,False,0,True
874,502169,4394,Unknown,False,0,False
875,522512,1022,Bail,True,15,False
876,522512,3080,Bail,False,0,False
877,505475,219,Arrested,False,0,True
878,505475,1973,Arrested,False,0,True
879,505475,3855,Arrested,True,12,True
880,505475,2125,Bail,True,4,True
881,505475,2756,Absconding,False,0,True
882,512137,525,Absconding,True,2,True
883,512137,2103,Bail,True,1,True
884,512137,2879,Arrested,True,2,True
885,512137,4419,Absconding,True,9,True
886,512137,3690,Unknown,False,0,True
887,512137,4017,Arrested,False,0,True
888,506600,4968,Arrested,False,0,True
889,506600,2899,Bail,True,7,True
890,506600,272,Absconding,True,6,True
891,506600,217,Absconding,True,19,True
892,517356,1668,Unknown,False,0,True
893,517356,389,Absconding,True,5,True
894,517356,3674,Absconding,True,7,True
895,517356,2889,Absconding,False,0,True
896,517356,1018,Arrested,False,0,True
897,517356,4135,Bail,False,0,True
898,503190,1831,Arrested,False,0,True
899,503190,3848,Unknown,False,0,True
900,503190,2123,Bail,True,15,True
901,503190,2283,Arrested,False,0,True
902,501057,4019,Unknown,True,2,True
903,501057,1268,Bail,True,3,True
904,501057,1518,Bail,False,0,True
905,501057,1422,Unknown,False,0,True
906,516812,3585,Absconding,True,15,True
907,516812,996,Arrested,False,0,True
908,516812,2956,Bail,True,18,True
909,520028,2588,Bail,True,5,False
910,513170,3177,Unknown,False,0,False
911,513170,1463,Absconding,False,0,False
912,510773,3693,Bail,False,0,True
913,510773,1609,Unknown,False,0,True
914,510773,3169,Unknown,True,17,True
915,510773,1725,Absconding,True,11,True
916,508241,1603,Arrested,False,0,False
917,508241,2959,Arrested,True,18,False
918,504521,4270,Bail,False,0,True
919,504521,170,Bail,False,0,True
920,504521,3195,Bail,False,0,True
921,504521,532,Arrested,True,17,True
922,505099,732,Bail,True,11,True
923,505099,2303,Absconding,True,2,True
924,505099,522,Unknown,True,15,True
925,505099,4461,Bail,True,10,True
926,505099,1466,Unknown,False,0,True
927,513366,589,Unknown,False,0,True
928,513366,3482,Bail,False,0,True
929,513366,3922,Unknown,True,15,True
930,514418,2791,Bail,True,13,True
931,514418,2903,Bail,False,0,True
932,514418,3168,Unknown,True,1,True
933,514418,3535,Arrested,False,0,True
934,514418,1765,Unknown,True,7,True
935,515795,1689,Bail,True,4,True
936,515795,3059,Arrested,True,1,True
937,515795,3459,Arrested,False,0,True
938,515795,682,Arrested,True,11,True
939,515795,3405,Bail,True,3,True
940,524239,4755,Arrested,False,0,True
941,524239,282,Absconding,True,7,True
942,524239,676,Bail,False,0,True
943,503635,4334,Arrested,True,2,True
944,503635,3837,Arrested,False,0,True
945,503635,1715,Unknown,False,0,True
946,503635,4100,Bail,True,12,True
947,503635,1324,Arrested,True,7,True
948,507842,1186,Bail,False,0,False
949,507842,2010,Unknown,False,0,False
950,519588,3315,Arrested,True,5,False
951,523285,3777,Bail,True,11,False
952,523285,4547,Bail,False,0,False
953,500853,106,Bail,False,0,False
954,520729,1533,Bail,False,0,True
955,520729,2309,Unknown,True,11,True
956,520729,2254,Bail,True,20,True
957,520729,4876,Bail,False,0,True
958,518009,3060,Arrested,True,10,True
959,518009,1883,Bail,True,4,True
960,518009,4628,Unknown,True,14,True
961,518009,2330,Absconding,False,0,True
962,512432,3940,Arrested,False,0,False
963,512432,4653,Unknown,True,15,False
964,506070,1778,Bail,False,0,True
965,506070,4467,Arrested,False,0,True
966,506070,680,Arrested,False,0,True
967,506070,4222,Absconding,False,0,True
968,506070,1610,Arrested,False,0,True
969,506070,1810,Unknown,False,0,True
970,524527,4297,Absconding,True,18,False
971,506875,1344,Bail,True,4,True
972,506875,1688,Absconding,False,0,True
973,506875,3302,Unknown,False,0,True
974,506875,4768,Bail,True,16,True
975,506875,2392,Absconding,True,3,True
976,524186,2883,Unknown,False,0,True
977,524186,4573,Bail,False,0,True
978,524186,267,Bail,False,0,True
979,524186,3271,Unknown,True,8,True
980,524186,2072,Arrested,False,0,True
981,524556,832,Arrested,False,0,True
982,524556,229,Bail,False,0,True
983,524556,3502,Unknown,False,0,True
984,524556,3653,Arrested,False,0,True
985,524556,1165,Bail,False,0,True
986,505118,4900,Arrested,True,11,False
987,519635,2590,Bail,False,0,False
988,515667,3843,Bail,False,0,True
989,515667,2312,Unknown,True,14,True
990,515667,947,Arrested,True,10,True
991,502560,2325,Absconding,True,10,True
992,502560,4260,Arrested,False,0,True
993,502560,4501,Unknown,False,0,True
994,502560,2804,Bail,True,16,True
995,502560,1788,Unknown,False,0,True
996,523920,1199,Bail,False,0,True
997,523920,3754,Bail,True,6,True
998,523920,1819,Unknown,False,0,True
999,523920,2106,Bail,False,0,True
1000,502749,1925,Arrested,True,4,True
1001,502749,415,Unknown,True,1,True
1002,502749,786,Unknown,False,0,True
1003,502749,3337,Unknown,True,12,True
1004,502749,467,Arrested,True,13,True
1005,502749,1374,Unknown,False,0,True
1006,511989,1073,Bail,False,0,False
1007,511989,4972,Unknown,False,0,False
1008,518928,777,Absconding,False,0,False
1009,518928,3224,Arrested,True,13,False
1010,506211,1564,Absconding,True,3,True
1011,506211,727,Absconding,True,16,True
1012,506211,865,Absconding,False,0,True
1013,506211,4174,Bail,True,19,True
1014,506211,4674,Unknown,True,1,True
1015,509943,3729,Absconding,True,7,False
1016,509943,3244,Bail,False,0,False
1017,520538,3192,Absconding,False,0,True
1018,520538,1711,Bail,False,0,True
1019,520538,63,Arrested,False,0,True
1020,520538,3098,Bail,False,0,True
1021,520538,3333,Unknown,True,2,True
1022,523809,1373,Absconding,False,0,True
1023,523809,43,Unknown,False,0,True
1024,523809,1026,Absconding,False,0,True
1025,510629,4420,Arrested,False,0,False
1026,510629,3248,Arrested,True,20,False
1027,517289,2872,Bail,True,19,True
1028,517289,4496,Bail,False,0,True
1029,517289,2190,Bail,True,2,True
1030,517289,673,Absconding,True,12,True
1031,517289,4615,Unknown,True,13,True
1032,517289,1968,Absconding,False,0,True
1033,505924,703,Unknown,True,15,True
1034,505924,1326,Arrested,True,1,True
1035,505924,4592,Bail,True,3,True
1036,505924,1893,Arrested,False,0,True
1037,518217,3414,Absconding,False,0,True
1038,518217,4409,Absconding,False,0,True
1039,518217,4592,Arrested,True,12,True
1040,508901,3613,Unknown,True,7,True
1041,508901,504,Bail,False,0,True
1042,508901,4738,Bail,False,0,True
1043,508901,1374,Bail,False,0,True
1044,508901,565,Absconding,False,0,True
1045,508901,730,Absconding,True,1,True
1046,518007,1891,Unknown,True,2,False
1047,518007,3516,Unknown,False,0,False
1048,521114,639,Unknown,True,20,True
1049,521114,2444,Absconding,True,6,True
1050,521114,3522,Absconding,True,9,True
1051,521114,1869,Bail,False,0,True
1052,504443,1200,Unknown,True,17,False
1053,502347,1568,Bail,False,0,True
1054,502347,1825,Arrested,False,0,True
1055,502347,2308,Absconding,False,0,True
1056,502326,2258,Absconding,False,0,False
1057,502326,3830,Unknown,False,0,False
1058,500284,793,Bail,False,0,True
1059,500284,98,Absconding,False,0,True
1060,500284,3227,Absconding,True,10,True
1061,518359,2503,Unknown,False,0,True
1062,518359,17,Arrested,True,17,True
1063,518359,4636,Bail,True,11,True
1064,518359,4386,Arrested,True,18,True
1065,524769,1033,Absconding,True,12,True
1066,524769,1456,Arrested,True,9,True
1067,524769,1470,Unknown,True,9,True
1068,524769,1506,Unknown,True,5,True
1069,524769,1280,Absconding,False,0,True
1070,521300,4360,Unknown,False,0,True
1071,521300,3681,Absconding,False,0,True
1072,521300,593,Absconding,False,0,True
1073,521300,4024,Unknown,True,6,True
1074,521300,2645,Arrested,True,7,True
1075,520020,293,Bail,True,8,True
1076,520020,2192,Absconding,False,0,True
1077,520020,1279,Unknown,False,0,True
1078,520020,3198,Absconding,True,3,True
1079,520020,2688,Absconding,False,0,True
1080,520020,4655,Arrested,False,0,True
1081,501685,3382,Unknown,True,18,False
1082,506626,4467,Unknown,False,0,False
1083,517009,437,Bail,True,19,False
1084,517009,1306,Bail,False,0,False
1085,504411,1968,Absconding,False,0,True
1086,504411,4773,Absconding,True,5,True
1087,504411,3255,Arrested,True,5,True
1088,504411,1479,Arrested,False,0,True
1089,504411,1778,Arrested,True,17,True
1090,508142,595,Absconding,False,0,True
1091,508142,2042,Absconding,True,17,True
1092,508142,3036,Absconding,False,0,True
1093,508859,4021,Arrested,False,0,False
1094,508859,2171,Arrested,False,0,False
1095,523987,574,Absconding,False,0,True
1096,523987,1206,Unknown,False,0,True
1097,523987,20,Unknown,False,0,True
1098,523987,2990,Arrested,True,3,True
1099,511243,3637,Unknown,True,11,True
1100,511243,2972,Absconding,True,18,True
1101,511243,4667,Arrested,True,20,True
1102,516426,1404,Bail,True,19,True
1103,516426,1123,Arrested,False,0,True
1104,516426,288,Absconding,True,10,True
1105,516426,4904,Absconding,True,14,True
1106,516426,2985,Arrested,False,0,True
1107,509654,2740,Unknown,True,6,True
1108,509654,59,Absconding,True,14,True
1109,509654,4495,Bail,False,0,True
1110,509654,908,Unknown,False,0,True
1111,512035,4865,Arrested,True,2,True
1112,512035,1182,Unknown,False,0,True
1113,512035,1205,Absconding,True,15,True
1114,512035,417,Unknown,False,0,True
1115,512035,1249,Bail,True,12,True
1116,522810,3345,Arrested,True,20,True
1117,522810,3210,Bail,True,12,True
1118,522810,2910,Bail,True,7,True
1119,522810,4877,Absconding,False,0,True
1120,522810,1243,Arrested,False,0,True
1121,522810,4830,Unknown,False,0,True
1122,521135,2945,Bail,True,19,False
1123,512274,3630,Absconding,True,9,False
1124,512274,3658,Unknown,True,9,False
1125,510229,135,Bail,True,12,False
1126,500964,4312,Bail,True,5,True
1127,500964,3902,Bail,False,0,True
1128,500964,2666,Bail,True,14,True
1129,500964,1765,Arrested,True,1,True
1130,500964,2031,Unknown,False,0,True
1131,500964,462,Absconding,True,15,True
1132,521217,231,Arrested,False,0,True
1133,521217,2893,Bail,True,9,True
1134,521217,3750,Arrested,False,0,True
1135,521217,4304,Bail,False,0,True
1136,521217,2993,Unknown,True,11,True
1137,512537,629,Unknown,True,3,True
1138,512537,623,Arrested,False,0,True
1139,512537,3850,Bail,True,19,True
1140,512537,2005,Absconding,False,0,True
1141,512537,1285,Absconding,False,0,True
1142,512537,2709,Arrested,False,0,True
1143,501104,3726,Bail,False,0,False
1144,521252,3249,Arrested,False,0,True
1145,521252,1366,Bail,False,0,True
1146,521252,4092,Arrested,False,0,True
1147,521252,2535,Arrested,True,8,True
1148,521252,2689,Absconding,True,17,True
1149,521252,2936,Unknown,True,19,True
1150,512607,2778,Unknown,True,3,True
1151,512607,312,Absconding,False,0,True
1152,512607,2049,Bail,True,14,True
1153,512607,4503,Bail,True,7,True
1154,503278,4191,Bail,False,0,False
1155,500627,1773,Bail,True,15,True
1156,500627,1104,Arrested,True,18,True
1157,500627,2822,Absconding,False,0,True
1158,519986,3821,Unknown,False,0,True
1159,519986,2941,Bail,False,0,True
1160,519986,3428,Unknown,True,19,True
1161,519986,1509,Arrested,True,8,True
1162,519986,844,Unknown,True,19,True
1163,510982,4590,Arrested,False,0,False
1164,516805,2964,Unknown,False,0,False
1165,506848,3267,Absconding,True,9,True
1166,506848,10,Arrested,True,20,True
1167,506848,4131,Bail,True,7,True
1168,506309,2622,Unknown,False,0,True
1169,506309,4100,Absconding,True,1,True
1170,506309,1623,Unknown,False,0,True
1171,505935,4163,Bail,True,18,True
1172,505935,1683,Arrested,False,0,True
1173,505935,609,Arrested,True,1,True
1174,505935,674,Absconding,True,20,True
1175,515560,3064,Bail,False,0,True
1176,515560,917,Arrested,True,1,True
1177,515560,2892,Unknown,False,0,True
1178,520988,2196,Bail,False,0,False
1179,519450,897,Unknown,False,0,False
1180,519450,1765,Bail,False,0,False
1181,513979,1914,Absconding,False,0,False
1182,513979,3270,Arrested,True,15,False
1183,523685,121,Absconding,False,0,True
1184,523685,1769,Arrested,True,16,True
1185,523685,3382,Bail,False,0,True
1186,523685,4042,Absconding,True,17,True
1187,523685,110,Absconding,False,0,True
1188,523685,2411,Arrested,False,0,True
1189,522122,1146,Bail,True,2,True
1190,522122,1584,Absconding,False,0,True
1191,522122,771,Bail,True,2,True
1192,522122,4564,Absconding,True,15,True
1193,522122,3976,Bail,True,4,True
1194,522122,3196,Unknown,False,0,True
1195,503464,1103,Bail,False,0,True
1196,503464,1677,Unknown,False,0,True
1197,503464,3230,Bail,True,16,True
1198,503464,4065,Arrested,False,0,True
1199,503464,2234,Arrested,True,5,True
1200,510753,1414,Bail,False,0,False
1201,510753,931,Absconding,False,0,False
1202,508744,4742,Bail,False,0,True
1203,508744,1693,Absconding,False,0,True
1204,508744,4759,Absconding,False,0,True
1205,508744,2548,Bail,False,0,True
1206,508744,269,Bail,True,7,True
1207,510671,3758,Bail,True,12,True
1208,510671,865,Arrested,True,5,True
1209,510671,912,Arrested,False,0,True
1210,510671,2299,Bail,True,13,True
1211,510671,3384,Bail,True,9,True
1212,511925,4325,Arrested,False,0,False
1213,511925,1340,Arrested,False,0,False
1214,510423,1066,Arrested,False,0,True
1215,510423,2810,Bail,False,0,True
1216,510423,696,Unknown,True,16,True
1217,505497,1480,Bail,True,9,True
1218,505497,1031,Arrested,True,20,True
1219,505497,1122,Absconding,False,0,True
1220,510373,4737,Arrested,True,2,True
1221,510373,2144,Unknown,True,8,True
1222,510373,1646,Unknown,True,12,True
1223,510373,4356,Unknown,False,0,True
1224,502085,1413,Absconding,True,7,True
1225,502085,4122,Unknown,False,0,True
1226,502085,2125,Bail,False,0,True
1227,502085,4532,Bail,True,14,True
1228,504085,2543,Arrested,True,15,True
1229,504085,4962,Bail,True,18,True
1230,504085,3517,Bail,True,6,True
1231,504085,2501,Unknown,True,17,True
1232,504085,3556,Bail,True,3,True
1233,504085,782,Unknown,True,12,True
1234,506831,3720,Arrested,False,0,False
1235,508529,2877,Absconding,True,20,True
1236,508529,1629,Arrested,True,19,True
1237,508529,3815,Bail,False,0,True
1238,508529,896,Absconding,False,0,True
1239,508529,307,Arrested,False,0,True
1240,502010,3187,Absconding,True,12,False
1241,518519,3162,Arrested,True,20,True
1242,518519,2431,Bail,True,3,True
1243,518519,4916,Arrested,True,19,True
1244,500260,4915,Bail,False,0,True
1245,500260,2781,Arrested,True,18,True
1246,500260,12,Bail,True,11,True
1247,500260,3139,Bail,True,4,True
1248,500260,1112,Arrested,False,0,True
1249,500260,3171,Unknown,True,18,True
1250,513288,2585,Bail,False,0,True
1251,513288,261,Absconding,False,0,True
1252,513288,3601,Bail,True,7,True
1253,507908,3554,Unknown,False,0,True
1254,507908,1003,Arrested,True,7,True
1255,507908,3630,Absconding,False,0,True
1256,523671,1331,Unknown,False,0,False
1257,520191,2236,Unknown,False,0,True
1258,520191,4303,Absconding,False,0,True
1259,520191,3741,Absconding,False,0,True
1260,522303,2947,Arrested,False,0,True
1261,522303,1566,Unknown,False,0,True
1262,522303,1662,Absconding,False,0,True
1263,522503,2907,Absconding,True,15,True
1264,522503,962,Absconding,False,0,True
1265,522503,4751,Absconding,True,12,True
1266,521590,3302,Unknown,False,0,True
1267,521590,4470,Unknown,False,0,True
1268,521590,1368,Bail,True,16,True
1269,521590,46,Absconding,True,18,True
1270,514983,2484,Arrested,True,5,True
1271,514983,4717,Absconding,True,17,True
1272,514983,816,Bail,True,1,True
1273,514983,451,Absconding,False,0,True
1274,509827,1279,Arrested,True,19,True
1275,509827,334,Arrested,True,9,True
1276,509827,1632,Arrested,False,0,True
1277,509827,3794,Bail,True,17,True
1278,509827,461,Unknown,True,11,True
1279,509827,3216,Absconding,True,8,True
1280,501941,3239,Arrested,False,0,True
1281,501941,2176,Absconding,True,14,True
1282,501941,1787,Unknown,False,0,True
1283,510245,4435,Arrested,False,0,True
1284,510245,148,Absconding,False,0,True
1285,510245,920,Arrested,True,13,True
1286,510245,217,Bail,True,11,True
1287,510245,2549,Absconding,True,13,True
1288,510245,3997,Arrested,True,11,True
1289,513839,2350,Arrested,True,8,False
1290,523120,3768,Unknown,True,3,True
1291,523120,2462,Unknown,True,4,True
1292,523120,3699,Arrested,True,1,True
1293,523120,3564,Absconding,True,6,True
1294,519408,3046,Unknown,False,0,True
1295,519408,1164,Bail,False,0,True
1296,519408,391,Arrested,False,0,True
1297,519408,4241,Unknown,False,0,True
1298,519408,2196,Arrested,True,20,True
1299,519408,1216,Bail,False,0,True
1300,511317,548,Arrested,False,0,True
1301,511317,968,Unknown,False,0,True
1302,511317,755,Arrested,False,0,True
1303,511317,2851,Absconding,False,0,True
1304,511317,125,Arrested,False,0,True
1305,511317,2964,Arrested,True,20,True
1306,522549,1314,Arrested,True,20,False
1307,522549,3606,Absconding,True,7,False
1308,503687,2553,Unknown,False,0,False
1309,503687,4699,Arrested,True,16,False
1310,516511,3408,Unknown,False,0,True
1311,516511,3106,Absconding,True,10,True
1312,516511,908,Unknown,True,18,True
1313,516511,445,Absconding,True,17,True
1314,516511,4456,Unknown,True,6,True
1315,516511,2721,Absconding,True,7,True
1316,516544,4201,Absconding,False,0,False
1317,521461,4836,Absconding,True,3,False
1318,508342,1530,Bail,False,0,True
1319,508342,873,Bail,True,12,True
1320,508342,1290,Arrested,True,4,True
1321,508342,331,Absconding,True,3,True
1322,508342,655,Unknown,True,5,True
1323,508342,844,Absconding,True,18,True
1324,508011,4923,Absconding,True,3,False
1325,505930,3231,Arrested,True,16,False
1326,510064,422,Unknown,False,0,False
1327,510064,1176,Absconding,True,8,False
1328,502137,477,Arrested,False,0,True
1329,502137,511,Unknown,True,11,True
1330,502137,1015,Unknown,False,0,True
1331,502137,1683,Bail,False,0,True
1332,502137,637,Arrested,True,15,True
1333,502137,4706,Unknown,False,0,True
1334,520854,3217,Absconding,True,16,True
1335,520854,171,Bail,False,0,True
1336,520854,442,Arrested,True,16,True
1337,520854,1452,Bail,True,16,True
1338,520854,1467,Bail,False,0,True
1339,517896,4168,Arrested,False,0,False
1340,501835,2697,Absconding,False,0,True
1341,501835,1584,Absconding,True,20,True
1342,501835,4343,Absconding,True,3,True
1343,501835,1642,Absconding,True,13,True
1344,501835,1967,Unknown,True,7,True
1345,501835,113,Absconding,True,7,True
1346,511064,4401,Absconding,False,0,True
1347,511064,3941,Bail,True,10,True
1348,511064,4596,Bail,False,0,True
1349,511064,3228,Bail,True,2,True
1350,507091,2994,Arrested,True,19,True
1351,507091,2658,Unknown,False,0,True
1352,507091,4465,Bail,True,19,True
1353,507091,2990,Unknown,False,0,True
1354,507091,565,Unknown,False,0,True
1355,507091,2503,Bail,False,0,True
1356,516398,140,Arrested,True,7,True
1357,516398,2285,Arrested,False,0,True
1358,516398,2570,Unknown,False,0,True
1359,516398,4895,Bail,False,0,True
1360,507707,587,Absconding,True,1,True
1361,507707,3914,Absconding,True,9,True
1362,507707,2032,Absconding,False,0,True
1363,507707,4731,Unknown,True,9,True
1364,500100,1964,Arrested,False,0,True
1365,500100,2875,Absconding,False,0,True
1366,500100,2403,Absconding,False,0,True
1367,523464,3418,Absconding,False,0,False
1368,513020,3284,Bail,False,0,True
1369,513020,3565,Bail,True,10,True
1370,513020,647,Absconding,False,0,True
1371,513020,3297,Bail,True,5,True
1372,513020,2678,Unknown,True,11,True
1373,513020,1906,Arrested,True,20,True
1374,513996,509,Bail,True,9,False
1375,513996,3874,Arrested,True,13,False
1376,504158,3433,Unknown,True,12,True
1377,504158,4824,Unknown,False,0,True
1378,504158,4669,Unknown,True,19,True
1379,504158,2775,Absconding,True,4,True
1380,504158,279,Unknown,True,17,True
1381,504158,1346,Arrested,True,5,True
1382,507720,689,Bail,False,0,True
1383,507720,2327,Bail,True,7,True
1384,507720,4497,Arrested,True,11,True
1385,507720,811,Absconding,False,0,True
1386,507720,3479,Unknown,True,9,True
1387,507720,4765,Arrested,False,0,True
1388,520580,1610,Absconding,False,0,True
1389,520580,4565,Bail,True,2,True
1390,520580,4233,Bail,True,10,True
1391,505628,2454,Unknown,True,14,False
1392,505628,4731,Bail,True,6,False
1393,508159,3892,Absconding,True,1,True
1394,508159,648,Absconding,True,20,True
1395,508159,841,Arrested,False,0,True
1396,508159,2398,Absconding,True,12,True
1397,504597,3911,Unknown,False,0,True
1398,504597,4835,Absconding,True,17,True
1399,504597,2181,Bail,False,0,True
1400,504597,1107,Bail,True,3,True
1401,504597,554,Bail,True,8,True
1402,508819,3957,Absconding,True,4,False
1403,508819,1659,Arrested,False,0,False
1404,523361,4824,Arrested,False,0,True
1405,523361,188,Unknown,True,9,True
1406,523361,4196,Unknown,True,4,True
1407,523361,3524,Unknown,True,10,True
1408,508758,705,Bail,False,0,False
1409,508758,1705,Bail,False,0,False
1410,524533,2378,Unknown,True,19,False
1411,524533,2309,Unknown,False,0,False
1412,522281,2292,Bail,False,0,True
1413,522281,3973,Absconding,True,20,True
1414,522281,1540,Absconding,True,8,True
1415,522281,3427,Absconding,True,11,True
1416,522281,927,Absconding,False,0,True
1417,524441,842,Unknown,True,8,True
1418,524441,3433,Arrested,False,0,True
1419,524441,2661,Absconding,True,16,True
1420,524441,1203,Bail,False,0,True
1421,524441,4040,Absconding,False,0,True
1422,508994,4063,Arrested,True,1,False
1423,508994,3370,Bail,True,5,False
1424,510322,1562,Arrested,True,16,True
1425,510322,3294,Unknown,False,0,True
1426,510322,1744,Absconding,True,18,True
1427,510322,4488,Unknown,True,18,True
1428,510322,3250,Unknown,True,6,True
1429,510322,2535,Bail,True,14,True
1430,515798,3187,Absconding,False,0,True
1431,515798,3987,Arrested,True,12,True
1432,515798,4318,Bail,True,20,True
1433,515798,3964,Bail,True,3,True
1434,515798,3336,Unknown,True,5,True
1435,503266,4113,Unknown,True,20,False
1436,518243,4639,Bail,False,0,False
1437,518243,1749,Unknown,True,20,False
1438,506562,2117,Arrested,True,20,True
1439,506562,494,Arrested,False,0,True
1440,506562,3661,Arrested,False,0,True
1441,516277,1167,Unknown,True,12,True
1442,516277,3126,Arrested,True,7,True
1443,516277,4101,Arrested,False,0,True
1444,516277,1956,Absconding,False,0,True
1445,516277,1259,Unknown,False,0,True
1446,516277,4329,Arrested,False,0,True
1447,515833,3329,Arrested,True,14,True
1448,515833,141,Arrested,False,0,True
1449,515833,3829,Arrested,True,17,True
1450,515833,754,Bail,False,0,True
1451,509490,3294,Absconding,True,13,False
1452,520890,723,Bail,True,11,True
1453,520890,379,Unknown,True,10,True
1454,520890,2385,Absconding,False,0,True
1455,506693,1392,Absconding,True,8,True
1456,506693,4556,Absconding,False,0,True
1457,506693,1686,Arrested,False,0,True
1458,506693,4231,Unknown,False,0,True
1459,506693,2982,Unknown,False,0,True
1460,519053,228,Absconding,True,16,False
1461,521958,2219,Bail,True,9,True
1462,521958,3427,Absconding,False,0,True
1463,521958,3233,Bail,True,6,True
1464,521958,2352,Bail,True,8,True
1465,521958,2951,Unknown,False,0,True
1466,521958,4934,Absconding,True,7,True
1467,506391,2062,Absconding,True,8,True
1468,506391,2651,Absconding,False,0,True
1469,506391,2189,Bail,False,0,True
1470,506391,1787,Bail,False,0,True
1471,520834,4465,Absconding,True,4,True
1472,520834,3754,Absconding,True,18,True
1473,520834,1895,Absconding,False,0,True
1474,520834,4208,Absconding,False,0,True
1475,500347,169,Arrested,False,0,False
1476,500347,2186,Unknown,False,0,False
1477,508204,423,Absconding,True,14,False
1478,508204,2646,Unknown,False,0,False
1479,519103,1558,Bail,False,0,True
1480,519103,2139,Absconding,False,0,True
1481,519103,2919,Absconding,False,0,True
1482,509854,3028,Bail,False,0,True
1483,509854,2837,Absconding,False,0,True
1484,509854,2327,Absconding,True,2,True
1485,509854,3173,Arrested,False,0,True
1486,509854,1413,Absconding,False,0,True
1487,511974,3853,Absconding,True,2,False
1488,511974,2768,Absconding,False,0,False
1489,500251,4927,Bail,True,7,True
1490,500251,1343,Arrested,True,11,True
1491,500251,2118,Unknown,False,0,True
1492,500251,384,Absconding,False,0,True
1493,500251,3033,Unknown,False,0,True
1494,500251,880,Bail,False,0,True
1495,500719,2463,Absconding,False,0,False
1496,500719,966,Unknown,False,0,False
1497,524466,4504,Bail,True,6,True
1498,524466,3823,Arrested,True,15,True
1499,524466,919,Absconding,False,0,True
1500,524466,2083,Absconding,False,0,True
1501,524466,3835,Bail,False,0,True
1502,524466,1891,Unknown,False,0,True
1503,504098,2180,Unknown,False,0,True
1504,504098,3592,Arrested,False,0,True
1505,504098,874,Arrested,True,11,True
1506,504098,3325,Arrested,False,0,True
1507,504098,4731,Arrested,True,2,True
1508,504098,4528,Arrested,False,0,True
1509,522647,486,Bail,True,16,True
1510,522647,4434,Arrested,True,11,True
1511,522647,3809,Bail,True,2,True
1512,518639,2378,Unknown,True,1,True
1513,518639,4052,Unknown,False,0,True
1514,518639,3568,Bail,True,3,True
1515,518639,3815,Arrested,True,15,True
1516,523825,1005,Unknown,False,0,True
1517,523825,3739,Unknown,False,0,True
1518,523825,2584,Arrested,False,0,True
1519,509356,3305,Bail,False,0,True
1520,509356,904,Arrested,False,0,True
1521,509356,1325,Arrested,False,0,True
1522,510230,2296,Unknown,False,0,True
1523,510230,3647,Bail,False,0,True
1524,510230,2836,Bail,True,8,True
1525,510230,3210,Unknown,True,10,True
1526,510230,755,Arrested,False,0,True
1527,510230,2268,Absconding,False,0,True
1528,518184,291,Unknown,True,6,True
1529,518184,2644,Arrested,False,0,True
1530,518184,2696,Bail,False,0,True
1531,518184,4768,Unknown,False,0,True
1532,518184,4419,Absconding,False,0,True
1533,520046,2256,Absconding,True,20,False
1534,508030,2135,Absconding,True,10,True
1535,508030,532,Bail,True,20,True
1536,508030,4841,Arrested,True,7,True
1537,508030,3603,Absconding,True,16,True
1538,508030,4677,Arrested,False,0,True
1539,508030,1588,Bail,False,0,True
1540,523262,3435,Bail,True,18,True
1541,523262,1083,Bail,False,0,True
1542,523262,4975,Arrested,False,0,True
1543,523262,2729,Unknown,True,18,True
1544,523262,4476,Unknown,True,11,True
1545,523262,4453,Arrested,False,0,True
1546,511754,1798,Bail,True,2,True
1547,511754,918,Bail,False,0,True
1548,511754,1492,Bail,True,18,True
1549,511754,1075,Absconding,True,1,True
1550,511754,4327,Arrested,False,0,True
1551,511754,2072,Bail,True,10,True
1552,507537,1935,Arrested,True,18,True
1553,507537,4369,Bail,False,0,True
1554,507537,2299,Unknown,False,0,True
1555,507537,796,Absconding,False,0,True
1556,507537,4929,Bail,True,10,True
1557,507537,334,Absconding,False,0,True
1558,512651,2300,Unknown,True,4,False
1559,512651,2873,Bail,False,0,False
1560,501973,101,Unknown,True,3,True
1561,501973,1768,Unknown,False,0,True
1562,501973,3098,Bail,True,16,True
1563,501973,1465,Unknown,False,0,True
1564,504565,1325,Bail,True,20,True
1565,504565,2873,Arrested,True,18,True
1566,504565,4318,Arrested,True,5,True
1567,504565,2087,Unknown,True,12,True
1568,517946,2342,Bail,False,0,False
1569,517946,1327,Absconding,True,5,False
1570,504951,3150,Arrested,False,0,False
1571,504951,3301,Unknown,False,0,False
1572,513200,4860,Arrested,False,0,True
1573,513200,197,Absconding,True,5,True
1574,513200,4905,Unknown,True,15,True
1575,513200,836,Unknown,False,0,True
1576,509890,1770,Absconding,True,15,True
1577,509890,641,Bail,False,0,True
1578,509890,1151,Absconding,True,16,True
1579,509890,1134,Arrested,True,20,True
1580,509890,2129,Absconding,False,0,True
1581,511215,3371,Arrested,True,4,False
1582,500076,4163,Bail,True,16,True
1583,500076,668,Arrested,True,2,True
1584,500076,4748,Bail,True,7,True
1585,500076,1218,Arrested,False,0,True
1586,501148,2778,Unknown,False,0,True
1587,501148,2694,Unknown,False,0,True
1588,501148,3713,Arrested,True,16,True
1589,501148,4364,Bail,False,0,True
1590,501148,287,Arrested,True,19,True
1591,501148,4122,Arrested,False,0,True
1592,522395,1823,Unknown,False,0,True
1593,522395,4878,Bail,True,9,True
1594,522395,4439,Arrested,False,0,True
1595,522395,4831,Arrested,False,0,True
1596,522395,3419,Bail,False,0,True
1597,522395,2509,Bail,False,0,True
1598,508023,864,Bail,False,0,True
1599,508023,3739,Unknown,True,5,True
1600,508023,3406,Bail,True,2,True
1601,524902,3873,Absconding,True,13,False
1602,524902,1666,Absconding,False,0,False
1603,500035,2495,Arrested,False,0,True
1604,500035,4499,Bail,False,0,True
1605,500035,1357,Arrested,True,20,True
1606,500035,2141,Bail,True,9,True
1607,500035,3804,Arrested,True,7,True
1608,500035,1734,Unknown,False,0,True
1609,504580,2141,Absconding,True,1,True
1610,504580,3714,Unknown,False,0,True
1611,504580,2388,Arrested,False,0,True
1612,504580,3913,Absconding,True,8,True
1613,504580,826,Bail,False,0,True
1614,504580,1968,Absconding,True,12,True
1615,502210,143,Absconding,False,0,True
1616,502210,1091,Absconding,False,0,True
1617,502210,4067,Absconding,True,2,True
1618,502210,835,Bail,True,4,True
1619,520042,870,Bail,True,8,True
1620,520042,3385,Arrested,False,0,True
1621,520042,2122,Unknown,False,0,True
1622,520042,2121,Bail,False,0,True
1623,520042,804,Absconding,True,20,True
1624,508157,774,Unknown,True,13,False
1625,517790,3169,Bail,True,1,True
1626,517790,890,Absconding,False,0,True
1627,517790,1566,Arrested,False,0,True
1628,517790,1176,Unknown,True,2,True
1629,517790,3275,Unknown,False,0,True
1630,505115,1133,Unknown,False,0,True
1631,505115,1784,Absconding,False,0,True
1632,505115,1060,Bail,True,15,True
1633,505115,278,Absconding,True,1,True
1634,516070,3584,Unknown,False,0,False
1635,509301,1504,Arrested,True,8,True
1636,509301,186,Bail,True,8,True
1637,509301,3360,Absconding,False,0,True
1638,509301,680,Arrested,True,17,True
1639,507364,4473,Absconding,False,0,True
1640,507364,4859,Arrested,False,0,True
1641,507364,2599,Bail,True,7,True
1642,507364,1278,Unknown,False,0,True
1643,524844,1939,Bail,False,0,False
1644,524844,1963,Unknown,False,0,False
1645,505054,2025,Bail,False,0,True
1646,505054,2120,Bail,False,0,True
1647,505054,2444,Absconding,True,15,True
1648,505054,2488,Absconding,True,10,True
1649,505054,4688,Unknown,False,0,True
1650,514265,4347,Bail,False,0,True
1651,514265,2960,Absconding,True,13,True
1652,514265,137,Arrested,False,0,True
1653,514265,2723,Bail,True,19,True
1654,514265,3694,Bail,False,0,True
1655,510580,574,Arrested,True,5,False
1656,510580,1146,Arrested,False,0,False
1657,511922,4699,Arrested,True,2,True
1658,511922,4263,Bail,False,0,True
1659,511922,2730,Absconding,False,0,True
1660,511922,1230,Absconding,True,17,True
1661,518949,4641,Absconding,False,0,True
1662,518949,2424,Bail,True,6,True
1663,518949,702,Absconding,False,0,True
1664,513011,3184,Unknown,True,15,True
1665,513011,1005,Arrested,True,2,True
1666,513011,1123,Absconding,False,0,True
1667,513011,2410,Unknown,True,17,True
1668,513011,3324,Arrested,True,4,True
1669,513011,3827,Arrested,False,0,True
1670,508583,1336,Bail,False,0,True
1671,508583,419,Bail,False,0,True
1672,508583,551,Absconding,False,0,True
1673,508583,2394,Absconding,True,6,True
1674,508583,3630,Unknown,False,0,True
1675,508583,317,Unknown,False,0,True
1676,515802,3832,Bail,True,14,True
1677,515802,2336,Bail,True,19,True
1678,515802,3913,Unknown,False,0,True
1679,515802,2863,Arrested,False,0,True
1680,515802,2922,Absconding,True,5,True
1681,515802,1749,Unknown,True,20,True
1682,509189,2198,Bail,False,0,False
1683,509189,3347,Unknown,False,0,False
1684,503549,401,Arrested,False,0,True
1685,503549,4171,Absconding,True,4,True
1686,503549,443,Unknown,True,10,True
1687,503549,2332,Unknown,True,15,True
1688,522422,4690,Unknown,True,13,True
1689,522422,2625,Absconding,False,0,True
1690,522422,4414,Absconding,True,6,True
1691,522422,4130,Arrested,True,17,True
1692,522422,2380,Unknown,False,0,True
1693,522422,1639,Unknown,True,5,True
1694,501744,445,Bail,True,2,True
1695,501744,4843,Bail,True,5,True
1696,501744,710,Bail,False,0,True
1697,515738,1260,Unknown,True,10,True
1698,515738,3516,Absconding,True,10,True
1699,515738,4113,Absconding,True,5,True
1700,521092,4806,Arrested,True,2,False
1701,505091,3527,Bail,True,3,False
1702,513959,931,Absconding,True,2,True
1703,513959,1814,Unknown,True,15,True
1704,513959,4371,Bail,False,0,True
1705,513959,2230,Unknown,False,0,True
1706,503707,463,Bail,True,11,True
1707,503707,4752,Absconding,True,9,True
1708,503707,4527,Arrested,False,0,True
1709,503707,236,Unknown,True,3,True
1710,509685,4991,Absconding,True,13,True
1711,509685,1042,Absconding,True,7,True
1712,509685,4040,Absconding,False,0,True
1713,509685,555,Unknown,False,0,True
1714,509685,1323,Bail,True,3,True
1715,509685,809,Arrested,True,2,True
1716,502389,2855,Unknown,False,0,True
1717,502389,2474,Bail,False,0,True
1718,502389,948,Absconding,False,0,True
1719,502389,4395,Bail,False,0,True
1720,513198,2145,Unknown,False,0,False
1721,513198,4635,Absconding,False,0,False
1722,524629,3706,Unknown,False,0,True
1723,524629,1205,Unknown,False,0,True
1724,524629,2245,Unknown,False,0,True
1725,524629,2659,Unknown,False,0,True
1726,524629,3705,Arrested,True,19,True
1727,503954,3803,Arrested,False,0,False
1728,503954,1009,Absconding,True,15,False
1729,514525,2136,Unknown,False,0,True
1730,514525,187,Bail,True,9,True
1731,514525,1244,Bail,True,4,True
1732,514525,1995,Absconding,False,0,True
1733,514525,1764,Bail,False,0,True
1734,505743,672,Arrested,False,0,True
1735,505743,1570,Arrested,False,0,True
1736,505743,3268,Arrested,True,20,True
1737,505743,3696,Bail,True,12,True
1738,502517,4682,Unknown,False,0,True
1739,502517,4459,Absconding,True,6,True
1740,502517,1530,Arrested,False,0,True
1741,502517,2347,Bail,False,0,True
1742,502517,988,Absconding,True,8,True
1743,509775,2405,Unknown,False,0,True
1744,509775,3913,Arrested,True,2,True
1745,509775,2587,Unknown,True,7,True
1746,504069,4264,Unknown,True,11,True
1747,504069,3914,Bail,False,0,True
1748,504069,2101,Unknown,False,0,True
1749,504069,3355,Absconding,False,0,True
1750,504069,3370,Unknown,True,18,True
1751,504069,2959,Arrested,True,3,True
1752,515583,978,Arrested,False,0,True
1753,515583,1120,Bail,False,0,True
1754,515583,1689,Absconding,False,0,True
1755,515583,2471,Arrested,True,7,True
1756,515583,709,Unknown,True,17,True
1757,515583,2994,Unknown,False,0,True
1758,518380,608,Unknown,True,17,True
1759,518380,2923,Unknown,True,1,True
1760,518380,1244,Arrested,False,0,True
1761,518380,4247,Absconding,False,0,True
1762,523755,1665,Absconding,False,0,True
1763,523755,2338,Bail,True,13,True
1764,523755,1147,Bail,False,0,True
1765,523755,2157,Unknown,False,0,True
1766,523755,1617,Bail,False,0,True
1767,523755,582,Arrested,True,15,True
1768,512282,2707,Absconding,True,11,True
1769,512282,3033,Absconding,True,6,True
1770,512282,2668,Absconding,False,0,True
1771,512282,2380,Arrested,True,1,True
1772,517958,4082,Unknown,False,0,True
1773,517958,742,Bail,False,0,True
1774,517958,372,Bail,True,15,True
1775,507516,2133,Bail,True,13,False
1776,507516,2588,Unknown,True,4,False
1777,503223,3471,Arrested,True,16,True
1778,503223,438,Unknown,True,20,True
1779,503223,3403,Arrested,False,0,True
1780,518818,2596,Unknown,True,20,False
1781,518037,4446,Arrested,False,0,True
1782,518037,3133,Bail,True,8,True
1783,518037,1355,Absconding,False,0,True
1784,518037,4501,Unknown,False,0,True
1785,518037,1419,Absconding,True,17,True
1786,514500,4868,Arrested,False,0,False
1787,514500,1120,Bail,True,18,False
1788,515549,1947,Arrested,True,7,True
1789,515549,1234,Arrested,False,0,True
1790,515549,2908,Arrested,True,2,True
1791,515726,2701,Bail,True,19,False
1792,515726,1260,Unknown,False,0,False
1793,521732,4804,Unknown,False,0,False
1794,524596,3085,Unknown,True,14,False
1795,524596,3456,Arrested,False,0,False
1796,514229,4429,Arrested,True,3,True
1797,514229,1949,Bail,False,0,True
1798,514229,259,Unknown,True,13,True
1799,514229,2577,Bail,True,13,True
1800,514229,1794,Absconding,False,0,True
1801,514229,3573,Absconding,False,0,True
1802,505788,2927,Arrested,True,9,False
1803,505788,2318,Absconding,False,0,False
1804,506504,1679,Unknown,False,0,False
1805,506504,3949,Unknown,False,0,False
1806,504974,2945,Absconding,True,8,True
1807,504974,200,Bail,False,0,True
1808,504974,539,Unknown,False,0,True
1809,515506,3699,Absconding,False,0,True
1810,515506,4460,Absconding,False,0,True
1811,515506,3158,Absconding,True,16,True
1812,515506,2750,Arrested,False,0,True
1813,515506,836,Absconding,True,7,True
1814,514931,3144,Unknown,False,0,True
1815,514931,3938,Arrested,False,0,True
1816,514931,330,Arrested,False,0,True
1817,514931,4230,Bail,True,18,True
1818,520548,4752,Unknown,True,7,True
1819,520548,1358,Bail,True,6,True
1820,520548,155,Bail,True,9,True
1821,516489,191,Unknown,False,0,False
1822,518761,1344,Unknown,True,12,False
1823,518761,2298,Absconding,False,0,False
1824,505884,4549,Arrested,True,14,True
1825,505884,117,Absconding,False,0,True
1826,505884,1701,Bail,True,18,True
1827,505884,4878,Unknown,True,13,True
1828,505884,1859,Unknown,False,0,True
1829,505884,2109,Absconding,False,0,True
1830,517478,4592,Bail,True,3,False
1831,521839,4049,Bail,False,0,False
1832,521839,3523,Absconding,True,13,False
1833,506174,257,Absconding,False,0,True
1834,506174,1290,Bail,True,13,True
1835,506174,4747,Arrested,True,20,True
1836,506174,4265,Arrested,True,5,True
1837,506174,1487,Bail,True,14,True
1838,506174,4579,Bail,False,0,True
1839,503275,622,Arrested,True,11,True
1840,503275,85,Unknown,False,0,True
1841,503275,4857,Bail,False,0,True
1842,503275,4488,Arrested,True,16,True
1843,503275,3,Unknown,False,0,True
1844,503275,3454,Bail,False,0,True
1845,522480,4444,Absconding,False,0,True
1846,522480,1968,Bail,True,9,True
1847,522480,4760,Unknown,False,0,True
1848,522480,3615,Absconding,False,0,True
1849,522480,1596,Absconding,True,11,True
1850,521514,843,Unknown,True,14,True
1851,521514,4437,Unknown,False,0,True
1852,521514,2067,Unknown,False,0,True
1853,521514,416,Arrested,True,17,True
1854,504274,346,Bail,True,8,False
1855,504274,1278,Unknown,True,11,False
1856,502768,1734,Absconding,True,2,True
1857,502768,2047,Arrested,False,0,True
1858,502768,4253,Bail,True,10,True
1859,502768,3192,Bail,False,0,True
1860,502768,283,Unknown,True,20,True
1861,502768,509,Bail,True,2,True
1862,502588,448,Bail,True,6,False
1863,502588,2995,Bail,False,0,False
1864,510949,1892,Bail,True,4,True
1865,510949,592,Absconding,False,0,True
1866,510949,2813,Arrested,False,0,True
1867,510949,2737,Absconding,True,18,True
1868,510949,4825,Unknown,False,0,True
1869,514888,2486,Bail,True,14,True
1870,514888,1556,Bail,False,0,True
1871,514888,2403,Unknown,True,10,True
1872,514888,4046,Unknown,False,0,True
1873,514888,3746,Bail,False,0,True
1874,514888,4222,Unknown,True,6,True
1875,512832,2460,Bail,True,11,True
1876,512832,2978,Absconding,False,0,True
1877,512832,750,Bail,True,8,True
1878,512832,296,Absconding,False,0,True
1879,501484,543,Absconding,True,10,True
1880,501484,4483,Absconding,True,4,True
1881,501484,811,Arrested,False,0,True
1882,501484,250,Bail,True,11,True
1883,501484,1362,Unknown,True,20,True
1884,501484,2524,Unknown,True,16,True
1885,521842,4386,Unknown,False,0,True
1886,521842,3999,Bail,True,19,True
1887,521842,288,Absconding,True,19,True
1888,500053,1333,Arrested,True,20,True
1889,500053,1408,Bail,False,0,True
1890,500053,1177,Unknown,False,0,True
1891,500053,76,Bail,True,3,True
1892,515388,2422,Bail,False,0,True
1893,515388,4299,Arrested,True,20,True
1894,515388,3001,Absconding,True,4,True
1895,515388,1135,Unknown,False,0,True
1896,515388,4845,Arrested,False,0,True
1897,515388,34,Unknown,False,0,True
1898,515779,578,Absconding,False,0,True
1899,515779,2657,Unknown,True,7,True
1900,515779,1051,Absconding,False,0,True
1901,515779,2804,Arrested,False,0,True
1902,510597,1904,Unknown,False,0,True
1903,510597,2631,Arrested,True,8,True
1904,510597,1303,Absconding,True,11,True
1905,510597,1556,Absconding,False,0,True
1906,510597,1163,Arrested,True,20,True
1907,503048,2113,Arrested,True,8,False
1908,505534,1696,Unknown,True,13,True
1909,505534,2570,Bail,False,0,True
1910,505534,2141,Bail,True,15,True
1911,505534,2480,Bail,False,0,True
1912,523480,2191,Absconding,False,0,True
1913,523480,2115,Unknown,False,0,True
1914,523480,773,Absconding,True,6,True
1915,507570,3664,Bail,False,0,True
1916,507570,1953,Unknown,True,3,True
1917,507570,4288,Bail,True,7,True
1918,507570,2091,Unknown,False,0,True
1919,507570,4650,Arrested,True,20,True
1920,520984,1656,Bail,True,11,True
1921,520984,2051,Absconding,False,0,True
1922,520984,532,Bail,False,0,True
1923,520984,581,Bail,False,0,True
1924,520984,662,Unknown,False,0,True
1925,518630,1257,Absconding,False,0,True
1926,518630,2727,Bail,False,0,True
1927,518630,144,Arrested,False,0,True
1928,518630,3461,Arrested,False,0,True
1929,518630,3511,Unknown,False,0,True
1930,501457,2075,Arrested,True,19,True
1931,501457,1189,Arrested,False,0,True
1932,501457,668,Bail,False,0,True
1933,501457,3956,Absconding,False,0,True
1934,501457,4456,Absconding,False,0,True
1935,501457,3821,Unknown,False,0,True
1936,517553,670,Unknown,False,0,True
1937,517553,4381,Arrested,False,0,True
1938,517553,1303,Unknown,True,8,True
1939,517553,903,Unknown,True,20,True
1940,517553,2094,Unknown,True,14,True
1941,514727,3910,Arrested,True,19,False
1942,514727,997,Arrested,True,11,False
1943,508680,2452,Unknown,True,13,False
1944,508680,2280,Bail,False,0,False
1945,515880,2889,Arrested,False,0,True
1946,515880,3880,Unknown,True,13,True
1947,515880,664,Unknown,False,0,True
1948,511347,2256,Bail,False,0,False
1949,511347,4186,Unknown,False,0,False
1950,522977,2130,Absconding,True,1,True
1951,522977,875,Arrested,False,0,True
1952,522977,2662,Bail,False,0,True
1953,522977,1746,Absconding,True,18,True
1954,522977,1812,Absconding,False,0,True
1955,524611,346,Absconding,False,0,True
1956,524611,4567,Bail,False,0,True
1957,524611,1131,Absconding,False,0,True
1958,524611,2847,Unknown,True,6,True
1959,505479,3862,Absconding,False,0,True
1960,505479,3439,Arrested,False,0,True
1961,505479,397,Unknown,False,0,True
1962,505479,3425,Absconding,True,5,True
1963,505479,1987,Bail,True,3,True
1964,505479,1558,Arrested,False,0,True
1965,512631,3224,Unknown,True,20,True
1966,512631,4749,Bail,True,8,True
1967,512631,4823,Bail,False,0,True
1968,512631,3076,Arrested,False,0,True
1969,512631,4097,Unknown,True,12,True
1970,512631,1062,Arrested,False,0,True
1971,504680,3478,Arrested,False,0,True
1972,504680,4533,Unknown,True,14,True
1973,504680,4054,Absconding,True,19,True
1974,504680,3965,Arrested,False,0,True
1975,504680,1016,Unknown,True,19,True
1976,518394,1579,Bail,False,0,True
1977,518394,2957,Bail,True,13,True
1978,518394,764,Bail,False,0,True
1979,515169,968,Absconding,False,0,False
1980,500195,126,Absconding,True,3,False
1981,522755,3704,Arrested,False,0,False
1982,522755,4523,Unknown,True,13,False
1983,519185,793,Arrested,False,0,False
1984,510466,3695,Arrested,True,20,False
1985,505515,3797,Unknown,False,0,True
1986,505515,3876,Arrested,True,10,True
1987,505515,4171,Absconding,True,9,True
1988,505515,1261,Unknown,False,0,True
1989,505515,2457,Absconding,False,0,True
1990,505515,1027,Absconding,True,9,True
1991,508640,856,Arrested,False,0,False
1992,509887,246,Arrested,True,8,False
1993,509887,4432,Unknown,False,0,False
1994,518819,1960,Unknown,True,5,False
1995,513062,1018,Unknown,False,0,False
1996,513062,1130,Bail,False,0,False
1997,514215,3886,Bail,True,8,True
1998,514215,3547,Bail,True,14,True
1999,514215,204,Arrested,True,17,True
2000,514215,4039,Bail,False,0,True
2001,514215,1126,Bail,False,0,True
2002,509314,3154,Arrested,False,0,True
2003,509314,3175,Unknown,True,5,True
2004,509314,3306,Bail,True,20,True
2005,509314,889,Absconding,False,0,True
2006,506491,2846,Bail,True,19,True
2007,506491,1816,Arrested,False,0,True
2008,506491,711,Unknown,True,8,True
2009,506491,3321,Unknown,True,15,True
2010,506491,4744,Absconding,False,0,True
2011,506491,119,Bail,False,0,True
2012,523058,556,Unknown,True,11,True
2013,523058,669,Unknown,True,9,True
2014,523058,2976,Bail,False,0,True
2015,503741,1183,Arrested,True,5,False
2016,503741,4750,Absconding,True,6,False
2017,518232,856,Bail,True,18,False
2018,510281,4017,Arrested,False,0,True
2019,510281,2474,Absconding,False,0,True
2020,510281,780,Absconding,False,0,True
2021,510281,1273,Bail,True,8,True
2022,520243,906,Absconding,True,12,True
2023,520243,2267,Unknown,True,16,True
2024,520243,2969,Unknown,True,8,True
2025,503097,949,Bail,False,0,False
2026,503097,4862,Arrested,False,0,False
2027,515257,4392,Absconding,True,16,False
2028,500231,4733,Absconding,False,0,True
2029,500231,3041,Arrested,True,20,True
2030,500231,3099,Unknown,True,10,True
2031,500231,4823,Arrested,False,0,True
2032,500231,1396,Bail,True,11,True
2033,524152,4610,Unknown,True,3,True
2034,524152,4273,Absconding,True,9,True
2035,524152,4234,Absconding,True,15,True
2036,500502,3524,Unknown,True,20,True
2037,500502,2875,Arrested,True,2,True
2038,500502,2146,Bail,False,0,True
2039,500502,9,Unknown,True,11,True
2040,500502,3898,Unknown,False,0,True
2041,522863,3315,Absconding,False,0,True
2042,522863,4772,Bail,False,0,True
2043,522863,810,Absconding,False,0,True
2044,505684,3985,Unknown,False,0,True
2045,505684,4403,Arrested,False,0,True
2046,505684,447,Arrested,True,12,True
2047,505684,4092,Arrested,False,0,True
2048,505684,1498,Bail,True,8,True
2049,508884,4330,Absconding,False,0,True
2050,508884,3179,Arrested,True,11,True
2051,508884,2678,Bail,True,8,True
2052,508884,3748,Bail,True,3,True
2053,508884,4,Bail,True,18,True
2054,505803,3199,Bail,True,8,False
2055,503036,1226,Absconding,False,0,False
2056,503036,3489,Arrested,True,9,False
2057,509402,2825,Arrested,False,0,True
2058,509402,4770,Unknown,True,20,True
2059,509402,4074,Absconding,True,12,True
2060,523481,2790,Absconding,True,14,True
2061,523481,3115,Absconding,True,20,True
2062,523481,1603,Unknown,True,17,True
2063,504992,2998,Unknown,True,20,True
2064,504992,1473,Absconding,True,4,True
2065,504992,1885,Bail,False,0,True
2066,504992,2729,Bail,True,12,True
2067,504992,2966,Arrested,True,8,True
2068,506523,2792,Unknown,False,0,True
2069,506523,2859,Bail,False,0,True
2070,506523,763,Unknown,True,7,True
2071,506889,872,Unknown,False,0,True
2072,506889,3725,Unknown,False,0,True
2073,506889,1405,Absconding,False,0,True
2074,520708,3062,Unknown,True,13,False
2075,505928,462,Unknown,True,15,True
2076,505928,2190,Absconding,False,0,True
2077,505928,2707,Arrested,False,0,True
2078,505928,403,Arrested,False,0,True
2079,505928,779,Absconding,True,13,True
2080,501115,3215,Unknown,True,11,False
2081,501115,3416,Bail,True,4,False
2082,517549,3504,Bail,True,8,True
2083,517549,2810,Bail,False,0,True
2084,517549,1672,Bail,False,0,True
2085,517549,502,Absconding,False,0,True
2086,517549,3764,Bail,False,0,True
2087,517476,4194,Unknown,False,0,False
2088,507305,1183,Absconding,True,12,True
2089,507305,355,Absconding,False,0,True
2090,507305,2042,Unknown,False,0,True
2091,506727,3936,Arrested,False,0,True
2092,506727,3615,Arrested,True,2,True
2093,506727,3362,Unknown,True,10,True
2094,506727,3977,Absconding,True,16,True
2095,506727,2472,Bail,False,0,True
2096,515974,2803,Arrested,True,13,True
2097,515974,4483,Unknown,False,0,True
2098,515974,3135,Bail,False,0,True
2099,515974,2119,Bail,True,9,True
2100,515974,3286,Bail,True,7,True
2101,515984,774,Bail,True,14,True
2102,515984,4108,Unknown,False,0,True
2103,515984,4734,Unknown,False,0,True
2104,515984,1114,Absconding,True,4,True
2105,515984,3460,Unknown,False,0,True
2106,515984,2260,Unknown,False,0,True
2107,501247,3633,Absconding,True,8,False
2108,501247,3476,Bail,False,0,False
2109,503489,4707,Absconding,True,13,True
2110,503489,1617,Absconding,True,14,True
2111,503489,1862,Bail,True,6,True
2112,503489,1834,Bail,False,0,True
2113,503489,2130,Bail,True,20,True
2114,515594,2704,Absconding,True,17,True
2115,515594,626,Unknown,False,0,True
2116,515594,1092,Bail,False,0,True
2117,515594,3393,Bail,True,11,True
2118,515594,2292,Bail,False,0,True
2119,520062,1624,Unknown,True,4,True
2120,520062,3100,Arrested,True,20,True
2121,520062,777,Unknown,False,0,True
2122,520062,2017,Arrested,True,14,True
2123,520062,3700,Unknown,True,13,True
2124,515819,3581,Bail,True,10,True
2125,515819,3984,Bail,False,0,True
2126,515819,2269,Bail,True,5,True
2127,515819,783,Unknown,True,18,True
2128,506129,174,Arrested,True,11,False
2129,500429,1021,Absconding,True,5,True
2130,500429,2374,Bail,True,13,True
2131,500429,1028,Absconding,True,20,True
2132,504179,1170,Absconding,False,0,True
2133,504179,4241,Bail,False,0,True
2134,504179,4593,Absconding,False,0,True
2135,523428,1353,Absconding,False,0,True
2136,523428,2023,Absconding,True,5,True
2137,523428,1952,Arrested,True,4,True
2138,523428,2107,Unknown,False,0,True
2139,523428,824,Arrested,True,8,True
2140,523428,4192,Arrested,False,0,True
2141,510713,1318,Unknown,False,0,True
2142,510713,2304,Absconding,True,6,True
2143,510713,4716,Bail,True,16,True
2144,510713,2048,Arrested,True,17,True
2145,510713,2914,Unknown,True,2,True
2146,510713,4996,Unknown,True,11,True
2147,519530,3879,Bail,False,0,False
2148,519530,4265,Unknown,False,0,False
2149,511713,3605,Arrested,False,0,False
2150,511713,721,Absconding,True,3,False
2151,504725,2447,Absconding,True,3,True
2152,504725,4373,Absconding,True,12,True
2153,504725,1449,Bail,False,0,True
2154,504725,1721,Absconding,False,0,True
2155,504725,3545,Absconding,False,0,True
2156,504725,2653,Bail,True,17,True
2157,502120,3463,Unknown,False,0,True
2158,502120,576,Arrested,False,0,True
2159,502120,1623,Absconding,False,0,True
2160,502120,2600,Bail,False,0,True
2161,502120,2317,Arrested,False,0,True
2162,502120,1555,Bail,False,0,True
2163,520401,3703,Absconding,False,0,True
2164,520401,353,Bail,True,16,True
2165,520401,804,Absconding,False,0,True
2166,520401,2801,Arrested,False,0,True
2167,520401,4548,Bail,True,18,True
2168,520401,1422,Bail,False,0,True
2169,511179,2952,Unknown,False,0,True
2170,511179,3872,Absconding,False,0,True
2171,511179,3849,Arrested,False,0,True
2172,511179,4242,Arrested,False,0,True
2173,511179,1901,Arrested,False,0,True
2174,519187,4688,Unknown,True,10,False
2175,519187,4321,Unknown,False,0,False
2176,500281,475,Arrested,False,0,False
2177,500281,1003,Unknown,True,16,False
2178,510816,4439,Arrested,True,18,True
2179,510816,4339,Arrested,False,0,True
2180,510816,1167,Unknown,False,0,True
2181,510816,2359,Arrested,False,0,True
2182,516464,3468,Unknown,True,14,False
2183,508543,3396,Unknown,True,5,True
2184,508543,1372,Absconding,False,0,True
2185,508543,2003,Arrested,False,0,True
2186,508543,1956,Bail,True,13,True
2187,520710,2966,Arrested,False,0,True
2188,520710,3556,Arrested,False,0,True
2189,520710,2291,Bail,False,0,True
2190,520710,2575,Absconding,False,0,True
2191,520710,1092,Bail,False,0,True
2192,511694,3133,Unknown,True,16,True
2193,511694,2749,Bail,False,0,True
2194,511694,183,Unknown,False,0,True
2195,511694,3992,Arrested,True,2,True
2196,511694,797,Absconding,False,0,True
2197,511694,1939,Bail,True,3,True
2198,507672,1519,Arrested,False,0,True
2199,507672,1172,Absconding,True,8,True
2200,507672,4335,Arrested,False,0,True
2201,507672,3613,Unknown,False,0,True
2202,507672,4980,Unknown,False,0,True
2203,507672,2658,Arrested,True,1,True
2204,521603,1880,Arrested,False,0,True
2205,521603,3891,Unknown,False,0,True
2206,521603,3677,Arrested,False,0,True
2207,521603,1217,Absconding,False,0,True
2208,521603,4902,Absconding,True,13,True
2209,509963,2159,Unknown,False,0,True
2210,509963,4303,Unknown,False,0,True
2211,509963,556,Unknown,False,0,True
2212,509963,477,Bail,False,0,True
2213,519449,4495,Unknown,True,13,True
2214,519449,610,Bail,False,0,True
2215,519449,4369,Unknown,True,2,True
2216,519449,363,Bail,False,0,True
2217,518585,3479,Absconding,False,0,True
2218,518585,121,Arrested,True,17,True
2219,518585,1158,Bail,True,1,True
2220,518585,4618,Bail,False,0,True
2221,518585,4537,Unknown,True,15,True
2222,518585,316,Unknown,False,0,True
2223,504490,10,Bail,True,12,True
2224,504490,1678,Bail,False,0,True
2225,504490,1483,Absconding,False,0,True
2226,504490,4778,Arrested,True,3,True
2227,504490,4137,Bail,True,1,True
2228,504490,4886,Bail,False,0,True
2229,509198,4762,Unknown,True,20,True
2230,509198,714,Bail,True,8,True
2231,509198,3746,Arrested,False,0,True
2232,507841,4384,Bail,False,0,True
2233,507841,1593,Arrested,True,16,True
2234,507841,2618,Arrested,False,0,True
2235,500641,438,Absconding,False,0,False
2236,519988,1483,Arrested,True,20,True
2237,519988,1113,Unknown,True,8,True
2238,519988,2428,Unknown,False,0,True
2239,519988,4286,Arrested,False,0,True
2240,519988,3292,Bail,True,1,True
2241,516596,2465,Bail,True,14,True
2242,516596,1682,Bail,True,8,True
2243,516596,4215,Absconding,True,9,True
2244,523263,4471,Unknown,False,0,True
2245,523263,2002,Absconding,False,0,True
2246,523263,3878,Bail,False,0,True
2247,523263,2641,Arrested,False,0,True
2248,523263,2915,Absconding,False,0,True
2249,523263,2846,Arrested,False,0,True
2250,513650,3505,Unknown,False,0,False
2251,513650,4579,Bail,False,0,False
2252,519074,3359,Arrested,True,11,False
2253,506236,603,Arrested,True,9,True
2254,506236,2892,Absconding,False,0,True
2255,506236,3140,Absconding,False,0,True
2256,506236,1791,Absconding,False,0,True
2257,506236,2514,Bail,False,0,True
2258,502860,1240,Arrested,False,0,False
2259,502860,2405,Arrested,True,18,False
2260,506558,3932,Absconding,False,0,False
2261,512464,3104,Bail,True,12,True
2262,512464,926,Absconding,True,11,True
2263,512464,2384,Absconding,False,0,True
2264,512464,4420,Arrested,True,20,True
2265,503644,3112,Absconding,True,20,False
2266,504304,3929,Arrested,False,0,True
2267,504304,2649,Arrested,True,8,True
2268,504304,4878,Unknown,False,0,True
2269,516623,898,Bail,False,0,True
2270,516623,3664,Unknown,False,0,True
2271,516623,1399,Absconding,True,4,True
2272,516623,2532,Arrested,False,0,True
2273,516623,806,Bail,True,5,True
2274,516623,3029,Absconding,False,0,True
2275,520372,3333,Unknown,True,5,False
2276,520372,16,Bail,False,0,False
2277,504716,2552,Arrested,True,17,False
2278,504716,2685,Unknown,False,0,False
2279,502982,4333,Unknown,False,0,False
2280,502982,2171,Absconding,False,0,False
2281,507628,1362,Arrested,False,0,True
2282,507628,4986,Arrested,True,2,True
2283,507628,4398,Bail,True,20,True
2284,507628,3077,Bail,False,0,True
2285,507628,136,Arrested,True,4,True
2286,514650,3885,Unknown,False,0,True
2287,514650,1900,Bail,True,4,True
2288,514650,3318,Arrested,False,0,True
2289,514650,224,Arrested,True,8,True
2290,511076,2117,Arrested,False,0,True
2291,511076,4741,Arrested,False,0,True
2292,511076,3338,Arrested,True,4,True
2293,524249,3369,Bail,True,13,True
2294,524249,2863,Unknown,False,0,True
2295,524249,2874,Arrested,True,17,True
2296,524249,4668,Absconding,True,16,True
2297,524249,2547,Arrested,True,15,True
2298,507722,2590,Absconding,True,3,False
2299,519907,1924,Arrested,True,14,True
2300,519907,4421,Bail,False,0,True
2301,519907,1339,Bail,False,0,True
2302,519907,737,Unknown,False,0,True
2303,519907,1180,Unknown,False,0,True
2304,519570,4121,Arrested,True,17,True
2305,519570,1871,Unknown,True,20,True
2306,519570,2499,Unknown,True,16,True
2307,518427,4580,Unknown,False,0,True
2308,518427,4298,Absconding,False,0,True
2309,518427,2228,Unknown,True,6,True
2310,518427,3361,Unknown,False,0,True
2311,509993,4300,Absconding,True,1,True
2312,509993,73,Arrested,False,0,True
2313,509993,1903,Arrested,True,9,True
2314,509993,352,Unknown,True,18,True
2315,509993,3549,Arrested,True,9,True
2316,522528,3451,Unknown,True,11,True
2317,522528,4613,Bail,False,0,True
2318,522528,859,Absconding,False,0,True
2319,522528,4495,Bail,False,0,True
2320,506317,907,Arrested,False,0,False
2321,506601,1609,Absconding,False,0,False
2322,524872,292,Arrested,False,0,True
2323,524872,4230,Absconding,True,15,True
2324,524872,3858,Arrested,False,0,True
2325,524872,2089,Unknown,True,16,True
2326,524872,512,Absconding,True,13,True
2327,512219,4963,Bail,True,10,False
2328,518747,3667,Unknown,True,12,True
2329,518747,2457,Arrested,True,7,True
2330,518747,3043,Arrested,False,0,True
2331,506434,727,Unknown,False,0,True
2332,506434,294,Absconding,False,0,True
2333,506434,558,Arrested,True,2,True
2334,506434,164,Bail,False,0,True
2335,517211,416,Absconding,False,0,True
2336,517211,4299,Unknown,True,9,True
2337,517211,4039,Arrested,True,7,True
2338,517211,4335,Absconding,False,0,True
2339,517211,3069,Unknown,True,18,True
2340,521517,449,Unknown,True,9,True
2341,521517,1253,Bail,True,5,True
2342,521517,878,Bail,False,0,True
2343,521517,2612,Bail,False,0,True
2344,521517,4389,Unknown,True,18,True
2345,521517,4545,Bail,True,20,True
2346,511645,2378,Arrested,False,0,True
2347,511645,2748,Unknown,False,0,True
2348,511645,108,Unknown,False,0,True
2349,511645,922,Arrested,True,14,True
2350,511645,119,Unknown,True,3,True
2351,511645,2515,Unknown,True,10,True
2352,515005,277,Unknown,False,0,True
2353,515005,1628,Arrested,True,4,True
2354,515005,1290,Unknown,False,0,True
2355,515005,361,Unknown,False,0,True
2356,520792,2596,Unknown,False,0,True
2357,520792,413,Arrested,False,0,True
2358,520792,2984,Absconding,True,2,True
2359,508083,1644,Bail,False,0,True
2360,508083,91,Arrested,False,0,True
2361,508083,655,Absconding,False,0,True
2362,508083,3910,Bail,True,6,True
2363,508083,2759,Absconding,False,0,True
2364,508083,4495,Unknown,False,0,True
2365,516307,1969,Arrested,False,0,True
2366,516307,3655,Unknown,True,14,True
2367,516307,2519,Unknown,False,0,True
2368,516307,1989,Bail,True,4,True
2369,518675,679,Unknown,False,0,True
2370,518675,906,Absconding,True,2,True
2371,518675,3890,Arrested,True,14,True
2372,508688,1911,Absconding,False,0,True
2373,508688,2805,Bail,False,0,True
2374,508688,3854,Arrested,True,3,True
2375,508688,4853,Absconding,False,0,True
2376,524753,1294,Absconding,True,16,False
2377,511728,2181,Bail,False,0,False
2378,515756,3272,Unknown,False,0,True
2379,515756,3976,Unknown,False,0,True
2380,515756,116,Unknown,False,0,True
2381,515756,4108,Arrested,True,6,True
2382,515756,1384,Bail,False,0,True
2383,515756,191,Bail,False,0,True
2384,515397,3900,Absconding,True,10,True
2385,515397,3070,Bail,False,0,True
2386,515397,3711,Absconding,False,0,True
2387,515397,1472,Absconding,False,0,True
2388,519043,3068,Bail,False,0,False
2389,505672,4170,Unknown,False,0,False
2390,505672,236,Bail,True,11,False
2391,509579,4590,Unknown,False,0,False
2392,509579,3064,Absconding,False,0,False
2393,502620,1984,Absconding,False,0,True
2394,502620,4655,Unknown,True,15,True
2395,502620,4618,Absconding,True,10,True
2396,502620,487,Absconding,True,14,True
2397,502620,1172,Unknown,False,0,True
2398,502620,2601,Unknown,True,7,True
2399,517464,155,Arrested,False,0,True
2400,517464,2237,Arrested,True,11,True
2401,517464,2983,Arrested,False,0,True
2402,517464,261,Absconding,False,0,True
2403,507686,189,Bail,False,0,False
2404,507686,3209,Arrested,True,8,False
2405,509713,1558,Bail,False,0,True
2406,509713,639,Absconding,True,13,True
2407,509713,4402,Unknown,False,0,True
2408,509713,2923,Unknown,False,0,True
2409,509713,4934,Absconding,True,12,True
2410,502196,3164,Arrested,True,10,True
2411,502196,4990,Arrested,False,0,True
2412,502196,2015,Unknown,False,0,True
2413,502196,1125,Arrested,False,0,True
2414,502196,976,Unknown,True,3,True
2415,502196,3422,Absconding,False,0,True
2416,513422,1572,Unknown,False,0,False
2417,513422,571,Bail,False,0,False
2418,510507,2803,Arrested,True,17,True
2419,510507,72,Unknown,True,11,True
2420,510507,2003,Unknown,True,7,True
2421,500753,251,Absconding,False,0,True
2422,500753,2286,Unknown,False,0,True
2423,500753,853,Arrested,False,0,True
2424,500753,2150,Bail,False,0,True
2425,500753,4116,Bail,True,8,True
2426,505200,616,Absconding,False,0,True
2427,505200,1847,Absconding,True,7,True
2428,505200,1825,Arrested,True,4,True
2429,505200,4619,Unknown,True,4,True
2430,505200,1829,Arrested,False,0,True
2431,505200,2616,Absconding,True,14,True
2432,524523,3948,Arrested,True,8,True
2433,524523,23,Arrested,False,0,True
2434,524523,4555,Absconding,True,20,True
2435,524523,2186,Unknown,True,14,True
2436,524523,2709,Arrested,False,0,True
2437,524523,3721,Absconding,True,18,True
2438,509964,2546,Absconding,False,0,False
2439,509964,664,Unknown,False,0,False
2440,516993,725,Absconding,True,6,False
2441,516993,3576,Arrested,False,0,False
2442,504398,1267,Absconding,True,16,False
2443,504398,3795,Absconding,False,0,False
2444,504937,2677,Unknown,False,0,False
2445,522092,129,Arrested,True,5,False
2446,522092,246,Bail,False,0,False
2447,502580,3570,Arrested,False,0,True
2448,502580,3611,Bail,True,20,True
2449,502580,3163,Unknown,False,0,True
2450,522285,4686,Unknown,False,0,True
2451,522285,1566,Arrested,False,0,True
2452,522285,2251,Bail,False,0,True
2453,522285,1749,Bail,False,0,True
2454,522285,2750,Bail,True,16,True
2455,522285,4226,Arrested,False,0,True
2456,517184,2630,Absconding,True,2,True
2457,517184,4973,Absconding,True,7,True
2458,517184,1189,Absconding,True,17,True
2459,517184,1145,Arrested,True,19,True
2460,517184,1247,Arrested,True,8,True
2461,517184,4146,Absconding,True,5,True
2462,519783,3502,Arrested,False,0,True
2463,519783,4893,Absconding,False,0,True
2464,519783,628,Absconding,True,14,True
2465,505763,4614,Arrested,False,0,False
2466,505763,1754,Bail,True,20,False
2467,510211,605,Unknown,False,0,True
2468,510211,2942,Bail,True,11,True
2469,510211,1913,Arrested,True,19,True
2470,510211,1087,Bail,True,17,True
2471,500200,3478,Arrested,True,13,True
2472,500200,2894,Unknown,True,6,True
2473,500200,2125,Arrested,True,4,True
2474,500200,4165,Unknown,True,12,True
2475,500200,714,Unknown,True,3,True
2476,500200,81,Absconding,False,0,True
2477,509023,2744,Bail,False,0,True
2478,509023,1765,Absconding,False,0,True
2479,509023,3223,Absconding,True,5,True
2480,509023,1230,Arrested,True,2,True
2481,509023,1880,Unknown,True,19,True
2482,501053,4008,Bail,False,0,True
2483,501053,3397,Absconding,True,13,True
2484,501053,3721,Absconding,False,0,True
2485,501053,4372,Unknown,False,0,True
2486,501053,2577,Bail,True,15,True
2487,516328,2015,Arrested,False,0,True
2488,516328,4950,Unknown,False,0,True
2489,516328,646,Unknown,True,19,True
2490,516328,2797,Unknown,False,0,True
2491,516328,3130,Arrested,True,19,True
2492,516328,2560,Absconding,True,7,True
2493,514330,4323,Absconding,True,11,True
2494,514330,127,Absconding,True,10,True
2495,514330,4226,Arrested,False,0,True
2496,514330,1958,Absconding,False,0,True
2497,508519,3245,Absconding,True,5,True
2498,508519,1328,Arrested,False,0,True
2499,508519,545,Absconding,True,15,True
2500,508519,1642,Absconding,True,14,True
2501,504385,1981,Unknown,True,7,True
2502,504385,2125,Bail,False,0,True
2503,504385,626,Arrested,False,0,True
2504,504385,617,Arrested,True,10,True
2505,504385,454,Arrested,False,0,True
2506,504385,1375,Bail,False,0,True
2507,510169,1485,Bail,True,2,False
2508,510169,4161,Arrested,False,0,False
2509,518663,2842,Absconding,True,13,False
2510,518663,2096,Absconding,False,0,False
2511,506215,3094,Arrested,False,0,True
2512,506215,290,Absconding,True,6,True
2513,506215,3631,Absconding,False,0,True
2514,506215,3097,Unknown,True,19,True
2515,506215,4613,Absconding,True,16,True
2516,506215,4612,Bail,False,0,True
2517,516079,523,Unknown,True,16,True
2518,516079,3990,Bail,False,0,True
2519,516079,1826,Unknown,True,15,True
2520,516079,2268,Arrested,True,16,True
2521,516079,4269,Bail,False,0,True
2522,516079,1024,Unknown,False,0,True
2523,500513,644,Bail,True,6,True
2524,500513,282,Absconding,False,0,True
2525,500513,3763,Arrested,True,14,True
2526,501191,374,Bail,False,0,False
2527,509332,1896,Arrested,False,0,True
2528,509332,2892,Arrested,False,0,True
2529,509332,4973,Arrested,False,0,True
2530,516923,166,Unknown,False,0,True
2531,516923,2742,Arrested,True,17,True
2532,516923,3603,Arrested,True,5,True
2533,516923,790,Unknown,False,0,True
2534,516923,1867,Unknown,True,6,True
2535,503943,1558,Bail,True,5,True
2536,503943,2342,Unknown,False,0,True
2537,503943,3318,Unknown,False,0,True
2538,513036,4834,Bail,False,0,False
2539,517976,2620,Unknown,True,3,True
2540,517976,3153,Unknown,True,13,True
2541,517976,3923,Bail,True,7,True
2542,517976,3040,Arrested,True,4,True
2543,517976,2566,Arrested,False,0,True
2544,517976,3907,Arrested,True,6,True
2545,511611,982,Arrested,True,10,False
2546,515790,1551,Bail,True,12,True
2547,515790,4716,Bail,False,0,True
2548,515790,1577,Absconding,False,0,True
2549,515790,3266,Arrested,False,0,True
2550,515790,4161,Absconding,True,11,True
2551,508317,4741,Unknown,False,0,True
2552,508317,1179,Unknown,False,0,True
2553,508317,1452,Unknown,True,3,True
2554,501203,2291,Absconding,False,0,True
2555,501203,4170,Unknown,True,3,True
2556,501203,2053,Unknown,True,13,True
2557,501203,3305,Arrested,True,18,True
2558,501203,2235,Arrested,True,9,True
2559,501203,4065,Bail,False,0,True
2560,501348,2234,Unknown,True,13,True
2561,501348,1894,Unknown,True,19,True
2562,501348,4184,Unknown,False,0,True
2563,501348,4317,Arrested,False,0,True
2564,512245,2628,Arrested,False,0,True
2565,512245,281,Unknown,False,0,True
2566,512245,3540,Absconding,True,8,True
2567,512726,2449,Arrested,False,0,True
2568,512726,4498,Absconding,True,4,True
2569,512726,1117,Bail,True,13,True
2570,512726,3035,Arrested,True,1,True
2571,515006,337,Absconding,False,0,False
2572,515006,2277,Arrested,False,0,False
2573,509595,969,Unknown,True,5,True
2574,509595,1985,Bail,True,17,True
2575,509595,1040,Bail,True,9,True
2576,519911,970,Arrested,False,0,True
2577,519911,4199,Absconding,True,19,True
2578,519911,2037,Arrested,True,10,True
2579,519911,1133,Absconding,False,0,True
2580,519911,110,Arrested,False,0,True
2581,522260,3961,Absconding,True,6,True
2582,522260,1804,Arrested,True,9,True
2583,522260,1657,Arrested,False,0,True
2584,500148,3921,Absconding,True,13,True
2585,500148,3573,Arrested,True,14,True
2586,500148,127,Unknown,False,0,True
2587,500148,1915,Unknown,True,11,True
2588,500148,1002,Unknown,False,0,True
2589,517809,224,Bail,True,14,True
2590,517809,3257,Bail,False,0,True
2591,517809,2491,Absconding,False,0,True
2592,517809,2377,Unknown,False,0,True
2593,517809,4050,Arrested,True,14,True
2594,517809,858,Bail,False,0,True
2595,514761,2765,Absconding,False,0,True
2596,514761,1866,Arrested,True,20,True
2597,514761,3068,Bail,False,0,True
2598,514761,3542,Unknown,True,10,True
2599,514761,4095,Bail,True,1,True
2600,524608,1735,Unknown,False,0,True
2601,524608,2509,Absconding,True,15,True
2602,524608,4470,Absconding,True,16,True
2603,524608,4099,Unknown,False,0,True
2604,518332,2383,Bail,True,19,True
2605,518332,3956,Arrested,False,0,True
2606,518332,462,Arrested,True,19,True
2607,518332,4258,Bail,True,4,True
2608,518332,4240,Bail,True,1,True
2609,510742,3760,Absconding,False,0,True
2610,510742,818,Absconding,True,7,True
2611,510742,3039,Bail,False,0,True
2612,502534,2640,Arrested,True,2,False
2613,502534,1102,Bail,False,0,False
2614,517811,4603,Arrested,False,0,True
2615,517811,3145,Arrested,False,0,True
2616,517811,1745,Bail,False,0,True
2617,517811,3815,Absconding,True,19,True
2618,517811,187,Bail,True,9,True
2619,517811,3299,Unknown,True,2,True
2620,501123,3815,Bail,True,6,False
2621,501123,902,Arrested,True,1,False
2622,514480,4710,Absconding,False,0,True
2623,514480,3786,Arrested,False,0,True
2624,514480,2615,Arrested,False,0,True
2625,514480,825,Unknown,True,11,True
2626,514480,1721,Unknown,False,0,True
2627,514480,4273,Unknown,True,13,True
2628,521471,3360,Unknown,True,14,False
2629,522816,1349,Arrested,False,0,False
2630,522816,4829,Unknown,True,3,False
2631,504548,3641,Arrested,False,0,True
2632,504548,1834,Absconding,False,0,True
2633,504548,791,Unknown,False,0,True
2634,504548,4140,Unknown,True,2,True
2635,504548,3947,Unknown,True,14,True
2636,505552,2690,Bail,True,17,True
2637,505552,2536,Unknown,False,0,True
2638,505552,2257,Bail,True,4,True
2639,505552,3765,Unknown,True,6,True
2640,505552,4016,Absconding,False,0,True
2641,521191,587,Arrested,False,0,True
2642,521191,3673,Unknown,False,0,True
2643,521191,1538,Bail,True,12,True
2644,521191,4880,Bail,True,19,True
2645,521191,1338,Unknown,True,15,True
2646,521191,3641,Arrested,False,0,True
2647,508338,1756,Arrested,False,0,True
2648,508338,1477,Absconding,True,9,True
2649,508338,4295,Bail,False,0,True
2650,508338,1874,Bail,False,0,True
2651,508338,3285,Absconding,False,0,True
2652,508338,3668,Arrested,True,20,True
2653,505585,638,Arrested,False,0,False
2654,505585,760,Bail,True,18,False
2655,508704,3587,Unknown,True,12,True
2656,508704,3564,Absconding,False,0,True
2657,508704,2945,Absconding,True,17,True
2658,508704,2051,Unknown,True,12,True
2659,503596,2776,Bail,False,0,True
2660,503596,191,Bail,False,0,True
2661,503596,407,Absconding,False,0,True
2662,503596,2101,Bail,False,0,True
2663,522982,4257,Unknown,False,0,True
2664,522982,1497,Unknown,True,1,True
2665,522982,1422,Bail,True,15,True
2666,509151,1081,Bail,True,5,False
2667,509151,4898,Unknown,False,0,False
2668,512045,2136,Bail,True,15,True
2669,512045,2681,Absconding,True,16,True
2670,512045,1968,Arrested,False,0,True
2671,512045,923,Absconding,True,10,True
2672,512045,887,Arrested,False,0,True
2673,512045,2250,Absconding,True,19,True
2674,523286,2568,Arrested,True,17,True
2675,523286,2148,Absconding,True,11,True
2676,523286,817,Unknown,False,0,True
2677,523286,4104,Absconding,False,0,True
2678,523286,3864,Arrested,True,12,True
2679,505046,1599,Absconding,False,0,False
2680,505046,347,Unknown,True,4,False
2681,519784,1550,Bail,True,3,False
2682,519784,177,Absconding,True,3,False
2683,523564,1333,Unknown,True,2,True
2684,523564,4307,Bail,True,17,True
2685,523564,2603,Arrested,False,0,True
2686,523564,4799,Bail,False,0,True
2687,523564,3555,Bail,False,0,True
2688,514751,2578,Unknown,False,0,True
2689,514751,3157,Absconding,False,0,True
2690,514751,369,Absconding,False,0,True
2691,514751,408,Arrested,False,0,True
2692,507349,2956,Absconding,True,19,True
2693,507349,291,Unknown,True,17,True
2694,507349,4277,Unknown,False,0,True
2695,507349,711,Unknown,False,0,True
2696,511032,259,Arrested,False,0,True
2697,511032,1230,Unknown,True,15,True
2698,511032,2283,Arrested,False,0,True
2699,511032,2392,Bail,False,0,True
2700,504535,278,Arrested,True,5,True
2701,504535,3153,Bail,False,0,True
2702,504535,2176,Bail,False,0,True
2703,504535,879,Arrested,False,0,True
2704,514333,3116,Arrested,False,0,True
2705,514333,3840,Bail,True,10,True
2706,514333,3916,Absconding,False,0,True
2707,514333,829,Bail,False,0,True
2708,514333,3873,Arrested,False,0,True
2709,522185,628,Unknown,True,1,True
2710,522185,4305,Bail,False,0,True
2711,522185,3826,Bail,False,0,True
2712,506280,2880,Bail,False,0,True
2713,506280,1640,Absconding,True,11,True
2714,506280,2006,Unknown,True,5,True
2715,509073,1488,Unknown,True,20,True
2716,509073,3641,Bail,False,0,True
2717,509073,3078,Bail,True,2,True
2718,509073,3372,Absconding,True,17,True
2719,503845,3790,Arrested,False,0,True
2720,503845,2349,Unknown,False,0,True
2721,503845,3020,Bail,True,14,True
2722,503845,4021,Absconding,False,0,True
2723,503845,4393,Unknown,True,14,True
2724,503845,3877,Arrested,True,10,True
2725,515547,2687,Arrested,True,10,False
2726,520392,2684,Bail,True,10,True
2727,520392,4002,Absconding,True,15,True
2728,520392,4001,Unknown,True,19,True
2729,520392,4759,Arrested,True,6,True
2730,520392,4390,Arrested,False,0,True
2731,519904,1361,Arrested,False,0,True
2732,519904,1054,Arrested,True,15,True
2733,519904,521,Unknown,True,19,True
2734,519904,3211,Absconding,False,0,True
2735,519904,1320,Bail,False,0,True
2736,519904,3196,Bail,False,0,True
2737,504564,2417,Unknown,False,0,True
2738,504564,3956,Arrested,False,0,True
2739,504564,3612,Absconding,True,3,True
2740,504564,3943,Bail,True,17,True
2741,504564,2712,Absconding,False,0,True
2742,523301,1578,Bail,True,11,True
2743,523301,3654,Arrested,False,0,True
2744,523301,4884,Bail,False,0,True
2745,523301,160,Unknown,True,15,True
2746,523301,890,Bail,True,15,True
2747,516878,2868,Absconding,False,0,True
2748,516878,3645,Absconding,False,0,True
2749,516878,2081,Absconding,False,0,True
2750,516878,3672,Absconding,False,0,True
2751,508674,2802,Unknown,True,15,False
2752,508674,1705,Unknown,False,0,False
2753,524421,2756,Arrested,True,14,False
2754,524421,4284,Absconding,True,8,False
2755,513195,3784,Unknown,True,2,False
2756,513195,3866,Bail,True,13,False
2757,507807,3513,Bail,True,3,False
2758,511375,1612,Unknown,True,1,True
2759,511375,408,Unknown,True,17,True
2760,511375,2230,Arrested,False,0,True
2761,511375,394,Unknown,True,15,True
2762,511375,817,Unknown,True,12,True
2763,510017,1080,Unknown,True,10,False
2764,506276,4230,Bail,True,6,True
2765,506276,2710,Arrested,False,0,True
2766,506276,474,Arrested,True,15,True
2767,506276,1180,Unknown,False,0,True
2768,504060,3551,Bail,False,0,True
2769,504060,4489,Absconding,False,0,True
2770,504060,3505,Arrested,True,1,True
2771,504060,424,Unknown,True,20,True
2772,508362,1184,Absconding,True,20,True
2773,508362,4959,Absconding,True,6,True
2774,508362,4497,Absconding,False,0,True
2775,508362,2745,Unknown,True,18,True
2776,508362,1773,Arrested,False,0,True
2777,513116,1645,Arrested,True,20,True
2778,513116,1492,Absconding,True,17,True
2779,513116,851,Arrested,False,0,True
2780,513116,2695,Arrested,True,14,True
2781,513116,3649,Arrested,True,6,True
2782,512378,744,Unknown,True,20,False
2783,519403,465,Arrested,False,0,True
2784,519403,2644,Arrested,True,2,True
2785,519403,284,Absconding,True,2,True
2786,519403,3715,Bail,True,18,True
2787,507890,260,Arrested,False,0,False
2788,521729,53,Bail,False,0,True
2789,521729,1735,Unknown,True,18,True
2790,521729,1142,Absconding,True,17,True
2791,520312,3431,Arrested,True,5,True
2792,520312,2947,Bail,False,0,True
2793,520312,943,Bail,False,0,True
2794,520312,624,Absconding,False,0,True
2795,520312,4834,Bail,False,0,True
2796,513530,2073,Absconding,False,0,False
2797,513530,2866,Bail,True,13,False
2798,521352,1919,Arrested,True,9,False
2799,521352,2862,Arrested,False,0,False
2800,505211,1909,Arrested,True,5,False
2801,508966,960,Unknown,False,0,True
2802,508966,1236,Bail,True,12,True
2803,508966,1721,Arrested,False,0,True
2804,511407,4717,Bail,False,0,True
2805,511407,4667,Bail,True,6,True
2806,511407,147,Unknown,True,14,True
2807,511407,3819,Absconding,False,0,True
2808,511407,823,Arrested,True,12,True
2809,507086,4399,Unknown,False,0,True
2810,507086,2156,Absconding,False,0,True
2811,507086,4623,Arrested,False,0,True
2812,507086,4281,Bail,True,17,True
2813,521029,1417,Bail,False,0,False
2814,506761,1562,Bail,True,7,True
2815,506761,3286,Unknown,True,9,True
2816,506761,2037,Bail,True,14,True
2817,501228,3188,Absconding,True,13,False
2818,507511,2078,Absconding,False,0,True
2819,507511,3877,Absconding,False,0,True
2820,507511,1358,Bail,True,2,True
2821,507511,200,Absconding,True,6,True
2822,507511,3572,Arrested,True,19,True
2823,507511,2957,Unknown,True,15,True
2824,518183,1892,Arrested,False,0,False
2825,517539,2312,Unknown,True,7,True
2826,517539,3827,Bail,True,20,True
2827,517539,2323,Unknown,False,0,True
2828,517539,3769,Arrested,True,9,True
2829,509299,919,Bail,True,15,True
2830,509299,3132,Absconding,False,0,True
2831,509299,2240,Unknown,False,0,True
2832,509299,845,Absconding,False,0,True
2833,509299,3468,Absconding,True,3,True
2834,509299,2804,Absconding,True,11,True
2835,511449,4584,Unknown,True,7,True
2836,511449,3710,Arrested,True,18,True
2837,511449,3741,Bail,True,19,True
2838,511449,4595,Unknown,False,0,True
2839,511449,2729,Arrested,True,8,True
2840,511449,4486,Arrested,False,0,True
2841,512812,3166,Unknown,True,17,True
2842,512812,3882,Arrested,True,19,True
2843,512812,3553,Bail,False,0,True
2844,512812,3878,Bail,False,0,True
2845,512812,440,Unknown,False,0,True
2846,521605,270,Bail,False,0,False
2847,515286,4159,Absconding,True,1,True
2848,515286,3243,Bail,False,0,True
2849,515286,1275,Bail,True,9,True
2850,515286,3290,Bail,False,0,True
2851,504903,4,Bail,True,19,False
2852,510329,4164,Bail,False,0,True
2853,510329,2624,Arrested,True,17,True
2854,510329,1544,Absconding,False,0,True
2855,510329,3578,Arrested,False,0,True
2856,510329,4186,Bail,True,20,True
2857,510329,444,Arrested,False,0,True
2858,523808,3104,Arrested,True,14,True
2859,523808,3157,Absconding,True,17,True
2860,523808,296,Arrested,False,0,True
2861,523808,2700,Arrested,True,5,True
2862,523808,2759,Bail,False,0,True
2863,523808,2221,Unknown,False,0,True
2864,518716,4357,Unknown,True,6,True
2865,518716,2204,Bail,True,19,True
2866,518716,4208,Bail,True,7,True
2867,518716,609,Arrested,False,0,True
2868,518716,141,Absconding,False,0,True
2869,521918,1102,Unknown,False,0,True
2870,521918,3682,Arrested,False,0,True
2871,521918,2496,Arrested,True,10,True
2872,521918,1094,Absconding,True,14,True
2873,501730,342,Arrested,True,11,True
2874,501730,3997,Bail,False,0,True
2875,501730,3671,Unknown,False,0,True
2876,501730,3304,Absconding,True,20,True
2877,501730,4797,Absconding,True,2,True
2878,501337,692,Unknown,True,7,True
2879,501337,2080,Bail,True,15,True
2880,501337,4533,Unknown,True,18,True
2881,514273,2929,Arrested,True,12,True
2882,514273,127,Unknown,False,0,True
2883,514273,1357,Unknown,True,2,True
2884,514273,4105,Unknown,True,20,True
2885,514273,2346,Bail,False,0,True
2886,514273,1466,Arrested,False,0,True
2887,519824,1258,Absconding,False,0,True
2888,519824,4014,Bail,False,0,True
2889,519824,1068,Unknown,False,0,True
2890,519824,4830,Absconding,True,7,True
2891,519824,4386,Absconding,True,13,True
2892,521631,431,Absconding,False,0,True
2893,521631,195,Bail,False,0,True
2894,521631,405,Unknown,True,4,True
2895,521631,4497,Arrested,True,19,True
2896,521631,2421,Arrested,False,0,True
2897,519190,1877,Absconding,False,0,True
2898,519190,1336,Absconding,False,0,True
2899,519190,4572,Unknown,False,0,True
2900,519190,3071,Absconding,False,0,True
2901,519190,3030,Bail,False,0,True
2902,503170,3071,Absconding,False,0,True
2903,503170,2030,Absconding,True,18,True
2904,503170,443,Arrested,False,0,True
2905,503170,2231,Arrested,True,6,True
2906,503170,513,Unknown,False,0,True
2907,518917,1677,Absconding,False,0,True
2908,518917,2177,Arrested,False,0,True
2909,518917,3974,Unknown,False,0,True
2910,518917,529,Bail,True,1,True
2911,518917,2109,Absconding,False,0,True
2912,519743,2099,Absconding,False,0,True
2913,519743,1933,Bail,True,6,True
2914,519743,2534,Arrested,False,0,True
2915,519743,1085,Bail,True,13,True
2916,516028,2336,Arrested,True,18,True
2917,516028,4825,Arrested,False,0,True
2918,516028,1008,Bail,True,9,True
2919,516028,1705,Arrested,True,9,True
2920,516028,1406,Bail,True,8,True
2921,516028,4996,Bail,False,0,True
2922,524498,1723,Unknown,True,8,True
2923,524498,1551,Arrested,False,0,True
2924,524498,380,Arrested,False,0,True
2925,524498,3508,Unknown,True,9,True
2926,514360,2239,Arrested,True,1,False
2927,503303,1652,Unknown,True,4,True
2928,503303,996,Bail,False,0,True
2929,503303,4165,Bail,False,0,True
2930,503303,247,Unknown,True,7,True
2931,501289,2476,Absconding,True,5,False
2932,501289,3629,Absconding,True,19,False
2933,502875,4914,Unknown,True,19,True
2934,502875,1895,Unknown,False,0,True
2935,502875,1477,Bail,False,0,True
2936,507202,1278,Arrested,True,4,False
2937,505860,2933,Arrested,False,0,True
2938,505860,454,Arrested,False,0,True
2939,505860,2825,Arrested,False,0,True
2940,510991,1037,Bail,False,0,False
2941,510991,4006,Bail,False,0,False
2942,507222,3907,Absconding,True,20,False
2943,517453,2910,Absconding,False,0,True
2944,517453,4900,Arrested,True,8,True
2945,517453,1566,Bail,True,7,True
2946,517453,53,Absconding,True,12,True
2947,519832,89,Absconding,True,13,True
2948,519832,585,Absconding,False,0,True
2949,519832,4853,Unknown,True,1,True
2950,519832,1085,Arrested,False,0,True
2951,519832,4333,Absconding,True,2,True
2952,519832,1543,Bail,True,14,True
2953,509110,1824,Absconding,True,12,True
2954,509110,3546,Unknown,False,0,True
2955,509110,4654,Unknown,True,14,True
2956,509110,728,Absconding,False,0,True
2957,521222,359,Absconding,False,0,True
2958,521222,3324,Absconding,True,15,True
2959,521222,1524,Bail,True,1,True
2960,521222,2413,Unknown,True,1,True
2961,522322,4073,Unknown,False,0,True
2962,522322,228,Absconding,True,14,True
2963,522322,3896,Bail,True,7,True
2964,523870,683,Unknown,True,16,True
2965,523870,3818,Bail,False,0,True
2966,523870,2322,Arrested,False,0,True
2967,523870,4167,Bail,False,0,True
2968,523870,2969,Absconding,False,0,True
2969,523870,4162,Absconding,True,19,True
2970,514511,3801,Absconding,True,4,True
2971,514511,48,Arrested,True,17,True
2972,514511,4389,Absconding,False,0,True
2973,506922,44,Arrested,True,17,True
2974,506922,4729,Absconding,False,0,True
2975,506922,1160,Unknown,False,0,True
2976,506922,1667,Unknown,False,0,True
2977,503051,3929,Arrested,True,4,True
2978,503051,1841,Arrested,False,0,True
2979,503051,4887,Unknown,False,0,True
2980,503051,1192,Unknown,False,0,True
2981,503051,4882,Arrested,False,0,True
2982,523295,1488,Bail,True,10,False
2983,513003,4607,Absconding,False,0,True
2984,513003,3388,Arrested,False,0,True
2985,513003,4816,Unknown,False,0,True
2986,523307,883,Absconding,False,0,False
2987,523307,4798,Absconding,False,0,False
2988,518839,1393,Unknown,True,19,True
2989,518839,2251,Unknown,False,0,True
2990,518839,3503,Arrested,False,0,True
2991,518839,813,Arrested,False,0,True
2992,518839,1652,Arrested,False,0,True
2993,518839,3570,Arrested,False,0,True
2994,500313,4816,Unknown,False,0,True
2995,500313,1192,Unknown,True,20,True
2996,500313,3511,Unknown,True,4,True
2997,515539,4587,Absconding,True,13,False
2998,502752,2613,Unknown,False,0,False
2999,502752,4791,Arrested,False,0,False
3000,522099,3765,Bail,True,16,True
3001,522099,4417,Bail,False,0,True
3002,522099,4537,Absconding,True,17,True
3003,522099,3132,Bail,True,15,True
3004,515940,1090,Arrested,True,15,True
3005,515940,804,Bail,False,0,True
3006,515940,797,Arrested,False,0,True
3007,520666,758,Absconding,True,3,True
3008,520666,4761,Bail,True,4,True
3009,520666,4306,Arrested,False,0,True
3010,520666,3054,Arrested,True,14,True
3011,524555,958,Unknown,True,1,True
3012,524555,1215,Unknown,True,1,True
3013,524555,3107,Arrested,False,0,True
3014,524555,4371,Bail,False,0,True
3015,524555,4014,Arrested,False,0,True
3016,506770,2091,Absconding,False,0,True
3017,506770,3945,Absconding,False,0,True
3018,506770,4767,Unknown,False,0,True
3019,506770,3601,Absconding,False,0,True
3020,506770,4193,Unknown,False,0,True
3021,507354,1844,Arrested,True,17,False
3022,507354,4863,Absconding,True,9,False
3023,512899,3027,Bail,True,2,True
3024,512899,4938,Bail,True,14,True
3025,512899,3407,Arrested,True,19,True
3026,512899,2954,Unknown,False,0,True
3027,512899,2124,Unknown,False,0,True
3028,520769,2757,Unknown,True,7,True
3029,520769,3114,Bail,True,2,True
3030,520769,4119,Bail,False,0,True
3031,520769,2821,Bail,True,17,True
3032,520769,2775,Unknown,True,20,True
3033,520769,4782,Unknown,False,0,True
3034,523143,854,Unknown,True,4,False
3035,519795,4047,Bail,True,2,False
3036,519795,2285,Arrested,False,0,False
3037,505941,1150,Absconding,True,13,True
3038,505941,4734,Unknown,False,0,True
3039,505941,1148,Unknown,True,4,True
3040,505941,4025,Arrested,False,0,True
3041,505941,4272,Arrested,False,0,True
3042,505941,4686,Absconding,False,0,True
3043,523228,580,Arrested,False,0,False
3044,519527,1370,Unknown,False,0,False
3045,519527,4365,Arrested,False,0,False
3046,505103,4011,Unknown,False,0,True
3047,505103,520,Absconding,True,14,True
3048,505103,4216,Arrested,True,17,True
3049,508666,246,Absconding,True,6,False
3050,508666,2819,Bail,True,10,False
3051,521440,1207,Absconding,True,6,True
3052,521440,2853,Bail,True,14,True
3053,521440,2408,Bail,False,0,True
3054,521440,482,Unknown,True,1,True
3055,521440,3606,Absconding,False,0,True
3056,520269,317,Arrested,True,16,True
3057,520269,2486,Unknown,False,0,True
3058,520269,4454,Arrested,False,0,True
3059,520269,4709,Unknown,False,0,True
3060,520269,3664,Unknown,True,6,True
3061,507764,1161,Arrested,False,0,True
3062,507764,3824,Unknown,False,0,True
3063,507764,1023,Unknown,False,0,True
3064,507764,2965,Unknown,True,7,True
3065,507764,4852,Unknown,True,16,True
3066,506092,1943,Unknown,True,8,True
3067,506092,1828,Bail,True,9,True
3068,506092,4302,Arrested,True,3,True
3069,506092,3911,Absconding,True,1,True
3070,504405,5000,Unknown,True,18,False
3071,508242,4167,Bail,False,0,False
3072,508242,1355,Arrested,False,0,False
3073,507883,2303,Absconding,True,19,False
3074,515794,3644,Arrested,False,0,True
3075,515794,4258,Arrested,True,14,True
3076,515794,1129,Arrested,False,0,True
3077,515794,2673,Bail,False,0,True
3078,501912,957,Unknown,True,9,False
3079,523988,4135,Absconding,True,20,False
3080,523988,3981,Bail,False,0,False
3081,514616,971,Unknown,True,4,True
3082,514616,1529,Unknown,False,0,True
3083,514616,238,Bail,False,0,True
3084,514616,3132,Unknown,False,0,True
3085,514616,4794,Absconding,True,20,True
3086,514616,1694,Bail,False,0,True
3087,515784,702,Bail,False,0,False
3088,515784,2734,Absconding,False,0,False
3089,517813,2066,Absconding,False,0,False
3090,515924,2126,Arrested,True,5,True
3091,515924,881,Unknown,False,0,True
3092,515924,4553,Arrested,True,2,True
3093,515924,469,Bail,False,0,True
3094,515924,2728,Absconding,True,5,True
3095,515924,1674,Bail,False,0,True
3096,513341,482,Arrested,True,4,False
3097,502360,2344,Absconding,False,0,True
3098,502360,2609,Absconding,True,13,True
3099,502360,2209,Absconding,True,1,True
3100,502360,2637,Unknown,True,6,True
3101,502360,4118,Absconding,True,7,True
3102,520702,2157,Absconding,False,0,True
3103,520702,2753,Unknown,False,0,True
3104,520702,3510,Bail,True,10,True
3105,520702,1078,Arrested,True,19,True
3106,503503,3589,Unknown,True,10,True
3107,503503,1600,Unknown,False,0,True
3108,503503,1519,Absconding,True,10,True
3109,503503,4437,Unknown,True,11,True
3110,524004,3115,Unknown,True,5,True
3111,524004,2150,Arrested,False,0,True
3112,524004,3087,Arrested,True,2,True
3113,524004,701,Unknown,False,0,True
3114,524004,2765,Bail,False,0,True
3115,524004,140,Arrested,True,6,True
3116,516228,4828,Bail,True,7,False
3117,515239,30,Bail,True,20,True
3118,515239,2235,Bail,True,13,True
3119,515239,1022,Bail,True,20,True
3120,514193,3637,Arrested,False,0,True
3121,514193,1248,Bail,True,16,True
3122,514193,73,Unknown,True,6,True
3123,514193,2107,Arrested,True,6,True
3124,514193,632,Arrested,True,8,True
3125,510658,3822,Arrested,True,8,True
3126,510658,2790,Bail,False,0,True
3127,510658,442,Bail,False,0,True
3128,510658,3413,Unknown,True,13,True
3129,510658,14,Bail,True,1,True
3130,510658,2695,Unknown,False,0,True
3131,515842,4745,Unknown,False,0,True
3132,515842,4627,Absconding,False,0,True
3133,515842,534,Arrested,True,10,True
3134,515842,4431,Unknown,True,15,True
3135,515842,4349,Arrested,False,0,True
3136,515842,174,Unknown,False,0,True
3137,518003,3841,Bail,False,0,True
3138,518003,1449,Bail,False,0,True
3139,518003,3,Unknown,True,8,True
3140,518003,556,Arrested,False,0,True
3141,518003,1058,Absconding,True,15,True
3142,502498,3056,Unknown,False,0,False
3143,514046,2349,Arrested,True,7,True
3144,514046,3378,Bail,False,0,True
3145,514046,3718,Arrested,True,9,True
3146,510846,2378,Arrested,True,7,False
3147,514757,3187,Arrested,True,1,False
3148,507673,1742,Unknown,False,0,True
3149,507673,4205,Arrested,False,0,True
3150,507673,816,Unknown,True,16,True
3151,507673,1925,Bail,True,10,True
3152,507673,2923,Absconding,True,12,True
3153,507673,2551,Unknown,False,0,True
3154,516243,3427,Arrested,True,7,False
3155,516243,871,Unknown,True,7,False
3156,502477,1580,Absconding,True,8,True
3157,502477,2102,Absconding,False,0,True
3158,502477,3104,Arrested,True,16,True
3159,502477,3544,Absconding,True,17,True
3160,502477,1757,Absconding,False,0,True
3161,502477,2372,Unknown,True,14,True
3162,507931,555,Unknown,False,0,True
3163,507931,23,Unknown,False,0,True
3164,507931,4134,Arrested,False,0,True
3165,507931,1940,Absconding,True,15,True
3166,507931,852,Unknown,False,0,True
3167,502255,914,Arrested,False,0,True
3168,502255,1289,Bail,False,0,True
3169,502255,3795,Absconding,True,14,True
3170,502255,4703,Unknown,False,0,True
3171,502255,1680,Bail,False,0,True
3172,502255,3563,Absconding,True,1,True
3173,505750,1761,Absconding,True,15,True
3174,505750,1564,Arrested,True,5,True
3175,505750,900,Arrested,True,17,True
3176,505750,3023,Absconding,False,0,True
3177,500997,424,Bail,True,8,False
3178,512326,4241,Absconding,False,0,False
3179,512326,64,Absconding,False,0,False
3180,515221,2995,Absconding,True,11,True
3181,515221,857,Bail,True,17,True
3182,515221,4061,Unknown,True,20,True
3183,515221,697,Absconding,True,19,True
3184,504705,303,Arrested,False,0,True
3185,504705,235,Bail,False,0,True
3186,504705,1898,Unknown,True,17,True
3187,504705,264,Absconding,True,7,True
3188,514101,1409,Arrested,True,7,False
3189,519215,996,Bail,False,0,True
3190,519215,2192,Absconding,False,0,True
3191,519215,4522,Unknown,True,3,True
3192,519215,1779,Bail,True,3,True
3193,519215,1397,Absconding,True,9,True
3194,515551,1287,Absconding,False,0,True
3195,515551,2410,Unknown,False,0,True
3196,515551,4419,Arrested,True,17,True
3197,515551,1687,Bail,True,1,True
3198,516746,4387,Bail,False,0,True
3199,516746,4288,Absconding,False,0,True
3200,516746,3375,Absconding,False,0,True
3201,516746,2910,Absconding,False,0,True
3202,508060,3883,Unknown,True,13,False
3203,508060,2948,Bail,False,0,False
3204,517403,2476,Unknown,False,0,True
3205,517403,1254,Bail,True,18,True
3206,517403,2736,Bail,False,0,True
3207,517403,4384,Bail,True,17,True
3208,517403,1937,Absconding,True,2,True
3209,515251,1910,Unknown,False,0,True
3210,515251,1948,Absconding,True,10,True
3211,515251,4138,Unknown,True,16,True
3212,515251,328,Arrested,True,14,True
3213,515251,2561,Arrested,True,15,True
3214,515251,3602,Arrested,False,0,True
3215,511759,1463,Unknown,False,0,True
3216,511759,2955,Arrested,False,0,True
3217,511759,3311,Bail,False,0,True
3218,508887,1525,Arrested,True,18,True
3219,508887,954,Unknown,True,14,True
3220,508887,2334,Arrested,False,0,True
3221,508887,4895,Unknown,True,6,True
3222,523045,1984,Arrested,True,3,True
3223,523045,1759,Bail,False,0,True
3224,523045,1088,Arrested,True,1,True
3225,523045,3616,Bail,False,0,True
3226,523045,2227,Absconding,True,10,True
3227,523045,4737,Absconding,False,0,True
3228,507485,2684,Arrested,False,0,False
3229,507485,1496,Absconding,False,0,False
3230,522937,3797,Arrested,True,13,True
3231,522937,2072,Bail,True,19,True
3232,522937,3309,Unknown,False,0,True
3233,522937,4886,Arrested,False,0,True
3234,522937,4854,Absconding,True,12,True
3235,522937,2458,Absconding,False,0,True
3236,503442,3464,Arrested,True,6,True
3237,503442,1967,Arrested,False,0,True
3238,503442,2234,Arrested,False,0,True
3239,503442,6,Bail,True,17,True
3240,509648,2451,Absconding,True,19,True
3241,509648,2562,Absconding,True,12,True
3242,509648,212,Arrested,True,6,True
3243,509648,1213,Bail,False,0,True
3244,509648,2600,Bail,True,20,True
3245,509648,483,Unknown,True,7,True
3246,511342,1799,Absconding,False,0,False
3247,511342,212,Arrested,True,18,False
3248,504071,2316,Arrested,True,8,False
3249,506461,4180,Arrested,True,15,True
3250,506461,847,Absconding,True,20,True
3251,506461,1546,Unknown,True,9,True
3252,506461,621,Bail,False,0,True
3253,506461,1074,Bail,False,0,True
3254,518736,2586,Absconding,True,5,True
3255,518736,2029,Absconding,False,0,True
3256,518736,724,Bail,True,12,True
3257,518736,660,Arrested,True,15,True
3258,520241,1863,Arrested,False,0,True
3259,520241,3975,Unknown,False,0,True
3260,520241,2294,Arrested,False,0,True
3261,522427,1531,Absconding,False,0,True
3262,522427,3559,Unknown,False,0,True
3263,522427,3958,Arrested,True,3,True
3264,522427,4842,Arrested,False,0,True
3265,510432,354,Absconding,True,13,False
3266,510432,3173,Bail,True,16,False
3267,504833,2569,Arrested,True,19,True
3268,504833,1067,Arrested,False,0,True
3269,504833,284,Arrested,False,0,True
3270,504833,3449,Unknown,False,0,True
3271,504833,3110,Absconding,True,19,True
3272,504833,4901,Unknown,True,14,True
3273,502005,892,Absconding,False,0,True
3274,502005,2777,Bail,True,6,True
3275,502005,4051,Arrested,False,0,True
3276,521383,2779,Absconding,True,5,True
3277,521383,67,Absconding,False,0,True
3278,521383,1585,Unknown,True,3,True
3279,508127,835,Unknown,False,0,False
3280,508127,2019,Arrested,True,1,False
3281,523470,520,Absconding,True,18,False
3282,524656,1513,Unknown,True,5,True
3283,524656,1144,Absconding,False,0,True
3284,524656,4762,Absconding,True,6,True
3285,518026,4189,Absconding,True,20,True
3286,518026,2151,Bail,False,0,True
3287,518026,3373,Absconding,False,0,True
3288,521151,699,Bail,False,0,True
3289,521151,1531,Unknown,True,17,True
3290,521151,2479,Unknown,True,20,True
3291,521815,3886,Absconding,True,16,True
3292,521815,1504,Arrested,False,0,True
3293,521815,1421,Arrested,False,0,True
3294,521815,2409,Unknown,False,0,True
3295,521815,2305,Arrested,False,0,True
3296,521815,996,Absconding,False,0,True
3297,524253,1373,Absconding,False,0,True
3298,524253,3668,Absconding,True,1,True
3299,524253,2794,Unknown,True,1,True
3300,524253,137,Arrested,True,7,True
3301,524253,3526,Bail,True,11,True
3302,504286,243,Arrested,False,0,True
3303,504286,4211,Absconding,True,9,True
3304,504286,973,Bail,True,2,True
3305,504286,2047,Absconding,True,12,True
3306,504286,1007,Bail,True,9,True
3307,512833,1183,Absconding,False,0,False
3308,517326,4563,Unknown,True,8,True
3309,517326,2492,Unknown,False,0,True
3310,517326,2193,Absconding,False,0,True
3311,517326,3244,Arrested,False,0,True
3312,511680,1834,Unknown,True,3,True
3313,511680,3416,Unknown,True,1,True
3314,511680,2181,Unknown,False,0,True
3315,511680,1960,Unknown,True,8,True
3316,511680,4557,Absconding,False,0,True
3317,516718,987,Unknown,True,2,False
3318,507912,3791,Bail,True,11,True
3319,507912,2187,Absconding,True,5,True
3320,507912,3918,Absconding,False,0,True
3321,507912,4026,Bail,True,2,True
3322,507912,227,Absconding,False,0,True
3323,507912,4957,Absconding,False,0,True
3324,517067,3808,Arrested,True,17,True
3325,517067,2026,Bail,True,14,True
3326,517067,4065,Unknown,False,0,True
3327,517067,2644,Unknown,False,0,True
3328,522090,3747,Arrested,False,0,True
3329,522090,4010,Absconding,False,0,True
3330,522090,943,Bail,True,2,True
3331,522090,3486,Arrested,False,0,True
3332,522090,4461,Bail,True,19,True
3333,502154,4876,Arrested,False,0,True
3334,502154,1333,Bail,False,0,True
3335,502154,4773,Unknown,True,15,True
3336,504551,1973,Absconding,False,0,True
3337,504551,4353,Absconding,True,16,True
3338,504551,2558,Unknown,False,0,True
3339,504551,1366,Absconding,True,2,True
3340,504551,4122,Unknown,False,0,True
3341,504551,1648,Unknown,False,0,True
3342,519637,1865,Unknown,True,15,False
3343,519637,4396,Bail,False,0,False
3344,501114,1895,Arrested,False,0,False
3345,501114,774,Unknown,True,17,False
3346,511193,1061,Bail,False,0,True
3347,511193,2242,Bail,False,0,True
3348,511193,463,Arrested,True,17,True
3349,511193,2574,Absconding,False,0,True
3350,511193,1691,Absconding,True,15,True
3351,502636,4127,Unknown,False,0,False
3352,502636,2672,Arrested,False,0,False
3353,513192,938,Unknown,True,3,True
3354,513192,1870,Unknown,True,1,True
3355,513192,4379,Unknown,False,0,True
3356,513192,4165,Unknown,True,17,True
3357,515061,4636,Bail,True,7,True
3358,515061,4098,Bail,True,3,True
3359,515061,4063,Bail,True,3,True
3360,511149,3967,Unknown,True,19,False
3361,519691,906,Unknown,False,0,True
3362,519691,3805,Unknown,True,14,True
3363,519691,2862,Unknown,True,19,True
3364,519691,2505,Arrested,True,11,True
3365,519691,2659,Unknown,False,0,True
3366,519691,4194,Arrested,False,0,True
3367,500551,223,Bail,False,0,True
3368,500551,1882,Arrested,True,8,True
3369,500551,1030,Arrested,False,0,True
3370,500551,3068,Absconding,False,0,True
3371,502215,4438,Absconding,False,0,True
3372,502215,3460,Absconding,True,11,True
3373,502215,3962,Absconding,False,0,True
3374,502215,141,Absconding,False,0,True
3375,511225,1656,Arrested,False,0,True
3376,511225,1682,Absconding,True,17,True
3377,511225,3022,Absconding,True,16,True
3378,510688,1023,Bail,False,0,False
3379,510688,4907,Arrested,True,13,False
3380,512600,3037,Absconding,True,17,True
3381,512600,2894,Arrested,False,0,True
3382,512600,4103,Absconding,True,7,True
3383,512600,772,Unknown,True,14,True
3384,508198,2866,Arrested,True,17,True
3385,508198,375,Absconding,False,0,True
3386,508198,2557,Bail,True,12,True
3387,508198,4300,Arrested,False,0,True
3388,508198,2889,Arrested,True,3,True
3389,508198,2733,Absconding,True,1,True
3390,518299,4053,Bail,True,12,True
3391,518299,3153,Unknown,True,4,True
3392,518299,246,Arrested,True,5,True
3393,518299,629,Arrested,False,0,True
3394,518299,2300,Absconding,True,3,True
3395,500521,3164,Absconding,False,0,True
3396,500521,4323,Absconding,True,5,True
3397,500521,2711,Unknown,True,3,True
3398,500521,2476,Bail,True,19,True
3399,500521,936,Bail,False,0,True
3400,500521,1269,Bail,True,20,True
3401,502593,52,Absconding,False,0,True
3402,502593,4169,Absconding,False,0,True
3403,502593,3203,Absconding,False,0,True
3404,502593,1555,Arrested,True,14,True
3405,516272,3690,Absconding,False,0,True
3406,516272,1194,Absconding,True,7,True
3407,516272,2243,Absconding,True,20,True
3408,516272,1720,Arrested,True,7,True
3409,516272,2273,Arrested,True,10,True
3410,516272,2065,Unknown,True,10,True
3411,524205,2371,Absconding,False,0,False
3412,524205,610,Arrested,True,19,False
3413,503143,4965,Unknown,True,11,False
3414,503143,4952,Arrested,True,6,False
3415,517919,1693,Absconding,True,5,False
3416,509072,3668,Unknown,True,11,False
3417,509072,4990,Bail,False,0,False
3418,516945,4136,Absconding,True,6,True
3419,516945,105,Absconding,True,16,True
3420,516945,4389,Absconding,True,8,True
3421,516945,1812,Bail,True,20,True
3422,522991,3547,Absconding,True,18,True
3423,522991,2517,Absconding,False,0,True
3424,522991,1381,Absconding,True,13,True
3425,522991,4381,Unknown,True,19,True
3426,522991,2452,Arrested,True,18,True
3427,520586,2135,Unknown,True,14,True
3428,520586,1275,Bail,False,0,True
3429,520586,2056,Arrested,True,4,True
3430,520586,705,Absconding,True,7,True
3431,520586,1720,Unknown,False,0,True
3432,520586,741,Absconding,True,8,True
3433,514865,30,Bail,True,16,True
3434,514865,4833,Arrested,False,0,True
3435,514865,3820,Absconding,False,0,True
3436,514865,4603,Arrested,True,4,True
3437,514865,3054,Bail,False,0,True
3438,523936,1752,Absconding,True,20,False
3439,523936,1497,Bail,False,0,False
3440,514448,3768,Unknown,False,0,False
3441,514448,2292,Arrested,True,13,False
3442,517647,2418,Unknown,False,0,True
3443,517647,3335,Unknown,False,0,True
3444,517647,772,Bail,False,0,True
3445,517647,2134,Unknown,True,13,True
3446,517647,4886,Bail,False,0,True
3447,517684,313,Bail,False,0,False
3448,517684,1045,Unknown,True,3,False
3449,520713,2397,Absconding,True,11,False
3450,507593,1459,Absconding,False,0,False
3451,520258,3565,Unknown,True,17,True
3452,520258,3927,Arrested,False,0,True
3453,520258,114,Arrested,False,0,True
3454,520258,4256,Unknown,False,0,True
3455,520258,4081,Unknown,False,0,True
3456,520258,435,Unknown,False,0,True
3457,505599,1558,Unknown,False,0,False
3458,505599,4684,Absconding,True,14,False
3459,517178,3730,Absconding,True,14,True
3460,517178,4957,Unknown,True,20,True
3461,517178,3467,Arrested,True,4,True
3462,517178,3529,Unknown,True,10,True
3463,500439,2958,Arrested,True,12,True
3464,500439,1219,Absconding,False,0,True
3465,500439,2964,Bail,False,0,True
3466,500439,3206,Unknown,False,0,True
3467,510131,263,Bail,False,0,False
3468,510131,539,Absconding,False,0,False
3469,520326,4337,Bail,False,0,False
3470,520326,4934,Bail,False,0,False
3471,515420,4087,Arrested,True,10,True
3472,515420,79,Arrested,True,4,True
3473,515420,505,Absconding,False,0,True
3474,515420,440,Absconding,False,0,True
3475,515420,1258,Absconding,False,0,True
3476,515420,4542,Unknown,False,0,True
3477,517099,2994,Bail,True,14,False
3478,513906,3236,Absconding,False,0,True
3479,513906,1879,Unknown,False,0,True
3480,513906,983,Absconding,True,20,True
3481,513906,4387,Absconding,False,0,True
3482,513906,4168,Bail,False,0,True
3483,513906,2310,Absconding,False,0,True
3484,522402,3203,Bail,False,0,True
3485,522402,4516,Unknown,False,0,True
3486,522402,1091,Bail,False,0,True
3487,522402,2792,Arrested,False,0,True
3488,522402,1226,Arrested,True,17,True
3489,514986,132,Arrested,False,0,False
3490,514986,13,Bail,True,1,False
3491,520525,2641,Arrested,False,0,True
3492,520525,79,Bail,True,20,True
3493,520525,4190,Unknown,True,18,True
3494,510193,4512,Arrested,False,0,True
3495,510193,1181,Absconding,False,0,True
3496,510193,4391,Unknown,True,5,True
3497,506651,2032,Arrested,True,9,True
3498,506651,77,Arrested,True,6,True
3499,506651,4784,Unknown,False,0,True
3500,506651,4183,Absconding,False,0,True
3501,511506,1863,Arrested,True,12,False
3502,511506,1994,Unknown,True,1,False
3503,524893,18,Absconding,True,20,True
3504,524893,2581,Unknown,True,7,True
3505,524893,521,Arrested,False,0,True
3506,524893,4866,Arrested,True,7,True
3507,524893,3917,Bail,False,0,True
3508,524893,3667,Absconding,False,0,True
3509,503636,2290,Arrested,True,13,True
3510,503636,3443,Unknown,True,16,True
3511,503636,1392,Unknown,False,0,True
3512,503636,3320,Bail,True,4,True
3513,503636,1662,Absconding,True,15,True
3514,512953,4485,Bail,False,0,True
3515,512953,4477,Absconding,False,0,True
3516,512953,1701,Arrested,False,0,True
3517,512953,3160,Absconding,True,1,True
3518,512953,158,Arrested,False,0,True
3519,512953,2127,Bail,True,16,True
3520,518398,4712,Arrested,False,0,True
3521,518398,1794,Arrested,True,20,True
3522,518398,1902,Bail,False,0,True
3523,518398,1383,Unknown,False,0,True
3524,508286,4236,Absconding,False,0,True
3525,508286,1803,Bail,False,0,True
3526,508286,117,Absconding,True,17,True
3527,508286,1144,Arrested,False,0,True
3528,508286,484,Arrested,False,0,True
3529,508828,4091,Bail,False,0,True
3530,508828,4580,Unknown,False,0,True
3531,508828,3752,Bail,True,5,True
3532,508828,3448,Arrested,False,0,True
3533,508228,3063,Bail,False,0,False
3534,523383,1219,Absconding,False,0,True
3535,523383,1477,Unknown,False,0,True
3536,523383,2322,Bail,False,0,True
3537,523383,3063,Arrested,False,0,True
3538,512536,3504,Bail,True,7,True
3539,512536,4530,Unknown,True,17,True
3540,512536,2880,Absconding,True,12,True
3541,512536,3013,Arrested,False,0,True
3542,512536,560,Bail,False,0,True
3543,524445,1622,Arrested,True,3,True
3544,524445,3594,Absconding,True,20,True
3545,524445,2514,Unknown,False,0,True
3546,523284,4421,Unknown,False,0,True
3547,523284,2131,Bail,True,13,True
3548,523284,437,Arrested,True,4,True
3549,523284,4997,Unknown,False,0,True
3550,500682,4010,Absconding,True,4,True
3551,500682,2733,Unknown,False,0,True
3552,500682,1024,Arrested,False,0,True
3553,500682,1119,Unknown,False,0,True
3554,500682,4846,Bail,False,0,True
3555,500682,3870,Unknown,True,20,True
3556,524320,2737,Bail,True,6,True
3557,524320,569,Absconding,True,11,True
3558,524320,1650,Unknown,False,0,True
3559,524320,1335,Absconding,True,18,True
3560,524320,3104,Unknown,False,0,True
3561,516172,1167,Arrested,False,0,True
3562,516172,3866,Bail,False,0,True
3563,516172,2962,Absconding,True,4,True
3564,516172,4101,Absconding,True,19,True
3565,502899,1218,Absconding,False,0,True
3566,502899,998,Arrested,False,0,True
3567,502899,3146,Unknown,True,10,True
3568,502899,3769,Absconding,False,0,True
3569,503397,4463,Arrested,True,18,True
3570,503397,4887,Unknown,True,11,True
3571,503397,3560,Unknown,True,11,True
3572,503397,70,Unknown,False,0,True
3573,503397,4416,Bail,True,18,True
3574,503397,3061,Absconding,False,0,True
3575,503001,3264,Unknown,False,0,False
3576,503001,3498,Unknown,True,3,False
3577,513174,4302,Arrested,True,17,True
3578,513174,3263,Arrested,True,1,True
3579,513174,3408,Arrested,True,5,True
3580,519359,4357,Unknown,False,0,True
3581,519359,17,Bail,True,4,True
3582,519359,3130,Unknown,True,6,True
3583,519359,4681,Arrested,True,13,True
3584,519359,1188,Bail,True,8,True
3585,519359,713,Bail,False,0,True
3586,519814,1121,Arrested,False,0,True
3587,519814,2058,Absconding,False,0,True
3588,519814,981,Arrested,False,0,True
3589,519814,3804,Arrested,False,0,True
3590,519809,2096,Bail,False,0,True
3591,519809,4817,Bail,True,16,True
3592,519809,391,Absconding,True,1,True
3593,519809,4547,Bail,False,0,True
3594,502409,1819,Bail,True,2,False
3595,502409,2369,Unknown,True,17,False
3596,508897,1121,Bail,False,0,True
3597,508897,3841,Unknown,True,8,True
3598,508897,3290,Unknown,False,0,True
3599,508897,3510,Arrested,True,2,True
3600,508897,1722,Arrested,False,0,True
3601,508897,999,Absconding,False,0,True
3602,514662,1972,Unknown,False,0,True
3603,514662,2836,Bail,False,0,True
3604,514662,59,Absconding,False,0,True
3605,514662,3290,Arrested,True,7,True
3606,521873,4021,Bail,False,0,True
3607,521873,2115,Unknown,False,0,True
3608,521873,3791,Arrested,False,0,True
3609,521873,1364,Bail,True,2,True
3610,503287,2031,Bail,False,0,True
3611,503287,1484,Unknown,True,2,True
3612,503287,835,Absconding,True,8,True
3613,503287,3958,Bail,True,19,True
3614,503287,2267,Bail,True,4,True
3615,503287,2287,Absconding,True,4,True
3616,520736,3491,Unknown,True,9,True
3617,520736,3434,Unknown,True,20,True
3618,520736,2146,Arrested,False,0,True
3619,520736,3425,Unknown,False,0,True
3620,520736,4801,Bail,False,0,True
3621,509007,1716,Unknown,True,17,True
3622,509007,4464,Absconding,False,0,True
3623,509007,814,Bail,False,0,True
3624,509007,580,Absconding,True,12,True
3625,509007,4820,Arrested,True,9,True
3626,509007,1501,Bail,False,0,True
3627,515066,4176,Unknown,True,10,True
3628,515066,682,Unknown,True,12,True
3629,515066,1109,Absconding,True,20,True
3630,523318,3396,Unknown,False,0,False
3631,516004,4260,Arrested,False,0,False
3632,516004,4518,Arrested,True,8,False
3633,514605,3965,Arrested,False,0,False
3634,523429,222,Unknown,True,12,False
3635,511661,4958,Bail,False,0,False
3636,511661,683,Bail,True,8,False
3637,523586,943,Bail,False,0,False
3638,523586,3213,Bail,False,0,False
3639,507526,889,Unknown,True,2,True
3640,507526,56,Unknown,False,0,True
3641,507526,2579,Bail,False,0,True
3642,507526,2209,Arrested,True,5,True
3643,524932,2691,Arrested,False,0,True
3644,524932,4920,Bail,False,0,True
3645,524932,744,Arrested,False,0,True
3646,524932,3414,Arrested,True,9,True
3647,524932,4635,Absconding,False,0,True
3648,524932,2791,Bail,True,20,True
3649,506625,2981,Unknown,True,9,True
3650,506625,4234,Unknown,False,0,True
3651,506625,647,Bail,True,3,True
3652,506625,1740,Absconding,True,20,True
3653,504979,805,Absconding,True,15,False
3654,500539,1887,Absconding,True,17,True
3655,500539,4731,Bail,True,7,True
3656,500539,207,Arrested,False,0,True
3657,500539,1512,Bail,True,18,True
3658,500539,2025,Bail,True,10,True
3659,500539,4999,Absconding,False,0,True
3660,522832,3567,Bail,False,0,True
3661,522832,4687,Arrested,False,0,True
3662,522832,3139,Absconding,False,0,True
3663,522832,3552,Arrested,True,5,True
3664,522832,2535,Arrested,True,2,True
3665,522832,838,Bail,True,8,True
3666,502509,4722,Arrested,False,0,True
3667,502509,3539,Unknown,True,2,True
3668,502509,227,Arrested,False,0,True
3669,507407,1984,Absconding,True,10,True
3670,507407,2530,Bail,False,0,True
3671,507407,1527,Arrested,False,0,True
3672,507407,3394,Arrested,False,0,True
3673,524845,627,Absconding,True,1,True
3674,524845,1201,Arrested,False,0,True
3675,524845,4061,Arrested,False,0,True
3676,524845,3525,Unknown,False,0,True
3677,506713,3863,Absconding,False,0,True
3678,506713,516,Absconding,True,19,True
3679,506713,203,Bail,False,0,True
3680,506713,4818,Absconding,True,7,True
3681,506713,2946,Bail,False,0,True
3682,516883,2867,Bail,True,16,True
3683,516883,4124,Absconding,True,7,True
3684,516883,4232,Bail,False,0,True
3685,511770,5,Bail,False,0,True
3686,511770,3039,Arrested,False,0,True
3687,511770,2735,Absconding,False,0,True
3688,521862,1181,Bail,False,0,False
3689,524412,3769,Absconding,True,3,True
3690,524412,942,Bail,True,6,True
3691,524412,4146,Arrested,True,5,True
3692,524412,2654,Unknown,False,0,True
3693,524412,1918,Unknown,True,16,True
3694,524412,6,Bail,False,0,True
3695,502301,970,Bail,True,3,True
3696,502301,53,Unknown,True,14,True
3697,502301,2377,Unknown,True,13,True
3698,502301,1412,Unknown,False,0,True
3699,509683,1850,Arrested,False,0,False
3700,505072,1478,Absconding,False,0,False
3701,524074,873,Bail,True,1,False
3702,518082,3713,Arrested,False,0,False
3703,518082,3151,Absconding,True,15,False
3704,523563,4555,Unknown,False,0,False
3705,522483,3013,Arrested,False,0,True
3706,522483,4224,Unknown,True,9,True
3707,522483,4530,Arrested,True,1,True
3708,522483,465,Absconding,True,20,True
3709,511244,1733,Unknown,True,5,True
3710,511244,10,Arrested,False,0,True
3711,511244,1878,Bail,True,5,True
3712,504706,474,Absconding,True,11,True
3713,504706,625,Unknown,True,1,True
3714,504706,2340,Absconding,True,14,True
3715,504706,4743,Unknown,False,0,True
3716,520349,3671,Absconding,True,13,True
3717,520349,2913,Unknown,True,9,True
3718,520349,4490,Unknown,False,0,True
3719,520349,2680,Absconding,False,0,True
3720,520349,3121,Unknown,True,1,True
3721,520349,1972,Bail,True,3,True
3722,514223,839,Absconding,True,8,True
3723,514223,366,Bail,False,0,True
3724,514223,1670,Bail,True,6,True
3725,514223,1284,Arrested,False,0,True
3726,508493,1649,Bail,False,0,True
3727,508493,4555,Absconding,True,19,True
3728,508493,2941,Bail,False,0,True
3729,509768,1807,Unknown,False,0,True
3730,509768,4492,Absconding,False,0,True
3731,509768,2304,Arrested,False,0,True
3732,504337,2658,Arrested,True,8,True
3733,504337,2858,Bail,True,2,True
3734,504337,3677,Arrested,False,0,True
3735,504337,3786,Unknown,True,5,True
3736,504337,1284,Bail,False,0,True
3737,504337,786,Arrested,False,0,True
3738,517689,3070,Absconding,False,0,True
3739,517689,1812,Arrested,True,13,True
3740,517689,1870,Bail,False,0,True
3741,517689,4389,Unknown,True,5,True
3742,520342,2145,Unknown,True,8,False
3743,508455,603,Bail,True,7,True
3744,508455,996,Absconding,True,5,True
3745,508455,3911,Bail,False,0,True
3746,507073,3757,Arrested,True,1,True
3747,507073,2761,Arrested,True,20,True
3748,507073,4549,Bail,True,9,True
3749,511093,569,Absconding,False,0,False
3750,511093,1184,Arrested,True,10,False
3751,502056,2044,Absconding,False,0,True
3752,502056,4181,Arrested,True,17,True
3753,502056,2499,Bail,False,0,True
3754,500222,570,Bail,False,0,False
3755,517662,1308,Bail,False,0,False
3756,517662,3190,Absconding,True,9,False
3757,504673,1358,Unknown,False,0,True
3758,504673,3900,Arrested,True,19,True
3759,504673,2551,Unknown,True,6,True
3760,504673,4720,Arrested,True,8,True
3761,504673,574,Absconding,False,0,True
3762,504673,4462,Unknown,False,0,True
3763,508300,2258,Bail,False,0,True
3764,508300,3374,Unknown,False,0,True
3765,508300,3887,Arrested,False,0,True
3766,508300,4193,Bail,False,0,True
3767,508300,4174,Unknown,False,0,True
3768,508300,2584,Arrested,False,0,True
3769,514064,706,Bail,False,0,False
3770,515941,797,Unknown,False,0,False
3771,515941,1894,Unknown,False,0,False
3772,511800,4015,Bail,True,18,False
3773,501109,3909,Unknown,True,18,True
3774,501109,3740,Bail,True,11,True
3775,501109,3266,Absconding,True,13,True
3776,501109,2358,Unknown,False,0,True
3777,501109,3047,Arrested,True,5,True
3778,520868,1028,Bail,False,0,True
3779,520868,4697,Absconding,False,0,True
3780,520868,1613,Unknown,True,19,True
3781,520868,4581,Arrested,True,3,True
3782,520868,1580,Arrested,True,10,True
3783,520868,2392,Bail,True,13,True
3784,516477,3461,Bail,False,0,False
3785,518002,4425,Arrested,True,10,True
3786,518002,4763,Unknown,True,12,True
3787,518002,1051,Absconding,True,9,True
3788,518002,4497,Arrested,False,0,True
3789,518002,1073,Bail,True,13,True
3790,518002,4450,Unknown,True,3,True
3791,523629,538,Arrested,False,0,True
3792,523629,3488,Bail,True,3,True
3793,523629,3829,Arrested,True,12,True
3794,504344,4915,Bail,False,0,True
3795,504344,4997,Absconding,True,9,True
3796,504344,697,Absconding,True,17,True
3797,504344,4569,Absconding,False,0,True
3798,503383,568,Bail,True,15,False
3799,522974,2980,Arrested,True,20,True
3800,522974,4681,Arrested,True,11,True
3801,522974,1943,Arrested,False,0,True
3802,503733,3035,Bail,True,2,True
3803,503733,2156,Arrested,False,0,True
3804,503733,1681,Unknown,False,0,True
3805,503733,3510,Absconding,False,0,True
3806,503733,4532,Unknown,True,4,True
3807,503733,1297,Absconding,True,10,True
3808,522978,431,Unknown,True,6,True
3809,522978,1110,Absconding,False,0,True
3810,522978,2442,Unknown,False,0,True
3811,522978,1357,Unknown,True,4,True
3812,508280,1894,Absconding,False,0,True
3813,508280,539,Arrested,True,17,True
3814,508280,2201,Absconding,True,16,True
3815,508280,3865,Unknown,True,11,True
3816,502363,1802,Bail,False,0,True
3817,502363,1062,Absconding,False,0,True
3818,502363,2442,Arrested,False,0,True
3819,522931,863,Unknown,False,0,True
3820,522931,4855,Absconding,True,20,True
3821,522931,3075,Unknown,True,15,True
3822,522931,2253,Absconding,False,0,True
3823,522931,157,Bail,False,0,True
3824,522931,4248,Absconding,True,1,True
3825,513549,1687,Bail,False,0,False
3826,513549,1339,Absconding,True,3,False
3827,504844,1128,Unknown,True,15,True
3828,504844,9,Bail,False,0,True
3829,504844,4165,Absconding,True,15,True
3830,504844,1768,Absconding,True,11,True
3831,503201,4409,Bail,False,0,False
3832,500874,4436,Arrested,True,9,True
3833,500874,1358,Arrested,True,16,True
3834,500874,3689,Unknown,True,7,True
3835,500874,3239,Unknown,True,3,True
3836,500874,4891,Absconding,True,10,True
3837,500874,1671,Arrested,False,0,True
3838,514812,3314,Unknown,True,5,True
3839,514812,4353,Bail,False,0,True
3840,514812,1386,Absconding,True,11,True
3841,514812,357,Absconding,True,12,True
3842,514812,2268,Unknown,False,0,True
3843,518227,3487,Arrested,True,4,True
3844,518227,585,Arrested,False,0,True
3845,518227,953,Bail,True,2,True
3846,516779,2733,Arrested,False,0,False
3847,516779,2466,Bail,False,0,False
3848,520364,1151,Arrested,True,15,False
3849,520364,1394,Bail,False,0,False
3850,501088,1772,Unknown,True,14,True
3851,501088,905,Unknown,True,7,True
3852,501088,4109,Absconding,True,6,True
3853,504611,1315,Bail,False,0,True
3854,504611,3144,Bail,False,0,True
3855,504611,2086,Unknown,False,0,True
3856,504611,339,Arrested,True,9,True
3857,504611,4605,Arrested,True,13,True
3858,509422,4991,Absconding,True,19,False
3859,522670,1647,Arrested,False,0,True
3860,522670,4318,Bail,True,1,True
3861,522670,4006,Absconding,False,0,True
3862,516798,3214,Arrested,True,3,False
3863,521115,1489,Arrested,True,17,False
3864,521115,2656,Bail,True,13,False
3865,505071,1627,Absconding,False,0,True
3866,505071,1185,Bail,True,4,True
3867,505071,2644,Unknown,False,0,True
3868,504654,2999,Absconding,True,4,False
3869,504654,2250,Unknown,False,0,False
3870,519424,2849,Unknown,True,10,False
3871,501669,4735,Arrested,False,0,True
3872,501669,3144,Bail,True,15,True
3873,501669,758,Unknown,False,0,True
3874,501669,3885,Bail,True,17,True
3875,501669,4123,Absconding,False,0,True
3876,509962,3214,Bail,False,0,False
3877,509962,2783,Absconding,True,19,False
3878,513789,3613,Unknown,False,0,False
3879,512423,1367,Bail,True,15,True
3880,512423,617,Absconding,False,0,True
3881,512423,3691,Bail,False,0,True
3882,512423,4641,Unknown,True,20,True
3883,505524,983,Bail,False,0,True
3884,505524,1053,Bail,False,0,True
3885,505524,2364,Unknown,False,0,True
3886,505524,833,Arrested,True,13,True
3887,505524,629,Absconding,True,2,True
3888,505524,578,Bail,False,0,True
3889,523098,3002,Absconding,False,0,True
3890,523098,694,Arrested,True,18,True
3891,523098,2968,Arrested,True,15,True
3892,523098,2189,Bail,False,0,True
3893,523098,1207,Arrested,True,2,True
3894,523098,3795,Unknown,False,0,True
3895,506137,295,Bail,True,5,True
3896,506137,761,Arrested,True,11,True
3897,506137,1451,Unknown,True,6,True
3898,506137,3098,Absconding,True,16,True
3899,513934,1276,Unknown,False,0,True
3900,513934,3820,Bail,False,0,True
3901,513934,505,Arrested,False,0,True
3902,513934,707,Unknown,False,0,True
3903,513934,1326,Absconding,False,0,True
3904,509200,1924,Arrested,True,19,False
3905,513526,1075,Arrested,True,7,True
3906,513526,4259,Arrested,True,20,True
3907,513526,345,Arrested,True,3,True
3908,513526,3881,Unknown,False,0,True
3909,510030,1414,Unknown,True,20,True
3910,510030,4751,Bail,True,11,True
3911,510030,1482,Arrested,True,5,True
3912,510030,3340,Absconding,True,10,True
3913,510030,3572,Absconding,False,0,True
3914,503994,2951,Absconding,False,0,False
3915,503994,2830,Absconding,False,0,False
3916,521823,2064,Unknown,True,13,False
3917,520827,319,Arrested,True,18,True
3918,520827,216,Absconding,True,18,True
3919,520827,4820,Absconding,False,0,True
3920,507704,347,Arrested,True,12,True
3921,507704,2268,Arrested,True,10,True
3922,507704,4555,Absconding,False,0,True
3923,510915,868,Absconding,True,6,True
3924,510915,4200,Arrested,True,11,True
3925,510915,2014,Arrested,False,0,True
3926,510915,1009,Arrested,False,0,True
3927,510501,3268,Absconding,True,17,True
3928,510501,4653,Absconding,False,0,True
3929,510501,4424,Arrested,False,0,True
3930,524051,430,Arrested,True,17,True
3931,524051,2664,Unknown,False,0,True
3932,524051,1535,Bail,False,0,True
3933,524051,3891,Absconding,True,8,True
3934,524051,2408,Bail,False,0,True
3935,524051,2389,Bail,False,0,True
3936,506843,4227,Bail,False,0,True
3937,506843,1832,Absconding,True,9,True
3938,506843,3503,Unknown,False,0,True
3939,506843,2419,Unknown,True,1,True
3940,506843,4533,Unknown,False,0,True
3941,503434,3835,Bail,True,5,False
3942,503434,1708,Arrested,False,0,False
3943,510856,2634,Bail,True,6,False
3944,510856,400,Absconding,False,0,False
3945,515644,981,Bail,False,0,True
3946,515644,737,Arrested,True,8,True
3947,515644,4785,Absconding,False,0,True
3948,520895,1343,Absconding,False,0,True
3949,520895,4448,Unknown,True,3,True
3950,520895,459,Bail,False,0,True
3951,520895,3270,Unknown,False,0,True
3952,520895,2533,Bail,False,0,True
3953,500128,492,Bail,True,13,False
3954,500128,4765,Unknown,False,0,False
3955,523910,2137,Unknown,False,0,False
3956,523910,2618,Bail,False,0,False
3957,501531,320,Unknown,False,0,False
3958,501531,4613,Arrested,False,0,False
3959,511586,307,Arrested,True,6,False
3960,511586,1301,Absconding,True,9,False
3961,519341,2896,Unknown,False,0,True
3962,519341,3413,Arrested,True,9,True
3963,519341,2007,Absconding,False,0,True
3964,510114,4376,Bail,True,12,True
3965,510114,125,Absconding,True,11,True
3966,510114,1693,Bail,True,15,True
3967,510114,492,Arrested,True,8,True
3968,510114,4103,Bail,False,0,True
3969,523553,4096,Unknown,False,0,True
3970,523553,789,Arrested,True,9,True
3971,523553,1068,Bail,True,1,True
3972,523553,3679,Arrested,True,4,True
3973,523553,4746,Bail,False,0,True
3974,524045,4691,Arrested,True,11,False
3975,524045,3169,Absconding,True,14,False
3976,509162,3555,Absconding,False,0,True
3977,509162,75,Arrested,True,13,True
3978,509162,2647,Bail,False,0,True
3979,517046,2538,Unknown,False,0,True
3980,517046,4358,Arrested,False,0,True
3981,517046,1579,Absconding,False,0,True
3982,517046,1307,Unknown,False,0,True
3983,524015,867,Absconding,True,3,False
3984,523555,3005,Bail,True,17,False
3985,523555,2820,Arrested,False,0,False
3986,512661,4805,Unknown,False,0,True
3987,512661,3658,Arrested,True,3,True
3988,512661,4864,Absconding,True,4,True
3989,512661,2931,Absconding,True,14,True
3990,523468,480,Absconding,True,6,False
3991,517402,1852,Bail,False,0,False
3992,520447,4245,Unknown,True,7,True
3993,520447,4463,Unknown,False,0,True
3994,520447,2369,Bail,True,9,True
3995,520447,452,Absconding,False,0,True
3996,500965,3456,Arrested,True,6,True
3997,500965,1337,Bail,True,6,True
3998,500965,1396,Unknown,False,0,True
3999,500965,1490,Arrested,True,8,True
4000,500965,695,Arrested,True,11,True
4001,500965,1121,Arrested,False,0,True
4002,524489,1095,Unknown,True,10,True
4003,524489,4456,Arrested,False,0,True
4004,524489,2893,Bail,True,15,True
4005,524489,1146,Arrested,False,0,True
4006,524489,3282,Absconding,True,6,True
4007,502343,3999,Unknown,False,0,True
4008,502343,3299,Absconding,False,0,True
4009,502343,2994,Arrested,False,0,True
4010,502343,4798,Unknown,True,14,True
4011,502343,1124,Bail,True,16,True
4012,507213,1635,Absconding,False,0,True
4013,507213,4472,Bail,True,6,True
4014,507213,889,Arrested,True,3,True
4015,507213,4859,Unknown,False,0,True
4016,507213,3085,Unknown,False,0,True
4017,507213,815,Absconding,True,16,True
4018,523759,3871,Unknown,True,9,True
4019,523759,3000,Absconding,False,0,True
4020,523759,3414,Unknown,False,0,True
4021,510931,423,Unknown,False,0,True
4022,510931,4018,Arrested,False,0,True
4023,510931,3382,Unknown,True,18,True
4024,510931,1734,Arrested,True,20,True
4025,510931,1490,Arrested,False,0,True
4026,510931,1105,Bail,False,0,True
4027,511122,3198,Arrested,True,14,True
4028,511122,1008,Arrested,False,0,True
4029,511122,2544,Arrested,False,0,True
4030,508716,3966,Absconding,True,19,False
4031,519324,3750,Unknown,True,9,True
4032,519324,4703,Bail,False,0,True
4033,519324,1274,Bail,True,5,True
4034,519324,898,Bail,False,0,True
4035,519324,233,Unknown,True,3,True
4036,519324,461,Absconding,False,0,True
4037,503793,2854,Unknown,False,0,True
4038,503793,4194,Unknown,False,0,True
4039,503793,3422,Arrested,True,7,True
4040,503793,2571,Bail,True,6,True
4041,518114,3753,Absconding,True,13,True
4042,518114,2382,Unknown,False,0,True
4043,518114,2720,Bail,False,0,True
4044,518114,1507,Unknown,False,0,True
4045,518114,3613,Absconding,True,6,True
4046,511489,4003,Unknown,True,2,False
4047,511489,255,Absconding,True,20,False
4048,521968,2461,Unknown,False,0,True
4049,521968,1373,Unknown,False,0,True
4050,521968,4444,Unknown,False,0,True
4051,521968,1098,Unknown,False,0,True
4052,521968,1162,Absconding,False,0,True
4053,500504,3462,Bail,False,0,True
4054,500504,2340,Unknown,False,0,True
4055,500504,2589,Arrested,False,0,True
4056,500504,1216,Absconding,True,15,True
4057,507294,3142,Bail,False,0,True
4058,507294,1642,Bail,False,0,True
4059,507294,4100,Bail,False,0,True
4060,507294,4675,Bail,False,0,True
4061,522253,3258,Unknown,False,0,True
4062,522253,4483,Absconding,False,0,True
4063,522253,4326,Absconding,True,11,True
4064,522253,4616,Arrested,False,0,True
4065,521708,4428,Bail,True,13,True
4066,521708,4599,Arrested,False,0,True
4067,521708,909,Unknown,True,9,True
4068,521708,2313,Unknown,False,0,True
4069,521708,3963,Arrested,False,0,True
4070,521708,1440,Arrested,True,17,True
4071,518277,4184,Bail,False,0,True
4072,518277,1745,Unknown,True,10,True
4073,518277,478,Absconding,True,11,True
4074,518277,1835,Absconding,True,16,True
4075,516329,3947,Arrested,True,14,False
4076,516797,4591,Bail,True,20,True
4077,516797,4874,Bail,False,0,True
4078,516797,4327,Arrested,True,7,True
4079,516797,2649,Unknown,True,8,True
4080,516797,4163,Arrested,True,10,True
4081,516797,4031,Absconding,False,0,True
4082,520783,3026,Arrested,True,5,True
4083,520783,291,Unknown,True,10,True
4084,520783,3208,Arrested,False,0,True
4085,520783,690,Absconding,True,14,True
4086,520783,4792,Absconding,False,0,True
4087,520783,1560,Absconding,True,9,True
4088,501604,4142,Unknown,False,0,False
4089,501604,660,Arrested,False,0,False
4090,505653,2684,Arrested,False,0,False
4091,505653,1956,Unknown,True,16,False
4092,507582,971,Unknown,True,11,True
4093,507582,1917,Bail,False,0,True
4094,507582,1688,Unknown,True,1,True
4095,507582,4965,Arrested,False,0,True
4096,507582,4169,Absconding,False,0,True
4097,502715,2936,Unknown,True,7,True
4098,502715,3415,Arrested,True,20,True
4099,502715,2832,Bail,True,16,True
4100,502715,578,Bail,False,0,True
4101,502715,4758,Absconding,False,0,True
4102,518616,634,Unknown,False,0,True
4103,518616,1031,Bail,False,0,True
4104,518616,90,Unknown,True,13,True
4105,518616,3757,Absconding,False,0,True
4106,518616,1686,Absconding,True,10,True
4107,518616,2706,Arrested,False,0,True
4108,522015,2890,Absconding,True,18,True
4109,522015,793,Unknown,True,10,True
4110,522015,2541,Bail,False,0,True
4111,522015,1934,Unknown,False,0,True
4112,500929,383,Bail,True,3,False
4113,503269,1309,Unknown,True,10,True
4114,503269,2726,Unknown,False,0,True
4115,503269,3197,Bail,False,0,True
4116,503269,2476,Bail,True,9,True
4117,505573,4511,Bail,True,19,False
4118,505722,509,Arrested,True,15,False
4119,505722,4869,Arrested,True,4,False
4120,501645,3144,Arrested,True,20,True
4121,501645,376,Bail,True,6,True
4122,501645,1502,Bail,False,0,True
4123,501645,4212,Unknown,True,19,True
4124,501645,3974,Unknown,False,0,True
4125,501645,4832,Bail,False,0,True
4126,523932,2186,Unknown,True,11,False
4127,523718,1476,Absconding,True,14,False
4128,523718,3308,Bail,True,13,False
4129,502112,4756,Unknown,False,0,True
4130,502112,2775,Unknown,False,0,True
4131,502112,3271,Bail,True,18,True
4132,502112,554,Unknown,True,9,True
4133,502112,1485,Arrested,False,0,True
4134,502112,2669,Absconding,True,19,True
4135,511920,2177,Bail,False,0,False
4136,500829,3358,Arrested,True,8,True
4137,500829,4159,Arrested,False,0,True
4138,500829,4188,Unknown,False,0,True
4139,503972,3414,Bail,False,0,True
4140,503972,418,Bail,True,9,True
4141,503972,3562,Bail,False,0,True
4142,503972,3162,Absconding,True,1,True
4143,503972,2650,Bail,True,1,True
4144,503972,1981,Bail,True,19,True
4145,507748,146,Absconding,True,16,False
4146,507748,2524,Arrested,False,0,False
4147,517941,4379,Bail,False,0,True
4148,517941,3200,Unknown,False,0,True
4149,517941,4753,Bail,False,0,True
4150,517941,1089,Unknown,False,0,True
4151,518814,1953,Absconding,True,18,False
4152,518814,3698,Unknown,False,0,False
4153,503807,196,Unknown,True,20,False
4154,502435,2929,Unknown,False,0,True
4155,502435,4163,Arrested,True,15,True
4156,502435,3655,Unknown,False,0,True
4157,502435,4463,Bail,True,6,True
4158,502435,602,Arrested,False,0,True
4159,502435,4604,Absconding,True,12,True
4160,511969,4327,Unknown,True,2,True
4161,511969,230,Arrested,False,0,True
4162,511969,68,Bail,False,0,True
4163,511969,1072,Absconding,False,0,True
4164,511969,2787,Bail,True,14,True
4165,517599,3736,Unknown,False,0,True
4166,517599,2688,Bail,True,17,True
4167,517599,4597,Arrested,True,4,True
4168,517599,2584,Absconding,True,13,True
4169,517599,2027,Absconding,True,20,True
4170,517599,2761,Arrested,False,0,True
4171,515261,3299,Arrested,True,10,True
4172,515261,1771,Arrested,True,15,True
4173,515261,1702,Absconding,True,17,True
4174,515261,601,Arrested,True,12,True
4175,511833,2744,Arrested,True,5,True
4176,511833,1868,Absconding,False,0,True
4177,511833,4116,Bail,True,2,True
4178,511833,1887,Unknown,True,15,True
4179,511833,2674,Absconding,False,0,True
4180,513208,1911,Arrested,False,0,True
4181,513208,1561,Arrested,False,0,True
4182,513208,1631,Arrested,True,18,True
4183,513208,1456,Unknown,True,9,True
4184,513208,11,Unknown,False,0,True
4185,513208,1792,Arrested,True,4,True
4186,505837,38,Bail,False,0,True
4187,505837,968,Arrested,True,13,True
4188,505837,739,Unknown,True,12,True
4189,523235,1845,Bail,False,0,True
4190,523235,3549,Bail,False,0,True
4191,523235,3825,Arrested,True,11,True
4192,503227,3655,Bail,True,17,False
4193,503227,2649,Unknown,True,6,False
4194,521579,4286,Absconding,True,16,False
4195,521579,4550,Unknown,False,0,False
4196,524782,3945,Unknown,False,0,True
4197,524782,2241,Bail,True,20,True
4198,524782,3726,Arrested,True,3,True
4199,524782,4358,Arrested,False,0,True
4200,522500,1897,Arrested,True,13,False
4201,514792,811,Unknown,False,0,True
4202,514792,1023,Bail,False,0,True
4203,514792,36,Absconding,False,0,True
4204,502905,4184,Bail,True,3,True
4205,502905,4119,Arrested,True,2,True
4206,502905,1939,Arrested,False,0,True
4207,502905,1075,Arrested,True,10,True
4208,502905,3518,Bail,False,0,True
4209,510728,693,Bail,True,18,True
4210,510728,14,Arrested,False,0,True
4211,510728,3251,Bail,False,0,True
4212,510728,3592,Unknown,False,0,True
4213,517907,3080,Absconding,False,0,False
4214,514586,4933,Absconding,False,0,True
4215,514586,1300,Absconding,True,4,True
4216,514586,639,Arrested,True,7,True
4217,514586,3907,Arrested,True,1,True
4218,514586,470,Bail,True,2,True
4219,510153,631,Arrested,False,0,True
4220,510153,1785,Arrested,False,0,True
4221,510153,4242,Arrested,True,6,True
4222,510153,1629,Bail,True,20,True
4223,510153,3820,Unknown,False,0,True
4224,510153,3983,Unknown,False,0,True
4225,508511,1736,Arrested,False,0,True
4226,508511,2070,Bail,True,6,True
4227,508511,4083,Arrested,True,13,True
4228,508511,3239,Unknown,False,0,True
4229,508511,3097,Absconding,False,0,True
4230,511855,3973,Unknown,True,20,True
4231,511855,4779,Arrested,True,18,True
4232,511855,440,Absconding,False,0,True
4233,511855,4612,Absconding,True,14,True
4234,511855,1724,Bail,False,0,True
4235,518571,4602,Bail,False,0,True
4236,518571,3347,Unknown,False,0,True
4237,518571,1107,Bail,True,13,True
4238,518571,4089,Arrested,True,13,True
4239,518416,1281,Arrested,True,13,True
4240,518416,3459,Bail,False,0,True
4241,518416,3032,Arrested,True,18,True
4242,518416,3625,Arrested,True,1,True
4243,518416,762,Unknown,False,0,True
4244,515655,2207,Arrested,False,0,False
4245,501922,4603,Unknown,True,1,True
4246,501922,1620,Bail,True,14,True
4247,501922,2537,Absconding,False,0,True
4248,501922,4409,Arrested,True,8,True
4249,501922,1856,Bail,False,0,True
4250,513095,49,Absconding,True,10,True
4251,513095,2507,Unknown,False,0,True
4252,513095,1033,Bail,True,13,True
4253,513095,3263,Bail,True,3,True
4254,513095,4895,Unknown,False,0,True
4255,508978,3855,Arrested,True,7,False
4256,502362,1549,Unknown,True,1,False
4257,502362,3446,Bail,False,0,False
4258,522748,1000,Arrested,True,4,True
4259,522748,234,Unknown,True,19,True
4260,522748,3493,Arrested,False,0,True
4261,522748,1608,Absconding,True,16,True
4262,522748,1646,Unknown,False,0,True
4263,507271,2358,Absconding,False,0,True
4264,507271,3647,Arrested,False,0,True
4265,507271,3944,Bail,True,20,True
4266,507271,4639,Arrested,True,10,True
4267,507271,1197,Bail,True,12,True
4268,524125,4810,Absconding,True,3,True
4269,524125,414,Arrested,True,19,True
4270,524125,134,Bail,True,13,True
4271,524125,4434,Arrested,False,0,True
4272,524125,2702,Absconding,False,0,True
4273,506052,2682,Arrested,False,0,True
4274,506052,2088,Absconding,True,13,True
4275,506052,2036,Absconding,True,5,True
4276,506052,4291,Bail,True,14,True
4277,506052,330,Unknown,False,0,True
4278,506052,800,Arrested,True,15,True
4279,503800,4532,Arrested,True,8,False
4280,503800,4477,Unknown,False,0,False
4281,508589,4636,Bail,True,9,False
4282,508589,3642,Arrested,True,6,False
4283,516183,694,Arrested,False,0,True
4284,516183,2527,Arrested,True,10,True
4285,516183,2126,Arrested,True,5,True
4286,516183,3395,Arrested,True,4,True
4287,516183,59,Absconding,False,0,True
4288,509296,2613,Unknown,True,5,False
4289,503923,3331,Arrested,True,8,False
4290,506545,4162,Bail,True,19,True
4291,506545,4464,Unknown,False,0,True
4292,506545,3767,Arrested,False,0,True
4293,513556,4787,Absconding,True,14,True
4294,513556,2927,Unknown,False,0,True
4295,513556,3318,Unknown,True,4,True
4296,513556,4476,Absconding,True,14,True
4297,513556,3483,Unknown,False,0,True
4298,513556,594,Unknown,False,0,True
4299,519914,3734,Unknown,False,0,True
4300,519914,92,Bail,True,9,True
4301,519914,1822,Bail,True,14,True
4302,519914,3259,Absconding,False,0,True
4303,519914,1044,Absconding,False,0,True
4304,519914,757,Bail,False,0,True
4305,507396,3781,Bail,False,0,False
4306,501676,4273,Bail,False,0,False
4307,523798,4053,Arrested,True,8,True
4308,523798,3402,Bail,False,0,True
4309,523798,191,Unknown,False,0,True
4310,523798,1536,Arrested,False,0,True
4311,523798,400,Arrested,True,14,True
4312,510313,3284,Absconding,True,5,True
4313,510313,3630,Arrested,False,0,True
4314,510313,4914,Arrested,True,17,True
4315,510313,3659,Unknown,False,0,True
4316,510313,62,Absconding,True,3,True
4317,513553,2087,Unknown,False,0,True
4318,513553,58,Arrested,False,0,True
4319,513553,3881,Bail,True,19,True
4320,513553,2966,Unknown,False,0,True
4321,513553,1219,Unknown,False,0,True
4322,513553,1362,Arrested,False,0,True
4323,512624,3066,Unknown,True,5,True
4324,512624,2401,Unknown,True,10,True
4325,512624,3368,Arrested,True,1,True
4326,520572,4793,Bail,False,0,True
4327,520572,4822,Bail,True,16,True
4328,520572,565,Arrested,False,0,True
4329,520572,1868,Bail,True,1,True
4330,520572,4015,Unknown,False,0,True
4331,520572,1897,Unknown,False,0,True
4332,519708,3970,Arrested,False,0,True
4333,519708,395,Absconding,False,0,True
4334,519708,3095,Bail,True,9,True
4335,504230,1176,Absconding,True,20,True
4336,504230,4995,Arrested,False,0,True
4337,504230,1187,Bail,True,15,True
4338,504230,1986,Arrested,False,0,True
4339,508118,4647,Arrested,True,17,False
4340,507278,1870,Bail,False,0,True
4341,507278,266,Unknown,True,6,True
4342,507278,599,Arrested,False,0,True
4343,507278,379,Arrested,True,3,True
4344,507278,2269,Arrested,True,8,True
4345,515051,3745,Bail,True,12,True
4346,515051,239,Bail,True,12,True
4347,515051,1974,Absconding,True,3,True
4348,514718,4593,Arrested,False,0,True
4349,514718,3753,Arrested,True,12,True
4350,514718,1827,Absconding,False,0,True
4351,514718,1023,Arrested,True,12,True
4352,514718,2600,Unknown,True,13,True
4353,514718,3474,Bail,True,3,True
4354,507568,2746,Bail,False,0,True
4355,507568,1528,Absconding,False,0,True
4356,507568,152,Absconding,True,4,True
4357,520503,3499,Absconding,False,0,True
4358,520503,1388,Unknown,True,17,True
4359,520503,1102,Absconding,True,15,True
4360,520503,1850,Unknown,False,0,True
4361,520503,1558,Arrested,True,18,True
4362,509094,3343,Unknown,False,0,True
4363,509094,821,Arrested,True,9,True
4364,509094,839,Unknown,False,0,True
4365,509094,3279,Bail,True,2,True
4366,509094,4463,Unknown,True,4,True
4367,509094,2218,Arrested,False,0,True
4368,516326,2955,Bail,True,3,True
4369,516326,3539,Bail,True,5,True
4370,516326,2910,Unknown,True,16,True
4371,516326,3923,Unknown,False,0,True
4372,516326,2641,Unknown,False,0,True
4373,503474,864,Absconding,False,0,True
4374,503474,721,Unknown,False,0,True
4375,503474,763,Unknown,False,0,True
4376,503474,30,Arrested,False,0,True
4377,507998,3570,Arrested,False,0,True
4378,507998,1706,Bail,False,0,True
4379,507998,4930,Arrested,True,1,True
4380,507998,1120,Absconding,False,0,True
4381,512148,3466,Arrested,False,0,True
4382,512148,2632,Arrested,True,4,True
4383,512148,4398,Bail,True,13,True
4384,512148,1174,Absconding,False,0,True
4385,512148,1875,Bail,False,0,True
4386,505355,3090,Absconding,True,3,True
4387,505355,1231,Arrested,True,18,True
4388,505355,1709,Bail,False,0,True
4389,505355,2024,Unknown,False,0,True
4390,505355,3728,Unknown,True,9,True
4391,505355,317,Unknown,True,9,True
4392,506603,1645,Unknown,False,0,True
4393,506603,3413,Unknown,False,0,True
4394,506603,2376,Absconding,True,11,True
4395,506603,1355,Unknown,False,0,True
4396,506603,4343,Arrested,True,2,True
4397,506603,3214,Arrested,False,0,True
4398,510909,1246,Absconding,True,12,True
4399,510909,1545,Absconding,True,11,True
4400,510909,2927,Unknown,False,0,True
4401,513244,2301,Arrested,False,0,True
4402,513244,3399,Bail,True,11,True
4403,513244,3136,Bail,True,3,True
4404,513244,2536,Unknown,False,0,True
4405,513244,3163,Arrested,False,0,True
4406,513244,228,Absconding,False,0,True
4407,522969,4216,Unknown,True,10,True
4408,522969,1758,Unknown,False,0,True
4409,522969,1165,Bail,False,0,True
4410,522969,4455,Arrested,True,5,True
4411,522969,4261,Arrested,False,0,True
4412,522969,4528,Unknown,True,5,True
4413,513197,4713,Arrested,True,3,True
4414,513197,4776,Unknown,True,4,True
4415,513197,2662,Bail,True,2,True
4416,513197,1156,Bail,False,0,True
4417,513197,3162,Arrested,False,0,True
4418,507072,3533,Arrested,True,14,True
4419,507072,693,Absconding,False,0,True
4420,507072,1761,Unknown,False,0,True
4421,507072,4328,Absconding,True,4,True
4422,507072,4078,Unknown,True,2,True
4423,507072,3884,Unknown,False,0,True
4424,512679,785,Bail,False,0,True
4425,512679,2393,Bail,False,0,True
4426,512679,948,Absconding,True,13,True
4427,512679,538,Absconding,True,8,True
4428,512679,1038,Unknown,False,0,True
4429,512679,1264,Unknown,True,2,True
4430,503691,3628,Bail,False,0,True
4431,503691,1488,Unknown,False,0,True
4432,503691,563,Bail,True,2,True
4433,522887,4532,Absconding,True,15,False
4434,522887,3116,Bail,False,0,False
4435,518247,4123,Arrested,False,0,False
4436,518247,3903,Arrested,False,0,False
4437,524195,4847,Arrested,False,0,False
4438,524195,2270,Absconding,True,3,False
4439,521011,3255,Bail,False,0,True
4440,521011,4514,Unknown,True,20,True
4441,521011,1423,Bail,False,0,True
4442,517822,4554,Bail,True,10,False
4443,510736,3745,Bail,False,0,False
4444,521102,3705,Arrested,True,6,True
4445,521102,708,Bail,False,0,True
4446,521102,4527,Absconding,False,0,True
4447,507224,4305,Bail,False,0,True
4448,507224,2627,Arrested,False,0,True
4449,507224,1948,Unknown,True,17,True
4450,507224,2729,Bail,False,0,True
4451,507169,4501,Absconding,False,0,True
4452,507169,1164,Bail,False,0,True
4453,507169,2538,Bail,False,0,True
4454,514005,564,Bail,True,19,True
4455,514005,4850,Arrested,True,9,True
4456,514005,3642,Absconding,False,0,True
4457,514005,568,Unknown,True,8,True
4458,520656,287,Absconding,False,0,True
4459,520656,1145,Unknown,False,0,True
4460,520656,4500,Arrested,True,3,True
4461,520656,4667,Arrested,True,13,True
4462,520656,1903,Absconding,True,1,True
4463,515844,4282,Bail,True,20,False
4464,515844,4852,Bail,True,7,False
4465,514583,2836,Absconding,False,0,True
4466,514583,401,Arrested,True,2,True
4467,514583,4699,Absconding,False,0,True
4468,510456,2792,Unknown,True,17,True
4469,510456,1847,Unknown,True,12,True
4470,510456,1371,Bail,True,13,True
4471,510456,1255,Arrested,False,0,True
4472,510456,3480,Bail,True,12,True
4473,510350,4100,Arrested,True,10,True
4474,510350,4179,Unknown,True,10,True
4475,510350,2603,Bail,True,16,True
4476,510350,1292,Absconding,False,0,True
4477,510350,4247,Absconding,False,0,True
4478,521159,626,Bail,False,0,False
4479,512287,632,Arrested,True,6,True
4480,512287,4861,Bail,False,0,True
4481,512287,3794,Arrested,False,0,True
4482,517095,247,Bail,True,10,True
4483,517095,4688,Bail,True,17,True
4484,517095,156,Bail,False,0,True
4485,517095,2829,Bail,False,0,True
4486,517095,1764,Absconding,True,1,True
4487,517095,3200,Absconding,False,0,True
4488,503212,4255,Unknown,True,4,True
4489,503212,4159,Arrested,False,0,True
4490,503212,1264,Arrested,True,6,True
4491,520992,1330,Unknown,False,0,True
4492,520992,3826,Unknown,True,14,True
4493,520992,4716,Unknown,True,8,True
4494,521561,4112,Arrested,True,10,True
4495,521561,4871,Bail,False,0,True
4496,521561,3611,Unknown,True,12,True
4497,521561,1804,Absconding,False,0,True
4498,500971,4209,Bail,False,0,True
4499,500971,48,Absconding,False,0,True
4500,500971,3341,Unknown,False,0,True
4501,500971,4237,Absconding,False,0,True
4502,502436,159,Absconding,True,4,True
4503,502436,4078,Bail,False,0,True
4504,502436,1943,Unknown,True,14,True
4505,502436,585,Bail,False,0,True
4506,502436,448,Arrested,False,0,True
4507,513539,284,Arrested,False,0,True
4508,513539,2826,Absconding,False,0,True
4509,513539,1558,Absconding,False,0,True
4510,513539,3048,Bail,False,0,True
4511,513539,3269,Bail,False,0,True
4512,513539,1544,Unknown,True,2,True
4513,512959,1593,Bail,True,19,True
4514,512959,541,Absconding,True,12,True
4515,512959,4782,Unknown,True,17,True
4516,512959,3720,Unknown,False,0,True
4517,509535,2899,Bail,True,2,True
4518,509535,3411,Unknown,True,3,True
4519,509535,4516,Absconding,True,12,True
4520,509535,1310,Arrested,True,17,True
4521,502267,3035,Unknown,True,12,True
4522,502267,1164,Arrested,True,14,True
4523,502267,4268,Unknown,False,0,True
4524,502267,723,Unknown,True,17,True
4525,502267,2573,Absconding,False,0,True
4526,512112,3746,Unknown,False,0,True
4527,512112,2361,Unknown,True,4,True
4528,512112,1486,Absconding,False,0,True
4529,512112,2977,Arrested,True,13,True
4530,512112,2335,Unknown,False,0,True
4531,513203,844,Bail,True,14,True
4532,513203,3186,Absconding,True,10,True
4533,513203,865,Bail,True,7,True
4534,513203,3969,Arrested,True,14,True
4535,522054,176,Bail,True,20,True
4536,522054,4681,Arrested,False,0,True
4537,522054,2676,Bail,False,0,True
4538,522054,2166,Absconding,False,0,True
4539,510735,1377,Absconding,False,0,True
4540,510735,1785,Arrested,True,9,True
4541,510735,2147,Unknown,True,16,True
4542,510735,2408,Arrested,True,20,True
4543,510735,2395,Unknown,True,5,True
4544,510735,885,Bail,True,12,True
4545,511794,2468,Unknown,True,6,False
4546,514536,2059,Unknown,True,18,True
4547,514536,3049,Absconding,True,13,True
4548,514536,226,Unknown,False,0,True
4549,501010,3493,Bail,False,0,True
4550,501010,477,Arrested,False,0,True
4551,501010,1947,Bail,True,11,True
4552,501010,4500,Bail,True,10,True
4553,517123,1627,Arrested,False,0,False
4554,517123,4343,Bail,False,0,False
4555,500211,2763,Unknown,True,3,True
4556,500211,773,Bail,False,0,True
4557,500211,462,Bail,False,0,True
4558,500211,1481,Unknown,False,0,True
4559,500211,3075,Bail,True,11,True
4560,509645,4795,Bail,False,0,True
4561,509645,83,Absconding,False,0,True
4562,509645,4698,Absconding,False,0,True
4563,509645,4238,Arrested,False,0,True
4564,509645,532,Arrested,True,3,True
4565,509645,471,Absconding,True,3,True
4566,505438,3325,Arrested,False,0,True
4567,505438,1918,Arrested,False,0,True
4568,505438,1603,Absconding,True,11,True
4569,505438,2443,Bail,True,12,True
4570,505438,2276,Unknown,False,0,True
4571,509223,932,Bail,False,0,True
4572,509223,20,Bail,True,15,True
4573,509223,3308,Absconding,True,20,True
4574,509223,95,Arrested,False,0,True
4575,509223,3642,Unknown,False,0,True
4576,513084,305,Unknown,True,5,True
4577,513084,1524,Unknown,False,0,True
4578,513084,331,Bail,True,18,True
4579,513021,4398,Unknown,False,0,False
4580,513021,3405,Bail,True,12,False
4581,519715,252,Arrested,False,0,True
4582,519715,539,Arrested,True,9,True
4583,519715,2826,Absconding,True,1,True
4584,519715,3040,Arrested,False,0,True
4585,519715,1648,Absconding,True,11,True
4586,523130,2194,Absconding,False,0,True
4587,523130,4297,Absconding,True,2,True
4588,523130,3089,Arrested,False,0,True
4589,523130,4996,Bail,True,20,True
4590,523130,3567,Unknown,False,0,True
4591,520197,2691,Bail,True,8,True
4592,520197,4054,Arrested,True,16,True
4593,520197,3983,Unknown,False,0,True
4594,520197,2139,Arrested,True,3,True
4595,510295,1009,Bail,True,7,False
4596,517978,2745,Bail,True,1,True
4597,517978,4854,Absconding,False,0,True
4598,517978,1012,Bail,True,4,True
4599,523067,2768,Unknown,True,2,False
4600,523067,2634,Unknown,True,16,False
4601,521763,3446,Bail,True,10,False
4602,521763,4312,Arrested,True,1,False
4603,502167,327,Arrested,True,20,False
4604,502167,4624,Bail,True,18,False
4605,509756,4338,Arrested,False,0,True
4606,509756,1708,Arrested,True,19,True
4607,509756,254,Unknown,False,0,True
4608,509756,257,Absconding,True,1,True
4609,509756,4136,Unknown,False,0,True
4610,517437,3009,Arrested,True,8,True
4611,517437,753,Absconding,True,1,True
4612,517437,752,Unknown,True,19,True
4613,517437,3286,Absconding,False,0,True
4614,517437,2339,Bail,False,0,True
4615,517437,3910,Arrested,True,6,True
4616,503403,2717,Absconding,False,0,True
4617,503403,4500,Unknown,False,0,True
4618,503403,4706,Arrested,False,0,True
4619,512115,342,Arrested,True,18,True
4620,512115,3054,Unknown,False,0,True
4621,512115,3359,Absconding,True,19,True
4622,512115,3816,Arrested,False,0,True
4623,512115,4856,Bail,False,0,True
4624,500650,616,Arrested,True,16,False
4625,500650,556,Bail,False,0,False
4626,511007,1551,Unknown,False,0,True
4627,511007,1329,Absconding,True,4,True
4628,511007,1407,Unknown,True,20,True
4629,511007,2012,Arrested,False,0,True
4630,511007,2960,Arrested,False,0,True
4631,511007,1488,Bail,True,19,True
4632,500218,3032,Absconding,False,0,True
4633,500218,3745,Unknown,True,15,True
4634,500218,4968,Arrested,True,17,True
4635,510409,988,Unknown,False,0,True
4636,510409,3217,Arrested,False,0,True
4637,510409,2403,Bail,True,11,True
4638,510409,2098,Bail,True,8,True
4639,504276,2744,Absconding,True,5,True
4640,504276,2954,Absconding,False,0,True
4641,504276,2401,Bail,True,12,True
4642,504276,4855,Bail,False,0,True
4643,504141,2269,Unknown,False,0,True
4644,504141,3213,Absconding,True,20,True
4645,504141,812,Absconding,False,0,True
4646,505622,3928,Arrested,True,5,False
4647,505622,1277,Absconding,False,0,False
4648,519893,4049,Arrested,True,6,True
4649,519893,4048,Absconding,True,5,True
4650,519893,184,Unknown,True,17,True
4651,514071,520,Unknown,False,0,False
4652,504421,4998,Arrested,True,20,True
4653,504421,2539,Arrested,False,0,True
4654,504421,2212,Unknown,True,16,True
4655,504421,2200,Bail,False,0,True
4656,504421,744,Arrested,False,0,True
4657,504421,366,Arrested,False,0,True
4658,507851,1560,Absconding,True,18,True
4659,507851,4388,Unknown,False,0,True
4660,507851,1145,Absconding,True,4,True
4661,507851,919,Arrested,True,6,True
4662,507851,3827,Arrested,False,0,True
4663,511468,556,Arrested,False,0,False
4664,511468,2264,Unknown,False,0,False
4665,518649,1798,Unknown,False,0,True
4666,518649,537,Unknown,True,18,True
4667,518649,2745,Absconding,False,0,True
4668,518649,1240,Bail,False,0,True
4669,518649,1010,Bail,True,3,True
4670,518649,655,Bail,True,11,True
4671,510561,3612,Absconding,False,0,True
4672,510561,566,Absconding,False,0,True
4673,510561,3847,Arrested,False,0,True
4674,516362,26,Absconding,False,0,True
4675,516362,2676,Bail,False,0,True
4676,516362,2437,Absconding,False,0,True
4677,516362,2012,Arrested,False,0,True
4678,516362,3755,Absconding,True,8,True
4679,516362,616,Unknown,False,0,True
4680,510354,3088,Arrested,True,15,False
4681,521041,1987,Absconding,True,16,True
4682,521041,4128,Unknown,False,0,True
4683,521041,3776,Bail,True,1,True
4684,521041,2660,Arrested,True,19,True
4685,518583,2256,Bail,False,0,True
4686,518583,1725,Absconding,True,18,True
4687,518583,4590,Absconding,True,2,True
4688,518583,1391,Bail,True,18,True
4689,518583,3277,Unknown,False,0,True
4690,519887,1394,Absconding,True,17,True
4691,519887,1485,Absconding,False,0,True
4692,519887,4495,Unknown,False,0,True
4693,513338,4194,Unknown,False,0,True
4694,513338,901,Unknown,True,6,True
4695,513338,811,Unknown,True,15,True
4696,502450,3396,Arrested,True,18,True
4697,502450,4694,Unknown,False,0,True
4698,502450,2171,Bail,True,19,True
4699,502450,159,Bail,True,16,True
4700,516455,923,Bail,True,8,True
4701,516455,188,Absconding,True,14,True
4702,516455,513,Bail,False,0,True
4703,516455,3754,Unknown,True,3,True
4704,516455,4755,Arrested,False,0,True
4705,516455,1183,Unknown,False,0,True
4706,516704,4778,Unknown,True,8,True
4707,516704,2832,Absconding,True,4,True
4708,516704,284,Unknown,True,14,True
4709,516704,1533,Absconding,True,18,True
4710,516704,2458,Absconding,True,6,True
4711,516704,1997,Arrested,True,2,True
4712,521904,409,Unknown,True,8,True
4713,521904,123,Unknown,False,0,True
4714,521904,2497,Bail,True,20,True
4715,521904,2019,Unknown,False,0,True
4716,512984,4017,Bail,False,0,False
4717,512841,19,Unknown,True,20,True
4718,512841,1682,Arrested,True,14,True
4719,512841,1217,Bail,True,5,True
4720,507933,2512,Unknown,False,0,True
4721,507933,1515,Arrested,False,0,True
4722,507933,1159,Arrested,False,0,True
4723,507933,4577,Bail,False,0,True
4724,507933,312,Unknown,True,11,True
4725,507933,3000,Arrested,False,0,True
4726,522589,2371,Arrested,False,0,False
4727,522589,1622,Absconding,True,5,False
4728,512625,2220,Bail,False,0,False
4729,512625,1451,Bail,False,0,False
4730,502767,1145,Bail,True,4,True
4731,502767,2602,Unknown,False,0,True
4732,502767,3796,Arrested,False,0,True
4733,502767,500,Arrested,False,0,True
4734,502767,4151,Unknown,False,0,True
4735,502767,1361,Absconding,True,19,True
4736,522644,4936,Unknown,False,0,True
4737,522644,431,Bail,True,14,True
4738,522644,4384,Absconding,True,18,True
4739,522644,2170,Absconding,False,0,True
4740,509352,2949,Unknown,True,14,True
4741,509352,2737,Absconding,True,19,True
4742,509352,1915,Bail,False,0,True
4743,509352,193,Absconding,True,11,True
4744,509352,4670,Arrested,False,0,True
4745,509352,3182,Unknown,True,16,True
4746,508478,4613,Unknown,True,4,True
4747,508478,3614,Bail,True,12,True
4748,508478,2383,Absconding,False,0,True
4749,508478,3650,Unknown,False,0,True
4750,508478,1933,Arrested,True,16,True
4751,508478,1366,Unknown,True,18,True
4752,507340,4269,Arrested,True,4,True
4753,507340,2973,Bail,False,0,True
4754,507340,4606,Unknown,True,1,True
4755,507340,780,Bail,False,0,True
4756,507340,4990,Unknown,True,14,True
4757,507340,2950,Unknown,False,0,True
4758,516041,2895,Unknown,False,0,True
4759,516041,3122,Unknown,False,0,True
4760,516041,3023,Arrested,True,14,True
4761,516041,2923,Arrested,False,0,True
4762,517596,1452,Absconding,False,0,True
4763,517596,4890,Arrested,True,7,True
4764,517596,4242,Absconding,True,20,True
4765,518468,111,Unknown,False,0,True
4766,518468,1397,Unknown,True,15,True
4767,518468,3914,Absconding,True,2,True
4768,518468,1281,Bail,False,0,True
4769,518468,1784,Bail,True,12,True
4770,522541,1975,Unknown,False,0,False
4771,522541,2949,Arrested,False,0,False
4772,515045,1128,Bail,True,14,True
4773,515045,4838,Arrested,True,14,True
4774,515045,3670,Unknown,False,0,True
4775,515045,4342,Absconding,True,14,True
4776,515045,1935,Unknown,True,7,True
4777,515045,2990,Absconding,False,0,True
4778,509974,3819,Bail,False,0,True
4779,509974,2686,Bail,False,0,True
4780,509974,4497,Arrested,True,17,True
4781,509974,1168,Arrested,True,12,True
4782,509974,996,Absconding,True,17,True
4783,509974,2417,Bail,True,15,True
4784,520122,2558,Absconding,False,0,True
4785,520122,1934,Unknown,False,0,True
4786,520122,1917,Absconding,True,7,True
4787,520122,4525,Unknown,False,0,True
4788,520122,4724,Arrested,False,0,True
4789,502300,102,Unknown,False,0,True
4790,502300,3562,Arrested,True,20,True
4791,502300,882,Arrested,True,10,True
4792,502300,2065,Unknown,False,0,True
4793,502300,1401,Unknown,True,12,True
4794,502300,3435,Unknown,True,19,True
4795,524160,3302,Arrested,True,11,False
4796,511001,4186,Absconding,True,5,True
4797,511001,3836,Unknown,False,0,True
4798,511001,2315,Unknown,True,17,True
4799,510160,3087,Bail,False,0,False
4800,505815,3091,Unknown,False,0,True
4801,505815,4018,Absconding,False,0,True
4802,505815,2879,Absconding,False,0,True
4803,505815,2157,Arrested,False,0,True
4804,509273,1498,Bail,False,0,False
4805,519347,1561,Unknown,True,2,True
4806,519347,3237,Arrested,False,0,True
4807,519347,582,Bail,True,16,True
4808,519347,4130,Unknown,True,2,True
4809,518805,2387,Bail,False,0,True
4810,518805,3285,Bail,False,0,True
4811,518805,1499,Bail,False,0,True
4812,513813,2381,Arrested,True,4,True
4813,513813,2964,Unknown,True,3,True
4814,513813,4490,Unknown,False,0,True
4815,513813,4765,Arrested,True,9,True
4816,513813,3632,Unknown,False,0,True
4817,513813,2132,Arrested,True,20,True
4818,500135,3928,Absconding,True,3,True
4819,500135,2161,Bail,True,10,True
4820,500135,3670,Unknown,False,0,True
4821,508643,1122,Bail,True,8,True
4822,508643,4486,Absconding,True,17,True
4823,508643,1532,Absconding,True,2,True
4824,508643,547,Bail,True,18,True
4825,508643,3587,Absconding,False,0,True
4826,508619,2919,Arrested,False,0,True
4827,508619,1085,Bail,False,0,True
4828,508619,1875,Absconding,True,11,True
4829,508619,4071,Absconding,False,0,True
4830,508619,670,Unknown,True,13,True
4831,508619,3798,Bail,True,8,True
4832,511118,1615,Arrested,True,11,False
4833,511118,1806,Absconding,True,8,False
4834,502728,225,Arrested,False,0,True
4835,502728,966,Arrested,True,3,True
4836,502728,4203,Absconding,True,6,True
4837,508035,998,Absconding,False,0,True
4838,508035,967,Bail,True,7,True
4839,508035,4991,Bail,False,0,True
4840,508035,4358,Arrested,True,8,True
4841,519085,3788,Absconding,False,0,True
4842,519085,1258,Absconding,False,0,True
4843,519085,4724,Arrested,True,20,True
4844,502642,2877,Absconding,True,13,True
4845,502642,859,Arrested,False,0,True
4846,502642,2888,Unknown,False,0,True
4847,502642,3665,Bail,True,6,True
4848,520483,3437,Unknown,False,0,False
4849,510334,3253,Absconding,True,7,False
4850,516465,1048,Arrested,True,9,True
4851,516465,1732,Arrested,True,2,True
4852,516465,3780,Unknown,True,9,True
4853,516465,199,Arrested,False,0,True
4854,522229,2374,Bail,True,5,False
4855,510095,1852,Arrested,True,1,True
4856,510095,3260,Unknown,True,2,True
4857,510095,2955,Absconding,True,7,True
4858,510095,1374,Bail,True,10,True
4859,510095,4813,Absconding,False,0,True
4860,510095,1423,Bail,True,12,True
4861,514254,73,Bail,False,0,True
4862,514254,4810,Arrested,False,0,True
4863,514254,2316,Absconding,False,0,True
4864,514254,2963,Unknown,False,0,True
4865,514254,1610,Arrested,True,2,True
4866,517615,4666,Arrested,True,7,True
4867,517615,4770,Arrested,True,7,True
4868,517615,1710,Arrested,False,0,True
4869,517615,4540,Absconding,False,0,True
4870,517615,2309,Unknown,False,0,True
4871,520518,2678,Absconding,True,6,False
4872,506872,1498,Unknown,True,5,True
4873,506872,3168,Arrested,False,0,True
4874,506872,3965,Bail,False,0,True
4875,506872,4262,Absconding,False,0,True
4876,506872,1494,Unknown,False,0,True
4877,516660,4969,Unknown,True,2,True
4878,516660,4767,Unknown,False,0,True
4879,516660,237,Bail,False,0,True
4880,516660,4606,Absconding,False,0,True
4881,516660,1372,Arrested,False,0,True
4882,516660,3443,Absconding,False,0,True
4883,507572,4580,Absconding,True,17,False
4884,507572,76,Unknown,False,0,False
4885,502502,2086,Bail,True,14,False
4886,502502,1439,Bail,False,0,False
4887,500147,843,Absconding,False,0,True
4888,500147,1524,Absconding,False,0,True
4889,500147,811,Arrested,False,0,True
4890,500147,2407,Absconding,True,12,True
4891,500147,1041,Bail,True,9,True
4892,500147,3147,Bail,False,0,True
4893,505512,3235,Bail,True,4,False
4894,505512,1009,Unknown,True,17,False
4895,513486,2026,Bail,True,11,False
4896,513486,2589,Bail,False,0,False
4897,520550,4483,Bail,True,11,True
4898,520550,811,Unknown,False,0,True
4899,520550,4156,Arrested,False,0,True
4900,520550,3665,Bail,True,2,True
4901,520550,3962,Bail,True,3,True
4902,520550,3900,Absconding,False,0,True
4903,524530,702,Arrested,False,0,True
4904,524530,4924,Unknown,True,6,True
4905,524530,243,Unknown,True,20,True
4906,524530,3037,Absconding,True,1,True
4907,513352,1716,Unknown,False,0,True
4908,513352,2641,Absconding,True,3,True
4909,513352,968,Bail,False,0,True
4910,513352,1328,Absconding,True,13,True
4911,513352,245,Unknown,False,0,True
4912,513352,1051,Arrested,False,0,True
4913,508133,3155,Absconding,True,20,True
4914,508133,2617,Unknown,False,0,True
4915,508133,2214,Unknown,False,0,True
4916,508133,3433,Bail,False,0,True
4917,508133,2482,Unknown,False,0,True
4918,508133,4898,Arrested,True,19,True
4919,502798,4509,Unknown,False,0,True
4920,502798,833,Unknown,False,0,True
4921,502798,4053,Unknown,True,7,True
4922,517493,3711,Bail,True,13,False
4923,517493,2019,Bail,True,10,False
4924,512685,988,Absconding,True,15,True
4925,512685,1922,Arrested,False,0,True
4926,512685,3459,Unknown,True,2,True
4927,512685,4875,Bail,True,3,True
4928,512685,662,Arrested,False,0,True
4929,505325,2175,Bail,False,0,False
4930,520597,4996,Unknown,True,8,True
4931,520597,2231,Arrested,True,2,True
4932,520597,3541,Bail,False,0,True
4933,520597,3793,Arrested,False,0,True
4934,520597,2171,Absconding,True,14,True
4935,503382,4260,Unknown,False,0,True
4936,503382,1499,Arrested,False,0,True
4937,503382,3674,Arrested,False,0,True
4938,503382,4372,Unknown,True,2,True
4939,504259,2883,Arrested,True,20,True
4940,504259,168,Unknown,False,0,True
4941,504259,522,Arrested,False,0,True
4942,510607,3654,Unknown,False,0,False
4943,510607,3262,Bail,True,14,False
4944,500820,50,Unknown,False,0,False
4945,523166,56,Unknown,True,6,True
4946,523166,510,Absconding,True,16,True
4947,523166,2671,Bail,False,0,True
4948,523166,2321,Absconding,False,0,True
4949,523166,497,Arrested,False,0,True
4950,523166,3806,Bail,True,13,True
4951,519374,3898,Bail,False,0,True
4952,519374,4378,Arrested,False,0,True
4953,519374,2115,Arrested,True,8,True
4954,519374,3032,Bail,True,9,True
4955,517197,3830,Arrested,False,0,False
4956,515876,4791,Absconding,False,0,True
4957,515876,2979,Arrested,True,20,True
4958,515876,4869,Absconding,True,6,True
4959,515876,1965,Arrested,True,9,True
4960,515876,642,Arrested,True,8,True
4961,515876,3990,Arrested,True,11,True
4962,508611,3018,Bail,False,0,True
4963,508611,3193,Absconding,False,0,True
4964,508611,4533,Unknown,False,0,True
4965,508611,1088,Arrested,False,0,True
4966,508611,318,Arrested,True,17,True
4967,508611,1999,Absconding,True,15,True
4968,514205,140,Arrested,False,0,True
4969,514205,4702,Arrested,True,3,True
4970,514205,124,Absconding,True,19,True
4971,514205,1900,Unknown,False,0,True
4972,514205,671,Arrested,True,9,True
4973,514205,456,Bail,True,16,True
4974,506965,3720,Unknown,True,19,True
4975,506965,1705,Bail,False,0,True
4976,506965,4925,Unknown,True,5,True
4977,506965,2604,Absconding,True,12,True
4978,506965,3199,Bail,True,5,True
4979,512573,3978,Unknown,True,12,True
4980,512573,2986,Unknown,True,17,True
4981,512573,3657,Absconding,False,0,True
4982,512573,2323,Arrested,True,17,True
4983,513731,3229,Unknown,True,3,True
4984,513731,4804,Absconding,False,0,True
4985,513731,4060,Absconding,True,11,True
4986,509562,4386,Absconding,True,11,True
4987,509562,2272,Arrested,True,16,True
4988,509562,1854,Bail,False,0,True
4989,509562,3412,Unknown,False,0,True
4990,509562,2817,Bail,True,11,True
4991,501064,2858,Unknown,True,9,True
4992,501064,2896,Absconding,True,17,True
4993,501064,1578,Arrested,True,5,True
4994,501064,267,Bail,False,0,True
4995,501064,1257,Absconding,True,14,True
4996,501064,217,Unknown,True,8,True
4997,518862,2116,Unknown,True,19,False
4998,508590,4199,Arrested,False,0,False
4999,500092,3087,Absconding,False,0,True
5000,500092,2119,Bail,True,7,True
5001,500092,2341,Arrested,True,1,True
5002,500092,3364,Bail,True,3,True
5003,500092,2309,Bail,False,0,True
5004,512786,2389,Arrested,True,8,True
5005,512786,2268,Bail,False,0,True
5006,512786,3844,Absconding,True,19,True
5007,512786,954,Unknown,False,0,True
5008,512786,1242,Unknown,True,5,True
5009,512786,1980,Unknown,True,14,True
5010,500944,4665,Unknown,True,17,True
5011,500944,3135,Unknown,False,0,True
5012,500944,449,Arrested,True,4,True
5013,500944,4713,Unknown,True,15,True
5014,500944,2926,Unknown,False,0,True
5015,504102,4027,Arrested,False,0,False
5016,520732,4664,Arrested,True,13,False
5017,524471,4719,Bail,True,19,True
5018,524471,2697,Bail,False,0,True
5019,524471,3751,Absconding,True,9,True
5020,524471,2517,Absconding,False,0,True
5021,524471,2329,Unknown,True,18,True
5022,507450,2205,Absconding,False,0,True
5023,507450,1813,Bail,True,13,True
5024,507450,2702,Bail,True,17,True
5025,516804,319,Absconding,True,12,True
5026,516804,1505,Unknown,True,9,True
5027,516804,168,Bail,False,0,True
5028,516804,1782,Arrested,True,18,True
5029,516804,792,Bail,False,0,True
5030,516804,599,Arrested,False,0,True
5031,515356,1594,Unknown,True,4,True
5032,515356,1659,Unknown,False,0,True
5033,515356,1505,Arrested,False,0,True
5034,515356,1896,Bail,True,12,True
5035,515356,2343,Arrested,False,0,True
5036,500448,174,Absconding,True,5,False
5037,500448,4699,Arrested,False,0,False
5038,505406,1760,Unknown,False,0,False
5039,505406,526,Bail,True,13,False
5040,507800,494,Bail,False,0,True
5041,507800,406,Bail,True,11,True
5042,507800,1381,Bail,False,0,True
5043,507800,3083,Unknown,False,0,True
5044,507800,2556,Bail,True,3,True
5045,505447,3677,Absconding,False,0,False
5046,503071,3115,Absconding,True,9,True
5047,503071,1002,Unknown,True,8,True
5048,503071,4518,Bail,False,0,True
5049,503071,1311,Unknown,False,0,True
5050,503071,4288,Arrested,False,0,True
5051,503071,856,Absconding,False,0,True
5052,505219,4225,Arrested,False,0,True
5053,505219,2561,Arrested,True,3,True
5054,505219,465,Arrested,False,0,True
5055,505219,2794,Absconding,False,0,True
5056,505219,1288,Bail,False,0,True
5057,521357,3512,Unknown,True,12,True
5058,521357,51,Absconding,True,15,True
5059,521357,2546,Absconding,True,4,True
5060,521357,1813,Bail,False,0,True
5061,521357,2688,Bail,False,0,True
5062,521357,1674,Absconding,False,0,True
5063,509672,4059,Unknown,True,12,True
5064,509672,972,Bail,False,0,True
5065,509672,2969,Absconding,False,0,True
5066,509672,3834,Unknown,True,10,True
5067,516866,2794,Bail,False,0,True
5068,516866,1098,Bail,True,18,True
5069,516866,489,Bail,False,0,True
5070,510958,4371,Absconding,True,12,True
5071,510958,3009,Unknown,False,0,True
5072,510958,3395,Absconding,False,0,True
5073,509133,4523,Unknown,False,0,False
5074,509133,3945,Bail,False,0,False
5075,501823,244,Arrested,False,0,True
5076,501823,3968,Bail,True,1,True
5077,501823,1330,Arrested,False,0,True
5078,501823,2245,Arrested,True,20,True
5079,508863,4500,Absconding,False,0,True
5080,508863,1006,Unknown,True,8,True
5081,508863,4957,Unknown,True,17,True
5082,508863,847,Absconding,True,12,True
5083,508863,1504,Bail,False,0,True
5084,524955,1130,Bail,False,0,True
5085,524955,840,Arrested,False,0,True
5086,524955,2708,Arrested,True,9,True
5087,524955,204,Bail,False,0,True
5088,511823,2374,Unknown,False,0,False
5089,511823,2155,Arrested,False,0,False
5090,516063,4552,Arrested,False,0,False
5091,516063,3853,Bail,False,0,False
5092,509357,3628,Unknown,False,0,True
5093,509357,3329,Bail,True,10,True
5094,509357,4516,Bail,True,8,True
5095,509750,2638,Bail,False,0,True
5096,509750,3692,Arrested,False,0,True
5097,509750,1678,Unknown,True,10,True
5098,509750,4898,Unknown,False,0,True
5099,509750,4583,Bail,False,0,True
5100,510270,936,Bail,True,15,True
5101,510270,4480,Unknown,True,17,True
5102,510270,3132,Absconding,False,0,True
5103,508333,1437,Absconding,True,9,True
5104,508333,3332,Absconding,False,0,True
5105,508333,682,Arrested,False,0,True
5106,508333,3800,Absconding,False,0,True
5107,500749,3090,Absconding,False,0,False
5108,500749,4702,Absconding,True,13,False
5109,510891,870,Unknown,True,7,True
5110,510891,3580,Bail,False,0,True
5111,510891,4150,Unknown,True,1,True
5112,510891,23,Unknown,True,5,True
5113,501969,771,Bail,True,8,False
5114,501969,1468,Arrested,True,12,False
5115,521541,4532,Bail,True,14,True
5116,521541,3185,Bail,False,0,True
5117,521541,1950,Bail,True,10,True
5118,521541,19,Unknown,False,0,True
5119,521541,1114,Arrested,True,17,True
5120,511431,2311,Bail,True,10,True
5121,511431,2577,Arrested,False,0,True
5122,511431,317,Unknown,True,3,True
5123,511431,1849,Arrested,False,0,True
5124,511431,1174,Arrested,False,0,True
5125,511431,2091,Bail,False,0,True
5126,503211,891,Unknown,False,0,True
5127,503211,3238,Arrested,True,18,True
5128,503211,1870,Arrested,False,0,True
5129,503211,4624,Arrested,False,0,True
5130,523037,1511,Arrested,False,0,True
5131,523037,1316,Unknown,True,15,True
5132,523037,2330,Unknown,True,12,True
5133,512960,2268,Bail,False,0,True
5134,512960,3577,Bail,True,15,True
5135,512960,4987,Bail,False,0,True
5136,510884,1533,Unknown,True,20,False
5137,510884,186,Unknown,False,0,False
5138,505533,462,Absconding,True,5,True
5139,505533,402,Bail,True,12,True
5140,505533,2763,Arrested,False,0,True
5141,505533,4780,Absconding,True,17,True
5142,501494,4807,Arrested,False,0,True
5143,501494,958,Bail,True,11,True
5144,501494,915,Arrested,False,0,True
5145,501494,4627,Bail,False,0,True
5146,501494,1813,Arrested,False,0,True
5147,517878,3740,Absconding,True,8,False
5148,521160,2790,Unknown,False,0,True
5149,521160,4334,Bail,True,5,True
5150,521160,3216,Bail,False,0,True
5151,521160,2700,Unknown,False,0,True
5152,521160,1017,Unknown,True,14,True
5153,521160,3408,Unknown,False,0,True
5154,500120,1222,Bail,False,0,True
5155,500120,2450,Absconding,False,0,True
5156,500120,3938,Absconding,False,0,True
5157,500120,3151,Unknown,True,19,True
5158,500120,2481,Bail,False,0,True
5159,521277,4832,Absconding,True,19,True
5160,521277,2095,Arrested,True,16,True
5161,521277,1374,Absconding,True,20,True
5162,521277,4191,Bail,False,0,True
5163,521277,2202,Absconding,True,11,True
5164,521277,870,Arrested,False,0,True
5165,516404,224,Absconding,True,7,True
5166,516404,2848,Arrested,True,5,True
5167,516404,1366,Absconding,False,0,True
5168,516404,1916,Arrested,True,15,True
5169,506353,3138,Bail,False,0,True
5170,506353,3136,Absconding,True,16,True
5171,506353,2500,Arrested,True,4,True
5172,506353,830,Unknown,True,4,True
5173,506353,4235,Unknown,False,0,True
5174,500168,1769,Absconding,False,0,False
5175,500168,4823,Bail,True,7,False
5176,514230,438,Arrested,False,0,False
5177,514230,3504,Arrested,True,4,False
5178,508779,2548,Unknown,False,0,True
5179,508779,4105,Arrested,False,0,True
5180,508779,232,Arrested,True,2,True
5181,508779,56,Unknown,True,16,True
5182,513647,3209,Unknown,True,12,False
5183,513647,517,Absconding,False,0,False
5184,506207,2312,Unknown,True,1,False
5185,506012,3530,Arrested,True,16,True
5186,506012,4728,Unknown,True,13,True
5187,506012,3023,Bail,False,0,True
5188,506012,2462,Unknown,True,11,True
5189,506012,1652,Arrested,False,0,True
5190,506012,2186,Bail,False,0,True
5191,507179,14,Unknown,False,0,False
5192,507179,4508,Absconding,False,0,False
5193,517995,4714,Bail,False,0,True
5194,517995,4764,Bail,False,0,True
5195,517995,941,Bail,True,7,True
5196,517995,991,Unknown,True,18,True
5197,512778,1849,Arrested,True,2,False
5198,524181,3014,Absconding,False,0,True
5199,524181,3221,Arrested,False,0,True
5200,524181,817,Bail,False,0,True
5201,524181,3693,Bail,True,18,True
5202,520484,1554,Arrested,True,19,True
5203,520484,2892,Absconding,False,0,True
5204,520484,3040,Arrested,False,0,True
5205,520484,2492,Arrested,False,0,True
5206,524474,4831,Bail,True,13,True
5207,524474,2721,Absconding,False,0,True
5208,524474,2218,Unknown,False,0,True
5209,524474,742,Absconding,True,7,True
5210,524474,1307,Absconding,False,0,True
5211,524474,417,Arrested,True,7,True
5212,505999,2959,Bail,False,0,True
5213,505999,4654,Unknown,False,0,True
5214,505999,3207,Bail,False,0,True
5215,505999,4703,Bail,False,0,True
5216,522673,3993,Absconding,False,0,True
5217,522673,3994,Absconding,True,17,True
5218,522673,3828,Bail,True,3,True
5219,522673,1276,Absconding,True,12,True
5220,522673,617,Bail,True,18,True
5221,522673,1431,Arrested,False,0,True
5222,500248,1677,Unknown,False,0,False
5223,521476,152,Arrested,False,0,True
5224,521476,4560,Absconding,False,0,True
5225,521476,4731,Unknown,True,17,True
5226,521476,3284,Bail,True,3,True
5227,521476,1119,Absconding,True,14,True
5228,523612,1907,Absconding,True,15,True
5229,523612,1957,Absconding,False,0,True
5230,523612,130,Arrested,False,0,True
5231,523612,4934,Unknown,True,11,True
5232,523612,4987,Bail,True,12,True
5233,521402,526,Arrested,False,0,True
5234,521402,4255,Bail,True,10,True
5235,521402,4087,Bail,True,12,True
5236,521402,3856,Bail,False,0,True
5237,521402,2384,Arrested,True,14,True
5238,521402,4446,Arrested,False,0,True
5239,518329,336,Arrested,False,0,True
5240,518329,383,Bail,True,2,True
5241,518329,4061,Unknown,True,18,True
5242,518329,4991,Absconding,True,14,True
5243,518329,1050,Absconding,False,0,True
5244,507308,4073,Arrested,True,2,True
5245,507308,1198,Unknown,False,0,True
5246,507308,4300,Absconding,True,6,True
5247,507308,70,Arrested,False,0,True
5248,507308,3923,Bail,False,0,True
5249,507308,3950,Unknown,False,0,True
5250,502745,2242,Absconding,True,20,False
5251,502865,1603,Arrested,True,20,False
5252,509163,1631,Arrested,False,0,True
5253,509163,4711,Unknown,False,0,True
5254,509163,4350,Bail,False,0,True
5255,509163,1005,Arrested,False,0,True
5256,509163,3151,Bail,False,0,True
5257,509163,1947,Bail,False,0,True
5258,516900,1316,Unknown,True,12,True
5259,516900,4064,Unknown,False,0,True
5260,516900,3438,Bail,True,7,True
5261,513772,2883,Bail,True,9,True
5262,513772,2941,Arrested,False,0,True
5263,513772,2223,Bail,True,13,True
5264,515003,124,Unknown,True,20,True
5265,515003,2026,Arrested,False,0,True
5266,515003,2581,Unknown,False,0,True
5267,515003,2759,Absconding,False,0,True
5268,508020,3839,Unknown,True,18,True
5269,508020,2461,Arrested,False,0,True
5270,508020,4740,Bail,True,20,True
5271,508020,1741,Arrested,False,0,True
5272,521580,960,Arrested,True,7,False
5273,507432,493,Unknown,True,2,False
5274,517688,584,Absconding,True,11,False
5275,510756,4973,Unknown,False,0,False
5276,510756,4047,Absconding,False,0,False
5277,524989,4421,Unknown,True,2,True
5278,524989,4665,Arrested,True,11,True
5279,524989,2028,Bail,True,18,True
5280,524989,4054,Absconding,False,0,True
5281,524989,5000,Unknown,False,0,True
5282,522595,3159,Unknown,False,0,True
5283,522595,4383,Unknown,False,0,True
5284,522595,3685,Arrested,True,20,True
5285,522595,2390,Arrested,True,12,True
5286,515835,705,Absconding,True,11,True
5287,515835,1975,Absconding,False,0,True
5288,515835,2688,Unknown,False,0,True
5289,515835,3743,Arrested,False,0,True
5290,515835,2777,Bail,False,0,True
5291,516783,224,Arrested,False,0,False
5292,516783,3055,Unknown,True,7,False
5293,517168,1182,Arrested,True,13,False
5294,517168,172,Bail,True,14,False
5295,504814,4133,Arrested,True,9,True
5296,504814,1276,Absconding,True,17,True
5297,504814,3811,Arrested,False,0,True
5298,502663,4420,Unknown,False,0,True
5299,502663,105,Arrested,False,0,True
5300,502663,4863,Bail,True,18,True
5301,502663,4926,Unknown,True,7,True
5302,502663,1590,Bail,True,3,True
5303,502663,3296,Unknown,False,0,True
5304,504221,3499,Absconding,True,12,True
5305,504221,2338,Absconding,False,0,True
5306,504221,3903,Arrested,False,0,True
5307,503299,1267,Arrested,True,17,True
5308,503299,1485,Bail,False,0,True
5309,503299,4681,Absconding,True,9,True
5310,503299,201,Absconding,False,0,True
5311,503299,2828,Arrested,False,0,True
5312,503299,1524,Arrested,True,11,True
5313,520052,1434,Bail,True,6,True
5314,520052,3744,Absconding,True,10,True
5315,520052,1153,Bail,True,16,True
5316,520052,2350,Absconding,True,14,True
5317,520052,659,Arrested,True,18,True
5318,500181,3559,Bail,False,0,True
5319,500181,1915,Bail,False,0,True
5320,500181,3532,Absconding,True,5,True
5321,511481,4534,Absconding,False,0,True
5322,511481,4197,Bail,False,0,True
5323,511481,2410,Bail,False,0,True
5324,511481,2832,Bail,False,0,True
5325,511481,1964,Arrested,False,0,True
5326,500776,3272,Bail,False,0,False
5327,500776,3579,Unknown,True,13,False
5328,503736,4014,Unknown,False,0,True
5329,503736,1556,Arrested,False,0,True
5330,503736,1626,Arrested,True,10,True
5331,503736,473,Unknown,True,15,True
5332,503182,527,Arrested,True,15,True
5333,503182,1645,Bail,False,0,True
5334,503182,697,Bail,False,0,True
5335,503182,1617,Absconding,True,15,True
5336,511466,3230,Absconding,False,0,False
5337,511466,4344,Bail,True,7,False
5338,513385,608,Bail,True,15,True
5339,513385,1139,Bail,False,0,True
5340,513385,3901,Bail,False,0,True
5341,513385,2697,Unknown,False,0,True
5342,513385,4151,Absconding,False,0,True
5343,500470,2741,Absconding,True,1,True
5344,500470,2068,Absconding,False,0,True
5345,500470,3303,Bail,False,0,True
5346,500470,1613,Unknown,True,9,True
5347,500470,317,Arrested,True,5,True
5348,503878,2917,Unknown,True,10,False
5349,503878,2175,Unknown,False,0,False
5350,507487,571,Unknown,True,11,False
5351,511079,3111,Absconding,True,19,True
5352,511079,1821,Absconding,True,18,True
5353,511079,145,Absconding,False,0,True
5354,511079,716,Absconding,True,12,True
5355,511079,670,Arrested,False,0,True
5356,524878,4906,Absconding,True,13,True
5357,524878,1647,Unknown,False,0,True
5358,524878,1506,Absconding,True,3,True
5359,524878,575,Arrested,True,3,True
5360,524878,3204,Arrested,True,9,True
5361,515449,2862,Arrested,True,6,True
5362,515449,1849,Unknown,False,0,True
5363,515449,1094,Arrested,True,14,True
5364,515449,827,Absconding,True,14,True
5365,515449,1800,Arrested,False,0,True
5366,515449,1262,Arrested,False,0,True
5367,522089,1765,Absconding,True,10,True
5368,522089,3256,Arrested,True,3,True
5369,522089,2009,Unknown,False,0,True
5370,522089,1169,Absconding,False,0,True
5371,506449,4402,Absconding,False,0,True
5372,506449,249,Bail,False,0,True
5373,506449,3632,Bail,True,20,True
5374,506449,1965,Arrested,True,12,True
5375,506449,3499,Unknown,False,0,True
5376,516412,2366,Unknown,True,5,False
5377,522020,2420,Arrested,True,20,False
5378,517677,2939,Bail,False,0,False
5379,517677,4848,Unknown,True,17,False
5380,503975,1089,Unknown,True,19,True
5381,503975,2514,Unknown,False,0,True
5382,503975,4229,Absconding,False,0,True
5383,501513,940,Bail,False,0,True
5384,501513,1380,Arrested,True,9,True
5385,501513,3278,Bail,True,20,True
5386,501513,1431,Absconding,False,0,True
5387,501513,4489,Arrested,True,7,True
5388,510710,4251,Absconding,True,9,True
5389,510710,850,Unknown,True,4,True
5390,510710,3449,Arrested,False,0,True
5391,510710,676,Arrested,True,1,True
5392,510710,2945,Unknown,True,11,True
5393,510710,1433,Bail,False,0,True
5394,521333,4662,Unknown,False,0,False
5395,521333,2510,Bail,False,0,False
5396,507406,632,Absconding,True,18,True
5397,507406,949,Absconding,False,0,True
5398,507406,3159,Bail,True,19,True
5399,507406,836,Arrested,True,18,True
5400,524458,2737,Bail,True,20,False
5401,524458,3191,Bail,True,13,False
5402,512779,4474,Absconding,False,0,True
5403,512779,4382,Arrested,True,13,True
5404,512779,3437,Arrested,False,0,True
5405,512779,576,Arrested,True,1,True
5406,512779,1593,Absconding,False,0,True
5407,512779,152,Arrested,True,6,True
5408,524689,3498,Arrested,True,3,False
5409,504045,4144,Absconding,True,12,True
5410,504045,984,Absconding,True,14,True
5411,504045,1874,Arrested,False,0,True
5412,501193,988,Absconding,False,0,False
5413,523158,2906,Unknown,False,0,False
5414,523158,304,Absconding,False,0,False
5415,509749,3299,Arrested,False,0,False
5416,509749,500,Unknown,False,0,False
5417,514827,716,Arrested,True,9,False
5418,512491,2251,Unknown,False,0,False
5419,502763,118,Arrested,False,0,True
5420,502763,3453,Arrested,False,0,True
5421,502763,4875,Unknown,True,10,True
5422,502763,2014,Bail,False,0,True
5423,502763,1925,Bail,True,5,True
5424,506881,1158,Arrested,True,1,True
5425,506881,1113,Unknown,True,4,True
5426,506881,4061,Unknown,False,0,True
5427,506881,4860,Arrested,False,0,True
5428,506881,3376,Bail,True,9,True
5429,508137,1866,Unknown,False,0,False
5430,514369,4922,Unknown,True,17,True
5431,514369,2953,Absconding,False,0,True
5432,514369,2473,Arrested,True,19,True
5433,514369,4439,Arrested,True,14,True
5434,504144,2208,Absconding,True,9,True
5435,504144,4696,Absconding,False,0,True
5436,504144,3320,Bail,False,0,True
5437,504144,4801,Bail,False,0,True
5438,504144,2506,Unknown,False,0,True
5439,524796,140,Absconding,True,6,True
5440,524796,2120,Bail,False,0,True
5441,524796,4274,Unknown,False,0,True
5442,510139,4672,Unknown,False,0,True
5443,510139,4571,Bail,False,0,True
5444,510139,3922,Arrested,False,0,True
5445,510139,3251,Arrested,True,20,True
5446,510139,4439,Absconding,True,16,True
5447,510139,18,Arrested,False,0,True
5448,511045,3389,Unknown,True,4,True
5449,511045,1166,Absconding,True,6,True
5450,511045,4339,Unknown,True,8,True
5451,506553,4603,Unknown,False,0,True
5452,506553,4577,Absconding,False,0,True
5453,506553,488,Bail,False,0,True
5454,523551,383,Bail,False,0,False
5455,510022,4721,Bail,True,19,True
5456,510022,1087,Absconding,True,15,True
5457,510022,3797,Unknown,True,4,True
5458,510022,2564,Absconding,True,12,True
5459,510022,3786,Absconding,True,19,True
5460,521073,3852,Bail,False,0,True
5461,521073,1295,Unknown,True,19,True
5462,521073,1407,Bail,False,0,True
5463,512260,4956,Absconding,False,0,True
5464,512260,2132,Arrested,False,0,True
5465,512260,3003,Arrested,False,0,True
5466,512260,3018,Bail,True,4,True
5467,512260,1583,Unknown,True,3,True
5468,517440,4856,Bail,True,9,True
5469,517440,1118,Arrested,True,8,True
5470,517440,579,Absconding,False,0,True
5471,517440,4870,Unknown,True,18,True
5472,517440,2586,Unknown,False,0,True
5473,520549,359,Arrested,True,15,True
5474,520549,4288,Absconding,False,0,True
5475,520549,86,Absconding,True,7,True
5476,520549,313,Unknown,False,0,True
5477,503705,4283,Absconding,True,7,False
5478,503705,3782,Bail,False,0,False
5479,521939,3980,Absconding,False,0,True
5480,521939,119,Unknown,True,5,True
5481,521939,4338,Absconding,True,16,True
5482,521939,2917,Bail,False,0,True
5483,521939,1945,Absconding,False,0,True
5484,521939,1270,Absconding,True,17,True
5485,507761,3170,Bail,False,0,True
5486,507761,4554,Absconding,True,14,True
5487,507761,2805,Arrested,False,0,True
5488,507761,920,Arrested,False,0,True
5489,507959,3312,Bail,False,0,False
5490,523598,115,Bail,True,6,True
5491,523598,2559,Absconding,True,17,True
5492,523598,3163,Arrested,True,6,True
5493,523598,3577,Unknown,False,0,True
5494,523598,2651,Arrested,True,19,True
5495,517712,4292,Unknown,True,9,True
5496,517712,432,Arrested,True,7,True
5497,517712,1339,Bail,False,0,True
5498,517712,2812,Unknown,True,7,True
5499,517712,63,Absconding,True,1,True
5500,508117,969,Absconding,True,10,True
5501,508117,1367,Unknown,True,20,True
5502,508117,1876,Absconding,True,2,True
5503,504153,4969,Bail,True,11,True
5504,504153,516,Unknown,False,0,True
5505,504153,3242,Absconding,False,0,True
5506,504153,4892,Unknown,True,10,True
5507,508080,4587,Bail,False,0,False
5508,504038,4219,Unknown,True,17,False
5509,518346,1258,Arrested,False,0,False
5510,518346,3692,Absconding,False,0,False
5511,502938,4317,Absconding,False,0,True
5512,502938,4402,Unknown,True,17,True
5513,502938,2408,Unknown,False,0,True
5514,502938,2484,Absconding,False,0,True
5515,502938,4828,Unknown,True,18,True
5516,502938,1470,Arrested,False,0,True
5517,501298,2381,Absconding,False,0,True
5518,501298,2947,Arrested,False,0,True
5519,501298,1868,Unknown,False,0,True
5520,515972,2350,Bail,False,0,True
5521,515972,4226,Unknown,True,2,True
5522,515972,422,Unknown,True,2,True
5523,515972,4541,Arrested,False,0,True
5524,516071,4242,Absconding,True,19,True
5525,516071,3262,Absconding,True,5,True
5526,516071,2100,Bail,True,11,True
5527,516071,2565,Unknown,False,0,True
5528,516071,156,Absconding,False,0,True
5529,505509,873,Bail,True,14,False
5530,514530,4601,Bail,True,9,True
5531,514530,1428,Unknown,True,20,True
5532,514530,4225,Arrested,False,0,True
5533,514530,859,Unknown,False,0,True
5534,514530,1556,Arrested,True,5,True
5535,514530,1471,Bail,True,13,True
5536,511765,2913,Unknown,True,13,True
5537,511765,4141,Bail,False,0,True
5538,511765,1048,Absconding,True,5,True
5539,511765,1595,Bail,False,0,True
5540,511765,4306,Bail,False,0,True
5541,500636,1590,Arrested,True,5,True
5542,500636,3846,Arrested,True,20,True
5543,500636,3630,Arrested,True,16,True
5544,500636,1197,Arrested,False,0,True
5545,500636,1724,Unknown,True,10,True
5546,503487,2402,Unknown,False,0,True
5547,503487,10,Absconding,True,2,True
5548,503487,1147,Bail,False,0,True
5549,503487,3390,Bail,True,17,True
5550,503015,2717,Unknown,True,4,True
5551,503015,2670,Unknown,True,19,True
5552,503015,3232,Unknown,False,0,True
5553,523930,4227,Absconding,False,0,True
5554,523930,1184,Absconding,True,1,True
5555,523930,3511,Arrested,True,15,True
5556,523930,1519,Unknown,False,0,True
5557,523888,1440,Bail,False,0,True
5558,523888,2077,Arrested,True,2,True
5559,523888,2102,Arrested,False,0,True
5560,517094,877,Bail,True,6,False
5561,513992,225,Arrested,False,0,True
5562,513992,4075,Arrested,False,0,True
5563,513992,2997,Bail,True,15,True
5564,510546,1954,Arrested,True,11,True
5565,510546,2825,Arrested,False,0,True
5566,510546,129,Arrested,False,0,True
5567,519735,4515,Unknown,True,8,False
5568,509166,3379,Arrested,True,20,False
5569,516433,2203,Arrested,True,18,True
5570,516433,4632,Arrested,False,0,True
5571,516433,579,Absconding,False,0,True
5572,516433,4579,Bail,True,1,True
5573,511161,534,Unknown,True,2,False
5574,511161,4121,Unknown,True,3,False
5575,506530,4533,Arrested,True,13,False
5576,505549,3743,Bail,False,0,True
5577,505549,3057,Arrested,False,0,True
5578,505549,1200,Bail,False,0,True
5579,505549,3939,Absconding,True,5,True
5580,505549,993,Bail,False,0,True
5581,509057,3274,Arrested,True,2,True
5582,509057,663,Absconding,True,6,True
5583,509057,1946,Unknown,True,7,True
5584,509057,228,Unknown,False,0,True
5585,509057,1483,Unknown,False,0,True
5586,509057,3121,Absconding,True,14,True
5587,514677,3316,Unknown,False,0,False
5588,503996,1164,Absconding,True,3,True
5589,503996,2926,Arrested,True,16,True
5590,503996,830,Bail,False,0,True
5591,505260,3255,Bail,True,1,True
5592,505260,1080,Arrested,True,10,True
5593,505260,4866,Absconding,True,1,True
5594,505260,2685,Bail,True,3,True
5595,514620,4471,Unknown,True,2,False
5596,514620,983,Absconding,True,4,False
5597,502062,456,Unknown,True,5,True
5598,502062,2419,Unknown,False,0,True
5599,502062,3584,Arrested,False,0,True
5600,502062,895,Absconding,True,1,True
5601,502062,441,Arrested,False,0,True
5602,502062,4703,Absconding,False,0,True
5603,509230,954,Absconding,False,0,False
5604,502908,1349,Absconding,False,0,True
5605,502908,1474,Arrested,True,18,True
5606,502908,3590,Bail,False,0,True
5607,502908,2615,Arrested,True,13,True
5608,514347,2670,Unknown,False,0,True
5609,514347,3065,Arrested,False,0,True
5610,514347,406,Unknown,False,0,True
5611,501046,3067,Arrested,False,0,False
5612,510038,4106,Bail,False,0,True
5613,510038,1757,Bail,True,1,True
5614,510038,2427,Unknown,False,0,True
5615,511652,1242,Arrested,True,13,True
5616,511652,4209,Absconding,False,0,True
5617,511652,394,Arrested,True,3,True
5618,511652,4963,Bail,False,0,True
5619,506401,4671,Bail,True,18,False
5620,516877,18,Unknown,True,9,False
5621,509060,4413,Absconding,True,15,True
5622,509060,4441,Arrested,False,0,True
5623,509060,2222,Unknown,False,0,True
5624,509060,291,Absconding,False,0,True
5625,514450,4021,Arrested,False,0,True
5626,514450,4161,Bail,True,12,True
5627,514450,2192,Arrested,False,0,True
5628,514450,3042,Unknown,False,0,True
5629,514450,140,Bail,True,3,True
5630,514450,100,Bail,False,0,True
5631,503875,1744,Arrested,True,6,True
5632,503875,3530,Unknown,True,14,True
5633,503875,3772,Arrested,False,0,True
5634,511861,1089,Unknown,True,15,True
5635,511861,4631,Arrested,False,0,True
5636,511861,82,Absconding,True,17,True
5637,511861,4708,Absconding,False,0,True
5638,522151,3502,Bail,False,0,False
5639,522151,1064,Arrested,False,0,False
5640,503740,4774,Absconding,False,0,True
5641,503740,3590,Bail,False,0,True
5642,503740,2472,Arrested,True,8,True
5643,503740,1307,Bail,True,6,True
5644,503740,412,Unknown,True,8,True
5645,503740,4271,Unknown,False,0,True
5646,500030,606,Bail,False,0,True
5647,500030,3220,Arrested,True,7,True
5648,500030,191,Arrested,True,1,True
5649,500030,1235,Unknown,True,7,True
5650,518933,2244,Unknown,True,7,False
5651,518933,3757,Absconding,False,0,False
5652,508844,4821,Arrested,False,0,True
5653,508844,304,Arrested,True,14,True
5654,508844,4675,Absconding,True,10,True
5655,508844,1742,Absconding,False,0,True
5656,508844,3470,Unknown,False,0,True
5657,506815,1200,Unknown,False,0,False
5658,511258,2858,Unknown,False,0,True
5659,511258,923,Unknown,False,0,True
5660,511258,2126,Arrested,False,0,True
5661,511258,2039,Unknown,True,16,True
5662,511258,173,Absconding,True,1,True
5663,511258,2381,Absconding,True,13,True
5664,515106,199,Unknown,True,4,False
5665,515106,1148,Bail,True,15,False
5666,521746,2321,Bail,False,0,False
5667,505450,373,Arrested,True,3,False
5668,505450,3952,Absconding,False,0,False
5669,517985,2880,Absconding,False,0,False
5670,517985,2749,Arrested,True,18,False
5671,507126,2255,Arrested,True,2,True
5672,507126,4903,Bail,True,20,True
5673,507126,3477,Unknown,True,17,True
5674,507126,2023,Unknown,True,13,True
5675,507126,691,Absconding,True,6,True
5676,507137,2502,Absconding,False,0,True
5677,507137,2983,Bail,False,0,True
5678,507137,3375,Absconding,True,12,True
5679,507137,1131,Bail,True,5,True
5680,507137,1978,Absconding,False,0,True
5681,507137,2320,Bail,False,0,True
5682,509933,4486,Absconding,False,0,False
5683,509933,1891,Absconding,True,6,False
5684,503777,4787,Unknown,True,13,True
5685,503777,3860,Absconding,False,0,True
5686,503777,4820,Unknown,False,0,True
5687,511148,3727,Unknown,True,15,False
5688,519472,3967,Unknown,True,13,False
5689,519472,2525,Unknown,True,5,False
5690,503003,4215,Absconding,False,0,False
5691,511290,433,Bail,False,0,True
5692,511290,4378,Arrested,False,0,True
5693,511290,4734,Bail,False,0,True
5694,504878,3084,Unknown,False,0,True
5695,504878,3862,Absconding,False,0,True
5696,504878,3947,Arrested,False,0,True
5697,504878,531,Arrested,True,5,True
5698,504878,2578,Absconding,True,17,True
5699,500961,1023,Unknown,True,3,True
5700,500961,2618,Bail,False,0,True
5701,500961,1105,Bail,True,14,True
5702,500961,4568,Unknown,True,11,True
5703,500961,3400,Arrested,False,0,True
5704,500961,2985,Arrested,True,6,True
5705,500985,3400,Unknown,False,0,True
5706,500985,2652,Absconding,True,10,True
5707,500985,1150,Absconding,False,0,True
5708,500985,3356,Bail,True,16,True
5709,500985,3344,Arrested,True,2,True
5710,502562,3452,Arrested,False,0,True
5711,502562,3489,Arrested,False,0,True
5712,502562,1691,Arrested,True,7,True
5713,515143,4973,Absconding,False,0,False
5714,512141,1068,Absconding,True,6,True
5715,512141,1433,Arrested,True,16,True
5716,512141,2598,Arrested,False,0,True
5717,512141,4626,Bail,True,13,True
5718,512141,2833,Absconding,False,0,True
5719,508320,22,Absconding,True,12,True
5720,508320,835,Arrested,True,3,True
5721,508320,798,Arrested,False,0,True
5722,505360,83,Bail,True,9,True
5723,505360,4395,Unknown,True,18,True
5724,505360,747,Arrested,False,0,True
5725,505360,4602,Arrested,False,0,True
5726,518621,603,Unknown,True,13,True
5727,518621,4367,Bail,True,8,True
5728,518621,4680,Arrested,True,5,True
5729,516604,598,Bail,False,0,False
5730,509615,3907,Bail,True,10,True
5731,509615,1792,Arrested,True,17,True
5732,509615,2385,Bail,False,0,True
5733,509615,298,Absconding,True,4,True
5734,509615,3241,Bail,False,0,True
5735,504203,3959,Absconding,False,0,True
5736,504203,2705,Arrested,True,6,True
5737,504203,3965,Bail,True,14,True
5738,504203,2652,Unknown,False,0,True
5739,508026,491,Bail,True,6,True
5740,508026,2324,Bail,False,0,True
5741,508026,1828,Arrested,False,0,True
5742,508026,4502,Arrested,False,0,True
5743,508026,3657,Absconding,False,0,True
5744,508026,2261,Absconding,True,18,True
5745,502727,1556,Absconding,False,0,False
5746,502727,841,Arrested,False,0,False
5747,503297,1055,Bail,False,0,True
5748,503297,2731,Absconding,False,0,True
5749,503297,1354,Unknown,True,11,True
5750,511000,1644,Bail,False,0,True
5751,511000,4111,Absconding,False,0,True
5752,511000,1142,Bail,False,0,True
5753,508477,4929,Bail,False,0,True
5754,508477,4860,Bail,False,0,True
5755,508477,3650,Unknown,True,10,True
5756,500342,3217,Unknown,True,14,True
5757,500342,3307,Arrested,True,20,True
5758,500342,2620,Unknown,True,10,True
5759,500342,569,Absconding,True,19,True
5760,500342,3816,Bail,False,0,True
5761,500342,1145,Arrested,True,17,True
5762,500292,4846,Unknown,False,0,True
5763,500292,1741,Arrested,True,10,True
5764,500292,1888,Absconding,True,17,True
5765,500292,2070,Unknown,False,0,True
5766,522995,1725,Absconding,True,16,True
5767,522995,1861,Absconding,False,0,True
5768,522995,2355,Bail,False,0,True
5769,522995,3533,Absconding,False,0,True
5770,512284,3981,Bail,False,0,False
5771,501711,3115,Unknown,True,7,True
5772,501711,656,Unknown,False,0,True
5773,501711,2143,Absconding,True,15,True
5774,501711,1467,Unknown,False,0,True
5775,501711,3468,Unknown,True,16,True
5776,501711,3363,Unknown,True,8,True
5777,514920,156,Absconding,False,0,True
5778,514920,1187,Bail,True,2,True
5779,514920,2469,Unknown,False,0,True
5780,514920,914,Unknown,True,16,True
5781,514920,1336,Absconding,True,17,True
5782,523979,1191,Absconding,False,0,True
5783,523979,4992,Unknown,False,0,True
5784,523979,489,Absconding,False,0,True
5785,523979,799,Arrested,True,15,True
5786,523979,4195,Bail,True,10,True
5787,523979,4820,Arrested,False,0,True
5788,521404,2506,Bail,False,0,False
5789,521404,2263,Arrested,True,1,False
5790,519705,1637,Absconding,True,3,True
5791,519705,1793,Arrested,False,0,True
5792,519705,574,Bail,False,0,True
5793,519705,338,Unknown,True,18,True
5794,501889,2777,Arrested,True,12,True
5795,501889,4910,Unknown,True,1,True
5796,501889,4439,Unknown,True,5,True
5797,501889,1965,Unknown,False,0,True
5798,512435,2436,Absconding,False,0,True
5799,512435,4848,Absconding,True,17,True
5800,512435,1905,Absconding,True,2,True
5801,512435,574,Unknown,False,0,True
5802,512435,3641,Unknown,False,0,True
5803,503399,2585,Arrested,False,0,False
5804,516298,1595,Absconding,False,0,False
5805,517419,3807,Absconding,True,16,True
5806,517419,3234,Arrested,True,17,True
5807,517419,3141,Bail,True,9,True
5808,514492,1488,Bail,False,0,True
5809,514492,1379,Arrested,False,0,True
5810,514492,4541,Absconding,True,12,True
5811,514492,3323,Unknown,True,10,True
5812,514492,4751,Bail,True,10,True
5813,514492,2827,Bail,True,14,True
5814,506426,2665,Unknown,False,0,True
5815,506426,2839,Unknown,False,0,True
5816,506426,442,Unknown,False,0,True
5817,506426,3248,Bail,True,12,True
5818,506426,2377,Bail,False,0,True
5819,524975,758,Bail,False,0,True
5820,524975,1218,Absconding,True,3,True
5821,524975,2808,Arrested,False,0,True
5822,504187,2459,Unknown,True,18,True
5823,504187,3566,Unknown,True,5,True
5824,504187,1558,Bail,True,10,True
5825,504187,2826,Bail,False,0,True
5826,515580,2561,Absconding,True,4,True
5827,515580,1890,Absconding,True,17,True
5828,515580,3137,Bail,True,17,True
5829,515580,1861,Bail,False,0,True
5830,515580,70,Arrested,True,14,True
5831,524302,649,Absconding,False,0,False
5832,510964,372,Absconding,False,0,False
5833,510964,561,Absconding,True,17,False
5834,523858,812,Arrested,False,0,False
5835,508395,2735,Absconding,True,11,True
5836,508395,2428,Bail,False,0,True
5837,508395,1431,Arrested,False,0,True
5838,508395,2261,Absconding,False,0,True
5839,508395,2307,Unknown,True,15,True
5840,504439,3244,Unknown,True,4,True
5841,504439,4626,Absconding,True,3,True
5842,504439,4006,Arrested,False,0,True
5843,504439,4063,Absconding,False,0,True
5844,503663,279,Bail,False,0,True
5845,503663,4080,Unknown,True,16,True
5846,503663,1419,Arrested,False,0,True
5847,503663,1975,Arrested,False,0,True
5848,507428,3659,Absconding,False,0,True
5849,507428,1987,Absconding,True,19,True
5850,507428,864,Arrested,False,0,True
5851,507428,3304,Bail,True,4,True
5852,507428,3037,Arrested,True,7,True
5853,507428,4595,Absconding,True,1,True
5854,506179,2262,Absconding,False,0,True
5855,506179,3861,Unknown,True,1,True
5856,506179,1436,Bail,False,0,True
5857,506179,701,Bail,True,15,True
5858,506179,4516,Absconding,True,10,True
5859,506179,3503,Unknown,True,2,True
5860,509125,1864,Arrested,True,1,False
5861,509125,2842,Arrested,False,0,False
5862,524064,2600,Absconding,False,0,False
5863,524064,1335,Unknown,True,19,False
5864,512461,487,Unknown,False,0,False
5865,512461,3577,Unknown,False,0,False
5866,510706,1441,Unknown,False,0,True
5867,510706,964,Unknown,True,5,True
5868,510706,1085,Absconding,False,0,True
5869,510706,299,Absconding,True,13,True
5870,513708,2348,Bail,True,17,True
5871,513708,3323,Arrested,False,0,True
5872,513708,2553,Unknown,False,0,True
5873,513708,2494,Arrested,True,12,True
5874,513708,3897,Bail,True,13,True
5875,512822,4771,Absconding,False,0,True
5876,512822,4480,Absconding,True,13,True
5877,512822,3029,Arrested,False,0,True
5878,512822,4076,Bail,True,16,True
5879,512822,800,Arrested,True,19,True
5880,523942,279,Bail,True,1,True
5881,523942,4267,Arrested,False,0,True
5882,523942,1391,Unknown,True,8,True
5883,523942,1317,Absconding,False,0,True
5884,521612,4374,Arrested,False,0,False
5885,521612,1355,Arrested,True,6,False
5886,524085,1287,Unknown,True,19,True
5887,524085,3563,Bail,False,0,True
5888,524085,2481,Absconding,False,0,True
5889,524085,3222,Absconding,False,0,True
5890,524085,690,Absconding,False,0,True
5891,521987,2170,Arrested,True,2,False
5892,521987,3247,Absconding,False,0,False
5893,524347,738,Absconding,True,16,False
5894,524347,4393,Unknown,True,3,False
5895,507950,2778,Absconding,False,0,False
5896,507950,3302,Bail,False,0,False
5897,510646,162,Unknown,True,2,True
5898,510646,4382,Absconding,True,16,True
5899,510646,1929,Unknown,True,9,True
5900,510646,3555,Unknown,True,18,True
5901,521002,2261,Absconding,True,14,False
5902,521002,980,Arrested,True,12,False
5903,519873,877,Bail,False,0,True
5904,519873,2829,Arrested,False,0,True
5905,519873,4144,Bail,True,11,True
5906,519873,2509,Absconding,False,0,True
5907,518609,1660,Unknown,True,10,True
5908,518609,2083,Arrested,False,0,True
5909,518609,3459,Unknown,True,13,True
5910,518609,159,Unknown,True,6,True
5911,518609,1052,Absconding,True,13,True
5912,508958,2338,Bail,False,0,True
5913,508958,3320,Arrested,False,0,True
5914,508958,2473,Arrested,True,9,True
5915,508958,2929,Unknown,False,0,True
5916,508958,3309,Arrested,False,0,True
5917,508958,2401,Arrested,False,0,True
5918,511386,4053,Absconding,False,0,True
5919,511386,1489,Bail,False,0,True
5920,511386,3218,Unknown,False,0,True
5921,515438,1739,Absconding,True,8,True
5922,515438,3779,Bail,False,0,True
5923,515438,580,Absconding,True,2,True
5924,516816,1877,Bail,True,4,True
5925,516816,4393,Absconding,False,0,True
5926,516816,332,Unknown,False,0,True
5927,511306,4032,Arrested,False,0,True
5928,511306,442,Bail,False,0,True
5929,511306,131,Bail,True,7,True
5930,511306,2318,Absconding,False,0,True
5931,511306,601,Arrested,True,15,True
5932,511306,4856,Bail,True,20,True
5933,506134,3930,Absconding,True,7,False
5934,510005,4617,Bail,False,0,True
5935,510005,3968,Bail,False,0,True
5936,510005,1037,Bail,True,11,True
5937,510005,4384,Absconding,True,15,True
5938,510005,4031,Absconding,True,8,True
5939,512376,1881,Arrested,True,1,True
5940,512376,3712,Arrested,True,9,True
5941,512376,3611,Absconding,False,0,True
5942,512376,338,Unknown,False,0,True
5943,512376,1707,Bail,True,10,True
5944,520105,1461,Arrested,False,0,True
5945,520105,661,Arrested,True,15,True
5946,520105,2080,Absconding,False,0,True
5947,520105,1109,Arrested,True,20,True
5948,520105,1853,Absconding,False,0,True
5949,520105,4635,Unknown,True,9,True
5950,507443,3538,Arrested,True,11,False
5951,507443,21,Bail,False,0,False
5952,502172,4151,Arrested,False,0,True
5953,502172,3935,Absconding,False,0,True
5954,502172,1855,Bail,True,4,True
5955,502172,687,Absconding,False,0,True
5956,509145,1853,Absconding,False,0,True
5957,509145,3515,Arrested,True,5,True
5958,509145,3306,Unknown,False,0,True
5959,523239,65,Absconding,True,13,True
5960,523239,4278,Absconding,True,11,True
5961,523239,4389,Bail,True,14,True
5962,523239,4990,Bail,False,0,True
5963,523239,4154,Unknown,False,0,True
5964,523239,51,Absconding,False,0,True
5965,515934,3435,Absconding,False,0,True
5966,515934,473,Arrested,False,0,True
5967,515934,1460,Bail,False,0,True
5968,515934,3291,Absconding,False,0,True
5969,515934,1732,Unknown,True,6,True
5970,520223,2078,Arrested,False,0,False
5971,520223,2448,Unknown,False,0,False
5972,504581,1752,Absconding,False,0,True
5973,504581,3402,Bail,True,5,True
5974,504581,3736,Unknown,False,0,True
5975,504581,1582,Absconding,True,11,True
5976,504581,2447,Absconding,True,14,True
5977,504581,1919,Unknown,True,2,True
5978,505344,4292,Absconding,True,13,True
5979,505344,759,Absconding,False,0,True
5980,505344,1627,Absconding,True,14,True
5981,505344,1417,Bail,True,17,True
5982,515617,229,Arrested,True,10,True
5983,515617,2199,Unknown,True,6,True
5984,515617,3981,Arrested,False,0,True
5985,515617,2083,Absconding,True,19,True
5986,515617,135,Arrested,False,0,True
5987,512843,897,Bail,False,0,False
5988,521211,2712,Absconding,True,16,True
5989,521211,2412,Arrested,True,9,True
5990,521211,1324,Bail,False,0,True
5991,521211,1642,Arrested,False,0,True
5992,521211,4948,Arrested,False,0,True
5993,521211,4509,Arrested,False,0,True
5994,521230,4257,Arrested,False,0,False
5995,516857,3492,Unknown,True,1,False
5996,515080,1697,Bail,True,1,True
5997,515080,4885,Unknown,False,0,True
5998,515080,780,Bail,False,0,True
5999,515080,2920,Unknown,True,3,True
6000,515080,4395,Bail,False,0,True
6001,523913,2587,Arrested,False,0,False
6002,523913,465,Absconding,False,0,False
6003,516089,3324,Unknown,False,0,True
6004,516089,4327,Absconding,False,0,True
6005,516089,1626,Bail,True,8,True
6006,516089,921,Unknown,False,0,True
6007,516089,2283,Unknown,True,8,True
6008,516089,1175,Bail,True,1,True
6009,512015,1003,Unknown,True,19,True
6010,512015,4526,Unknown,False,0,True
6011,512015,4842,Arrested,False,0,True
6012,512015,2504,Bail,False,0,True
6013,514102,3421,Unknown,False,0,False
6014,505261,146,Unknown,True,20,True
6015,505261,508,Bail,False,0,True
6016,505261,2632,Arrested,False,0,True
6017,512640,4573,Unknown,False,0,True
6018,512640,4931,Unknown,True,11,True
6019,512640,1096,Absconding,False,0,True
6020,519407,3985,Absconding,True,12,True
6021,519407,2565,Unknown,False,0,True
6022,519407,3293,Arrested,False,0,True
6023,517948,1475,Unknown,False,0,False
6024,510853,3645,Arrested,False,0,True
6025,510853,590,Unknown,True,11,True
6026,510853,1408,Arrested,False,0,True
6027,510853,1578,Arrested,True,5,True
6028,505842,2081,Bail,False,0,False
6029,505842,3722,Unknown,False,0,False
6030,505793,2124,Unknown,True,5,True
6031,505793,3122,Arrested,True,6,True
6032,505793,2551,Bail,True,6,True
6033,505793,1090,Bail,True,18,True
6034,505793,1114,Unknown,False,0,True
6035,508122,2239,Bail,False,0,False
6036,519789,3025,Unknown,False,0,True
6037,519789,3522,Absconding,True,13,True
6038,519789,3647,Bail,True,9,True
6039,519789,4459,Arrested,False,0,True
6040,519789,2743,Bail,False,0,True
6041,517455,1877,Arrested,True,8,True
6042,517455,4918,Absconding,True,9,True
6043,517455,4710,Unknown,False,0,True
6044,517455,3090,Unknown,False,0,True
6045,521335,2870,Absconding,True,19,True
6046,521335,3910,Unknown,True,16,True
6047,521335,1812,Unknown,False,0,True
6048,521335,3262,Unknown,False,0,True
6049,521335,404,Arrested,False,0,True
6050,521335,736,Absconding,True,5,True
6051,501340,262,Unknown,True,7,True
6052,501340,3963,Absconding,False,0,True
6053,501340,3853,Bail,True,12,True
6054,501340,81,Bail,True,20,True
6055,501340,4200,Unknown,True,2,True
6056,517255,1511,Arrested,False,0,True
6057,517255,1519,Bail,True,10,True
6058,517255,2452,Absconding,True,3,True
6059,517255,3737,Arrested,False,0,True
6060,517255,3909,Unknown,True,3,True
6061,517255,4680,Unknown,True,3,True
6062,521466,1328,Bail,True,7,True
6063,521466,538,Absconding,True,12,True
6064,521466,1085,Unknown,False,0,True
6065,507496,1947,Absconding,False,0,True
6066,507496,3757,Unknown,False,0,True
6067,507496,411,Unknown,False,0,True
6068,501515,2851,Absconding,True,14,True
6069,501515,3941,Bail,False,0,True
6070,501515,1831,Bail,True,18,True
6071,501515,4480,Arrested,True,7,True
6072,519155,3734,Absconding,False,0,True
6073,519155,1327,Absconding,True,20,True
6074,519155,969,Absconding,True,17,True
6075,505929,3635,Arrested,False,0,True
6076,505929,1925,Absconding,False,0,True
6077,505929,3762,Bail,False,0,True
6078,504983,4555,Unknown,True,2,False
6079,504983,3606,Unknown,True,2,False
6080,506358,1843,Absconding,False,0,True
6081,506358,532,Unknown,False,0,True
6082,506358,529,Bail,True,16,True
6083,500140,1800,Arrested,False,0,True
6084,500140,2489,Bail,False,0,True
6085,500140,1136,Absconding,False,0,True
6086,500140,4141,Arrested,True,10,True
6087,503779,3155,Arrested,False,0,False
6088,508224,136,Absconding,True,6,True
6089,508224,361,Bail,False,0,True
6090,508224,4850,Absconding,True,11,True
6091,508224,73,Bail,True,13,True
6092,508224,632,Arrested,True,20,True
6093,508224,4841,Absconding,False,0,True
6094,508944,3240,Arrested,False,0,True
6095,508944,4103,Absconding,True,9,True
6096,508944,4847,Bail,False,0,True
6097,508944,1127,Bail,False,0,True
6098,508944,3108,Bail,False,0,True
6099,508944,811,Arrested,True,13,True
6100,520924,559,Bail,False,0,True
6101,520924,4538,Bail,False,0,True
6102,520924,2629,Arrested,True,1,True
6103,520924,1403,Absconding,False,0,True
6104,524500,3466,Bail,True,14,True
6105,524500,4348,Unknown,False,0,True
6106,524500,1712,Absconding,False,0,True
6107,524500,2340,Arrested,True,19,True
6108,524500,2639,Absconding,True,2,True
6109,501816,3139,Absconding,True,4,True
6110,501816,1909,Arrested,False,0,True
6111,501816,347,Unknown,False,0,True
6112,501816,1594,Bail,False,0,True
6113,501816,4237,Bail,False,0,True
6114,500697,4005,Arrested,False,0,False
6115,500697,2983,Unknown,True,11,False
6116,502584,3949,Arrested,False,0,True
6117,502584,1592,Arrested,False,0,True
6118,502584,1611,Arrested,True,3,True
6119,502584,2384,Bail,True,5,True
6120,502584,4849,Arrested,False,0,True
6121,502584,4869,Arrested,True,10,True
6122,523881,2394,Absconding,False,0,False
6123,522664,3017,Bail,True,20,True
6124,522664,4399,Unknown,True,13,True
6125,522664,245,Unknown,True,4,True
6126,522664,65,Absconding,False,0,True
6127,522664,1613,Unknown,False,0,True
6128,517602,1270,Bail,True,12,False
6129,517602,374,Arrested,False,0,False
6130,523603,1655,Unknown,True,9,False
6131,523603,3919,Unknown,True,1,False
6132,510091,1133,Arrested,True,3,True
6133,510091,2479,Arrested,False,0,True
6134,510091,4850,Bail,False,0,True
6135,510091,4219,Arrested,False,0,True
6136,510091,930,Unknown,False,0,True
6137,510091,2641,Absconding,True,17,True
6138,508605,4105,Bail,False,0,False
6139,508605,1957,Arrested,True,1,False
6140,500368,2407,Unknown,True,2,False
6141,500368,1569,Absconding,True,10,False
6142,509873,397,Absconding,False,0,True
6143,509873,3330,Unknown,True,7,True
6144,509873,1163,Arrested,False,0,True
6145,509873,3521,Arrested,False,0,True
6146,509873,2103,Arrested,False,0,True
6147,509873,582,Unknown,False,0,True
6148,500151,1227,Unknown,True,19,True
6149,500151,2046,Arrested,True,2,True
6150,500151,1551,Unknown,True,8,True
6151,500151,3631,Unknown,True,17,True
6152,503109,60,Unknown,True,13,True
6153,503109,3404,Unknown,True,9,True
6154,503109,4789,Arrested,False,0,True
6155,503109,22,Unknown,True,4,True
6156,503109,4231,Absconding,False,0,True
6157,515110,2817,Arrested,True,4,True
6158,515110,2847,Arrested,True,6,True
6159,515110,4465,Absconding,True,12,True
6160,506225,3331,Arrested,True,4,True
6161,506225,211,Bail,True,19,True
6162,506225,298,Unknown,False,0,True
6163,506225,4413,Bail,True,13,True
6164,510460,3,Bail,False,0,False
6165,510460,7,Absconding,False,0,False
6166,502142,335,Unknown,True,20,True
6167,502142,1438,Unknown,True,15,True
6168,502142,1607,Absconding,False,0,True
6169,502142,3424,Arrested,True,9,True
6170,509762,1753,Unknown,False,0,True
6171,509762,3567,Arrested,True,20,True
6172,509762,4143,Bail,False,0,True
6173,503703,2808,Arrested,False,0,True
6174,503703,1393,Absconding,False,0,True
6175,503703,2408,Unknown,True,10,True
6176,503703,2754,Arrested,True,11,True
6177,503703,1543,Unknown,True,20,True
6178,516211,1908,Unknown,False,0,False
6179,516211,1184,Bail,True,16,False
6180,517998,2010,Bail,True,7,True
6181,517998,2478,Bail,False,0,True
6182,517998,1406,Absconding,True,13,True
6183,517998,4500,Unknown,False,0,True
6184,517998,2391,Bail,False,0,True
6185,517998,4611,Bail,True,20,True
6186,517179,2373,Unknown,False,0,False
6187,500018,1893,Arrested,True,4,True
6188,500018,5000,Absconding,False,0,True
6189,500018,3413,Absconding,True,10,True
6190,500018,3201,Arrested,False,0,True
6191,505352,3853,Absconding,True,20,False
6192,509150,3305,Arrested,True,19,True
6193,509150,1223,Absconding,True,12,True
6194,509150,2686,Arrested,False,0,True
6195,509150,3702,Absconding,False,0,True
6196,501600,1725,Unknown,False,0,False
6197,520899,1481,Bail,True,5,True
6198,520899,3627,Unknown,False,0,True
6199,520899,1447,Arrested,False,0,True
6200,524386,3164,Bail,False,0,True
6201,524386,2615,Arrested,False,0,True
6202,524386,3712,Arrested,False,0,True
6203,524386,4668,Unknown,False,0,True
6204,524386,2791,Bail,True,7,True
6205,511934,4515,Unknown,False,0,True
6206,511934,3650,Bail,False,0,True
6207,511934,116,Absconding,True,17,True
6208,511934,1660,Absconding,True,19,True
6209,511934,4644,Unknown,True,5,True
6210,511934,2587,Unknown,False,0,True
6211,503499,2623,Bail,True,17,True
6212,503499,144,Unknown,False,0,True
6213,503499,3705,Arrested,False,0,True
6214,503499,3145,Arrested,False,0,True
6215,503101,1291,Arrested,True,7,False
6216,503101,3173,Arrested,True,13,False
6217,514371,1887,Absconding,True,13,True
6218,514371,1354,Arrested,True,7,True
6219,514371,451,Bail,True,9,True
6220,514371,1359,Absconding,False,0,True
6221,505215,981,Absconding,False,0,False
6222,515077,4281,Unknown,False,0,False
6223,515077,3106,Arrested,True,4,False
6224,519164,2377,Arrested,False,0,True
6225,519164,2712,Unknown,False,0,True
6226,519164,4764,Arrested,True,1,True
6227,524406,1989,Arrested,False,0,False
6228,524406,2559,Arrested,False,0,False
6229,522511,4714,Unknown,True,8,True
6230,522511,3737,Absconding,True,17,True
6231,522511,2993,Arrested,False,0,True
6232,522511,3888,Absconding,False,0,True
6233,522511,1201,Arrested,False,0,True
6234,522511,2308,Arrested,True,9,True
6235,513028,4126,Absconding,True,19,False
6236,506150,3195,Bail,True,8,True
6237,506150,4104,Arrested,False,0,True
6238,506150,3272,Unknown,True,17,True
6239,506150,2236,Bail,False,0,True
6240,506150,4639,Unknown,False,0,True
6241,508414,3818,Absconding,True,12,True
6242,508414,2070,Bail,False,0,True
6243,508414,345,Unknown,True,2,True
6244,513607,2026,Arrested,True,18,True
6245,513607,1481,Unknown,False,0,True
6246,513607,1095,Bail,False,0,True
6247,513607,2205,Arrested,False,0,True
6248,513607,917,Unknown,True,12,True
6249,513607,593,Absconding,False,0,True
6250,512241,987,Absconding,False,0,False
6251,504784,3793,Bail,True,4,False
6252,524444,1803,Unknown,True,9,True
6253,524444,3160,Arrested,True,14,True
6254,524444,3046,Unknown,True,2,True
6255,524444,2263,Arrested,True,14,True
6256,524444,3897,Unknown,False,0,True
6257,515400,121,Bail,True,20,True
6258,515400,4950,Bail,False,0,True
6259,515400,659,Unknown,False,0,True
6260,515400,1585,Unknown,False,0,True
6261,504171,95,Bail,False,0,True
6262,504171,4340,Unknown,False,0,True
6263,504171,3773,Bail,True,16,True
6264,504171,2617,Bail,True,5,True
6265,504171,1286,Bail,False,0,True
6266,504171,4170,Arrested,False,0,True
6267,512430,1912,Absconding,False,0,False
6268,515810,2782,Absconding,True,15,False
6269,512485,3080,Absconding,False,0,True
6270,512485,3769,Bail,True,9,True
6271,512485,2624,Absconding,False,0,True
6272,512485,3652,Absconding,False,0,True
6273,512485,2440,Unknown,True,15,True
6274,512485,363,Absconding,True,14,True
6275,514779,2854,Unknown,False,0,True
6276,514779,173,Unknown,True,12,True
6277,514779,2649,Arrested,False,0,True
6278,514779,4606,Bail,True,4,True
6279,514779,54,Absconding,False,0,True
6280,514779,795,Arrested,False,0,True
6281,517260,1215,Absconding,False,0,True
6282,517260,2063,Absconding,True,10,True
6283,517260,4969,Unknown,True,18,True
6284,517260,4436,Absconding,True,6,True
6285,517260,4057,Absconding,False,0,True
6286,517260,2848,Absconding,True,11,True
6287,523998,1106,Arrested,True,13,True
6288,523998,3493,Unknown,True,3,True
6289,523998,1431,Absconding,False,0,True
6290,523998,950,Bail,False,0,True
6291,523998,4647,Absconding,False,0,True
6292,523998,4533,Arrested,True,9,True
6293,507885,95,Unknown,True,17,False
6294,507885,463,Arrested,False,0,False
6295,506518,3662,Arrested,False,0,False
6296,503579,4579,Bail,False,0,True
6297,503579,1346,Bail,False,0,True
6298,503579,2999,Arrested,True,6,True
6299,503579,4607,Bail,True,8,True
6300,520843,1568,Arrested,False,0,True
6301,520843,4716,Bail,False,0,True
6302,520843,485,Absconding,True,18,True
6303,520843,3988,Unknown,True,8,True
6304,520843,4131,Absconding,False,0,True
6305,501093,3788,Bail,True,15,True
6306,501093,2245,Absconding,True,17,True
6307,501093,2657,Absconding,False,0,True
6308,501093,1515,Bail,True,2,True
6309,502035,2256,Unknown,False,0,False
6310,503069,1165,Bail,False,0,True
6311,503069,2837,Absconding,False,0,True
6312,503069,809,Unknown,False,0,True
6313,503069,2525,Bail,True,20,True
6314,503069,2748,Bail,True,10,True
6315,503069,3188,Absconding,True,17,True
6316,509694,2455,Absconding,True,10,True
6317,509694,214,Bail,True,5,True
6318,509694,4492,Arrested,True,10,True
6319,509694,907,Arrested,True,9,True
6320,509694,1040,Absconding,False,0,True
6321,504306,1750,Bail,True,12,True
6322,504306,691,Unknown,True,14,True
6323,504306,1639,Arrested,True,3,True
6324,504306,4456,Bail,True,20,True
6325,504306,914,Arrested,False,0,True
6326,504306,386,Unknown,False,0,True
6327,517492,803,Unknown,False,0,True
6328,517492,2158,Arrested,True,19,True
6329,517492,3711,Arrested,True,13,True
6330,517492,4890,Bail,True,11,True
6331,517492,590,Unknown,False,0,True
6332,517492,478,Unknown,True,8,True
6333,516309,4850,Arrested,False,0,False
6334,520600,1283,Unknown,False,0,True
6335,520600,2881,Absconding,False,0,True
6336,520600,4598,Absconding,False,0,True
6337,520600,77,Bail,False,0,True
6338,520600,287,Unknown,False,0,True
6339,520600,1602,Absconding,True,19,True
6340,515485,3751,Unknown,True,3,False
6341,515485,893,Unknown,False,0,False
6342,506527,1007,Absconding,False,0,False
6343,520965,3601,Absconding,True,6,True
6344,520965,3381,Bail,False,0,True
6345,520965,4601,Arrested,False,0,True
6346,519023,4436,Unknown,False,0,True
6347,519023,365,Bail,False,0,True
6348,519023,3114,Arrested,True,7,True
6349,519023,305,Absconding,False,0,True
6350,502871,3976,Arrested,False,0,True
6351,502871,1330,Arrested,False,0,True
6352,502871,278,Absconding,False,0,True
6353,502871,1617,Arrested,False,0,True
6354,502871,3027,Absconding,True,8,True
6355,502871,2861,Absconding,False,0,True
6356,507862,2229,Arrested,False,0,True
6357,507862,544,Bail,True,2,True
6358,507862,3414,Absconding,True,11,True
6359,507862,4229,Absconding,True,18,True
6360,507862,3073,Arrested,True,4,True
6361,507862,1594,Unknown,True,14,True
6362,507048,683,Bail,False,0,False
6363,522704,4778,Absconding,True,8,True
6364,522704,2926,Absconding,False,0,True
6365,522704,3496,Bail,True,19,True
6366,503114,640,Unknown,False,0,False
6367,506347,4335,Bail,False,0,True
6368,506347,3120,Arrested,True,17,True
6369,506347,4164,Arrested,True,5,True
6370,506347,4723,Absconding,True,4,True
6371,502765,878,Unknown,False,0,False
6372,517395,662,Arrested,False,0,True
6373,517395,1760,Arrested,False,0,True
6374,517395,1476,Bail,True,4,True
6375,507302,2811,Bail,False,0,True
6376,507302,710,Absconding,False,0,True
6377,507302,1178,Absconding,True,13,True
6378,510360,2960,Unknown,False,0,True
6379,510360,3473,Arrested,True,2,True
6380,510360,3128,Arrested,False,0,True
6381,510360,896,Arrested,True,10,True
6382,510360,1531,Bail,False,0,True
6383,510360,2908,Unknown,True,11,True
6384,512305,3704,Unknown,False,0,True
6385,512305,3749,Bail,False,0,True
6386,512305,4374,Absconding,True,10,True
6387,512305,3044,Unknown,False,0,True
6388,512305,2467,Arrested,False,0,True
6389,513868,4896,Absconding,False,0,False
6390,524889,2115,Arrested,False,0,True
6391,524889,3408,Absconding,True,16,True
6392,524889,1984,Unknown,True,1,True
6393,517228,4731,Unknown,True,20,True
6394,517228,184,Bail,False,0,True
6395,517228,4762,Arrested,True,18,True
6396,509607,932,Absconding,False,0,False
6397,509607,927,Arrested,True,15,False
6398,515250,4403,Absconding,False,0,True
6399,515250,1263,Absconding,True,17,True
6400,515250,3411,Absconding,False,0,True
6401,515250,2971,Bail,True,13,True
6402,520279,123,Unknown,False,0,True
6403,520279,406,Arrested,True,2,True
6404,520279,1038,Unknown,False,0,True
6405,520279,575,Absconding,False,0,True
6406,520279,4079,Arrested,True,17,True
6407,505220,3878,Absconding,False,0,True
6408,505220,4164,Arrested,False,0,True
6409,505220,1303,Bail,True,7,True
6410,505220,1193,Absconding,False,0,True
6411,505220,3725,Unknown,True,12,True
6412,521945,2934,Absconding,True,8,True
6413,521945,2664,Unknown,False,0,True
6414,521945,4894,Arrested,False,0,True
6415,521945,49,Bail,False,0,True
6416,521945,4906,Unknown,True,15,True
6417,521945,2609,Bail,False,0,True
6418,519432,2882,Unknown,False,0,True
6419,519432,4260,Absconding,False,0,True
6420,519432,1390,Arrested,True,13,True
6421,503059,652,Arrested,True,20,True
6422,503059,2733,Bail,True,4,True
6423,503059,4770,Bail,True,10,True
6424,503059,2159,Bail,True,6,True
6425,514113,3647,Unknown,False,0,False
6426,514113,2358,Absconding,True,2,False
6427,513942,2456,Bail,False,0,False
6428,513942,4859,Arrested,True,20,False
6429,517838,2516,Arrested,False,0,False
6430,517838,2563,Arrested,False,0,False
6431,507440,1022,Unknown,False,0,True
6432,507440,4892,Bail,True,5,True
6433,507440,4409,Bail,False,0,True
6434,507440,936,Absconding,False,0,True
6435,507440,32,Absconding,False,0,True
6436,507440,4110,Unknown,False,0,True
6437,511252,2145,Arrested,True,13,False
6438,511252,3579,Arrested,False,0,False
6439,514460,3289,Absconding,True,1,True
6440,514460,3097,Arrested,False,0,True
6441,514460,4939,Bail,True,5,True
6442,514460,3727,Unknown,False,0,True
6443,514460,3258,Absconding,False,0,True
6444,501809,4654,Bail,True,8,True
6445,501809,972,Arrested,True,13,True
6446,501809,4168,Absconding,False,0,True
6447,520946,3962,Bail,False,0,False
6448,511135,4963,Arrested,False,0,True
6449,511135,1749,Arrested,True,11,True
6450,511135,2964,Bail,True,20,True
6451,511135,212,Unknown,False,0,True
6452,511135,4916,Absconding,False,0,True
6453,518786,4932,Absconding,False,0,True
6454,518786,731,Arrested,False,0,True
6455,518786,2965,Arrested,True,10,True
6456,524750,4378,Arrested,False,0,True
6457,524750,1218,Absconding,False,0,True
6458,524750,158,Absconding,True,16,True
6459,524750,4770,Absconding,True,16,True
6460,524750,2331,Arrested,True,17,True
6461,524750,835,Arrested,True,7,True
6462,523183,3424,Bail,True,1,True
6463,523183,2655,Unknown,True,10,True
6464,523183,310,Unknown,True,11,True
6465,523183,3695,Arrested,True,12,True
6466,523183,3846,Absconding,True,2,True
6467,517894,609,Arrested,False,0,True
6468,517894,2055,Absconding,True,16,True
6469,517894,3532,Absconding,False,0,True
6470,517894,286,Bail,True,5,True
6471,508920,1421,Bail,True,10,True
6472,508920,3437,Arrested,True,14,True
6473,508920,1282,Bail,False,0,True
6474,508920,5,Unknown,False,0,True
6475,508920,3907,Arrested,False,0,True
6476,504283,270,Absconding,True,20,True
6477,504283,2384,Arrested,False,0,True
6478,504283,3729,Bail,True,12,True
6479,504376,2092,Bail,True,17,True
6480,504376,2400,Unknown,True,14,True
6481,504376,1549,Unknown,False,0,True
6482,504376,4458,Bail,True,5,True
6483,515885,242,Bail,False,0,True
6484,515885,708,Absconding,True,19,True
6485,515885,2031,Arrested,False,0,True
6486,515885,2177,Absconding,True,17,True
6487,515885,2774,Bail,False,0,True
6488,515885,601,Arrested,True,14,True
6489,507901,1112,Arrested,False,0,False
6490,507901,97,Bail,True,8,False
6491,521124,4489,Bail,False,0,False
6492,510444,3927,Bail,True,8,True
6493,510444,4216,Arrested,True,9,True
6494,510444,3186,Unknown,False,0,True
6495,510390,3786,Bail,True,10,True
6496,510390,3263,Unknown,False,0,True
6497,510390,2043,Unknown,False,0,True
6498,510390,875,Bail,True,7,True
6499,524303,364,Absconding,False,0,True
6500,524303,3348,Absconding,True,7,True
6501,524303,1279,Unknown,False,0,True
6502,524303,4826,Bail,False,0,True
6503,502596,2863,Absconding,True,15,False
6504,523303,1069,Arrested,False,0,True
6505,523303,961,Absconding,True,1,True
6506,523303,1698,Unknown,False,0,True
6507,523303,1180,Arrested,True,9,True
6508,523303,820,Bail,True,14,True
6509,517560,4923,Absconding,True,1,False
6510,514352,2014,Arrested,True,8,True
6511,514352,4286,Unknown,False,0,True
6512,514352,1567,Arrested,True,9,True
6513,514352,1520,Absconding,True,9,True
6514,514352,3798,Bail,False,0,True
6515,503877,935,Unknown,True,1,False
6516,503877,4902,Absconding,False,0,False
6517,503932,1980,Unknown,False,0,False
6518,503932,2535,Unknown,False,0,False
6519,512231,488,Absconding,False,0,True
6520,512231,2711,Bail,False,0,True
6521,512231,495,Arrested,False,0,True
6522,519858,4757,Bail,True,10,False
6523,503640,2009,Bail,True,17,False
6524,500316,3363,Arrested,True,2,True
6525,500316,4619,Bail,True,1,True
6526,500316,2775,Absconding,False,0,True
6527,500316,1605,Arrested,True,11,True
6528,500316,140,Arrested,False,0,True
6529,500316,4069,Unknown,False,0,True
6530,524235,1727,Arrested,False,0,False
6531,505679,3709,Absconding,False,0,True
6532,505679,2184,Absconding,False,0,True
6533,505679,656,Absconding,True,20,True
6534,505679,2390,Unknown,False,0,True
6535,504462,4878,Bail,True,17,True
6536,504462,1253,Absconding,True,6,True
6537,504462,2030,Absconding,True,10,True
6538,504462,3945,Unknown,False,0,True
6539,506021,2068,Bail,True,2,True
6540,506021,4354,Absconding,False,0,True
6541,506021,3784,Absconding,True,3,True
6542,506021,3620,Arrested,True,20,True
6543,506021,2136,Unknown,True,16,True
6544,506021,4830,Arrested,True,11,True
6545,524578,3575,Unknown,False,0,False
6546,524578,3693,Absconding,True,5,False
6547,500209,510,Absconding,False,0,True
6548,500209,1826,Absconding,True,10,True
6549,500209,2526,Bail,True,10,True
6550,500209,3309,Bail,False,0,True
6551,500209,319,Bail,False,0,True
6552,500209,4308,Arrested,True,1,True
6553,521106,1376,Absconding,False,0,False
6554,521106,2012,Arrested,False,0,False
6555,502230,3519,Bail,False,0,False
6556,500937,3110,Arrested,True,7,True
6557,500937,1924,Bail,True,1,True
6558,500937,4078,Bail,True,18,True
6559,500937,3032,Bail,False,0,True
6560,513692,2237,Bail,False,0,True
6561,513692,3938,Arrested,True,17,True
6562,513692,400,Arrested,True,20,True
6563,513692,314,Arrested,True,14,True
6564,513692,299,Absconding,False,0,True
6565,505334,1138,Absconding,False,0,True
6566,505334,2697,Arrested,False,0,True
6567,505334,3538,Absconding,True,10,True
6568,505334,4842,Unknown,True,2,True
6569,524021,2187,Bail,True,13,True
6570,524021,3424,Arrested,True,19,True
6571,524021,2977,Arrested,False,0,True
6572,524021,215,Bail,False,0,True
6573,524021,3139,Absconding,True,5,True
6574,513261,2163,Absconding,True,3,True
6575,513261,3387,Unknown,True,4,True
6576,513261,3960,Arrested,True,9,True
6577,513261,4150,Arrested,True,2,True
6578,503704,2817,Absconding,False,0,True
6579,503704,2567,Unknown,True,19,True
6580,503704,3412,Absconding,False,0,True
6581,503704,4077,Bail,True,9,True
6582,501511,4261,Arrested,True,15,False
6583,501511,1028,Arrested,False,0,False
6584,518493,1483,Absconding,False,0,True
6585,518493,4180,Unknown,True,12,True
6586,518493,889,Bail,False,0,True
6587,518493,4410,Bail,False,0,True
6588,514336,965,Absconding,True,10,False
6589,522083,3450,Arrested,False,0,False
6590,512089,3327,Arrested,True,5,True
6591,512089,559,Unknown,True,19,True
6592,512089,1304,Absconding,False,0,True
6593,512089,1751,Unknown,True,10,True
6594,521670,500,Arrested,True,10,False
6595,514365,3815,Absconding,False,0,False
6596,514365,1035,Unknown,True,2,False
6597,521498,4445,Unknown,True,17,True
6598,521498,2597,Arrested,False,0,True
6599,521498,178,Arrested,True,2,True
6600,508345,1278,Arrested,True,3,True
6601,508345,1603,Unknown,False,0,True
6602,508345,207,Absconding,True,1,True
6603,504247,4850,Absconding,True,4,True
6604,504247,2234,Absconding,False,0,True
6605,504247,3106,Bail,False,0,True
6606,504247,2594,Absconding,True,11,True
6607,522720,2166,Unknown,False,0,False
6608,522720,4206,Absconding,True,6,False
6609,501612,1089,Absconding,True,6,True
6610,501612,3418,Bail,False,0,True
6611,501612,328,Bail,True,13,True
6612,501612,2783,Absconding,False,0,True
6613,510213,3080,Unknown,True,12,True
6614,510213,1022,Arrested,True,11,True
6615,510213,3310,Unknown,False,0,True
6616,510213,2941,Arrested,True,5,True
6617,510213,345,Unknown,False,0,True
6618,510213,3355,Bail,True,14,True
6619,507640,3238,Bail,True,1,True
6620,507640,275,Arrested,False,0,True
6621,507640,3309,Absconding,False,0,True
6622,507640,1659,Arrested,False,0,True
6623,507640,755,Absconding,False,0,True
6624,512118,649,Bail,False,0,False
6625,512118,3148,Bail,False,0,False
6626,522516,1633,Bail,True,12,False
6627,522516,1783,Absconding,True,6,False
6628,506138,2998,Absconding,False,0,True
6629,506138,4387,Arrested,True,9,True
6630,506138,1399,Unknown,True,18,True
6631,506138,4205,Unknown,True,13,True
6632,506138,2979,Absconding,True,6,True
6633,506138,2632,Absconding,True,20,True
6634,520655,4895,Absconding,False,0,True
6635,520655,589,Bail,True,17,True
6636,520655,1485,Arrested,False,0,True
6637,511767,2895,Absconding,False,0,True
6638,511767,41,Absconding,False,0,True
6639,511767,19,Absconding,True,14,True
6640,511767,2950,Bail,True,7,True
6641,511767,1698,Absconding,False,0,True
6642,518159,676,Absconding,False,0,True
6643,518159,216,Bail,True,7,True
6644,518159,817,Absconding,True,7,True
6645,518159,1451,Unknown,False,0,True
6646,518159,1444,Bail,False,0,True
6647,518159,3814,Arrested,True,6,True
6648,508067,4862,Bail,False,0,True
6649,508067,827,Absconding,False,0,True
6650,508067,552,Bail,True,1,True
6651,508067,1335,Bail,True,19,True
6652,514152,3804,Unknown,True,20,False
6653,506025,536,Bail,True,19,False
6654,522805,2207,Absconding,False,0,True
6655,522805,3694,Arrested,False,0,True
6656,522805,1793,Unknown,True,3,True
6657,522805,3593,Unknown,True,2,True
6658,522805,873,Absconding,False,0,True
6659,522805,858,Absconding,False,0,True
6660,509927,4409,Unknown,True,7,True
6661,509927,2478,Bail,True,17,True
6662,509927,2690,Bail,True,3,True
6663,508518,4390,Unknown,True,10,True
6664,508518,1801,Absconding,True,11,True
6665,508518,4623,Absconding,True,20,True
6666,510009,1875,Absconding,True,3,False
6667,512308,3444,Arrested,False,0,True
6668,512308,3583,Unknown,True,10,True
6669,512308,3963,Arrested,True,12,True
6670,512308,2453,Arrested,True,9,True
6671,512308,2440,Arrested,True,10,True
6672,512308,2838,Arrested,False,0,True
6673,511072,121,Absconding,False,0,False
6674,511072,4134,Unknown,True,6,False
6675,507286,393,Bail,True,11,True
6676,507286,4614,Unknown,False,0,True
6677,507286,2269,Unknown,True,9,True
6678,507286,1652,Bail,True,12,True
6679,507286,2611,Bail,True,18,True
6680,507286,4618,Absconding,True,5,True
6681,519156,3782,Bail,True,6,True
6682,519156,1177,Bail,True,7,True
6683,519156,3231,Bail,True,10,True
6684,519156,2571,Unknown,False,0,True
6685,519156,1974,Bail,False,0,True
6686,519156,4576,Arrested,True,1,True
6687,515478,2791,Bail,True,2,True
6688,515478,2738,Arrested,True,19,True
6689,515478,3754,Arrested,True,5,True
6690,515478,3706,Arrested,True,14,True
6691,515478,2134,Arrested,False,0,True
6692,503595,3449,Absconding,False,0,True
6693,503595,455,Bail,True,18,True
6694,503595,3586,Arrested,False,0,True
6695,503595,2575,Arrested,True,13,True
6696,503595,1228,Bail,False,0,True
6697,517226,381,Absconding,True,8,False
6698,508940,4096,Bail,False,0,True
6699,508940,1939,Bail,False,0,True
6700,508940,2935,Arrested,True,8,True
6701,508940,3616,Bail,True,2,True
6702,508940,489,Absconding,True,18,True
6703,508940,480,Absconding,False,0,True
6704,524570,3959,Absconding,True,14,True
6705,524570,2698,Unknown,True,17,True
6706,524570,553,Arrested,False,0,True
6707,524570,3886,Unknown,True,20,True
6708,524570,333,Arrested,False,0,True
6709,524570,3683,Absconding,False,0,True
6710,501662,1191,Arrested,False,0,True
6711,501662,1709,Absconding,False,0,True
6712,501662,1427,Arrested,False,0,True
6713,501662,4214,Bail,True,1,True
6714,501662,2955,Absconding,False,0,True
6715,507925,4970,Bail,False,0,True
6716,507925,41,Absconding,False,0,True
6717,507925,4101,Unknown,True,19,True
6718,507925,633,Absconding,True,11,True
6719,508929,2369,Unknown,False,0,False
6720,508929,1375,Absconding,True,4,False
6721,524313,1258,Bail,True,19,False
6722,524313,3376,Unknown,True,13,False
6723,521262,3854,Arrested,False,0,False
6724,518608,3848,Unknown,False,0,True
6725,518608,3878,Absconding,False,0,True
6726,518608,4831,Bail,False,0,True
6727,518608,171,Unknown,True,6,True
6728,512768,693,Unknown,True,7,True
6729,512768,2137,Bail,True,19,True
6730,512768,1380,Absconding,True,5,True
6731,512768,4798,Unknown,False,0,True
6732,512768,3863,Unknown,True,16,True
6733,502443,1002,Bail,True,9,True
6734,502443,4,Arrested,True,2,True
6735,502443,4690,Arrested,False,0,True
6736,502443,3939,Arrested,False,0,True
6737,501475,1589,Absconding,False,0,True
6738,501475,2974,Absconding,False,0,True
6739,501475,4175,Bail,False,0,True
6740,508526,134,Arrested,False,0,False
6741,508526,1268,Bail,False,0,False
6742,520561,582,Bail,True,12,True
6743,520561,3682,Absconding,True,15,True
6744,520561,1608,Bail,True,1,True
6745,520561,487,Bail,True,11,True
6746,520561,2309,Arrested,False,0,True
6747,520561,2617,Absconding,False,0,True
6748,503367,159,Arrested,True,5,True
6749,503367,4708,Absconding,True,16,True
6750,503367,417,Absconding,True,10,True
6751,503367,3732,Absconding,True,5,True
6752,503367,1196,Unknown,True,9,True
6753,500994,3509,Arrested,True,13,True
6754,500994,2567,Bail,False,0,True
6755,500994,4840,Unknown,False,0,True
6756,523748,527,Arrested,True,17,True
6757,523748,1486,Absconding,True,14,True
6758,523748,1673,Absconding,False,0,True
6759,523748,3450,Arrested,True,17,True
6760,523748,1488,Unknown,True,17,True
6761,510393,41,Bail,True,13,True
6762,510393,1522,Unknown,True,13,True
6763,510393,788,Arrested,False,0,True
6764,510393,4668,Bail,True,5,True
6765,510393,2863,Arrested,True,15,True
6766,510393,855,Absconding,True,19,True
6767,522884,2685,Absconding,False,0,False
6768,524905,1611,Absconding,True,7,True
6769,524905,4508,Absconding,False,0,True
6770,524905,480,Arrested,False,0,True
6771,524905,2370,Bail,True,1,True
6772,524905,1337,Bail,True,16,True
6773,505166,693,Bail,True,18,False
6774,501714,1203,Bail,False,0,True
6775,501714,1009,Unknown,True,14,True
6776,501714,4390,Bail,True,6,True
6777,501714,3550,Unknown,False,0,True
6778,501714,2494,Unknown,False,0,True
6779,514703,3381,Absconding,True,10,True
6780,514703,1833,Arrested,False,0,True
6781,514703,4193,Unknown,False,0,True
6782,514703,4437,Bail,False,0,True
6783,514703,4340,Bail,True,8,True
6784,514703,2911,Arrested,True,3,True
6785,519330,3968,Bail,False,0,True
6786,519330,2490,Unknown,False,0,True
6787,519330,2284,Unknown,True,6,True
6788,519330,2709,Unknown,False,0,True
6789,519330,945,Arrested,True,1,True
6790,519330,2538,Absconding,True,18,True
6791,517960,14,Unknown,False,0,True
6792,517960,1214,Absconding,False,0,True
6793,517960,1753,Unknown,False,0,True
6794,517960,3296,Bail,True,19,True
6795,510508,2639,Absconding,False,0,False
6796,503790,547,Absconding,True,12,True
6797,503790,3104,Absconding,True,10,True
6798,503790,1069,Bail,True,3,True
6799,503790,4056,Arrested,True,13,True
6800,503790,1984,Unknown,True,2,True
6801,505095,897,Absconding,True,2,True
6802,505095,124,Absconding,False,0,True
6803,505095,494,Arrested,False,0,True
6804,505095,2601,Bail,False,0,True
6805,518357,4581,Unknown,True,3,False
6806,523530,3315,Bail,False,0,True
6807,523530,4206,Unknown,False,0,True
6808,523530,915,Unknown,True,10,True
6809,523530,1716,Unknown,True,7,True
6810,523530,3184,Arrested,True,11,True
6811,523530,4211,Arrested,True,2,True
6812,524426,3149,Bail,False,0,True
6813,524426,2614,Bail,False,0,True
6814,524426,1569,Bail,False,0,True
6815,524426,3892,Unknown,False,0,True
6816,513627,74,Absconding,True,16,False
6817,513627,2567,Arrested,False,0,False
6818,508864,4644,Bail,True,13,True
6819,508864,1539,Bail,False,0,True
6820,508864,4515,Unknown,True,8,True
6821,508864,4812,Unknown,True,20,True
6822,508864,3303,Arrested,False,0,True
6823,508864,444,Unknown,False,0,True
6824,524778,1456,Unknown,True,8,True
6825,524778,1174,Absconding,True,4,True
6826,524778,3946,Absconding,True,8,True
6827,511400,3098,Absconding,True,20,True
6828,511400,518,Bail,False,0,True
6829,511400,1756,Bail,False,0,True
6830,511400,4465,Arrested,True,4,True
6831,522375,2347,Bail,True,17,False
6832,503456,1080,Bail,False,0,True
6833,503456,156,Bail,False,0,True
6834,503456,2007,Unknown,True,16,True
6835,503456,773,Absconding,False,0,True
6836,507498,274,Absconding,True,11,False
6837,520601,1443,Bail,False,0,False
6838,520601,3166,Arrested,False,0,False
6839,503582,3234,Unknown,True,20,False
6840,512924,865,Unknown,False,0,True
6841,512924,4620,Unknown,False,0,True
6842,512924,762,Absconding,True,1,True
6843,512924,3535,Arrested,True,9,True
6844,512924,711,Bail,False,0,True
6845,512924,1062,Unknown,False,0,True
6846,514979,423,Bail,False,0,True
6847,514979,4927,Arrested,False,0,True
6848,514979,3858,Arrested,False,0,True
6849,514979,2603,Unknown,False,0,True
6850,514979,2160,Unknown,True,3,True
6851,512472,2841,Absconding,False,0,True
6852,512472,2452,Bail,True,15,True
6853,512472,1340,Unknown,False,0,True
6854,512472,1444,Bail,True,12,True
6855,512472,1251,Unknown,False,0,True
6856,512472,1295,Absconding,True,6,True
6857,504190,79,Unknown,False,0,True
6858,504190,4966,Absconding,False,0,True
6859,504190,368,Absconding,False,0,True
6860,511624,4055,Arrested,True,13,True
6861,511624,1682,Bail,False,0,True
6862,511624,4911,Absconding,False,0,True
6863,511624,3029,Absconding,True,18,True
6864,515507,4663,Unknown,False,0,True
6865,515507,3567,Absconding,False,0,True
6866,515507,4224,Unknown,True,18,True
6867,518870,734,Bail,True,20,False
6868,510908,2339,Unknown,True,2,True
6869,510908,3069,Arrested,True,8,True
6870,510908,4567,Bail,False,0,True
6871,518198,3870,Absconding,True,12,False
6872,518198,1805,Arrested,False,0,False
6873,505097,4624,Bail,False,0,True
6874,505097,559,Unknown,False,0,True
6875,505097,3768,Absconding,True,10,True
6876,505097,446,Bail,False,0,True
6877,505097,3266,Absconding,False,0,True
6878,505097,2036,Arrested,False,0,True
6879,517186,1,Arrested,False,0,True
6880,517186,2947,Unknown,True,19,True
6881,517186,3721,Bail,False,0,True
6882,517186,2693,Unknown,False,0,True
6883,501766,2910,Unknown,True,12,False
6884,520587,4659,Unknown,False,0,True
6885,520587,3009,Arrested,False,0,True
6886,520587,1177,Bail,True,17,True
6887,520587,1394,Unknown,False,0,True
6888,520587,1697,Bail,False,0,True
6889,520587,3001,Bail,True,7,True
6890,514508,11,Unknown,True,1,False
6891,514508,3764,Bail,False,0,False
6892,509243,1548,Arrested,True,18,False
6893,509243,1647,Bail,True,18,False
6894,523926,1108,Unknown,False,0,True
6895,523926,2511,Unknown,True,3,True
6896,523926,4062,Absconding,False,0,True
6897,523926,2277,Absconding,False,0,True
6898,516409,600,Bail,True,10,True
6899,516409,2014,Bail,True,3,True
6900,516409,3339,Absconding,True,5,True
6901,516409,3238,Absconding,True,13,True
6902,515540,3340,Bail,False,0,True
6903,515540,415,Bail,True,17,True
6904,515540,2407,Bail,False,0,True
6905,515540,2562,Arrested,False,0,True
6906,515540,1095,Unknown,True,3,True
6907,520272,3695,Unknown,True,2,True
6908,520272,4670,Absconding,True,2,True
6909,520272,4699,Unknown,True,19,True
6910,520272,4413,Bail,True,12,True
6911,520272,3418,Absconding,True,17,True
6912,520272,808,Unknown,False,0,True
6913,510232,507,Bail,True,7,True
6914,510232,345,Unknown,False,0,True
6915,510232,1818,Bail,True,16,True
6916,524766,906,Unknown,True,2,True
6917,524766,1171,Bail,False,0,True
6918,524766,4376,Bail,True,5,True
6919,524766,2062,Unknown,False,0,True
6920,522659,4345,Arrested,True,2,True
6921,522659,406,Arrested,False,0,True
6922,522659,2456,Unknown,True,4,True
6923,514760,4847,Absconding,False,0,True
6924,514760,3016,Arrested,False,0,True
6925,514760,1987,Absconding,True,1,True
6926,517171,12,Bail,False,0,True
6927,517171,3561,Arrested,False,0,True
6928,517171,601,Absconding,False,0,True
6929,517171,767,Absconding,False,0,True
6930,517171,4380,Bail,True,12,True
6931,513846,1511,Absconding,True,14,False
6932,513846,1710,Bail,False,0,False
6933,522418,2789,Arrested,True,6,False
6934,501643,486,Absconding,False,0,False
6935,501643,1870,Bail,True,12,False
6936,513989,578,Bail,True,1,True
6937,513989,1923,Unknown,False,0,True
6938,513989,1900,Arrested,True,4,True
6939,513989,3959,Bail,True,9,True
6940,504033,2817,Absconding,True,11,True
6941,504033,2607,Unknown,False,0,True
6942,504033,3439,Absconding,False,0,True
6943,504033,4893,Bail,False,0,True
6944,521696,4959,Bail,False,0,False
6945,510043,2463,Bail,False,0,True
6946,510043,3541,Absconding,True,3,True
6947,510043,1240,Bail,True,2,True
6948,510043,2896,Absconding,False,0,True
6949,510043,3839,Unknown,True,17,True
6950,524621,101,Arrested,True,2,True
6951,524621,3967,Absconding,True,20,True
6952,524621,2672,Unknown,True,4,True
6953,524621,2319,Absconding,True,13,True
6954,501423,2330,Bail,False,0,True
6955,501423,4014,Absconding,True,8,True
6956,501423,1547,Bail,True,18,True
6957,501423,4738,Bail,False,0,True
6958,501423,4031,Unknown,True,10,True
6959,501423,4854,Absconding,True,7,True
6960,519503,1618,Absconding,True,3,False
6961,519503,1241,Bail,False,0,False
6962,503510,1198,Unknown,True,12,True
6963,503510,734,Bail,False,0,True
6964,503510,2945,Unknown,False,0,True
6965,503510,3612,Arrested,False,0,True
6966,503510,3795,Unknown,True,20,True
6967,503510,439,Bail,True,1,True
6968,523768,2573,Arrested,True,6,False
6969,523768,4291,Absconding,False,0,False
6970,504004,4352,Arrested,False,0,False
6971,504004,1998,Bail,False,0,False
6972,503394,2787,Bail,False,0,False
6973,508162,221,Arrested,True,6,False
6974,523656,1888,Bail,False,0,True
6975,523656,91,Bail,True,6,True
6976,523656,2945,Arrested,True,7,True
6977,523656,1050,Arrested,False,0,True
6978,523656,4138,Bail,True,3,True
6979,523656,1845,Absconding,False,0,True
6980,523905,965,Bail,False,0,True
6981,523905,2788,Absconding,True,7,True
6982,523905,2195,Unknown,True,10,True
6983,523905,2069,Absconding,True,9,True
6984,523905,3785,Unknown,False,0,True
6985,523905,2868,Arrested,True,8,True
6986,510437,1760,Absconding,True,16,False
6987,510437,2012,Unknown,True,1,False
6988,517604,4945,Unknown,True,17,True
6989,517604,1929,Arrested,True,17,True
6990,517604,215,Bail,False,0,True
6991,517604,551,Unknown,False,0,True
6992,517604,2712,Bail,False,0,True
6993,517604,495,Absconding,False,0,True
6994,523184,1987,Arrested,True,18,True
6995,523184,2568,Unknown,False,0,True
6996,523184,1434,Unknown,False,0,True
6997,523184,2772,Unknown,False,0,True
6998,500684,3223,Unknown,False,0,True
6999,500684,3672,Absconding,False,0,True
7000,500684,3143,Bail,True,20,True
7001,500684,2739,Absconding,True,2,True
7002,500684,1255,Absconding,False,0,True
7003,500684,2892,Bail,False,0,True
7004,502753,3211,Absconding,False,0,False
7005,522175,4324,Bail,False,0,False
7006,522175,72,Arrested,True,19,False
7007,512168,2300,Arrested,False,0,True
7008,512168,3435,Bail,True,8,True
7009,512168,3,Unknown,False,0,True
7010,512168,4799,Unknown,False,0,True
7011,512168,2502,Arrested,False,0,True
7012,512168,4926,Absconding,False,0,True
7013,523496,2078,Unknown,True,3,True
7014,523496,3602,Unknown,False,0,True
7015,523496,2300,Unknown,True,8,True
7016,523496,327,Bail,False,0,True
7017,523496,1166,Absconding,True,10,True
7018,523496,3692,Absconding,True,7,True
7019,513723,4673,Absconding,True,7,True
7020,513723,731,Bail,False,0,True
7021,513723,3132,Bail,True,6,True
7022,513723,2543,Bail,False,0,True
7023,505108,952,Arrested,True,16,True
7024,505108,528,Absconding,True,7,True
7025,505108,4486,Arrested,False,0,True
7026,505108,4375,Absconding,True,15,True
7027,505108,1040,Arrested,False,0,True
7028,520913,1355,Bail,False,0,True
7029,520913,1630,Absconding,True,12,True
7030,520913,4652,Bail,True,5,True
7031,502174,3454,Arrested,False,0,True
7032,502174,3251,Unknown,False,0,True
7033,502174,3028,Arrested,False,0,True
7034,523449,4278,Absconding,False,0,True
7035,523449,3768,Unknown,True,7,True
7036,523449,1261,Absconding,False,0,True
7037,523449,1238,Arrested,True,7,True
7038,518216,2658,Absconding,True,4,True
7039,518216,4735,Arrested,False,0,True
7040,518216,3898,Absconding,True,5,True
7041,518216,569,Arrested,False,0,True
7042,518216,3654,Arrested,False,0,True
7043,518216,1864,Absconding,True,7,True
7044,514547,3585,Unknown,True,16,True
7045,514547,4027,Arrested,False,0,True
7046,514547,1523,Arrested,True,6,True
7047,514547,522,Arrested,True,20,True
7048,505514,1842,Unknown,True,1,True
7049,505514,2098,Bail,True,7,True
7050,505514,1025,Arrested,True,15,True
7051,521033,3555,Bail,False,0,True
7052,521033,3839,Absconding,False,0,True
7053,521033,2602,Arrested,False,0,True
7054,521001,3009,Absconding,True,18,True
7055,521001,1457,Arrested,False,0,True
7056,521001,2470,Absconding,True,4,True
7057,521001,946,Absconding,True,2,True
7058,521001,4585,Absconding,False,0,True
7059,521001,4029,Arrested,False,0,True
7060,522710,1221,Absconding,True,3,True
7061,522710,4482,Absconding,False,0,True
7062,522710,479,Arrested,False,0,True
7063,522710,1347,Arrested,False,0,True
7064,522710,959,Absconding,False,0,True
7065,515545,628,Arrested,False,0,True
7066,515545,3113,Absconding,True,2,True
7067,515545,306,Absconding,False,0,True
7068,515545,196,Bail,False,0,True
7069,515545,4,Arrested,False,0,True
7070,516848,267,Absconding,False,0,False
7071,516848,4778,Arrested,True,17,False
7072,516095,3378,Arrested,True,18,True
7073,516095,2246,Unknown,False,0,True
7074,516095,247,Unknown,False,0,True
7075,516095,3209,Bail,False,0,True
7076,504120,845,Absconding,True,12,True
7077,504120,3451,Arrested,True,1,True
7078,504120,3945,Absconding,True,7,True
7079,504120,2995,Bail,False,0,True
7080,504120,528,Absconding,False,0,True
7081,504120,4001,Arrested,False,0,True
7082,503419,4198,Unknown,False,0,True
7083,503419,472,Absconding,False,0,True
7084,503419,2189,Unknown,True,3,True
7085,503419,3607,Unknown,True,14,True
7086,503419,1848,Absconding,True,7,True
7087,524201,1654,Bail,False,0,False
7088,524201,4268,Arrested,False,0,False
7089,500036,4071,Absconding,False,0,True
7090,500036,4543,Bail,True,9,True
7091,500036,1668,Bail,True,8,True
7092,500036,4174,Absconding,False,0,True
7093,500036,4298,Absconding,False,0,True
7094,508212,4767,Unknown,True,10,True
7095,508212,1611,Unknown,True,8,True
7096,508212,1998,Bail,True,3,True
7097,508212,2024,Arrested,False,0,True
7098,508212,200,Bail,True,15,True
7099,504731,4519,Bail,True,13,True
7100,504731,3901,Unknown,False,0,True
7101,504731,1850,Absconding,False,0,True
7102,504731,93,Bail,False,0,True
7103,521259,3690,Unknown,True,11,False
7104,521259,170,Bail,False,0,False
7105,503185,2155,Bail,True,19,False
7106,503523,2377,Absconding,False,0,False
7107,503523,4395,Unknown,True,5,False
7108,502725,4244,Absconding,True,6,True
7109,502725,1593,Absconding,False,0,True
7110,502725,3097,Arrested,False,0,True
7111,502725,1475,Bail,False,0,True
7112,502725,2652,Unknown,True,3,True
7113,506428,4008,Arrested,True,1,True
7114,506428,2992,Bail,False,0,True
7115,506428,4348,Bail,True,12,True
7116,506428,2788,Bail,False,0,True
7117,506428,3884,Unknown,True,6,True
7118,506428,4936,Unknown,False,0,True
7119,517191,1752,Absconding,False,0,True
7120,517191,3704,Unknown,True,4,True
7121,517191,4261,Bail,False,0,True
7122,517191,4648,Bail,False,0,True
7123,521293,3756,Arrested,False,0,True
7124,521293,4112,Absconding,True,14,True
7125,521293,44,Absconding,True,19,True
7126,521293,3100,Bail,True,15,True
7127,514378,2794,Bail,True,11,True
7128,514378,761,Absconding,False,0,True
7129,514378,2555,Bail,True,3,True
7130,505385,452,Arrested,False,0,False
7131,505385,3591,Absconding,False,0,False
7132,505503,1608,Arrested,False,0,False
7133,520211,4697,Arrested,True,3,True
7134,520211,3942,Arrested,True,3,True
7135,520211,1794,Unknown,False,0,True
7136,520211,1151,Unknown,True,3,True
7137,520211,4182,Bail,False,0,True
7138,520211,4737,Bail,True,11,True
7139,520244,2752,Unknown,False,0,False
7140,515416,2711,Absconding,False,0,False
7141,501570,3535,Bail,False,0,False
7142,501570,12,Bail,False,0,False
7143,502233,459,Absconding,False,0,True
7144,502233,2409,Bail,True,2,True
7145,502233,4222,Arrested,True,3,True
7146,502233,446,Absconding,False,0,True
7147,518177,4032,Absconding,True,14,False
7148,503753,2237,Absconding,False,0,True
7149,503753,731,Absconding,True,11,True
7150,503753,2909,Absconding,False,0,True
7151,503753,3139,Bail,False,0,True
7152,510610,1630,Arrested,True,3,True
7153,510610,3852,Absconding,True,20,True
7154,510610,2516,Bail,False,0,True
7155,510610,1355,Bail,True,1,True
7156,510610,4845,Absconding,False,0,True
7157,510610,3770,Unknown,False,0,True
7158,523521,2039,Unknown,True,20,True
7159,523521,4531,Absconding,True,13,True
7160,523521,4480,Bail,False,0,True
7161,523521,3962,Bail,True,5,True
7162,513756,3557,Unknown,False,0,True
7163,513756,2495,Bail,True,20,True
7164,513756,4468,Arrested,True,19,True
7165,501384,4449,Bail,True,6,True
7166,501384,3430,Absconding,False,0,True
7167,501384,4107,Arrested,False,0,True
7168,501384,4451,Unknown,False,0,True
7169,501384,2236,Arrested,True,13,True
7170,501384,275,Arrested,False,0,True
7171,500912,4034,Bail,True,20,True
7172,500912,1495,Absconding,False,0,True
7173,500912,3056,Arrested,False,0,True
7174,500912,2457,Bail,False,0,True
7175,502153,2436,Absconding,True,1,True
7176,502153,519,Arrested,False,0,True
7177,502153,1024,Unknown,True,18,True
7178,502153,1883,Bail,False,0,True
7179,502153,463,Unknown,True,4,True
7180,515468,3271,Unknown,True,7,True
7181,515468,4652,Absconding,True,4,True
7182,515468,885,Arrested,False,0,True
7183,515468,1479,Arrested,True,17,True
7184,515468,3059,Absconding,True,11,True
7185,500460,3644,Absconding,True,16,True
7186,500460,29,Arrested,False,0,True
7187,500460,4896,Arrested,True,10,True
7188,500460,832,Arrested,False,0,True
7189,512142,2964,Arrested,True,16,True
7190,512142,573,Unknown,True,16,True
7191,512142,2847,Absconding,False,0,True
7192,504885,2744,Bail,False,0,True
7193,504885,479,Absconding,True,1,True
7194,504885,1615,Absconding,True,12,True
7195,504885,4068,Absconding,True,15,True
7196,504885,4814,Bail,True,9,True
7197,504885,4982,Unknown,True,10,True
7198,504772,716,Arrested,True,10,False
7199,504772,2654,Unknown,True,6,False
7200,509000,3398,Arrested,True,7,True
7201,509000,1442,Bail,False,0,True
7202,509000,2389,Bail,True,13,True
7203,509000,3180,Unknown,False,0,True
7204,509000,1689,Absconding,False,0,True
7205,509000,1,Absconding,True,10,True
7206,508281,1021,Arrested,False,0,True
7207,508281,2949,Unknown,True,3,True
7208,508281,2124,Absconding,True,10,True
7209,508281,4469,Unknown,True,4,True
7210,508281,2010,Bail,True,20,True
7211,504161,2907,Unknown,True,2,True
7212,504161,4621,Arrested,True,8,True
7213,504161,36,Bail,False,0,True
7214,504161,3012,Absconding,True,16,True
7215,515963,4577,Absconding,False,0,False
7216,515963,1432,Arrested,False,0,False
7217,502831,2402,Absconding,True,10,True
7218,502831,4641,Arrested,False,0,True
7219,502831,4253,Arrested,True,14,True
7220,502831,3015,Arrested,False,0,True
7221,522854,2638,Unknown,False,0,True
7222,522854,4800,Bail,True,1,True
7223,522854,554,Arrested,True,11,True
7224,522854,3356,Arrested,True,14,True
7225,522854,3511,Unknown,True,6,True
7226,505502,2895,Absconding,True,7,True
7227,505502,2481,Arrested,False,0,True
7228,505502,52,Absconding,True,1,True
7229,505502,1689,Arrested,False,0,True
7230,502813,485,Arrested,False,0,True
7231,502813,4998,Unknown,True,3,True
7232,502813,3431,Arrested,False,0,True
7233,502813,3771,Arrested,False,0,True
7234,502813,4804,Bail,False,0,True
7235,502813,4362,Unknown,True,2,True
7236,513974,1517,Absconding,False,0,True
7237,513974,3687,Bail,False,0,True
7238,513974,61,Absconding,False,0,True
7239,513974,2161,Arrested,True,17,True
7240,521991,1078,Unknown,True,15,True
7241,521991,2504,Bail,True,20,True
7242,521991,4228,Absconding,True,16,True
7243,521991,2291,Absconding,False,0,True
7244,523573,2795,Arrested,True,2,False
7245,523573,1626,Absconding,False,0,False
7246,515231,773,Unknown,True,3,True
7247,515231,2613,Arrested,True,18,True
7248,515231,154,Absconding,False,0,True
7249,517653,3937,Bail,False,0,True
7250,517653,3191,Bail,False,0,True
7251,517653,618,Absconding,False,0,True
7252,517653,1273,Unknown,False,0,True
7253,510077,4646,Bail,True,2,False
7254,510077,2271,Bail,False,0,False
7255,514243,1982,Unknown,True,3,False
7256,514243,1524,Absconding,True,3,False
7257,505228,123,Bail,False,0,True
7258,505228,2306,Absconding,True,10,True
7259,505228,3312,Arrested,False,0,True
7260,505228,124,Bail,False,0,True
7261,505228,4991,Unknown,True,13,True
7262,515181,1644,Absconding,False,0,True
7263,515181,3121,Unknown,True,3,True
7264,515181,2323,Arrested,True,13,True
7265,515181,2183,Arrested,True,16,True
7266,515181,1469,Arrested,False,0,True
7267,515181,375,Arrested,False,0,True
7268,512323,3634,Absconding,True,8,True
7269,512323,3896,Arrested,True,7,True
7270,512323,164,Unknown,False,0,True
7271,512323,1338,Unknown,False,0,True
7272,512323,3795,Arrested,False,0,True
7273,512323,3903,Unknown,True,7,True
7274,518683,2839,Arrested,True,14,True
7275,518683,384,Arrested,False,0,True
7276,518683,353,Bail,True,5,True
7277,501430,1283,Absconding,True,5,True
7278,501430,3734,Absconding,True,1,True
7279,501430,1370,Unknown,False,0,True
7280,501430,4780,Unknown,False,0,True
7281,501430,3562,Absconding,False,0,True
7282,510599,1443,Unknown,False,0,True
7283,510599,4690,Arrested,True,3,True
7284,510599,1251,Arrested,True,7,True
7285,510599,2517,Absconding,False,0,True
7286,510599,2532,Absconding,True,1,True
7287,510599,4680,Absconding,False,0,True
7288,513968,2184,Arrested,True,6,True
7289,513968,1152,Bail,True,9,True
7290,513968,4389,Unknown,False,0,True
7291,513968,2483,Absconding,False,0,True
7292,513968,1755,Arrested,False,0,True
7293,500675,3454,Absconding,True,11,True
7294,500675,3819,Bail,False,0,True
7295,500675,2353,Unknown,True,7,True
7296,500675,2117,Unknown,False,0,True
7297,500675,3127,Absconding,True,5,True
7298,500675,1497,Arrested,False,0,True
7299,508959,3385,Absconding,False,0,False
7300,502141,2117,Unknown,True,15,True
7301,502141,400,Bail,True,16,True
7302,502141,794,Arrested,False,0,True
7303,502141,2925,Unknown,False,0,True
7304,502141,3687,Arrested,True,7,True
7305,502141,4789,Arrested,True,18,True
7306,523935,514,Unknown,False,0,True
7307,523935,674,Absconding,True,7,True
7308,523935,1446,Bail,True,20,True
7309,500972,2097,Arrested,True,7,True
7310,500972,3810,Bail,False,0,True
7311,500972,2103,Arrested,True,14,True
7312,520709,4746,Bail,True,13,False
7313,520709,143,Bail,True,2,False
7314,515927,428,Arrested,False,0,False
7315,510464,4264,Unknown,True,7,True
7316,510464,2775,Absconding,True,20,True
7317,510464,3452,Bail,False,0,True
7318,510464,1295,Bail,False,0,True
7319,521287,2476,Absconding,True,2,True
7320,521287,1425,Bail,True,17,True
7321,521287,3072,Arrested,True,6,True
7322,521287,4387,Bail,True,13,True
7323,515953,1297,Absconding,False,0,True
7324,515953,1450,Absconding,False,0,True
7325,515953,4410,Absconding,True,16,True
7326,512794,1506,Absconding,True,19,False
7327,511228,406,Absconding,True,1,True
7328,511228,193,Unknown,True,2,True
7329,511228,2211,Unknown,True,6,True
7330,511228,4837,Absconding,False,0,True
7331,520166,4599,Absconding,True,1,True
7332,520166,307,Bail,True,1,True
7333,520166,1051,Bail,True,15,True
7334,520166,3728,Bail,True,13,True
7335,520166,993,Bail,True,17,True
7336,520166,654,Absconding,False,0,True
7337,503024,736,Arrested,True,5,True
7338,503024,4192,Absconding,True,1,True
7339,503024,626,Arrested,True,15,True
7340,503024,463,Unknown,False,0,True
7341,502146,3728,Absconding,False,0,False
7342,506333,4488,Bail,True,2,False
7343,506333,2943,Unknown,False,0,False
7344,521396,2608,Absconding,False,0,False
7345,516818,2803,Unknown,False,0,True
7346,516818,4627,Unknown,False,0,True
7347,516818,617,Arrested,True,11,True
7348,516818,1294,Arrested,True,2,True
7349,523812,2470,Arrested,False,0,True
7350,523812,3356,Bail,True,15,True
7351,523812,2657,Arrested,True,19,True
7352,523812,1928,Bail,False,0,True
7353,501607,4302,Absconding,False,0,True
7354,501607,4881,Absconding,False,0,True
7355,501607,4752,Absconding,True,7,True
7356,524363,1374,Unknown,False,0,False
7357,524363,3007,Arrested,False,0,False
7358,503028,465,Unknown,False,0,True
7359,503028,2450,Arrested,True,2,True
7360,503028,619,Arrested,True,6,True
7361,513358,3250,Absconding,True,13,True
7362,513358,473,Absconding,False,0,True
7363,513358,4036,Bail,False,0,True
7364,513358,2557,Arrested,False,0,True
7365,513358,1979,Bail,False,0,True
7366,517389,3202,Arrested,False,0,False
7367,517389,4758,Absconding,True,19,False
7368,520170,4514,Arrested,False,0,True
7369,520170,364,Arrested,True,14,True
7370,520170,3659,Arrested,False,0,True
7371,520170,1955,Unknown,True,6,True
7372,516582,4444,Arrested,False,0,True
7373,516582,4851,Unknown,False,0,True
7374,516582,1469,Bail,False,0,True
7375,516582,957,Unknown,True,16,True
7376,516582,4726,Arrested,True,17,True
7377,519843,1575,Arrested,False,0,True
7378,519843,4335,Unknown,False,0,True
7379,519843,4939,Absconding,False,0,True
7380,519843,2509,Unknown,True,5,True
7381,519843,4740,Absconding,False,0,True
7382,519843,2292,Absconding,False,0,True
7383,506235,663,Bail,True,3,True
7384,506235,980,Unknown,True,9,True
7385,506235,2474,Bail,True,8,True
7386,506235,4365,Bail,True,5,True
7387,506235,346,Arrested,True,6,True
7388,509608,1639,Bail,True,15,True
7389,509608,4388,Arrested,True,5,True
7390,509608,662,Unknown,True,19,True
7391,509608,491,Arrested,True,19,True
7392,509608,2145,Unknown,False,0,True
7393,509148,1683,Unknown,False,0,True
7394,509148,2560,Arrested,False,0,True
7395,509148,4434,Bail,True,14,True
7396,509148,3932,Arrested,False,0,True
7397,515911,4662,Arrested,True,6,True
7398,515911,757,Absconding,False,0,True
7399,515911,3911,Absconding,True,18,True
7400,515911,4084,Unknown,True,20,True
7401,513552,1663,Bail,True,10,True
7402,513552,2246,Absconding,True,18,True
7403,513552,2598,Bail,True,14,True
7404,513552,4807,Unknown,False,0,True
7405,511947,334,Bail,False,0,False
7406,511947,2496,Unknown,True,17,False
7407,507780,2862,Unknown,True,4,False
7408,503533,3305,Absconding,True,9,True
7409,503533,2238,Absconding,True,4,True
7410,503533,1693,Unknown,True,9,True
7411,503533,1413,Arrested,False,0,True
7412,513171,725,Unknown,False,0,True
7413,513171,2790,Unknown,True,15,True
7414,513171,4403,Bail,True,20,True
7415,508088,3861,Absconding,False,0,True
7416,508088,1028,Arrested,True,8,True
7417,508088,915,Absconding,False,0,True
7418,508088,760,Unknown,False,0,True
7419,508088,3350,Arrested,False,0,True
7420,523404,4264,Arrested,True,3,False
7421,507176,3007,Absconding,False,0,False
7422,511880,3123,Arrested,False,0,False
7423,520037,623,Bail,True,17,True
7424,520037,4129,Unknown,True,19,True
7425,520037,668,Absconding,False,0,True
7426,514207,4154,Absconding,False,0,True
7427,514207,3162,Bail,False,0,True
7428,514207,3615,Bail,False,0,True
7429,508171,1904,Arrested,False,0,False
7430,522586,2346,Absconding,False,0,True
7431,522586,1978,Absconding,True,17,True
7432,522586,441,Unknown,False,0,True
7433,522586,2718,Absconding,False,0,True
7434,522586,2836,Arrested,True,4,True
7435,512883,647,Unknown,True,2,False
7436,502223,2155,Absconding,True,5,True
7437,502223,3827,Bail,True,8,True
7438,502223,3704,Arrested,False,0,True
7439,502223,1550,Bail,True,12,True
7440,502223,4112,Arrested,True,16,True
7441,508145,3667,Unknown,True,9,False
7442,512388,1660,Arrested,True,16,True
7443,512388,2164,Bail,True,13,True
7444,512388,248,Bail,False,0,True
7445,512388,2351,Absconding,False,0,True
7446,512388,3606,Absconding,True,2,True
7447,512388,4015,Absconding,True,18,True
7448,524569,3453,Bail,True,11,True
7449,524569,125,Absconding,False,0,True
7450,524569,1726,Bail,True,3,True
7451,504505,97,Arrested,True,15,True
7452,504505,2775,Arrested,False,0,True
7453,504505,157,Arrested,True,3,True
7454,504505,4302,Absconding,True,11,True
7455,515312,4283,Bail,False,0,True
7456,515312,251,Absconding,False,0,True
7457,515312,2762,Unknown,True,3,True
7458,511236,4400,Unknown,True,2,True
7459,511236,1825,Absconding,True,4,True
7460,511236,2600,Bail,True,12,True
7461,511236,4882,Absconding,True,4,True
7462,518506,575,Arrested,False,0,False
7463,503231,4586,Unknown,True,6,True
7464,503231,259,Arrested,False,0,True
7465,503231,1107,Absconding,False,0,True
7466,522337,2225,Unknown,False,0,True
7467,522337,2802,Unknown,True,14,True
7468,522337,1016,Unknown,True,1,True
7469,522337,1038,Unknown,True,19,True
7470,522337,4719,Bail,False,0,True
7471,508833,4543,Arrested,False,0,True
7472,508833,3587,Arrested,True,5,True
7473,508833,2212,Arrested,False,0,True
7474,513029,3902,Arrested,True,15,True
7475,513029,1014,Bail,True,14,True
7476,513029,2733,Arrested,True,1,True
7477,513029,1281,Arrested,False,0,True
7478,513029,760,Arrested,False,0,True
7479,513029,1412,Bail,True,13,True
7480,504389,2941,Arrested,False,0,True
7481,504389,442,Arrested,False,0,True
7482,504389,1949,Absconding,False,0,True
7483,504389,451,Bail,False,0,True
7484,504389,1372,Unknown,True,14,True
7485,504389,2828,Unknown,True,1,True
7486,511554,3673,Bail,False,0,False
7487,508279,749,Absconding,True,2,False
7488,508279,2573,Absconding,False,0,False
7489,501633,4108,Unknown,False,0,False
7490,507232,2707,Bail,False,0,False
7491,517892,4940,Unknown,True,7,False
7492,517892,4553,Absconding,False,0,False
7493,503112,3759,Unknown,True,17,True
7494,503112,3405,Unknown,True,11,True
7495,503112,928,Arrested,False,0,True
7496,520527,4228,Arrested,False,0,False
7497,511425,4936,Unknown,False,0,False
7498,503965,1427,Unknown,False,0,True
7499,503965,736,Unknown,False,0,True
7500,503965,1653,Arrested,False,0,True
7501,503965,3409,Absconding,True,4,True
7502,503965,1165,Absconding,False,0,True
7503,503965,2091,Bail,True,10,True
7504,505529,2802,Arrested,True,9,False
7505,500467,209,Arrested,True,12,False
7506,519264,54,Absconding,False,0,False
7507,519264,293,Unknown,False,0,False
7508,502271,3877,Unknown,True,14,False
7509,502271,2177,Bail,False,0,False
7510,506036,2235,Arrested,True,16,True
7511,506036,1585,Unknown,True,7,True
7512,506036,4227,Bail,True,12,True
7513,519675,1963,Absconding,False,0,True
7514,519675,2537,Unknown,True,6,True
7515,519675,2155,Absconding,False,0,True
7516,519675,2534,Bail,True,19,True
7517,518924,598,Unknown,False,0,True
7518,518924,3093,Bail,True,10,True
7519,518924,1097,Absconding,True,11,True
7520,518924,4631,Bail,True,2,True
7521,512695,4164,Arrested,True,1,True
7522,512695,3560,Absconding,False,0,True
7523,512695,142,Unknown,False,0,True
7524,512695,434,Absconding,True,2,True
7525,512695,2833,Absconding,False,0,True
7526,516688,4570,Arrested,True,1,True
7527,516688,80,Bail,True,2,True
7528,516688,4991,Unknown,False,0,True
7529,516688,2949,Arrested,False,0,True
7530,516688,1044,Absconding,True,7,True
7531,516688,1543,Bail,False,0,True
7532,506246,814,Bail,False,0,True
7533,506246,1722,Unknown,True,9,True
7534,506246,3337,Arrested,False,0,True
7535,506246,264,Arrested,True,13,True
7536,515742,2611,Arrested,False,0,True
7537,515742,4259,Unknown,True,15,True
7538,515742,1059,Arrested,False,0,True
7539,515742,266,Bail,True,15,True
7540,515742,3492,Arrested,False,0,True
7541,519919,3026,Unknown,False,0,False
7542,505981,4428,Unknown,False,0,True
7543,505981,4878,Arrested,False,0,True
7544,505981,1054,Unknown,False,0,True
7545,505981,4035,Arrested,False,0,True
7546,515171,2141,Bail,True,8,True
7547,515171,1267,Bail,True,2,True
7548,515171,773,Arrested,False,0,True
7549,515171,2744,Bail,True,7,True
7550,515171,4368,Bail,False,0,True
7551,515171,4648,Unknown,False,0,True
7552,504297,2835,Bail,True,6,True
7553,504297,416,Absconding,False,0,True
7554,504297,3622,Unknown,False,0,True
7555,504297,131,Absconding,False,0,True
7556,504297,4373,Absconding,True,6,True
7557,507894,3566,Absconding,True,4,True
7558,507894,1993,Absconding,False,0,True
7559,507894,597,Bail,False,0,True
7560,507894,1871,Unknown,False,0,True
7561,501581,8,Bail,True,6,True
7562,501581,2457,Unknown,True,4,True
7563,501581,2940,Arrested,False,0,True
7564,501581,1188,Arrested,True,16,True
7565,519303,1467,Arrested,False,0,False
7566,520557,1844,Arrested,True,8,False
7567,520557,2193,Unknown,True,11,False
7568,507113,1749,Arrested,False,0,False
7569,507113,432,Absconding,False,0,False
7570,503593,885,Absconding,True,17,True
7571,503593,4160,Absconding,False,0,True
7572,503593,2332,Absconding,False,0,True
7573,508715,4570,Absconding,False,0,False
7574,508715,4080,Unknown,False,0,False
7575,502741,3865,Bail,False,0,True
7576,502741,1208,Absconding,False,0,True
7577,502741,254,Unknown,False,0,True
7578,502741,1861,Unknown,False,0,True
7579,502741,740,Absconding,False,0,True
7580,502741,4261,Absconding,True,2,True
7581,500845,392,Arrested,True,6,True
7582,500845,384,Unknown,True,18,True
7583,500845,3466,Unknown,True,2,True
7584,500845,2003,Bail,False,0,True
7585,500845,1728,Unknown,False,0,True
7586,500845,368,Unknown,True,15,True
7587,522373,4900,Absconding,True,20,True
7588,522373,2561,Arrested,True,3,True
7589,522373,2555,Absconding,False,0,True
7590,513923,4145,Arrested,False,0,True
7591,513923,2778,Absconding,True,20,True
7592,513923,2048,Unknown,False,0,True
7593,513923,3032,Absconding,True,7,True
7594,511888,1382,Arrested,False,0,False
7595,506949,3751,Unknown,True,2,False
7596,506949,2557,Absconding,False,0,False
7597,502309,57,Absconding,True,3,False
7598,502309,4813,Unknown,True,2,False
7599,501399,1785,Arrested,True,4,True
7600,501399,601,Arrested,True,8,True
7601,501399,1411,Arrested,False,0,True
7602,508953,1246,Bail,False,0,True
7603,508953,3663,Bail,True,5,True
7604,508953,4846,Arrested,True,15,True
7605,500122,4556,Arrested,False,0,False
7606,510698,300,Arrested,True,10,True
7607,510698,2227,Arrested,True,13,True
7608,510698,353,Absconding,False,0,True
7609,510698,1852,Arrested,True,15,True
7610,523126,3272,Unknown,False,0,True
7611,523126,1942,Arrested,False,0,True
7612,523126,3277,Bail,False,0,True
7613,523126,3651,Unknown,True,19,True
7614,523126,4907,Bail,True,16,True
7615,523126,3197,Bail,False,0,True
7616,519495,4660,Unknown,False,0,True
7617,519495,527,Arrested,False,0,True
7618,519495,2574,Unknown,True,17,True
7619,505188,363,Absconding,True,17,True
7620,505188,36,Unknown,False,0,True
7621,505188,1241,Bail,True,7,True
7622,505188,1366,Arrested,False,0,True
7623,505188,3402,Absconding,False,0,True
7624,505188,1446,Bail,False,0,True
7625,503617,1127,Unknown,False,0,False
7626,505020,2973,Bail,False,0,False
7627,506629,389,Unknown,False,0,True
7628,506629,2889,Arrested,True,13,True
7629,506629,4721,Bail,False,0,True
7630,506629,4037,Absconding,False,0,True
7631,506629,2697,Unknown,True,20,True
7632,505858,4868,Arrested,True,10,True
7633,505858,2709,Bail,True,9,True
7634,505858,4387,Arrested,True,6,True
7635,505858,4597,Arrested,True,8,True
7636,516800,4899,Bail,False,0,True
7637,516800,540,Bail,True,11,True
7638,516800,1262,Bail,True,10,True
7639,516800,3367,Unknown,True,4,True
7640,516800,2353,Arrested,True,16,True
7641,514820,344,Absconding,True,16,True
7642,514820,2431,Absconding,True,16,True
7643,514820,3876,Unknown,True,9,True
7644,514820,1105,Bail,False,0,True
7645,514820,1563,Absconding,True,7,True
7646,517220,4337,Unknown,False,0,False
7647,517220,3611,Unknown,False,0,False
7648,510440,4168,Bail,True,4,True
7649,510440,2577,Absconding,True,10,True
7650,510440,4486,Unknown,False,0,True
7651,520496,4997,Absconding,True,8,False
7652,524307,2046,Unknown,True,2,True
7653,524307,4478,Arrested,False,0,True
7654,524307,3288,Bail,False,0,True
7655,524307,155,Arrested,False,0,True
7656,524307,4542,Absconding,True,5,True
7657,524307,2835,Arrested,True,15,True
7658,502387,2836,Arrested,False,0,True
7659,502387,183,Absconding,False,0,True
7660,502387,4468,Arrested,True,9,True
7661,502202,4626,Arrested,True,19,False
7662,509247,342,Unknown,False,0,True
7663,509247,490,Bail,False,0,True
7664,509247,4602,Absconding,False,0,True
7665,509247,4756,Unknown,True,4,True
7666,520697,3828,Absconding,True,2,True
7667,520697,3736,Absconding,False,0,True
7668,520697,2860,Arrested,True,3,True
7669,520697,3321,Absconding,True,11,True
7670,520697,4909,Bail,True,17,True
7671,520697,235,Arrested,False,0,True
7672,514884,1772,Bail,True,6,True
7673,514884,495,Bail,True,6,True
7674,514884,4316,Bail,False,0,True
7675,514884,4130,Bail,True,18,True
7676,514884,4148,Bail,False,0,True
7677,514884,4587,Absconding,False,0,True
7678,511301,4382,Unknown,False,0,False
7679,511301,4132,Bail,True,10,False
7680,519557,3384,Absconding,True,2,True
7681,519557,3,Arrested,True,2,True
7682,519557,4817,Absconding,True,3,True
7683,519557,1608,Arrested,True,18,True
7684,519557,4525,Arrested,True,10,True
7685,519557,4702,Arrested,False,0,True
7686,504689,4772,Bail,False,0,True
7687,504689,4874,Unknown,False,0,True
7688,504689,1520,Absconding,False,0,True
7689,504689,1806,Arrested,False,0,True
7690,504689,3858,Arrested,True,12,True
7691,516260,675,Bail,False,0,False
7692,520395,2245,Absconding,True,18,False
7693,502605,2643,Absconding,False,0,True
7694,502605,887,Arrested,True,4,True
7695,502605,697,Absconding,False,0,True
7696,502605,808,Arrested,True,13,True
7697,524957,3622,Absconding,True,14,True
7698,524957,3327,Bail,True,14,True
7699,524957,1848,Absconding,False,0,True
7700,510672,613,Unknown,False,0,False
7701,510672,4595,Bail,False,0,False
7702,503922,1760,Arrested,True,8,True
7703,503922,1605,Arrested,True,18,True
7704,503922,1807,Bail,True,10,True
7705,521179,6,Unknown,True,20,False
7706,503483,2098,Arrested,True,7,False
7707,503483,3036,Arrested,False,0,False
7708,519228,2636,Unknown,False,0,False
7709,511582,3813,Absconding,True,8,True
7710,511582,1746,Bail,True,7,True
7711,511582,4802,Absconding,True,15,True
7712,511582,2341,Absconding,True,11,True
7713,511582,3731,Absconding,False,0,True
7714,511582,2632,Absconding,False,0,True
7715,502421,665,Bail,False,0,False
7716,502421,4276,Absconding,True,5,False
7717,501963,3082,Unknown,False,0,False
7718,501963,4983,Unknown,False,0,False
7719,514910,1208,Unknown,False,0,True
7720,514910,47,Arrested,False,0,True
7721,514910,3802,Arrested,False,0,True
7722,514910,530,Absconding,True,4,True
7723,514910,779,Absconding,False,0,True
7724,520641,1606,Bail,True,10,True
7725,520641,4467,Arrested,True,20,True
7726,520641,924,Bail,False,0,True
7727,520641,382,Bail,True,2,True
7728,520641,1093,Absconding,False,0,True
7729,510330,1642,Arrested,False,0,True
7730,510330,759,Bail,False,0,True
7731,510330,915,Bail,False,0,True
7732,510330,2395,Bail,True,5,True
7733,510330,3770,Arrested,True,9,True
7734,503841,2989,Bail,True,19,True
7735,503841,2022,Bail,False,0,True
7736,503841,348,Arrested,True,17,True
7737,503841,2040,Unknown,False,0,True
7738,506282,4481,Bail,False,0,False
7739,502291,8,Bail,True,19,True
7740,502291,1784,Arrested,True,9,True
7741,502291,4455,Unknown,False,0,True
7742,502291,4312,Absconding,True,16,True
7743,524984,2170,Arrested,True,4,True
7744,524984,227,Unknown,True,6,True
7745,524984,2989,Unknown,False,0,True
7746,524984,1449,Absconding,False,0,True
7747,523181,2253,Bail,False,0,False
7748,523181,3631,Unknown,False,0,False
7749,510398,1884,Unknown,False,0,True
7750,510398,4827,Absconding,True,13,True
7751,510398,3849,Unknown,True,18,True
7752,510398,4695,Bail,False,0,True
7753,510398,2546,Unknown,False,0,True
7754,510398,1330,Absconding,True,14,True
7755,523439,1167,Arrested,True,3,False
7756,523439,1672,Bail,True,14,False
7757,515653,1724,Absconding,False,0,True
7758,515653,2801,Absconding,False,0,True
7759,515653,3291,Unknown,False,0,True
7760,515653,3725,Absconding,False,0,True
7761,523410,707,Unknown,False,0,True
7762,523410,3399,Arrested,True,9,True
7763,523410,195,Arrested,True,1,True
7764,523410,3371,Absconding,False,0,True
7765,523410,3428,Arrested,True,20,True
7766,517115,809,Bail,False,0,True
7767,517115,4715,Absconding,True,2,True
7768,517115,3203,Bail,True,12,True
7769,517115,2484,Absconding,True,15,True
7770,517115,3141,Unknown,False,0,True
7771,510665,643,Unknown,True,19,True
7772,510665,4401,Arrested,False,0,True
7773,510665,2751,Unknown,True,20,True
7774,524054,3954,Arrested,False,0,True
7775,524054,1255,Arrested,False,0,True
7776,524054,4732,Unknown,True,17,True
7777,524054,4670,Arrested,True,17,True
7778,524054,716,Unknown,False,0,True
7779,519016,4360,Absconding,False,0,False
7780,502711,3285,Bail,False,0,True
7781,502711,3557,Bail,True,13,True
7782,502711,3269,Absconding,False,0,True
7783,502711,4271,Unknown,True,5,True
7784,502711,4986,Absconding,False,0,True
7785,502711,3145,Absconding,False,0,True
7786,518248,3641,Absconding,True,4,True
7787,518248,1842,Bail,True,9,True
7788,518248,2178,Arrested,False,0,True
7789,519488,3274,Bail,True,1,True
7790,519488,4800,Arrested,True,10,True
7791,519488,2549,Arrested,False,0,True
7792,515187,4176,Unknown,False,0,False
7793,517800,2653,Unknown,True,12,False
7794,517800,3782,Absconding,True,3,False
7795,504967,160,Unknown,False,0,True
7796,504967,2271,Bail,False,0,True
7797,504967,518,Absconding,True,16,True
7798,504967,3917,Absconding,True,10,True
7799,506907,2932,Bail,False,0,True
7800,506907,981,Unknown,False,0,True
7801,506907,257,Unknown,True,19,True
7802,506907,1085,Absconding,False,0,True
7803,506907,760,Bail,True,11,True
7804,509359,1437,Unknown,False,0,True
7805,509359,4067,Arrested,True,8,True
7806,509359,4042,Arrested,True,19,True
7807,522031,2291,Bail,False,0,True
7808,522031,208,Absconding,False,0,True
7809,522031,3376,Absconding,True,17,True
7810,522031,1563,Unknown,True,10,True
7811,522031,12,Bail,False,0,True
7812,522031,3808,Unknown,False,0,True
7813,519092,2639,Unknown,True,12,True
7814,519092,3469,Arrested,True,8,True
7815,519092,4637,Bail,True,1,True
7816,520069,680,Absconding,True,5,False
7817,515943,25,Unknown,True,18,False
7818,515943,1692,Arrested,True,19,False
7819,505069,3177,Arrested,True,2,True
7820,505069,1669,Absconding,False,0,True
7821,505069,4471,Arrested,True,2,True
7822,505069,4539,Arrested,False,0,True
7823,517580,3566,Absconding,True,11,True
7824,517580,551,Unknown,True,5,True
7825,517580,2842,Absconding,True,16,True
7826,521647,1736,Bail,True,15,True
7827,521647,2396,Bail,True,7,True
7828,521647,1730,Absconding,True,1,True
7829,521647,1717,Arrested,False,0,True
7830,521647,2139,Bail,False,0,True
7831,513986,3764,Arrested,True,15,False
7832,513986,4512,Unknown,False,0,False
7833,501351,4116,Arrested,True,3,False
7834,522017,1283,Unknown,True,8,True
7835,522017,792,Absconding,True,6,True
7836,522017,3978,Bail,False,0,True
7837,522017,4579,Arrested,False,0,True
7838,522017,3205,Absconding,True,19,True
7839,522017,4994,Absconding,True,16,True
7840,508239,3306,Unknown,False,0,True
7841,508239,2639,Unknown,True,14,True
7842,508239,3765,Unknown,True,16,True
7843,508239,822,Arrested,False,0,True
7844,508239,151,Unknown,True,4,True
7845,508239,248,Unknown,True,15,True
7846,506632,4451,Unknown,False,0,False
7847,506632,4170,Arrested,True,12,False
7848,504456,4444,Bail,False,0,True
7849,504456,1866,Unknown,False,0,True
7850,504456,162,Unknown,False,0,True
7851,504456,2398,Bail,False,0,True
7852,504456,3183,Bail,True,3,True
7853,504456,3800,Arrested,True,20,True
7854,509034,4836,Bail,True,16,True
7855,509034,871,Bail,False,0,True
7856,509034,3726,Unknown,True,5,True
7857,509034,3517,Bail,False,0,True
7858,509034,1082,Unknown,True,5,True
7859,500169,1187,Absconding,True,6,False
7860,504575,2038,Arrested,True,16,True
7861,504575,4121,Bail,True,13,True
7862,504575,4560,Bail,True,14,True
7863,504575,1286,Absconding,True,2,True
7864,504575,586,Bail,False,0,True
7865,504619,1867,Arrested,True,15,True
7866,504619,1642,Unknown,True,10,True
7867,504619,307,Arrested,True,16,True
7868,504619,513,Arrested,True,15,True
7869,504619,1946,Unknown,False,0,True
7870,504619,4298,Arrested,True,4,True
7871,505513,1185,Bail,True,2,True
7872,505513,56,Absconding,False,0,True
7873,505513,1214,Arrested,True,18,True
7874,505513,3265,Bail,False,0,True
7875,522578,4574,Unknown,True,15,False
7876,514222,1490,Unknown,True,3,True
7877,514222,1864,Absconding,False,0,True
7878,514222,3036,Unknown,False,0,True
7879,514222,2420,Arrested,False,0,True
7880,514222,3549,Unknown,True,13,True
7881,514222,2976,Arrested,True,6,True
7882,505554,1762,Arrested,False,0,True
7883,505554,2470,Absconding,True,5,True
7884,505554,3694,Unknown,True,8,True
7885,514661,590,Bail,True,1,True
7886,514661,2135,Unknown,False,0,True
7887,514661,1800,Absconding,True,4,True
7888,514661,1644,Arrested,False,0,True
7889,514661,1456,Arrested,True,12,True
7890,514661,4113,Arrested,True,16,True
7891,514065,4132,Absconding,False,0,True
7892,514065,2114,Bail,False,0,True
7893,514065,3861,Unknown,True,9,True
7894,514065,1033,Unknown,False,0,True
7895,516639,3554,Absconding,True,13,False
7896,516639,2920,Unknown,False,0,False
7897,524035,1779,Absconding,True,4,False
7898,501412,4038,Bail,False,0,True
7899,501412,86,Absconding,False,0,True
7900,501412,746,Bail,False,0,True
7901,502684,1071,Arrested,True,7,False
7902,508310,4243,Arrested,False,0,False
7903,508310,2066,Absconding,False,0,False
7904,519360,3005,Unknown,True,2,True
7905,519360,4456,Bail,False,0,True
7906,519360,1331,Unknown,False,0,True
7907,519360,2764,Absconding,False,0,True
7908,519360,4992,Bail,True,7,True
7909,519360,3089,Arrested,True,6,True
7910,522394,2348,Arrested,False,0,False
7911,520143,1545,Unknown,False,0,False
7912,520143,1132,Absconding,True,5,False
7913,502506,2410,Bail,False,0,True
7914,502506,204,Arrested,True,12,True
7915,502506,598,Bail,True,14,True
7916,506420,1094,Absconding,True,16,True
7917,506420,3169,Bail,False,0,True
7918,506420,413,Bail,True,4,True
7919,504825,2609,Absconding,True,14,False
7920,504825,1177,Bail,True,9,False
7921,516043,3593,Bail,True,20,True
7922,516043,1086,Unknown,False,0,True
7923,516043,69,Bail,False,0,True
7924,516043,3070,Bail,True,10,True
7925,516043,32,Arrested,True,18,True
7926,508059,3532,Unknown,False,0,False
7927,524694,1163,Arrested,True,8,True
7928,524694,3399,Arrested,False,0,True
7929,524694,4501,Unknown,True,12,True
7930,524694,2374,Unknown,False,0,True
7931,511769,3776,Absconding,False,0,True
7932,511769,3958,Absconding,False,0,True
7933,511769,2702,Absconding,False,0,True
7934,511769,4315,Bail,True,7,True
7935,511769,3590,Arrested,False,0,True
7936,518548,3840,Absconding,False,0,True
7937,518548,4580,Absconding,True,6,True
7938,518548,3471,Arrested,False,0,True
7939,515812,3727,Unknown,True,5,True
7940,515812,1473,Unknown,False,0,True
7941,515812,2752,Bail,False,0,True
7942,515812,3919,Absconding,True,9,True
7943,515812,4741,Arrested,False,0,True
7944,515812,521,Unknown,False,0,True
7945,521967,758,Absconding,True,7,False
7946,510494,1226,Unknown,False,0,False
7947,510494,1253,Bail,True,14,False
7948,503669,2005,Unknown,True,6,False
7949,503669,1828,Arrested,True,10,False
7950,506443,2402,Arrested,True,20,True
7951,506443,4315,Absconding,True,4,True
7952,506443,93,Absconding,True,20,True
7953,522831,1208,Bail,True,5,False
7954,522831,3375,Unknown,False,0,False
7955,509802,1874,Arrested,True,14,False
7956,509802,3344,Arrested,False,0,False
7957,501028,2100,Unknown,False,0,True
7958,501028,2027,Absconding,True,14,True
7959,501028,1382,Arrested,False,0,True
7960,501028,4499,Arrested,True,3,True
7961,519758,3869,Bail,True,19,True
7962,519758,2647,Unknown,False,0,True
7963,519758,2230,Absconding,True,5,True
7964,517547,2091,Arrested,False,0,True
7965,517547,2295,Absconding,True,13,True
7966,517547,4693,Absconding,False,0,True
7967,517547,1450,Bail,False,0,True
7968,517547,1306,Unknown,False,0,True
7969,506180,1246,Arrested,False,0,True
7970,506180,2187,Bail,True,1,True
7971,506180,4890,Bail,True,10,True
7972,506180,225,Absconding,True,1,True
7973,505720,2918,Arrested,True,18,True
7974,505720,1585,Absconding,False,0,True
7975,505720,1705,Absconding,True,20,True
7976,505720,4443,Unknown,False,0,True
7977,518265,1642,Arrested,False,0,False
7978,500656,1986,Arrested,True,4,True
7979,500656,2198,Bail,True,1,True
7980,500656,1565,Unknown,False,0,True
7981,508514,3555,Unknown,False,0,False
7982,508514,922,Bail,True,5,False
7983,515556,1259,Absconding,True,17,True
7984,515556,4389,Unknown,False,0,True
7985,515556,3447,Arrested,False,0,True
7986,524720,2540,Bail,False,0,False
7987,514772,3425,Arrested,False,0,False
7988,503560,1015,Absconding,True,2,True
7989,503560,1270,Bail,False,0,True
7990,503560,1749,Unknown,True,14,True
7991,503560,1343,Absconding,False,0,True
7992,503560,2993,Absconding,True,5,True
7993,505517,2619,Unknown,True,14,False
7994,505517,4436,Arrested,False,0,False
7995,519663,4529,Arrested,False,0,True
7996,519663,1740,Bail,False,0,True
7997,519663,3908,Arrested,False,0,True
7998,519663,3639,Bail,True,11,True
7999,502529,4731,Bail,True,5,True
8000,502529,3515,Arrested,True,11,True
8001,502529,565,Absconding,False,0,True
8002,502529,4090,Absconding,True,5,True
8003,502529,1610,Absconding,True,1,True
8004,520844,3173,Arrested,True,10,False
8005,507133,3537,Bail,False,0,True
8006,507133,1288,Absconding,False,0,True
8007,507133,369,Absconding,False,0,True
8008,507133,2578,Absconding,False,0,True
8009,507133,1470,Arrested,True,7,True
8010,507133,3303,Absconding,True,2,True
8011,509335,281,Unknown,True,6,True
8012,509335,3360,Unknown,True,7,True
8013,509335,1476,Bail,True,2,True
8014,509335,2090,Absconding,True,10,True
8015,522176,751,Unknown,True,18,False
8016,500279,1763,Unknown,False,0,True
8017,500279,1707,Arrested,True,20,True
8018,500279,4961,Unknown,False,0,True
8019,500279,2339,Bail,False,0,True
8020,500279,4185,Absconding,False,0,True
8021,517993,588,Arrested,True,16,True
8022,517993,1270,Unknown,False,0,True
8023,517993,4789,Bail,False,0,True
8024,517993,3259,Absconding,True,10,True
8025,517993,1431,Arrested,False,0,True
8026,514804,3478,Unknown,True,3,True
8027,514804,868,Bail,True,3,True
8028,514804,2986,Absconding,True,1,True
8029,514804,3422,Arrested,False,0,True
8030,514804,2382,Absconding,False,0,True
8031,520983,297,Unknown,False,0,True
8032,520983,1012,Unknown,False,0,True
8033,520983,1048,Bail,True,14,True
8034,520983,2087,Bail,False,0,True
8035,520983,3900,Absconding,True,2,True
8036,520983,4985,Absconding,False,0,True
8037,520482,4396,Arrested,True,18,True
8038,520482,1191,Absconding,False,0,True
8039,520482,3190,Unknown,True,9,True
8040,520482,3690,Bail,True,10,True
8041,520482,397,Absconding,True,8,True
8042,520482,1577,Bail,True,7,True
8043,501636,3596,Bail,False,0,True
8044,501636,4061,Arrested,False,0,True
8045,501636,3365,Absconding,True,6,True
8046,501636,522,Arrested,True,4,True
8047,501636,1792,Arrested,True,20,True
8048,501636,4006,Absconding,False,0,True
8049,505100,445,Unknown,True,9,False
8050,505100,3016,Absconding,True,2,False
8051,503781,3645,Unknown,True,6,True
8052,503781,1443,Bail,True,18,True
8053,503781,1354,Absconding,True,2,True
8054,503781,2423,Bail,True,3,True
8055,504686,1608,Unknown,False,0,False
8056,519470,1253,Bail,False,0,True
8057,519470,3362,Bail,False,0,True
8058,519470,2233,Bail,False,0,True
8059,519470,2261,Unknown,False,0,True
8060,519470,1674,Bail,False,0,True
8061,503586,1778,Unknown,True,3,True
8062,503586,3600,Absconding,True,9,True
8063,503586,1877,Bail,False,0,True
8064,503586,995,Unknown,True,7,True
8065,503586,1006,Unknown,False,0,True
8066,503586,2725,Absconding,True,15,True
8067,523582,1494,Absconding,False,0,False
8068,502814,3062,Bail,True,4,True
8069,502814,3939,Unknown,True,16,True
8070,502814,4283,Arrested,False,0,True
8071,502814,1869,Absconding,False,0,True
8072,502814,2066,Unknown,True,18,True
8073,509932,2369,Absconding,False,0,True
8074,509932,1710,Arrested,True,8,True
8075,509932,2643,Bail,True,8,True
8076,509932,2777,Unknown,False,0,True
8077,509932,1028,Absconding,True,18,True
8078,509932,4003,Unknown,True,9,True
8079,524755,293,Bail,False,0,False
8080,524755,3122,Unknown,True,7,False
8081,510557,4061,Absconding,False,0,True
8082,510557,4985,Bail,True,11,True
8083,510557,4485,Arrested,True,20,True
8084,510557,4399,Arrested,True,19,True
8085,510557,3879,Arrested,False,0,True
8086,510557,2652,Bail,True,13,True
8087,524690,4717,Bail,True,17,False
8088,501132,1522,Bail,True,17,True
8089,501132,3360,Bail,False,0,True
8090,501132,1015,Arrested,False,0,True
8091,501132,3242,Arrested,True,20,True
8092,501132,1511,Absconding,True,5,True
8093,502266,4759,Unknown,False,0,True
8094,502266,784,Bail,False,0,True
8095,502266,1621,Bail,False,0,True
8096,502266,356,Unknown,False,0,True
8097,502042,2842,Arrested,True,8,True
8098,502042,3363,Unknown,True,1,True
8099,502042,4124,Bail,True,20,True
8100,520957,3641,Arrested,False,0,True
8101,520957,4663,Absconding,False,0,True
8102,520957,1569,Arrested,False,0,True
8103,520957,4633,Unknown,False,0,True
8104,502541,3738,Unknown,True,18,False
8105,502541,3977,Arrested,True,18,False
8106,500374,1587,Absconding,False,0,True
8107,500374,919,Absconding,True,6,True
8108,500374,1005,Absconding,True,12,True
8109,500374,3999,Bail,False,0,True
8110,512065,3503,Bail,False,0,True
8111,512065,3691,Bail,True,16,True
8112,512065,3861,Unknown,False,0,True
8113,512065,1809,Absconding,True,7,True
8114,512065,3056,Unknown,True,18,True
8115,512065,3223,Bail,False,0,True
8116,517423,55,Unknown,False,0,True
8117,517423,906,Unknown,True,2,True
8118,517423,4769,Absconding,True,1,True
8119,517423,4760,Bail,False,0,True
8120,519434,4649,Bail,False,0,False
8121,503618,1934,Arrested,False,0,False
8122,503618,60,Arrested,False,0,False
8123,512011,2565,Unknown,True,3,True
8124,512011,2508,Arrested,False,0,True
8125,512011,2647,Unknown,True,19,True
8126,512011,2634,Bail,False,0,True
8127,512011,4419,Absconding,False,0,True
8128,512011,4084,Arrested,True,20,True
8129,522759,4123,Bail,False,0,False
8130,504845,4296,Bail,False,0,True
8131,504845,2634,Unknown,False,0,True
8132,504845,1937,Bail,True,13,True
8133,502076,4228,Bail,False,0,False
8134,502076,3446,Unknown,True,18,False
8135,524848,4656,Bail,True,14,True
8136,524848,2532,Unknown,False,0,True
8137,524848,2176,Absconding,False,0,True
8138,518067,434,Bail,True,13,True
8139,518067,3701,Absconding,False,0,True
8140,518067,4861,Unknown,False,0,True
8141,513015,3027,Bail,False,0,False
8142,517844,3435,Arrested,False,0,False
8143,501419,2353,Bail,False,0,True
8144,501419,4464,Arrested,False,0,True
8145,501419,3087,Arrested,True,15,True
8146,501419,3272,Bail,True,16,True
8147,519485,1256,Arrested,False,0,False
8148,520723,4272,Bail,True,3,True
8149,520723,4519,Absconding,True,5,True
8150,520723,718,Bail,False,0,True
8151,520723,1467,Absconding,False,0,True
8152,520263,2315,Bail,False,0,True
8153,520263,2371,Unknown,False,0,True
8154,520263,1255,Arrested,True,15,True
8155,520263,3793,Unknown,True,8,True
8156,520263,4726,Unknown,True,9,True
8157,512352,1546,Arrested,True,15,True
8158,512352,570,Arrested,False,0,True
8159,512352,3418,Bail,True,5,True
8160,512352,3150,Bail,True,19,True
8161,501596,4111,Bail,True,17,True
8162,501596,1915,Arrested,False,0,True
8163,501596,1540,Arrested,True,13,True
8164,501596,559,Arrested,False,0,True
8165,501596,2853,Unknown,True,8,True
8166,517711,248,Bail,False,0,False
8167,517711,4714,Arrested,True,3,False
8168,509636,2105,Unknown,True,12,True
8169,509636,2185,Unknown,True,13,True
8170,509636,1440,Arrested,True,2,True
8171,509636,3126,Unknown,False,0,True
8172,501176,4884,Absconding,False,0,False
8173,503247,2128,Bail,False,0,True
8174,503247,3748,Unknown,False,0,True
8175,503247,1596,Arrested,False,0,True
8176,518495,1731,Arrested,True,20,False
8177,518495,2813,Bail,False,0,False
8178,520624,3239,Absconding,False,0,True
8179,520624,1460,Arrested,True,15,True
8180,520624,2569,Unknown,False,0,True
8181,506253,1781,Unknown,True,3,True
8182,506253,4914,Absconding,False,0,True
8183,506253,709,Unknown,False,0,True
8184,524147,2385,Bail,True,9,False
8185,524147,99,Unknown,True,7,False
8186,516757,1400,Absconding,True,20,True
8187,516757,2526,Absconding,True,14,True
8188,516757,2658,Absconding,False,0,True
8189,516757,4022,Unknown,True,18,True
8190,516757,4567,Absconding,False,0,True
8191,505408,2083,Unknown,False,0,True
8192,505408,790,Absconding,True,5,True
8193,505408,64,Bail,False,0,True
8194,505408,4838,Arrested,True,11,True
8195,505408,502,Absconding,True,16,True
8196,505408,524,Absconding,True,18,True
8197,508411,659,Bail,False,0,True
8198,508411,1304,Unknown,False,0,True
8199,508411,862,Bail,False,0,True
8200,508411,1561,Unknown,True,16,True
8201,521775,3606,Bail,False,0,True
8202,521775,2182,Unknown,False,0,True
8203,521775,182,Bail,False,0,True
8204,521775,2253,Bail,True,3,True
8205,521775,1089,Arrested,False,0,True
8206,501504,3922,Arrested,True,4,True
8207,501504,3073,Arrested,False,0,True
8208,501504,1145,Bail,True,20,True
8209,501504,1135,Bail,False,0,True
8210,501504,2060,Unknown,False,0,True
8211,501555,4180,Absconding,False,0,True
8212,501555,3535,Bail,True,14,True
8213,501555,3735,Arrested,False,0,True
8214,501555,752,Bail,False,0,True
8215,501555,2465,Unknown,True,17,True
8216,520202,87,Unknown,False,0,True
8217,520202,2002,Unknown,False,0,True
8218,520202,3471,Bail,False,0,True
8219,501076,2305,Unknown,False,0,True
8220,501076,2200,Arrested,True,20,True
8221,501076,1286,Arrested,False,0,True
8222,514673,4154,Unknown,True,18,False
8223,514673,1439,Absconding,True,15,False
8224,511703,1078,Arrested,True,3,True
8225,511703,4837,Bail,True,9,True
8226,511703,4463,Unknown,False,0,True
8227,511703,3823,Unknown,False,0,True
8228,506978,1230,Bail,True,17,False
8229,522889,3333,Bail,True,19,False
8230,511209,927,Arrested,True,3,True
8231,511209,4120,Arrested,False,0,True
8232,511209,4487,Absconding,False,0,True
8233,511209,2261,Unknown,False,0,True
8234,505926,1891,Unknown,True,9,True
8235,505926,1439,Arrested,True,17,True
8236,505926,4840,Unknown,True,17,True
8237,505926,222,Bail,True,11,True
8238,512408,3236,Unknown,False,0,True
8239,512408,187,Absconding,False,0,True
8240,512408,2467,Bail,True,4,True
8241,512408,4963,Unknown,False,0,True
8242,512408,574,Bail,True,19,True
8243,508488,4920,Arrested,False,0,True
8244,508488,4437,Absconding,False,0,True
8245,508488,3068,Absconding,True,2,True
8246,508488,1204,Arrested,False,0,True
8247,508488,2939,Bail,True,4,True
8248,508488,2862,Arrested,True,3,True
8249,515279,4215,Unknown,False,0,True
8250,515279,1399,Arrested,False,0,True
8251,515279,87,Arrested,True,14,True
8252,515279,3354,Bail,False,0,True
8253,515279,1659,Unknown,False,0,True
8254,515279,2121,Arrested,True,1,True
8255,503283,4379,Unknown,False,0,True
8256,503283,1364,Absconding,True,9,True
8257,503283,1410,Unknown,True,13,True
8258,516788,1494,Bail,True,20,True
8259,516788,4131,Unknown,True,10,True
8260,516788,230,Bail,True,5,True
8261,516788,2871,Unknown,False,0,True
8262,516788,2979,Absconding,True,3,True
8263,524393,1387,Bail,False,0,True
8264,524393,2261,Bail,False,0,True
8265,524393,2190,Bail,True,13,True
8266,508770,4750,Unknown,False,0,True
8267,508770,4724,Absconding,True,5,True
8268,508770,2198,Absconding,True,17,True
8269,508770,2973,Bail,True,9,True
8270,514188,819,Bail,False,0,False
8271,514188,4755,Absconding,False,0,False
8272,513505,499,Arrested,False,0,True
8273,513505,3659,Absconding,False,0,True
8274,513505,4796,Bail,True,16,True
8275,513505,1028,Absconding,False,0,True
8276,513505,963,Arrested,True,1,True
8277,513505,2264,Arrested,True,3,True
8278,502735,3286,Bail,False,0,True
8279,502735,3439,Bail,True,15,True
8280,502735,4000,Bail,True,4,True
8281,502735,491,Absconding,False,0,True
8282,502735,144,Unknown,False,0,True
8283,517743,137,Absconding,True,6,True
8284,517743,4271,Unknown,False,0,True
8285,517743,2887,Absconding,True,9,True
8286,517743,1860,Absconding,True,7,True
8287,510521,3818,Arrested,True,2,True
8288,510521,2767,Absconding,True,14,True
8289,510521,3870,Bail,True,5,True
8290,510521,664,Unknown,False,0,True
8291,523025,4538,Arrested,False,0,True
8292,523025,3917,Bail,False,0,True
8293,523025,3402,Bail,False,0,True
8294,523025,460,Absconding,False,0,True
8295,523025,304,Unknown,False,0,True
8296,521356,2730,Bail,False,0,False
8297,514494,3461,Unknown,True,12,True
8298,514494,1520,Absconding,True,13,True
8299,514494,3232,Unknown,False,0,True
8300,514494,2116,Arrested,True,2,True
8301,514494,3069,Arrested,True,1,True
8302,514494,2786,Bail,True,13,True
8303,508152,1649,Bail,False,0,True
8304,508152,4380,Arrested,False,0,True
8305,508152,3309,Unknown,True,9,True
8306,508152,3451,Arrested,False,0,True
8307,508152,342,Unknown,True,2,True
8308,508152,1744,Bail,True,12,True
8309,517490,1281,Bail,False,0,False
8310,513279,4610,Unknown,True,16,True
8311,513279,4787,Unknown,True,4,True
8312,513279,109,Bail,True,17,True
8313,513279,1233,Unknown,True,10,True
8314,516303,4537,Absconding,True,12,True
8315,516303,847,Absconding,True,12,True
8316,516303,4397,Bail,True,15,True
8317,509202,1026,Arrested,True,18,True
8318,509202,1006,Absconding,True,20,True
8319,509202,1526,Arrested,False,0,True
8320,509202,4058,Absconding,True,1,True
8321,510506,1888,Bail,False,0,True
8322,510506,3333,Bail,True,16,True
8323,510506,4645,Arrested,True,15,True
8324,510506,4698,Absconding,False,0,True
8325,510506,3392,Arrested,False,0,True
8326,510506,4511,Bail,False,0,True
8327,504773,3399,Unknown,True,7,False
8328,504773,4509,Bail,True,11,False
8329,524227,862,Absconding,False,0,True
8330,524227,394,Unknown,False,0,True
8331,524227,2673,Arrested,False,0,True
8332,524227,2755,Arrested,False,0,True
8333,524227,4947,Arrested,False,0,True
8334,500031,4059,Absconding,False,0,False
8335,502565,2772,Absconding,False,0,True
8336,502565,1954,Unknown,False,0,True
8337,502565,2377,Absconding,True,11,True
8338,502565,3129,Arrested,True,13,True
8339,521280,1504,Unknown,True,13,True
8340,521280,2791,Absconding,True,15,True
8341,521280,2688,Arrested,False,0,True
8342,510598,3116,Arrested,True,8,True
8343,510598,3810,Arrested,False,0,True
8344,510598,187,Arrested,True,3,True
8345,510598,3073,Arrested,False,0,True
8346,510598,4982,Unknown,False,0,True
8347,510598,4259,Arrested,True,15,True
8348,522695,1738,Bail,True,8,True
8349,522695,207,Arrested,False,0,True
8350,522695,1464,Arrested,True,16,True
8351,522695,3991,Absconding,True,6,True
8352,522695,4560,Absconding,True,8,True
8353,522695,2549,Absconding,False,0,True
8354,521529,734,Unknown,False,0,True
8355,521529,38,Unknown,False,0,True
8356,521529,138,Unknown,False,0,True
8357,502175,1433,Bail,False,0,True
8358,502175,1003,Bail,False,0,True
8359,502175,3661,Absconding,False,0,True
8360,502175,4177,Arrested,False,0,True
8361,502175,719,Bail,True,11,True
8362,506825,3560,Absconding,True,3,True
8363,506825,265,Unknown,True,2,True
8364,506825,1091,Absconding,False,0,True
8365,500548,2658,Unknown,True,10,True
8366,500548,265,Arrested,True,12,True
8367,500548,2289,Unknown,False,0,True
8368,500548,344,Absconding,False,0,True
8369,508820,4391,Bail,True,14,True
8370,508820,2903,Absconding,False,0,True
8371,508820,1749,Unknown,False,0,True
8372,508820,1975,Unknown,True,17,True
8373,508820,1284,Bail,True,3,True
8374,508820,1997,Absconding,False,0,True
8375,520466,3792,Unknown,False,0,False
8376,520466,1455,Absconding,True,18,False
8377,515949,3460,Unknown,False,0,False
8378,508194,2375,Arrested,False,0,True
8379,508194,715,Bail,True,13,True
8380,508194,883,Bail,True,6,True
8381,504037,1552,Arrested,True,7,True
8382,504037,1912,Bail,True,16,True
8383,504037,499,Arrested,False,0,True
8384,501681,1851,Absconding,True,12,True
8385,501681,542,Arrested,True,19,True
8386,501681,4085,Bail,True,13,True
8387,501681,3598,Absconding,False,0,True
8388,501681,2519,Absconding,False,0,True
8389,501681,3192,Absconding,False,0,True
8390,518186,2002,Arrested,False,0,True
8391,518186,3296,Bail,True,5,True
8392,518186,1779,Bail,True,20,True
8393,518186,1193,Bail,False,0,True
8394,518186,719,Bail,True,10,True
8395,504266,9,Absconding,False,0,True
8396,504266,4512,Arrested,False,0,True
8397,504266,1837,Arrested,True,10,True
8398,504266,4623,Unknown,False,0,True
8399,504266,4634,Unknown,True,14,True
8400,504266,2935,Arrested,True,15,True
8401,513446,5,Bail,False,0,False
8402,513446,1012,Unknown,True,9,False
8403,508328,2754,Bail,True,5,False
8404,518569,120,Bail,False,0,True
8405,518569,3149,Bail,True,17,True
8406,518569,2688,Arrested,True,6,True
8407,518569,4387,Arrested,False,0,True
8408,518145,2437,Arrested,True,7,True
8409,518145,937,Arrested,False,0,True
8410,518145,1206,Absconding,True,17,True
8411,518145,3653,Bail,True,8,True
8412,518145,2986,Arrested,False,0,True
8413,518145,4947,Unknown,True,8,True
8414,504246,3328,Arrested,False,0,True
8415,504246,2347,Arrested,True,11,True
8416,504246,1516,Bail,True,7,True
8417,504246,2792,Unknown,False,0,True
8418,504246,3584,Arrested,False,0,True
8419,500104,2968,Arrested,False,0,False
8420,500104,277,Arrested,False,0,False
8421,513057,4831,Unknown,False,0,False
8422,521434,229,Absconding,False,0,True
8423,521434,2226,Arrested,False,0,True
8424,521434,1426,Absconding,False,0,True
8425,521434,1604,Absconding,True,7,True
8426,521434,3247,Arrested,True,19,True
8427,521071,3515,Arrested,True,9,True
8428,521071,4306,Bail,True,11,True
8429,521071,1852,Arrested,False,0,True
8430,507692,3182,Arrested,False,0,True
8431,507692,2104,Bail,False,0,True
8432,507692,1386,Absconding,True,16,True
8433,507692,230,Arrested,True,18,True
8434,507692,4798,Absconding,True,7,True
8435,507692,2492,Unknown,False,0,True
8436,511869,3366,Arrested,False,0,True
8437,511869,1984,Absconding,True,11,True
8438,511869,3173,Absconding,True,17,True
8439,516988,803,Arrested,False,0,True
8440,516988,3171,Absconding,True,6,True
8441,516988,62,Arrested,True,2,True
8442,516988,1032,Bail,False,0,True
8443,516988,951,Absconding,False,0,True
8444,510615,4810,Arrested,True,4,True
8445,510615,60,Arrested,False,0,True
8446,510615,4811,Absconding,True,20,True
8447,510615,1769,Bail,False,0,True
8448,510615,4921,Bail,False,0,True
8449,522698,1815,Bail,True,9,True
8450,522698,4116,Bail,False,0,True
8451,522698,572,Arrested,False,0,True
8452,522698,3428,Absconding,True,13,True
8453,522698,841,Arrested,True,7,True
8454,522698,28,Absconding,False,0,True
8455,508337,1667,Bail,True,17,True
8456,508337,4857,Unknown,True,2,True
8457,508337,3555,Bail,False,0,True
8458,508337,295,Bail,True,9,True
8459,507291,1363,Absconding,True,2,True
8460,507291,2044,Absconding,False,0,True
8461,507291,4746,Absconding,False,0,True
8462,507291,495,Absconding,False,0,True
8463,507291,3690,Unknown,False,0,True
8464,503316,810,Unknown,True,8,True
8465,503316,3051,Arrested,True,17,True
8466,503316,1775,Unknown,False,0,True
8467,503316,3785,Bail,False,0,True
8468,503316,1580,Absconding,True,19,True
8469,516278,1260,Unknown,True,8,True
8470,516278,4449,Bail,True,16,True
8471,516278,1153,Arrested,True,17,True
8472,516278,4281,Absconding,False,0,True
8473,516278,3514,Bail,True,2,True
8474,524268,4724,Bail,True,14,False
8475,517113,2522,Arrested,False,0,True
8476,517113,150,Absconding,True,13,True
8477,517113,2104,Bail,True,18,True
8478,517113,186,Unknown,False,0,True
8479,509251,213,Absconding,False,0,False
8480,509251,4999,Arrested,True,19,False
8481,503814,2315,Absconding,True,16,True
8482,503814,4411,Bail,False,0,True
8483,503814,427,Unknown,True,10,True
8484,503814,2082,Unknown,False,0,True
8485,503814,2502,Unknown,True,9,True
8486,512292,1865,Absconding,False,0,False
8487,510422,4963,Arrested,False,0,True
8488,510422,1463,Unknown,False,0,True
8489,510422,3216,Absconding,False,0,True
8490,510422,4734,Bail,True,16,True
8491,510422,705,Absconding,True,7,True
8492,510422,680,Bail,False,0,True
8493,500665,1000,Arrested,False,0,True
8494,500665,3077,Unknown,False,0,True
8495,500665,2098,Bail,True,1,True
8496,516572,4710,Arrested,False,0,False
8497,516572,3294,Arrested,True,11,False
8498,524269,463,Absconding,False,0,False
8499,524269,3055,Bail,True,20,False
8500,515958,4208,Absconding,True,4,True
8501,515958,873,Arrested,False,0,True
8502,515958,956,Absconding,False,0,True
8503,515958,3627,Absconding,True,15,True
8504,515958,3544,Absconding,False,0,True
8505,514119,804,Absconding,False,0,False
8506,514119,4216,Absconding,False,0,False
8507,515483,3695,Absconding,False,0,True
8508,515483,998,Bail,True,5,True
8509,515483,2585,Arrested,True,3,True
8510,515483,3287,Unknown,False,0,True
8511,510514,1570,Bail,False,0,True
8512,510514,440,Unknown,True,12,True
8513,510514,2373,Unknown,False,0,True
8514,517802,2883,Arrested,False,0,True
8515,517802,2651,Absconding,False,0,True
8516,517802,1695,Absconding,False,0,True
8517,517802,1153,Absconding,False,0,True
8518,517802,129,Absconding,True,18,True
8519,514686,4483,Bail,True,8,True
8520,514686,541,Unknown,False,0,True
8521,514686,2842,Bail,False,0,True
8522,514686,4021,Bail,True,14,True
8523,514686,1660,Bail,False,0,True
8524,510045,556,Bail,False,0,True
8525,510045,3180,Absconding,False,0,True
8526,510045,2381,Arrested,False,0,True
8527,510045,1164,Bail,True,4,True
8528,502209,2728,Absconding,False,0,True
8529,502209,2926,Bail,True,15,True
8530,502209,299,Arrested,True,20,True
8531,502209,1978,Unknown,False,0,True
8532,500564,1179,Absconding,True,16,True
8533,500564,4407,Arrested,True,18,True
8534,500564,5000,Arrested,False,0,True
8535,504708,4639,Bail,False,0,True
8536,504708,3688,Arrested,True,12,True
8537,504708,3831,Absconding,False,0,True
8538,504708,2030,Bail,False,0,True
8539,504708,1479,Arrested,False,0,True
8540,504708,3298,Bail,True,2,True
8541,513124,1541,Unknown,True,5,True
8542,513124,3849,Arrested,False,0,True
8543,513124,1779,Bail,False,0,True
8544,513124,2039,Arrested,False,0,True
8545,513124,253,Absconding,True,20,True
8546,517465,2249,Arrested,False,0,False
8547,517465,2226,Arrested,True,13,False
8548,512456,3641,Arrested,True,11,True
8549,512456,1710,Arrested,False,0,True
8550,512456,3144,Unknown,False,0,True
8551,512456,1541,Unknown,False,0,True
8552,512456,1887,Absconding,False,0,True
8553,512456,677,Arrested,False,0,True
8554,506519,2709,Arrested,False,0,False
8555,509899,2007,Arrested,True,12,False
8556,501874,2572,Absconding,True,13,True
8557,501874,1621,Unknown,False,0,True
8558,501874,1750,Unknown,False,0,True
8559,503173,1131,Unknown,True,3,False
8560,516366,1782,Absconding,False,0,True
8561,516366,2899,Unknown,True,2,True
8562,516366,2053,Unknown,False,0,True
8563,516366,3389,Arrested,True,17,True
8564,516402,4512,Unknown,True,4,True
8565,516402,3056,Unknown,False,0,True
8566,516402,2783,Arrested,False,0,True
8567,516402,975,Arrested,True,16,True
8568,506613,1347,Unknown,False,0,True
8569,506613,2966,Unknown,True,19,True
8570,506613,4815,Absconding,False,0,True
8571,506613,622,Bail,False,0,True
8572,506613,559,Bail,True,14,True
8573,506613,1739,Unknown,True,16,True
8574,520039,3416,Bail,False,0,True
8575,520039,4820,Bail,False,0,True
8576,520039,4723,Arrested,False,0,True
8577,520039,2842,Unknown,True,4,True
8578,520039,1405,Arrested,True,16,True
8579,520039,4527,Arrested,False,0,True
8580,517714,1452,Bail,False,0,True
8581,517714,3569,Unknown,True,18,True
8582,517714,3439,Absconding,False,0,True
8583,517714,1201,Arrested,False,0,True
8584,508140,3440,Unknown,False,0,False
8585,522365,523,Arrested,True,20,False
8586,508857,916,Arrested,True,2,False
8587,509420,3858,Arrested,False,0,True
8588,509420,2911,Bail,False,0,True
8589,509420,668,Unknown,True,7,True
8590,500327,237,Arrested,True,20,True
8591,500327,2897,Arrested,True,4,True
8592,500327,4363,Absconding,True,10,True
8593,500327,1617,Unknown,True,4,True
8594,500327,2311,Absconding,False,0,True
8595,500327,550,Absconding,False,0,True
8596,504086,4282,Bail,True,12,True
8597,504086,4096,Bail,False,0,True
8598,504086,1008,Arrested,True,8,True
8599,508898,4565,Absconding,True,18,False
8600,512066,127,Bail,False,0,True
8601,512066,2384,Unknown,False,0,True
8602,512066,4567,Absconding,False,0,True
8603,518028,4798,Bail,False,0,True
8604,518028,1692,Absconding,True,13,True
8605,518028,1554,Unknown,False,0,True
8606,518028,3487,Absconding,True,11,True
8607,517285,2326,Bail,False,0,True
8608,517285,2304,Arrested,False,0,True
8609,517285,1164,Unknown,True,20,True
8610,517285,3341,Bail,True,10,True
8611,517285,59,Arrested,False,0,True
8612,517285,85,Absconding,True,15,True
8613,522105,2047,Unknown,False,0,False
8614,514815,4349,Absconding,True,19,True
8615,514815,2582,Arrested,False,0,True
8616,514815,433,Arrested,True,18,True
8617,514815,1109,Unknown,False,0,True
8618,514815,3759,Bail,True,18,True
8619,514815,154,Absconding,True,20,True
8620,520939,4945,Unknown,False,0,True
8621,520939,3050,Unknown,True,19,True
8622,520939,3929,Arrested,False,0,True
8623,512554,2795,Arrested,False,0,True
8624,512554,4315,Absconding,True,14,True
8625,512554,4789,Arrested,True,15,True
8626,512554,365,Absconding,False,0,True
8627,512554,4612,Arrested,True,3,True
8628,500689,4311,Bail,False,0,True
8629,500689,1721,Unknown,False,0,True
8630,500689,1725,Unknown,False,0,True
8631,500689,4051,Arrested,False,0,True
8632,500689,2119,Absconding,True,13,True
8633,500689,4429,Bail,False,0,True
8634,511314,1295,Unknown,False,0,False
8635,511314,1391,Bail,True,13,False
8636,505461,1849,Arrested,False,0,True
8637,505461,691,Arrested,True,20,True
8638,505461,2579,Unknown,False,0,True
8639,505461,520,Absconding,False,0,True
8640,505461,2160,Absconding,True,9,True
8641,520722,269,Bail,True,6,True
8642,520722,3176,Unknown,False,0,True
8643,520722,2154,Absconding,False,0,True
8644,520722,2673,Bail,True,16,True
8645,520722,286,Absconding,True,19,True
8646,524418,3827,Absconding,True,20,True
8647,524418,2707,Arrested,True,20,True
8648,524418,797,Unknown,False,0,True
8649,524418,1977,Arrested,True,12,True
8650,524418,2779,Bail,True,16,True
8651,524418,4603,Absconding,True,13,True
8652,517391,1309,Bail,False,0,True
8653,517391,2807,Absconding,True,20,True
8654,517391,4015,Bail,False,0,True
8655,517391,701,Bail,False,0,True
8656,516619,23,Arrested,True,7,False
8657,508923,1643,Unknown,True,17,True
8658,508923,3975,Bail,False,0,True
8659,508923,1126,Unknown,True,2,True
8660,508923,2319,Absconding,False,0,True
8661,512404,3359,Unknown,False,0,False
8662,512404,1681,Arrested,True,12,False
8663,504476,3934,Absconding,True,9,False
8664,504476,4662,Arrested,False,0,False
8665,509470,407,Absconding,True,7,False
8666,509470,3634,Absconding,False,0,False
8667,517990,2475,Absconding,False,0,True
8668,517990,2295,Absconding,True,10,True
8669,517990,2444,Unknown,True,12,True
8670,517990,4263,Absconding,False,0,True
8671,517990,1864,Arrested,False,0,True
8672,517990,3373,Unknown,False,0,True
8673,524847,3302,Absconding,False,0,True
8674,524847,2812,Absconding,False,0,True
8675,524847,582,Absconding,False,0,True
8676,520790,3970,Unknown,False,0,True
8677,520790,2013,Arrested,False,0,True
8678,520790,2293,Bail,False,0,True
8679,520790,397,Unknown,False,0,True
8680,515422,4802,Unknown,False,0,False
8681,515422,1914,Arrested,True,11,False
8682,521398,3834,Absconding,False,0,False
8683,505218,1790,Absconding,False,0,True
8684,505218,637,Bail,False,0,True
8685,505218,4798,Bail,True,9,True
8686,505218,4393,Absconding,False,0,True
8687,505218,3556,Arrested,True,11,True
8688,501528,2329,Bail,True,17,True
8689,501528,1018,Unknown,False,0,True
8690,501528,3963,Arrested,False,0,True
8691,501528,2449,Arrested,False,0,True
8692,501528,2985,Arrested,True,9,True
8693,506511,4878,Arrested,False,0,True
8694,506511,5,Unknown,True,19,True
8695,506511,4036,Bail,True,3,True
8696,506511,1651,Bail,True,20,True
8697,506511,1136,Bail,False,0,True
8698,506511,2976,Bail,True,6,True
8699,504978,1222,Arrested,False,0,True
8700,504978,1690,Unknown,True,7,True
8701,504978,3535,Arrested,True,7,True
8702,504978,827,Absconding,False,0,True
8703,522139,2647,Absconding,False,0,True
8704,522139,2765,Absconding,False,0,True
8705,522139,1346,Arrested,False,0,True
8706,514963,2491,Unknown,True,11,False
8707,514963,94,Arrested,True,3,False
8708,511885,1362,Bail,False,0,True
8709,511885,223,Bail,False,0,True
8710,511885,1158,Bail,True,4,True
8711,511885,2753,Absconding,False,0,True
8712,519056,4855,Absconding,False,0,False
8713,519056,3015,Absconding,False,0,False
8714,517241,2184,Unknown,True,5,False
8715,517241,3896,Absconding,True,8,False
8716,524383,2115,Absconding,True,2,True
8717,524383,3009,Bail,True,9,True
8718,524383,4758,Absconding,False,0,True
8719,505473,2573,Bail,True,10,False
8720,505473,573,Bail,True,20,False
8721,503351,3176,Bail,False,0,True
8722,503351,4974,Bail,False,0,True
8723,503351,969,Unknown,True,2,True
8724,504419,1740,Absconding,False,0,False
8725,504419,713,Unknown,True,3,False
8726,513154,2833,Arrested,False,0,True
8727,513154,590,Unknown,True,11,True
8728,513154,4408,Bail,True,2,True
8729,513154,1509,Arrested,True,5,True
8730,513154,243,Arrested,False,0,True
8731,513154,4887,Bail,False,0,True
8732,503422,4751,Arrested,False,0,True
8733,503422,4192,Bail,False,0,True
8734,503422,3676,Unknown,False,0,True
8735,503422,442,Bail,False,0,True
8736,503422,2875,Arrested,False,0,True
8737,503422,3701,Bail,False,0,True
8738,521860,4022,Unknown,True,18,False
8739,518968,4083,Unknown,False,0,True
8740,518968,3244,Unknown,False,0,True
8741,518968,1568,Arrested,True,18,True
8742,516000,2812,Bail,False,0,True
8743,516000,779,Absconding,False,0,True
8744,516000,4163,Arrested,True,10,True
8745,524224,2545,Arrested,False,0,True
8746,524224,1449,Bail,False,0,True
8747,524224,3477,Absconding,False,0,True
8748,524224,3621,Unknown,True,3,True
8749,524224,2151,Bail,False,0,True
8750,524224,4350,Bail,True,15,True
8751,518484,742,Arrested,True,19,True
8752,518484,2526,Bail,True,8,True
8753,518484,1446,Bail,False,0,True
8754,518484,3799,Unknown,False,0,True
8755,518484,4466,Bail,True,7,True
8756,501434,4666,Unknown,False,0,True
8757,501434,614,Arrested,False,0,True
8758,501434,2345,Arrested,False,0,True
8759,512094,1835,Unknown,True,13,True
8760,512094,3010,Bail,True,14,True
8761,512094,3638,Unknown,True,15,True
8762,512094,817,Bail,True,18,True
8763,512094,3670,Arrested,True,11,True
8764,512094,1578,Bail,True,2,True
8765,520016,2263,Absconding,True,5,True
8766,520016,3273,Bail,False,0,True
8767,520016,1495,Absconding,False,0,True
8768,520016,4770,Bail,False,0,True
8769,520016,2870,Bail,False,0,True
8770,520016,3312,Absconding,False,0,True
8771,522209,812,Unknown,False,0,False
8772,502773,1251,Arrested,True,17,True
8773,502773,4267,Bail,False,0,True
8774,502773,1883,Arrested,False,0,True
8775,502773,3920,Arrested,False,0,True
8776,518907,4951,Arrested,True,2,False
8777,521742,255,Absconding,False,0,True
8778,521742,4134,Unknown,False,0,True
8779,521742,897,Absconding,False,0,True
8780,521742,408,Absconding,True,16,True
8781,521742,452,Unknown,True,5,True
8782,506931,265,Arrested,True,11,True
8783,506931,344,Unknown,False,0,True
8784,506931,755,Arrested,False,0,True
8785,506931,1734,Unknown,False,0,True
8786,510379,3072,Bail,True,17,True
8787,510379,443,Unknown,True,2,True
8788,510379,2461,Absconding,True,8,True
8789,510379,4331,Arrested,True,1,True
8790,510379,712,Bail,True,11,True
8791,510379,2807,Absconding,True,15,True
8792,505663,4734,Arrested,True,7,True
8793,505663,3805,Unknown,False,0,True
8794,505663,153,Unknown,False,0,True
8795,505663,3869,Arrested,True,19,True
8796,506053,4206,Arrested,True,17,False
8797,506053,4391,Bail,False,0,False
8798,518022,3750,Bail,False,0,False
8799,518022,1514,Absconding,False,0,False
8800,516471,433,Arrested,True,2,False
8801,502493,4093,Bail,True,5,True
8802,502493,3356,Absconding,True,14,True
8803,502493,2694,Unknown,True,5,True
8804,500743,3514,Unknown,True,17,True
8805,500743,1927,Arrested,False,0,True
8806,500743,1966,Unknown,True,20,True
8807,500743,4872,Bail,False,0,True
8808,500743,4133,Absconding,False,0,True
8809,524145,3629,Absconding,False,0,True
8810,524145,4810,Absconding,False,0,True
8811,524145,2773,Unknown,True,12,True
8812,524145,2460,Absconding,False,0,True
8813,524145,2991,Unknown,False,0,True
8814,524145,2081,Bail,False,0,True
8815,517350,3472,Absconding,True,5,False
8816,517350,1019,Bail,True,14,False
8817,520164,2720,Unknown,True,3,True
8818,520164,4257,Unknown,True,11,True
8819,520164,153,Bail,True,12,True
8820,520164,1963,Bail,True,11,True
8821,523784,15,Bail,False,0,False
8822,517282,1273,Absconding,True,5,True
8823,517282,3088,Bail,True,13,True
8824,517282,1514,Arrested,False,0,True
8825,517282,252,Unknown,False,0,True
8826,517979,766,Absconding,False,0,True
8827,517979,3736,Unknown,True,8,True
8828,517979,217,Unknown,True,12,True
8829,517979,3332,Arrested,True,10,True
8830,503074,1762,Arrested,False,0,True
8831,503074,1276,Unknown,False,0,True
8832,503074,1229,Arrested,False,0,True
8833,520906,685,Arrested,True,19,False
8834,520906,172,Absconding,False,0,False
8835,501394,4256,Unknown,False,0,True
8836,501394,1542,Bail,False,0,True
8837,501394,4516,Arrested,False,0,True
8838,501394,1371,Bail,False,0,True
8839,501394,2737,Unknown,False,0,True
8840,501394,497,Arrested,False,0,True
8841,514396,2665,Unknown,True,9,True
8842,514396,2283,Absconding,True,14,True
8843,514396,1504,Arrested,True,19,True
8844,514396,1404,Arrested,False,0,True
8845,514396,2329,Unknown,True,16,True
8846,514396,650,Unknown,True,6,True
8847,507192,4946,Arrested,True,19,True
8848,507192,4527,Unknown,True,12,True
8849,507192,3164,Bail,False,0,True
8850,507192,3298,Bail,False,0,True
8851,507192,3792,Unknown,False,0,True
8852,516947,3004,Bail,True,19,True
8853,516947,314,Arrested,False,0,True
8854,516947,2673,Arrested,False,0,True
8855,516947,1611,Bail,True,14,True
8856,515904,3061,Arrested,True,4,True
8857,515904,2364,Bail,True,3,True
8858,515904,1094,Bail,True,16,True
8859,515904,867,Unknown,True,7,True
8860,507607,4181,Bail,False,0,False
8861,507607,4186,Absconding,True,18,False
8862,519149,4946,Unknown,True,9,True
8863,519149,2716,Absconding,True,19,True
8864,519149,3142,Unknown,False,0,True
8865,520012,2462,Absconding,False,0,True
8866,520012,1445,Unknown,True,3,True
8867,520012,3128,Arrested,False,0,True
8868,519853,2315,Bail,True,6,False
8869,519853,3880,Arrested,True,6,False
8870,515908,3475,Bail,True,6,True
8871,515908,661,Absconding,True,20,True
8872,515908,4494,Arrested,False,0,True
8873,515908,4893,Absconding,False,0,True
8874,515908,1888,Unknown,False,0,True
8875,500908,1668,Arrested,True,8,True
8876,500908,2914,Arrested,False,0,True
8877,500908,1967,Bail,False,0,True
8878,500908,635,Unknown,False,0,True
8879,522651,1291,Arrested,True,5,True
8880,522651,2285,Unknown,True,9,True
8881,522651,2335,Arrested,False,0,True
8882,522651,2764,Absconding,True,20,True
8883,522651,3356,Arrested,True,10,True
8884,507918,1788,Unknown,False,0,True
8885,507918,1114,Bail,True,15,True
8886,507918,1519,Absconding,True,13,True
8887,504105,365,Arrested,False,0,True
8888,504105,3248,Bail,False,0,True
8889,504105,4970,Absconding,True,3,True
8890,504105,1706,Bail,True,19,True
8891,504105,1680,Arrested,False,0,True
8892,504105,4215,Unknown,True,11,True
8893,518825,3184,Arrested,False,0,True
8894,518825,2467,Unknown,True,6,True
8895,518825,4594,Unknown,False,0,True
8896,518825,718,Unknown,False,0,True
8897,518825,3493,Arrested,True,7,True
8898,520855,955,Bail,False,0,True
8899,520855,1415,Arrested,False,0,True
8900,520855,2196,Absconding,False,0,True
8901,515309,81,Unknown,False,0,True
8902,515309,3527,Unknown,False,0,True
8903,515309,1130,Unknown,True,8,True
8904,515309,4701,Absconding,False,0,True
8905,515309,4131,Bail,False,0,True
8906,515309,1009,Arrested,False,0,True
8907,513239,193,Arrested,False,0,True
8908,513239,4220,Bail,True,4,True
8909,513239,2882,Absconding,True,2,True
8910,513239,1941,Arrested,True,10,True
8911,521568,3604,Unknown,False,0,False
8912,521568,4026,Unknown,False,0,False
8913,511394,4320,Bail,False,0,True
8914,511394,319,Absconding,True,14,True
8915,511394,3948,Arrested,True,7,True
8916,511394,1119,Absconding,False,0,True
8917,504485,1311,Absconding,False,0,True
8918,504485,2241,Arrested,False,0,True
8919,504485,668,Unknown,True,17,True
8920,511559,1951,Unknown,False,0,False
8921,511559,4336,Absconding,False,0,False
8922,516901,4926,Absconding,True,15,False
8923,508937,3686,Absconding,True,20,True
8924,508937,1209,Unknown,True,12,True
8925,508937,3096,Arrested,False,0,True
8926,508937,2728,Absconding,False,0,True
8927,510783,2183,Bail,True,12,True
8928,510783,2784,Bail,False,0,True
8929,510783,577,Arrested,True,19,True
8930,523278,227,Absconding,True,14,True
8931,523278,4012,Arrested,True,9,True
8932,523278,4129,Arrested,True,8,True
8933,523278,4075,Absconding,False,0,True
8934,523278,4592,Arrested,False,0,True
8935,523278,4186,Unknown,True,5,True
8936,502413,116,Unknown,False,0,False
8937,507248,3389,Absconding,True,13,False
8938,506778,3461,Unknown,True,18,True
8939,506778,4585,Arrested,True,18,True
8940,506778,764,Arrested,True,20,True
8941,506778,720,Bail,True,17,True
8942,506778,2084,Absconding,False,0,True
8943,506778,4077,Unknown,False,0,True
8944,515602,2198,Unknown,False,0,True
8945,515602,3079,Bail,True,9,True
8946,515602,4504,Unknown,False,0,True
8947,515602,568,Absconding,False,0,True
8948,515602,4423,Absconding,False,0,True
8949,515602,4778,Bail,True,4,True
8950,524460,1850,Arrested,True,17,True
8951,524460,1635,Arrested,True,16,True
8952,524460,832,Bail,True,16,True
8953,524460,4681,Absconding,True,3,True
8954,524460,107,Absconding,False,0,True
8955,502426,1040,Arrested,False,0,True
8956,502426,1037,Arrested,True,11,True
8957,502426,892,Unknown,False,0,True
8958,502426,2927,Unknown,True,12,True
8959,502426,4524,Bail,False,0,True
8960,516984,1214,Bail,False,0,True
8961,516984,3863,Unknown,True,12,True
8962,516984,1158,Unknown,True,18,True
8963,516984,1694,Unknown,True,2,True
8964,510357,3821,Arrested,False,0,True
8965,510357,4948,Arrested,False,0,True
8966,510357,2718,Unknown,True,16,True
8967,510357,607,Absconding,False,0,True
8968,510357,3120,Bail,False,0,True
8969,515430,3431,Arrested,False,0,True
8970,515430,2225,Unknown,True,18,True
8971,515430,1003,Unknown,False,0,True
8972,524684,2974,Bail,False,0,True
8973,524684,4889,Unknown,False,0,True
8974,524684,4476,Arrested,False,0,True
8975,513470,1445,Bail,False,0,False
8976,509894,4734,Unknown,True,13,False
8977,509894,4723,Absconding,True,3,False
8978,509280,3145,Arrested,True,1,True
8979,509280,2241,Unknown,True,10,True
8980,509280,4242,Unknown,False,0,True
8981,505216,261,Bail,True,13,False
8982,505216,381,Unknown,False,0,False
8983,514945,1009,Bail,True,16,True
8984,514945,3270,Arrested,False,0,True
8985,514945,393,Bail,False,0,True
8986,514945,4565,Absconding,True,5,True
8987,514945,2167,Arrested,True,7,True
8988,501216,1921,Arrested,True,11,True
8989,501216,902,Bail,True,4,True
8990,501216,4471,Absconding,False,0,True
8991,501216,2243,Absconding,True,3,True
8992,509758,796,Absconding,False,0,True
8993,509758,1322,Absconding,True,5,True
8994,509758,1688,Absconding,True,17,True
8995,509758,3856,Arrested,True,10,True
8996,509758,1460,Arrested,True,15,True
8997,509758,4543,Absconding,False,0,True
8998,505340,91,Bail,False,0,False
8999,505340,240,Bail,False,0,False
9000,505457,4271,Bail,False,0,True
9001,505457,1847,Arrested,True,10,True
9002,505457,1961,Arrested,False,0,True
9003,505457,2171,Unknown,True,7,True
9004,505457,2062,Bail,False,0,True
9005,517301,3008,Absconding,False,0,False
9006,518479,3218,Unknown,False,0,False
9007,518479,2566,Unknown,False,0,False
9008,503427,3684,Bail,True,13,False
9009,503427,1075,Absconding,False,0,False
9010,500607,4008,Unknown,False,0,True
9011,500607,2758,Absconding,True,14,True
9012,500607,3308,Absconding,True,10,True
9013,500607,949,Bail,True,15,True
9014,500607,173,Absconding,False,0,True
9015,523251,3964,Unknown,False,0,False
9016,523251,2391,Bail,False,0,False
9017,514078,2000,Unknown,True,7,True
9018,514078,4057,Unknown,False,0,True
9019,514078,4040,Unknown,True,12,True
9020,514078,4837,Arrested,True,16,True
9021,516177,3021,Unknown,False,0,True
9022,516177,1061,Arrested,False,0,True
9023,516177,3897,Bail,False,0,True
9024,516177,2069,Unknown,False,0,True
9025,516177,909,Bail,True,13,True
9026,516177,414,Absconding,True,10,True
9027,508617,3890,Unknown,False,0,True
9028,508617,535,Unknown,False,0,True
9029,508617,2383,Bail,True,20,True
9030,508617,3919,Arrested,False,0,True
9031,508617,1291,Unknown,False,0,True
9032,508617,4450,Arrested,True,19,True
9033,503257,541,Absconding,True,14,True
9034,503257,1366,Arrested,True,3,True
9035,503257,4926,Arrested,True,15,True
9036,503257,4289,Bail,False,0,True
9037,500857,4673,Arrested,False,0,True
9038,500857,4346,Absconding,True,19,True
9039,500857,4754,Unknown,True,15,True
9040,500857,2047,Arrested,False,0,True
9041,501927,1562,Arrested,True,5,True
9042,501927,2607,Bail,False,0,True
9043,501927,824,Absconding,True,8,True
9044,507140,433,Arrested,True,20,True
9045,507140,2548,Absconding,False,0,True
9046,507140,415,Bail,True,1,True
9047,507140,2379,Bail,True,3,True
9048,507140,3230,Bail,True,7,True
9049,507140,181,Bail,False,0,True
9050,515050,2686,Absconding,True,10,True
9051,515050,3359,Arrested,True,18,True
9052,515050,663,Absconding,True,11,True
9053,523032,3053,Unknown,True,6,True
9054,523032,2850,Arrested,False,0,True
9055,523032,713,Unknown,False,0,True
9056,523032,3766,Bail,False,0,True
9057,504880,407,Unknown,True,1,True
9058,504880,3695,Bail,True,10,True
9059,504880,1335,Unknown,True,18,True
9060,504880,4344,Arrested,False,0,True
9061,521270,1870,Unknown,False,0,True
9062,521270,3467,Bail,False,0,True
9063,521270,4166,Absconding,True,9,True
9064,521270,940,Bail,True,1,True
9065,523249,3467,Arrested,True,18,True
9066,523249,4520,Absconding,True,7,True
9067,523249,1028,Unknown,False,0,True
9068,523249,989,Unknown,False,0,True
9069,523249,3431,Bail,True,19,True
9070,513686,4897,Absconding,True,15,False
9071,513686,4942,Unknown,True,6,False
9072,500045,666,Arrested,False,0,False
9073,514385,2197,Bail,False,0,True
9074,514385,153,Arrested,True,1,True
9075,514385,1568,Bail,False,0,True
9076,514385,1033,Unknown,False,0,True
9077,522191,2506,Arrested,True,7,True
9078,522191,4873,Arrested,False,0,True
9079,522191,1253,Unknown,False,0,True
9080,522344,2055,Unknown,False,0,True
9081,522344,4062,Unknown,True,3,True
9082,522344,2631,Unknown,False,0,True
9083,522344,2557,Absconding,True,1,True
9084,522344,4155,Bail,True,10,True
9085,524624,1712,Unknown,True,13,True
9086,524624,4939,Bail,True,16,True
9087,524624,226,Absconding,False,0,True
9088,513247,1148,Absconding,False,0,False
9089,509743,2658,Unknown,True,20,False
9090,509743,4235,Arrested,False,0,False
9091,520283,4969,Bail,True,1,True
9092,520283,2062,Absconding,False,0,True
9093,520283,4274,Arrested,True,13,True
9094,520283,2483,Absconding,True,8,True
9095,520283,3219,Bail,True,2,True
9096,522683,1080,Bail,False,0,False
9097,522683,78,Unknown,False,0,False
9098,500586,3555,Bail,False,0,True
9099,500586,3660,Absconding,True,2,True
9100,500586,1188,Arrested,False,0,True
9101,500586,4151,Absconding,False,0,True
9102,500586,733,Absconding,False,0,True
9103,505659,4370,Bail,True,19,True
9104,505659,1319,Absconding,False,0,True
9105,505659,107,Arrested,True,11,True
9106,522542,4080,Arrested,True,1,True
9107,522542,4670,Arrested,False,0,True
9108,522542,1395,Arrested,False,0,True
9109,517870,2704,Arrested,True,13,True
9110,517870,3533,Absconding,True,14,True
9111,517870,708,Arrested,False,0,True
9112,517870,3124,Arrested,True,1,True
9113,510332,118,Absconding,False,0,True
9114,510332,1336,Bail,False,0,True
9115,510332,4088,Absconding,False,0,True
9116,510332,635,Unknown,True,7,True
9117,510332,4151,Absconding,True,1,True
9118,506528,4799,Bail,False,0,True
9119,506528,3968,Bail,True,20,True
9120,506528,94,Unknown,False,0,True
9121,506528,2836,Bail,False,0,True
9122,500201,3980,Absconding,True,11,False
9123,506073,3869,Bail,False,0,True
9124,506073,1133,Absconding,True,15,True
9125,506073,45,Bail,False,0,True
9126,515492,3961,Absconding,True,10,True
9127,515492,3281,Bail,True,15,True
9128,515492,4133,Unknown,True,19,True
9129,515492,1330,Arrested,True,11,True
9130,515492,62,Arrested,False,0,True
9131,515492,1193,Bail,False,0,True
9132,504721,4646,Bail,False,0,True
9133,504721,223,Unknown,True,19,True
9134,504721,2502,Absconding,True,1,True
9135,510715,3115,Arrested,True,13,False
9136,502052,2628,Bail,True,20,False
9137,519096,2583,Unknown,False,0,True
9138,519096,3064,Unknown,True,5,True
9139,519096,1092,Unknown,True,16,True
9140,519096,4965,Bail,True,18,True
9141,519096,1712,Unknown,False,0,True
9142,519096,4547,Unknown,True,4,True
9143,506121,963,Absconding,True,15,False
9144,514875,3448,Unknown,True,1,True
9145,514875,789,Unknown,False,0,True
9146,514875,1537,Unknown,False,0,True
9147,514875,1328,Arrested,False,0,True
9148,520721,4973,Arrested,False,0,True
9149,520721,2154,Unknown,False,0,True
9150,520721,84,Unknown,True,20,True
9151,502648,3991,Unknown,False,0,True
9152,502648,1750,Bail,True,14,True
9153,502648,2736,Bail,True,9,True
9154,502648,1814,Arrested,False,0,True
9155,502648,2161,Bail,True,18,True
9156,502648,1259,Absconding,False,0,True
9157,521935,422,Arrested,True,12,False
9158,516287,4020,Unknown,True,20,True
9159,516287,1368,Unknown,True,12,True
9160,516287,3435,Bail,True,4,True
9161,502265,755,Unknown,True,18,True
9162,502265,264,Unknown,True,7,True
9163,502265,958,Bail,False,0,True
9164,502265,3229,Bail,False,0,True
9165,521922,2030,Unknown,True,3,False
9166,522045,987,Absconding,True,20,False
9167,522245,2465,Bail,False,0,True
9168,522245,1852,Arrested,False,0,True
9169,522245,890,Unknown,False,0,True
9170,522245,4788,Arrested,True,9,True
9171,519506,1410,Unknown,True,1,False
9172,519506,3973,Absconding,True,9,False
9173,505888,3264,Unknown,False,0,True
9174,505888,1679,Absconding,True,11,True
9175,505888,2351,Arrested,True,6,True
9176,505888,2483,Absconding,False,0,True
9177,502885,4123,Arrested,False,0,False
9178,502885,2190,Absconding,True,6,False
9179,514734,2202,Unknown,False,0,True
9180,514734,3900,Arrested,True,1,True
9181,514734,1880,Unknown,False,0,True
9182,512977,723,Arrested,True,2,True
9183,512977,4479,Unknown,False,0,True
9184,512977,1442,Absconding,False,0,True
9185,501367,350,Arrested,False,0,True
9186,501367,630,Unknown,True,8,True
9187,501367,2278,Bail,False,0,True
9188,506914,3236,Arrested,False,0,True
9189,506914,4482,Unknown,True,6,True
9190,506914,2142,Arrested,True,5,True
9191,506914,1689,Bail,True,1,True
9192,506914,2358,Absconding,True,12,True
9193,506914,743,Absconding,True,6,True
9194,519701,3614,Unknown,True,10,True
9195,519701,2708,Absconding,False,0,True
9196,519701,4641,Unknown,False,0,True
9197,519701,3713,Bail,True,16,True
9198,519701,4222,Unknown,False,0,True
9199,519701,4989,Unknown,False,0,True
9200,517660,2984,Bail,True,14,True
9201,517660,2753,Bail,True,16,True
9202,517660,760,Arrested,False,0,True
9203,505983,1414,Absconding,False,0,True
9204,505983,1322,Bail,False,0,True
9205,505983,3580,Bail,True,9,True
9206,505983,3305,Bail,True,16,True
9207,505253,4496,Unknown,True,5,False
9208,505253,3334,Bail,True,4,False
9209,511569,694,Bail,False,0,False
9210,511014,3253,Absconding,True,7,False
9211,521893,3221,Unknown,False,0,True
9212,521893,3124,Arrested,False,0,True
9213,521893,2243,Bail,True,18,True
9214,521893,3232,Unknown,True,18,True
9215,521893,615,Bail,False,0,True
9216,521893,1607,Arrested,True,10,True
9217,511457,1732,Unknown,True,12,False
9218,511893,2761,Unknown,True,2,False
9219,501066,2787,Unknown,False,0,True
9220,501066,2200,Arrested,False,0,True
9221,501066,3785,Arrested,False,0,True
9222,501066,4402,Bail,True,18,True
9223,501066,1007,Bail,True,14,True
9224,501066,1917,Arrested,True,4,True
9225,522827,3129,Bail,False,0,False
9226,513173,4770,Arrested,False,0,True
9227,513173,1808,Unknown,True,10,True
9228,513173,527,Arrested,False,0,True
9229,512494,219,Bail,True,18,True
9230,512494,4352,Absconding,True,8,True
9231,512494,4789,Absconding,True,2,True
9232,524767,3222,Absconding,True,16,False
9233,524767,742,Absconding,True,18,False
9234,524332,2922,Arrested,False,0,True
9235,524332,4351,Arrested,True,13,True
9236,524332,4501,Absconding,False,0,True
9237,524332,4862,Arrested,True,6,True
9238,524332,531,Bail,False,0,True
9239,504166,3319,Arrested,True,6,False
9240,504166,2130,Bail,False,0,False
9241,512795,9,Unknown,True,5,True
9242,512795,2486,Absconding,True,6,True
9243,512795,3305,Unknown,True,6,True
9244,522266,2793,Unknown,True,17,True
9245,522266,1908,Absconding,True,8,True
9246,522266,4647,Bail,False,0,True
9247,522266,331,Bail,False,0,True
9248,522266,3370,Arrested,False,0,True
9249,522266,4639,Arrested,True,3,True
9250,518466,3394,Unknown,True,10,True
9251,518466,2243,Absconding,True,17,True
9252,518466,2060,Arrested,False,0,True
9253,524408,4339,Unknown,False,0,True
9254,524408,2137,Absconding,True,20,True
9255,524408,4836,Arrested,True,2,True
9256,524408,4650,Bail,True,1,True
9257,524408,4145,Unknown,False,0,True
9258,523197,3093,Unknown,True,8,True
9259,523197,825,Arrested,True,20,True
9260,523197,2913,Arrested,False,0,True
9261,519430,3489,Arrested,True,17,False
9262,519430,2749,Absconding,False,0,False
9263,507554,2938,Absconding,False,0,False
9264,502930,4575,Arrested,True,8,True
9265,502930,1968,Bail,True,15,True
9266,502930,2919,Arrested,True,20,True
9267,502930,3995,Bail,False,0,True
9268,502930,2676,Unknown,False,0,True
9269,502930,2375,Bail,True,11,True
9270,520341,3916,Bail,True,20,False
9271,508120,3442,Bail,False,0,True
9272,508120,686,Absconding,True,6,True
9273,508120,4266,Bail,False,0,True
9274,507218,2480,Arrested,False,0,True
9275,507218,243,Unknown,False,0,True
9276,507218,3965,Unknown,False,0,True
9277,507218,3938,Arrested,True,19,True
9278,514609,4253,Arrested,True,9,True
9279,514609,3611,Absconding,True,18,True
9280,514609,1503,Absconding,False,0,True
9281,514609,444,Arrested,False,0,True
9282,519515,3149,Bail,True,15,True
9283,519515,3711,Unknown,True,1,True
9284,519515,1185,Unknown,True,4,True
9285,519515,4868,Absconding,True,8,True
9286,504094,1948,Unknown,True,18,True
9287,504094,962,Unknown,True,5,True
9288,504094,152,Absconding,True,16,True
9289,504094,4246,Unknown,False,0,True
9290,504094,1553,Absconding,False,0,True
9291,504094,4515,Absconding,True,13,True
9292,521701,2676,Arrested,False,0,False
9293,521701,396,Arrested,False,0,False
9294,505291,677,Unknown,False,0,True
9295,505291,3668,Absconding,False,0,True
9296,505291,4196,Bail,True,17,True
9297,505291,3293,Unknown,True,14,True
9298,505291,444,Bail,True,5,True
9299,505291,290,Unknown,True,3,True
9300,504956,4683,Bail,True,4,True
9301,504956,3220,Bail,True,4,True
9302,504956,1282,Arrested,False,0,True
9303,504956,53,Absconding,True,10,True
9304,504956,2555,Bail,False,0,True
9305,504956,2831,Bail,False,0,True
9306,502021,4334,Absconding,True,4,True
9307,502021,2026,Unknown,True,17,True
9308,502021,2058,Arrested,False,0,True
9309,506975,3466,Bail,True,12,False
9310,506975,2438,Unknown,True,2,False
9311,502603,27,Absconding,False,0,True
9312,502603,1574,Bail,True,11,True
9313,502603,3395,Unknown,True,18,True
9314,520474,3714,Bail,False,0,True
9315,520474,4368,Bail,True,14,True
9316,520474,4193,Arrested,False,0,True
9317,520474,3021,Unknown,False,0,True
9318,520474,4000,Absconding,False,0,True
9319,502351,2910,Absconding,False,0,True
9320,502351,2427,Bail,True,14,True
9321,502351,1098,Bail,True,12,True
9322,502351,3128,Bail,False,0,True
9323,500906,3876,Arrested,False,0,False
9324,508294,920,Unknown,False,0,True
9325,508294,91,Absconding,False,0,True
9326,508294,2115,Absconding,True,19,True
9327,508294,66,Arrested,True,15,True
9328,508294,3188,Absconding,False,0,True
9329,524795,247,Bail,False,0,True
9330,524795,4060,Absconding,False,0,True
9331,524795,2460,Arrested,True,7,True
9332,524795,4198,Arrested,True,18,True
9333,524795,4445,Arrested,True,3,True
9334,524795,4930,Bail,True,5,True
9335,507268,2523,Unknown,True,12,True
9336,507268,303,Arrested,False,0,True
9337,507268,3353,Unknown,False,0,True
9338,509872,4477,Absconding,False,0,True
9339,509872,4233,Absconding,True,10,True
9340,509872,1321,Arrested,False,0,True
9341,509872,3128,Absconding,True,6,True
9342,509872,3407,Bail,True,3,True
9343,503065,2821,Arrested,False,0,True
9344,503065,2328,Unknown,False,0,True
9345,503065,893,Absconding,True,12,True
9346,503065,84,Absconding,False,0,True
9347,503065,4591,Absconding,True,5,True
9348,500070,1648,Absconding,True,13,True
9349,500070,742,Absconding,False,0,True
9350,500070,3353,Bail,False,0,True
9351,522412,2789,Arrested,True,14,True
9352,522412,2051,Arrested,True,20,True
9353,522412,2327,Absconding,True,17,True
9354,522412,4069,Bail,True,7,True
9355,522412,2672,Bail,True,12,True
9356,514741,685,Absconding,False,0,True
9357,514741,127,Bail,True,7,True
9358,514741,260,Absconding,False,0,True
9359,514741,4347,Absconding,False,0,True
9360,514741,3650,Arrested,False,0,True
9361,519581,337,Bail,False,0,False
9362,515962,3396,Unknown,True,3,True
9363,515962,2068,Arrested,False,0,True
9364,515962,3635,Bail,True,7,True
9365,510428,3223,Arrested,False,0,True
9366,510428,2916,Absconding,True,7,True
9367,510428,1665,Arrested,False,0,True
9368,510428,2740,Absconding,False,0,True
9369,510428,2102,Bail,True,5,True
9370,510428,2331,Absconding,False,0,True
9371,508234,3795,Unknown,False,0,True
9372,508234,946,Bail,False,0,True
9373,508234,563,Unknown,False,0,True
9374,508234,3449,Unknown,True,17,True
9375,508234,969,Absconding,False,0,True
9376,508234,1057,Arrested,False,0,True
9377,511593,107,Arrested,False,0,True
9378,511593,4216,Unknown,False,0,True
9379,511593,1301,Arrested,False,0,True
9380,521558,4165,Unknown,False,0,True
9381,521558,846,Bail,False,0,True
9382,521558,45,Arrested,True,15,True
9383,521558,4390,Absconding,False,0,True
9384,521558,4423,Unknown,True,2,True
9385,521558,1830,Bail,False,0,True
9386,502044,1461,Bail,False,0,False
9387,514640,4983,Bail,True,17,True
9388,514640,1306,Unknown,True,11,True
9389,514640,2218,Bail,False,0,True
9390,514640,1015,Bail,False,0,True
9391,514640,2392,Arrested,True,7,True
9392,514640,372,Unknown,True,9,True
9393,506675,2876,Absconding,True,7,False
9394,506675,3377,Unknown,False,0,False
9395,509510,2829,Absconding,True,1,True
9396,509510,4033,Arrested,True,8,True
9397,509510,779,Absconding,True,15,True
9398,509510,4458,Absconding,True,7,True
9399,509510,4125,Unknown,False,0,True
9400,509510,2626,Bail,False,0,True
9401,517740,145,Arrested,True,20,True
9402,517740,3199,Arrested,True,17,True
9403,517740,799,Unknown,False,0,True
9404,517740,2240,Unknown,True,13,True
9405,517740,4787,Absconding,False,0,True
9406,517740,4489,Bail,True,3,True
9407,507650,3128,Unknown,True,13,True
9408,507650,4230,Unknown,False,0,True
9409,507650,4462,Bail,False,0,True
9410,513439,3760,Absconding,False,0,True
9411,513439,4651,Arrested,True,6,True
9412,513439,968,Unknown,False,0,True
9413,514713,2227,Arrested,True,1,False
9414,514713,2957,Unknown,True,15,False
9415,503317,1780,Bail,False,0,True
9416,503317,2166,Bail,False,0,True
9417,503317,884,Unknown,True,14,True
9418,501813,2115,Arrested,True,1,True
9419,501813,1669,Arrested,False,0,True
9420,501813,2413,Absconding,False,0,True
9421,501813,4398,Bail,True,5,True
9422,501813,1169,Bail,True,6,True
9423,501789,2502,Bail,False,0,False
9424,501789,2773,Arrested,False,0,False
9425,500384,3446,Absconding,False,0,True
9426,500384,1241,Absconding,False,0,True
9427,500384,2679,Absconding,False,0,True
9428,500384,1348,Unknown,False,0,True
9429,500730,747,Unknown,False,0,True
9430,500730,581,Absconding,False,0,True
9431,500730,351,Arrested,False,0,True
9432,500730,2559,Bail,False,0,True
9433,500730,4216,Arrested,True,17,True
9434,500730,1772,Absconding,True,15,True
9435,500314,2314,Arrested,True,14,True
9436,500314,4645,Absconding,True,4,True
9437,500314,1277,Absconding,True,4,True
9438,500314,1023,Arrested,False,0,True
9439,500314,3198,Unknown,True,16,True
9440,500314,4570,Unknown,True,20,True
9441,523827,2870,Absconding,False,0,False
9442,523827,3350,Bail,True,11,False
9443,512618,3572,Arrested,False,0,False
9444,510355,4847,Bail,True,13,True
9445,510355,4533,Bail,True,19,True
9446,510355,4087,Arrested,True,17,True
9447,510355,1312,Bail,True,4,True
9448,510355,1053,Arrested,False,0,True
9449,510355,2644,Absconding,True,13,True
9450,518342,1509,Bail,True,16,True
9451,518342,3074,Absconding,False,0,True
9452,518342,753,Unknown,True,19,True
9453,518342,1587,Absconding,True,17,True
9454,518342,4189,Unknown,True,6,True
9455,505901,141,Unknown,True,16,True
9456,505901,4507,Unknown,False,0,True
9457,505901,1667,Absconding,True,19,True
9458,505901,1127,Bail,True,12,True
9459,517040,1683,Unknown,True,3,True
9460,517040,975,Unknown,True,11,True
9461,517040,1787,Bail,True,19,True
9462,517040,3578,Unknown,False,0,True
9463,517040,2378,Unknown,False,0,True
9464,517040,1322,Bail,True,8,True
9465,512386,3457,Absconding,False,0,True
9466,512386,545,Unknown,False,0,True
9467,512386,3701,Arrested,True,4,True
9468,502948,186,Arrested,True,17,True
9469,502948,4234,Absconding,False,0,True
9470,502948,4438,Absconding,True,5,True
9471,502948,2596,Bail,False,0,True
9472,502948,2558,Absconding,True,7,True
9473,502948,2398,Bail,False,0,True
9474,510183,2640,Bail,False,0,True
9475,510183,2200,Absconding,True,6,True
9476,510183,3463,Bail,False,0,True
9477,510183,1076,Arrested,False,0,True
9478,506217,4667,Bail,True,2,True
9479,506217,2781,Unknown,True,16,True
9480,506217,1765,Bail,False,0,True
9481,506217,1425,Bail,False,0,True
9482,519013,1375,Bail,True,10,False
9483,523022,2846,Arrested,False,0,False
9484,504470,4106,Arrested,False,0,True
9485,504470,757,Unknown,False,0,True
9486,504470,4589,Bail,True,5,True
9487,504470,3822,Bail,True,3,True
9488,519428,3495,Arrested,False,0,True
9489,519428,1034,Arrested,False,0,True
9490,519428,3990,Absconding,True,14,True
9491,519846,4893,Bail,False,0,True
9492,519846,4769,Bail,False,0,True
9493,519846,3343,Arrested,True,12,True
9494,519846,4005,Absconding,False,0,True
9495,519846,1152,Arrested,True,8,True
9496,521691,711,Bail,False,0,True
9497,521691,45,Unknown,True,5,True
9498,521691,2827,Arrested,False,0,True
9499,521691,4609,Arrested,True,10,True
9500,506701,2843,Arrested,True,13,True
9501,506701,2120,Bail,False,0,True
9502,506701,4246,Arrested,False,0,True
9503,522335,2837,Unknown,True,16,True
9504,522335,1132,Bail,False,0,True
9505,522335,2462,Absconding,True,17,True
9506,524483,3923,Arrested,False,0,False
9507,524483,3632,Unknown,False,0,False
9508,523036,1874,Unknown,False,0,False
9509,523036,4284,Bail,False,0,False
9510,512316,3882,Arrested,False,0,False
9511,512316,4461,Unknown,False,0,False
9512,508797,2143,Absconding,False,0,False
9513,508797,3617,Unknown,True,19,False
9514,511189,617,Bail,True,3,True
9515,511189,2747,Bail,False,0,True
9516,511189,533,Arrested,False,0,True
9517,511189,2130,Unknown,True,3,True
9518,511189,2751,Unknown,True,5,True
9519,511189,2451,Arrested,True,8,True
9520,501312,2556,Absconding,True,3,True
9521,501312,483,Unknown,True,7,True
9522,501312,4439,Absconding,False,0,True
9523,501312,4347,Arrested,False,0,True
9524,501312,693,Arrested,False,0,True
9525,501312,3786,Bail,True,12,True
9526,506776,2021,Bail,False,0,True
9527,506776,3543,Arrested,False,0,True
9528,506776,1419,Unknown,True,8,True
9529,506776,760,Bail,False,0,True
9530,506776,3350,Arrested,False,0,True
9531,506776,1068,Absconding,False,0,True
9532,508070,2604,Unknown,True,13,True
9533,508070,1614,Bail,True,9,True
9534,508070,1717,Absconding,False,0,True
9535,506754,653,Arrested,False,0,True
9536,506754,2547,Arrested,True,8,True
9537,506754,2548,Bail,True,14,True
9538,506754,2149,Absconding,False,0,True
9539,506754,3013,Unknown,False,0,True
9540,500352,3974,Bail,False,0,True
9541,500352,3578,Bail,False,0,True
9542,500352,2580,Bail,True,2,True
9543,500352,283,Bail,True,11,True
9544,500352,2956,Bail,False,0,True
9545,518702,3647,Unknown,False,0,True
9546,518702,4347,Bail,False,0,True
9547,518702,302,Bail,False,0,True
9548,518702,881,Arrested,False,0,True
9549,518702,4188,Absconding,True,16,True
9550,518702,4085,Bail,False,0,True
9551,506382,540,Absconding,True,16,False
9552,506382,978,Absconding,True,15,False
9553,505437,4434,Arrested,True,4,False
9554,505437,2741,Arrested,True,12,False
9555,509469,3316,Absconding,False,0,False
9556,509469,2485,Unknown,False,0,False
9557,514453,2448,Absconding,True,2,True
9558,514453,52,Arrested,False,0,True
9559,514453,3723,Arrested,False,0,True
9560,514453,815,Arrested,False,0,True
9561,514453,2561,Unknown,False,0,True
9562,514453,2855,Arrested,False,0,True
9563,518321,4681,Arrested,True,16,True
9564,518321,4261,Arrested,False,0,True
9565,518321,4822,Arrested,True,19,True
9566,518321,716,Bail,True,10,True
9567,518321,4043,Unknown,False,0,True
9568,518321,4185,Bail,False,0,True
9569,512458,3117,Arrested,False,0,True
9570,512458,2903,Absconding,False,0,True
9571,512458,3137,Unknown,True,1,True
9572,519752,4123,Absconding,False,0,True
9573,519752,167,Unknown,True,20,True
9574,519752,2928,Bail,False,0,True
9575,519752,491,Bail,True,3,True
9576,502859,1675,Bail,True,1,True
9577,502859,3527,Arrested,True,3,True
9578,502859,2158,Bail,True,14,True
9579,502859,4517,Absconding,True,3,True
9580,502859,3649,Arrested,True,19,True
9581,502859,2995,Absconding,False,0,True
9582,504592,1014,Arrested,False,0,True
9583,504592,906,Unknown,False,0,True
9584,504592,1285,Absconding,True,1,True
9585,504592,789,Absconding,False,0,True
9586,504592,1603,Unknown,True,12,True
9587,507752,3152,Bail,True,8,False
9588,502535,160,Arrested,False,0,True
9589,502535,876,Unknown,True,7,True
9590,502535,3,Arrested,False,0,True
9591,502535,4584,Bail,True,5,True
9592,501183,457,Absconding,False,0,False
9593,504570,1995,Arrested,True,14,False
9594,510510,2553,Bail,False,0,True
9595,510510,2938,Bail,True,1,True
9596,510510,2675,Arrested,True,4,True
9597,510510,2327,Unknown,True,2,True
9598,509740,2944,Bail,True,16,True
9599,509740,2702,Bail,False,0,True
9600,509740,4438,Unknown,False,0,True
9601,509740,3400,Absconding,False,0,True
9602,509740,1268,Arrested,True,20,True
9603,509740,1806,Unknown,False,0,True
9604,507923,1054,Unknown,False,0,False
9605,507923,4231,Arrested,True,19,False
9606,522608,1118,Arrested,True,3,True
9607,522608,388,Absconding,False,0,True
9608,522608,2131,Bail,True,14,True
9609,522608,3660,Absconding,False,0,True
9610,522608,415,Absconding,True,20,True
9611,522608,4067,Unknown,True,3,True
9612,515323,1569,Arrested,True,11,False
9613,515323,3098,Unknown,True,3,False
9614,505864,1779,Arrested,True,15,False
9615,505307,3186,Unknown,False,0,True
9616,505307,3490,Unknown,False,0,True
9617,505307,2229,Bail,True,12,True
9618,505307,3572,Absconding,True,18,True
9619,505307,4385,Unknown,True,9,True
9620,505307,3293,Absconding,False,0,True
9621,510060,190,Unknown,True,2,True
9622,510060,3210,Bail,True,13,True
9623,510060,3058,Arrested,True,10,True
9624,510060,3469,Arrested,True,14,True
9625,510060,917,Absconding,False,0,True
9626,509186,170,Unknown,True,15,True
9627,509186,4061,Arrested,False,0,True
9628,509186,68,Arrested,False,0,True
9629,509186,1214,Arrested,False,0,True
9630,509799,4932,Unknown,True,1,True
9631,509799,4061,Unknown,True,8,True
9632,509799,1153,Unknown,True,7,True
9633,509799,3977,Arrested,False,0,True
9634,515799,346,Bail,True,14,True
9635,515799,2478,Arrested,False,0,True
9636,515799,1554,Arrested,False,0,True
9637,515799,986,Unknown,False,0,True
9638,515799,3809,Unknown,False,0,True
9639,515799,3332,Absconding,True,2,True
9640,505002,1491,Bail,True,4,True
9641,505002,3910,Arrested,True,3,True
9642,505002,3296,Unknown,True,17,True
9643,505002,4445,Bail,True,5,True
9644,520426,138,Arrested,False,0,False
9645,511612,3630,Arrested,True,1,False
9646,514515,923,Arrested,True,3,True
9647,514515,2380,Unknown,True,20,True
9648,514515,2468,Arrested,True,4,True
9649,514515,4549,Absconding,True,8,True
9650,514515,2354,Bail,False,0,True
9651,514515,1841,Bail,False,0,True
9652,516208,2663,Bail,True,4,True
9653,516208,3874,Arrested,False,0,True
9654,516208,3616,Arrested,True,11,True
9655,516208,3700,Arrested,True,16,True
9656,516208,2346,Bail,False,0,True
9657,516208,3870,Unknown,True,13,True
9658,519433,4425,Bail,False,0,True
9659,519433,2589,Arrested,True,19,True
9660,519433,1864,Unknown,False,0,True
9661,517841,1486,Arrested,False,0,True
9662,517841,1570,Unknown,False,0,True
9663,517841,2271,Arrested,True,6,True
9664,517841,159,Bail,True,13,True
9665,517841,2081,Arrested,True,5,True
9666,505639,1130,Bail,True,15,False
9667,507132,1931,Unknown,True,10,False
9668,507132,4594,Bail,True,19,False
9669,524179,1723,Unknown,True,5,False
9670,524305,3096,Arrested,False,0,False
9671,524305,1849,Unknown,True,5,False
9672,507398,2041,Unknown,False,0,False
9673,507398,1530,Bail,True,13,False
9674,524240,2034,Unknown,False,0,False
9675,524240,3666,Arrested,False,0,False
9676,518797,1006,Bail,True,4,False
9677,507475,3385,Unknown,True,17,True
9678,507475,2247,Unknown,False,0,True
9679,507475,4173,Bail,True,17,True
9680,507475,1603,Bail,True,16,True
9681,521485,4313,Arrested,False,0,True
9682,521485,272,Absconding,False,0,True
9683,521485,2966,Arrested,False,0,True
9684,521485,3821,Arrested,False,0,True
9685,521485,4674,Bail,True,12,True
9686,507295,2454,Bail,False,0,False
9687,517540,64,Bail,False,0,True
9688,517540,1641,Arrested,True,13,True
9689,517540,2639,Arrested,True,1,True
9690,517540,4325,Bail,True,19,True
9691,517540,4074,Unknown,False,0,True
9692,517540,337,Unknown,True,20,True
9693,511321,3697,Unknown,True,5,False
9694,511321,4560,Unknown,True,1,False
9695,500055,2050,Unknown,True,18,True
9696,500055,4001,Unknown,True,16,True
9697,500055,784,Bail,False,0,True
9698,500055,3002,Unknown,False,0,True
9699,500055,757,Unknown,False,0,True
9700,500055,2613,Bail,True,16,True
9701,513858,4989,Absconding,False,0,True
9702,513858,569,Unknown,True,3,True
9703,513858,4727,Absconding,True,7,True
9704,513858,2020,Bail,False,0,True
9705,513858,4605,Bail,False,0,True
9706,510134,1509,Arrested,True,3,False
9707,510134,838,Arrested,False,0,False
9708,520917,335,Bail,True,11,False
9709,500475,4501,Bail,False,0,True
9710,500475,4097,Unknown,False,0,True
9711,500475,3736,Absconding,True,16,True
9712,500475,1640,Bail,False,0,True
9713,518513,2864,Bail,False,0,True
9714,518513,3801,Unknown,True,19,True
9715,518513,3441,Bail,False,0,True
9716,508150,3517,Bail,False,0,True
9717,508150,3895,Bail,True,10,True
9718,508150,2366,Absconding,False,0,True
9719,508150,1303,Bail,True,6,True
9720,508150,108,Unknown,True,7,True
9721,508150,822,Bail,False,0,True
9722,518178,4442,Bail,True,5,True
9723,518178,500,Unknown,False,0,True
9724,518178,2938,Bail,False,0,True
9725,518178,4937,Bail,False,0,True
9726,524728,3505,Arrested,True,7,True
9727,524728,2956,Bail,False,0,True
9728,524728,1497,Arrested,False,0,True
9729,524728,2563,Absconding,False,0,True
9730,524728,1777,Arrested,True,13,True
9731,514614,2177,Arrested,True,5,True
9732,514614,414,Bail,True,13,True
9733,514614,3011,Absconding,False,0,True
9734,505772,2386,Bail,True,15,True
9735,505772,23,Absconding,True,20,True
9736,505772,4347,Bail,False,0,True
9737,505772,1445,Bail,True,6,True
9738,511012,2073,Arrested,False,0,True
9739,511012,363,Bail,False,0,True
9740,511012,3658,Unknown,True,6,True
9741,511012,3819,Absconding,True,11,True
9742,511012,577,Absconding,False,0,True
9743,511012,4419,Unknown,False,0,True
9744,512368,1061,Unknown,True,7,True
9745,512368,1175,Bail,True,8,True
9746,512368,4393,Absconding,True,13,True
9747,512368,781,Absconding,True,6,True
9748,512368,3049,Arrested,True,11,True
9749,523233,706,Unknown,False,0,False
9750,523233,3819,Bail,False,0,False
9751,521247,2966,Arrested,False,0,True
9752,521247,4092,Absconding,False,0,True
9753,521247,670,Absconding,False,0,True
9754,500899,4231,Arrested,False,0,True
9755,500899,4746,Arrested,False,0,True
9756,500899,1387,Bail,True,11,True
9757,500899,2655,Unknown,True,16,True
9758,511308,1736,Arrested,False,0,False
9759,518047,480,Bail,True,12,True
9760,518047,3438,Bail,True,14,True
9761,518047,3815,Bail,True,11,True
9762,518047,1046,Bail,True,12,True
9763,518047,2152,Unknown,False,0,True
9764,513643,3366,Unknown,True,19,True
9765,513643,2973,Absconding,False,0,True
9766,513643,560,Unknown,False,0,True
9767,519328,162,Bail,True,4,True
9768,519328,2049,Bail,True,16,True
9769,519328,4405,Unknown,True,11,True
9770,519328,2187,Unknown,True,19,True
9771,518785,2929,Arrested,False,0,False
9772,518785,3306,Arrested,False,0,False
9773,512070,2584,Bail,False,0,True
9774,512070,2487,Unknown,False,0,True
9775,512070,386,Bail,False,0,True
9776,512070,4049,Unknown,False,0,True
9777,512070,3322,Absconding,False,0,True
9778,512195,46,Unknown,False,0,True
9779,512195,2462,Bail,True,14,True
9780,512195,3391,Arrested,True,16,True
9781,512195,3502,Arrested,False,0,True
9782,512195,365,Unknown,False,0,True
9783,512195,1315,Arrested,False,0,True
9784,513836,954,Unknown,False,0,False
9785,511389,2660,Bail,True,2,True
9786,511389,4482,Absconding,True,20,True
9787,511389,2869,Unknown,True,18,True
9788,511389,1978,Absconding,True,9,True
9789,511389,4729,Bail,False,0,True
9790,511389,3298,Absconding,True,17,True
9791,516367,4859,Unknown,True,19,True
9792,516367,2675,Absconding,False,0,True
9793,516367,868,Bail,True,4,True
9794,519041,2645,Arrested,False,0,False
9795,506203,3548,Absconding,False,0,True
9796,506203,3943,Absconding,True,20,True
9797,506203,4594,Arrested,True,4,True
9798,516401,4545,Arrested,True,11,False
9799,516401,53,Bail,True,9,False
9800,524255,4744,Arrested,False,0,True
9801,524255,3801,Bail,False,0,True
9802,524255,1755,Unknown,True,5,True
9803,524255,2258,Arrested,False,0,True
9804,517069,3097,Bail,True,1,True
9805,517069,4997,Absconding,False,0,True
9806,517069,2338,Unknown,True,9,True
9807,517069,3941,Unknown,False,0,True
9808,518121,2651,Unknown,True,8,True
9809,518121,1423,Unknown,False,0,True
9810,518121,2250,Arrested,False,0,True
9811,518121,312,Unknown,False,0,True
9812,518121,310,Bail,True,6,True
9813,518121,3495,Arrested,False,0,True
9814,511124,4110,Bail,False,0,True
9815,511124,3116,Absconding,False,0,True
9816,511124,506,Bail,True,16,True
9817,511124,3184,Bail,False,0,True
9818,511124,3224,Unknown,False,0,True
9819,511124,4758,Arrested,True,6,True
9820,517216,3417,Absconding,False,0,False
9821,517216,721,Arrested,True,18,False
9822,509411,1393,Unknown,True,18,True
9823,509411,1329,Bail,True,5,True
9824,509411,2856,Absconding,False,0,True
9825,509411,4638,Unknown,True,9,True
9826,512439,1001,Absconding,True,17,True
9827,512439,671,Arrested,True,6,True
9828,512439,3301,Bail,True,11,True
9829,512439,629,Unknown,True,13,True
9830,512439,1601,Arrested,True,9,True
9831,512439,2121,Bail,False,0,True
9832,504126,1703,Unknown,False,0,True
9833,504126,1203,Bail,True,6,True
9834,504126,3353,Bail,True,15,True
9835,504126,147,Arrested,False,0,True
9836,504126,2407,Absconding,True,10,True
9837,518865,3472,Absconding,True,18,False
9838,508507,4116,Unknown,False,0,True
9839,508507,194,Absconding,False,0,True
9840,508507,4594,Unknown,False,0,True
9841,505484,1195,Bail,False,0,True
9842,505484,4835,Arrested,True,15,True
9843,505484,3775,Unknown,True,20,True
9844,505484,2228,Bail,False,0,True
9845,507592,117,Absconding,False,0,True
9846,507592,3591,Absconding,False,0,True
9847,507592,3755,Arrested,True,1,True
9848,507592,902,Bail,True,11,True
9849,507592,274,Absconding,True,15,True
9850,515144,3844,Absconding,False,0,False
9851,508764,3287,Arrested,True,6,True
9852,508764,4206,Bail,False,0,True
9853,508764,1761,Arrested,True,2,True
9854,508764,275,Arrested,True,3,True
9855,508764,2037,Unknown,False,0,True
9856,521113,2412,Bail,False,0,True
9857,521113,1551,Absconding,False,0,True
9858,521113,143,Bail,True,7,True
9859,521113,2411,Unknown,False,0,True
9860,521113,4124,Arrested,True,3,True
9861,517292,1646,Bail,True,10,True
9862,517292,4825,Bail,False,0,True
9863,517292,1631,Absconding,False,0,True
9864,517292,2805,Unknown,True,3,True
9865,505964,2352,Absconding,True,12,True
9866,505964,1173,Bail,False,0,True
9867,505964,4595,Bail,True,1,True
9868,511263,2014,Unknown,False,0,False
9869,523639,3365,Arrested,True,6,True
9870,523639,2739,Arrested,False,0,True
9871,523639,4229,Arrested,True,17,True
9872,523639,4891,Arrested,False,0,True
9873,523639,507,Arrested,True,1,True
9874,523639,3274,Unknown,True,17,True
9875,513685,2959,Absconding,False,0,False
9876,508874,4022,Absconding,True,4,True
9877,508874,2287,Unknown,False,0,True
9878,508874,3435,Absconding,False,0,True
9879,508874,2578,Unknown,True,2,True
9880,524922,501,Unknown,True,20,True
9881,524922,3385,Absconding,True,10,True
9882,524922,4679,Unknown,False,0,True
9883,502699,4015,Absconding,True,1,True
9884,502699,689,Unknown,True,7,True
9885,502699,4739,Bail,False,0,True
9886,502699,17,Arrested,True,8,True
9887,502699,3341,Absconding,True,6,True
9888,502699,4554,Arrested,True,8,True
9889,502096,973,Arrested,True,8,False
9890,502096,1682,Arrested,True,19,False
9891,522433,3637,Unknown,True,13,True
9892,522433,1628,Arrested,False,0,True
9893,522433,4813,Bail,True,6,True
9894,522433,4611,Unknown,False,0,True
9895,522433,3018,Bail,False,0,True
9896,506689,483,Arrested,True,3,True
9897,506689,2818,Arrested,False,0,True
9898,506689,4923,Unknown,False,0,True
9899,514863,1479,Bail,True,7,True
9900,514863,1624,Bail,False,0,True
9901,514863,3010,Unknown,False,0,True
9902,514863,1088,Bail,False,0,True
9903,514863,251,Arrested,False,0,True
9904,504394,3755,Arrested,True,20,True
9905,504394,2667,Unknown,True,10,True
9906,504394,2553,Unknown,False,0,True
9907,504394,4727,Arrested,False,0,True
9908,504394,644,Absconding,True,13,True
9909,505562,1611,Bail,True,15,False
9910,523505,3777,Unknown,False,0,False
9911,523505,4954,Unknown,True,19,False
9912,507030,1408,Absconding,True,2,True
9913,507030,4844,Unknown,False,0,True
9914,507030,1785,Unknown,True,20,True
9915,504401,3130,Absconding,False,0,False
9916,504401,2206,Unknown,True,15,False
9917,506015,2538,Arrested,True,6,True
9918,506015,554,Arrested,True,15,True
9919,506015,2115,Absconding,True,2,True
9920,506015,576,Arrested,True,5,True
9921,506015,3998,Absconding,False,0,True
9922,509729,3626,Bail,False,0,True
9923,509729,4369,Bail,False,0,True
9924,509729,1053,Absconding,False,0,True
9925,509729,1149,Unknown,False,0,True
9926,519476,616,Unknown,False,0,True
9927,519476,4602,Unknown,False,0,True
9928,519476,4532,Bail,True,4,True
9929,519476,4376,Absconding,False,0,True
9930,519476,2576,Bail,True,14,True
9931,516652,381,Bail,False,0,False
9932,516304,2361,Bail,True,13,True
9933,516304,3652,Arrested,True,7,True
9934,516304,4184,Unknown,True,20,True
9935,506593,4034,Bail,False,0,True
9936,506593,2877,Arrested,False,0,True
9937,506593,3138,Absconding,True,17,True
9938,506593,3139,Absconding,True,14,True
9939,506593,2470,Absconding,False,0,True
9940,506593,4805,Absconding,False,0,True
9941,508199,2984,Unknown,False,0,True
9942,508199,2167,Bail,False,0,True
9943,508199,3095,Absconding,False,0,True
9944,508199,436,Absconding,False,0,True
9945,508199,1197,Arrested,False,0,True
9946,523234,3468,Arrested,True,7,False
9947,508843,345,Unknown,False,0,False
9948,523633,1415,Bail,True,4,False
9949,505116,2889,Absconding,True,2,False
9950,521158,4109,Unknown,True,17,False
9951,521158,1013,Arrested,False,0,False
9952,500381,537,Bail,True,8,False
9953,500981,2062,Absconding,False,0,True
9954,500981,4222,Absconding,True,20,True
9955,500981,3585,Arrested,False,0,True
9956,516829,4353,Absconding,False,0,True
9957,516829,4629,Absconding,False,0,True
9958,516829,1163,Unknown,False,0,True
9959,514072,4905,Unknown,True,18,True
9960,514072,672,Unknown,True,19,True
9961,514072,4282,Unknown,True,14,True
9962,514072,215,Unknown,True,1,True
9963,514072,2381,Arrested,False,0,True
9964,514072,2801,Unknown,True,15,True
9965,504872,2279,Bail,False,0,True
9966,504872,4115,Bail,True,6,True
9967,504872,938,Bail,True,3,True
9968,504872,255,Absconding,True,11,True
9969,501881,3480,Absconding,True,6,True
9970,501881,2383,Arrested,True,10,True
9971,501881,551,Bail,False,0,True
9972,501881,4619,Unknown,False,0,True
9973,501881,3571,Absconding,False,0,True
9974,501881,640,Bail,True,15,True
9975,511052,366,Bail,True,8,False
9976,514574,305,Arrested,False,0,False
9977,514574,2955,Absconding,False,0,False
9978,508319,1361,Bail,True,8,True
9979,508319,279,Absconding,True,2,True
9980,508319,246,Absconding,False,0,True
9981,508319,4755,Absconding,True,16,True
9982,502708,3757,Arrested,True,3,True
9983,502708,1490,Absconding,True,3,True
9984,502708,1328,Bail,False,0,True
9985,502708,3143,Arrested,True,14,True
9986,502708,1572,Arrested,True,16,True
9987,502708,849,Arrested,False,0,True
9988,515462,2722,Arrested,False,0,True
9989,515462,4062,Arrested,True,19,True
9990,515462,2225,Bail,False,0,True
9991,515462,2719,Unknown,False,0,True
9992,515462,520,Bail,False,0,True
9993,513873,3189,Unknown,True,11,True
9994,513873,261,Absconding,False,0,True
9995,513873,3958,Unknown,False,0,True
9996,513873,1385,Unknown,True,18,True
9997,513873,4599,Absconding,True,12,True
9998,513873,788,Absconding,True,9,True
9999,524014,4162,Absconding,True,14,True
10000,524014,513,Bail,False,0,True
10001,524014,2411,Bail,True,1,True
10002,521515,4610,Unknown,False,0,True
10003,521515,501,Unknown,False,0,True
10004,521515,4827,Absconding,False,0,True
10005,521515,3626,Absconding,False,0,True
10006,503046,805,Unknown,True,10,True
10007,503046,4001,Unknown,True,1,True
10008,503046,1570,Unknown,True,16,True
10009,522848,4483,Arrested,False,0,False
10010,522848,5000,Absconding,True,16,False
10011,505141,876,Bail,True,9,True
10012,505141,1879,Absconding,False,0,True
10013,505141,743,Unknown,False,0,True
10014,505141,1469,Arrested,True,8,True
10015,505141,2113,Arrested,True,17,True
10016,505141,2903,Unknown,True,14,True
10017,500452,3695,Bail,True,14,False
10018,521067,1055,Absconding,True,14,True
10019,521067,3545,Arrested,True,16,True
10020,521067,1392,Arrested,False,0,True
10021,508029,2220,Arrested,True,8,False
10022,517563,3705,Absconding,True,16,True
10023,517563,280,Unknown,False,0,True
10024,517563,994,Absconding,True,18,True
10025,517563,4459,Absconding,False,0,True
10026,512031,4535,Unknown,False,0,False
10027,500370,484,Absconding,True,20,False
10028,514239,1665,Unknown,False,0,False
10029,524509,3415,Unknown,True,4,False
10030,524509,611,Bail,True,14,False
10031,504195,1632,Unknown,True,14,False
10032,504195,3705,Bail,True,13,False
10033,519267,4832,Arrested,True,10,True
10034,519267,2271,Unknown,False,0,True
10035,519267,3217,Unknown,True,3,True
10036,505706,3593,Unknown,False,0,False
10037,505706,1372,Absconding,True,5,False
10038,502352,2005,Unknown,True,11,False
10039,512351,2951,Absconding,False,0,True
10040,512351,3900,Unknown,True,16,True
10041,512351,3832,Bail,False,0,True
10042,512351,294,Arrested,False,0,True
10043,512351,1993,Bail,False,0,True
10044,509858,2354,Absconding,True,19,True
10045,509858,1059,Bail,False,0,True
10046,509858,129,Arrested,False,0,True
10047,509858,4281,Bail,True,15,True
10048,509858,3088,Absconding,True,20,True
10049,509858,3700,Unknown,True,16,True
10050,501319,2014,Bail,True,7,True
10051,501319,2012,Arrested,False,0,True
10052,501319,4333,Arrested,True,3,True
10053,520384,430,Bail,False,0,True
10054,520384,2747,Bail,False,0,True
10055,520384,3364,Bail,True,7,True
10056,520384,3328,Bail,False,0,True
10057,520384,1841,Bail,False,0,True
10058,520922,519,Absconding,True,17,True
10059,520922,1685,Bail,True,6,True
10060,520922,4917,Unknown,True,12,True
10061,516422,2081,Unknown,True,17,True
10062,516422,3067,Arrested,False,0,True
10063,516422,1762,Unknown,False,0,True
10064,516422,2715,Unknown,False,0,True
10065,507822,3995,Absconding,False,0,True
10066,507822,4907,Absconding,True,20,True
10067,507822,2272,Arrested,False,0,True
10068,507822,1020,Unknown,True,14,True
10069,507822,2509,Unknown,True,3,True
10070,507822,476,Arrested,False,0,True
10071,501413,4029,Absconding,False,0,True
10072,501413,2713,Absconding,True,9,True
10073,501413,4273,Unknown,False,0,True
10074,501413,4158,Unknown,False,0,True
10075,520301,839,Unknown,False,0,True
10076,520301,2115,Unknown,True,20,True
10077,520301,534,Bail,False,0,True
10078,517760,4465,Unknown,False,0,True
10079,517760,2420,Absconding,False,0,True
10080,517760,4198,Bail,True,4,True
10081,517760,2663,Bail,False,0,True
10082,517760,1919,Unknown,False,0,True
10083,517760,2467,Arrested,True,1,True
10084,515237,2787,Bail,False,0,True
10085,515237,3235,Absconding,False,0,True
10086,515237,2442,Bail,False,0,True
10087,515237,1010,Absconding,True,11,True
10088,524809,428,Unknown,True,7,False
10089,515101,748,Bail,True,5,True
10090,515101,1083,Bail,False,0,True
10091,515101,4346,Bail,False,0,True
10092,515101,2741,Arrested,False,0,True
10093,515101,262,Arrested,True,19,True
10094,515101,2798,Absconding,False,0,True
10095,502002,3626,Arrested,False,0,True
10096,502002,898,Unknown,True,9,True
10097,502002,4798,Unknown,False,0,True
10098,517611,3428,Unknown,True,13,True
10099,517611,4391,Absconding,False,0,True
10100,517611,473,Bail,True,2,True
10101,517611,2007,Bail,False,0,True
10102,517611,4313,Bail,False,0,True
10103,500312,4636,Arrested,False,0,True
10104,500312,4192,Unknown,False,0,True
10105,500312,1357,Bail,False,0,True
10106,518511,3050,Arrested,True,15,False
10107,518511,1794,Bail,False,0,False
10108,500058,3823,Unknown,False,0,True
10109,500058,3339,Arrested,True,10,True
10110,500058,4964,Arrested,True,2,True
10111,515165,2428,Bail,False,0,True
10112,515165,1493,Arrested,False,0,True
10113,515165,3755,Bail,True,14,True
10114,515165,747,Arrested,False,0,True
10115,515165,2724,Absconding,False,0,True
10116,515165,4908,Absconding,False,0,True
10117,508727,369,Arrested,True,14,False
10118,508727,1154,Absconding,False,0,False
10119,522399,2457,Absconding,True,14,True
10120,522399,3868,Bail,False,0,True
10121,522399,2552,Arrested,False,0,True
10122,522399,2709,Arrested,False,0,True
10123,522399,3252,Absconding,False,0,True
10124,522399,3992,Arrested,False,0,True
10125,515777,1884,Unknown,False,0,False
10126,515777,3235,Bail,True,13,False
10127,517124,3704,Absconding,True,1,False
10128,517124,1302,Bail,False,0,False
10129,501535,4472,Absconding,True,15,True
10130,501535,4163,Arrested,True,15,True
10131,501535,3453,Arrested,True,16,True
10132,501535,2805,Arrested,False,0,True
10133,501535,772,Absconding,True,7,True
10134,501535,2842,Absconding,False,0,True
10135,522811,3755,Absconding,True,19,True
10136,522811,3807,Bail,True,7,True
10137,522811,1904,Bail,True,14,True
10138,522811,2355,Bail,False,0,True
10139,522811,4233,Bail,True,1,True
10140,522811,2456,Arrested,True,13,True
10141,524321,1875,Absconding,False,0,False
10142,511784,4927,Arrested,True,13,True
10143,511784,470,Arrested,False,0,True
10144,511784,4072,Bail,True,3,True
10145,511784,3911,Absconding,False,0,True
10146,511784,1419,Arrested,True,7,True
10147,510979,1726,Arrested,False,0,False
10148,510979,3727,Arrested,False,0,False
10149,512546,1875,Unknown,True,8,True
10150,512546,470,Bail,False,0,True
10151,512546,2433,Absconding,False,0,True
10152,512546,2223,Bail,True,15,True
10153,509364,851,Absconding,False,0,False
10154,501281,4878,Bail,False,0,True
10155,501281,3992,Unknown,True,11,True
10156,501281,3636,Bail,True,13,True
10157,501281,295,Absconding,False,0,True
10158,501281,3836,Bail,False,0,True
10159,501281,2554,Unknown,False,0,True
10160,523355,4229,Bail,True,10,False
10161,514546,1331,Absconding,True,14,False
10162,514546,1781,Unknown,True,9,False
10163,514510,4622,Unknown,False,0,True
10164,514510,1678,Arrested,True,6,True
10165,514510,2863,Arrested,False,0,True
10166,517230,3006,Bail,True,12,True
10167,517230,440,Unknown,True,14,True
10168,517230,198,Arrested,False,0,True
10169,517230,3326,Unknown,True,17,True
10170,508293,3758,Bail,False,0,True
10171,508293,509,Unknown,False,0,True
10172,508293,928,Arrested,True,16,True
10173,508293,3106,Absconding,False,0,True
10174,504044,4956,Arrested,True,12,False
10175,504044,334,Bail,False,0,False
10176,504345,3218,Arrested,True,5,False
10177,504345,3030,Absconding,True,3,False
10178,508396,3852,Bail,False,0,False
10179,517954,2414,Bail,False,0,True
10180,517954,3418,Absconding,True,6,True
10181,517954,140,Absconding,True,7,True
10182,517954,345,Unknown,True,4,True
10183,517954,3322,Bail,False,0,True
10184,517954,1979,Bail,True,1,True
10185,509947,3820,Bail,False,0,True
10186,509947,4934,Arrested,False,0,True
10187,509947,422,Bail,False,0,True
10188,509947,1964,Arrested,True,17,True
10189,509947,2105,Absconding,True,20,True
10190,500885,3102,Unknown,True,12,True
10191,500885,1022,Arrested,False,0,True
10192,500885,1548,Bail,True,3,True
10193,500885,3902,Bail,True,10,True
10194,500885,3675,Bail,False,0,True
10195,517924,1191,Unknown,False,0,True
10196,517924,2455,Unknown,True,8,True
10197,517924,2159,Unknown,True,11,True
10198,517924,576,Absconding,True,15,True
10199,522761,2181,Arrested,False,0,True
10200,522761,1734,Bail,True,9,True
10201,522761,1270,Absconding,True,16,True
10202,522761,3218,Arrested,True,3,True
10203,522761,3912,Bail,True,2,True
10204,505380,768,Unknown,False,0,True
10205,505380,926,Unknown,True,13,True
10206,505380,2120,Arrested,True,9,True
10207,505380,130,Unknown,False,0,True
10208,519144,2352,Arrested,False,0,True
10209,519144,1597,Bail,False,0,True
10210,519144,1574,Unknown,True,14,True
10211,519144,3385,Arrested,True,15,True
10212,519144,1018,Unknown,False,0,True
10213,508919,731,Arrested,True,19,False
10214,508919,777,Absconding,False,0,False
10215,521297,1936,Absconding,False,0,False
10216,500323,3126,Arrested,False,0,True
10217,500323,3808,Absconding,False,0,True
10218,500323,4615,Unknown,False,0,True
10219,512344,4131,Arrested,True,3,True
10220,512344,3458,Bail,False,0,True
10221,512344,2039,Bail,True,16,True
10222,512344,947,Absconding,False,0,True
10223,512344,1111,Absconding,True,6,True
10224,512344,825,Unknown,False,0,True
10225,523142,2349,Unknown,True,12,True
10226,523142,1315,Arrested,True,4,True
10227,523142,2895,Bail,True,20,True
10228,523142,4153,Absconding,True,15,True
10229,523142,3447,Bail,False,0,True
10230,523142,4205,Bail,True,20,True
10231,508471,4648,Bail,True,20,True
10232,508471,517,Arrested,False,0,True
10233,508471,4197,Bail,False,0,True
10234,508471,3205,Unknown,True,5,True
10235,508471,1310,Unknown,False,0,True
10236,501863,513,Unknown,False,0,False
10237,501863,2610,Absconding,False,0,False
10238,517618,415,Unknown,True,11,False
10239,517618,4326,Arrested,False,0,False
10240,504049,90,Bail,False,0,False
10241,504049,114,Bail,False,0,False
10242,507047,2873,Arrested,False,0,False
10243,507047,3241,Bail,False,0,False
10244,517194,3834,Bail,True,10,False
10245,502839,3550,Absconding,False,0,False
10246,502839,1680,Unknown,True,19,False
10247,500736,3739,Absconding,False,0,True
10248,500736,159,Arrested,True,2,True
10249,500736,2294,Unknown,True,8,True
10250,504743,4705,Unknown,False,0,True
10251,504743,479,Unknown,False,0,True
10252,504743,2707,Unknown,False,0,True
10253,504743,1326,Absconding,True,1,True
10254,504743,3919,Unknown,False,0,True
10255,504743,443,Arrested,False,0,True
10256,506706,598,Unknown,False,0,True
10257,506706,709,Arrested,True,17,True
10258,506706,1316,Bail,False,0,True
10259,506706,4819,Absconding,True,15,True
10260,506706,1594,Bail,True,20,True
10261,519474,388,Bail,False,0,True
10262,519474,1791,Bail,True,6,True
10263,519474,1378,Unknown,True,8,True
10264,519474,3760,Absconding,True,19,True
10265,519474,2437,Absconding,True,20,True
10266,512303,4105,Absconding,True,13,False
10267,512303,2617,Bail,False,0,False
10268,514738,2582,Absconding,False,0,False
10269,508517,314,Bail,True,18,True
10270,508517,4184,Arrested,False,0,True
10271,508517,2647,Bail,True,20,True
10272,503363,983,Bail,True,17,True
10273,503363,3681,Arrested,False,0,True
10274,503363,4713,Bail,False,0,True
10275,503363,2385,Bail,True,14,True
10276,506804,646,Absconding,True,18,False
10277,506804,1814,Bail,False,0,False
10278,517219,2692,Unknown,True,17,True
10279,517219,4102,Unknown,False,0,True
10280,517219,3916,Unknown,False,0,True
10281,517219,4780,Absconding,False,0,True
10282,517219,3185,Bail,True,16,True
10283,519452,2075,Unknown,True,10,True
10284,519452,983,Absconding,False,0,True
10285,519452,65,Arrested,False,0,True
10286,519452,3965,Bail,True,13,True
10287,519452,4149,Absconding,True,11,True
10288,506718,885,Arrested,False,0,True
10289,506718,2949,Bail,False,0,True
10290,506718,928,Unknown,True,14,True
10291,503735,2778,Unknown,True,4,False
10292,503735,730,Arrested,False,0,False
10293,514164,911,Absconding,False,0,True
10294,514164,1070,Bail,False,0,True
10295,514164,2103,Arrested,True,16,True
10296,512020,4896,Absconding,True,19,True
10297,512020,4732,Absconding,False,0,True
10298,512020,2262,Bail,False,0,True
10299,512020,2187,Absconding,False,0,True
10300,512020,4920,Absconding,True,3,True
10301,508426,4384,Arrested,False,0,True
10302,508426,3730,Bail,False,0,True
10303,508426,1373,Arrested,False,0,True
10304,508426,4304,Bail,True,9,True
10305,508426,4805,Unknown,False,0,True
10306,502646,714,Unknown,False,0,True
10307,502646,106,Absconding,False,0,True
10308,502646,3381,Bail,True,12,True
10309,502646,3197,Arrested,False,0,True
10310,502646,365,Arrested,False,0,True
10311,511777,1680,Arrested,True,2,True
10312,511777,1062,Unknown,True,19,True
10313,511777,4047,Arrested,True,2,True
10314,520541,1201,Absconding,False,0,True
10315,520541,1672,Unknown,True,14,True
10316,520541,2942,Unknown,True,14,True
10317,520541,1240,Unknown,False,0,True
10318,520541,1289,Unknown,False,0,True
10319,510988,71,Bail,True,2,True
10320,510988,1829,Arrested,False,0,True
10321,510988,2350,Arrested,True,20,True
10322,510988,3503,Absconding,False,0,True
10323,510988,3601,Unknown,False,0,True
10324,506704,3240,Unknown,True,17,False
10325,506704,2683,Unknown,True,13,False
10326,516198,4962,Bail,True,8,True
10327,516198,4304,Unknown,False,0,True
10328,516198,736,Arrested,True,2,True
10329,516198,4497,Bail,False,0,True
10330,516198,1162,Bail,False,0,True
10331,524159,3234,Unknown,False,0,True
10332,524159,343,Bail,True,15,True
10333,524159,3292,Bail,True,17,True
10334,524159,2812,Bail,False,0,True
10335,524159,1205,Bail,False,0,True
10336,524159,4216,Bail,True,17,True
10337,518364,4882,Absconding,False,0,True
10338,518364,4406,Unknown,False,0,True
10339,518364,2722,Unknown,False,0,True
10340,518492,2186,Absconding,False,0,True
10341,518492,4470,Unknown,False,0,True
10342,518492,2272,Unknown,True,1,True
10343,518492,693,Bail,True,14,True
10344,506088,3550,Bail,True,11,False
10345,515457,3676,Unknown,True,17,False
10346,519242,277,Unknown,True,14,True
10347,519242,1827,Arrested,True,17,True
10348,519242,4077,Arrested,False,0,True
10349,519242,4148,Absconding,False,0,True
10350,519242,1779,Arrested,True,12,True
10351,513899,2167,Arrested,False,0,True
10352,513899,2501,Unknown,False,0,True
10353,513899,2172,Arrested,False,0,True
10354,507739,2746,Unknown,True,4,False
10355,508351,3674,Unknown,False,0,True
10356,508351,864,Absconding,False,0,True
10357,508351,2356,Bail,False,0,True
10358,508351,1324,Unknown,True,19,True
10359,508351,671,Arrested,False,0,True
10360,508351,477,Arrested,False,0,True
10361,515334,4839,Absconding,True,20,True
10362,515334,3591,Bail,False,0,True
10363,515334,1097,Arrested,True,9,True
10364,515334,2279,Absconding,False,0,True
10365,513009,1369,Absconding,True,2,True
10366,513009,4666,Unknown,False,0,True
10367,513009,1425,Absconding,True,20,True
10368,513009,3582,Unknown,False,0,True
10369,513009,2487,Bail,False,0,True
10370,513009,2068,Bail,True,12,True
10371,520534,3838,Arrested,False,0,True
10372,520534,3948,Arrested,True,12,True
10373,520534,3055,Bail,False,0,True
10374,520534,1866,Unknown,False,0,True
10375,520534,2730,Unknown,True,4,True
10376,520534,4357,Bail,True,8,True
10377,508822,159,Unknown,True,6,True
10378,508822,4292,Arrested,False,0,True
10379,508822,3074,Bail,False,0,True
10380,508822,1665,Bail,False,0,True
10381,508822,4300,Bail,False,0,True
10382,518900,1860,Absconding,True,19,True
10383,518900,3582,Arrested,True,15,True
10384,518900,3525,Arrested,True,3,True
10385,518293,4438,Unknown,False,0,True
10386,518293,4612,Unknown,True,8,True
10387,518293,921,Unknown,False,0,True
10388,501122,691,Bail,False,0,False
10389,518910,3184,Unknown,False,0,True
10390,518910,1318,Arrested,False,0,True
10391,518910,374,Unknown,False,0,True
10392,518910,2907,Absconding,True,9,True
10393,517496,2077,Arrested,True,17,True
10394,517496,89,Arrested,True,9,True
10395,517496,4262,Bail,False,0,True
10396,520806,4458,Absconding,False,0,True
10397,520806,2249,Unknown,True,17,True
10398,520806,2048,Unknown,True,7,True
10399,520806,4495,Absconding,False,0,True
10400,505184,3784,Unknown,False,0,True
10401,505184,2359,Arrested,False,0,True
10402,505184,2399,Unknown,False,0,True
10403,522230,862,Absconding,False,0,True
10404,522230,4504,Arrested,False,0,True
10405,522230,665,Bail,True,18,True
10406,522713,636,Absconding,False,0,True
10407,522713,488,Arrested,True,16,True
10408,522713,3747,Unknown,True,6,True
10409,522713,4322,Arrested,False,0,True
10410,522713,2196,Bail,True,13,True
10411,522713,2038,Absconding,True,10,True
10412,500492,1890,Absconding,False,0,True
10413,500492,3423,Arrested,True,9,True
10414,500492,1461,Bail,False,0,True
10415,500492,583,Unknown,True,19,True
10416,500492,443,Bail,True,18,True
10417,515357,2292,Bail,True,20,False
10418,515764,3274,Unknown,True,10,False
10419,500386,4373,Arrested,True,6,False
10420,507503,3015,Arrested,True,10,False
10421,507503,2521,Bail,True,3,False
10422,515265,2864,Arrested,False,0,True
10423,515265,2042,Arrested,False,0,True
10424,515265,3188,Bail,True,11,True
10425,515265,2950,Absconding,True,18,True
10426,515265,1704,Unknown,False,0,True
10427,509959,4993,Unknown,True,9,True
10428,509959,1879,Absconding,False,0,True
10429,509959,3014,Unknown,False,0,True
10430,509959,3115,Bail,True,15,True
10431,515649,4165,Absconding,False,0,False
10432,509173,4221,Unknown,False,0,False
10433,513364,2978,Unknown,True,3,True
10434,513364,2313,Unknown,False,0,True
10435,513364,2114,Arrested,False,0,True
10436,514472,4451,Bail,True,15,False
10437,503508,2759,Bail,True,7,True
10438,503508,3494,Bail,False,0,True
10439,503508,1157,Bail,False,0,True
10440,503508,455,Arrested,False,0,True
10441,503508,2467,Bail,False,0,True
10442,500410,976,Absconding,True,7,False
10443,519475,4508,Absconding,False,0,False
10444,501283,3809,Absconding,False,0,False
10445,501283,1070,Arrested,True,3,False
10446,518964,3156,Absconding,True,16,True
10447,518964,4834,Absconding,True,2,True
10448,518964,2556,Arrested,True,2,True
10449,518964,3669,Bail,True,16,True
10450,518964,1608,Arrested,True,15,True
10451,502555,2232,Unknown,True,1,True
10452,502555,2670,Arrested,False,0,True
10453,502555,4454,Unknown,True,8,True
10454,512499,3697,Arrested,True,17,True
10455,512499,2869,Arrested,True,11,True
10456,512499,3674,Arrested,False,0,True
10457,513594,4750,Unknown,True,7,False
10458,513594,1202,Arrested,False,0,False
10459,501357,212,Arrested,True,18,False
10460,501357,3550,Unknown,True,3,False
10461,517081,3858,Arrested,True,3,True
10462,517081,2151,Absconding,True,13,True
10463,517081,4687,Unknown,True,19,True
10464,507899,4196,Unknown,True,5,True
10465,507899,331,Unknown,True,12,True
10466,507899,4203,Unknown,True,20,True
10467,507899,3801,Bail,False,0,True
10468,507899,4160,Bail,True,13,True
10469,504950,965,Absconding,True,8,True
10470,504950,510,Unknown,True,11,True
10471,504950,3434,Absconding,False,0,True
10472,504950,2970,Unknown,True,1,True
10473,504950,3208,Arrested,True,2,True
10474,502253,4414,Arrested,True,3,True
10475,502253,3457,Absconding,True,4,True
10476,502253,1682,Arrested,False,0,True
10477,518695,3566,Absconding,True,14,True
10478,518695,3661,Arrested,True,3,True
10479,518695,3169,Unknown,False,0,True
10480,518695,2904,Unknown,True,18,True
10481,518695,335,Absconding,False,0,True
10482,518695,3856,Arrested,False,0,True
10483,521046,383,Absconding,False,0,True
10484,521046,4351,Bail,True,18,True
10485,521046,133,Bail,False,0,True
10486,521046,3973,Absconding,False,0,True
10487,502790,2481,Bail,True,3,True
10488,502790,4738,Absconding,True,5,True
10489,502790,4297,Bail,True,20,True
10490,502790,375,Absconding,True,3,True
10491,502790,499,Unknown,True,7,True
10492,502790,705,Unknown,False,0,True
10493,521807,3443,Bail,True,1,True
10494,521807,1360,Unknown,False,0,True
10495,521807,2585,Absconding,True,20,True
10496,521807,2661,Absconding,False,0,True
10497,521807,4786,Arrested,False,0,True
10498,502086,594,Unknown,True,17,False
10499,502086,492,Unknown,True,1,False
10500,519052,2782,Unknown,True,10,True
10501,519052,1839,Bail,True,3,True
10502,519052,4691,Absconding,False,0,True
10503,520511,1782,Absconding,False,0,True
10504,520511,3517,Bail,False,0,True
10505,520511,64,Unknown,True,9,True
10506,520511,3994,Unknown,True,13,True
10507,520511,2252,Bail,False,0,True
10508,520511,3927,Bail,True,20,True
10509,516168,4879,Arrested,False,0,True
10510,516168,652,Arrested,True,6,True
10511,516168,378,Arrested,False,0,True
10512,517121,1398,Unknown,False,0,True
10513,517121,4877,Unknown,True,19,True
10514,517121,2918,Arrested,False,0,True
10515,514935,4243,Absconding,False,0,True
10516,514935,4562,Unknown,False,0,True
10517,514935,993,Unknown,True,12,True
10518,507949,1862,Arrested,True,2,True
10519,507949,4237,Unknown,False,0,True
10520,507949,58,Unknown,True,1,True
10521,507949,590,Unknown,True,19,True
10522,507949,1370,Absconding,False,0,True
10523,507949,3128,Bail,False,0,True
10524,506608,1010,Unknown,False,0,True
10525,506608,1229,Absconding,False,0,True
10526,506608,4658,Absconding,True,17,True
10527,506608,2659,Absconding,True,18,True
10528,506608,837,Unknown,True,5,True
10529,514930,109,Bail,True,19,False
10530,521566,1999,Unknown,False,0,True
10531,521566,3604,Bail,False,0,True
10532,521566,2668,Arrested,True,1,True
10533,521566,899,Bail,False,0,True
10534,514496,1245,Absconding,True,15,False
10535,523800,4543,Absconding,False,0,False
10536,523800,2238,Bail,True,10,False
10537,508942,4306,Arrested,False,0,True
10538,508942,2652,Bail,True,5,True
10539,508942,655,Bail,True,17,True
10540,508942,1958,Bail,False,0,True
10541,520159,3713,Absconding,True,9,True
10542,520159,3845,Bail,True,16,True
10543,520159,1126,Arrested,True,19,True
10544,509003,382,Unknown,True,6,True
10545,509003,448,Unknown,True,3,True
10546,509003,3044,Arrested,True,1,True
10547,509003,2140,Absconding,False,0,True
10548,516580,1111,Unknown,True,7,True
10549,516580,1535,Absconding,False,0,True
10550,516580,3065,Bail,True,3,True
10551,516580,431,Arrested,True,10,True
10552,516580,4525,Arrested,True,17,True
10553,516580,3659,Absconding,False,0,True
10554,520832,863,Bail,False,0,False
10555,520832,4026,Arrested,False,0,False
10556,514635,845,Arrested,False,0,True
10557,514635,2749,Bail,False,0,True
10558,514635,235,Arrested,True,11,True
10559,514635,1401,Arrested,False,0,True
10560,521803,4327,Arrested,True,4,True
10561,521803,4398,Arrested,False,0,True
10562,521803,4326,Unknown,True,19,True
10563,521803,2915,Arrested,True,20,True
10564,521803,3711,Unknown,False,0,True
10565,522323,2814,Bail,False,0,True
10566,522323,274,Unknown,True,3,True
10567,522323,2857,Absconding,True,11,True
10568,522323,756,Bail,True,12,True
10569,522323,3358,Bail,True,2,True
10570,515950,3121,Arrested,False,0,True
10571,515950,911,Bail,False,0,True
10572,515950,4609,Unknown,True,1,True
10573,515950,1162,Bail,False,0,True
10574,501036,2521,Unknown,False,0,False
10575,511216,769,Arrested,False,0,True
10576,511216,4741,Arrested,True,4,True
10577,511216,1364,Bail,False,0,True
10578,511216,3541,Arrested,False,0,True
10579,515616,3759,Absconding,True,8,True
10580,515616,3625,Absconding,True,2,True
10581,515616,3727,Unknown,True,9,True
10582,515616,3751,Bail,False,0,True
10583,515616,1661,Bail,True,10,True
10584,510912,3799,Absconding,True,18,True
10585,510912,241,Arrested,False,0,True
10586,510912,1535,Unknown,True,10,True
10587,517791,1079,Bail,True,13,True
10588,517791,1820,Bail,False,0,True
10589,517791,2066,Arrested,False,0,True
10590,517791,905,Unknown,True,11,True
10591,508454,4874,Absconding,True,5,False
10592,508454,3245,Unknown,False,0,False
10593,514401,4251,Unknown,False,0,False
10594,512504,4546,Absconding,True,6,True
10595,512504,3790,Bail,True,14,True
10596,512504,3395,Bail,False,0,True
10597,512504,4709,Arrested,True,9,True
10598,512504,2434,Absconding,False,0,True
10599,519068,2532,Bail,True,13,True
10600,519068,3421,Arrested,False,0,True
10601,519068,3668,Bail,True,4,True
10602,515672,637,Bail,True,19,True
10603,515672,4950,Arrested,False,0,True
10604,515672,2975,Arrested,True,20,True
10605,502405,791,Bail,True,8,True
10606,502405,523,Unknown,False,0,True
10607,502405,646,Absconding,False,0,True
10608,502405,1757,Bail,True,10,True
10609,502405,830,Unknown,False,0,True
10610,511702,870,Arrested,True,20,True
10611,511702,663,Unknown,True,10,True
10612,511702,210,Arrested,False,0,True
10613,511702,1159,Unknown,False,0,True
10614,511702,3948,Absconding,True,20,True
10615,511702,2461,Arrested,True,9,True
10616,512028,2341,Bail,False,0,True
10617,512028,3695,Bail,False,0,True
10618,512028,3688,Absconding,False,0,True
10619,506463,893,Bail,True,14,True
10620,506463,3201,Bail,True,7,True
10621,506463,4428,Absconding,False,0,True
10622,518305,4687,Absconding,False,0,True
10623,518305,2608,Arrested,False,0,True
10624,518305,796,Arrested,False,0,True
10625,518305,4718,Absconding,True,14,True
10626,524891,1297,Arrested,True,3,True
10627,524891,365,Unknown,False,0,True
10628,524891,1632,Unknown,True,20,True
10629,521734,1236,Bail,False,0,True
10630,521734,4059,Unknown,True,20,True
10631,521734,3422,Bail,False,0,True
10632,515320,2604,Absconding,False,0,True
10633,515320,187,Bail,True,4,True
10634,515320,4834,Bail,False,0,True
10635,515320,1916,Unknown,False,0,True
10636,515320,4308,Arrested,False,0,True
10637,524583,4523,Arrested,True,13,False
10638,514067,1999,Arrested,True,15,True
10639,514067,29,Arrested,False,0,True
10640,514067,53,Bail,True,7,True
10641,514067,3410,Arrested,True,2,True
10642,514067,1572,Bail,True,1,True
10643,514067,935,Arrested,True,4,True
10644,510133,154,Arrested,False,0,True
10645,510133,2437,Bail,False,0,True
10646,510133,1357,Arrested,False,0,True
10647,510133,346,Unknown,False,0,True
10648,510133,1417,Absconding,True,10,True
10649,510133,3249,Absconding,False,0,True
10650,524898,599,Absconding,True,12,True
10651,524898,2158,Bail,False,0,True
10652,524898,2232,Arrested,False,0,True
10653,524898,3574,Bail,False,0,True
10654,524898,3545,Arrested,True,11,True
10655,501085,3174,Absconding,True,17,True
10656,501085,3660,Absconding,False,0,True
10657,501085,4493,Absconding,True,4,True
10658,501085,3036,Bail,False,0,True
10659,501085,3499,Absconding,True,19,True
10660,510353,28,Bail,True,18,True
10661,510353,3479,Absconding,False,0,True
10662,510353,693,Bail,False,0,True
10663,524198,2635,Bail,True,14,True
10664,524198,2503,Absconding,True,4,True
10665,524198,4197,Arrested,True,7,True
10666,524198,13,Bail,True,18,True
10667,524198,3848,Arrested,True,20,True
10668,524198,3654,Arrested,False,0,True
10669,521132,1495,Unknown,False,0,True
10670,521132,2397,Arrested,True,20,True
10671,521132,3307,Arrested,True,6,True
10672,521132,3549,Arrested,True,5,True
10673,521170,2946,Unknown,True,14,True
10674,521170,1556,Bail,True,7,True
10675,521170,3079,Bail,False,0,True
10676,521170,232,Arrested,True,2,True
10677,521170,4694,Absconding,False,0,True
10678,520770,1585,Bail,True,4,True
10679,520770,2017,Arrested,True,17,True
10680,520770,4648,Unknown,True,7,True
10681,520770,1676,Unknown,True,2,True
10682,519448,2056,Bail,False,0,True
10683,519448,2591,Bail,False,0,True
10684,519448,2174,Unknown,False,0,True
10685,519448,4961,Absconding,False,0,True
10686,519448,666,Unknown,False,0,True
10687,519448,4472,Absconding,False,0,True
10688,523302,3461,Bail,False,0,True
10689,523302,2013,Bail,True,11,True
10690,523302,3453,Absconding,False,0,True
10691,523302,4090,Arrested,True,17,True
10692,523302,2720,Arrested,True,11,True
10693,523302,2211,Unknown,True,6,True
10694,518168,4957,Unknown,True,5,True
10695,518168,1526,Arrested,True,8,True
10696,518168,1900,Bail,False,0,True
10697,518168,1055,Arrested,True,1,True
10698,519632,4117,Arrested,False,0,False
10699,505332,1381,Unknown,False,0,True
10700,505332,206,Bail,False,0,True
10701,505332,3538,Arrested,False,0,True
10702,505332,1876,Arrested,False,0,True
10703,505313,4678,Absconding,True,17,True
10704,505313,1022,Arrested,False,0,True
10705,505313,4589,Arrested,True,11,True
10706,505313,4714,Absconding,True,12,True
10707,519218,1313,Bail,False,0,True
10708,519218,2721,Unknown,False,0,True
10709,519218,2009,Unknown,False,0,True
10710,519218,2706,Absconding,True,6,True
10711,519218,1178,Arrested,True,3,True
10712,519218,4042,Bail,True,5,True
10713,517920,3863,Bail,False,0,True
10714,517920,968,Bail,False,0,True
10715,517920,1573,Bail,False,0,True
10716,517920,3973,Unknown,True,8,True
10717,517920,1996,Unknown,False,0,True
10718,517920,1195,Unknown,True,8,True
10719,503384,149,Arrested,False,0,False
10720,503384,2900,Absconding,False,0,False
10721,516453,1159,Absconding,True,4,False
10722,501277,708,Unknown,False,0,True
10723,501277,4925,Arrested,False,0,True
10724,501277,4009,Unknown,False,0,True
10725,505733,2483,Arrested,True,3,True
10726,505733,4322,Absconding,False,0,True
10727,505733,4795,Absconding,False,0,True
10728,513207,3222,Unknown,False,0,False
10729,513207,4377,Absconding,True,18,False
10730,506905,3108,Arrested,False,0,True
10731,506905,2276,Arrested,False,0,True
10732,506905,3801,Absconding,True,17,True
10733,506905,4384,Bail,True,14,True
10734,506905,2763,Unknown,False,0,True
10735,506707,25,Arrested,True,8,True
10736,506707,534,Arrested,True,18,True
10737,506707,2679,Unknown,True,16,True
10738,506707,1385,Arrested,True,7,True
10739,516682,3692,Unknown,True,13,False
10740,516682,3880,Bail,True,7,False
10741,504480,4097,Absconding,True,15,True
10742,504480,378,Unknown,True,5,True
10743,504480,2658,Arrested,True,20,True
10744,516643,3582,Unknown,False,0,True
10745,516643,4852,Unknown,False,0,True
10746,516643,4832,Absconding,False,0,True
10747,504640,3775,Bail,False,0,True
10748,504640,4549,Bail,True,18,True
10749,504640,3964,Absconding,True,13,True
10750,504640,1570,Bail,True,12,True
10751,523615,247,Absconding,False,0,True
10752,523615,4408,Absconding,True,13,True
10753,523615,1209,Bail,False,0,True
10754,523615,4082,Arrested,False,0,True
10755,523615,3073,Arrested,True,6,True
10756,503319,3481,Absconding,True,9,True
10757,503319,3008,Absconding,False,0,True
10758,503319,3752,Arrested,False,0,True
10759,503319,4485,Arrested,False,0,True
10760,503319,2313,Bail,True,4,True
10761,503319,1518,Absconding,True,19,True
10762,509996,1261,Absconding,False,0,False
10763,509996,2960,Arrested,False,0,False
10764,512800,486,Unknown,False,0,True
10765,512800,567,Arrested,True,5,True
10766,512800,1307,Absconding,False,0,True
10767,512800,52,Arrested,False,0,True
10768,512800,910,Unknown,False,0,True
10769,512800,3400,Absconding,True,14,True
10770,503471,3776,Bail,True,11,True
10771,503471,927,Bail,False,0,True
10772,503471,1279,Absconding,True,5,True
10773,503471,4148,Bail,False,0,True
10774,503471,789,Bail,True,20,True
10775,513745,132,Arrested,False,0,True
10776,513745,591,Arrested,False,0,True
10777,513745,1397,Bail,True,12,True
10778,513745,1634,Arrested,True,4,True
10779,511058,131,Unknown,False,0,True
10780,511058,1722,Absconding,True,3,True
10781,511058,1415,Bail,True,12,True
10782,511058,3918,Bail,False,0,True
10783,511058,2797,Bail,True,15,True
10784,511058,4101,Bail,False,0,True
10785,520891,3221,Arrested,True,18,True
10786,520891,4886,Absconding,False,0,True
10787,520891,3278,Arrested,False,0,True
10788,517768,3878,Arrested,True,12,True
10789,517768,1018,Arrested,False,0,True
10790,517768,3357,Absconding,False,0,True
10791,517768,2880,Arrested,True,2,True
10792,517768,115,Arrested,True,3,True
10793,517487,3093,Arrested,False,0,True
10794,517487,1714,Bail,False,0,True
10795,517487,2484,Bail,False,0,True
10796,515969,769,Bail,False,0,False
10797,515969,4845,Bail,False,0,False
10798,501454,3471,Arrested,False,0,False
10799,521109,528,Bail,True,5,False
10800,502333,407,Arrested,False,0,True
10801,502333,1573,Arrested,True,2,True
10802,502333,4052,Unknown,False,0,True
10803,502333,3513,Bail,False,0,True
10804,502333,557,Bail,True,17,True
10805,502333,2452,Bail,False,0,True
10806,517257,1654,Unknown,True,4,False
10807,517936,78,Arrested,True,19,True
10808,517936,3390,Arrested,True,7,True
10809,517936,3912,Bail,True,8,True
10810,517936,2975,Bail,True,5,True
10811,517936,2514,Absconding,False,0,True
10812,519463,3013,Unknown,False,0,True
10813,519463,1934,Unknown,True,18,True
10814,519463,1768,Unknown,False,0,True
10815,524580,1271,Absconding,False,0,False
10816,524580,3640,Arrested,False,0,False
10817,515289,1953,Absconding,False,0,True
10818,515289,1146,Unknown,True,14,True
10819,515289,819,Arrested,True,2,True
10820,500669,946,Arrested,True,16,False
10821,500669,4549,Unknown,False,0,False
10822,522233,1387,Arrested,True,15,False
10823,523854,1774,Unknown,True,18,False
10824,503526,2345,Bail,False,0,True
10825,503526,703,Bail,False,0,True
10826,503526,3257,Unknown,False,0,True
10827,503526,847,Bail,False,0,True
10828,511459,4398,Bail,True,12,True
10829,511459,516,Bail,True,7,True
10830,511459,3030,Arrested,False,0,True
10831,516046,1780,Arrested,True,11,True
10832,516046,1328,Absconding,False,0,True
10833,516046,2367,Bail,True,14,True
10834,516046,4293,Absconding,False,0,True
10835,516046,249,Bail,False,0,True
10836,516046,2714,Unknown,False,0,True
10837,520476,2412,Arrested,True,14,False
10838,520476,896,Absconding,False,0,False
10839,505395,1512,Arrested,False,0,True
10840,505395,4082,Absconding,True,13,True
10841,505395,3802,Bail,True,6,True
10842,504835,3264,Arrested,True,11,True
10843,504835,3962,Arrested,True,13,True
10844,504835,4184,Bail,True,8,True
10845,504835,2856,Bail,False,0,True
10846,504835,3607,Arrested,True,2,True
10847,513787,2453,Arrested,False,0,True
10848,513787,4877,Bail,True,3,True
10849,513787,850,Arrested,True,5,True
10850,513787,490,Arrested,False,0,True
10851,503054,3444,Unknown,False,0,False
10852,516316,2492,Unknown,False,0,True
10853,516316,918,Unknown,True,12,True
10854,516316,2028,Absconding,False,0,True
10855,516316,766,Unknown,False,0,True
10856,516316,117,Bail,True,5,True
10857,516316,1839,Arrested,True,10,True
10858,503746,4942,Absconding,True,10,True
10859,503746,2159,Absconding,True,17,True
10860,503746,910,Unknown,True,9,True
10861,503746,4733,Unknown,False,0,True
10862,504212,1482,Bail,True,1,True
10863,504212,688,Bail,False,0,True
10864,504212,141,Absconding,False,0,True
10865,502394,2586,Arrested,False,0,True
10866,502394,4477,Bail,False,0,True
10867,502394,2505,Unknown,False,0,True
10868,512926,2172,Arrested,False,0,True
10869,512926,1832,Arrested,False,0,True
10870,512926,1001,Bail,True,10,True
10871,512926,1939,Absconding,True,7,True
10872,512926,4129,Bail,False,0,True
10873,512926,527,Bail,True,1,True
10874,507468,791,Arrested,True,6,True
10875,507468,1704,Bail,False,0,True
10876,507468,4007,Absconding,False,0,True
10877,507468,3689,Unknown,False,0,True
10878,507468,2900,Arrested,True,2,True
10879,507468,3330,Arrested,False,0,True
10880,505019,3662,Bail,False,0,False
10881,509906,4210,Unknown,True,16,True
10882,509906,3244,Unknown,True,10,True
10883,509906,120,Arrested,True,9,True
10884,509906,4311,Bail,False,0,True
10885,509906,4160,Bail,False,0,True
10886,509906,2120,Bail,True,16,True
10887,509044,2581,Absconding,True,6,True
10888,509044,4619,Bail,True,15,True
10889,509044,3320,Absconding,False,0,True
10890,509044,4937,Bail,True,12,True
10891,523599,4447,Bail,True,5,True
10892,523599,3326,Unknown,True,1,True
10893,523599,2609,Bail,False,0,True
10894,523599,2142,Unknown,False,0,True
10895,523599,1367,Arrested,False,0,True
10896,512302,1188,Bail,False,0,True
10897,512302,4603,Unknown,True,2,True
10898,512302,3603,Absconding,False,0,True
10899,512302,954,Absconding,True,15,True
10900,512302,1490,Unknown,True,11,True
10901,512302,2365,Bail,False,0,True
10902,518377,3521,Unknown,True,4,True
10903,518377,2895,Arrested,False,0,True
10904,518377,517,Absconding,False,0,True
10905,518377,4800,Bail,False,0,True
10906,518377,1921,Unknown,False,0,True
10907,513540,302,Arrested,False,0,True
10908,513540,3610,Absconding,False,0,True
10909,513540,1685,Bail,False,0,True
10910,513540,948,Absconding,False,0,True
10911,524764,1744,Arrested,False,0,True
10912,524764,4505,Bail,False,0,True
10913,524764,335,Arrested,True,14,True
10914,524764,4360,Unknown,False,0,True
10915,524764,4726,Absconding,True,4,True
10916,524764,2233,Absconding,False,0,True
10917,522830,3767,Unknown,True,17,True
10918,522830,3227,Arrested,False,0,True
10919,522830,4461,Bail,False,0,True
10920,519333,529,Absconding,True,13,True
10921,519333,2133,Unknown,True,10,True
10922,519333,3023,Absconding,True,1,True
10923,521275,2223,Bail,True,13,False
10924,521275,1655,Unknown,False,0,False
10925,524391,4606,Bail,True,8,True
10926,524391,3916,Unknown,False,0,True
10927,524391,4340,Bail,True,14,True
10928,524391,3940,Absconding,True,11,True
10929,506780,4326,Absconding,True,7,True
10930,506780,3627,Bail,True,11,True
10931,506780,4967,Bail,False,0,True
10932,506780,3418,Unknown,True,13,True
10933,506780,4833,Bail,True,4,True
10934,500458,2668,Bail,False,0,False
10935,500458,3827,Bail,True,7,False
10936,521656,3383,Arrested,True,12,True
10937,521656,1818,Absconding,True,14,True
10938,521656,2307,Absconding,False,0,True
10939,521656,3801,Unknown,True,17,True
10940,521656,2055,Bail,False,0,True
10941,501107,2891,Unknown,False,0,True
10942,501107,3769,Absconding,False,0,True
10943,501107,424,Unknown,True,14,True
10944,515569,2245,Bail,False,0,True
10945,515569,1539,Absconding,True,1,True
10946,515569,4223,Bail,True,4,True
10947,515569,2272,Bail,True,19,True
10948,515569,2742,Unknown,True,14,True
10949,511454,4144,Unknown,True,18,True
10950,511454,1317,Bail,True,5,True
10951,511454,330,Bail,True,4,True
10952,511454,2356,Absconding,False,0,True
10953,511454,4444,Unknown,False,0,True
10954,511454,625,Absconding,False,0,True
10955,503198,2052,Bail,False,0,True
10956,503198,4206,Unknown,True,9,True
10957,503198,4435,Bail,False,0,True
10958,503198,876,Absconding,True,19,True
10959,503198,2375,Absconding,True,6,True
10960,503198,2392,Bail,False,0,True
10961,515064,1626,Absconding,True,4,False
10962,515064,3147,Absconding,False,0,False
10963,503795,3378,Bail,True,4,True
10964,503795,2737,Absconding,False,0,True
10965,503795,1139,Unknown,True,12,True
10966,503795,1268,Absconding,True,1,True
10967,518854,2123,Bail,False,0,False
10968,518854,4866,Unknown,False,0,False
10969,502335,4108,Absconding,False,0,True
10970,502335,99,Absconding,True,19,True
10971,502335,1041,Absconding,False,0,True
10972,502335,1111,Absconding,False,0,True
10973,502335,1858,Absconding,True,9,True
10974,511609,3110,Bail,False,0,True
10975,511609,991,Arrested,False,0,True
10976,511609,4179,Arrested,False,0,True
10977,511609,546,Bail,True,13,True
10978,511609,2323,Absconding,False,0,True
10979,522040,2269,Absconding,False,0,False
10980,522040,1582,Unknown,False,0,False
10981,518534,3490,Absconding,True,15,False
10982,513511,443,Arrested,True,10,True
10983,513511,140,Arrested,False,0,True
10984,513511,4996,Unknown,True,17,True
10985,513511,4728,Arrested,True,17,True
10986,513511,2151,Bail,True,2,True
10987,513511,4572,Unknown,False,0,True
10988,510020,1225,Arrested,False,0,False
10989,510020,3280,Absconding,False,0,False
10990,514242,2560,Bail,True,18,False
10991,514242,2567,Bail,False,0,False
10992,505199,1813,Arrested,False,0,True
10993,505199,1764,Absconding,False,0,True
10994,505199,2827,Bail,False,0,True
10995,505199,1775,Absconding,False,0,True
10996,505199,290,Absconding,True,16,True
10997,505199,3771,Absconding,True,12,True
10998,522136,4252,Bail,True,20,True
10999,522136,1698,Bail,True,2,True
11000,522136,3419,Bail,True,6,True
11001,522136,2611,Bail,False,0,True
11002,522136,4552,Arrested,False,0,True
11003,503309,2216,Absconding,True,13,False
11004,503309,1384,Absconding,True,12,False
11005,513448,3068,Arrested,True,11,False
11006,513448,3021,Unknown,True,15,False
11007,515327,2373,Arrested,True,2,False
11008,503708,1151,Unknown,True,3,False
11009,512021,1164,Bail,False,0,True
11010,512021,2817,Arrested,True,8,True
11011,512021,2500,Unknown,False,0,True
11012,512021,496,Bail,False,0,True
11013,512021,1329,Bail,True,14,True
11014,524670,157,Absconding,True,11,False
11015,524670,1998,Bail,True,4,False
11016,510994,4538,Unknown,False,0,True
11017,510994,4211,Bail,False,0,True
11018,510994,2392,Unknown,False,0,True
11019,510994,4738,Absconding,False,0,True
11020,522417,110,Arrested,False,0,False
11021,522417,386,Absconding,False,0,False
11022,521303,4071,Arrested,False,0,True
11023,521303,2695,Bail,True,6,True
11024,521303,1927,Arrested,False,0,True
11025,521303,480,Unknown,True,15,True
11026,507909,1588,Unknown,True,15,True
11027,507909,4051,Arrested,False,0,True
11028,507909,97,Bail,False,0,True
11029,507909,3823,Unknown,False,0,True
11030,520491,1539,Absconding,True,3,True
11031,520491,3091,Bail,False,0,True
11032,520491,4805,Bail,False,0,True
11033,520491,1693,Arrested,False,0,True
11034,513658,3979,Absconding,True,12,False
11035,513658,2720,Unknown,False,0,False
11036,504192,4311,Unknown,False,0,True
11037,504192,3500,Unknown,False,0,True
11038,504192,4190,Absconding,False,0,True
11039,504192,4284,Bail,False,0,True
11040,504192,3576,Arrested,True,18,True
11041,504192,4421,Absconding,True,8,True
11042,516214,4270,Absconding,False,0,False
11043,516314,1939,Unknown,True,18,False
11044,516314,4783,Bail,True,8,False
11045,503861,234,Absconding,False,0,True
11046,503861,4552,Arrested,False,0,True
11047,503861,3444,Unknown,False,0,True
11048,503861,4012,Bail,False,0,True
11049,503861,764,Absconding,False,0,True
11050,503861,4192,Absconding,True,15,True
11051,517831,3454,Arrested,False,0,True
11052,517831,3648,Absconding,True,3,True
11053,517831,4329,Arrested,True,11,True
11054,517831,3443,Bail,False,0,True
11055,517831,570,Bail,True,12,True
11056,517831,2586,Unknown,True,19,True
11057,512417,4812,Unknown,False,0,True
11058,512417,2824,Absconding,False,0,True
11059,512417,819,Bail,False,0,True
11060,512417,2584,Unknown,False,0,True
11061,512417,1231,Unknown,False,0,True
11062,524437,3648,Absconding,True,11,True
11063,524437,1688,Unknown,False,0,True
11064,524437,3711,Absconding,True,11,True
11065,524437,4479,Absconding,False,0,True
11066,524437,3736,Absconding,False,0,True
11067,512194,1924,Arrested,False,0,True
11068,512194,846,Absconding,True,3,True
11069,512194,1225,Unknown,True,11,True
11070,512194,1821,Unknown,False,0,True
11071,522428,1090,Absconding,True,9,True
11072,522428,1027,Unknown,False,0,True
11073,522428,1903,Unknown,False,0,True
11074,518994,870,Absconding,False,0,False
11075,518994,1372,Bail,False,0,False
11076,518261,4849,Arrested,False,0,True
11077,518261,4278,Arrested,False,0,True
11078,518261,3371,Bail,False,0,True
11079,518261,4408,Bail,True,5,True
11080,518261,4153,Arrested,False,0,True
11081,518261,1492,Arrested,False,0,True
11082,510273,3215,Unknown,False,0,False
11083,516650,178,Absconding,True,15,False
11084,523941,1862,Arrested,False,0,False
11085,516418,2252,Absconding,False,0,True
11086,516418,4782,Arrested,False,0,True
11087,516418,1780,Unknown,True,18,True
11088,516418,3203,Absconding,False,0,True
11089,517340,1121,Absconding,True,11,True
11090,517340,2036,Unknown,True,12,True
11091,517340,4590,Absconding,True,15,True
11092,517340,423,Unknown,False,0,True
11093,517340,1600,Unknown,True,18,True
11094,517340,2551,Bail,False,0,True
11095,500709,3918,Bail,False,0,True
11096,500709,3686,Arrested,False,0,True
11097,500709,4157,Arrested,True,15,True
11098,510220,120,Absconding,True,2,True
11099,510220,4332,Arrested,True,6,True
11100,510220,2946,Absconding,False,0,True
11101,510220,4582,Absconding,True,13,True
11102,510220,2325,Arrested,True,16,True
11103,510220,33,Bail,True,14,True
11104,521606,3622,Arrested,True,20,True
11105,521606,60,Arrested,True,2,True
11106,521606,4407,Unknown,False,0,True
11107,521606,352,Absconding,True,1,True
11108,521606,1783,Unknown,False,0,True
11109,510632,1207,Arrested,True,4,False
11110,508399,1940,Bail,True,7,True
11111,508399,2733,Unknown,True,2,True
11112,508399,3899,Unknown,True,9,True
11113,508399,2030,Arrested,False,0,True
11114,518857,3011,Bail,True,19,False
11115,518857,1754,Unknown,False,0,False
11116,504307,2696,Absconding,True,9,True
11117,504307,1129,Absconding,True,9,True
11118,504307,1843,Absconding,True,18,True
11119,504307,4930,Absconding,True,9,True
11120,504307,2400,Absconding,False,0,True
11121,504307,841,Absconding,True,8,True
11122,505576,1870,Arrested,False,0,False
11123,505576,4878,Arrested,False,0,False
11124,501945,1961,Unknown,True,17,False
11125,501945,153,Absconding,False,0,False
11126,522961,3955,Unknown,False,0,True
11127,522961,1137,Arrested,True,10,True
11128,522961,3175,Absconding,True,16,True
11129,504207,4903,Absconding,False,0,False
11130,519646,802,Unknown,False,0,False
11131,505876,3013,Arrested,True,3,False
11132,508936,3478,Unknown,True,8,True
11133,508936,2116,Absconding,False,0,True
11134,508936,2522,Unknown,False,0,True
11135,504236,1603,Arrested,True,13,False
11136,504236,2303,Unknown,False,0,False
11137,513884,4427,Bail,False,0,True
11138,513884,3493,Unknown,False,0,True
11139,513884,1318,Unknown,False,0,True
11140,513884,3412,Unknown,True,16,True
11141,513884,3891,Absconding,True,18,True
11142,513884,906,Unknown,True,18,True
11143,523457,657,Unknown,False,0,True
11144,523457,413,Arrested,True,12,True
11145,523457,3669,Bail,True,5,True
11146,523457,4516,Absconding,True,15,True
11147,523457,408,Absconding,False,0,True
11148,523457,1944,Bail,True,12,True
11149,505710,2914,Bail,True,16,False
11150,505710,490,Unknown,False,0,False
11151,512170,2657,Arrested,True,6,True
11152,512170,2125,Arrested,True,1,True
11153,512170,2105,Arrested,False,0,True
11154,518775,3977,Bail,True,4,True
11155,518775,942,Absconding,False,0,True
11156,518775,538,Bail,False,0,True
11157,518775,3974,Unknown,True,5,True
11158,506410,714,Absconding,False,0,True
11159,506410,1452,Absconding,True,20,True
11160,506410,66,Absconding,False,0,True
11161,510275,1966,Absconding,False,0,False
11162,511519,2210,Bail,False,0,True
11163,511519,3417,Unknown,False,0,True
11164,511519,3940,Arrested,True,18,True
11165,511519,4774,Arrested,False,0,True
11166,515619,3596,Absconding,True,11,False
11167,524792,464,Bail,True,16,True
11168,524792,3453,Bail,True,8,True
11169,524792,1977,Absconding,False,0,True
11170,524792,3538,Unknown,True,13,True
11171,524792,4462,Arrested,False,0,True
11172,513080,1477,Absconding,False,0,True
11173,513080,1358,Bail,True,5,True
11174,513080,404,Bail,False,0,True
11175,506389,1834,Absconding,True,3,True
11176,506389,2155,Arrested,True,12,True
11177,506389,4000,Absconding,True,18,True
11178,506389,3622,Absconding,False,0,True
11179,510040,552,Unknown,False,0,True
11180,510040,2715,Unknown,True,2,True
11181,510040,1176,Bail,True,17,True
11182,510040,3059,Arrested,True,11,True
11183,510040,4912,Bail,False,0,True
11184,521375,2938,Unknown,False,0,False
11185,521375,1003,Unknown,False,0,False
11186,515992,897,Bail,False,0,True
11187,515992,2679,Unknown,True,2,True
11188,515992,2112,Arrested,True,7,True
11189,515992,2092,Absconding,True,19,True
11190,515992,4530,Arrested,True,2,True
11191,518442,2178,Arrested,True,6,True
11192,518442,3872,Bail,False,0,True
11193,518442,2165,Arrested,False,0,True
11194,518442,4216,Arrested,True,12,True
11195,518442,2199,Absconding,True,5,True
11196,518442,3356,Unknown,False,0,True
11197,512995,2743,Arrested,False,0,False
11198,512995,2882,Arrested,True,6,False
11199,513885,1666,Bail,False,0,True
11200,513885,1287,Arrested,False,0,True
11201,513885,3316,Bail,False,0,True
11202,513885,4730,Unknown,True,15,True
11203,513885,2336,Arrested,True,6,True
11204,513885,1819,Bail,True,14,True
11205,516644,1584,Bail,True,12,False
11206,500702,3981,Bail,False,0,True
11207,500702,394,Unknown,True,14,True
11208,500702,3943,Arrested,True,13,True
11209,500702,663,Bail,True,3,True
11210,500702,3634,Absconding,True,4,True
11211,500702,3698,Arrested,True,1,True
11212,515944,864,Arrested,False,0,False
11213,509820,2510,Bail,True,19,True
11214,509820,685,Absconding,False,0,True
11215,509820,3479,Absconding,True,13,True
11216,509820,826,Bail,False,0,True
11217,519027,995,Arrested,True,14,True
11218,519027,285,Unknown,True,8,True
11219,519027,3654,Bail,True,6,True
11220,518421,2634,Unknown,True,13,True
11221,518421,3499,Absconding,False,0,True
11222,518421,2106,Absconding,False,0,True
11223,517446,4500,Unknown,False,0,True
11224,517446,4309,Arrested,False,0,True
11225,517446,3339,Arrested,True,19,True
11226,517446,4851,Bail,False,0,True
11227,517446,2549,Unknown,True,5,True
11228,517446,3606,Absconding,True,19,True
11229,508311,3431,Unknown,True,16,True
11230,508311,501,Absconding,False,0,True
11231,508311,1402,Arrested,False,0,True
11232,508311,2035,Unknown,True,9,True
11233,508311,3522,Absconding,False,0,True
11234,508311,4975,Absconding,True,9,True
11235,506505,2995,Unknown,True,1,False
11236,502705,1774,Absconding,True,19,True
11237,502705,968,Absconding,True,7,True
11238,502705,2110,Unknown,True,10,True
11239,502705,2091,Bail,False,0,True
11240,502705,3915,Bail,True,17,True
11241,502705,4581,Absconding,False,0,True
11242,516598,526,Arrested,True,20,False
11243,521563,285,Unknown,False,0,True
11244,521563,3935,Bail,True,1,True
11245,521563,2272,Unknown,True,11,True
11246,521563,3623,Absconding,False,0,True
11247,510374,3566,Unknown,False,0,False
11248,510374,4928,Absconding,True,15,False
11249,501982,4586,Bail,False,0,True
11250,501982,3530,Arrested,True,20,True
11251,501982,4470,Unknown,True,19,True
11252,522250,2508,Absconding,True,20,True
11253,522250,1489,Absconding,True,16,True
11254,522250,3300,Bail,True,4,True
11255,522250,4683,Bail,False,0,True
11256,522250,2164,Unknown,True,3,True
11257,522250,3848,Unknown,False,0,True
11258,509569,2351,Bail,False,0,False
11259,504547,3121,Absconding,False,0,True
11260,504547,4427,Arrested,False,0,True
11261,504547,3400,Arrested,False,0,True
11262,504547,2169,Unknown,True,1,True
11263,504111,2278,Bail,True,6,False
11264,516353,1309,Unknown,True,19,False
11265,516353,3668,Absconding,True,4,False
11266,522838,338,Arrested,True,1,True
11267,522838,2153,Arrested,True,15,True
11268,522838,4008,Arrested,False,0,True
11269,522838,1093,Bail,False,0,True
11270,523848,2720,Bail,True,19,False
11271,519272,224,Arrested,True,20,True
11272,519272,4902,Absconding,False,0,True
11273,519272,1215,Absconding,False,0,True
11274,519272,1662,Absconding,True,19,True
11275,519272,2374,Bail,False,0,True
11276,508576,97,Bail,False,0,True
11277,508576,1291,Bail,True,2,True
11278,508576,4173,Bail,True,11,True
11279,508576,4464,Arrested,False,0,True
11280,505664,4808,Absconding,False,0,True
11281,505664,3628,Absconding,True,20,True
11282,505664,3540,Bail,False,0,True
11283,505664,4277,Bail,True,6,True
11284,510905,3664,Arrested,False,0,True
11285,510905,4343,Absconding,True,5,True
11286,510905,4516,Unknown,False,0,True
11287,510905,500,Unknown,False,0,True
11288,510905,1248,Bail,True,11,True
11289,510905,1568,Unknown,True,7,True
11290,510147,2997,Arrested,True,18,False
11291,520074,1465,Bail,False,0,False
11292,514387,941,Bail,False,0,True
11293,514387,2651,Absconding,True,10,True
11294,514387,1016,Absconding,False,0,True
11295,514387,3672,Unknown,False,0,True
11296,514387,2472,Absconding,False,0,True
11297,515413,83,Unknown,False,0,True
11298,515413,1045,Unknown,True,15,True
11299,515413,847,Absconding,True,3,True
11300,516774,4585,Arrested,True,6,True
11301,516774,2241,Bail,False,0,True
11302,516774,3878,Bail,False,0,True
11303,516774,2399,Unknown,True,10,True
11304,505049,4505,Bail,True,17,False
11305,505049,2392,Absconding,False,0,False
11306,519500,707,Arrested,True,6,False
11307,519500,2400,Unknown,True,2,False
11308,502375,171,Bail,False,0,False
11309,502375,3904,Absconding,True,9,False
11310,523441,3172,Absconding,False,0,True
11311,523441,921,Absconding,True,17,True
11312,523441,1564,Unknown,True,20,True
11313,523441,2873,Arrested,True,10,True
11314,523441,3768,Bail,False,0,True
11315,515417,1249,Absconding,False,0,True
11316,515417,1034,Unknown,True,3,True
11317,515417,4409,Absconding,True,17,True
11318,514725,310,Absconding,True,2,True
11319,514725,28,Bail,True,14,True
11320,514725,2213,Unknown,False,0,True
11321,514725,3025,Unknown,False,0,True
11322,514725,1464,Unknown,True,10,True
11323,515010,775,Unknown,True,18,True
11324,515010,1088,Bail,True,8,True
11325,515010,4820,Unknown,False,0,True
11326,515010,2829,Unknown,False,0,True
11327,507331,3936,Arrested,True,8,True
11328,507331,2029,Arrested,True,9,True
11329,507331,3028,Absconding,False,0,True
11330,507331,1913,Unknown,False,0,True
11331,511379,754,Unknown,False,0,True
11332,511379,17,Absconding,False,0,True
11333,511379,438,Bail,False,0,True
11334,511379,3951,Unknown,True,2,True
11335,511379,1814,Bail,True,3,True
11336,512610,4076,Arrested,True,7,True
11337,512610,4772,Absconding,False,0,True
11338,512610,4109,Arrested,False,0,True
11339,507656,4124,Bail,True,16,True
11340,507656,3468,Arrested,True,18,True
11341,507656,3292,Absconding,True,9,True
11342,513514,3369,Bail,True,8,False
11343,514758,304,Absconding,True,12,False
11344,512383,2799,Absconding,True,9,True
11345,512383,578,Bail,False,0,True
11346,512383,3423,Bail,True,5,True
11347,512383,3049,Arrested,True,7,True
11348,512383,4053,Unknown,False,0,True
11349,512383,567,Unknown,True,18,True
11350,520309,4109,Arrested,False,0,False
11351,512155,2180,Arrested,False,0,True
11352,512155,3988,Bail,False,0,True
11353,512155,4831,Arrested,True,12,True
11354,524680,2887,Absconding,False,0,False
11355,514817,3126,Unknown,True,20,True
11356,514817,2531,Arrested,False,0,True
11357,514817,876,Absconding,True,1,True
11358,514817,322,Bail,True,7,True
11359,514817,2755,Absconding,False,0,True
11360,514817,360,Unknown,False,0,True
11361,501225,603,Bail,False,0,True
11362,501225,1892,Arrested,False,0,True
11363,501225,83,Arrested,False,0,True
11364,501225,1015,Unknown,True,17,True
11365,501225,1088,Arrested,True,14,True
11366,501225,3220,Bail,False,0,True
11367,509170,1300,Absconding,False,0,True
11368,509170,2155,Absconding,False,0,True
11369,509170,2845,Unknown,False,0,True
11370,509170,3318,Absconding,False,0,True
11371,509170,4375,Arrested,False,0,True
11372,514696,3051,Absconding,True,20,True
11373,514696,3708,Absconding,False,0,True
11374,514696,3017,Bail,False,0,True
11375,514696,4797,Arrested,True,13,True
11376,514696,4807,Arrested,False,0,True
11377,514696,4850,Unknown,True,9,True
11378,500639,816,Unknown,False,0,False
11379,500639,4438,Absconding,False,0,False
11380,516997,4261,Unknown,True,15,True
11381,516997,3431,Unknown,False,0,True
11382,516997,3654,Arrested,True,2,True
11383,516997,4201,Absconding,True,13,True
11384,516997,1474,Arrested,False,0,True
11385,516997,2762,Unknown,True,6,True
11386,500346,1789,Arrested,True,13,True
11387,500346,852,Bail,True,9,True
11388,500346,106,Arrested,False,0,True
11389,500346,495,Bail,True,1,True
11390,500346,738,Bail,False,0,True
11391,514262,1117,Bail,False,0,False
11392,514262,1442,Unknown,False,0,False
11393,507429,216,Bail,True,9,False
11394,507429,3905,Bail,True,18,False
11395,514989,1286,Absconding,False,0,True
11396,514989,2838,Arrested,False,0,True
11397,514989,3859,Absconding,False,0,True
11398,514989,91,Unknown,False,0,True
11399,514989,2860,Absconding,True,18,True
11400,514989,1119,Arrested,True,15,True
11401,502688,1119,Absconding,False,0,True
11402,502688,743,Unknown,False,0,True
11403,502688,1105,Bail,True,13,True
11404,509881,1054,Bail,True,15,True
11405,509881,4525,Unknown,False,0,True
11406,509881,2483,Absconding,True,14,True
11407,509881,677,Absconding,False,0,True
11408,509881,3916,Arrested,False,0,True
11409,509881,559,Arrested,True,19,True
11410,506847,3168,Arrested,True,2,True
11411,506847,1627,Arrested,False,0,True
11412,506847,1716,Unknown,False,0,True
11413,519419,696,Unknown,True,12,True
11414,519419,2524,Bail,True,14,True
11415,519419,516,Arrested,True,5,True
11416,519419,2360,Unknown,False,0,True
11417,501035,4133,Unknown,False,0,False
11418,519640,2,Unknown,True,18,True
11419,519640,3919,Arrested,False,0,True
11420,519640,4102,Bail,True,13,True
11421,519640,1595,Absconding,False,0,True
11422,519640,2358,Bail,False,0,True
11423,519640,621,Absconding,False,0,True
11424,500726,3345,Unknown,False,0,False
11425,500726,45,Unknown,False,0,False
11426,513737,158,Arrested,False,0,False
11427,506146,95,Unknown,False,0,True
11428,506146,357,Arrested,True,13,True
11429,506146,714,Arrested,True,6,True
11430,505505,3971,Absconding,False,0,True
11431,505505,717,Bail,False,0,True
11432,505505,627,Absconding,True,4,True
11433,505505,1091,Absconding,False,0,True
11434,505505,407,Arrested,False,0,True
11435,517776,1368,Arrested,False,0,True
11436,517776,772,Absconding,False,0,True
11437,517776,3876,Unknown,False,0,True
11438,517776,158,Bail,False,0,True
11439,517776,271,Bail,True,18,True
11440,523419,2271,Arrested,False,0,True
11441,523419,3765,Bail,True,19,True
11442,523419,1185,Unknown,False,0,True
11443,523419,3558,Bail,False,0,True
11444,523419,3583,Arrested,True,12,True
11445,523419,2001,Absconding,True,4,True
11446,509571,1983,Bail,True,10,False
11447,512185,4180,Bail,False,0,True
11448,512185,3045,Arrested,True,9,True
11449,512185,453,Bail,False,0,True
11450,512185,2490,Bail,True,1,True
11451,510944,2203,Arrested,False,0,False
11452,510944,168,Absconding,True,4,False
11453,502009,717,Absconding,False,0,True
11454,502009,4083,Unknown,False,0,True
11455,502009,1269,Bail,True,18,True
11456,502009,2194,Bail,True,20,True
11457,506953,421,Unknown,True,11,True
11458,506953,2818,Unknown,True,6,True
11459,506953,2361,Absconding,False,0,True
11460,506953,4831,Unknown,True,17,True
11461,506953,4980,Bail,True,6,True
11462,501641,3695,Bail,False,0,True
11463,501641,2893,Unknown,True,3,True
11464,501641,3739,Bail,True,19,True
11465,501641,9,Absconding,True,7,True
11466,501641,3026,Unknown,True,1,True
11467,509682,2031,Absconding,False,0,True
11468,509682,1687,Unknown,True,12,True
11469,509682,2537,Arrested,True,10,True
11470,509682,4157,Unknown,False,0,True
11471,524211,2586,Absconding,True,11,False
11472,524211,405,Absconding,False,0,False
11473,524071,4040,Arrested,False,0,True
11474,524071,3210,Bail,False,0,True
11475,524071,520,Absconding,True,14,True
11476,515256,2469,Unknown,True,18,True
11477,515256,749,Unknown,True,4,True
11478,515256,954,Arrested,False,0,True
11479,517368,479,Absconding,False,0,True
11480,517368,3456,Bail,False,0,True
11481,517368,1176,Bail,True,17,True
11482,517368,4616,Unknown,True,9,True
11483,517368,3145,Unknown,False,0,True
11484,517368,82,Bail,False,0,True
11485,510312,4765,Absconding,False,0,False
11486,510312,2757,Arrested,False,0,False
11487,515889,1890,Bail,True,7,True
11488,515889,1242,Unknown,False,0,True
11489,515889,3336,Unknown,False,0,True
11490,515889,4220,Unknown,False,0,True
11491,515889,689,Unknown,True,9,True
11492,505181,3933,Absconding,True,11,False
11493,502639,3151,Bail,True,1,True
11494,502639,4639,Unknown,False,0,True
11495,502639,4458,Bail,False,0,True
11496,503738,778,Arrested,False,0,False
11497,503738,3076,Unknown,True,4,False
11498,505764,4331,Absconding,True,14,True
11499,505764,4495,Absconding,False,0,True
11500,505764,1964,Arrested,False,0,True
11501,505764,2417,Arrested,True,12,True
11502,502324,3523,Arrested,False,0,True
11503,502324,721,Unknown,True,13,True
11504,502324,2733,Bail,False,0,True
11505,502324,3052,Arrested,True,17,True
11506,502324,2705,Bail,False,0,True
11507,503947,3610,Absconding,False,0,True
11508,503947,3457,Unknown,False,0,True
11509,503947,1931,Arrested,False,0,True
11510,503947,3258,Bail,True,17,True
11511,503947,3347,Arrested,False,0,True
11512,504795,4996,Unknown,True,12,False
11513,504795,1556,Unknown,False,0,False
11514,512098,3737,Arrested,True,3,True
11515,512098,2469,Bail,True,17,True
11516,512098,2612,Absconding,True,10,True
11517,512098,102,Absconding,True,6,True
11518,519849,1500,Absconding,True,5,True
11519,519849,33,Unknown,True,6,True
11520,519849,2159,Arrested,True,18,True
11521,519849,1284,Bail,True,4,True
11522,516222,3268,Bail,True,4,True
11523,516222,3949,Bail,True,3,True
11524,516222,4831,Unknown,True,17,True
11525,505717,3441,Bail,True,10,True
11526,505717,633,Bail,True,15,True
11527,505717,1453,Unknown,True,17,True
11528,505717,1218,Arrested,True,16,True
11529,505717,1475,Bail,False,0,True
11530,505717,3455,Unknown,False,0,True
11531,506791,3806,Bail,True,15,True
11532,506791,2513,Absconding,True,14,True
11533,506791,2376,Absconding,True,19,True
11534,506791,2762,Bail,False,0,True
11535,522192,1581,Unknown,True,8,True
11536,522192,4977,Arrested,True,10,True
11537,522192,390,Bail,False,0,True
11538,518166,2792,Absconding,False,0,True
11539,518166,2818,Unknown,True,1,True
11540,518166,3751,Absconding,False,0,True
11541,518166,3851,Bail,False,0,True
11542,518166,670,Arrested,True,5,True
11543,501892,3538,Absconding,False,0,True
11544,501892,3677,Unknown,False,0,True
11545,501892,525,Arrested,False,0,True
11546,501892,2086,Bail,False,0,True
11547,501892,295,Arrested,True,20,True
11548,501892,2867,Absconding,True,12,True
11549,519063,1076,Absconding,True,18,False
11550,505598,2084,Unknown,False,0,True
11551,505598,297,Absconding,True,10,True
11552,505598,2088,Arrested,True,7,True
11553,507648,3042,Absconding,False,0,True
11554,507648,2718,Absconding,True,19,True
11555,507648,1300,Arrested,False,0,True
11556,507648,3579,Bail,True,11,True
11557,507648,4453,Bail,True,12,True
11558,523270,3119,Bail,True,6,True
11559,523270,4783,Arrested,False,0,True
11560,523270,1850,Unknown,False,0,True
11561,520898,3734,Bail,False,0,True
11562,520898,2309,Absconding,True,15,True
11563,520898,4447,Unknown,True,19,True
11564,520898,1732,Arrested,True,9,True
11565,520898,1632,Absconding,True,13,True
11566,506423,3434,Unknown,True,3,True
11567,506423,3664,Arrested,True,8,True
11568,506423,109,Arrested,False,0,True
11569,510950,1128,Bail,True,2,True
11570,510950,3236,Unknown,True,6,True
11571,510950,2267,Absconding,True,18,True
11572,510950,81,Bail,False,0,True
11573,505571,3242,Unknown,True,14,True
11574,505571,341,Absconding,False,0,True
11575,505571,3593,Bail,False,0,True
11576,505571,1342,Bail,False,0,True
11577,505571,2381,Bail,True,7,True
11578,505571,534,Arrested,True,8,True
11579,522966,2272,Unknown,True,12,False
11580,521505,2739,Bail,False,0,False
11581,513912,1180,Absconding,False,0,False
11582,513912,3598,Bail,False,0,False
11583,518780,1039,Absconding,True,2,False
11584,509621,4396,Absconding,True,8,True
11585,509621,926,Bail,True,1,True
11586,509621,4569,Arrested,False,0,True
11587,523087,615,Arrested,False,0,False
11588,523087,4869,Unknown,True,9,False
11589,518043,1642,Bail,False,0,False
11590,522625,4557,Unknown,True,16,True
11591,522625,792,Bail,True,5,True
11592,522625,4047,Unknown,True,11,True
11593,522625,3787,Bail,True,15,True
11594,505161,2127,Unknown,True,15,True
11595,505161,4189,Bail,True,17,True
11596,505161,3565,Unknown,False,0,True
11597,516319,3524,Absconding,False,0,True
11598,516319,1531,Bail,False,0,True
11599,516319,870,Arrested,True,13,True
11600,516319,4036,Arrested,True,4,True
11601,516319,2147,Absconding,False,0,True
11602,514882,931,Absconding,True,13,False
11603,514882,3365,Bail,True,4,False
11604,518327,1141,Arrested,False,0,False
11605,518327,2972,Absconding,False,0,False
11606,516963,4157,Absconding,True,6,True
11607,516963,1882,Bail,False,0,True
11608,516963,4782,Absconding,False,0,True
11609,517386,2139,Unknown,False,0,False
11610,511305,565,Unknown,False,0,True
11611,511305,2404,Unknown,False,0,True
11612,511305,771,Absconding,True,20,True
11613,508166,3323,Bail,False,0,True
11614,508166,3470,Unknown,True,15,True
11615,508166,4171,Bail,False,0,True
11616,508166,4511,Arrested,True,16,True
11617,512703,4958,Arrested,True,6,True
11618,512703,876,Bail,True,6,True
11619,512703,346,Arrested,True,4,True
11620,512703,706,Absconding,True,14,True
11621,512703,4979,Absconding,True,5,True
11622,516868,2948,Bail,True,20,False
11623,500617,4488,Arrested,False,0,True
11624,500617,4814,Arrested,False,0,True
11625,500617,4042,Absconding,True,2,True
11626,500617,155,Bail,False,0,True
11627,500617,2885,Arrested,False,0,True
11628,517055,1939,Unknown,False,0,True
11629,517055,3856,Absconding,True,3,True
11630,517055,3786,Unknown,True,18,True
11631,517055,629,Unknown,False,0,True
11632,517055,1762,Unknown,True,9,True
11633,517055,4736,Arrested,False,0,True
11634,501902,108,Unknown,False,0,True
11635,501902,2406,Bail,True,16,True
11636,501902,4193,Arrested,True,2,True
11637,501902,4796,Absconding,False,0,True
11638,501902,4037,Absconding,False,0,True
11639,501902,3265,Bail,True,15,True
11640,516085,3665,Bail,False,0,False
11641,500409,1679,Unknown,False,0,False
11642,500409,274,Unknown,True,13,False
11643,518773,11,Bail,True,15,True
11644,518773,892,Bail,False,0,True
11645,518773,573,Bail,True,16,True
11646,518773,2366,Bail,True,20,True
11647,518773,1031,Unknown,False,0,True
11648,518773,2594,Bail,False,0,True
11649,505149,1978,Bail,False,0,True
11650,505149,4389,Bail,False,0,True
11651,505149,3324,Unknown,True,6,True
11652,505149,442,Bail,False,0,True
11653,505149,4942,Unknown,True,12,True
11654,518613,947,Bail,True,2,True
11655,518613,3959,Arrested,True,16,True
11656,518613,2145,Bail,False,0,True
11657,509238,272,Arrested,False,0,False
11658,507725,1148,Arrested,True,18,False
11659,507725,70,Bail,False,0,False
11660,520679,2581,Arrested,True,17,True
11661,520679,4499,Absconding,False,0,True
11662,520679,3226,Absconding,True,11,True
11663,520679,1503,Unknown,True,16,True
11664,520679,3171,Arrested,True,14,True
11665,520679,2496,Arrested,False,0,True
11666,501232,3338,Arrested,True,1,True
11667,501232,3832,Arrested,True,2,True
11668,501232,4902,Arrested,True,5,True
11669,501232,3553,Unknown,True,6,True
11670,501232,3547,Arrested,True,5,True
11671,501232,282,Unknown,False,0,True
11672,500532,3988,Bail,True,11,True
11673,500532,557,Unknown,True,18,True
11674,500532,1881,Absconding,False,0,True
11675,500532,830,Bail,True,18,True
11676,502082,788,Arrested,True,12,True
11677,502082,2806,Bail,False,0,True
11678,502082,1479,Absconding,False,0,True
11679,502082,199,Absconding,False,0,True
11680,515068,4098,Arrested,True,15,False
11681,515068,3106,Absconding,False,0,False
11682,509839,2207,Absconding,True,19,True
11683,509839,892,Unknown,True,8,True
11684,509839,2795,Absconding,False,0,True
11685,509839,1007,Unknown,False,0,True
11686,509839,3458,Unknown,True,14,True
11687,515401,915,Arrested,False,0,False
11688,515401,3850,Unknown,True,6,False
11689,510106,1136,Absconding,False,0,True
11690,510106,3438,Unknown,False,0,True
11691,510106,997,Bail,True,20,True
11692,510106,3395,Bail,True,16,True
11693,515548,1036,Bail,False,0,True
11694,515548,4545,Bail,True,16,True
11695,515548,1674,Bail,True,11,True
11696,515548,4944,Unknown,True,16,True
11697,515548,3492,Unknown,True,4,True
11698,515548,2707,Bail,False,0,True
11699,507370,3430,Absconding,True,13,True
11700,507370,4048,Arrested,False,0,True
11701,507370,1293,Arrested,False,0,True
11702,507370,2723,Unknown,True,19,True
11703,507370,3321,Absconding,False,0,True
11704,507370,340,Unknown,True,9,True
11705,524135,4573,Bail,False,0,True
11706,524135,3962,Arrested,False,0,True
11707,524135,4936,Arrested,True,6,True
11708,524135,2749,Absconding,True,6,True
11709,504690,1348,Absconding,False,0,True
11710,504690,4951,Unknown,False,0,True
11711,504690,3109,Bail,False,0,True
11712,519822,1606,Unknown,False,0,True
11713,519822,2776,Arrested,True,9,True
11714,519822,4530,Arrested,False,0,True
11715,519822,3735,Absconding,True,16,True
11716,519822,3512,Absconding,False,0,True
11717,502863,2444,Arrested,False,0,True
11718,502863,1001,Arrested,False,0,True
11719,502863,2772,Bail,False,0,True
11720,504986,2,Absconding,False,0,True
11721,504986,389,Arrested,False,0,True
11722,504986,811,Unknown,True,1,True
11723,504986,69,Bail,True,10,True
11724,504986,153,Bail,True,20,True
11725,504986,3480,Absconding,True,6,True
11726,516265,4731,Unknown,False,0,False
11727,516265,1618,Arrested,True,15,False
11728,510127,2364,Absconding,False,0,False
11729,511100,3121,Bail,False,0,False
11730,521940,3007,Unknown,True,10,True
11731,521940,2289,Absconding,False,0,True
11732,521940,2358,Absconding,False,0,True
11733,509935,942,Arrested,False,0,False
11734,509935,1622,Absconding,False,0,False
11735,521669,2933,Arrested,False,0,True
11736,521669,4645,Absconding,True,2,True
11737,521669,1921,Bail,False,0,True
11738,521669,3367,Absconding,False,0,True
11739,521669,2380,Arrested,False,0,True
11740,521669,2579,Absconding,True,19,True
11741,521265,2287,Unknown,False,0,True
11742,521265,486,Absconding,False,0,True
11743,521265,955,Bail,True,19,True
11744,506425,2102,Absconding,False,0,True
11745,506425,2733,Unknown,False,0,True
11746,506425,359,Unknown,False,0,True
11747,506425,1946,Unknown,False,0,True
11748,506425,4585,Arrested,True,16,True
11749,518193,2372,Unknown,False,0,False
11750,501688,3564,Absconding,True,7,False
11751,501688,916,Arrested,True,11,False
11752,520388,1546,Unknown,False,0,True
11753,520388,1382,Absconding,False,0,True
11754,520388,1003,Bail,True,20,True
11755,520388,4479,Arrested,True,1,True
11756,520388,2863,Absconding,False,0,True
11757,520388,4143,Bail,True,10,True
11758,518860,2544,Unknown,True,2,True
11759,518860,4250,Unknown,False,0,True
11760,518860,1961,Absconding,True,18,True
11761,518860,1374,Absconding,True,15,True
11762,517649,497,Bail,True,3,True
11763,517649,2572,Absconding,False,0,True
11764,517649,950,Arrested,False,0,True
11765,517649,4655,Unknown,False,0,True
11766,517649,3398,Unknown,False,0,True
11767,500176,2756,Unknown,False,0,True
11768,500176,4149,Arrested,True,1,True
11769,500176,1118,Unknown,False,0,True
11770,500176,2003,Unknown,True,2,True
11771,500176,4506,Arrested,True,1,True
11772,502618,282,Arrested,True,1,True
11773,502618,3462,Absconding,False,0,True
11774,502618,4640,Absconding,True,19,True
11775,502618,3933,Unknown,False,0,True
11776,521430,1846,Arrested,False,0,False
11777,521430,3724,Arrested,True,1,False
11778,503726,4166,Absconding,True,20,True
11779,503726,2751,Arrested,True,2,True
11780,503726,2036,Arrested,False,0,True
11781,503726,1187,Bail,False,0,True
11782,503726,89,Unknown,True,6,True
11783,501442,4378,Unknown,True,18,True
11784,501442,4230,Unknown,False,0,True
11785,501442,2981,Arrested,False,0,True
11786,501442,2642,Unknown,True,1,True
11787,502931,4578,Absconding,True,11,False
11788,502931,2416,Unknown,False,0,False
11789,515294,2436,Unknown,True,10,True
11790,515294,888,Bail,True,19,True
11791,515294,1262,Bail,False,0,True
11792,517140,2094,Absconding,False,0,False
11793,520813,2595,Bail,True,3,True
11794,520813,1462,Unknown,True,13,True
11795,520813,4619,Absconding,False,0,True
11796,520813,1711,Absconding,False,0,True
11797,520813,2956,Unknown,False,0,True
11798,520813,2321,Absconding,False,0,True
11799,519313,384,Arrested,False,0,True
11800,519313,2436,Unknown,False,0,True
11801,519313,4446,Absconding,True,18,True
11802,519313,2808,Bail,True,3,True
11803,519313,3558,Bail,False,0,True
11804,519313,3680,Arrested,True,11,True
11805,507469,2853,Absconding,True,18,False
11806,507469,1550,Unknown,True,4,False
11807,520659,3834,Arrested,False,0,True
11808,520659,1853,Bail,False,0,True
11809,520659,1517,Absconding,False,0,True
11810,520659,4948,Unknown,True,2,True
11811,510544,2915,Absconding,False,0,True
11812,510544,3456,Unknown,True,2,True
11813,510544,4910,Absconding,True,4,True
11814,510544,1126,Unknown,True,15,True
11815,510544,2258,Bail,False,0,True
11816,512215,4767,Arrested,True,8,False
11817,502520,4766,Absconding,False,0,True
11818,502520,1753,Unknown,True,4,True
11819,502520,1133,Arrested,False,0,True
11820,502520,2864,Absconding,True,6,True
11821,502520,3241,Unknown,True,15,True
11822,502520,1521,Absconding,False,0,True
11823,503148,2158,Unknown,True,2,True
11824,503148,4223,Bail,True,8,True
11825,503148,39,Absconding,True,20,True
11826,503148,2400,Bail,True,10,True
11827,503148,1922,Unknown,True,4,True
11828,505594,74,Unknown,True,20,True
11829,505594,1738,Unknown,True,15,True
11830,505594,2840,Bail,False,0,True
11831,505594,263,Bail,True,16,True
11832,505594,3362,Arrested,True,8,True
11833,505594,3575,Unknown,False,0,True
11834,514700,2490,Arrested,False,0,False
11835,514700,1698,Bail,False,0,False
11836,519501,436,Bail,False,0,False
11837,506620,2778,Arrested,True,9,True
11838,506620,1633,Bail,True,5,True
11839,506620,3751,Arrested,True,17,True
11840,506620,217,Bail,True,2,True
11841,512565,94,Arrested,True,17,True
11842,512565,3007,Unknown,False,0,True
11843,512565,4824,Arrested,False,0,True
11844,512565,3112,Bail,True,18,True
11845,513134,4414,Bail,True,19,False
11846,513134,1202,Absconding,True,6,False
11847,521736,432,Arrested,False,0,True
11848,521736,2475,Unknown,True,9,True
11849,521736,3663,Bail,True,5,True
11850,521736,4198,Absconding,True,16,True
11851,521736,1298,Unknown,False,0,True
11852,524852,3417,Unknown,True,7,True
11853,524852,3067,Absconding,False,0,True
11854,524852,4011,Unknown,False,0,True
11855,524852,3319,Bail,True,10,True
11856,524852,4119,Absconding,False,0,True
11857,524852,75,Bail,True,6,True
11858,515278,4341,Absconding,False,0,False
11859,515278,4165,Bail,False,0,False
11860,518925,639,Arrested,False,0,True
11861,518925,2632,Absconding,True,9,True
11862,518925,2692,Absconding,False,0,True
11863,518925,4255,Bail,False,0,True
11864,518925,4466,Arrested,False,0,True
11865,514384,315,Absconding,True,10,False
11866,514384,1264,Bail,False,0,False
11867,501575,1912,Absconding,False,0,True
11868,501575,1283,Absconding,False,0,True
11869,501575,399,Absconding,False,0,True
11870,501575,4842,Bail,False,0,True
11871,501575,1023,Unknown,False,0,True
11872,523274,1858,Bail,True,13,False
11873,523274,4744,Absconding,True,6,False
11874,501350,1306,Bail,False,0,True
11875,501350,2976,Arrested,True,8,True
11876,501350,1905,Unknown,True,3,True
11877,501350,2126,Arrested,False,0,True
11878,501350,3358,Absconding,True,7,True
11879,508604,1475,Bail,True,5,False
11880,508604,4105,Bail,False,0,False
11881,503821,779,Unknown,True,1,True
11882,503821,812,Absconding,True,12,True
11883,503821,3449,Absconding,True,11,True
11884,509086,2880,Unknown,True,9,True
11885,509086,2544,Unknown,True,11,True
11886,509086,4678,Unknown,False,0,True
11887,509086,2745,Bail,False,0,True
11888,513762,1385,Arrested,True,16,False
11889,513762,1208,Absconding,False,0,False
11890,519429,4855,Absconding,False,0,True
11891,519429,2733,Bail,True,7,True
11892,519429,491,Unknown,True,16,True
11893,519429,2148,Bail,True,11,True
11894,519429,3318,Bail,True,9,True
11895,519429,1363,Bail,False,0,True
11896,515965,3223,Absconding,True,15,True
11897,515965,3228,Bail,True,13,True
11898,515965,1660,Absconding,False,0,True
11899,515965,678,Bail,True,8,True
11900,515965,2321,Unknown,True,11,True
11901,503224,3934,Arrested,False,0,False
11902,503224,3728,Bail,True,10,False
11903,506406,901,Arrested,False,0,False
11904,506406,3985,Arrested,False,0,False
11905,500266,1410,Arrested,True,1,True
11906,500266,819,Absconding,True,2,True
11907,500266,2431,Arrested,False,0,True
11908,500266,4531,Absconding,False,0,True
11909,500266,3466,Bail,True,15,True
11910,500834,3004,Arrested,False,0,True
11911,500834,208,Arrested,True,16,True
11912,500834,1537,Unknown,False,0,True
11913,500834,4932,Absconding,False,0,True
11914,500834,2093,Absconding,True,12,True
11915,506688,3237,Absconding,False,0,True
11916,506688,3794,Unknown,False,0,True
11917,506688,580,Arrested,False,0,True
11918,506688,1420,Unknown,False,0,True
11919,506688,4302,Arrested,True,4,True
11920,523147,225,Bail,False,0,True
11921,523147,63,Unknown,False,0,True
11922,523147,2332,Unknown,False,0,True
11923,523147,3781,Unknown,False,0,True
11924,518257,3241,Bail,False,0,True
11925,518257,3020,Bail,False,0,True
11926,518257,960,Unknown,False,0,True
11927,518257,4270,Unknown,True,2,True
11928,512931,3319,Arrested,True,14,False
11929,512931,2947,Bail,False,0,False
11930,520439,1711,Bail,True,3,True
11931,520439,2522,Arrested,True,7,True
11932,520439,2585,Bail,False,0,True
11933,517828,1306,Absconding,False,0,True
11934,517828,3760,Absconding,False,0,True
11935,517828,2043,Arrested,False,0,True
11936,517828,1410,Unknown,True,8,True
11937,517828,4967,Arrested,False,0,True
11938,522014,4004,Absconding,True,9,False
11939,518060,3271,Bail,False,0,True
11940,518060,2423,Unknown,False,0,True
11941,518060,3017,Unknown,False,0,True
11942,523756,3207,Absconding,False,0,True
11943,523756,4026,Arrested,False,0,True
11944,523756,3732,Absconding,False,0,True
11945,512067,3746,Absconding,True,11,False
11946,512239,4335,Arrested,False,0,True
11947,512239,4640,Unknown,True,15,True
11948,512239,2678,Arrested,False,0,True
11949,512239,3086,Unknown,False,0,True
11950,521203,2128,Absconding,False,0,False
11951,521203,4186,Arrested,True,19,False
11952,518843,3088,Bail,True,16,True
11953,518843,856,Absconding,False,0,True
11954,518843,4686,Bail,False,0,True
11955,518843,4840,Bail,False,0,True
11956,518843,2579,Absconding,True,12,True
11957,524803,1582,Bail,False,0,False
11958,524803,4412,Arrested,False,0,False
11959,503695,3761,Absconding,True,20,True
11960,503695,584,Absconding,False,0,True
11961,503695,486,Unknown,False,0,True
11962,503695,685,Unknown,True,16,True
11963,503695,2095,Absconding,True,13,True
11964,505865,3189,Arrested,True,18,False
11965,513140,4566,Unknown,True,18,True
11966,513140,3213,Absconding,False,0,True
11967,513140,1685,Absconding,False,0,True
11968,513140,1954,Arrested,True,12,True
11969,507569,1382,Arrested,False,0,True
11970,507569,837,Unknown,True,11,True
11971,507569,2115,Arrested,True,14,True
11972,511038,3903,Absconding,True,19,True
11973,511038,4610,Unknown,True,7,True
11974,511038,4382,Arrested,True,17,True
11975,514881,1108,Unknown,True,7,True
11976,514881,656,Absconding,True,18,True
11977,514881,19,Absconding,False,0,True
11978,514881,3087,Absconding,False,0,True
11979,514881,3092,Bail,False,0,True
11980,507004,3497,Bail,True,8,True
11981,507004,424,Unknown,True,20,True
11982,507004,3068,Arrested,True,10,True
11983,502128,3768,Unknown,False,0,True
11984,502128,1161,Absconding,False,0,True
11985,502128,516,Bail,False,0,True
11986,502128,2218,Absconding,True,6,True
11987,524221,2099,Unknown,True,16,True
11988,524221,2194,Absconding,False,0,True
11989,524221,2804,Unknown,True,9,True
11990,512859,953,Bail,False,0,True
11991,512859,1814,Bail,True,15,True
11992,512859,1767,Absconding,True,12,True
11993,512859,1668,Unknown,True,11,True
11994,512859,4209,Arrested,True,5,True
11995,523304,4649,Bail,False,0,False
11996,523304,498,Arrested,True,10,False
11997,511795,951,Unknown,True,2,True
11998,511795,2345,Absconding,False,0,True
11999,511795,75,Bail,True,3,True
12000,511795,578,Bail,True,6,True
12001,511729,3338,Unknown,True,5,True
12002,511729,1751,Unknown,False,0,True
12003,511729,3601,Unknown,False,0,True
12004,511729,184,Bail,True,1,True
12005,511729,2524,Bail,False,0,True
12006,511729,1876,Arrested,True,7,True
12007,507303,2642,Bail,False,0,False
12008,507303,4788,Arrested,True,12,False
12009,502241,2272,Unknown,False,0,False
12010,502241,460,Absconding,False,0,False
12011,518634,3113,Absconding,True,2,True
12012,518634,4322,Unknown,True,4,True
12013,518634,3488,Arrested,True,6,True
12014,512311,2529,Arrested,False,0,True
12015,512311,272,Arrested,False,0,True
12016,512311,2271,Absconding,True,19,True
12017,512311,3590,Arrested,False,0,True
12018,523178,4208,Bail,False,0,False
12019,523178,2934,Absconding,True,5,False
12020,517442,4316,Bail,False,0,False
12021,516869,1656,Unknown,True,5,True
12022,516869,2319,Bail,True,14,True
12023,516869,2873,Absconding,True,1,True
12024,516869,3639,Arrested,False,0,True
12025,503602,379,Unknown,False,0,True
12026,503602,4929,Absconding,True,10,True
12027,503602,1974,Arrested,False,0,True
12028,513251,1725,Arrested,True,9,True
12029,513251,3423,Unknown,True,2,True
12030,513251,896,Absconding,True,19,True
12031,513251,4930,Bail,False,0,True
12032,513251,4485,Unknown,False,0,True
12033,513251,1985,Bail,True,1,True
12034,519805,841,Unknown,False,0,False
12035,513414,2892,Bail,False,0,True
12036,513414,1811,Unknown,True,3,True
12037,513414,569,Arrested,False,0,True
12038,513477,4550,Absconding,True,18,True
12039,513477,4530,Arrested,True,9,True
12040,513477,4494,Unknown,False,0,True
12041,513477,2982,Bail,False,0,True
12042,513477,4578,Unknown,False,0,True
12043,513477,2607,Arrested,False,0,True
12044,501262,3695,Arrested,True,19,True
12045,501262,4581,Absconding,False,0,True
12046,501262,1661,Arrested,True,3,True
12047,514808,954,Absconding,True,11,True
12048,514808,2114,Unknown,True,1,True
12049,514808,3023,Bail,True,20,True
12050,522793,717,Absconding,True,4,True
12051,522793,4385,Arrested,True,12,True
12052,522793,1050,Unknown,True,6,True
12053,514150,4096,Absconding,True,5,True
12054,514150,1753,Bail,True,15,True
12055,514150,4739,Arrested,False,0,True
12056,514150,3328,Absconding,False,0,True
12057,514774,1881,Absconding,False,0,True
12058,514774,2806,Arrested,False,0,True
12059,514774,406,Arrested,True,20,True
12060,513127,2389,Absconding,True,13,False
12061,513127,1285,Bail,False,0,False
12062,521921,4711,Unknown,True,5,True
12063,521921,1621,Unknown,True,10,True
12064,521921,929,Absconding,True,7,True
12065,521921,25,Unknown,False,0,True
12066,521921,4072,Bail,True,20,True
12067,524987,4508,Bail,True,17,False
12068,524987,2645,Bail,True,16,False
12069,509923,148,Unknown,False,0,True
12070,509923,164,Unknown,False,0,True
12071,509923,1626,Arrested,False,0,True
12072,509923,3289,Arrested,False,0,True
12073,509923,3487,Bail,False,0,True
12074,515319,459,Arrested,False,0,True
12075,515319,829,Bail,False,0,True
12076,515319,1259,Bail,False,0,True
12077,515319,1506,Absconding,False,0,True
12078,515319,772,Arrested,False,0,True
12079,522956,3942,Bail,False,0,True
12080,522956,4596,Arrested,True,18,True
12081,522956,1697,Unknown,True,4,True
12082,522956,1511,Arrested,False,0,True
12083,522956,2700,Arrested,False,0,True
12084,522956,2960,Unknown,True,8,True
12085,522653,4761,Bail,True,15,True
12086,522653,3271,Arrested,True,1,True
12087,522653,1047,Absconding,False,0,True
12088,522653,4377,Arrested,False,0,True
12089,511732,1066,Bail,False,0,True
12090,511732,2511,Arrested,False,0,True
12091,511732,207,Absconding,True,19,True
12092,511732,4333,Arrested,False,0,True
12093,513915,459,Unknown,True,15,True
12094,513915,4281,Arrested,False,0,True
12095,513915,2903,Unknown,True,13,True
12096,513915,2806,Arrested,True,7,True
12097,513915,42,Absconding,True,12,True
12098,503111,1297,Absconding,True,2,True
12099,503111,3359,Unknown,True,15,True
12100,503111,258,Unknown,True,19,True
12101,503111,3789,Arrested,False,0,True
12102,503111,2094,Arrested,False,0,True
12103,513406,934,Unknown,False,0,False
12104,513406,933,Absconding,False,0,False
12105,524695,2394,Bail,False,0,True
12106,524695,4136,Absconding,False,0,True
12107,524695,2017,Absconding,False,0,True
12108,524695,4955,Arrested,False,0,True
12109,524695,4733,Absconding,False,0,True
12110,524695,4924,Arrested,False,0,True
12111,510194,8,Absconding,False,0,False
12112,510194,2378,Unknown,False,0,False
12113,520089,1674,Absconding,False,0,True
12114,520089,2201,Bail,False,0,True
12115,520089,4203,Arrested,True,13,True
12116,520089,1177,Unknown,True,10,True
12117,520089,4095,Absconding,True,3,True
12118,508394,2322,Unknown,True,10,True
12119,508394,1082,Unknown,False,0,True
12120,508394,1137,Absconding,True,6,True
12121,508394,2270,Unknown,True,4,True
12122,500425,3502,Arrested,False,0,True
12123,500425,2270,Arrested,False,0,True
12124,500425,1492,Unknown,False,0,True
12125,500425,702,Bail,True,7,True
12126,500425,4263,Unknown,False,0,True
12127,500425,177,Unknown,True,18,True
12128,514412,716,Absconding,False,0,True
12129,514412,2881,Arrested,False,0,True
12130,514412,1062,Arrested,True,15,True
12131,514412,3525,Arrested,False,0,True
12132,518500,2774,Arrested,False,0,True
12133,518500,2468,Absconding,False,0,True
12134,518500,2256,Arrested,True,9,True
12135,518500,4383,Absconding,True,18,True
12136,518500,4120,Arrested,True,7,True
12137,524525,3554,Absconding,False,0,True
12138,524525,3540,Bail,True,20,True
12139,524525,991,Arrested,True,11,True
12140,524525,34,Arrested,True,6,True
12141,524525,3397,Absconding,True,2,True
12142,504606,1818,Absconding,False,0,False
12143,523658,268,Arrested,True,3,True
12144,523658,4488,Absconding,True,13,True
12145,523658,2960,Unknown,True,19,True
12146,523658,3347,Bail,True,11,True
12147,523658,3226,Absconding,True,3,True
12148,523658,2311,Unknown,True,17,True
12149,522867,2565,Bail,False,0,False
12150,522867,649,Unknown,False,0,False
12151,500810,3063,Bail,False,0,True
12152,500810,587,Unknown,False,0,True
12153,500810,1993,Unknown,False,0,True
12154,514543,2596,Absconding,True,6,True
12155,514543,4697,Arrested,False,0,True
12156,514543,2297,Absconding,True,2,True
12157,517463,871,Unknown,False,0,True
12158,517463,4766,Unknown,True,1,True
12159,517463,214,Unknown,False,0,True
12160,507175,2313,Absconding,False,0,True
12161,507175,3647,Arrested,False,0,True
12162,507175,1313,Absconding,True,12,True
12163,507175,3936,Absconding,False,0,True
12164,507175,2103,Arrested,True,17,True
12165,507175,1744,Arrested,True,5,True
12166,503342,4168,Arrested,False,0,True
12167,503342,1456,Unknown,False,0,True
12168,503342,2563,Bail,True,3,True
12169,503342,1361,Unknown,False,0,True
12170,503342,397,Unknown,False,0,True
12171,516057,2269,Arrested,False,0,False
12172,516057,2493,Unknown,True,6,False
12173,516430,3363,Absconding,False,0,False
12174,516430,4978,Absconding,False,0,False
12175,513741,4526,Arrested,True,7,True
12176,513741,1500,Absconding,False,0,True
12177,513741,787,Unknown,True,14,True
12178,513741,2823,Bail,True,14,True
12179,503126,2328,Bail,False,0,True
12180,503126,1707,Unknown,False,0,True
12181,503126,3833,Unknown,False,0,True
12182,503126,1644,Absconding,True,15,True
12183,509321,3140,Bail,False,0,True
12184,509321,2881,Absconding,False,0,True
12185,509321,2679,Bail,False,0,True
12186,515768,3231,Absconding,True,11,False
12187,515768,1016,Arrested,False,0,False
12188,503388,2623,Absconding,False,0,True
12189,503388,2774,Absconding,True,6,True
12190,503388,2179,Unknown,True,6,True
12191,503388,630,Unknown,True,18,True
12192,503388,1985,Bail,False,0,True
12193,500813,1488,Absconding,True,20,True
12194,500813,1315,Absconding,False,0,True
12195,500813,399,Arrested,False,0,True
12196,500813,2777,Absconding,True,17,True
12197,517885,4215,Absconding,True,20,True
12198,517885,4417,Arrested,True,14,True
12199,517885,1060,Bail,False,0,True
12200,517885,826,Bail,False,0,True
12201,517885,1783,Unknown,True,19,True
12202,514308,2069,Absconding,False,0,True
12203,514308,1165,Unknown,True,16,True
12204,514308,3519,Bail,True,3,True
12205,514308,4608,Arrested,True,11,True
12206,514308,1893,Absconding,True,7,True
12207,506120,1079,Absconding,True,12,True
12208,506120,4046,Arrested,False,0,True
12209,506120,1392,Absconding,False,0,True
12210,506120,2270,Arrested,False,0,True
12211,506120,3942,Bail,True,4,True
12212,510644,3324,Arrested,False,0,True
12213,510644,1802,Arrested,False,0,True
12214,510644,1735,Bail,True,11,True
12215,511328,3987,Unknown,False,0,True
12216,511328,2065,Unknown,False,0,True
12217,511328,517,Bail,False,0,True
12218,511328,771,Arrested,True,12,True
12219,511328,255,Bail,False,0,True
12220,511328,702,Absconding,False,0,True
12221,521083,680,Absconding,False,0,True
12222,521083,4541,Arrested,True,13,True
12223,521083,4244,Unknown,False,0,True
12224,521083,4557,Bail,False,0,True
12225,521083,3801,Absconding,False,0,True
12226,521083,918,Arrested,False,0,True
12227,508365,1256,Absconding,False,0,True
12228,508365,4108,Arrested,False,0,True
12229,508365,1672,Bail,True,8,True
12230,508188,4034,Arrested,False,0,True
12231,508188,3630,Arrested,False,0,True
12232,508188,267,Unknown,False,0,True
12233,515378,1089,Unknown,True,8,True
12234,515378,4522,Arrested,False,0,True
12235,515378,305,Absconding,False,0,True
12236,515378,3226,Arrested,False,0,True
12237,508359,1371,Arrested,True,2,True
12238,508359,4662,Absconding,False,0,True
12239,508359,1787,Absconding,True,10,True
12240,508359,3196,Bail,True,7,True
12241,522051,2407,Absconding,False,0,True
12242,522051,3132,Bail,False,0,True
12243,522051,4464,Bail,False,0,True
12244,522051,4075,Unknown,False,0,True
12245,512262,3895,Bail,True,9,True
12246,512262,3095,Absconding,False,0,True
12247,512262,4188,Arrested,True,12,True
12248,512262,4346,Absconding,True,14,True
12249,512262,1071,Unknown,True,19,True
12250,512262,678,Absconding,False,0,True
12251,514885,4775,Absconding,False,0,True
12252,514885,1201,Arrested,True,13,True
12253,514885,4626,Bail,False,0,True
12254,514885,4675,Unknown,False,0,True
12255,514885,1108,Bail,False,0,True
12256,500946,1513,Absconding,False,0,True
12257,500946,234,Arrested,False,0,True
12258,500946,4170,Arrested,False,0,True
12259,509374,2130,Bail,False,0,True
12260,509374,3724,Absconding,False,0,True
12261,509374,3719,Bail,True,10,True
12262,507878,4032,Bail,False,0,False
12263,512087,3428,Arrested,False,0,True
12264,512087,593,Absconding,True,3,True
12265,512087,1844,Absconding,False,0,True
12266,512087,4832,Absconding,True,17,True
12267,512087,2572,Absconding,True,18,True
12268,512087,3626,Bail,False,0,True
12269,507977,1271,Unknown,True,11,True
12270,507977,826,Bail,False,0,True
12271,507977,748,Arrested,False,0,True
12272,507977,2937,Arrested,False,0,True
12273,507977,4682,Absconding,False,0,True
12274,519140,3557,Arrested,False,0,True
12275,519140,4978,Absconding,True,7,True
12276,519140,246,Unknown,False,0,True
12277,517256,4468,Bail,False,0,False
12278,517256,4332,Unknown,False,0,False
12279,503538,823,Absconding,False,0,False
12280,503538,4870,Unknown,False,0,False
12281,508243,3459,Unknown,False,0,False
12282,510280,3892,Bail,False,0,False
12283,502609,4742,Bail,True,14,False
12284,518883,1752,Bail,True,1,False
12285,517967,4242,Unknown,True,8,True
12286,517967,2687,Arrested,True,7,True
12287,517967,4223,Bail,False,0,True
12288,508778,1045,Bail,True,11,True
12289,508778,1936,Bail,False,0,True
12290,508778,1413,Unknown,True,11,True
12291,509586,4746,Bail,True,7,True
12292,509586,1276,Absconding,True,16,True
12293,509586,1239,Bail,True,2,True
12294,504048,2964,Arrested,False,0,False
12295,509688,3591,Absconding,False,0,False
12296,509688,628,Absconding,False,0,False
12297,520950,252,Absconding,False,0,True
12298,520950,4185,Arrested,True,9,True
12299,520950,4811,Absconding,False,0,True
12300,520950,2140,Absconding,True,20,True
12301,513821,3510,Arrested,True,9,True
12302,513821,3335,Bail,False,0,True
12303,513821,3286,Bail,True,13,True
12304,513821,4333,Bail,False,0,True
12305,513821,3146,Bail,False,0,True
12306,513821,4560,Arrested,False,0,True
12307,516621,3901,Bail,False,0,True
12308,516621,3705,Absconding,True,2,True
12309,516621,2624,Unknown,False,0,True
12310,516621,1064,Absconding,True,16,True
12311,516621,4934,Unknown,False,0,True
12312,507360,3727,Bail,True,8,True
12313,507360,2590,Arrested,True,13,True
12314,507360,4741,Unknown,True,9,True
12315,507360,801,Bail,True,16,True
12316,507360,330,Arrested,True,18,True
12317,507360,2121,Arrested,True,14,True
12318,521456,3931,Arrested,False,0,True
12319,521456,656,Arrested,False,0,True
12320,521456,821,Unknown,True,7,True
12321,508378,4179,Arrested,False,0,True
12322,508378,4159,Bail,True,5,True
12323,508378,554,Arrested,False,0,True
12324,508378,1424,Absconding,False,0,True
12325,518155,1202,Bail,True,17,True
12326,518155,1656,Arrested,False,0,True
12327,518155,4784,Bail,False,0,True
12328,518155,3561,Absconding,False,0,True
12329,518155,4147,Bail,True,2,True
12330,518155,520,Unknown,True,4,True
12331,517679,2230,Absconding,False,0,True
12332,517679,1877,Absconding,True,15,True
12333,517679,4265,Unknown,True,16,True
12334,516240,3487,Absconding,False,0,False
12335,516240,4939,Arrested,False,0,False
12336,505817,2035,Arrested,False,0,True
12337,505817,4904,Absconding,False,0,True
12338,505817,3540,Unknown,True,1,True
12339,505817,2377,Bail,True,17,True
12340,505817,2383,Absconding,True,9,True
12341,505817,3284,Bail,True,11,True
12342,501848,52,Unknown,True,1,True
12343,501848,3048,Unknown,False,0,True
12344,501848,3011,Bail,True,8,True
12345,524594,1694,Absconding,False,0,True
12346,524594,3531,Arrested,False,0,True
12347,524594,2266,Arrested,True,8,True
12348,520218,4567,Absconding,False,0,True
12349,520218,2371,Unknown,False,0,True
12350,520218,4491,Bail,False,0,True
12351,521957,2510,Unknown,False,0,False
12352,502189,3255,Absconding,False,0,True
12353,502189,1403,Absconding,True,13,True
12354,502189,1452,Absconding,False,0,True
12355,502189,2395,Absconding,False,0,True
12356,502189,3901,Arrested,True,11,True
12357,510960,4806,Absconding,True,9,True
12358,510960,1323,Unknown,False,0,True
12359,510960,2437,Bail,True,13,True
12360,518947,2548,Bail,False,0,True
12361,518947,1062,Bail,True,1,True
12362,518947,3200,Unknown,False,0,True
12363,518947,3240,Unknown,True,6,True
12364,518947,2040,Absconding,False,0,True
12365,515383,2033,Arrested,True,15,True
12366,515383,2636,Unknown,False,0,True
12367,515383,259,Bail,False,0,True
12368,508829,3229,Unknown,False,0,True
12369,508829,4540,Arrested,True,9,True
12370,508829,2533,Unknown,False,0,True
12371,508829,4268,Unknown,False,0,True
12372,513301,583,Arrested,False,0,False
12373,502782,3103,Arrested,True,20,False
12374,519926,456,Unknown,True,8,False
12375,512558,2461,Absconding,True,3,True
12376,512558,276,Bail,False,0,True
12377,512558,425,Bail,False,0,True
12378,509454,281,Absconding,False,0,False
12379,509454,619,Arrested,False,0,False
12380,505474,1276,Unknown,True,20,True
12381,505474,3298,Absconding,True,13,True
12382,505474,1177,Unknown,False,0,True
12383,517396,1177,Arrested,False,0,True
12384,517396,4393,Bail,False,0,True
12385,517396,2603,Unknown,True,8,True
12386,517396,3745,Bail,True,13,True
12387,517396,1599,Bail,False,0,True
12388,513078,1927,Arrested,True,8,False
12389,508374,3013,Bail,False,0,True
12390,508374,1765,Bail,True,4,True
12391,508374,3261,Absconding,False,0,True
12392,508374,1360,Absconding,True,15,True
12393,508374,392,Bail,False,0,True
12394,508374,433,Bail,True,4,True
12395,517012,2569,Unknown,True,2,False
12396,517012,4218,Arrested,False,0,False
12397,505175,2821,Arrested,True,13,False
12398,519307,3695,Arrested,True,15,False
12399,517657,2445,Unknown,True,17,True
12400,517657,3415,Unknown,True,4,True
12401,517657,718,Arrested,True,7,True
12402,517657,2045,Unknown,False,0,True
12403,517657,1325,Unknown,True,6,True
12404,510425,1040,Absconding,True,13,False
12405,510425,58,Arrested,True,11,False
12406,514402,2879,Absconding,True,1,True
12407,514402,60,Arrested,False,0,True
12408,514402,425,Absconding,False,0,True
12409,514402,1750,Unknown,False,0,True
12410,514402,1235,Absconding,False,0,True
12411,506947,1467,Bail,False,0,False
12412,523535,4426,Bail,False,0,False
12413,519048,1438,Absconding,False,0,True
12414,519048,3024,Absconding,False,0,True
12415,519048,4386,Arrested,True,20,True
12416,519048,3354,Absconding,True,11,True
12417,519048,263,Absconding,False,0,True
12418,519048,4109,Bail,False,0,True
12419,512990,172,Arrested,False,0,True
12420,512990,1833,Bail,False,0,True
12421,512990,4491,Arrested,True,3,True
12422,512990,596,Unknown,True,9,True
12423,512990,4615,Unknown,True,8,True
12424,512990,3625,Arrested,True,18,True
12425,515233,4633,Absconding,True,7,True
12426,515233,1958,Unknown,False,0,True
12427,515233,1160,Absconding,False,0,True
12428,519970,785,Absconding,False,0,True
12429,519970,4128,Unknown,False,0,True
12430,519970,2284,Absconding,False,0,True
12431,519894,827,Bail,False,0,True
12432,519894,1694,Absconding,False,0,True
12433,519894,2678,Bail,True,15,True
12434,519894,1798,Absconding,True,4,True
12435,519894,849,Arrested,True,12,True
12436,519894,1447,Absconding,False,0,True
12437,505872,1190,Unknown,True,14,True
12438,505872,4422,Arrested,False,0,True
12439,505872,3390,Unknown,True,19,True
12440,505872,2870,Absconding,False,0,True
12441,523153,3465,Absconding,True,13,True
12442,523153,793,Absconding,False,0,True
12443,523153,849,Absconding,True,1,True
12444,523153,1705,Unknown,False,0,True
12445,523153,106,Bail,False,0,True
12446,510802,214,Absconding,False,0,False
12447,512037,2568,Arrested,True,7,True
12448,512037,1896,Bail,False,0,True
12449,512037,873,Bail,True,6,True
12450,512037,4570,Absconding,False,0,True
12451,504985,4705,Arrested,True,16,True
12452,504985,1345,Unknown,True,12,True
12453,504985,4844,Arrested,True,9,True
12454,504985,1076,Arrested,False,0,True
12455,504985,4855,Bail,True,17,True
12456,501444,2235,Unknown,True,16,False
12457,513236,4096,Absconding,False,0,False
12458,511254,4187,Unknown,True,20,True
12459,511254,4932,Absconding,False,0,True
12460,511254,2089,Bail,False,0,True
12461,504253,1069,Absconding,True,1,True
12462,504253,3212,Bail,False,0,True
12463,504253,2754,Arrested,False,0,True
12464,520581,1057,Absconding,False,0,True
12465,520581,1816,Unknown,False,0,True
12466,520581,3083,Arrested,False,0,True
12467,521465,4350,Unknown,False,0,False
12468,521465,2057,Bail,False,0,False
12469,508743,2060,Bail,True,5,True
12470,508743,2857,Absconding,True,11,True
12471,508743,499,Absconding,True,14,True
12472,508743,54,Unknown,True,7,True
12473,524703,2641,Bail,True,5,True
12474,524703,1487,Arrested,False,0,True
12475,524703,2998,Absconding,True,11,True
12476,524703,1958,Arrested,False,0,True
12477,524703,2639,Bail,False,0,True
12478,524703,1431,Unknown,True,2,True
12479,509528,252,Absconding,False,0,True
12480,509528,135,Absconding,False,0,True
12481,509528,4772,Unknown,False,0,True
12482,509464,773,Arrested,False,0,False
12483,523167,3542,Arrested,False,0,False
12484,523167,4684,Unknown,True,12,False
12485,505465,2136,Arrested,True,16,False
12486,504107,4911,Unknown,False,0,False
12487,504107,4461,Unknown,False,0,False
12488,504417,2740,Bail,False,0,False
12489,504417,4845,Arrested,False,0,False
12490,510550,1731,Arrested,False,0,True
12491,510550,3924,Absconding,False,0,True
12492,510550,4098,Arrested,False,0,True
12493,510550,2924,Unknown,True,8,True
12494,510550,4778,Bail,True,3,True
12495,512291,2451,Bail,False,0,False
12496,512291,3772,Bail,True,20,False
12497,500777,2961,Unknown,True,15,True
12498,500777,989,Arrested,False,0,True
12499,500777,3179,Unknown,True,4,True
12500,500777,2651,Absconding,True,3,True
12501,516102,3588,Unknown,True,1,False
12502,516102,481,Absconding,False,0,False
12503,521706,4208,Bail,False,0,True
12504,521706,1275,Arrested,True,19,True
12505,521706,4628,Bail,True,11,True
12506,521706,2760,Absconding,True,18,True
12507,521706,3233,Bail,True,13,True
12508,519591,111,Bail,False,0,False
12509,519591,150,Absconding,False,0,False
12510,514802,1353,Bail,False,0,True
12511,514802,316,Absconding,True,17,True
12512,514802,4769,Arrested,False,0,True
12513,514802,42,Unknown,False,0,True
12514,514802,3515,Unknown,True,7,True
12515,514802,3620,Bail,True,20,True
12516,513595,4455,Unknown,False,0,False
12517,513595,2016,Arrested,False,0,False
12518,503234,1691,Absconding,True,4,True
12519,503234,447,Absconding,False,0,True
12520,503234,2882,Absconding,True,16,True
12521,503234,3049,Arrested,False,0,True
12522,503234,4428,Unknown,False,0,True
12523,516090,2948,Arrested,False,0,True
12524,516090,2403,Bail,True,3,True
12525,516090,2837,Unknown,True,20,True
12526,516090,2272,Bail,False,0,True
12527,521078,891,Unknown,True,11,True
12528,521078,289,Arrested,False,0,True
12529,521078,2114,Arrested,False,0,True
12530,521078,168,Unknown,False,0,True
12531,521078,4333,Unknown,True,10,True
12532,521078,1047,Arrested,True,14,True
12533,519270,1746,Absconding,True,3,True
12534,519270,958,Absconding,True,11,True
12535,519270,230,Unknown,False,0,True
12536,519270,2337,Unknown,True,14,True
12537,509705,4715,Arrested,True,10,True
12538,509705,3160,Arrested,True,7,True
12539,509705,2634,Arrested,True,19,True
12540,509705,2181,Absconding,False,0,True
12541,509705,572,Unknown,True,17,True
12542,509705,1934,Unknown,False,0,True
12543,501175,3334,Absconding,False,0,False
12544,516106,51,Absconding,True,12,False
12545,516106,1637,Arrested,True,18,False
12546,513982,1255,Unknown,False,0,False
12547,513982,4943,Unknown,False,0,False
12548,520618,2002,Unknown,False,0,True
12549,520618,2944,Bail,True,2,True
12550,520618,3691,Bail,True,16,True
12551,520618,1127,Bail,True,2,True
12552,520618,2680,Bail,False,0,True
12553,520618,4112,Bail,False,0,True
12554,503534,1197,Absconding,True,10,False
12555,503534,4841,Arrested,False,0,False
12556,510318,1416,Unknown,True,5,True
12557,510318,3496,Bail,True,20,True
12558,510318,164,Unknown,False,0,True
12559,514234,4638,Unknown,False,0,False
12560,512987,4185,Unknown,True,6,False
12561,506988,751,Absconding,False,0,False
12562,524370,3252,Bail,True,2,True
12563,524370,4915,Bail,False,0,True
12564,524370,3586,Unknown,False,0,True
12565,524370,375,Arrested,False,0,True
12566,524370,1102,Unknown,True,2,True
12567,507448,1971,Absconding,False,0,False
12568,507448,2997,Unknown,False,0,False
12569,521241,1194,Absconding,True,13,False
12570,521241,2930,Absconding,True,13,False
12571,523149,3707,Bail,True,13,True
12572,523149,2042,Absconding,True,16,True
12573,523149,3964,Arrested,True,2,True
12574,523149,2823,Arrested,True,13,True
12575,505677,934,Bail,True,11,False
12576,505677,1787,Arrested,True,8,False
12577,501198,19,Bail,True,12,False
12578,501198,2839,Absconding,False,0,False
12579,513679,867,Unknown,True,1,True
12580,513679,2737,Unknown,False,0,True
12581,513679,1705,Absconding,False,0,True
12582,513434,4443,Arrested,True,16,False
12583,513434,4917,Arrested,True,12,False
12584,505195,4986,Absconding,True,7,False
12585,521089,3537,Absconding,False,0,True
12586,521089,861,Unknown,True,8,True
12587,521089,402,Bail,False,0,True
12588,521089,1587,Unknown,False,0,True
12589,521089,4558,Bail,True,10,True
12590,521089,34,Arrested,True,19,True
12591,506439,961,Absconding,True,5,False
12592,517826,2118,Unknown,True,13,True
12593,517826,2150,Arrested,False,0,True
12594,517826,1957,Absconding,True,15,True
12595,517826,3407,Absconding,False,0,True
12596,517826,3375,Arrested,True,18,True
12597,517826,1493,Bail,True,5,True
12598,505486,17,Arrested,True,5,True
12599,505486,3667,Unknown,False,0,True
12600,505486,3648,Unknown,False,0,True
12601,505486,3055,Absconding,False,0,True
12602,505486,2211,Arrested,False,0,True
12603,505486,4783,Absconding,False,0,True
12604,503835,941,Unknown,True,7,True
12605,503835,2295,Bail,False,0,True
12606,503835,3355,Bail,True,3,True
12607,503835,382,Unknown,False,0,True
12608,519464,264,Bail,True,13,True
12609,519464,4764,Unknown,True,10,True
12610,519464,3460,Absconding,True,8,True
12611,523110,551,Bail,False,0,True
12612,523110,4986,Unknown,True,18,True
12613,523110,3259,Bail,True,19,True
12614,523110,260,Arrested,False,0,True
12615,507787,1943,Absconding,True,17,True
12616,507787,2837,Arrested,False,0,True
12617,507787,1994,Arrested,False,0,True
12618,507787,430,Absconding,True,13,True
12619,500555,616,Absconding,True,3,False
12620,523019,4696,Absconding,False,0,True
12621,523019,682,Unknown,False,0,True
12622,523019,4313,Bail,True,13,True
12623,523019,575,Bail,False,0,True
12624,523019,4165,Bail,True,11,True
12625,508673,365,Unknown,False,0,False
12626,508673,864,Arrested,False,0,False
12627,511409,3063,Bail,False,0,True
12628,511409,4341,Arrested,True,5,True
12629,511409,3437,Absconding,False,0,True
12630,511409,3498,Arrested,False,0,True
12631,511409,882,Arrested,True,17,True
12632,516135,2226,Arrested,True,15,True
12633,516135,613,Bail,True,15,True
12634,516135,2748,Arrested,False,0,True
12635,516135,3676,Unknown,True,19,True
12636,516135,4353,Arrested,True,16,True
12637,511973,3711,Arrested,True,8,True
12638,511973,3045,Arrested,True,5,True
12639,511973,1877,Unknown,False,0,True
12640,511973,755,Arrested,False,0,True
12641,518151,581,Absconding,True,16,True
12642,518151,639,Bail,True,14,True
12643,518151,4382,Absconding,True,17,True
12644,518151,1271,Absconding,False,0,True
12645,518151,3279,Bail,False,0,True
12646,518151,4266,Absconding,True,19,True
12647,512909,3909,Unknown,False,0,False
12648,512909,3974,Bail,False,0,False
12649,513827,4626,Unknown,False,0,True
12650,513827,1735,Unknown,False,0,True
12651,513827,1033,Absconding,True,12,True
12652,501207,1454,Unknown,True,19,False
12653,501207,2883,Unknown,False,0,False
12654,503920,1220,Bail,False,0,False
12655,503920,4524,Bail,False,0,False
12656,513316,1425,Unknown,True,10,True
12657,513316,3026,Absconding,True,4,True
12658,513316,4174,Bail,True,14,True
12659,513316,875,Arrested,False,0,True
12660,513316,387,Absconding,True,13,True
12661,520323,4524,Bail,True,12,False
12662,508952,4443,Arrested,True,9,True
12663,508952,2171,Absconding,False,0,True
12664,508952,4767,Unknown,False,0,True
12665,508952,3480,Absconding,False,0,True
12666,508952,387,Unknown,False,0,True
12667,523011,4258,Bail,False,0,True
12668,523011,4319,Arrested,False,0,True
12669,523011,2323,Absconding,False,0,True
12670,513805,2495,Arrested,False,0,True
12671,513805,3571,Bail,False,0,True
12672,513805,889,Arrested,True,8,True
12673,513805,1489,Absconding,True,15,True
12674,513805,2971,Arrested,False,0,True
12675,506499,1318,Unknown,False,0,True
12676,506499,1985,Arrested,True,3,True
12677,506499,641,Unknown,False,0,True
12678,522558,1530,Unknown,True,6,True
12679,522558,1292,Bail,False,0,True
12680,522558,1564,Unknown,True,4,True
12681,522558,3031,Unknown,False,0,True
12682,522558,4438,Unknown,True,4,True
12683,517205,3222,Absconding,True,15,True
12684,517205,2412,Bail,True,12,True
12685,517205,2572,Bail,True,5,True
12686,520594,3172,Unknown,True,16,True
12687,520594,817,Arrested,False,0,True
12688,520594,3161,Bail,True,12,True
12689,520594,1200,Arrested,False,0,True
12690,520594,4145,Arrested,True,14,True
12691,520594,2658,Absconding,True,3,True
12692,523763,1953,Arrested,True,20,False
12693,522059,3853,Unknown,False,0,True
12694,522059,3596,Unknown,True,20,True
12695,522059,4355,Bail,True,3,True
12696,522059,3608,Absconding,False,0,True
12697,522059,4743,Bail,False,0,True
12698,511336,3008,Bail,False,0,False
12699,508138,57,Bail,False,0,True
12700,508138,3405,Unknown,True,11,True
12701,508138,4091,Absconding,True,9,True
12702,508138,4453,Unknown,False,0,True
12703,508138,642,Unknown,True,18,True
12704,518064,2800,Unknown,False,0,True
12705,518064,3617,Bail,False,0,True
12706,518064,782,Bail,True,5,True
12707,518064,4586,Absconding,True,17,True
12708,518064,2095,Unknown,False,0,True
12709,506548,3160,Absconding,False,0,False
12710,522654,3915,Arrested,False,0,False
12711,522654,49,Arrested,True,14,False
12712,523180,3813,Arrested,False,0,True
12713,523180,3556,Absconding,True,4,True
12714,523180,1346,Bail,False,0,True
12715,523180,3022,Unknown,True,19,True
12716,523180,316,Unknown,True,11,True
12717,513182,3786,Unknown,True,10,True
12718,513182,450,Absconding,True,17,True
12719,513182,3976,Unknown,False,0,True
12720,513182,3563,Unknown,False,0,True
12721,513182,2100,Unknown,True,2,True
12722,520841,4226,Absconding,False,0,False
12723,520841,4963,Arrested,True,4,False
12724,507734,985,Absconding,False,0,False
12725,507734,522,Unknown,False,0,False
12726,514995,355,Absconding,True,14,True
12727,514995,1340,Absconding,False,0,True
12728,514995,2258,Unknown,True,13,True
12729,520497,4855,Unknown,True,20,False
12730,520497,2255,Absconding,True,4,False
12731,512736,1641,Arrested,True,1,True
12732,512736,4824,Bail,True,6,True
12733,512736,3824,Unknown,True,19,True
12734,512736,2153,Unknown,True,5,True
12735,512736,93,Absconding,True,7,True
12736,512736,4947,Unknown,True,19,True
12737,512257,2279,Absconding,True,12,True
12738,512257,3538,Bail,False,0,True
12739,512257,4718,Arrested,False,0,True
12740,521302,2460,Unknown,True,1,False
12741,521302,2603,Arrested,True,11,False
12742,518471,756,Unknown,False,0,False
12743,518471,3219,Absconding,False,0,False
12744,522146,546,Bail,False,0,True
12745,522146,355,Unknown,False,0,True
12746,522146,3942,Absconding,False,0,True
12747,522146,3468,Bail,True,5,True
12748,501739,1337,Arrested,False,0,True
12749,501739,1228,Absconding,True,10,True
12750,501739,2469,Arrested,False,0,True
12751,501739,3406,Arrested,True,7,True
12752,501573,2253,Unknown,False,0,False
12753,508888,298,Unknown,False,0,True
12754,508888,3626,Unknown,False,0,True
12755,508888,3325,Unknown,True,6,True
12756,508888,3022,Absconding,True,4,True
12757,506920,1414,Unknown,False,0,True
12758,506920,3423,Arrested,True,20,True
12759,506920,1963,Bail,True,20,True
12760,506920,460,Bail,True,8,True
12761,509576,3166,Arrested,False,0,True
12762,509576,925,Absconding,False,0,True
12763,509576,611,Bail,False,0,True
12764,524964,2771,Unknown,False,0,False
12765,500047,2530,Unknown,True,17,False
12766,500047,171,Unknown,True,7,False
12767,507094,1554,Unknown,False,0,False
12768,507094,3750,Bail,True,7,False
12769,515206,658,Absconding,True,12,False
12770,515206,539,Bail,True,10,False
12771,507647,3339,Absconding,False,0,True
12772,507647,4630,Arrested,True,4,True
12773,507647,3732,Arrested,False,0,True
12774,508407,3855,Unknown,True,16,True
12775,508407,4722,Unknown,True,10,True
12776,508407,1448,Unknown,False,0,True
12777,508407,4932,Unknown,False,0,True
12778,508407,3912,Absconding,False,0,True
12779,502623,3566,Unknown,True,12,True
12780,502623,3213,Absconding,False,0,True
12781,502623,942,Arrested,False,0,True
12782,502623,3978,Bail,True,1,True
12783,502623,3944,Unknown,False,0,True
12784,514488,3066,Unknown,False,0,True
12785,514488,2560,Bail,True,10,True
12786,514488,3070,Bail,False,0,True
12787,514488,3010,Unknown,False,0,True
12788,517630,2959,Arrested,True,3,True
12789,517630,4010,Unknown,True,18,True
12790,517630,2002,Unknown,True,9,True
12791,521409,3877,Bail,True,3,True
12792,521409,1851,Unknown,True,13,True
12793,521409,4260,Unknown,False,0,True
12794,519483,1507,Unknown,True,15,True
12795,519483,3143,Arrested,True,1,True
12796,519483,4917,Arrested,True,4,True
12797,519483,3139,Absconding,True,7,True
12798,522938,2159,Bail,False,0,True
12799,522938,1401,Bail,True,18,True
12800,522938,4257,Arrested,False,0,True
12801,522938,3750,Absconding,True,13,True
12802,522938,113,Arrested,False,0,True
12803,522938,3780,Bail,True,1,True
12804,510255,4517,Unknown,False,0,True
12805,510255,804,Absconding,True,15,True
12806,510255,1087,Bail,True,12,True
12807,510255,3492,Unknown,True,8,True
12808,510255,2725,Absconding,True,18,True
12809,512523,2759,Arrested,False,0,False
12810,502898,4250,Absconding,True,19,True
12811,502898,684,Unknown,False,0,True
12812,502898,4989,Arrested,True,19,True
12813,502898,2284,Unknown,False,0,True
12814,520554,3182,Unknown,False,0,False
12815,520554,1714,Absconding,True,11,False
12816,517385,3748,Unknown,False,0,True
12817,517385,3448,Unknown,True,16,True
12818,517385,4191,Arrested,True,13,True
12819,505349,75,Absconding,True,14,False
12820,514461,1726,Unknown,True,11,True
12821,514461,4550,Bail,False,0,True
12822,514461,2387,Unknown,False,0,True
12823,500745,1904,Bail,False,0,True
12824,500745,1051,Bail,True,20,True
12825,500745,4703,Arrested,True,12,True
12826,514764,3352,Absconding,False,0,True
12827,514764,1597,Unknown,False,0,True
12828,514764,4815,Bail,True,18,True
12829,514764,861,Bail,True,11,True
12830,506050,732,Unknown,True,9,True
12831,506050,824,Unknown,False,0,True
12832,506050,564,Unknown,True,9,True
12833,506050,441,Absconding,True,3,True
12834,506050,3892,Absconding,True,8,True
12835,503799,4269,Absconding,True,14,False
12836,503799,2798,Arrested,True,10,False
12837,515108,4410,Absconding,True,4,False
12838,511068,2901,Arrested,False,0,False
12839,518050,4885,Absconding,False,0,False
12840,503289,1783,Arrested,False,0,True
12841,503289,1315,Absconding,True,17,True
12842,503289,3581,Arrested,True,19,True
12843,503289,1419,Bail,True,16,True
12844,503289,52,Arrested,True,17,True
12845,520629,4955,Bail,False,0,True
12846,520629,4903,Bail,True,9,True
12847,520629,4355,Arrested,False,0,True
12848,520629,120,Unknown,True,4,True
12849,520629,3045,Arrested,True,15,True
12850,520629,3454,Bail,True,20,True
12851,510765,3470,Arrested,True,19,False
12852,502716,4741,Bail,False,0,False
12853,502716,2966,Unknown,True,17,False
12854,502214,2909,Unknown,False,0,True
12855,502214,4878,Absconding,False,0,True
12856,502214,268,Arrested,True,16,True
12857,502214,995,Unknown,False,0,True
12858,521053,3467,Absconding,True,13,True
12859,521053,1940,Bail,True,1,True
12860,521053,4594,Arrested,False,0,True
12861,504991,1645,Bail,False,0,False
12862,506291,3215,Arrested,False,0,False
12863,504741,2636,Unknown,False,0,True
12864,504741,3760,Unknown,False,0,True
12865,504741,2179,Bail,False,0,True
12866,504741,3871,Bail,False,0,True
12867,504741,2868,Arrested,True,11,True
12868,514029,1888,Absconding,True,9,True
12869,514029,3969,Arrested,True,12,True
12870,514029,1152,Bail,False,0,True
12871,514029,2009,Unknown,False,0,True
12872,510176,435,Unknown,True,14,False
12873,510176,1331,Unknown,True,15,False
12874,512702,2419,Bail,True,4,True
12875,512702,1080,Bail,True,2,True
12876,512702,1389,Bail,True,1,True
12877,502166,3212,Arrested,True,20,True
12878,502166,416,Arrested,True,16,True
12879,502166,3147,Absconding,False,0,True
12880,515120,3780,Absconding,False,0,True
12881,515120,1984,Unknown,True,14,True
12882,515120,3105,Arrested,True,16,True
12883,515120,2778,Absconding,False,0,True
12884,501291,3816,Absconding,False,0,True
12885,501291,277,Absconding,True,2,True
12886,501291,4782,Bail,True,5,True
12887,505129,3002,Bail,False,0,False
12888,513838,2686,Unknown,True,1,True
12889,513838,4953,Arrested,True,19,True
12890,513838,705,Arrested,True,15,True
12891,513838,1123,Absconding,False,0,True
12892,513838,3115,Unknown,False,0,True
12893,513838,4111,Arrested,False,0,True
12894,501585,700,Bail,True,9,True
12895,501585,3627,Bail,True,5,True
12896,501585,4954,Unknown,False,0,True
12897,501585,2825,Absconding,False,0,True
12898,501585,3042,Absconding,True,3,True
12899,501585,3160,Absconding,False,0,True
12900,513083,4992,Arrested,True,17,True
12901,513083,1089,Unknown,True,6,True
12902,513083,2192,Absconding,True,11,True
12903,513083,2991,Bail,False,0,True
12904,513083,1336,Arrested,True,11,True
12905,513104,2790,Absconding,True,3,False
12906,513104,3955,Unknown,True,11,False
12907,519344,1849,Arrested,True,13,True
12908,519344,3927,Unknown,False,0,True
12909,519344,217,Arrested,True,10,True
12910,517789,3834,Bail,False,0,False
12911,517789,3820,Absconding,False,0,False
12912,522187,214,Absconding,False,0,True
12913,522187,2258,Absconding,False,0,True
12914,522187,4897,Arrested,False,0,True
12915,522187,563,Unknown,False,0,True
12916,522187,787,Absconding,True,14,True
12917,522187,1548,Arrested,True,9,True
12918,511682,4406,Bail,True,4,True
12919,511682,1218,Unknown,False,0,True
12920,511682,2359,Arrested,True,18,True
12921,511682,2059,Arrested,False,0,True
12922,511682,3456,Absconding,False,0,True
12923,511682,604,Arrested,False,0,True
12924,517607,3301,Bail,True,19,True
12925,517607,2782,Unknown,False,0,True
12926,517607,4091,Bail,True,15,True
12927,517607,318,Absconding,False,0,True
12928,522791,3467,Bail,False,0,True
12929,522791,2255,Arrested,False,0,True
12930,522791,45,Bail,False,0,True
12931,522791,4158,Arrested,True,8,True
12932,522791,598,Arrested,False,0,True
12933,519550,1551,Absconding,False,0,False
12934,519550,266,Absconding,False,0,False
12935,521965,4072,Bail,True,8,True
12936,521965,4774,Arrested,True,14,True
12937,521965,679,Bail,True,4,True
12938,521965,3504,Bail,True,2,True
12939,521965,1825,Arrested,False,0,True
12940,521965,3121,Unknown,False,0,True
12941,520488,3034,Arrested,True,20,True
12942,520488,1850,Unknown,False,0,True
12943,520488,4670,Bail,False,0,True
12944,520488,775,Absconding,False,0,True
12945,520488,1831,Arrested,True,17,True
12946,516229,4181,Bail,False,0,False
12947,504635,2943,Arrested,True,20,False
12948,512696,3349,Absconding,False,0,True
12949,512696,994,Unknown,True,3,True
12950,512696,1707,Absconding,False,0,True
12951,512696,2905,Absconding,True,5,True
12952,515787,1938,Unknown,True,11,True
12953,515787,909,Arrested,False,0,True
12954,515787,3786,Absconding,False,0,True
12955,515787,4405,Unknown,False,0,True
12956,506546,3431,Arrested,False,0,True
12957,506546,1955,Bail,True,18,True
12958,506546,2843,Unknown,True,1,True
12959,506546,4739,Absconding,False,0,True
12960,508114,3016,Unknown,False,0,True
12961,508114,1808,Unknown,True,6,True
12962,508114,4616,Bail,True,11,True
12963,508114,2431,Unknown,True,10,True
12964,508114,296,Bail,False,0,True
12965,508114,1510,Unknown,True,13,True
12966,508869,3368,Arrested,False,0,True
12967,508869,1994,Bail,True,6,True
12968,508869,1390,Unknown,True,14,True
12969,508869,1780,Arrested,False,0,True
12970,508869,2714,Unknown,True,14,True
12971,503423,4529,Arrested,True,16,True
12972,503423,2540,Arrested,True,12,True
12973,503423,1218,Bail,False,0,True
12974,503423,3444,Unknown,False,0,True
12975,503423,2644,Absconding,False,0,True
12976,503423,2586,Unknown,False,0,True
12977,505263,2511,Arrested,False,0,True
12978,505263,2265,Arrested,True,1,True
12979,505263,3635,Arrested,True,20,True
12980,505263,1525,Unknown,False,0,True
12981,505263,2327,Bail,False,0,True
12982,518542,1263,Absconding,False,0,False
12983,518542,845,Unknown,True,8,False
12984,504157,3702,Absconding,False,0,False
12985,504157,2073,Absconding,True,6,False
12986,510405,60,Bail,False,0,True
12987,510405,1465,Unknown,True,13,True
12988,510405,1525,Arrested,True,3,True
12989,510405,1345,Absconding,True,10,True
12990,510405,2582,Absconding,True,16,True
12991,524867,1454,Absconding,False,0,True
12992,524867,1049,Bail,False,0,True
12993,524867,2495,Bail,False,0,True
12994,524867,287,Arrested,False,0,True
12995,505062,2134,Unknown,True,1,True
12996,505062,2488,Arrested,False,0,True
12997,505062,1029,Bail,True,4,True
12998,505062,3038,Absconding,False,0,True
12999,505062,1817,Arrested,True,15,True
13000,505062,1441,Absconding,True,15,True
13001,522200,986,Absconding,False,0,True
13002,522200,2674,Bail,False,0,True
13003,522200,3916,Absconding,False,0,True
13004,515381,83,Bail,True,8,True
13005,515381,412,Absconding,True,7,True
13006,515381,4056,Bail,False,0,True
13007,515381,281,Arrested,True,6,True
13008,515381,4730,Absconding,True,10,True
13009,515381,298,Bail,True,11,True
13010,508658,4771,Arrested,False,0,True
13011,508658,1076,Unknown,False,0,True
13012,508658,1314,Unknown,False,0,True
13013,508397,747,Bail,True,1,True
13014,508397,1271,Bail,True,8,True
13015,508397,490,Arrested,True,12,True
13016,508397,1427,Unknown,False,0,True
13017,512488,3401,Bail,True,2,False
13018,522792,3754,Bail,False,0,True
13019,522792,3963,Arrested,True,11,True
13020,522792,281,Unknown,False,0,True
13021,522792,3433,Bail,True,10,True
13022,522792,1179,Bail,False,0,True
13023,522792,4426,Unknown,False,0,True
13024,504425,1711,Absconding,True,8,False
13025,510430,3244,Unknown,False,0,True
13026,510430,4193,Absconding,False,0,True
13027,510430,2038,Bail,True,12,True
13028,521015,668,Bail,False,0,True
13029,521015,1745,Absconding,False,0,True
13030,521015,3083,Arrested,True,13,True
13031,521015,2666,Bail,True,16,True
13032,521015,3944,Absconding,False,0,True
13033,524791,1810,Bail,False,0,False
13034,524791,2597,Bail,False,0,False
13035,502239,1962,Bail,False,0,True
13036,502239,4063,Bail,True,9,True
13037,502239,2196,Absconding,False,0,True
13038,502239,762,Bail,True,12,True
13039,502239,1418,Unknown,False,0,True
13040,502239,2615,Unknown,True,11,True
13041,505996,997,Arrested,False,0,True
13042,505996,4485,Unknown,True,13,True
13043,505996,1748,Unknown,False,0,True
13044,505996,1739,Absconding,True,6,True
13045,505996,4667,Bail,False,0,True
13046,504529,4530,Arrested,False,0,True
13047,504529,483,Bail,False,0,True
13048,504529,429,Bail,False,0,True
13049,504529,3043,Absconding,False,0,True
13050,513106,3975,Unknown,False,0,False
13051,513106,474,Absconding,True,2,False
13052,523592,4108,Arrested,False,0,True
13053,523592,1171,Arrested,False,0,True
13054,523592,808,Absconding,True,6,True
13055,504204,3199,Unknown,False,0,True
13056,504204,791,Arrested,True,8,True
13057,504204,4304,Absconding,True,15,True
13058,502572,1927,Absconding,True,8,True
13059,502572,3079,Absconding,False,0,True
13060,502572,1642,Bail,False,0,True
13061,502572,168,Arrested,False,0,True
13062,502572,2530,Unknown,True,8,True
13063,501449,1561,Arrested,True,7,True
13064,501449,4307,Bail,False,0,True
13065,501449,422,Arrested,True,3,True
13066,501449,2813,Unknown,False,0,True
13067,501449,3401,Arrested,True,12,True
13068,501449,2710,Arrested,True,9,True
13069,521867,2757,Absconding,True,2,True
13070,521867,3310,Bail,False,0,True
13071,521867,4603,Bail,False,0,True
13072,521867,1558,Unknown,True,18,True
13073,521867,983,Arrested,True,10,True
13074,521867,2143,Bail,False,0,True
13075,501339,4084,Absconding,False,0,False
13076,501339,381,Absconding,False,0,False
13077,523198,1266,Bail,True,19,True
13078,523198,4690,Bail,False,0,True
13079,523198,2164,Unknown,False,0,True
13080,523198,2189,Arrested,False,0,True
13081,516061,3050,Absconding,False,0,False
13082,516061,4974,Absconding,True,13,False
13083,507579,510,Unknown,True,11,True
13084,507579,2558,Absconding,True,9,True
13085,507579,4050,Absconding,False,0,True
13086,507579,860,Arrested,False,0,True
13087,507579,4234,Absconding,False,0,True
13088,523472,57,Absconding,True,5,False
13089,523472,1734,Arrested,True,19,False
13090,508424,3884,Bail,True,18,True
13091,508424,1688,Unknown,False,0,True
13092,508424,1327,Absconding,False,0,True
13093,508424,1199,Arrested,False,0,True
13094,508424,4459,Arrested,True,5,True
13095,508424,4697,Arrested,False,0,True
13096,517390,4038,Unknown,False,0,False
13097,517390,2868,Bail,True,18,False
13098,500881,3680,Arrested,False,0,True
13099,500881,1343,Unknown,True,5,True
13100,500881,1199,Bail,False,0,True
13101,500881,2472,Arrested,False,0,True
13102,518800,1732,Unknown,False,0,True
13103,518800,3870,Unknown,False,0,True
13104,518800,96,Absconding,False,0,True
13105,518800,1728,Arrested,True,1,True
13106,518800,1842,Unknown,True,11,True
13107,518800,3114,Arrested,False,0,True
13108,504707,2840,Unknown,True,16,True
13109,504707,2887,Bail,False,0,True
13110,504707,2693,Bail,False,0,True
13111,504707,4720,Absconding,False,0,True
13112,504707,3697,Absconding,True,6,True
13113,503712,3136,Absconding,True,11,True
13114,503712,2208,Arrested,False,0,True
13115,503712,1110,Bail,False,0,True
13116,503712,1920,Unknown,True,4,True
13117,503712,861,Bail,False,0,True
13118,511190,1022,Arrested,True,11,True
13119,511190,2741,Bail,True,10,True
13120,511190,3065,Arrested,True,18,True
13121,511190,3775,Arrested,False,0,True
13122,511190,1752,Bail,False,0,True
13123,513550,4162,Absconding,False,0,True
13124,513550,4251,Arrested,True,20,True
13125,513550,19,Absconding,False,0,True
13126,513550,3171,Bail,False,0,True
13127,513550,3125,Bail,True,20,True
13128,520635,3349,Unknown,False,0,False
13129,520635,4195,Absconding,True,15,False
13130,524398,3794,Absconding,False,0,True
13131,524398,1206,Unknown,True,20,True
13132,524398,2898,Arrested,True,15,True
13133,502677,2987,Bail,False,0,True
13134,502677,465,Unknown,True,16,True
13135,502677,2076,Unknown,False,0,True
13136,502677,4922,Absconding,False,0,True
13137,502677,3977,Unknown,False,0,True
13138,522384,2154,Bail,True,14,True
13139,522384,4132,Bail,False,0,True
13140,522384,1388,Absconding,True,1,True
13141,522384,4316,Arrested,False,0,True
13142,509819,2631,Arrested,True,15,True
13143,509819,2849,Absconding,True,7,True
13144,509819,3822,Absconding,False,0,True
13145,512968,285,Unknown,False,0,True
13146,512968,4509,Absconding,True,17,True
13147,512968,3621,Arrested,True,17,True
13148,512968,2684,Arrested,False,0,True
13149,512968,1604,Unknown,True,15,True
13150,512968,3794,Bail,True,15,True
13151,501808,541,Absconding,True,2,False
13152,501808,474,Bail,True,18,False
13153,502513,2424,Arrested,False,0,True
13154,502513,4142,Unknown,False,0,True
13155,502513,605,Unknown,True,7,True
13156,502513,4540,Absconding,True,4,True
13157,502513,3563,Bail,True,12,True
13158,510575,1426,Arrested,False,0,False
13159,510575,3392,Arrested,True,3,False
13160,524568,2133,Absconding,False,0,True
13161,524568,3893,Absconding,False,0,True
13162,524568,1528,Absconding,False,0,True
13163,524568,215,Unknown,False,0,True
13164,524568,977,Bail,True,1,True
13165,512234,80,Unknown,True,16,False
13166,512093,138,Arrested,True,5,True
13167,512093,4038,Unknown,True,4,True
13168,512093,2718,Arrested,False,0,True
13169,512093,4912,Arrested,False,0,True
13170,512093,4780,Unknown,False,0,True
13171,517690,4335,Absconding,True,18,True
13172,517690,567,Unknown,False,0,True
13173,517690,1398,Unknown,False,0,True
13174,517690,3988,Absconding,True,18,True
13175,515543,375,Bail,True,2,True
13176,515543,3101,Arrested,True,13,True
13177,515543,1030,Unknown,True,20,True
13178,515543,2523,Unknown,False,0,True
13179,522071,2039,Absconding,True,16,True
13180,522071,4019,Absconding,True,19,True
13181,522071,3849,Arrested,False,0,True
13182,512406,4317,Bail,True,12,False
13183,521249,1482,Bail,True,7,True
13184,521249,3471,Bail,False,0,True
13185,521249,2403,Bail,True,20,True
13186,521249,3969,Arrested,False,0,True
13187,514685,3748,Unknown,False,0,False
13188,518769,191,Bail,False,0,False
13189,518769,3434,Arrested,True,12,False
13190,517671,3480,Arrested,False,0,False
13191,522998,2483,Unknown,False,0,False
13192,521663,1824,Arrested,False,0,False
13193,521663,946,Unknown,True,20,False
13194,504149,2890,Bail,True,13,True
13195,504149,4624,Arrested,True,5,True
13196,504149,3497,Absconding,False,0,True
13197,504149,2334,Arrested,True,7,True
13198,504149,3151,Arrested,False,0,True
13199,520997,2250,Unknown,True,10,True
13200,520997,1286,Absconding,True,14,True
13201,520997,1776,Bail,True,8,True
13202,513102,1637,Unknown,False,0,True
13203,513102,4898,Absconding,True,15,True
13204,513102,3541,Bail,True,15,True
13205,513102,1342,Arrested,False,0,True
13206,513102,3798,Unknown,False,0,True
13207,513102,4451,Unknown,True,11,True
13208,518969,4857,Arrested,False,0,False
13209,514203,2342,Bail,True,17,True
13210,514203,4523,Bail,True,14,True
13211,514203,4855,Arrested,True,7,True
13212,500345,3356,Bail,True,7,True
13213,500345,3400,Absconding,False,0,True
13214,500345,3710,Arrested,False,0,True
13215,500345,1701,Arrested,False,0,True
13216,519045,1305,Absconding,True,14,True
13217,519045,3382,Unknown,True,15,True
13218,519045,4803,Absconding,True,6,True
13219,519045,4716,Unknown,False,0,True
13220,519045,1801,Arrested,False,0,True
13221,504746,450,Bail,False,0,True
13222,504746,2402,Arrested,False,0,True
13223,504746,608,Bail,True,7,True
13224,504746,2538,Bail,True,6,True
13225,504746,1032,Unknown,False,0,True
13226,514906,3211,Absconding,True,6,True
13227,514906,2261,Unknown,False,0,True
13228,514906,622,Bail,True,16,True
13229,503495,633,Arrested,False,0,False
13230,515116,4509,Bail,False,0,False
13231,515116,3963,Absconding,False,0,False
13232,524535,521,Arrested,True,11,True
13233,524535,3851,Bail,True,7,True
13234,524535,3735,Bail,False,0,True
13235,524535,1077,Absconding,False,0,True
13236,524535,895,Absconding,False,0,True
13237,519294,2348,Absconding,False,0,True
13238,519294,3504,Unknown,False,0,True
13239,519294,4125,Bail,False,0,True
13240,515474,2669,Arrested,True,6,True
13241,515474,687,Unknown,True,10,True
13242,515474,2475,Arrested,False,0,True
13243,523869,269,Unknown,False,0,True
13244,523869,4200,Absconding,False,0,True
13245,523869,3670,Absconding,False,0,True
13246,523869,4967,Absconding,True,10,True
13247,512288,923,Bail,False,0,True
13248,512288,407,Bail,False,0,True
13249,512288,3309,Absconding,False,0,True
13250,512288,3648,Arrested,False,0,True
13251,512288,3908,Arrested,True,10,True
13252,521931,2216,Absconding,True,4,False
13253,521931,3029,Bail,False,0,False
13254,501720,3672,Arrested,False,0,True
13255,501720,3345,Unknown,True,10,True
13256,501720,2089,Arrested,True,19,True
13257,501720,2037,Unknown,True,12,True
13258,501720,3746,Absconding,True,7,True
13259,516395,250,Arrested,True,15,True
13260,516395,3260,Absconding,False,0,True
13261,516395,1801,Unknown,True,7,True
13262,516395,2894,Absconding,True,6,True
13263,516395,2112,Arrested,False,0,True
13264,510115,4178,Bail,False,0,True
13265,510115,891,Absconding,True,8,True
13266,510115,3449,Absconding,True,2,True
13267,522107,13,Bail,False,0,True
13268,522107,1093,Absconding,False,0,True
13269,522107,674,Bail,True,17,True
13270,522107,905,Arrested,True,16,True
13271,522107,4579,Unknown,True,4,True
13272,522107,2573,Bail,False,0,True
13273,512349,1350,Absconding,False,0,True
13274,512349,1174,Bail,True,7,True
13275,512349,4967,Unknown,False,0,True
13276,512349,4580,Absconding,True,4,True
13277,512349,4997,Bail,True,20,True
13278,507629,4853,Unknown,False,0,True
13279,507629,3005,Absconding,False,0,True
13280,507629,800,Arrested,True,7,True
13281,507629,2491,Arrested,True,5,True
13282,511130,1221,Arrested,False,0,True
13283,511130,7,Arrested,True,17,True
13284,511130,4079,Arrested,True,16,True
13285,501979,3451,Bail,False,0,True
13286,501979,4517,Bail,True,16,True
13287,501979,2383,Arrested,False,0,True
13288,501979,1976,Unknown,False,0,True
13289,510498,841,Bail,False,0,True
13290,510498,2939,Absconding,True,6,True
13291,510498,2214,Unknown,True,17,True
13292,510498,562,Unknown,False,0,True
13293,510498,1887,Absconding,False,0,True
