EmployeeID,OfficerName,Rank,Department,Phone,Email,JoiningYear,StationID,StationName,DistrictID,DistrictName,Status
100001,Oni Bahl,Inspector,Traffic,+910719808126,jchopra@example.net,1995,1,Whitefield Police Station,1,Bengaluru Urban,Active
100002,Ati Bath,Superintendent,Administration,8635491607,riyapal@example.org,2001,1,Whitefield Police Station,1,Bengaluru Urban,Active
100003,Sudiksha Suresh,Police Constable,Administration,00891224615,mason67@example.net,2006,1,Whitefield Police Station,1,Bengaluru Urban,Active
100004,Chakradev Walla,Police Constable,Cyber Crime,5651229312,yashicakorpal@example.net,2018,1,Whitefield Police Station,1,Bengaluru Urban,Active
100005,Indali Garg,Head Constable,Law & Order,+913744632885,uchar@example.net,2002,1,Whitefield Police Station,1,Bengaluru Urban,Active
100006,Frederick Barad,Police Constable,Crime,+911020774181,oviya37@example.net,2004,1,Whitefield Police Station,1,Bengaluru Urban,Active
100007,Dalaja Lata,Assistant Sub Inspector,Law & Order,6002073061,divyasaraf@example.net,2004,1,Whitefield Police Station,1,Bengaluru Urban,Active
100008,Yagnesh Ahuja,Deputy Superintendent,Crime,02946520902,ramakrishnansimon@example.org,2000,1,Whitefield Police Station,1,Bengaluru Urban,Active
100009,Bhavna Kothari,Head Constable,Law & Order,+917946141820,yadavimammen@example.com,2024,1,Whitefield Police Station,1,Bengaluru Urban,Active
100010,Yashawini Goel,Assistant Sub Inspector,Cyber Crime,9456558698,tanish47@example.com,2011,1,Whitefield Police Station,1,Bengaluru Urban,Active
100011,Diya Sane,Assistant Sub Inspector,Traffic,6555891868,damini87@example.com,2002,1,Whitefield Police Station,1,Bengaluru Urban,Active
100012,Fariq Mishra,Sub Inspector,Intelligence,9237064022,bawakrishna@example.org,1998,1,Whitefield Police Station,1,Bengaluru Urban,Active
100013,Varenya Mandal,Sub Inspector,Law & Order,07920331717,rbhasin@example.net,2007,1,Whitefield Police Station,1,Bengaluru Urban,Active
100014,Indrajit Lalla,Police Constable,Traffic,0368347550,ranganathanyashawini@example.net,1999,1,Whitefield Police Station,1,Bengaluru Urban,Active
100015,Harsh Halder,Circle Inspector,Crime,+913496245143,thomaslalla@example.net,2020,1,Whitefield Police Station,1,Bengaluru Urban,Active
100016,Hredhaan Venkatesh,Deputy Superintendent,Law & Order,+912423555203,bahadurjit75@example.org,2021,1,Whitefield Police Station,1,Bengaluru Urban,Active
100017,Jacob Atwal,Deputy Superintendent,Law & Order,3915087785,horanimrat@example.com,2008,1,Whitefield Police Station,1,Bengaluru Urban,Active
100018,Zayan Raman,Sub Inspector,Traffic,09767909736,mitalchandran@example.net,2002,1,Whitefield Police Station,1,Bengaluru Urban,Active
100019,Anya Dave,Sub Inspector,Cyber Crime,9248403986,vidhi51@example.net,2007,1,Whitefield Police Station,1,Bengaluru Urban,Active
100020,Divya Bobal,Head Constable,Administration,1697101529,sahnitriveni@example.org,2022,1,Whitefield Police Station,1,Bengaluru Urban,Active
100021,Nilima Saraf,Police Constable,Cyber Crime,6657479617,wyatt09@example.com,1999,1,Whitefield Police Station,1,Bengaluru Urban,Active
100022,Vedika Rastogi,Sub Inspector,Law & Order,+915325600408,mrajagopalan@example.com,2014,1,Whitefield Police Station,1,Bengaluru Urban,Active
100023,Tanmayi Lad,Assistant Sub Inspector,Crime,0361959301,wahab23@example.net,2004,1,Whitefield Police Station,1,Bengaluru Urban,Active
100024,Orinder Kari,Assistant Sub Inspector,Administration,+917092419838,rpillai@example.com,1996,1,Whitefield Police Station,1,Bengaluru Urban,Active
100025,Yochana Nanda,Assistant Sub Inspector,Cyber Crime,06998132380,jayaramanbhavini@example.org,2015,1,Whitefield Police Station,1,Bengaluru Urban,Active
100026,Ishaan Wadhwa,Assistant Sub Inspector,Intelligence,2870994880,chaman61@example.net,2009,1,Whitefield Police Station,1,Bengaluru Urban,Active
100027,Qabil Prabhu,Sub Inspector,Law & Order,+910210000068,barkhamunshi@example.com,1998,1,Whitefield Police Station,1,Bengaluru Urban,Active
100028,Forum Ratta,Police Constable,Law & Order,08151483459,diyasant@example.com,2024,1,Whitefield Police Station,1,Bengaluru Urban,Active
100029,Dayamai Sani,Inspector,Traffic,+911230701039,daksheshraj@example.net,2016,1,Whitefield Police Station,1,Bengaluru Urban,Active
100030,Watika Prabhu,Deputy Superintendent,Law & Order,07335389770,rbaria@example.org,2014,1,Whitefield Police Station,1,Bengaluru Urban,Active
100031,Oni Dhar,Head Constable,Cyber Crime,09072508976,varugheseeshana@example.org,2019,1,Whitefield Police Station,1,Bengaluru Urban,Active
100032,Yadavi Bobal,Deputy Superintendent,Administration,1308124183,pillaymitesh@example.com,2003,1,Whitefield Police Station,1,Bengaluru Urban,Active
100033,Krishna Dada,Inspector,Crime,2293921849,sodhichaaya@example.net,1995,1,Whitefield Police Station,1,Bengaluru Urban,Active
100034,Tanvi Manda,Police Constable,Traffic,01521017085,ukhanna@example.org,1996,1,Whitefield Police Station,1,Bengaluru Urban,Active
100035,Sanaya Rajagopal,Circle Inspector,Crime,0476835059,divanbenjamin@example.org,2012,1,Whitefield Police Station,1,Bengaluru Urban,Active
100036,Madhavi Dutta,Superintendent,Crime,03127910793,iyengarprisha@example.net,2023,1,Whitefield Police Station,1,Bengaluru Urban,Active
100037,Tanveer Borra,Assistant Sub Inspector,Traffic,+913456663963,zilmil50@example.org,2024,1,Whitefield Police Station,1,Bengaluru Urban,Active
100038,Vrinda Bahri,Inspector,Cyber Crime,0285569953,virajgoel@example.net,1996,1,Whitefield Police Station,1,Bengaluru Urban,Active
100039,Jeremiah Jha,Head Constable,Administration,+913914030647,lmanda@example.com,2004,1,Whitefield Police Station,1,Bengaluru Urban,Active
100040,Diya Gala,Superintendent,Traffic,7495862101,arunima96@example.com,2011,1,Whitefield Police Station,1,Bengaluru Urban,Active
100041,Kavya Garde,Inspector,Law & Order,00715970751,chackoaadhya@example.org,2014,1,Whitefield Police Station,1,Bengaluru Urban,Active
100042,Udyati Mani,Superintendent,Crime,+913220010530,praneel79@example.com,2015,1,Whitefield Police Station,1,Bengaluru Urban,Active
100043,Indrajit Hayer,Superintendent,Law & Order,4631003255,fben@example.net,2025,1,Whitefield Police Station,1,Bengaluru Urban,Active
100044,Qabil Rout,Head Constable,Cyber Crime,7459468771,peterpal@example.net,1995,1,Whitefield Police Station,1,Bengaluru Urban,Active
100045,Girish Srinivasan,Circle Inspector,Law & Order,+914172973670,vincentbhalla@example.net,2020,1,Whitefield Police Station,1,Bengaluru Urban,Active
100046,Oni Palla,Circle Inspector,Law & Order,01944274505,dluthra@example.org,2005,1,Whitefield Police Station,1,Bengaluru Urban,Active
100047,Amruta Ganesh,Deputy Superintendent,Crime,07913982766,george87@example.net,2017,1,Whitefield Police Station,1,Bengaluru Urban,Active
100048,Yashica Borra,Inspector,Traffic,05982988444,sara11@example.com,2024,1,Whitefield Police Station,1,Bengaluru Urban,Active
100049,Samuel Mander,Inspector,Law & Order,02809079371,qadimreddy@example.com,2006,1,Whitefield Police Station,1,Bengaluru Urban,Active
100050,Hamsini Setty,Assistant Sub Inspector,Traffic,5977281359,dkalla@example.org,2005,1,Whitefield Police Station,1,Bengaluru Urban,Active
100051,Yasti Pandit,Deputy Superintendent,Law & Order,08985889242,ddeo@example.org,2017,1,Whitefield Police Station,1,Bengaluru Urban,Active
100052,Mason Sanghvi,Circle Inspector,Intelligence,7756157700,tarak47@example.net,2014,1,Whitefield Police Station,1,Bengaluru Urban,Active
100053,Lipika Mane,Head Constable,Crime,02677544889,abhasaraf@example.net,2002,1,Whitefield Police Station,1,Bengaluru Urban,Active
100054,Bhavya Dhawan,Superintendent,Crime,5063623846,sharafjanuja@example.org,2004,1,Whitefield Police Station,1,Bengaluru Urban,Active
100055,Dominic Mitra,Inspector,Crime,06476046770,surigeorge@example.net,2001,1,Whitefield Police Station,1,Bengaluru Urban,Active
100056,Veda Gopal,Police Constable,Crime,+914103513957,nadigshaurya@example.net,2004,1,Whitefield Police Station,1,Bengaluru Urban,Active
100057,Madhav Sanghvi,Assistant Sub Inspector,Administration,8707381431,waglebishakha@example.com,2020,1,Whitefield Police Station,1,Bengaluru Urban,Active
100058,Urvi Modi,Deputy Superintendent,Administration,6499124249,issacbrijesh@example.com,2021,1,Whitefield Police Station,1,Bengaluru Urban,Active
100059,Adya Sood,Circle Inspector,Traffic,9760266835,hemal61@example.org,2021,1,Whitefield Police Station,1,Bengaluru Urban,Active
100060,Omaja Zachariah,Police Constable,Intelligence,+915855918138,pathaksaumya@example.com,2019,1,Whitefield Police Station,1,Bengaluru Urban,Active
100061,Chaaya Master,Superintendent,Administration,07505040192,tristan75@example.net,2006,1,Whitefield Police Station,1,Bengaluru Urban,Active
100062,Mekhala Sheth,Deputy Superintendent,Law & Order,+913201118763,regecharles@example.net,2006,1,Whitefield Police Station,1,Bengaluru Urban,Active
100063,Charita Sama,Circle Inspector,Intelligence,+912421326126,aradhanapadmanabhan@example.net,2007,1,Whitefield Police Station,1,Bengaluru Urban,Active
100064,Darsh Panchal,Sub Inspector,Intelligence,2518054347,orattan@example.org,2001,1,Whitefield Police Station,1,Bengaluru Urban,Active
100065,Daksha Datta,Superintendent,Cyber Crime,05233754845,sarafbina@example.net,2011,1,Whitefield Police Station,1,Bengaluru Urban,Active
100066,Avni Khosla,Sub Inspector,Law & Order,+915536517852,charvi88@example.org,1999,1,Whitefield Police Station,1,Bengaluru Urban,Active
100067,Meghana Ray,Deputy Superintendent,Cyber Crime,+915238168770,rudra42@example.org,2003,1,Whitefield Police Station,1,Bengaluru Urban,Active
100068,Nitesh Zachariah,Police Constable,Intelligence,+915072003439,darshbhakta@example.com,2015,1,Whitefield Police Station,1,Bengaluru Urban,Active
100069,Omaja Barman,Sub Inspector,Law & Order,+917792860253,talwardaniel@example.net,1996,1,Whitefield Police Station,1,Bengaluru Urban,Active
100070,Urvashi Dash,Sub Inspector,Crime,1951384154,finndoctor@example.com,2008,1,Whitefield Police Station,1,Bengaluru Urban,Active
100071,Ryan Sangha,Deputy Superintendent,Law & Order,9928667754,jasonarora@example.org,2012,1,Whitefield Police Station,1,Bengaluru Urban,Active
100072,Charles Zacharia,Circle Inspector,Traffic,7480314535,bandiojas@example.com,2018,1,Whitefield Police Station,1,Bengaluru Urban,Active
100073,Veer Hora,Assistant Sub Inspector,Intelligence,+914092066726,davevarenya@example.net,1995,1,Whitefield Police Station,1,Bengaluru Urban,Active
100074,Wishi Batra,Assistant Sub Inspector,Crime,+910820938884,jyohannan@example.org,2003,1,Whitefield Police Station,1,Bengaluru Urban,Active
100075,Aarnav Lata,Inspector,Intelligence,7050600014,watikarastogi@example.org,2015,1,Whitefield Police Station,1,Bengaluru Urban,Active
100076,Aadhya Sehgal,Deputy Superintendent,Intelligence,+916025399137,rayaanhayer@example.org,2014,1,Whitefield Police Station,1,Bengaluru Urban,Active
100077,Pahal Lata,Police Constable,Traffic,+912661225231,singhaahana@example.com,1997,1,Whitefield Police Station,1,Bengaluru Urban,Active
100078,Maya Prashad,Sub Inspector,Crime,+911219837279,csandhu@example.org,2002,1,Whitefield Police Station,1,Bengaluru Urban,Active
100079,Advay Chawla,Head Constable,Law & Order,06699129802,lanand@example.org,2008,1,Whitefield Police Station,1,Bengaluru Urban,Active
100080,Bimala Gour,Inspector,Traffic,05994290148,chowdhurychaitanya@example.org,1997,1,Whitefield Police Station,1,Bengaluru Urban,Active
100081,Sachi Bhatt,Head Constable,Traffic,+910552582931,ybuch@example.org,2000,1,Whitefield Police Station,1,Bengaluru Urban,Active
100082,Zaitra Sawhney,Police Constable,Cyber Crime,3272966818,shaurya48@example.net,2001,1,Whitefield Police Station,1,Bengaluru Urban,Active
100083,Harish Chaudhry,Police Constable,Cyber Crime,3926248628,berabhavika@example.com,1997,1,Whitefield Police Station,1,Bengaluru Urban,Active
100084,Faqid Kaul,Assistant Sub Inspector,Law & Order,+914189601765,qgaba@example.org,2003,1,Whitefield Police Station,1,Bengaluru Urban,Active
100085,Ishaan Kaul,Head Constable,Intelligence,+919775121394,jason12@example.org,1995,1,Whitefield Police Station,1,Bengaluru Urban,Active
100086,Jagrati Vora,Assistant Sub Inspector,Law & Order,00468605165,warda80@example.net,1999,1,Whitefield Police Station,1,Bengaluru Urban,Active
100087,Dhriti Solanki,Assistant Sub Inspector,Cyber Crime,01194059232,meghanachaudhary@example.com,1995,1,Whitefield Police Station,1,Bengaluru Urban,Active
100088,Gunbir Saxena,Assistant Sub Inspector,Administration,9808379653,sbhattacharyya@example.com,2013,1,Whitefield Police Station,1,Bengaluru Urban,Active
100089,Watika Tata,Superintendent,Law & Order,00647063695,xraja@example.net,2004,1,Whitefield Police Station,1,Bengaluru Urban,Active
100090,Aarav Badami,Circle Inspector,Crime,05464222363,manan11@example.org,2023,1,Whitefield Police Station,1,Bengaluru Urban,Active
100091,Urmi Ramaswamy,Head Constable,Intelligence,+914043313125,behlkashvi@example.net,2017,1,Whitefield Police Station,1,Bengaluru Urban,Active
100092,Kala Shukla,Deputy Superintendent,Law & Order,5974418676,priya27@example.org,1999,1,Whitefield Police Station,1,Bengaluru Urban,Active
100093,Dalbir Khosla,Circle Inspector,Cyber Crime,2662468891,kotaaarini@example.net,2001,1,Whitefield Police Station,1,Bengaluru Urban,Active
100094,Advaith Ganguly,Superintendent,Crime,+911731758402,badaldaniel@example.net,2008,1,Whitefield Police Station,1,Bengaluru Urban,Active
100095,Kashvi Sant,Assistant Sub Inspector,Traffic,08165757353,omaryan@example.org,2007,1,Whitefield Police Station,1,Bengaluru Urban,Active
100096,Niharika Khare,Deputy Superintendent,Cyber Crime,+916951741598,sbarman@example.com,1997,1,Whitefield Police Station,1,Bengaluru Urban,Active
100097,Samaksh Bhardwaj,Sub Inspector,Administration,09318003070,tanveerkapadia@example.org,2020,2,Indiranagar Police Station,1,Bengaluru Urban,Active
100098,Manbir Sanghvi,Deputy Superintendent,Intelligence,+910556738862,mboase@example.com,2025,2,Indiranagar Police Station,1,Bengaluru Urban,Active
100099,Veda Mohan,Police Constable,Law & Order,09681365025,otiwari@example.com,2022,2,Indiranagar Police Station,1,Bengaluru Urban,Active
100100,Avni Bhatt,Head Constable,Law & Order,6445158894,harinihegde@example.org,2002,2,Indiranagar Police Station,1,Bengaluru Urban,Active
100101,Akshay Jaggi,Assistant Sub Inspector,Cyber Crime,01377820345,vaishnavibhargava@example.net,2015,2,Indiranagar Police Station,1,Bengaluru Urban,Active
100102,Zayyan Pandit,Circle Inspector,Crime,+919401617915,kmajumdar@example.net,2015,2,Indiranagar Police Station,1,Bengaluru Urban,Active
100103,Falak Dewan,Sub Inspector,Law & Order,+917324009278,kamya30@example.net,2009,2,Indiranagar Police Station,1,Bengaluru Urban,Active
100104,Abdul Sampath,Inspector,Traffic,01325972210,lgrewal@example.com,2010,2,Indiranagar Police Station,1,Bengaluru Urban,Active
100105,Udant Sheth,Circle Inspector,Traffic,04673182711,lbarad@example.com,2024,2,Indiranagar Police Station,1,Bengaluru Urban,Active
100106,Shaurya Virk,Sub Inspector,Administration,04395115622,mrajan@example.com,2004,2,Indiranagar Police Station,1,Bengaluru Urban,Active
100107,Charles Ahluwalia,Sub Inspector,Traffic,+918343105577,madhaviom@example.com,2021,2,Indiranagar Police Station,1,Bengaluru Urban,Active
100108,Anirudh Minhas,Circle Inspector,Intelligence,00317257372,gopalanamika@example.org,2022,2,Indiranagar Police Station,1,Bengaluru Urban,Active
100109,Zilmil Mohan,Inspector,Traffic,7340736136,rsodhi@example.net,2018,2,Indiranagar Police Station,1,Bengaluru Urban,Active
100110,Karan Badami,Head Constable,Intelligence,8214939871,mahalharish@example.org,2016,2,Indiranagar Police Station,1,Bengaluru Urban,Active
100111,Ekantika Gara,Deputy Superintendent,Intelligence,7726664318,sinharaksha@example.com,2018,2,Indiranagar Police Station,1,Bengaluru Urban,Active
100112,Gayathri Modi,Assistant Sub Inspector,Traffic,+913570482591,udyatimody@example.net,1999,2,Indiranagar Police Station,1,Bengaluru Urban,Active
100113,Chanakya Mander,Sub Inspector,Crime,08159831539,keya31@example.com,1995,2,Indiranagar Police Station,1,Bengaluru Urban,Active
100114,Radha Trivedi,Police Constable,Crime,+915682252881,damyanti33@example.org,2019,2,Indiranagar Police Station,1,Bengaluru Urban,Active
100115,Priya Date,Circle Inspector,Cyber Crime,01959341065,benjamin68@example.net,2008,2,Indiranagar Police Station,1,Bengaluru Urban,Active
100116,Vidhi Mitra,Police Constable,Law & Order,07904612099,lbhasin@example.com,2002,2,Indiranagar Police Station,1,Bengaluru Urban,Active
100117,Leela Bhatnagar,Head Constable,Crime,08386142573,caleb31@example.net,2018,2,Indiranagar Police Station,1,Bengaluru Urban,Active
100118,Jacob Master,Deputy Superintendent,Administration,09113976252,malhotrawatika@example.org,1995,2,Indiranagar Police Station,1,Bengaluru Urban,Active
100119,Advaith Bajwa,Circle Inspector,Cyber Crime,+910418915934,nitesh10@example.org,2008,2,Indiranagar Police Station,1,Bengaluru Urban,Active
100120,Yoshita Apte,Superintendent,Intelligence,+910632861204,parikhanita@example.net,2025,2,Indiranagar Police Station,1,Bengaluru Urban,Active
100121,Gaurav Bora,Head Constable,Law & Order,+917874469332,ghosedevansh@example.com,2017,2,Indiranagar Police Station,1,Bengaluru Urban,Active
100122,Samarth Ratti,Sub Inspector,Law & Order,09408916615,tsen@example.org,2017,2,Indiranagar Police Station,1,Bengaluru Urban,Active
100123,Hemani Jaggi,Inspector,Intelligence,0296204978,nilima52@example.com,1998,2,Indiranagar Police Station,1,Bengaluru Urban,Active
100124,Wahab Gopal,Sub Inspector,Crime,+910338677618,sunderbalvan@example.org,1997,2,Indiranagar Police Station,1,Bengaluru Urban,Active
100125,Amol Dani,Superintendent,Administration,2842070141,ymuni@example.com,2025,2,Indiranagar Police Station,1,Bengaluru Urban,Active
100126,Chakradhar Raghavan,Sub Inspector,Intelligence,+911655603114,bimala14@example.org,2012,2,Indiranagar Police Station,1,Bengaluru Urban,Active
100127,Nitara Minhas,Head Constable,Intelligence,+915360098093,naveenbakshi@example.com,2007,2,Indiranagar Police Station,1,Bengaluru Urban,Active
100128,Sai Bhagat,Deputy Superintendent,Administration,+910077702157,zachariahlajita@example.net,2016,2,Indiranagar Police Station,1,Bengaluru Urban,Active
100129,Lakshmi Aggarwal,Inspector,Cyber Crime,04587212551,dalalaashi@example.com,2013,2,Indiranagar Police Station,1,Bengaluru Urban,Active
100130,Osha Loyal,Assistant Sub Inspector,Traffic,00874958647,sudiksha39@example.net,2001,2,Indiranagar Police Station,1,Bengaluru Urban,Active
100131,Aditya Srivastava,Sub Inspector,Law & Order,0588586792,logan37@example.net,2011,2,Indiranagar Police Station,1,Bengaluru Urban,Active
100132,Tristan Chand,Assistant Sub Inspector,Intelligence,3110471731,chaudrypeter@example.com,2014,2,Indiranagar Police Station,1,Bengaluru Urban,Active
100133,Megha Andra,Deputy Superintendent,Cyber Crime,4580355337,sherechakradev@example.org,2025,2,Indiranagar Police Station,1,Bengaluru Urban,Active
100134,Luke Gaba,Circle Inspector,Crime,+917827406925,madhav32@example.org,2001,2,Indiranagar Police Station,1,Bengaluru Urban,Active
100135,Imaran Sani,Circle Inspector,Crime,03600546382,wbassi@example.net,1996,2,Indiranagar Police Station,1,Bengaluru Urban,Active
100136,Oeshi Dave,Assistant Sub Inspector,Intelligence,3712012508,narainyoshita@example.net,2002,2,Indiranagar Police Station,1,Bengaluru Urban,Active
100137,Samar Bajaj,Circle Inspector,Administration,+912385959550,pdeshpande@example.com,2013,2,Indiranagar Police Station,1,Bengaluru Urban,Active
100138,Ekbal Murty,Police Constable,Administration,+916235494535,warriormanthan@example.org,2011,2,Indiranagar Police Station,1,Bengaluru Urban,Active
100139,Naveen Ramesh,Assistant Sub Inspector,Traffic,+914236771976,jvarkey@example.net,2003,2,Indiranagar Police Station,1,Bengaluru Urban,Active
100140,Tristan Acharya,Deputy Superintendent,Crime,+916877142246,upadhritidas@example.org,2019,2,Indiranagar Police Station,1,Bengaluru Urban,Active
100141,Anika Contractor,Head Constable,Intelligence,+919246056621,frado28@example.com,2018,2,Indiranagar Police Station,1,Bengaluru Urban,Active
100142,Darika Kala,Deputy Superintendent,Crime,04631380307,wallapraneel@example.org,2018,2,Indiranagar Police Station,1,Bengaluru Urban,Active
100143,Kashvi Sha,Assistant Sub Inspector,Intelligence,+918609581371,yparmer@example.net,2002,2,Indiranagar Police Station,1,Bengaluru Urban,Active
100144,Jagrati Choudhury,Assistant Sub Inspector,Intelligence,00531493867,qmahajan@example.com,1997,2,Indiranagar Police Station,1,Bengaluru Urban,Active
100145,Aarna Khalsa,Superintendent,Traffic,4022314744,miteshbora@example.org,1996,2,Indiranagar Police Station,1,Bengaluru Urban,Active
100146,Jagdish Borah,Assistant Sub Inspector,Law & Order,+919812302458,tnigam@example.net,2012,2,Indiranagar Police Station,1,Bengaluru Urban,Active
100147,Zehaan Gopal,Police Constable,Law & Order,02708595315,ypillay@example.org,2022,2,Indiranagar Police Station,1,Bengaluru Urban,Active
100148,Ekantika Sur,Superintendent,Cyber Crime,8628993520,fganguly@example.net,1998,2,Indiranagar Police Station,1,Bengaluru Urban,Active
100149,Yauvani Sant,Superintendent,Law & Order,+919205132006,qarora@example.org,2008,2,Indiranagar Police Station,1,Bengaluru Urban,Active
100150,Peter Bal,Police Constable,Administration,08182854128,dakshesh93@example.net,2012,2,Indiranagar Police Station,1,Bengaluru Urban,Active
100151,Xalak Krishna,Superintendent,Administration,+918711211162,madanvasatika@example.org,2022,2,Indiranagar Police Station,1,Bengaluru Urban,Active
100152,Samaksh Dixit,Inspector,Administration,1573647574,hardiknadkarni@example.com,2012,2,Indiranagar Police Station,1,Bengaluru Urban,Active
100153,Prisha Doctor,Sub Inspector,Traffic,05690537913,shravya02@example.net,2020,2,Indiranagar Police Station,1,Bengaluru Urban,Active
100154,Advik Sachdev,Sub Inspector,Crime,03707678323,leelasoni@example.com,2003,2,Indiranagar Police Station,1,Bengaluru Urban,Active
100155,Ucchal Yohannan,Circle Inspector,Administration,+916348456358,vinaya70@example.org,2011,2,Indiranagar Police Station,1,Bengaluru Urban,Active
100156,Daniel Baria,Inspector,Cyber Crime,06229760708,ysandhu@example.org,2017,2,Indiranagar Police Station,1,Bengaluru Urban,Active
100157,Ucchal Chaudhari,Head Constable,Law & Order,03987975659,sabharwaltanish@example.net,2017,2,Indiranagar Police Station,1,Bengaluru Urban,Active
100158,Wahab Agate,Head Constable,Intelligence,+913722094376,logan75@example.com,1998,2,Indiranagar Police Station,1,Bengaluru Urban,Active
100159,Nikita Roy,Police Constable,Law & Order,8615896861,ghosezayan@example.com,2011,2,Indiranagar Police Station,1,Bengaluru Urban,Active
100160,Yug Gade,Police Constable,Traffic,7127999580,kde@example.com,2019,2,Indiranagar Police Station,1,Bengaluru Urban,Active
100161,Hamsini Dara,Deputy Superintendent,Crime,+913251101686,banjeet94@example.com,2006,2,Indiranagar Police Station,1,Bengaluru Urban,Active
100162,George Buch,Assistant Sub Inspector,Intelligence,+910096408513,harrisonsamra@example.com,2000,2,Indiranagar Police Station,1,Bengaluru Urban,Active
100163,Isaiah Dara,Assistant Sub Inspector,Administration,2920211542,aarush19@example.net,2021,2,Indiranagar Police Station,1,Bengaluru Urban,Active
100164,Ethan Upadhyay,Superintendent,Law & Order,+918560668468,chaudhrydavid@example.com,2022,2,Indiranagar Police Station,1,Bengaluru Urban,Active
100165,Siddharth Pau,Assistant Sub Inspector,Cyber Crime,3544873309,nirjachowdhury@example.com,2019,2,Indiranagar Police Station,1,Bengaluru Urban,Active
100166,Logan Bhasin,Head Constable,Crime,9785336132,chaman71@example.net,2020,3,HAL Police Station,1,Bengaluru Urban,Active
100167,Aahana Datta,Circle Inspector,Intelligence,2406477404,sanghvilohit@example.com,2007,3,HAL Police Station,1,Bengaluru Urban,Active
100168,Harrison Trivedi,Superintendent,Law & Order,+915547893291,vyasutkarsh@example.com,1997,3,HAL Police Station,1,Bengaluru Urban,Active
100169,Mugdha Merchant,Sub Inspector,Intelligence,06949628399,yauvaniradhakrishnan@example.org,2018,3,HAL Police Station,1,Bengaluru Urban,Active
100170,Vinaya Jain,Inspector,Law & Order,5906352985,yashodasibal@example.org,2025,3,HAL Police Station,1,Bengaluru Urban,Active
100171,Karan Dara,Head Constable,Traffic,00383855022,taklakshit@example.net,2004,3,HAL Police Station,1,Bengaluru Urban,Active
100172,Gaurika Bath,Assistant Sub Inspector,Administration,6484453918,faras21@example.org,1999,3,HAL Police Station,1,Bengaluru Urban,Active
100173,Tristan Zachariah,Deputy Superintendent,Administration,08449012831,nidra16@example.com,2004,3,HAL Police Station,1,Bengaluru Urban,Active
100174,Vritti Borah,Sub Inspector,Intelligence,2134660377,rehaandua@example.net,2018,3,HAL Police Station,1,Bengaluru Urban,Active
100175,Nandini Korpal,Head Constable,Traffic,9125280242,nthaker@example.org,2009,3,HAL Police Station,1,Bengaluru Urban,Active
100176,Anirudh Swaminathan,Deputy Superintendent,Administration,7698699920,priya64@example.net,2012,3,HAL Police Station,1,Bengaluru Urban,Active
100177,Ekansh Raman,Head Constable,Crime,+910493065396,bissac@example.net,2021,3,HAL Police Station,1,Bengaluru Urban,Active
100178,Fariq Oak,Head Constable,Cyber Crime,03345652007,divya81@example.org,2024,3,HAL Police Station,1,Bengaluru Urban,Active
100179,Harrison Pandya,Superintendent,Law & Order,5418758663,warjasdevan@example.org,2016,3,HAL Police Station,1,Bengaluru Urban,Active
100180,Agastya Bhandari,Deputy Superintendent,Intelligence,06658022208,kapadiasanaya@example.net,2022,3,HAL Police Station,1,Bengaluru Urban,Active
100181,Sai Sane,Sub Inspector,Crime,+918759803468,vincentmurty@example.com,2009,3,HAL Police Station,1,Bengaluru Urban,Active
100182,Arin Kalla,Assistant Sub Inspector,Law & Order,6310798374,baghyawati86@example.org,2007,3,HAL Police Station,1,Bengaluru Urban,Active
100183,Gagan Taneja,Deputy Superintendent,Cyber Crime,+915738267172,subramaniamneel@example.com,2004,3,HAL Police Station,1,Bengaluru Urban,Active
100184,Atharv Swaminathan,Assistant Sub Inspector,Law & Order,1781958611,sridharvinaya@example.org,1995,3,HAL Police Station,1,Bengaluru Urban,Active
100185,Tanish Loyal,Head Constable,Intelligence,6892822061,darikabawa@example.net,2001,3,HAL Police Station,1,Bengaluru Urban,Active
100186,Jagdish Uppal,Assistant Sub Inspector,Intelligence,2886412047,pranav85@example.net,2005,3,HAL Police Station,1,Bengaluru Urban,Active
100187,Jyoti Bobal,Assistant Sub Inspector,Crime,+913696237166,gsankaran@example.net,2016,3,HAL Police Station,1,Bengaluru Urban,Active
100188,Abhimanyu Saraf,Inspector,Law & Order,9176556483,sonianika@example.com,2017,3,HAL Police Station,1,Bengaluru Urban,Active
100189,Ikbal Narayanan,Inspector,Crime,9858353992,niharikagara@example.com,2002,3,HAL Police Station,1,Bengaluru Urban,Active
100190,Ayush Viswanathan,Assistant Sub Inspector,Cyber Crime,05826972386,tamannagara@example.org,1995,3,HAL Police Station,1,Bengaluru Urban,Active
100191,Rachana Dyal,Superintendent,Law & Order,05895425615,parekhekavir@example.com,2018,3,HAL Police Station,1,Bengaluru Urban,Active
100192,Qadim Saran,Inspector,Traffic,0807716991,ddatta@example.net,2005,3,HAL Police Station,1,Bengaluru Urban,Active
100193,Yoshita Sachdeva,Police Constable,Cyber Crime,07809724622,freddy@example.net,2004,3,HAL Police Station,1,Bengaluru Urban,Active
100194,Panini Tiwari,Superintendent,Traffic,+911196467930,pahalkannan@example.net,2002,3,HAL Police Station,1,Bengaluru Urban,Active
100195,Omkaar Bava,Inspector,Law & Order,05055528519,vigsamaksh@example.org,2011,3,HAL Police Station,1,Bengaluru Urban,Active
100196,Darsh Sarkar,Head Constable,Crime,07788487682,turvi57@example.net,2017,3,HAL Police Station,1,Bengaluru Urban,Active
100197,Mitali Panchal,Inspector,Intelligence,8355228343,randhawaishita@example.org,1998,3,HAL Police Station,1,Bengaluru Urban,Active
100198,Yug Kuruvilla,Assistant Sub Inspector,Intelligence,02850001728,leenabajaj@example.net,2005,3,HAL Police Station,1,Bengaluru Urban,Active
100199,Jagdish Srinivasan,Assistant Sub Inspector,Cyber Crime,+913472684573,sanyatailor@example.com,1996,3,HAL Police Station,1,Bengaluru Urban,Active
100200,Yachana Narayanan,Superintendent,Cyber Crime,07218827383,dugalyashvi@example.com,2014,3,HAL Police Station,1,Bengaluru Urban,Active
100201,Vinaya Shenoy,Head Constable,Crime,7432925813,farhan45@example.com,1997,3,HAL Police Station,1,Bengaluru Urban,Active
100202,Ucchal Bhatt,Superintendent,Crime,3486036162,rattamaanav@example.net,2008,3,HAL Police Station,1,Bengaluru Urban,Active
100203,Caleb Bhasin,Superintendent,Cyber Crime,1053663957,prashadhardik@example.com,2000,3,HAL Police Station,1,Bengaluru Urban,Active
100204,Ryan Lal,Inspector,Traffic,01905667614,anjali59@example.net,1999,3,HAL Police Station,1,Bengaluru Urban,Active
100205,Ekalinga Prabhakar,Assistant Sub Inspector,Intelligence,01762235478,xiti45@example.com,2001,3,HAL Police Station,1,Bengaluru Urban,Active
100206,Samaksh Kari,Deputy Superintendent,Intelligence,+910609740199,jaggiriya@example.net,2018,3,HAL Police Station,1,Bengaluru Urban,Active
100207,Abeer Tandon,Inspector,Cyber Crime,02895755072,rachit31@example.com,2022,3,HAL Police Station,1,Bengaluru Urban,Active
100208,Girindra Pall,Assistant Sub Inspector,Traffic,+915546323409,ckumar@example.com,2014,3,HAL Police Station,1,Bengaluru Urban,Active
100209,Chanchal Contractor,Sub Inspector,Crime,01551429053,qushi47@example.org,2021,3,HAL Police Station,1,Bengaluru Urban,Active
100210,Meera Kurian,Assistant Sub Inspector,Intelligence,2514663730,william60@example.org,2025,3,HAL Police Station,1,Bengaluru Urban,Active
100211,Nidhi Gandhi,Sub Inspector,Cyber Crime,+916026081951,tanay54@example.org,2000,3,HAL Police Station,1,Bengaluru Urban,Active
100212,Gaurav Chaudry,Assistant Sub Inspector,Law & Order,06286910533,sjayaraman@example.net,2010,3,HAL Police Station,1,Bengaluru Urban,Active
100213,Vinaya Venkatesh,Assistant Sub Inspector,Law & Order,00393380024,solankizarna@example.com,2020,3,HAL Police Station,1,Bengaluru Urban,Active
100214,Anay Hans,Deputy Superintendent,Cyber Crime,01287802820,pratyushkurian@example.org,2011,3,HAL Police Station,1,Bengaluru Urban,Active
100215,Saanvi Barman,Superintendent,Crime,02967905134,dateaarav@example.net,2024,3,HAL Police Station,1,Bengaluru Urban,Active
100216,Faras Sridhar,Head Constable,Crime,5032372738,dnagar@example.net,2003,3,HAL Police Station,1,Bengaluru Urban,Active
100217,Nirja Behl,Assistant Sub Inspector,Intelligence,04879381333,ekbalkrishna@example.com,2018,3,HAL Police Station,1,Bengaluru Urban,Active
100218,Panini Deol,Inspector,Traffic,09288938910,darakalpit@example.org,2023,3,HAL Police Station,1,Bengaluru Urban,Active
100219,Jalsa Bhardwaj,Deputy Superintendent,Traffic,+914628333855,zkala@example.net,2025,3,HAL Police Station,1,Bengaluru Urban,Active
100220,Edhitha Bhatnagar,Inspector,Law & Order,08773703754,upadhritijayaraman@example.com,2006,3,HAL Police Station,1,Bengaluru Urban,Active
100221,Yamini Kaur,Deputy Superintendent,Crime,00570709169,anjaliarora@example.org,2011,3,HAL Police Station,1,Bengaluru Urban,Active
100222,Nidra Modi,Inspector,Traffic,+911304264425,senlekha@example.org,1997,3,HAL Police Station,1,Bengaluru Urban,Active
100223,Lucky Mutti,Sub Inspector,Law & Order,03143334597,birchandran@example.net,2019,3,HAL Police Station,1,Bengaluru Urban,Active
100224,Nathaniel Dyal,Circle Inspector,Traffic,4835972409,bchawla@example.com,2008,3,HAL Police Station,1,Bengaluru Urban,Active
100225,Vritti Mani,Police Constable,Cyber Crime,+913327558306,akshaysarin@example.net,2016,3,HAL Police Station,1,Bengaluru Urban,Active
100226,Kala Vora,Inspector,Administration,8361424345,ckadakia@example.org,1998,3,HAL Police Station,1,Bengaluru Urban,Active
100227,Rajeshri Dayal,Deputy Superintendent,Traffic,2691733695,dbrar@example.net,1998,3,HAL Police Station,1,Bengaluru Urban,Active
100228,William Mahajan,Inspector,Crime,+914784666793,sarnavinaya@example.org,2016,3,HAL Police Station,1,Bengaluru Urban,Active
100229,Ladli Contractor,Superintendent,Cyber Crime,0530308646,ssanghvi@example.com,2017,3,HAL Police Station,1,Bengaluru Urban,Active
100230,Mitali Bawa,Deputy Superintendent,Crime,0132298211,ssrivastava@example.com,2025,3,HAL Police Station,1,Bengaluru Urban,Active
100231,Aachal Sood,Police Constable,Crime,+913999504781,sborah@example.org,1999,3,HAL Police Station,1,Bengaluru Urban,Active
100232,Hitesh Bhattacharyya,Deputy Superintendent,Administration,+916180149510,gandhiluke@example.org,2025,3,HAL Police Station,1,Bengaluru Urban,Active
100233,Advika Sinha,Circle Inspector,Intelligence,+916088989529,mitali10@example.com,2014,3,HAL Police Station,1,Bengaluru Urban,Active
100234,Abeer Sengupta,Inspector,Crime,05129010020,nathanielchacko@example.net,1997,3,HAL Police Station,1,Bengaluru Urban,Active
100235,Gunbir Dara,Circle Inspector,Intelligence,+912826776275,christopherchacko@example.net,2023,3,HAL Police Station,1,Bengaluru Urban,Active
100236,Faris Kannan,Inspector,Administration,01026275287,hbal@example.com,1996,3,HAL Police Station,1,Bengaluru Urban,Active
100237,Anusha Balasubramanian,Police Constable,Administration,5275862402,ranne@example.com,2024,3,HAL Police Station,1,Bengaluru Urban,Active
100238,Maya Sami,Sub Inspector,Cyber Crime,+916931714670,nitara73@example.net,2012,3,HAL Police Station,1,Bengaluru Urban,Active
100239,Nidhi Rastogi,Head Constable,Intelligence,+915942313493,gunbir61@example.net,2017,3,HAL Police Station,1,Bengaluru Urban,Active
100240,Naveen Chand,Sub Inspector,Administration,00194801777,samadaksh@example.com,2005,3,HAL Police Station,1,Bengaluru Urban,Active
100241,Nachiket Krishnamurthy,Circle Inspector,Law & Order,02915955745,ngolla@example.net,2014,3,HAL Police Station,1,Bengaluru Urban,Active
100242,Forum Ranganathan,Sub Inspector,Cyber Crime,+915889475874,bimala81@example.net,2004,3,HAL Police Station,1,Bengaluru Urban,Active
100243,Meera Toor,Deputy Superintendent,Intelligence,8586583464,doradalbir@example.net,2025,3,HAL Police Station,1,Bengaluru Urban,Active
100244,Isha Kumer,Assistant Sub Inspector,Cyber Crime,+918666871581,nidhi06@example.com,2001,3,HAL Police Station,1,Bengaluru Urban,Active
100245,Vritti Iyer,Inspector,Administration,04935165471,lukenigam@example.org,1997,3,HAL Police Station,1,Bengaluru Urban,Active
100246,Zaitra Dada,Assistant Sub Inspector,Crime,6275281296,arya54@example.org,2015,3,HAL Police Station,1,Bengaluru Urban,Active
100247,Jagdish Raman,Head Constable,Crime,07548220606,krishnamurthyquincy@example.net,2001,3,HAL Police Station,1,Bengaluru Urban,Active
100248,Neelima Dara,Police Constable,Traffic,09245684109,vasatanveer@example.net,2001,3,HAL Police Station,1,Bengaluru Urban,Active
100249,Falguni Pillai,Sub Inspector,Traffic,7396613369,lravi@example.com,2005,3,HAL Police Station,1,Bengaluru Urban,Active
100250,Ayaan Dave,Head Constable,Law & Order,07472032732,iwagle@example.com,2009,3,HAL Police Station,1,Bengaluru Urban,Active
100251,Gopal Sridhar,Inspector,Law & Order,9422852098,solankipallavi@example.net,2019,3,HAL Police Station,1,Bengaluru Urban,Active
100252,Vrishti Choudhury,Sub Inspector,Intelligence,09120485973,hredhaan87@example.net,2024,3,HAL Police Station,1,Bengaluru Urban,Active
100253,Neel Zacharia,Inspector,Cyber Crime,01608307922,rudrasarma@example.net,2000,3,HAL Police Station,1,Bengaluru Urban,Active
100254,Elijah Rastogi,Assistant Sub Inspector,Cyber Crime,+910761085816,chokshiabeer@example.org,2020,3,HAL Police Station,1,Bengaluru Urban,Active
100255,Irya Rai,Inspector,Crime,8812989145,udant88@example.net,1996,4,Electronic City Police Station,1,Bengaluru Urban,Active
100256,Ojasvi Gour,Inspector,Law & Order,06102337930,ahujamanthan@example.net,2003,4,Electronic City Police Station,1,Bengaluru Urban,Active
100257,Balhaar Chada,Superintendent,Crime,2666990941,amallick@example.com,1998,4,Electronic City Police Station,1,Bengaluru Urban,Active
100258,Mohini Padmanabhan,Sub Inspector,Administration,+915922706984,pmanda@example.net,2020,4,Electronic City Police Station,1,Bengaluru Urban,Active
100259,Wakeeta Banik,Circle Inspector,Cyber Crime,05460836215,devansh54@example.com,2023,4,Electronic City Police Station,1,Bengaluru Urban,Active
100260,Rayaan Kari,Sub Inspector,Traffic,8551341498,geetika94@example.net,2024,4,Electronic City Police Station,1,Bengaluru Urban,Active
100261,Sachi Goel,Sub Inspector,Law & Order,+914476990933,arunima82@example.net,2006,4,Electronic City Police Station,1,Bengaluru Urban,Active
100262,Vasana Raghavan,Sub Inspector,Cyber Crime,+915214082760,mittalbrinda@example.org,2016,4,Electronic City Police Station,1,Bengaluru Urban,Active
100263,Urishilla Dugal,Sub Inspector,Cyber Crime,2342133206,devansh45@example.org,2002,4,Electronic City Police Station,1,Bengaluru Urban,Active
100264,Jalsa Krishna,Superintendent,Administration,01423189630,eiravati93@example.com,1997,4,Electronic City Police Station,1,Bengaluru Urban,Active
100265,Gopal Agate,Police Constable,Crime,04646687680,ladli66@example.com,2002,4,Electronic City Police Station,1,Bengaluru Urban,Active
100266,Anita Madan,Head Constable,Administration,+914142403665,psha@example.com,2017,4,Electronic City Police Station,1,Bengaluru Urban,Active
100267,Dayita Viswanathan,Inspector,Law & Order,09935997993,nimrat67@example.com,2024,4,Electronic City Police Station,1,Bengaluru Urban,Active
100268,Warda Agarwal,Inspector,Administration,01885551776,yauvani61@example.net,2023,4,Electronic City Police Station,1,Bengaluru Urban,Active
100269,Bahadurjit Mann,Deputy Superintendent,Crime,09097703716,mahika52@example.com,2024,4,Electronic City Police Station,1,Bengaluru Urban,Active
100270,Shivansh Padmanabhan,Assistant Sub Inspector,Law & Order,+913222892467,shethmeera@example.com,2002,4,Electronic City Police Station,1,Bengaluru Urban,Active
100271,Idika Dash,Circle Inspector,Crime,06861713757,bhanumati42@example.com,2021,4,Electronic City Police Station,1,Bengaluru Urban,Active
100272,Ira Hans,Assistant Sub Inspector,Intelligence,8442758512,geraurvashi@example.org,2006,4,Electronic City Police Station,1,Bengaluru Urban,Active
100273,Arjun Ramesh,Head Constable,Cyber Crime,+910733682057,akshaysodhi@example.net,2002,4,Electronic City Police Station,1,Bengaluru Urban,Active
100274,Vihaan Rout,Police Constable,Administration,1914512162,janyatrivedi@example.net,1999,4,Electronic City Police Station,1,Bengaluru Urban,Active
100275,Zilmil Shetty,Superintendent,Law & Order,+914317068660,masonchahal@example.net,2009,4,Electronic City Police Station,1,Bengaluru Urban,Active
100276,Zarna Chaudry,Assistant Sub Inspector,Traffic,04252918680,xvarma@example.net,2020,4,Electronic City Police Station,1,Bengaluru Urban,Active
100277,Amrita Patel,Circle Inspector,Crime,0028099882,darshtara@example.org,2024,4,Electronic City Police Station,1,Bengaluru Urban,Active
100278,Unnati Mutti,Inspector,Cyber Crime,+919896919676,william41@example.com,2022,4,Electronic City Police Station,1,Bengaluru Urban,Active
100279,Yadavi Yogi,Police Constable,Cyber Crime,08612181243,narayananrobert@example.net,2023,4,Electronic City Police Station,1,Bengaluru Urban,Active
100280,Chanakya Venkatesh,Sub Inspector,Law & Order,4497799156,mpalan@example.net,2021,4,Electronic City Police Station,1,Bengaluru Urban,Active
100281,Anvi Sampath,Circle Inspector,Intelligence,09086035746,mohammeddasgupta@example.net,2015,4,Electronic City Police Station,1,Bengaluru Urban,Active
100282,Aachal Puri,Superintendent,Law & Order,+912757112319,edeo@example.com,2021,4,Electronic City Police Station,1,Bengaluru Urban,Active
100283,Bhavna Nath,Inspector,Intelligence,+916125160225,hiral72@example.org,2025,4,Electronic City Police Station,1,Bengaluru Urban,Active
100284,Kashvi Chandra,Superintendent,Crime,02891622065,kkurian@example.net,2002,4,Electronic City Police Station,1,Bengaluru Urban,Active
100285,Dayamai Raman,Superintendent,Cyber Crime,6000238884,battaatharv@example.org,2006,4,Electronic City Police Station,1,Bengaluru Urban,Active
100286,Nachiket Bhargava,Deputy Superintendent,Traffic,7504646080,dalaja77@example.org,2021,4,Electronic City Police Station,1,Bengaluru Urban,Active
100287,Yashica Boase,Deputy Superintendent,Administration,+914149448524,nazarethzinal@example.org,2005,4,Electronic City Police Station,1,Bengaluru Urban,Active
100288,Yutika Choudhary,Assistant Sub Inspector,Crime,+918315258133,avi43@example.org,1999,4,Electronic City Police Station,1,Bengaluru Urban,Active
100289,Hemangini Bedi,Superintendent,Cyber Crime,6675260131,kai82@example.org,2024,4,Electronic City Police Station,1,Bengaluru Urban,Active
100290,Ethan Chana,Circle Inspector,Administration,4169768824,bloke@example.net,2018,4,Electronic City Police Station,1,Bengaluru Urban,Active
100291,Dayita Bakshi,Circle Inspector,Crime,+919225329363,mason37@example.net,2008,4,Electronic City Police Station,1,Bengaluru Urban,Active
100292,Balveer Shroff,Deputy Superintendent,Law & Order,+917223594456,oeshikeer@example.net,2015,4,Electronic City Police Station,1,Bengaluru Urban,Active
100293,Wahab Palan,Police Constable,Administration,2582066783,jasmitkaul@example.org,2014,4,Electronic City Police Station,1,Bengaluru Urban,Active
100294,Bhavna Aurora,Deputy Superintendent,Administration,+918548656997,mekhala05@example.net,2019,4,Electronic City Police Station,1,Bengaluru Urban,Active
100295,Ekani Dada,Assistant Sub Inspector,Crime,+910419724478,kbose@example.org,2021,4,Electronic City Police Station,1,Bengaluru Urban,Active
100296,Barkha Verma,Police Constable,Cyber Crime,+915441269493,rattadhruv@example.net,2020,4,Electronic City Police Station,1,Bengaluru Urban,Active
100297,Maanas Kurian,Inspector,Intelligence,0029759600,farhanraja@example.org,2013,4,Electronic City Police Station,1,Bengaluru Urban,Active
100298,Priya Biswas,Sub Inspector,Crime,+918371453829,bhatiasaanvi@example.com,2022,4,Electronic City Police Station,1,Bengaluru Urban,Active
100299,Adweta Lad,Inspector,Intelligence,01154317822,rnagi@example.net,2022,4,Electronic City Police Station,1,Bengaluru Urban,Active
100300,Jhalak Nanda,Sub Inspector,Traffic,0793847390,xitidhar@example.com,2005,4,Electronic City Police Station,1,Bengaluru Urban,Active
100301,Jalsa Sridhar,Head Constable,Traffic,00417601188,deepadube@example.org,1999,4,Electronic City Police Station,1,Bengaluru Urban,Active
100302,Madhav Kurian,Superintendent,Traffic,1390735595,lvenkataraman@example.net,2009,4,Electronic City Police Station,1,Bengaluru Urban,Active
100303,Banjeet Dugal,Circle Inspector,Cyber Crime,3101518197,fariskara@example.org,2020,4,Electronic City Police Station,1,Bengaluru Urban,Active
100304,Yashawini Pillai,Police Constable,Cyber Crime,1100542888,harishsarma@example.net,2020,4,Electronic City Police Station,1,Bengaluru Urban,Active
100305,Widisha Salvi,Police Constable,Law & Order,00048753927,jbali@example.org,2012,4,Electronic City Police Station,1,Bengaluru Urban,Active
100306,Varenya Loyal,Police Constable,Traffic,07535041883,fsoman@example.com,2012,4,Electronic City Police Station,1,Bengaluru Urban,Active
100307,Max Pal,Head Constable,Law & Order,+915520591769,comaramol@example.org,1997,4,Electronic City Police Station,1,Bengaluru Urban,Active
100308,Zashil Singh,Superintendent,Traffic,+917364259760,varughesewarinder@example.net,2021,4,Electronic City Police Station,1,Bengaluru Urban,Active
100309,Vivaan Nazareth,Sub Inspector,Intelligence,5856699178,harivedhika@example.net,2003,4,Electronic City Police Station,1,Bengaluru Urban,Active
100310,Kashish Thaker,Sub Inspector,Cyber Crime,+916386135647,deolyatan@example.org,1998,4,Electronic City Police Station,1,Bengaluru Urban,Active
100311,Sathvik Cheema,Assistant Sub Inspector,Crime,01094311936,gbhakta@example.com,2008,4,Electronic City Police Station,1,Bengaluru Urban,Active
100312,Sathvik Pathak,Police Constable,Cyber Crime,07715580280,amajumdar@example.com,2021,4,Electronic City Police Station,1,Bengaluru Urban,Active
100313,Urvashi Gaba,Assistant Sub Inspector,Law & Order,06307564886,ayushmanbhargava@example.com,2016,4,Electronic City Police Station,1,Bengaluru Urban,Active
100314,Owen Varughese,Head Constable,Crime,+914078153386,dugaltanvi@example.org,2011,4,Electronic City Police Station,1,Bengaluru Urban,Active
100315,Chakrika Trivedi,Inspector,Intelligence,09813545458,johalonveer@example.org,2021,4,Electronic City Police Station,1,Bengaluru Urban,Active
100316,Bimala Narayanan,Assistant Sub Inspector,Law & Order,8213855230,tamble@example.org,2014,4,Electronic City Police Station,1,Bengaluru Urban,Active
100317,Damini Sen,Deputy Superintendent,Administration,02199849515,damini10@example.org,1997,4,Electronic City Police Station,1,Bengaluru Urban,Active
100318,Kritika Lanka,Superintendent,Cyber Crime,+918814129839,sarafyashvi@example.com,2008,4,Electronic City Police Station,1,Bengaluru Urban,Active
100319,Ayushman Kaul,Circle Inspector,Crime,5130146475,rajyashawini@example.org,2009,4,Electronic City Police Station,1,Bengaluru Urban,Active
100320,Charles Jaggi,Superintendent,Crime,+910723981427,lkoshy@example.org,1998,4,Electronic City Police Station,1,Bengaluru Urban,Active
100321,Chanakya Chand,Circle Inspector,Crime,+918666519437,ozaekaja@example.org,2010,4,Electronic City Police Station,1,Bengaluru Urban,Active
100322,Hiral Varma,Sub Inspector,Law & Order,08927831719,subramaniamriya@example.com,2012,4,Electronic City Police Station,1,Bengaluru Urban,Active
100323,Zarna Bhavsar,Assistant Sub Inspector,Administration,+912753666152,fpatel@example.org,2011,4,Electronic City Police Station,1,Bengaluru Urban,Active
100324,Hemang Dada,Sub Inspector,Intelligence,+918730993572,bjaggi@example.net,2001,4,Electronic City Police Station,1,Bengaluru Urban,Active
100325,Omisha Rama,Assistant Sub Inspector,Traffic,00575632023,tgara@example.com,2016,4,Electronic City Police Station,1,Bengaluru Urban,Active
100326,Rehaan Chaudhari,Police Constable,Law & Order,7314075185,jbatra@example.net,2023,4,Electronic City Police Station,1,Bengaluru Urban,Active
100327,Anmol Pillai,Circle Inspector,Crime,+918305467055,manyapatla@example.com,2012,4,Electronic City Police Station,1,Bengaluru Urban,Active
100328,Odika Choudhary,Deputy Superintendent,Intelligence,07726424289,soodyatin@example.com,1999,4,Electronic City Police Station,1,Bengaluru Urban,Active
100329,Ucchal Nanda,Head Constable,Law & Order,08185485056,ngarg@example.org,2016,4,Electronic City Police Station,1,Bengaluru Urban,Active
100330,Yashodhara Borah,Inspector,Cyber Crime,0005311441,ipadmanabhan@example.org,2013,4,Electronic City Police Station,1,Bengaluru Urban,Active
100331,Gayathri Gola,Deputy Superintendent,Crime,9278038433,shivansh28@example.net,1998,4,Electronic City Police Station,1,Bengaluru Urban,Active
100332,Sara Venkatesh,Sub Inspector,Crime,00659874810,libnirama@example.net,2006,4,Electronic City Police Station,1,Bengaluru Urban,Active
100333,Harini Deshpande,Assistant Sub Inspector,Law & Order,5705516921,bhanumatikata@example.com,2011,4,Electronic City Police Station,1,Bengaluru Urban,Active
100334,Leena Guha,Inspector,Administration,05607595327,madanonkar@example.net,2024,4,Electronic City Police Station,1,Bengaluru Urban,Active
100335,Ishanvi Lal,Assistant Sub Inspector,Intelligence,02087257046,saanvinori@example.com,2003,4,Electronic City Police Station,1,Bengaluru Urban,Active
100336,Ekantika Rau,Circle Inspector,Traffic,0435737243,yashodanaik@example.org,2007,4,Electronic City Police Station,1,Bengaluru Urban,Active
100337,Ira Nayar,Sub Inspector,Traffic,00232413778,arunimapurohit@example.com,1999,4,Electronic City Police Station,1,Bengaluru Urban,Active
100338,Harsh Jha,Head Constable,Cyber Crime,2784333115,vidhi54@example.org,2005,4,Electronic City Police Station,1,Bengaluru Urban,Active
100339,Tanay Shere,Circle Inspector,Crime,1526204449,victorbassi@example.org,2024,4,Electronic City Police Station,1,Bengaluru Urban,Active
100340,Luke Bhalla,Superintendent,Intelligence,+919489723777,warinder38@example.org,2016,5,Koramangala Police Station,1,Bengaluru Urban,Active
100341,Upkaar Srinivasan,Assistant Sub Inspector,Crime,+910399787228,chadalka@example.net,1999,5,Koramangala Police Station,1,Bengaluru Urban,Active
100342,Dhruv Vala,Assistant Sub Inspector,Cyber Crime,6072858983,damyanti74@example.org,2003,5,Koramangala Police Station,1,Bengaluru Urban,Active
100343,Bhavika Bedi,Deputy Superintendent,Intelligence,5749426071,nachiketsant@example.org,2021,5,Koramangala Police Station,1,Bengaluru Urban,Active
100344,Chameli Barman,Superintendent,Traffic,+911685442780,isaiah03@example.net,2022,5,Koramangala Police Station,1,Bengaluru Urban,Active
100345,Logan Uppal,Superintendent,Cyber Crime,01710467095,yagneshchandran@example.org,2003,5,Koramangala Police Station,1,Bengaluru Urban,Active
100346,Yadavi Dugar,Inspector,Cyber Crime,8394450854,ianne@example.net,1997,5,Koramangala Police Station,1,Bengaluru Urban,Active
100347,Bhavani Ahuja,Superintendent,Crime,1577551448,hpathak@example.com,2002,5,Koramangala Police Station,1,Bengaluru Urban,Active
100348,Saksham Taneja,Head Constable,Traffic,+912039544961,abdulchaudhary@example.com,2012,5,Koramangala Police Station,1,Bengaluru Urban,Active
100349,Viraj Nagi,Sub Inspector,Crime,3415105893,mallickhemani@example.net,2022,5,Koramangala Police Station,1,Bengaluru Urban,Active
100350,Netra Majumdar,Superintendent,Law & Order,4091588471,aayush64@example.com,2013,5,Koramangala Police Station,1,Bengaluru Urban,Active
100351,Sudiksha Bedi,Head Constable,Traffic,+913950349931,leena34@example.com,2023,5,Koramangala Police Station,1,Bengaluru Urban,Active
100352,Jyoti Rout,Inspector,Administration,+914990361075,xsaha@example.com,2016,5,Koramangala Police Station,1,Bengaluru Urban,Active
100353,Hema Pradhan,Sub Inspector,Intelligence,05547512981,deshmukhbhanumati@example.com,2000,5,Koramangala Police Station,1,Bengaluru Urban,Active
100354,Hamsini Chaudry,Superintendent,Crime,9100049276,abeerkothari@example.net,2010,5,Koramangala Police Station,1,Bengaluru Urban,Active
100355,Isha Apte,Head Constable,Administration,+911813634031,tprabhakar@example.net,2007,5,Koramangala Police Station,1,Bengaluru Urban,Active
100356,Dev Oak,Superintendent,Intelligence,+915896887351,vasatikapillai@example.org,2025,5,Koramangala Police Station,1,Bengaluru Urban,Active
100357,Zashil Sem,Police Constable,Intelligence,+918428709050,pranitnayar@example.net,2014,5,Koramangala Police Station,1,Bengaluru Urban,Active
100358,Eiravati Tella,Assistant Sub Inspector,Crime,02176869614,sampathleena@example.org,2018,5,Koramangala Police Station,1,Bengaluru Urban,Active
100359,Ayush Agrawal,Assistant Sub Inspector,Traffic,2722879179,aryan72@example.com,2019,5,Koramangala Police Station,1,Bengaluru Urban,Active
100360,Qadim Tailor,Deputy Superintendent,Traffic,2962022676,agarwaldominic@example.org,2006,5,Koramangala Police Station,1,Bengaluru Urban,Active
100361,Suhani Singhal,Inspector,Traffic,0174327551,sanipeter@example.org,2024,5,Koramangala Police Station,1,Bengaluru Urban,Active
100362,Harinakshi Gala,Circle Inspector,Administration,+919339667686,nkhalsa@example.com,2003,5,Koramangala Police Station,1,Bengaluru Urban,Active
100363,Tanish Lanka,Sub Inspector,Crime,04731170705,ucchaldey@example.com,2013,5,Koramangala Police Station,1,Bengaluru Urban,Active
100364,Vidhi Bhatnagar,Assistant Sub Inspector,Crime,00139191403,egandhi@example.com,2007,5,Koramangala Police Station,1,Bengaluru Urban,Active
100365,Sarthak Amble,Head Constable,Cyber Crime,4133778398,harihitesh@example.net,2013,5,Koramangala Police Station,1,Bengaluru Urban,Active
100366,Yachana Varma,Head Constable,Law & Order,+912736190028,nbhardwaj@example.net,2004,5,Koramangala Police Station,1,Bengaluru Urban,Active
100367,Harinakshi Sandhu,Sub Inspector,Intelligence,01905392815,wwalia@example.net,2015,5,Koramangala Police Station,1,Bengaluru Urban,Active
100368,Arunima Dewan,Head Constable,Intelligence,1161721132,nagartejas@example.com,2003,5,Koramangala Police Station,1,Bengaluru Urban,Active
100369,Baghyawati Bhandari,Head Constable,Crime,4528337162,cborra@example.com,2019,5,Koramangala Police Station,1,Bengaluru Urban,Active
100370,Banjeet Sur,Superintendent,Traffic,06372116548,caleb42@example.org,2004,5,Koramangala Police Station,1,Bengaluru Urban,Active
100371,Ekta Baria,Sub Inspector,Administration,8641879602,bahadurjitparmer@example.org,2015,5,Koramangala Police Station,1,Bengaluru Urban,Active
100372,Nathaniel Oza,Superintendent,Crime,+912074120014,sarrafgunbir@example.org,2011,5,Koramangala Police Station,1,Bengaluru Urban,Active
100373,Rajata Sule,Inspector,Traffic,06698267446,wyattmore@example.com,2009,5,Koramangala Police Station,1,Bengaluru Urban,Active
100374,Anirudh Datta,Head Constable,Cyber Crime,8367700996,groversiya@example.com,2004,5,Koramangala Police Station,1,Bengaluru Urban,Active
100375,Shivansh Kumar,Superintendent,Administration,09551366087,sahnivasatika@example.org,2005,5,Koramangala Police Station,1,Bengaluru Urban,Active
100376,Vanya Sachar,Police Constable,Law & Order,+912427722778,mitalibehl@example.net,2022,5,Koramangala Police Station,1,Bengaluru Urban,Active
100377,Urvashi Bhandari,Circle Inspector,Crime,+917349984455,qabilnagy@example.com,2001,5,Koramangala Police Station,1,Bengaluru Urban,Active
100378,Indira Tak,Sub Inspector,Cyber Crime,03610801414,odika15@example.com,2013,5,Koramangala Police Station,1,Bengaluru Urban,Active
100379,Jai Krishna,Circle Inspector,Intelligence,+915608730286,logan49@example.net,2002,5,Koramangala Police Station,1,Bengaluru Urban,Active
100380,Ojasvi Bhat,Superintendent,Traffic,08188208458,krau@example.org,2024,5,Koramangala Police Station,1,Bengaluru Urban,Active
100381,Ansh Kara,Superintendent,Traffic,06319322885,xraja@example.com,2012,5,Koramangala Police Station,1,Bengaluru Urban,Active
100382,Banjeet Bera,Head Constable,Cyber Crime,01216966626,indiraloke@example.com,2020,5,Koramangala Police Station,1,Bengaluru Urban,Active
100383,Shivansh Mannan,Head Constable,Traffic,+919576463390,memonisaiah@example.org,2000,5,Koramangala Police Station,1,Bengaluru Urban,Active
100384,Charvi Dayal,Inspector,Intelligence,+910842712355,pandyalipika@example.com,2002,5,Koramangala Police Station,1,Bengaluru Urban,Active
100385,Nidhi Narain,Police Constable,Administration,8633990177,vtripathi@example.org,2018,5,Koramangala Police Station,1,Bengaluru Urban,Active
100386,Tristan Oommen,Head Constable,Law & Order,03841340354,chandreshprasad@example.com,1997,5,Koramangala Police Station,1,Bengaluru Urban,Active
100387,Abdul Mani,Assistant Sub Inspector,Intelligence,03297880747,ganesangavin@example.com,2022,5,Koramangala Police Station,1,Bengaluru Urban,Active
100388,Teerth Gandhi,Superintendent,Law & Order,05218466610,imutti@example.com,2023,5,Koramangala Police Station,1,Bengaluru Urban,Active
100389,Arunima Khatri,Assistant Sub Inspector,Intelligence,00560451072,alad@example.org,2019,5,Koramangala Police Station,1,Bengaluru Urban,Active
100390,Upasna Krish,Superintendent,Law & Order,+910208125445,wchanda@example.net,1998,5,Koramangala Police Station,1,Bengaluru Urban,Active
100391,Chanakya Narain,Inspector,Law & Order,4267495236,dassaadhya@example.org,2005,5,Koramangala Police Station,1,Bengaluru Urban,Active
100392,Ladli Handa,Sub Inspector,Traffic,+918070716585,sidhunimrat@example.net,2018,5,Koramangala Police Station,1,Bengaluru Urban,Active
100393,Warhi Krishna,Police Constable,Intelligence,4378630826,amaira19@example.net,2008,5,Koramangala Police Station,1,Bengaluru Urban,Active
100394,Divya Datta,Inspector,Cyber Crime,+910778090662,xpandya@example.org,2024,5,Koramangala Police Station,1,Bengaluru Urban,Active
100395,Anthony Chowdhury,Sub Inspector,Intelligence,+914588458363,aayushbora@example.com,2025,5,Koramangala Police Station,1,Bengaluru Urban,Active
100396,Balveer Om,Head Constable,Traffic,04672931241,jacob76@example.net,1998,5,Koramangala Police Station,1,Bengaluru Urban,Active
100397,Yamini Taneja,Sub Inspector,Intelligence,6006224306,khannatanveer@example.org,2023,5,Koramangala Police Station,1,Bengaluru Urban,Active
100398,Omya Mallick,Head Constable,Law & Order,07722230486,sharafekavir@example.net,2018,5,Koramangala Police Station,1,Bengaluru Urban,Active
100399,Waida Mody,Circle Inspector,Administration,+911937074742,bathgeorge@example.net,1996,5,Koramangala Police Station,1,Bengaluru Urban,Active
100400,Yamini Biswas,Deputy Superintendent,Law & Order,3003569868,aditya53@example.net,2023,5,Koramangala Police Station,1,Bengaluru Urban,Active
100401,Avi Goel,Assistant Sub Inspector,Traffic,+911087617837,memonyashasvi@example.com,2001,5,Koramangala Police Station,1,Bengaluru Urban,Active
100402,Damyanti Gandhi,Circle Inspector,Cyber Crime,+910636614032,vramanathan@example.com,2002,5,Koramangala Police Station,1,Bengaluru Urban,Active
100403,Edhitha Rastogi,Assistant Sub Inspector,Crime,+912426473461,jasonhegde@example.org,2017,5,Koramangala Police Station,1,Bengaluru Urban,Active
100404,Vidhi Kibe,Police Constable,Intelligence,+912555125137,lsoni@example.com,1995,5,Koramangala Police Station,1,Bengaluru Urban,Active
100405,Omisha Deshpande,Sub Inspector,Traffic,7172791304,oeshi32@example.com,1997,5,Koramangala Police Station,1,Bengaluru Urban,Active
100406,Wazir Bhatt,Circle Inspector,Crime,5672944138,yjhaveri@example.com,2018,5,Koramangala Police Station,1,Bengaluru Urban,Active
100407,Meera Atwal,Superintendent,Cyber Crime,7837262877,geetika89@example.net,1998,5,Koramangala Police Station,1,Bengaluru Urban,Active
100408,Adya Madan,Deputy Superintendent,Intelligence,+913917161460,patilnisha@example.com,2002,5,Koramangala Police Station,1,Bengaluru Urban,Active
100409,Ishwar Merchant,Head Constable,Traffic,09434899523,chandniharika@example.com,2012,5,Koramangala Police Station,1,Bengaluru Urban,Active
100410,Qarin Gala,Sub Inspector,Administration,02087539765,wriddhish33@example.net,2004,5,Koramangala Police Station,1,Bengaluru Urban,Active
100411,Urishilla Patil,Police Constable,Intelligence,+914870471605,harsh94@example.com,2025,5,Koramangala Police Station,1,Bengaluru Urban,Active
100412,Kamala Sood,Superintendent,Administration,+913147119252,vasudha05@example.com,2000,5,Koramangala Police Station,1,Bengaluru Urban,Active
100413,Deepa Goda,Superintendent,Cyber Crime,+915906785506,rushil77@example.net,2014,5,Koramangala Police Station,1,Bengaluru Urban,Active
100414,Matthew Mitter,Circle Inspector,Crime,9113797416,charita60@example.org,2024,5,Koramangala Police Station,1,Bengaluru Urban,Active
100415,Vihaan Prasad,Head Constable,Administration,09016968337,pallaayush@example.net,2016,5,Koramangala Police Station,1,Bengaluru Urban,Active
100416,Priya Gara,Police Constable,Intelligence,+917459695916,tanish95@example.com,2011,5,Koramangala Police Station,1,Bengaluru Urban,Active
100417,Ayaan Sane,Police Constable,Crime,07268346911,shangauri@example.net,2001,5,Koramangala Police Station,1,Bengaluru Urban,Active
100418,Rayaan Desai,Assistant Sub Inspector,Crime,+910045448854,indrajit74@example.com,2004,5,Koramangala Police Station,1,Bengaluru Urban,Active
100419,Anya Pai,Sub Inspector,Intelligence,+912857105087,raagini02@example.net,2025,5,Koramangala Police Station,1,Bengaluru Urban,Active
100420,Vincent Deshpande,Assistant Sub Inspector,Administration,04498088321,ymurty@example.org,2018,5,Koramangala Police Station,1,Bengaluru Urban,Active
100421,Radha Wason,Sub Inspector,Intelligence,6873519160,xapte@example.net,1998,5,Koramangala Police Station,1,Bengaluru Urban,Active
100422,Qushi Vig,Sub Inspector,Cyber Crime,8632385668,dshetty@example.org,2023,5,Koramangala Police Station,1,Bengaluru Urban,Active
100423,Aadhya Krishnan,Assistant Sub Inspector,Administration,3572408876,vrao@example.org,1995,5,Koramangala Police Station,1,Bengaluru Urban,Active
100424,Lucky Shroff,Circle Inspector,Administration,+918917638480,gauravagate@example.com,2010,5,Koramangala Police Station,1,Bengaluru Urban,Active
100425,Nitara Kadakia,Head Constable,Law & Order,+911074037981,palldamyanti@example.org,2004,5,Koramangala Police Station,1,Bengaluru Urban,Active
100426,Sanaya Bahri,Assistant Sub Inspector,Crime,3750265250,aahana20@example.com,2004,5,Koramangala Police Station,1,Bengaluru Urban,Active
100427,Liam Goel,Head Constable,Traffic,0927841700,aashivora@example.org,2020,6,Jayanagar Police Station,1,Bengaluru Urban,Active
100428,Harish Sekhon,Sub Inspector,Traffic,01048673075,bratta@example.com,2003,6,Jayanagar Police Station,1,Bengaluru Urban,Active
100429,Mohini Sidhu,Inspector,Intelligence,2322796866,nilimathaman@example.com,2016,6,Jayanagar Police Station,1,Bengaluru Urban,Active
100430,Brijesh Bahri,Circle Inspector,Traffic,+912193501249,dayita32@example.org,2008,6,Jayanagar Police Station,1,Bengaluru Urban,Active
100431,Quincy Dube,Head Constable,Law & Order,02095060857,vasudha38@example.org,2025,6,Jayanagar Police Station,1,Bengaluru Urban,Active
100432,Kashvi Kade,Assistant Sub Inspector,Administration,07748684979,wasonnachiket@example.org,2024,6,Jayanagar Police Station,1,Bengaluru Urban,Active
100433,Siddharth Mannan,Inspector,Traffic,04513454160,chakrabortyeshana@example.org,2000,6,Jayanagar Police Station,1,Bengaluru Urban,Active
100434,Victor Raj,Assistant Sub Inspector,Crime,5754516016,vamakshi65@example.org,2004,6,Jayanagar Police Station,1,Bengaluru Urban,Active
100435,Nachiket Gera,Superintendent,Law & Order,2392349308,nathan62@example.org,2020,6,Jayanagar Police Station,1,Bengaluru Urban,Active
100436,Kamya Bail,Police Constable,Intelligence,07111507429,williamkrish@example.com,2018,6,Jayanagar Police Station,1,Bengaluru Urban,Active
100437,Wridesh Mani,Inspector,Crime,9643490500,chaitanya44@example.org,2012,6,Jayanagar Police Station,1,Bengaluru Urban,Active
100438,Aadhya Pandit,Head Constable,Cyber Crime,+919540764948,upasnavarghese@example.net,2019,6,Jayanagar Police Station,1,Bengaluru Urban,Active
100439,Anya Tank,Circle Inspector,Cyber Crime,01184286542,harifaris@example.org,1996,6,Jayanagar Police Station,1,Bengaluru Urban,Active
100440,Gauri Jhaveri,Circle Inspector,Traffic,03231816231,robert64@example.net,2002,6,Jayanagar Police Station,1,Bengaluru Urban,Active
100441,Indrajit Chacko,Circle Inspector,Administration,+917397766252,kramanathan@example.net,2015,6,Jayanagar Police Station,1,Bengaluru Urban,Active
100442,Atharv De,Superintendent,Administration,07734624016,thomasbutala@example.com,2006,6,Jayanagar Police Station,1,Bengaluru Urban,Active
100443,Radha Korpal,Inspector,Crime,0230154600,aishani33@example.com,2010,6,Jayanagar Police Station,1,Bengaluru Urban,Active
100444,Lohit Dey,Assistant Sub Inspector,Law & Order,+919076809386,birradha@example.org,2010,6,Jayanagar Police Station,1,Bengaluru Urban,Active
100445,Ishanvi Sehgal,Police Constable,Intelligence,2895634734,yauvanigoel@example.com,2005,6,Jayanagar Police Station,1,Bengaluru Urban,Active
100446,Baghyawati Bora,Inspector,Traffic,+916445150707,lmanne@example.net,2024,6,Jayanagar Police Station,1,Bengaluru Urban,Active
100447,Naveen Aggarwal,Inspector,Intelligence,+913791673315,kohlisachi@example.net,2012,6,Jayanagar Police Station,1,Bengaluru Urban,Active
100448,Ladli Sathe,Police Constable,Traffic,02545884847,ahluwaliahardik@example.org,1999,6,Jayanagar Police Station,1,Bengaluru Urban,Active
100449,Qabil Rao,Police Constable,Traffic,+910506685899,kdar@example.com,2012,6,Jayanagar Police Station,1,Bengaluru Urban,Active
100450,Gaurang Dutta,Sub Inspector,Cyber Crime,0034199554,ekavir85@example.org,1995,6,Jayanagar Police Station,1,Bengaluru Urban,Active
100451,Nihal Balasubramanian,Superintendent,Intelligence,00371463655,ojhaveri@example.net,2014,6,Jayanagar Police Station,1,Bengaluru Urban,Active
100452,Ayaan Merchant,Superintendent,Law & Order,6387187860,logan04@example.com,2000,6,Jayanagar Police Station,1,Bengaluru Urban,Active
100453,Sanya Sandal,Sub Inspector,Traffic,7524594199,sridharxavier@example.com,2005,6,Jayanagar Police Station,1,Bengaluru Urban,Active
100454,Vyanjana Bava,Inspector,Cyber Crime,0131460081,kiaan65@example.net,2018,6,Jayanagar Police Station,1,Bengaluru Urban,Active
100455,Indali Sawhney,Superintendent,Intelligence,0990701587,dyalgeorge@example.org,2021,6,Jayanagar Police Station,1,Bengaluru Urban,Active
100456,Rohan Deshmukh,Deputy Superintendent,Cyber Crime,04501630339,zdixit@example.com,2006,6,Jayanagar Police Station,1,Bengaluru Urban,Active
100457,Rachana Choudhry,Police Constable,Traffic,7058892758,xchahal@example.org,2001,6,Jayanagar Police Station,1,Bengaluru Urban,Active
100458,Chaman Chandra,Superintendent,Cyber Crime,+916079022454,dinurvi@example.com,2022,6,Jayanagar Police Station,1,Bengaluru Urban,Active
100459,Kiaan Varghese,Police Constable,Crime,4160945107,gavindada@example.org,1997,6,Jayanagar Police Station,1,Bengaluru Urban,Active
100460,Nihal Gill,Deputy Superintendent,Law & Order,+915641073691,zashilpalla@example.com,2006,6,Jayanagar Police Station,1,Bengaluru Urban,Active
100461,Riya Tiwari,Inspector,Traffic,05642313496,gopalraja@example.org,2000,6,Jayanagar Police Station,1,Bengaluru Urban,Active
100462,Dominic Oommen,Head Constable,Cyber Crime,03160125475,idika89@example.net,1995,6,Jayanagar Police Station,1,Bengaluru Urban,Active
100463,Megha Seshadri,Police Constable,Traffic,+911485263519,rmukhopadhyay@example.com,2004,6,Jayanagar Police Station,1,Bengaluru Urban,Active
100464,Aachal Memon,Circle Inspector,Intelligence,03032059644,dutttanay@example.com,1996,6,Jayanagar Police Station,1,Bengaluru Urban,Active
100465,Robert Cheema,Police Constable,Crime,06395040247,tatagirik@example.net,1997,6,Jayanagar Police Station,1,Bengaluru Urban,Active
100466,Pahal Khosla,Deputy Superintendent,Law & Order,6394338983,qbhatt@example.net,1997,6,Jayanagar Police Station,1,Bengaluru Urban,Active
100467,Indali Bhavsar,Circle Inspector,Traffic,07981766046,kmahajan@example.com,1999,6,Jayanagar Police Station,1,Bengaluru Urban,Active
100468,Wahab Raghavan,Circle Inspector,Cyber Crime,9677919683,onair@example.com,2018,6,Jayanagar Police Station,1,Bengaluru Urban,Active
100469,Aradhana Oommen,Deputy Superintendent,Traffic,+911428532539,ojasvisavant@example.org,2000,6,Jayanagar Police Station,1,Bengaluru Urban,Active
100470,Onkar Hegde,Sub Inspector,Cyber Crime,+913504773371,gollatejas@example.com,2023,6,Jayanagar Police Station,1,Bengaluru Urban,Active
100471,Shaurya Kale,Sub Inspector,Traffic,05159731164,jonathan26@example.com,2013,6,Jayanagar Police Station,1,Bengaluru Urban,Active
100472,Avni Salvi,Head Constable,Crime,+919004652558,pratta@example.net,1996,6,Jayanagar Police Station,1,Bengaluru Urban,Active
100473,Ekalinga Deo,Assistant Sub Inspector,Administration,8804952694,sankaranmohammed@example.com,2008,6,Jayanagar Police Station,1,Bengaluru Urban,Active
100474,Chandresh Goswami,Head Constable,Intelligence,7915791346,siya95@example.net,2019,6,Jayanagar Police Station,1,Bengaluru Urban,Active
100475,Vanya Dhar,Superintendent,Administration,03595250647,sarmakrishna@example.net,2006,6,Jayanagar Police Station,1,Bengaluru Urban,Active
100476,Maanav Sur,Sub Inspector,Cyber Crime,09921285713,hredhaanganguly@example.org,2002,6,Jayanagar Police Station,1,Bengaluru Urban,Active
100477,Meghana Kar,Head Constable,Law & Order,9273243094,csama@example.com,1999,6,Jayanagar Police Station,1,Bengaluru Urban,Active
100478,Lopa Thakkar,Circle Inspector,Cyber Crime,+913576373481,hitesh33@example.com,2017,6,Jayanagar Police Station,1,Bengaluru Urban,Active
100479,Yauvani Uppal,Head Constable,Traffic,2255170467,prakashgunbir@example.org,1996,6,Jayanagar Police Station,1,Bengaluru Urban,Active
100480,Darika Nagi,Inspector,Traffic,06209254436,amrutazacharia@example.com,2019,6,Jayanagar Police Station,1,Bengaluru Urban,Active
100481,Sai Chakraborty,Superintendent,Cyber Crime,01900661224,owenramachandran@example.org,2001,6,Jayanagar Police Station,1,Bengaluru Urban,Active
100482,Daksha Jain,Superintendent,Crime,09550643098,imaran40@example.com,2021,6,Jayanagar Police Station,1,Bengaluru Urban,Active
100483,Fitan Sundaram,Assistant Sub Inspector,Traffic,06844776922,xmangat@example.net,2008,6,Jayanagar Police Station,1,Bengaluru Urban,Active
100484,Lopa Hegde,Sub Inspector,Intelligence,+910360587230,nakulpandit@example.com,2019,6,Jayanagar Police Station,1,Bengaluru Urban,Active
100485,Imaran Kumar,Head Constable,Administration,6467802122,bhatnagarmanbir@example.net,1995,6,Jayanagar Police Station,1,Bengaluru Urban,Active
100486,Aarini Sarma,Sub Inspector,Crime,+915103092254,bhavnalad@example.org,2018,6,Jayanagar Police Station,1,Bengaluru Urban,Active
100487,Kashvi Tandon,Deputy Superintendent,Administration,+916688555666,jrege@example.org,2022,6,Jayanagar Police Station,1,Bengaluru Urban,Active
100488,Rohan Krishna,Sub Inspector,Traffic,09288201465,vinaya30@example.org,2023,6,Jayanagar Police Station,1,Bengaluru Urban,Active
100489,Ojas Tripathi,Head Constable,Traffic,02620655244,rehaansekhon@example.net,2021,6,Jayanagar Police Station,1,Bengaluru Urban,Active
100490,Aahana Contractor,Head Constable,Cyber Crime,06276768491,ganganadig@example.com,2017,6,Jayanagar Police Station,1,Bengaluru Urban,Active
100491,Oni Talwar,Inspector,Law & Order,0293157915,mandaldayita@example.com,1995,6,Jayanagar Police Station,1,Bengaluru Urban,Active
100492,Balveer Mital,Superintendent,Cyber Crime,02067996934,kalitaorinder@example.com,1996,6,Jayanagar Police Station,1,Bengaluru Urban,Active
100493,Kalpit Sarkar,Assistant Sub Inspector,Cyber Crime,+917196826103,udantraman@example.net,2010,6,Jayanagar Police Station,1,Bengaluru Urban,Active
100494,Vedant Date,Deputy Superintendent,Intelligence,00406244424,ramagaurika@example.net,2009,6,Jayanagar Police Station,1,Bengaluru Urban,Active
100495,Hemani Sabharwal,Deputy Superintendent,Crime,+911894391088,ishwarkashyap@example.com,2008,6,Jayanagar Police Station,1,Bengaluru Urban,Active
100496,Chaman Dewan,Deputy Superintendent,Traffic,+919238723533,sarinarunima@example.net,2020,6,Jayanagar Police Station,1,Bengaluru Urban,Active
100497,Xavier Ramesh,Assistant Sub Inspector,Cyber Crime,0888992273,indali15@example.org,2019,6,Jayanagar Police Station,1,Bengaluru Urban,Active
100498,Joshua Ramaswamy,Assistant Sub Inspector,Intelligence,+911136698709,udantsandal@example.org,1995,6,Jayanagar Police Station,1,Bengaluru Urban,Active
100499,Tamanna Rau,Assistant Sub Inspector,Traffic,3839133316,surikshita@example.net,2011,6,Jayanagar Police Station,1,Bengaluru Urban,Active
100500,Ekaja Guha,Deputy Superintendent,Intelligence,7777695390,netra02@example.com,2005,6,Jayanagar Police Station,1,Bengaluru Urban,Active
100501,Vyanjana Batta,Superintendent,Administration,05219138464,chakradevmajumdar@example.com,2023,6,Jayanagar Police Station,1,Bengaluru Urban,Active
100502,Hiral Ramakrishnan,Inspector,Cyber Crime,9810227731,mishraveer@example.net,2025,6,Jayanagar Police Station,1,Bengaluru Urban,Active
100503,Geetika Sarma,Sub Inspector,Administration,02467783156,gautamidin@example.org,2022,6,Jayanagar Police Station,1,Bengaluru Urban,Active
100504,Saksham Toor,Inspector,Traffic,0456992552,meghakuruvilla@example.org,2018,6,Jayanagar Police Station,1,Bengaluru Urban,Active
100505,Jeet Purohit,Superintendent,Traffic,02133363052,dinavi@example.com,2019,6,Jayanagar Police Station,1,Bengaluru Urban,Active
100506,Ayushman Date,Head Constable,Traffic,06959393822,samraqarin@example.net,2016,6,Jayanagar Police Station,1,Bengaluru Urban,Active
100507,Jeet Srivastava,Head Constable,Administration,5517528028,triveni96@example.com,2011,6,Jayanagar Police Station,1,Bengaluru Urban,Active
100508,Xalak Khosla,Superintendent,Traffic,+910632742964,rbahl@example.org,2021,6,Jayanagar Police Station,1,Bengaluru Urban,Active
100509,Saumya Gade,Deputy Superintendent,Law & Order,+914338348797,zaitramand@example.com,2002,6,Jayanagar Police Station,1,Bengaluru Urban,Active
100510,Eta Khosla,Sub Inspector,Traffic,+912984173202,wishi69@example.com,2010,6,Jayanagar Police Station,1,Bengaluru Urban,Active
100511,Aishani Natarajan,Sub Inspector,Cyber Crime,05990078135,jeet50@example.net,2013,6,Jayanagar Police Station,1,Bengaluru Urban,Active
100512,Waida Prabhu,Superintendent,Crime,00581444211,zaid31@example.net,2021,6,Jayanagar Police Station,1,Bengaluru Urban,Active
100513,Veer Nadkarni,Police Constable,Law & Order,07854082611,ishitakumar@example.net,2024,6,Jayanagar Police Station,1,Bengaluru Urban,Active
100514,Abdul Choudhury,Superintendent,Traffic,02827425299,bhattiyash@example.net,2023,6,Jayanagar Police Station,1,Bengaluru Urban,Active
100515,Ishaan Taneja,Head Constable,Administration,+910554645698,merchantshaurya@example.com,2005,6,Jayanagar Police Station,1,Bengaluru Urban,Active
100516,Ronith Parmar,Head Constable,Law & Order,+915088554859,xavier92@example.com,2008,6,Jayanagar Police Station,1,Bengaluru Urban,Active
100517,Devansh Ben,Inspector,Crime,00763970021,davidsrivastava@example.com,2018,6,Jayanagar Police Station,1,Bengaluru Urban,Active
100518,Jeevika Tella,Inspector,Administration,01975319022,kundaladli@example.org,2003,6,Jayanagar Police Station,1,Bengaluru Urban,Active
100519,Ranbir Purohit,Police Constable,Crime,0423576976,veer04@example.org,2000,6,Jayanagar Police Station,1,Bengaluru Urban,Active
100520,Chakradev Bose,Head Constable,Law & Order,2521913979,kkapur@example.com,1999,6,Jayanagar Police Station,1,Bengaluru Urban,Active
100521,Nisha Aggarwal,Circle Inspector,Traffic,+914928668506,kalevarsha@example.net,2020,6,Jayanagar Police Station,1,Bengaluru Urban,Active
100522,Krishna Vohra,Superintendent,Traffic,05923497372,chahalabha@example.com,2022,6,Jayanagar Police Station,1,Bengaluru Urban,Active
100523,Ridhi Karnik,Head Constable,Law & Order,04303971457,aryamorar@example.org,2012,6,Jayanagar Police Station,1,Bengaluru Urban,Active
100524,Aayush Borde,Sub Inspector,Traffic,05738202224,pateldev@example.com,2008,6,Jayanagar Police Station,1,Bengaluru Urban,Active
100525,Vedika Atwal,Inspector,Law & Order,03547961171,gdua@example.com,2002,6,Jayanagar Police Station,1,Bengaluru Urban,Active
100526,Chakradhar Bawa,Head Constable,Intelligence,9574890361,kamala85@example.com,2011,6,Jayanagar Police Station,1,Bengaluru Urban,Active
100527,Tejas Dutta,Assistant Sub Inspector,Law & Order,04881244013,vanya23@example.net,2016,6,Jayanagar Police Station,1,Bengaluru Urban,Active
100528,Sanaya Devi,Circle Inspector,Cyber Crime,+917033254371,farassangha@example.net,2013,6,Jayanagar Police Station,1,Bengaluru Urban,Active
100529,Irya Bobal,Deputy Superintendent,Crime,8468662336,kaullakshit@example.com,2001,6,Jayanagar Police Station,1,Bengaluru Urban,Active
100530,Ekiya Sood,Circle Inspector,Crime,07198745156,chaayaganguly@example.com,2002,6,Jayanagar Police Station,1,Bengaluru Urban,Active
100531,Geetika Taneja,Assistant Sub Inspector,Cyber Crime,9108183548,george50@example.org,2008,6,Jayanagar Police Station,1,Bengaluru Urban,Active
100532,Tarak Natt,Superintendent,Intelligence,05068433672,sekhonsamuel@example.org,2007,6,Jayanagar Police Station,1,Bengaluru Urban,Active
100533,Anamika Goswami,Sub Inspector,Cyber Crime,3802808543,pranitsamra@example.net,2009,6,Jayanagar Police Station,1,Bengaluru Urban,Active
100534,Hemal Parmer,Circle Inspector,Crime,+916720990419,ekani88@example.org,1996,6,Jayanagar Police Station,1,Bengaluru Urban,Active
100535,Daksha Rattan,Assistant Sub Inspector,Law & Order,00068984778,gavinkhalsa@example.org,2022,6,Jayanagar Police Station,1,Bengaluru Urban,Active
100536,Adweta Varty,Deputy Superintendent,Law & Order,01615584538,ikalla@example.net,2000,6,Jayanagar Police Station,1,Bengaluru Urban,Active
100537,Vyanjana Subramaniam,Circle Inspector,Crime,+916069889573,aganesan@example.net,2025,6,Jayanagar Police Station,1,Bengaluru Urban,Active
100538,Raghav Rajan,Deputy Superintendent,Traffic,5952325018,wakeetapant@example.com,2013,6,Jayanagar Police Station,1,Bengaluru Urban,Active
100539,Jagvi Savant,Circle Inspector,Law & Order,+912753074102,bhanumatishetty@example.net,2023,6,Jayanagar Police Station,1,Bengaluru Urban,Active
100540,Vanya Dasgupta,Circle Inspector,Crime,05893003367,michael35@example.com,2023,6,Jayanagar Police Station,1,Bengaluru Urban,Active
100541,Ishanvi Sengupta,Circle Inspector,Law & Order,+918408707828,dkarnik@example.org,2010,7,Banashankari Police Station,1,Bengaluru Urban,Active
100542,Dipta Rastogi,Head Constable,Cyber Crime,01709705922,apatla@example.net,2023,7,Banashankari Police Station,1,Bengaluru Urban,Active
100543,Charita Murthy,Assistant Sub Inspector,Intelligence,1639392656,sethbaghyawati@example.net,2020,7,Banashankari Police Station,1,Bengaluru Urban,Active
100544,Farhan Sama,Circle Inspector,Cyber Crime,01088700657,bumbalexander@example.net,2015,7,Banashankari Police Station,1,Bengaluru Urban,Active
100545,Ishanvi Srivastava,Assistant Sub Inspector,Intelligence,8279889819,hnagi@example.org,2002,7,Banashankari Police Station,1,Bengaluru Urban,Active
100546,Yatan Ravel,Circle Inspector,Crime,+918382871848,kmall@example.net,1995,7,Banashankari Police Station,1,Bengaluru Urban,Active
100547,Rehaan Dara,Inspector,Traffic,01436466873,shivanshdada@example.net,2025,7,Banashankari Police Station,1,Bengaluru Urban,Active
100548,Gautam Prabhakar,Assistant Sub Inspector,Traffic,+917840815682,bdate@example.net,2012,7,Banashankari Police Station,1,Bengaluru Urban,Active
100549,Zaid Vyas,Assistant Sub Inspector,Intelligence,+917588542521,reva65@example.net,2024,7,Banashankari Police Station,1,Bengaluru Urban,Active
100550,Xavier Rastogi,Sub Inspector,Intelligence,00727529759,warhi55@example.net,2022,7,Banashankari Police Station,1,Bengaluru Urban,Active
100551,Chakrika Ahuja,Inspector,Intelligence,+912611789477,siya12@example.net,2019,7,Banashankari Police Station,1,Bengaluru Urban,Active
100552,Hemangini Kari,Inspector,Intelligence,02360231253,kavyachoudhry@example.org,2006,7,Banashankari Police Station,1,Bengaluru Urban,Active
100553,Ekbal Deol,Deputy Superintendent,Traffic,+919872442488,tanvi44@example.org,2000,7,Banashankari Police Station,1,Bengaluru Urban,Active
100554,Rachita Konda,Police Constable,Intelligence,+918663193049,pallajyoti@example.org,2012,7,Banashankari Police Station,1,Bengaluru Urban,Active
100555,Jonathan Choudhary,Assistant Sub Inspector,Traffic,3699608065,jpandit@example.com,1998,7,Banashankari Police Station,1,Bengaluru Urban,Active
100556,Nimrat Gala,Head Constable,Intelligence,2650936791,isaiah26@example.net,2019,7,Banashankari Police Station,1,Bengaluru Urban,Active
100557,Warinder Balakrishnan,Deputy Superintendent,Traffic,03596583420,darikadhaliwal@example.com,2016,7,Banashankari Police Station,1,Bengaluru Urban,Active
100558,Triya Ganesan,Sub Inspector,Traffic,05059038664,zinalpant@example.com,2009,7,Banashankari Police Station,1,Bengaluru Urban,Active
100559,Radhika Parmer,Inspector,Law & Order,9660634430,neha00@example.net,1997,7,Banashankari Police Station,1,Bengaluru Urban,Active
100560,Ishaan Chaudry,Assistant Sub Inspector,Intelligence,6195736984,doctorchristopher@example.org,2001,7,Banashankari Police Station,1,Bengaluru Urban,Active
100561,Dayita Krishnamurthy,Sub Inspector,Law & Order,+912764819727,kumermanya@example.org,2022,7,Banashankari Police Station,1,Bengaluru Urban,Active
100562,Sneha Sankar,Inspector,Law & Order,+918352098528,yashawininagy@example.com,2010,7,Banashankari Police Station,1,Bengaluru Urban,Active
100563,Imaran Walia,Circle Inspector,Law & Order,1504831015,borrapranit@example.org,2018,7,Banashankari Police Station,1,Bengaluru Urban,Active
100564,Jason Rana,Superintendent,Traffic,5400594978,asabharwal@example.org,2000,7,Banashankari Police Station,1,Bengaluru Urban,Active
100565,Mugdha Deol,Inspector,Administration,+916025574350,yachanachacko@example.com,2016,7,Banashankari Police Station,1,Bengaluru Urban,Active
100566,Vincent Mane,Police Constable,Administration,5506300906,yug19@example.com,2005,7,Banashankari Police Station,1,Bengaluru Urban,Active
100567,Lopa Ratti,Sub Inspector,Intelligence,05441063017,krishnanamrita@example.com,2011,7,Banashankari Police Station,1,Bengaluru Urban,Active
100568,Abhimanyu Raman,Police Constable,Intelligence,6911075635,vamakshi14@example.net,2020,7,Banashankari Police Station,1,Bengaluru Urban,Active
100569,Ethan Balakrishnan,Deputy Superintendent,Law & Order,9170661640,diya45@example.com,2021,7,Banashankari Police Station,1,Bengaluru Urban,Active
100570,Jackson Mohan,Superintendent,Traffic,+918863885992,hnath@example.net,2001,7,Banashankari Police Station,1,Bengaluru Urban,Active
100571,Wriddhish Chadha,Circle Inspector,Law & Order,0855620550,nehaben@example.org,2017,7,Banashankari Police Station,1,Bengaluru Urban,Active
100572,Irya Oak,Inspector,Crime,00721070552,varshagupta@example.net,2022,7,Banashankari Police Station,1,Bengaluru Urban,Active
100573,Anita Oza,Police Constable,Crime,+918376494646,dboase@example.org,2004,7,Banashankari Police Station,1,Bengaluru Urban,Active
100574,Aahana Bail,Superintendent,Traffic,2627704875,sachigolla@example.org,1999,7,Banashankari Police Station,1,Bengaluru Urban,Active
100575,Sachi Mand,Assistant Sub Inspector,Intelligence,8090989496,kadakialakshit@example.net,2013,7,Banashankari Police Station,1,Bengaluru Urban,Active
100576,Wakeeta Salvi,Head Constable,Traffic,7676617327,msidhu@example.net,2015,7,Banashankari Police Station,1,Bengaluru Urban,Active
100577,Aayush Cheema,Assistant Sub Inspector,Law & Order,08247122224,fupadhyay@example.net,2019,7,Banashankari Police Station,1,Bengaluru Urban,Active
100578,Harsh Agarwal,Inspector,Administration,+913446216724,mmandal@example.com,2003,7,Banashankari Police Station,1,Bengaluru Urban,Active
100579,Nitara Minhas,Assistant Sub Inspector,Intelligence,4450516065,bde@example.org,1995,7,Banashankari Police Station,1,Bengaluru Urban,Active
100580,Maya Mital,Inspector,Law & Order,1352307710,anita75@example.net,2025,7,Banashankari Police Station,1,Bengaluru Urban,Active
100581,Bachittar Grewal,Circle Inspector,Traffic,+918135300562,narulamanan@example.com,2002,7,Banashankari Police Station,1,Bengaluru Urban,Active
100582,Qadim Chacko,Inspector,Crime,08037854443,aradhana53@example.org,1995,7,Banashankari Police Station,1,Bengaluru Urban,Active
100583,Falan Nanda,Sub Inspector,Intelligence,5025108797,turvigoyal@example.org,2006,7,Banashankari Police Station,1,Bengaluru Urban,Active
100584,Aishani Dube,Circle Inspector,Cyber Crime,+918923104997,kevin29@example.com,2001,7,Banashankari Police Station,1,Bengaluru Urban,Active
100585,Dominic Lad,Circle Inspector,Crime,+911423104355,bbala@example.net,2025,7,Banashankari Police Station,1,Bengaluru Urban,Active
100586,Amol Chad,Inspector,Administration,00427335763,skala@example.com,1996,7,Banashankari Police Station,1,Bengaluru Urban,Active
100587,Turvi Mohan,Assistant Sub Inspector,Law & Order,8486842868,azaanmangal@example.org,1997,7,Banashankari Police Station,1,Bengaluru Urban,Active
100588,Falan Aurora,Circle Inspector,Cyber Crime,+916566879495,raghavaggarwal@example.com,2024,7,Banashankari Police Station,1,Bengaluru Urban,Active
100589,Nisha Bandi,Circle Inspector,Cyber Crime,06331192632,chhabraosha@example.com,2023,7,Banashankari Police Station,1,Bengaluru Urban,Active
100590,Eesha Kaur,Deputy Superintendent,Cyber Crime,3182752226,gchana@example.com,2004,7,Banashankari Police Station,1,Bengaluru Urban,Active
100591,Niharika Bhavsar,Assistant Sub Inspector,Law & Order,+919094998853,sarmanathan@example.org,2006,7,Banashankari Police Station,1,Bengaluru Urban,Active
100592,Nachiket Hayer,Head Constable,Intelligence,05397063686,maanavaurora@example.com,2004,7,Banashankari Police Station,1,Bengaluru Urban,Active
100593,Yachana Raman,Assistant Sub Inspector,Traffic,01431819876,xsuresh@example.org,2015,7,Banashankari Police Station,1,Bengaluru Urban,Active
100594,Hemang Tandon,Circle Inspector,Cyber Crime,+919388957666,boratheodore@example.com,1996,7,Banashankari Police Station,1,Bengaluru Urban,Active
100595,George Bhatnagar,Deputy Superintendent,Intelligence,+911251034182,gaurangi99@example.net,2013,7,Banashankari Police Station,1,Bengaluru Urban,Active
100596,Jatin Lal,Deputy Superintendent,Administration,05348671201,farassachdev@example.org,2015,7,Banashankari Police Station,1,Bengaluru Urban,Active
100597,Dayamai Khosla,Circle Inspector,Cyber Crime,+912831251030,zilmilsur@example.com,2005,7,Banashankari Police Station,1,Bengaluru Urban,Active
100598,Falak Yadav,Deputy Superintendent,Intelligence,02810543319,kkrishnan@example.com,1997,7,Banashankari Police Station,1,Bengaluru Urban,Active
100599,Ucchal Saxena,Assistant Sub Inspector,Crime,00958924056,guhajagvi@example.net,2002,7,Banashankari Police Station,1,Bengaluru Urban,Active
100600,Prisha Bir,Head Constable,Cyber Crime,+917349990077,masonsem@example.net,1995,7,Banashankari Police Station,1,Bengaluru Urban,Active
100601,Warhi Gokhale,Superintendent,Cyber Crime,6003356207,xpurohit@example.com,2004,7,Banashankari Police Station,1,Bengaluru Urban,Active
100602,Jai Sawhney,Inspector,Intelligence,9401344084,semabeer@example.net,2011,7,Banashankari Police Station,1,Bengaluru Urban,Active
100603,Nisha Badami,Inspector,Crime,07082923507,aachal42@example.org,2018,7,Banashankari Police Station,1,Bengaluru Urban,Active
100604,Patrick Rout,Sub Inspector,Cyber Crime,+919289847979,deoethan@example.com,2000,7,Banashankari Police Station,1,Bengaluru Urban,Active
100605,Gaurika Kibe,Inspector,Law & Order,01431180756,lgulati@example.com,2024,7,Banashankari Police Station,1,Bengaluru Urban,Active
100606,Widisha Dey,Deputy Superintendent,Intelligence,+911837546949,hyogi@example.com,2001,7,Banashankari Police Station,1,Bengaluru Urban,Active
100607,Yadavi Parekh,Inspector,Crime,09634993518,meeraswaminathan@example.com,1998,7,Banashankari Police Station,1,Bengaluru Urban,Active
100608,Yoshita Jain,Assistant Sub Inspector,Traffic,6196014596,chaturakarnik@example.net,2020,7,Banashankari Police Station,1,Bengaluru Urban,Active
100609,Ekiya Sridhar,Deputy Superintendent,Cyber Crime,8612165367,gmitter@example.com,2019,7,Banashankari Police Station,1,Bengaluru Urban,Active
100610,Nimrat Mukhopadhyay,Deputy Superintendent,Cyber Crime,+917434059986,chanasamar@example.com,2008,7,Banashankari Police Station,1,Bengaluru Urban,Active
100611,Maanav Desai,Sub Inspector,Administration,06295342968,bhavyamahajan@example.net,2004,7,Banashankari Police Station,1,Bengaluru Urban,Active
100612,Gaurangi Srinivasan,Inspector,Administration,+919851135218,manbirbhagat@example.net,2004,7,Banashankari Police Station,1,Bengaluru Urban,Active
100613,Zayan Ramesh,Head Constable,Traffic,05100469019,gautamigarde@example.net,2009,7,Banashankari Police Station,1,Bengaluru Urban,Active
100614,Mekhala Palla,Sub Inspector,Cyber Crime,5823444574,isha31@example.net,2004,7,Banashankari Police Station,1,Bengaluru Urban,Active
100615,Aayush Minhas,Inspector,Traffic,+912374697245,dhawanhredhaan@example.com,2010,7,Banashankari Police Station,1,Bengaluru Urban,Active
100616,Nitesh Batra,Deputy Superintendent,Intelligence,+913229869283,ramanoah@example.net,2020,7,Banashankari Police Station,1,Bengaluru Urban,Active
100617,Gaurang Goswami,Sub Inspector,Intelligence,0507873793,mkanda@example.org,2015,7,Banashankari Police Station,1,Bengaluru Urban,Active
100618,Zehaan Sampath,Head Constable,Law & Order,01731387147,agarwaldayita@example.org,2025,7,Banashankari Police Station,1,Bengaluru Urban,Active
100619,Advay Kibe,Superintendent,Intelligence,+917383104049,anitayadav@example.com,1996,7,Banashankari Police Station,1,Bengaluru Urban,Active
100620,Ganga Srivastava,Head Constable,Traffic,09487936491,fkari@example.net,2019,8,Malleswaram Police Station,1,Bengaluru Urban,Active
100621,Indali Mand,Circle Inspector,Law & Order,04103978442,odoshi@example.com,1999,8,Malleswaram Police Station,1,Bengaluru Urban,Active
100622,Rohan Korpal,Head Constable,Cyber Crime,+912932980959,bhanumati15@example.net,2015,8,Malleswaram Police Station,1,Bengaluru Urban,Active
100623,Gagan Raman,Head Constable,Administration,3708378399,dalianeelima@example.net,2003,8,Malleswaram Police Station,1,Bengaluru Urban,Active
100624,Aryan Parekh,Superintendent,Intelligence,00588620209,cthaman@example.com,2005,8,Malleswaram Police Station,1,Bengaluru Urban,Active
100625,Anya Varkey,Assistant Sub Inspector,Cyber Crime,06188561221,ssrinivasan@example.com,2022,8,Malleswaram Police Station,1,Bengaluru Urban,Active
100626,Zaid Chatterjee,Superintendent,Cyber Crime,02471948575,pallijaya@example.com,2018,8,Malleswaram Police Station,1,Bengaluru Urban,Active
100627,Yagnesh Saran,Head Constable,Law & Order,01432704619,pkhanna@example.org,2000,8,Malleswaram Police Station,1,Bengaluru Urban,Active
100628,Balhaar Dewan,Assistant Sub Inspector,Law & Order,08482012337,badalpriya@example.net,2002,8,Malleswaram Police Station,1,Bengaluru Urban,Active
100629,Leela Gola,Head Constable,Cyber Crime,01486197070,jackbhatt@example.org,2022,8,Malleswaram Police Station,1,Bengaluru Urban,Active
100630,Akshay Palan,Inspector,Crime,+914911783337,birnihal@example.net,2003,8,Malleswaram Police Station,1,Bengaluru Urban,Active
100631,Qarin Zacharia,Police Constable,Intelligence,0105808676,vihaan53@example.net,1996,8,Malleswaram Police Station,1,Bengaluru Urban,Active
100632,Gautami Anand,Deputy Superintendent,Law & Order,09624479607,lokekashish@example.org,2006,8,Malleswaram Police Station,1,Bengaluru Urban,Active
100633,Zarna Taneja,Sub Inspector,Traffic,09037486814,gaganbahl@example.org,2004,8,Malleswaram Police Station,1,Bengaluru Urban,Active
100634,Upadhriti Karan,Inspector,Intelligence,06256383271,zbhavsar@example.com,2008,8,Malleswaram Police Station,1,Bengaluru Urban,Active
100635,Finn Kota,Deputy Superintendent,Cyber Crime,04425244420,girish08@example.net,2002,8,Malleswaram Police Station,1,Bengaluru Urban,Active
100636,Xiti Rajan,Police Constable,Crime,+911194504109,manbirom@example.com,2018,8,Malleswaram Police Station,1,Bengaluru Urban,Active
100637,Amruta Ravel,Assistant Sub Inspector,Traffic,+914380329030,gauravpingle@example.net,2012,8,Malleswaram Police Station,1,Bengaluru Urban,Active
100638,Dayamai Mutti,Circle Inspector,Traffic,+913748255906,liamthaman@example.net,2017,8,Malleswaram Police Station,1,Bengaluru Urban,Active
100639,Udant Mangat,Inspector,Law & Order,3897140056,mamble@example.com,2012,8,Malleswaram Police Station,1,Bengaluru Urban,Active
100640,Oeshi Aggarwal,Deputy Superintendent,Crime,5715088112,maanascherian@example.org,2007,8,Malleswaram Police Station,1,Bengaluru Urban,Active
100641,Ayushman Badal,Circle Inspector,Administration,8308780787,ohayer@example.org,2007,8,Malleswaram Police Station,1,Bengaluru Urban,Active
100642,Ridhi Gandhi,Inspector,Intelligence,1664422174,memontanvi@example.net,1998,8,Malleswaram Police Station,1,Bengaluru Urban,Active
100643,Rayaan Pai,Inspector,Traffic,+915736614867,nagyxiti@example.net,2013,8,Malleswaram Police Station,1,Bengaluru Urban,Active
100644,Aayush Chhabra,Circle Inspector,Administration,6749250039,jeremiahnair@example.net,2018,8,Malleswaram Police Station,1,Bengaluru Urban,Active
100645,Abhimanyu Dewan,Circle Inspector,Administration,1711406044,jhaorinder@example.net,1999,8,Malleswaram Police Station,1,Bengaluru Urban,Active
100646,Yuvraj Raj,Sub Inspector,Law & Order,0507439204,isaac94@example.com,1996,8,Malleswaram Police Station,1,Bengaluru Urban,Active
100647,Pahal Choudhry,Deputy Superintendent,Intelligence,1559578079,savantbrinda@example.net,2016,8,Malleswaram Police Station,1,Bengaluru Urban,Active
100648,Farhan Date,Inspector,Traffic,+916321156457,upadhritioza@example.org,2020,8,Malleswaram Police Station,1,Bengaluru Urban,Active
100649,Kalpit Nayar,Inspector,Traffic,03620460245,rdas@example.org,2010,8,Malleswaram Police Station,1,Bengaluru Urban,Active
100650,Yatan Ray,Deputy Superintendent,Cyber Crime,00374711344,rehaan37@example.com,2004,8,Malleswaram Police Station,1,Bengaluru Urban,Active
100651,Vedant Bora,Superintendent,Traffic,0544805177,borrayashasvi@example.net,2019,8,Malleswaram Police Station,1,Bengaluru Urban,Active
100652,Fariq Dhar,Circle Inspector,Law & Order,4422115925,bassigagan@example.org,2018,8,Malleswaram Police Station,1,Bengaluru Urban,Active
100653,Lajita Ahuja,Police Constable,Administration,3406812146,bimalanigam@example.org,2010,8,Malleswaram Police Station,1,Bengaluru Urban,Active
100654,Irya Dass,Inspector,Administration,+919427715935,ekapadthakur@example.com,2011,8,Malleswaram Police Station,1,Bengaluru Urban,Active
100655,Hitesh Iyer,Assistant Sub Inspector,Traffic,+914132726679,aaravpillai@example.com,2005,8,Malleswaram Police Station,1,Bengaluru Urban,Active
100656,Daniel Iyengar,Police Constable,Cyber Crime,02604585626,radhika21@example.org,1997,8,Malleswaram Police Station,1,Bengaluru Urban,Active
100657,Ishani Sathe,Deputy Superintendent,Cyber Crime,08743401858,amaira77@example.net,2020,8,Malleswaram Police Station,1,Bengaluru Urban,Active
100658,Yash Loyal,Superintendent,Cyber Crime,05950478962,osoman@example.net,2013,8,Malleswaram Police Station,1,Bengaluru Urban,Active
100659,Vasana Handa,Head Constable,Traffic,+917350349726,bhardwajaadi@example.org,1995,8,Malleswaram Police Station,1,Bengaluru Urban,Active
100660,Parth Wadhwa,Inspector,Law & Order,+915122011818,hmajumdar@example.net,2023,8,Malleswaram Police Station,1,Bengaluru Urban,Active
100661,Andrew Bahri,Sub Inspector,Cyber Crime,1519158500,tchokshi@example.net,2016,8,Malleswaram Police Station,1,Bengaluru Urban,Active
100662,Yauvani Palan,Assistant Sub Inspector,Intelligence,+919084773824,bhasinrishi@example.org,1997,8,Malleswaram Police Station,1,Bengaluru Urban,Active
100663,Urvi Talwar,Head Constable,Cyber Crime,9029755583,miteshpatla@example.net,2021,8,Malleswaram Police Station,1,Bengaluru Urban,Active
100664,Dayamai Bawa,Superintendent,Crime,+915101546544,hkashyap@example.com,2014,8,Malleswaram Police Station,1,Bengaluru Urban,Active
100665,Nicholas Kalita,Circle Inspector,Law & Order,7869445739,sgolla@example.com,2022,8,Malleswaram Police Station,1,Bengaluru Urban,Active
100666,Girindra Bhattacharyya,Inspector,Administration,00323142833,kiaanlala@example.com,2021,8,Malleswaram Police Station,1,Bengaluru Urban,Active
100667,Tanish Bhattacharyya,Deputy Superintendent,Intelligence,7529546487,svyas@example.net,1999,8,Malleswaram Police Station,1,Bengaluru Urban,Active
100668,Finn Amble,Sub Inspector,Law & Order,+916583578731,tmukhopadhyay@example.com,1997,8,Malleswaram Police Station,1,Bengaluru Urban,Active
100669,Manbir Hegde,Inspector,Administration,+919030140854,hemanioak@example.com,2018,8,Malleswaram Police Station,1,Bengaluru Urban,Active
100670,Advika Mittal,Circle Inspector,Administration,01684068316,fmallick@example.org,2005,8,Malleswaram Police Station,1,Bengaluru Urban,Active
100671,Sudiksha Sampath,Sub Inspector,Law & Order,+914589547558,niteshdara@example.com,2022,8,Malleswaram Police Station,1,Bengaluru Urban,Active
100672,Bhavini Mitra,Deputy Superintendent,Law & Order,+914516969143,hnagarajan@example.com,2007,8,Malleswaram Police Station,1,Bengaluru Urban,Active
100673,Edhitha Karpe,Assistant Sub Inspector,Traffic,05542384235,tanveer20@example.net,2019,8,Malleswaram Police Station,1,Bengaluru Urban,Active
100674,Indrajit Suri,Circle Inspector,Administration,1473546703,praneelsrinivasan@example.net,2010,8,Malleswaram Police Station,1,Bengaluru Urban,Active
100675,Vedika Ganesh,Superintendent,Intelligence,+912511877449,shanda@example.com,2020,8,Malleswaram Police Station,1,Bengaluru Urban,Active
100676,Om Sarma,Circle Inspector,Law & Order,+917639850804,parsaunni@example.org,2009,8,Malleswaram Police Station,1,Bengaluru Urban,Active
100677,Karan Bhatti,Assistant Sub Inspector,Law & Order,3855869517,robert51@example.net,2005,8,Malleswaram Police Station,1,Bengaluru Urban,Active
100678,Anika Ramesh,Deputy Superintendent,Administration,02827993871,rajagopalanveer@example.org,2002,8,Malleswaram Police Station,1,Bengaluru Urban,Active
100679,Yatin Gera,Head Constable,Crime,+918208175726,baltejas@example.org,2022,8,Malleswaram Police Station,1,Bengaluru Urban,Active
100680,Rajata Edwin,Circle Inspector,Law & Order,+917389471755,yatankhanna@example.org,2009,8,Malleswaram Police Station,1,Bengaluru Urban,Active
100681,Girindra Sehgal,Circle Inspector,Law & Order,8466108864,ykhatri@example.com,2020,8,Malleswaram Police Station,1,Bengaluru Urban,Active
100682,Vidhi Zachariah,Superintendent,Law & Order,9860878164,edhithasekhon@example.org,2013,8,Malleswaram Police Station,1,Bengaluru Urban,Active
100683,Ria Aggarwal,Police Constable,Cyber Crime,1611564637,raghavanbhanumati@example.net,2015,8,Malleswaram Police Station,1,Bengaluru Urban,Active
100684,Qarin Mani,Police Constable,Crime,3820443229,farhananand@example.net,1995,8,Malleswaram Police Station,1,Bengaluru Urban,Active
100685,Liam Balan,Head Constable,Law & Order,2472170912,kumersara@example.com,2000,8,Malleswaram Police Station,1,Bengaluru Urban,Active
100686,Harrison Tata,Sub Inspector,Cyber Crime,04049221715,rauadya@example.org,1999,8,Malleswaram Police Station,1,Bengaluru Urban,Active
100687,Kamala Bahl,Assistant Sub Inspector,Administration,8382050394,aadijoshi@example.net,2008,8,Malleswaram Police Station,1,Bengaluru Urban,Active
100688,Warhi Gill,Sub Inspector,Traffic,6522465568,nandalibni@example.net,2019,8,Malleswaram Police Station,1,Bengaluru Urban,Active
100689,Damyanti Swaminathan,Deputy Superintendent,Cyber Crime,08550862025,damyanti09@example.com,2015,8,Malleswaram Police Station,1,Bengaluru Urban,Active
100690,Urvashi Vig,Assistant Sub Inspector,Law & Order,06650885098,lsoni@example.net,2010,8,Malleswaram Police Station,1,Bengaluru Urban,Active
100691,Divya Swaminathan,Circle Inspector,Traffic,+917404965362,gaurangisha@example.com,2017,8,Malleswaram Police Station,1,Bengaluru Urban,Active
100692,Nimrat Kar,Deputy Superintendent,Crime,08363831743,abhiram03@example.org,2003,8,Malleswaram Police Station,1,Bengaluru Urban,Active
100693,Luke Wadhwa,Circle Inspector,Crime,01532022165,bgandhi@example.org,2009,8,Malleswaram Police Station,1,Bengaluru Urban,Active
100694,Rushil Rai,Inspector,Law & Order,1288287152,dbawa@example.net,2000,8,Malleswaram Police Station,1,Bengaluru Urban,Active
100695,Karan Chowdhury,Police Constable,Traffic,6926954483,hjani@example.net,2004,8,Malleswaram Police Station,1,Bengaluru Urban,Active
100696,Naksh Virk,Police Constable,Administration,+917557914597,jmani@example.net,1998,8,Malleswaram Police Station,1,Bengaluru Urban,Active
100697,Sarthak Ravi,Sub Inspector,Crime,08794558236,prabhakardarpan@example.com,2001,8,Malleswaram Police Station,1,Bengaluru Urban,Active
100698,Upasna Chokshi,Sub Inspector,Administration,+914697327291,onayar@example.org,1995,8,Malleswaram Police Station,1,Bengaluru Urban,Active
100699,Oliver Roy,Sub Inspector,Law & Order,4653361483,arege@example.com,1998,8,Malleswaram Police Station,1,Bengaluru Urban,Active
100700,Vivaan Solanki,Head Constable,Traffic,7983055573,karurvi@example.net,2011,8,Malleswaram Police Station,1,Bengaluru Urban,Active
100701,Janya Bahl,Head Constable,Law & Order,01009366138,harsh65@example.org,1998,8,Malleswaram Police Station,1,Bengaluru Urban,Active
100702,Aishani Mane,Assistant Sub Inspector,Crime,2404686694,ekaniganguly@example.net,1997,8,Malleswaram Police Station,1,Bengaluru Urban,Active
100703,Chaaya Devi,Sub Inspector,Intelligence,06958509561,rameshdominic@example.com,2005,8,Malleswaram Police Station,1,Bengaluru Urban,Active
100704,Vasatika Salvi,Head Constable,Crime,3949035571,murtyupkaar@example.net,2003,8,Malleswaram Police Station,1,Bengaluru Urban,Active
100705,Adya Bhattacharyya,Circle Inspector,Law & Order,+917687587986,wmishra@example.net,2016,8,Malleswaram Police Station,1,Bengaluru Urban,Active
100706,Turvi Chaudry,Head Constable,Cyber Crime,02234661351,sanghaaahana@example.net,2016,8,Malleswaram Police Station,1,Bengaluru Urban,Active
100707,Suhani Prashad,Superintendent,Law & Order,08254025156,adyamani@example.net,2005,8,Malleswaram Police Station,1,Bengaluru Urban,Active
100708,Aryan Pradhan,Assistant Sub Inspector,Crime,+910812513299,knazareth@example.org,2009,9,Yelahanka Police Station,1,Bengaluru Urban,Active
100709,Ekalinga Mital,Inspector,Law & Order,6754426733,yashvidoctor@example.net,1998,9,Yelahanka Police Station,1,Bengaluru Urban,Active
100710,Neel Magar,Superintendent,Administration,+918360799015,forumprasad@example.com,2009,9,Yelahanka Police Station,1,Bengaluru Urban,Active
100711,Timothy Modi,Police Constable,Intelligence,06586666696,kmukherjee@example.org,2001,9,Yelahanka Police Station,1,Bengaluru Urban,Active
100712,Samaksh Lad,Inspector,Crime,3645442557,eshanamadan@example.com,2003,9,Yelahanka Police Station,1,Bengaluru Urban,Active
100713,Dakshesh Basu,Sub Inspector,Cyber Crime,5218477535,araman@example.org,2014,9,Yelahanka Police Station,1,Bengaluru Urban,Active
100714,Vasana Chaudhari,Circle Inspector,Administration,+914915787992,forum70@example.org,2007,9,Yelahanka Police Station,1,Bengaluru Urban,Active
100715,Onveer Bumb,Deputy Superintendent,Traffic,3575777575,bachittar34@example.org,2015,9,Yelahanka Police Station,1,Bengaluru Urban,Active
100716,Harita Naik,Head Constable,Traffic,+913447472063,isaackumar@example.net,2012,9,Yelahanka Police Station,1,Bengaluru Urban,Active
100717,Hamsini Sarma,Deputy Superintendent,Traffic,+918266397444,nitarabhakta@example.org,2025,9,Yelahanka Police Station,1,Bengaluru Urban,Active
100718,Arjun Kata,Sub Inspector,Crime,7808345575,adityavirk@example.com,2017,9,Yelahanka Police Station,1,Bengaluru Urban,Active
100719,Daksh Prasad,Circle Inspector,Traffic,07334915699,braj@example.org,2024,9,Yelahanka Police Station,1,Bengaluru Urban,Active
100720,Jeremiah Bumb,Superintendent,Administration,+913177699597,yashodharapalla@example.com,2011,9,Yelahanka Police Station,1,Bengaluru Urban,Active
100721,Chaitanya Borah,Assistant Sub Inspector,Cyber Crime,09192826539,chakradev27@example.org,2003,9,Yelahanka Police Station,1,Bengaluru Urban,Active
100722,Nitara Bawa,Assistant Sub Inspector,Cyber Crime,+913537221733,rsen@example.com,2024,9,Yelahanka Police Station,1,Bengaluru Urban,Active
100723,Rushil Savant,Sub Inspector,Intelligence,5648342461,gollaluke@example.net,2002,9,Yelahanka Police Station,1,Bengaluru Urban,Active
100724,Jacob Narasimhan,Assistant Sub Inspector,Intelligence,09563451248,baligunbir@example.org,2009,9,Yelahanka Police Station,1,Bengaluru Urban,Active
100725,Januja Oza,Circle Inspector,Intelligence,7620529032,jeremiahsheth@example.net,2012,9,Yelahanka Police Station,1,Bengaluru Urban,Active
100726,Manbir Andra,Sub Inspector,Law & Order,3621402847,krishnanimrat@example.com,2011,9,Yelahanka Police Station,1,Bengaluru Urban,Active
100727,Jai Chanda,Head Constable,Traffic,07522758705,yswaminathan@example.net,2021,9,Yelahanka Police Station,1,Bengaluru Urban,Active
100728,Gauri Saini,Deputy Superintendent,Crime,3585072864,kbali@example.net,2017,9,Yelahanka Police Station,1,Bengaluru Urban,Active
100729,Saksham Pandey,Head Constable,Traffic,02585349032,vedhikakonda@example.org,2007,9,Yelahanka Police Station,1,Bengaluru Urban,Active
100730,Girindra Mittal,Superintendent,Traffic,00938850074,baradfalak@example.org,2022,9,Yelahanka Police Station,1,Bengaluru Urban,Active
100731,Indira Bhagat,Head Constable,Cyber Crime,+911721093101,padmanabhanzehaan@example.net,2016,9,Yelahanka Police Station,1,Bengaluru Urban,Active
100732,Bakhshi Parmer,Sub Inspector,Law & Order,+916755957676,gangulyurvashi@example.com,1999,9,Yelahanka Police Station,1,Bengaluru Urban,Active
100733,Samuel Biswas,Superintendent,Administration,9904286547,alexander75@example.net,2010,9,Yelahanka Police Station,1,Bengaluru Urban,Active
100734,Indira Deshpande,Head Constable,Cyber Crime,03166044219,rkalita@example.org,2016,9,Yelahanka Police Station,1,Bengaluru Urban,Active
100735,Aadhya Kumer,Sub Inspector,Administration,0315314775,davepeter@example.com,2010,9,Yelahanka Police Station,1,Bengaluru Urban,Active
100736,Meghana Ganesh,Sub Inspector,Cyber Crime,7073833887,jyoti33@example.org,2019,9,Yelahanka Police Station,1,Bengaluru Urban,Active
100737,Pallavi Thakkar,Sub Inspector,Administration,+916122469668,odhawan@example.com,1995,9,Yelahanka Police Station,1,Bengaluru Urban,Active
100738,Jalsa Babu,Inspector,Cyber Crime,04987820905,farajiyer@example.org,2023,9,Yelahanka Police Station,1,Bengaluru Urban,Active
100739,Varenya Parikh,Sub Inspector,Law & Order,9376931520,ramathomas@example.net,2006,9,Yelahanka Police Station,1,Bengaluru Urban,Active
100740,Kevin Kara,Circle Inspector,Law & Order,+915259985489,bhatnagartamanna@example.org,1995,9,Yelahanka Police Station,1,Bengaluru Urban,Active
100741,Aachal Rau,Inspector,Cyber Crime,+913901849771,aarushjha@example.com,1999,9,Yelahanka Police Station,1,Bengaluru Urban,Active
100742,Vamakshi Sur,Circle Inspector,Intelligence,0264939083,sbuch@example.net,1997,9,Yelahanka Police Station,1,Bengaluru Urban,Active
100743,Jagdish Balan,Head Constable,Administration,+913570034208,ghoseowen@example.net,2011,9,Yelahanka Police Station,1,Bengaluru Urban,Active
100744,Gagan Chaudhari,Sub Inspector,Crime,07866906947,mason62@example.com,2019,9,Yelahanka Police Station,1,Bengaluru Urban,Active
100745,Upasna Tata,Deputy Superintendent,Law & Order,04686162515,udantnori@example.net,2001,9,Yelahanka Police Station,1,Bengaluru Urban,Active
100746,Baghyawati Batta,Head Constable,Law & Order,+917464308388,qlanka@example.org,2011,9,Yelahanka Police Station,1,Bengaluru Urban,Active
100747,Nimrat Master,Assistant Sub Inspector,Cyber Crime,8408467571,pallzayan@example.com,2021,9,Yelahanka Police Station,1,Bengaluru Urban,Active
100748,Indrajit Goyal,Sub Inspector,Crime,+913893372998,jeet17@example.com,2001,9,Yelahanka Police Station,1,Bengaluru Urban,Active
100749,Indira Gopal,Superintendent,Intelligence,02435170389,vchawla@example.org,2003,9,Yelahanka Police Station,1,Bengaluru Urban,Active
100750,Tamanna Nori,Assistant Sub Inspector,Crime,+911518497765,twali@example.net,2007,9,Yelahanka Police Station,1,Bengaluru Urban,Active
100751,Kevin Edwin,Police Constable,Intelligence,+910497876565,dinsai@example.org,2005,9,Yelahanka Police Station,1,Bengaluru Urban,Active
100752,Falak Nayak,Deputy Superintendent,Intelligence,0383778450,parmerlakshmi@example.net,1999,9,Yelahanka Police Station,1,Bengaluru Urban,Active
100753,Yadavi Jani,Deputy Superintendent,Traffic,08565109875,vrinda54@example.org,2008,9,Yelahanka Police Station,1,Bengaluru Urban,Active
100754,Mason Bakshi,Circle Inspector,Traffic,1321912651,vedikamani@example.org,1999,9,Yelahanka Police Station,1,Bengaluru Urban,Active
100755,Gaurav Suresh,Deputy Superintendent,Cyber Crime,05484268683,vshah@example.com,2016,9,Yelahanka Police Station,1,Bengaluru Urban,Active
100756,Ladli Sathe,Inspector,Crime,+914577890543,onarayanan@example.com,2003,9,Yelahanka Police Station,1,Bengaluru Urban,Active
100757,Lakshit Agarwal,Inspector,Intelligence,5811845070,periakshay@example.org,2004,9,Yelahanka Police Station,1,Bengaluru Urban,Active
100758,Reyansh Wason,Assistant Sub Inspector,Intelligence,01639957655,jpuri@example.com,2024,9,Yelahanka Police Station,1,Bengaluru Urban,Active
100759,Vedhika Varghese,Deputy Superintendent,Administration,7289767756,odeep@example.com,1998,9,Yelahanka Police Station,1,Bengaluru Urban,Active
100760,Yatan Varkey,Inspector,Cyber Crime,08408975169,elijah89@example.net,2012,9,Yelahanka Police Station,1,Bengaluru Urban,Active
100761,Raksha Korpal,Deputy Superintendent,Law & Order,06693304334,gbaria@example.com,1995,9,Yelahanka Police Station,1,Bengaluru Urban,Active
100762,Veer Nayak,Circle Inspector,Administration,4506282864,jalsa78@example.org,1998,9,Yelahanka Police Station,1,Bengaluru Urban,Active
100763,Krishna Balay,Police Constable,Cyber Crime,+918597253931,iratrivedi@example.org,2014,9,Yelahanka Police Station,1,Bengaluru Urban,Active
100764,Zayan Sarma,Circle Inspector,Administration,9842993916,pingleazaan@example.org,1999,9,Yelahanka Police Station,1,Bengaluru Urban,Active
100765,Ladli Mishra,Circle Inspector,Administration,01256818934,bakshiayushman@example.net,1996,9,Yelahanka Police Station,1,Bengaluru Urban,Active
100766,Chatresh Chowdhury,Police Constable,Cyber Crime,06051311987,yoshitadyal@example.com,2011,9,Yelahanka Police Station,1,Bengaluru Urban,Active
100767,Mitesh Chokshi,Circle Inspector,Intelligence,00118402324,lgupta@example.org,2010,9,Yelahanka Police Station,1,Bengaluru Urban,Active
100768,Sai Rajagopalan,Assistant Sub Inspector,Administration,8000393843,abal@example.com,2015,9,Yelahanka Police Station,1,Bengaluru Urban,Active
100769,Gaurang Ray,Deputy Superintendent,Cyber Crime,09117366178,bhardwajoni@example.net,2014,9,Yelahanka Police Station,1,Bengaluru Urban,Active
100770,Aarav Vora,Head Constable,Traffic,03324680981,bishakha68@example.org,2019,9,Yelahanka Police Station,1,Bengaluru Urban,Active
100771,Om Dubey,Assistant Sub Inspector,Cyber Crime,06083977603,choudhryanirudh@example.com,1997,9,Yelahanka Police Station,1,Bengaluru Urban,Active
100772,Adya Natt,Circle Inspector,Intelligence,07370682074,dasguptachaaya@example.com,1996,9,Yelahanka Police Station,1,Bengaluru Urban,Active
100773,Anthony Pandey,Circle Inspector,Crime,08761800471,goswamigautam@example.org,2015,9,Yelahanka Police Station,1,Bengaluru Urban,Active
100774,Mekhala Mukhopadhyay,Head Constable,Administration,04741100646,mchowdhury@example.org,2018,10,Hebbal Police Station,1,Bengaluru Urban,Active
100775,Girish Sandhu,Inspector,Law & Order,05279672685,saxenaindrajit@example.net,2023,10,Hebbal Police Station,1,Bengaluru Urban,Active
100776,Ladli Lala,Deputy Superintendent,Law & Order,5909532729,faqidbanik@example.com,2013,10,Hebbal Police Station,1,Bengaluru Urban,Active
100777,Chakradhar Sura,Inspector,Administration,02395602189,naksh93@example.net,2008,10,Hebbal Police Station,1,Bengaluru Urban,Active
100778,Odika Bhatti,Assistant Sub Inspector,Administration,+917527094351,kamala51@example.org,2003,10,Hebbal Police Station,1,Bengaluru Urban,Active
100779,Qadim Rajan,Superintendent,Traffic,6983735412,ishagandhi@example.com,1996,10,Hebbal Police Station,1,Bengaluru Urban,Active
100780,Vinaya Agrawal,Superintendent,Cyber Crime,+919188180498,magarkrishna@example.com,2011,10,Hebbal Police Station,1,Bengaluru Urban,Active
100781,Frederick Sehgal,Sub Inspector,Traffic,7515953784,teerthmann@example.com,1997,10,Hebbal Police Station,1,Bengaluru Urban,Active
100782,Indira Sant,Sub Inspector,Crime,00065904477,brijesh58@example.org,2007,10,Hebbal Police Station,1,Bengaluru Urban,Active
100783,Inaya Warrior,Police Constable,Intelligence,05350965383,thalder@example.com,2006,10,Hebbal Police Station,1,Bengaluru Urban,Active
100784,Saksham Pal,Head Constable,Crime,1368703597,zsibal@example.org,2023,10,Hebbal Police Station,1,Bengaluru Urban,Active
100785,Idika Bobal,Head Constable,Law & Order,09505243633,dpatla@example.com,2009,10,Hebbal Police Station,1,Bengaluru Urban,Active
100786,Gabriel Kara,Inspector,Crime,02169528033,jatin10@example.net,1995,10,Hebbal Police Station,1,Bengaluru Urban,Active
100787,Manbir Kohli,Sub Inspector,Traffic,06140129028,mekhala56@example.net,2021,10,Hebbal Police Station,1,Bengaluru Urban,Active
100788,Jairaj Borra,Circle Inspector,Crime,01817607274,nidramaharaj@example.org,2001,10,Hebbal Police Station,1,Bengaluru Urban,Active
100789,Brijesh Vasa,Sub Inspector,Administration,1729093972,rachit67@example.net,1997,10,Hebbal Police Station,1,Bengaluru Urban,Active
100790,Bhavna Dhingra,Inspector,Traffic,+910619640809,xitidewan@example.com,2024,10,Hebbal Police Station,1,Bengaluru Urban,Active
100791,Vrinda Anne,Assistant Sub Inspector,Cyber Crime,+912963227832,shivani76@example.net,1995,10,Hebbal Police Station,1,Bengaluru Urban,Active
100792,Tanveer Bala,Police Constable,Law & Order,06429068844,lavanyabajwa@example.com,1999,10,Hebbal Police Station,1,Bengaluru Urban,Active
100793,Meera Pandey,Head Constable,Intelligence,03238036830,cheemadivya@example.com,2019,10,Hebbal Police Station,1,Bengaluru Urban,Active
100794,Ishita Chawla,Inspector,Traffic,5736030743,pshah@example.net,2021,10,Hebbal Police Station,1,Bengaluru Urban,Active
100795,Samesh Mukherjee,Superintendent,Law & Order,+910665047189,horafrado@example.com,2017,10,Hebbal Police Station,1,Bengaluru Urban,Active
100796,Yashasvi Luthra,Police Constable,Administration,02277562637,kalapavani@example.com,2001,10,Hebbal Police Station,1,Bengaluru Urban,Active
100797,Yamini Choudhury,Circle Inspector,Cyber Crime,02205806382,victor13@example.com,2016,10,Hebbal Police Station,1,Bengaluru Urban,Active
100798,Onkar Dhawan,Sub Inspector,Cyber Crime,04026377859,edhithabaria@example.org,2009,10,Hebbal Police Station,1,Bengaluru Urban,Active
100799,Samarth Loke,Police Constable,Intelligence,5394704804,obarman@example.org,2024,10,Hebbal Police Station,1,Bengaluru Urban,Active
100800,Faris Bawa,Head Constable,Traffic,03286733653,sabharwalamruta@example.net,1995,10,Hebbal Police Station,1,Bengaluru Urban,Active
100801,Yochana Som,Deputy Superintendent,Law & Order,+910808470094,nidrakade@example.org,2006,10,Hebbal Police Station,1,Bengaluru Urban,Active
100802,Dev Chokshi,Deputy Superintendent,Cyber Crime,2705784757,eiravatilalla@example.com,2019,10,Hebbal Police Station,1,Bengaluru Urban,Active
100803,Yuvraj Chada,Deputy Superintendent,Intelligence,1371812376,ekiya35@example.net,1999,10,Hebbal Police Station,1,Bengaluru Urban,Active
100804,Arya Rana,Sub Inspector,Cyber Crime,01365355333,nandini91@example.net,2009,10,Hebbal Police Station,1,Bengaluru Urban,Active
100805,Aarini Gade,Superintendent,Traffic,+919053698347,minhassaanvi@example.com,2011,10,Hebbal Police Station,1,Bengaluru Urban,Active
100806,Aarnav Dugar,Inspector,Intelligence,01124044312,majumdarmanan@example.net,1999,10,Hebbal Police Station,1,Bengaluru Urban,Active
100807,Vyanjana Mody,Circle Inspector,Administration,+915510539768,dhawanniharika@example.net,2000,10,Hebbal Police Station,1,Bengaluru Urban,Active
100808,Ethan Dar,Sub Inspector,Administration,6084904011,frederick18@example.org,2022,10,Hebbal Police Station,1,Bengaluru Urban,Active
100809,Tanish Subramanian,Head Constable,Administration,0430867017,ladwilliam@example.net,2003,10,Hebbal Police Station,1,Bengaluru Urban,Active
100810,Rehaan Mitter,Inspector,Traffic,+913268766171,aaravloke@example.com,2002,10,Hebbal Police Station,1,Bengaluru Urban,Active
100811,Kiaan Bhatti,Sub Inspector,Intelligence,+914378907259,libni15@example.net,2022,10,Hebbal Police Station,1,Bengaluru Urban,Active
100812,Matthew Sachar,Head Constable,Administration,06742364672,opandey@example.net,2014,10,Hebbal Police Station,1,Bengaluru Urban,Active
100813,Omya Ravi,Deputy Superintendent,Cyber Crime,+911676253052,tluthra@example.org,2022,10,Hebbal Police Station,1,Bengaluru Urban,Active
100814,Yasti De,Police Constable,Crime,08733663975,walisamar@example.org,2005,10,Hebbal Police Station,1,Bengaluru Urban,Active
100815,Dakshesh Chowdhury,Circle Inspector,Intelligence,+917502731660,logansrinivas@example.com,2023,10,Hebbal Police Station,1,Bengaluru Urban,Active
100816,Libni Sharaf,Assistant Sub Inspector,Cyber Crime,7383653170,salviojas@example.com,2002,10,Hebbal Police Station,1,Bengaluru Urban,Active
100817,Girik Sastry,Circle Inspector,Intelligence,03802377073,saraffaris@example.org,1996,10,Hebbal Police Station,1,Bengaluru Urban,Active
100818,Anirudh Nadkarni,Inspector,Law & Order,+910355827165,godarajeshri@example.com,1998,10,Hebbal Police Station,1,Bengaluru Urban,Active
100819,Anusha Cheema,Assistant Sub Inspector,Cyber Crime,09860304725,ryan68@example.org,2012,10,Hebbal Police Station,1,Bengaluru Urban,Active
100820,Isaac Sem,Police Constable,Law & Order,02064751471,gvala@example.com,2025,10,Hebbal Police Station,1,Bengaluru Urban,Active
100821,Imaran Kuruvilla,Inspector,Traffic,05099734084,kevin20@example.org,2004,10,Hebbal Police Station,1,Bengaluru Urban,Active
100822,Nandini Seshadri,Sub Inspector,Crime,8433391731,raihemangini@example.net,1999,10,Hebbal Police Station,1,Bengaluru Urban,Active
100823,Nathan Puri,Inspector,Administration,+915695143143,shivanshpandey@example.com,2022,10,Hebbal Police Station,1,Bengaluru Urban,Active
100824,Lila Khare,Police Constable,Crime,03815529430,mekhala12@example.org,2005,10,Hebbal Police Station,1,Bengaluru Urban,Active
100825,Simon Mangat,Deputy Superintendent,Intelligence,07505043008,yachanabarman@example.net,2004,10,Hebbal Police Station,1,Bengaluru Urban,Active
100826,Chanchal Butala,Assistant Sub Inspector,Administration,7831074384,chameli49@example.com,2013,10,Hebbal Police Station,1,Bengaluru Urban,Active
100827,Ekaraj Kant,Sub Inspector,Crime,00101823197,shravyamore@example.org,2000,10,Hebbal Police Station,1,Bengaluru Urban,Active
100828,Pranav Madan,Assistant Sub Inspector,Traffic,+912378155741,raksha30@example.net,2004,10,Hebbal Police Station,1,Bengaluru Urban,Active
100829,Victor Patel,Superintendent,Administration,0522742241,pnaik@example.org,2006,10,Hebbal Police Station,1,Bengaluru Urban,Active
100830,Chanakya Sandhu,Deputy Superintendent,Administration,8761040573,charviviswanathan@example.net,2005,10,Hebbal Police Station,1,Bengaluru Urban,Active
100831,Varenya Kunda,Superintendent,Crime,04831095949,manya64@example.com,2009,10,Hebbal Police Station,1,Bengaluru Urban,Active
100832,Bhavani Savant,Assistant Sub Inspector,Intelligence,00272989217,lmore@example.net,1999,10,Hebbal Police Station,1,Bengaluru Urban,Active
100833,Anika Ramaswamy,Assistant Sub Inspector,Law & Order,6006112012,taraknaidu@example.org,2001,10,Hebbal Police Station,1,Bengaluru Urban,Active
100834,Ojas Talwar,Assistant Sub Inspector,Administration,0671872613,ksrinivas@example.org,2001,10,Hebbal Police Station,1,Bengaluru Urban,Active
100835,Dhriti Mukherjee,Inspector,Administration,+911601993736,qarinkaul@example.org,1995,10,Hebbal Police Station,1,Bengaluru Urban,Active
100836,Yuvraj Dyal,Police Constable,Traffic,07604826835,zbera@example.com,2016,10,Hebbal Police Station,1,Bengaluru Urban,Active
100837,Yatan Shere,Sub Inspector,Cyber Crime,7013806067,vritti00@example.org,2005,10,Hebbal Police Station,1,Bengaluru Urban,Active
100838,Hiral Pandit,Assistant Sub Inspector,Crime,03973416985,baljiwankulkarni@example.com,2019,10,Hebbal Police Station,1,Bengaluru Urban,Active
100839,Ekavir Rau,Head Constable,Crime,+911213249878,natarajansaanvi@example.org,2007,10,Hebbal Police Station,1,Bengaluru Urban,Active
100840,Omkaar Upadhyay,Sub Inspector,Law & Order,+912879024284,ahujalekha@example.com,2010,10,Hebbal Police Station,1,Bengaluru Urban,Active
100841,Qadim Behl,Sub Inspector,Law & Order,6086571857,vinaya02@example.com,2004,10,Hebbal Police Station,1,Bengaluru Urban,Active
100842,Fariq Bhatt,Assistant Sub Inspector,Cyber Crime,+912612793066,kiaan38@example.net,2007,10,Hebbal Police Station,1,Bengaluru Urban,Active
100843,Bhavna Kashyap,Circle Inspector,Traffic,03771033942,rehaan41@example.com,2006,10,Hebbal Police Station,1,Bengaluru Urban,Active
100844,Nitara Puri,Deputy Superintendent,Law & Order,00768978127,jairajsheth@example.com,2011,10,Hebbal Police Station,1,Bengaluru Urban,Active
100845,Manan Batta,Assistant Sub Inspector,Law & Order,01424312937,hitesh79@example.net,2024,10,Hebbal Police Station,1,Bengaluru Urban,Active
100846,Noah Srinivasan,Inspector,Cyber Crime,8923000663,baljiwan80@example.com,1998,10,Hebbal Police Station,1,Bengaluru Urban,Active
100847,Jagrati Puri,Police Constable,Cyber Crime,05875341585,jhaverianika@example.com,1999,10,Hebbal Police Station,1,Bengaluru Urban,Active
100848,Ranbir Jani,Inspector,Cyber Crime,04538795206,rsehgal@example.org,2017,10,Hebbal Police Station,1,Bengaluru Urban,Active
100849,Anjali Ravel,Superintendent,Intelligence,+917995010717,aarush52@example.com,2000,10,Hebbal Police Station,1,Bengaluru Urban,Active
100850,Aadhya Batta,Deputy Superintendent,Cyber Crime,6231353267,grajagopal@example.org,2006,10,Hebbal Police Station,1,Bengaluru Urban,Active
100851,Saksham Rout,Deputy Superintendent,Law & Order,+915978869118,acharyaedhitha@example.net,2012,10,Hebbal Police Station,1,Bengaluru Urban,Active
100852,Manan Dasgupta,Police Constable,Intelligence,+914728359734,balangaurangi@example.com,1996,10,Hebbal Police Station,1,Bengaluru Urban,Active
100853,Vincent Prabhu,Assistant Sub Inspector,Crime,7329301855,aashi04@example.org,1996,10,Hebbal Police Station,1,Bengaluru Urban,Active
100854,Divya Jain,Inspector,Traffic,8874186729,harijack@example.org,2008,10,Hebbal Police Station,1,Bengaluru Urban,Active
100855,Zehaan Nair,Sub Inspector,Intelligence,0503685917,venkateshjai@example.org,2025,10,Hebbal Police Station,1,Bengaluru Urban,Active
100856,Anya Ray,Deputy Superintendent,Intelligence,0223322730,rmistry@example.org,1998,10,Hebbal Police Station,1,Bengaluru Urban,Active
100857,Harshil Thakur,Deputy Superintendent,Administration,9812240672,wsolanki@example.net,2008,10,Hebbal Police Station,1,Bengaluru Urban,Active
100858,Deepa Bhavsar,Superintendent,Law & Order,04681888124,utkarsh69@example.org,2001,10,Hebbal Police Station,1,Bengaluru Urban,Active
100859,Rayaan Hora,Circle Inspector,Administration,04670203012,eagate@example.net,2007,10,Hebbal Police Station,1,Bengaluru Urban,Active
100860,Chameli Sankar,Police Constable,Administration,04545106268,vamakshimitra@example.org,2000,10,Hebbal Police Station,1,Bengaluru Urban,Active
100861,Yug Shan,Assistant Sub Inspector,Traffic,04916218173,chaman33@example.com,2022,10,Hebbal Police Station,1,Bengaluru Urban,Active
100862,Rehaan Char,Police Constable,Cyber Crime,02702918473,vinaya08@example.net,2007,10,Hebbal Police Station,1,Bengaluru Urban,Active
100863,Amaira Ray,Circle Inspector,Traffic,04081602704,chasmum08@example.com,2017,10,Hebbal Police Station,1,Bengaluru Urban,Active
100864,Daksh Ben,Assistant Sub Inspector,Crime,06938572863,inayadalal@example.org,2011,10,Hebbal Police Station,1,Bengaluru Urban,Active
100865,Dakshesh Kala,Circle Inspector,Law & Order,01568724767,bhatnagarvedant@example.com,2004,10,Hebbal Police Station,1,Bengaluru Urban,Active
100866,Urishilla Dada,Sub Inspector,Intelligence,9848898650,zmody@example.com,1998,10,Hebbal Police Station,1,Bengaluru Urban,Active
100867,Upkaar Virk,Sub Inspector,Traffic,6014314893,meghanabhargava@example.net,2012,10,Hebbal Police Station,1,Bengaluru Urban,Active
100868,Azaan Bobal,Assistant Sub Inspector,Traffic,7079395090,zaitratailor@example.org,2004,10,Hebbal Police Station,1,Bengaluru Urban,Active
100869,Chavvi Bali,Inspector,Traffic,6536717950,dubeymegha@example.com,1995,10,Hebbal Police Station,1,Bengaluru Urban,Active
100870,Baghyawati Radhakrishnan,Circle Inspector,Intelligence,+913319869553,kalajatin@example.org,2021,10,Hebbal Police Station,1,Bengaluru Urban,Active
100871,Daksha Mitra,Assistant Sub Inspector,Intelligence,+913157815709,omisha08@example.org,2008,10,Hebbal Police Station,1,Bengaluru Urban,Active
100872,Nidhi Sehgal,Inspector,Cyber Crime,+916128893176,khalsafarhan@example.com,2005,10,Hebbal Police Station,1,Bengaluru Urban,Active
100873,Anvi Varkey,Sub Inspector,Administration,9243787943,falan68@example.net,2011,10,Hebbal Police Station,1,Bengaluru Urban,Active
100874,Nathan Dash,Superintendent,Cyber Crime,7295173518,abeer92@example.com,2015,10,Hebbal Police Station,1,Bengaluru Urban,Active
100875,Onkar Parmer,Assistant Sub Inspector,Traffic,04610411772,hsridhar@example.net,2001,10,Hebbal Police Station,1,Bengaluru Urban,Active
100876,Brijesh Sarkar,Deputy Superintendent,Administration,02639341349,sinhavasatika@example.com,2016,10,Hebbal Police Station,1,Bengaluru Urban,Active
100877,Krisha Chada,Circle Inspector,Administration,02736956832,dubeomya@example.com,2017,10,Hebbal Police Station,1,Bengaluru Urban,Active
100878,Charles Chakraborty,Assistant Sub Inspector,Traffic,01046014620,robert84@example.net,2021,10,Hebbal Police Station,1,Bengaluru Urban,Active
100879,Aashi Gopal,Superintendent,Law & Order,+911686392371,gopallakshit@example.org,2002,10,Hebbal Police Station,1,Bengaluru Urban,Active
100880,Harrison Khalsa,Sub Inspector,Intelligence,9681586642,vargheserayaan@example.org,2007,10,Hebbal Police Station,1,Bengaluru Urban,Active
100881,Lakshmi Menon,Sub Inspector,Administration,+912869085657,benjaminsrinivas@example.org,2003,10,Hebbal Police Station,1,Bengaluru Urban,Active
100882,Jackson Dhaliwal,Police Constable,Traffic,7949574747,joshua33@example.com,2002,10,Hebbal Police Station,1,Bengaluru Urban,Active
100883,Janani Wable,Superintendent,Administration,9478451606,adayal@example.net,2000,10,Hebbal Police Station,1,Bengaluru Urban,Active
100884,Sai Dave,Superintendent,Administration,+912067588747,mason44@example.org,2012,11,Lashkar Police Station,2,Mysuru,Active
100885,Baljiwan Dara,Assistant Sub Inspector,Administration,08291363402,yashoda19@example.com,2002,11,Lashkar Police Station,2,Mysuru,Active
100886,Ekansh Bakshi,Assistant Sub Inspector,Cyber Crime,6809118169,zaitra21@example.net,2025,11,Lashkar Police Station,2,Mysuru,Active
100887,Oscar Bava,Head Constable,Traffic,3706038665,ekbal80@example.net,1995,11,Lashkar Police Station,2,Mysuru,Active
100888,Rachita Ghose,Assistant Sub Inspector,Cyber Crime,+917565919390,hegdezarna@example.net,2010,11,Lashkar Police Station,2,Mysuru,Active
100889,Reva Bera,Police Constable,Law & Order,+917596102081,neel98@example.org,2009,11,Lashkar Police Station,2,Mysuru,Active
100890,Indrajit Bhandari,Head Constable,Cyber Crime,0195518312,zashilcontractor@example.net,2020,11,Lashkar Police Station,2,Mysuru,Active
100891,Omisha Bandi,Superintendent,Administration,+911767324406,eiravatisaha@example.com,2023,11,Lashkar Police Station,2,Mysuru,Active
100892,Charita Sandal,Circle Inspector,Intelligence,+910828357362,duttadayita@example.net,1996,11,Lashkar Police Station,2,Mysuru,Active
100893,Chandani Khanna,Circle Inspector,Law & Order,09458732393,ylad@example.org,2011,11,Lashkar Police Station,2,Mysuru,Active
100894,Jonathan Barad,Inspector,Administration,00585031598,basuekaja@example.org,2009,11,Lashkar Police Station,2,Mysuru,Active
100895,Indrajit Arora,Deputy Superintendent,Cyber Crime,01703313015,onikhatri@example.org,2011,11,Lashkar Police Station,2,Mysuru,Active
100896,Balvan Chada,Sub Inspector,Crime,07104817880,gangabedi@example.org,2001,11,Lashkar Police Station,2,Mysuru,Active
100897,Chatura Deshpande,Sub Inspector,Crime,02173636769,meghakhurana@example.com,2025,11,Lashkar Police Station,2,Mysuru,Active
100898,Sanaya Sharaf,Head Constable,Cyber Crime,+910805319104,satheqadim@example.com,1996,11,Lashkar Police Station,2,Mysuru,Active
100899,Pahal Dasgupta,Assistant Sub Inspector,Administration,00367133661,bahadurjit93@example.org,2022,11,Lashkar Police Station,2,Mysuru,Active
100900,Rachit Nadig,Police Constable,Crime,+913906961252,nairfalak@example.net,2010,11,Lashkar Police Station,2,Mysuru,Active
100901,Harshil Sagar,Circle Inspector,Crime,0029077356,tanmayichokshi@example.net,1997,11,Lashkar Police Station,2,Mysuru,Active
100902,Gabriel Basu,Sub Inspector,Crime,6045775752,khannaishani@example.com,2008,11,Lashkar Police Station,2,Mysuru,Active
100903,Harrison Vasa,Police Constable,Intelligence,9101656729,obobal@example.net,1995,11,Lashkar Police Station,2,Mysuru,Active
100904,Ishanvi Dutta,Inspector,Crime,3273948976,kala40@example.com,2025,11,Lashkar Police Station,2,Mysuru,Active
100905,Jonathan Toor,Head Constable,Cyber Crime,5083735441,tchandra@example.org,2014,11,Lashkar Police Station,2,Mysuru,Active
100906,Advaith Khanna,Head Constable,Crime,5064526371,xwali@example.org,2024,11,Lashkar Police Station,2,Mysuru,Active
100907,Ikshita Rama,Circle Inspector,Traffic,6856290885,omisha85@example.org,2011,11,Lashkar Police Station,2,Mysuru,Active
100908,Vyanjana Hans,Assistant Sub Inspector,Crime,9872535994,tejas73@example.com,2019,11,Lashkar Police Station,2,Mysuru,Active
100909,Dayamai Kannan,Head Constable,Cyber Crime,+913007532708,chakrabartiadvay@example.net,2020,11,Lashkar Police Station,2,Mysuru,Active
100910,Kai Ratta,Sub Inspector,Law & Order,+917782766301,rajata49@example.com,2014,11,Lashkar Police Station,2,Mysuru,Active
100911,Lucky Badami,Circle Inspector,Administration,2668322833,dhaliwalguneet@example.com,1996,11,Lashkar Police Station,2,Mysuru,Active
100912,Rayaan Vyas,Superintendent,Law & Order,+911829107303,osood@example.com,1997,11,Lashkar Police Station,2,Mysuru,Active
100913,Maya Gaba,Police Constable,Law & Order,+913928198423,ubika80@example.com,2015,11,Lashkar Police Station,2,Mysuru,Active
100914,Ekani Amble,Inspector,Administration,+910838696516,nagirajeshri@example.org,2023,11,Lashkar Police Station,2,Mysuru,Active
100915,Michael Dhingra,Inspector,Law & Order,+919092219639,shahqabil@example.com,1995,11,Lashkar Police Station,2,Mysuru,Active
100916,Pranav Chokshi,Assistant Sub Inspector,Intelligence,+910593337135,kapureta@example.org,1996,11,Lashkar Police Station,2,Mysuru,Active
100917,Janya Murthy,Inspector,Traffic,+911115918247,dyalojas@example.org,2002,11,Lashkar Police Station,2,Mysuru,Active
100918,Saksham Kanda,Head Constable,Intelligence,01194449959,siddharthhari@example.net,2021,11,Lashkar Police Station,2,Mysuru,Active
100919,Bachittar Dewan,Superintendent,Cyber Crime,+911871448010,charan53@example.com,2009,11,Lashkar Police Station,2,Mysuru,Active
100920,Ethan Hari,Deputy Superintendent,Cyber Crime,0863010840,asachdev@example.net,2009,11,Lashkar Police Station,2,Mysuru,Active
100921,Odika Swaminathan,Head Constable,Intelligence,9160346938,chandran99@example.net,1998,11,Lashkar Police Station,2,Mysuru,Active
100922,David Om,Superintendent,Crime,8809213979,abiswas@example.org,2018,11,Lashkar Police Station,2,Mysuru,Active
100923,Niharika Mangal,Police Constable,Cyber Crime,+914793812839,omunshi@example.net,2017,11,Lashkar Police Station,2,Mysuru,Active
100924,Jonathan Varughese,Police Constable,Law & Order,02998735851,udyati51@example.com,2007,11,Lashkar Police Station,2,Mysuru,Active
100925,Jatin Sarna,Inspector,Traffic,03127089167,menonleena@example.com,2015,11,Lashkar Police Station,2,Mysuru,Active
100926,Daksha Peri,Deputy Superintendent,Intelligence,9706510519,vkothari@example.com,1998,11,Lashkar Police Station,2,Mysuru,Active
100927,Jyoti Chowdhury,Deputy Superintendent,Crime,6794752326,wahabvarkey@example.com,1996,11,Lashkar Police Station,2,Mysuru,Active
100928,Logan Dhillon,Head Constable,Law & Order,+916756195656,janyakakar@example.org,2022,11,Lashkar Police Station,2,Mysuru,Active
100929,Sai Narayan,Superintendent,Law & Order,+917520378462,zparmer@example.com,2024,11,Lashkar Police Station,2,Mysuru,Active
100930,Upkaar Bhatia,Head Constable,Cyber Crime,+919530120101,dhriti48@example.org,2013,11,Lashkar Police Station,2,Mysuru,Active
100931,Ekaraj Chander,Superintendent,Cyber Crime,+919386035267,salvibhavna@example.com,2019,11,Lashkar Police Station,2,Mysuru,Active
100932,Rachana Kannan,Superintendent,Intelligence,2131729730,gaganbalay@example.com,2008,11,Lashkar Police Station,2,Mysuru,Active
100933,Triveni Chaudhry,Deputy Superintendent,Crime,+917247571172,gabriel43@example.com,2002,11,Lashkar Police Station,2,Mysuru,Active
100934,Bishakha Tandon,Circle Inspector,Intelligence,03941710510,maanas45@example.net,2015,11,Lashkar Police Station,2,Mysuru,Active
100935,Leena Hayre,Inspector,Administration,+916563693672,nakshkhalsa@example.net,2010,11,Lashkar Police Station,2,Mysuru,Active
100936,Watika Suresh,Superintendent,Crime,+914757702342,andranicholas@example.org,2010,11,Lashkar Police Station,2,Mysuru,Active
100937,Mohini Dua,Inspector,Law & Order,+913376948460,gavin16@example.org,2010,11,Lashkar Police Station,2,Mysuru,Active
100938,Eiravati Loke,Sub Inspector,Traffic,08116679605,ukant@example.com,2017,11,Lashkar Police Station,2,Mysuru,Active
100939,Anirudh Wason,Superintendent,Law & Order,9023444168,dharhemal@example.net,2022,11,Lashkar Police Station,2,Mysuru,Active
100940,Bhanumati Bhatnagar,Police Constable,Law & Order,04226808903,kbassi@example.net,2015,11,Lashkar Police Station,2,Mysuru,Active
100941,Ati Pillay,Assistant Sub Inspector,Intelligence,+918532404809,rayaan94@example.com,2002,11,Lashkar Police Station,2,Mysuru,Active
100942,Theodore Contractor,Circle Inspector,Intelligence,+914791537561,irarao@example.com,2019,11,Lashkar Police Station,2,Mysuru,Active
100943,Mitesh Srivastava,Circle Inspector,Administration,9782878969,reva69@example.net,1998,11,Lashkar Police Station,2,Mysuru,Active
100944,Quincy Mander,Superintendent,Crime,+911946507341,yjayaraman@example.org,2018,11,Lashkar Police Station,2,Mysuru,Active
100945,Maanav Seshadri,Head Constable,Administration,+911580177326,devikakala@example.net,2024,11,Lashkar Police Station,2,Mysuru,Active
100946,Omisha Vala,Head Constable,Cyber Crime,+911723204976,ekanshnazareth@example.net,2022,11,Lashkar Police Station,2,Mysuru,Active
100947,Tanay Nadkarni,Assistant Sub Inspector,Cyber Crime,8210226543,warinder56@example.org,1996,11,Lashkar Police Station,2,Mysuru,Active
100948,Ojasvi Edwin,Head Constable,Traffic,08589396863,hshere@example.net,2017,11,Lashkar Police Station,2,Mysuru,Active
100949,Mitali Dutt,Head Constable,Crime,+915048759447,parmersimon@example.org,2012,11,Lashkar Police Station,2,Mysuru,Active
100950,Qabil Desai,Head Constable,Cyber Crime,+919947071637,upal@example.com,2003,11,Lashkar Police Station,2,Mysuru,Active
100951,Zinal Borde,Police Constable,Crime,7881958174,eesha95@example.com,2005,11,Lashkar Police Station,2,Mysuru,Active
100952,Rayaan Bora,Assistant Sub Inspector,Law & Order,02644287637,udarshbadal@example.org,2017,11,Lashkar Police Station,2,Mysuru,Active
100953,Owen Mishra,Police Constable,Administration,+917285295074,soniharini@example.com,1995,11,Lashkar Police Station,2,Mysuru,Active
100954,Idika Datta,Circle Inspector,Cyber Crime,+915696212858,saksham10@example.org,2010,11,Lashkar Police Station,2,Mysuru,Active
100955,Jack Deshmukh,Circle Inspector,Law & Order,9941920521,saanvi04@example.org,2003,11,Lashkar Police Station,2,Mysuru,Active
100956,Frado Bose,Head Constable,Intelligence,08553597915,keyagupta@example.org,2009,11,Lashkar Police Station,2,Mysuru,Active
100957,Lipika Dewan,Circle Inspector,Intelligence,4362842579,desaihenry@example.org,2018,11,Lashkar Police Station,2,Mysuru,Active
100958,Manbir Dewan,Circle Inspector,Traffic,+915208324440,mitesh86@example.net,1996,11,Lashkar Police Station,2,Mysuru,Active
100959,Frado Manda,Circle Inspector,Traffic,04540467187,wahabdhar@example.org,2001,11,Lashkar Police Station,2,Mysuru,Active
100960,Udarsh Madan,Sub Inspector,Cyber Crime,1059280152,tamanna71@example.net,2021,11,Lashkar Police Station,2,Mysuru,Active
100961,Wyatt Dhingra,Head Constable,Crime,03975359019,cheemaadweta@example.com,2011,11,Lashkar Police Station,2,Mysuru,Active
100962,Jonathan Jani,Superintendent,Law & Order,+912679403518,groverbimala@example.org,2020,11,Lashkar Police Station,2,Mysuru,Active
100963,Eta Ram,Deputy Superintendent,Cyber Crime,+914631056425,lucky37@example.com,1997,11,Lashkar Police Station,2,Mysuru,Active
100964,Wishi Agrawal,Head Constable,Intelligence,+918332431393,chakradevkorpal@example.net,1999,12,Nazarbad Police Station,2,Mysuru,Active
100965,Ekbal Amble,Police Constable,Intelligence,06470054461,vinaya57@example.org,2017,12,Nazarbad Police Station,2,Mysuru,Active
100966,Vedika Srinivas,Circle Inspector,Crime,09890898895,naksharya@example.net,2020,12,Nazarbad Police Station,2,Mysuru,Active
100967,Bhavna Mani,Assistant Sub Inspector,Traffic,+916594789892,chandani39@example.org,2022,12,Nazarbad Police Station,2,Mysuru,Active
100968,Janya Bir,Police Constable,Traffic,04743734709,nidhi94@example.org,1998,12,Nazarbad Police Station,2,Mysuru,Active
100969,Ranveer Kunda,Police Constable,Cyber Crime,0648782442,basakfaqid@example.com,2020,12,Nazarbad Police Station,2,Mysuru,Active
100970,Wishi Nadkarni,Assistant Sub Inspector,Intelligence,6979686034,aayush78@example.com,2021,12,Nazarbad Police Station,2,Mysuru,Active
100971,Ishanvi Deol,Assistant Sub Inspector,Cyber Crime,09498910105,aayush22@example.org,2024,12,Nazarbad Police Station,2,Mysuru,Active
100972,Ikshita Kara,Head Constable,Law & Order,06724833229,tzachariah@example.net,2011,12,Nazarbad Police Station,2,Mysuru,Active
100973,Yuvraj Bains,Head Constable,Intelligence,+914365803097,maniandrew@example.net,2013,12,Nazarbad Police Station,2,Mysuru,Active
100974,Anika Barad,Assistant Sub Inspector,Crime,01124446110,odikalad@example.net,2025,12,Nazarbad Police Station,2,Mysuru,Active
100975,Yashica Bawa,Inspector,Intelligence,01564070695,fsahni@example.org,2005,12,Nazarbad Police Station,2,Mysuru,Active
100976,Matthew Chaudhuri,Assistant Sub Inspector,Traffic,0550763118,ekantikasampath@example.net,2000,12,Nazarbad Police Station,2,Mysuru,Active
100977,Abha Raj,Head Constable,Law & Order,06085501316,pradhanneelima@example.net,2005,12,Nazarbad Police Station,2,Mysuru,Active
100978,Xiti Arora,Police Constable,Law & Order,00769883545,craghavan@example.net,2000,12,Nazarbad Police Station,2,Mysuru,Active
100979,Gagan Bava,Sub Inspector,Law & Order,05409881171,chandrankrishna@example.org,2025,12,Nazarbad Police Station,2,Mysuru,Active
100980,Dhriti Chopra,Superintendent,Traffic,09988167246,kotacharan@example.net,2004,12,Nazarbad Police Station,2,Mysuru,Active
100981,Umang Sangha,Inspector,Administration,03016680097,hemani88@example.org,2017,12,Nazarbad Police Station,2,Mysuru,Active
100982,Gavin Sathe,Circle Inspector,Intelligence,07152822533,zansivirk@example.org,2008,12,Nazarbad Police Station,2,Mysuru,Active
100983,Hritik Deep,Police Constable,Traffic,03405736653,luthranicholas@example.com,2012,12,Nazarbad Police Station,2,Mysuru,Active
100984,Bachittar Sidhu,Assistant Sub Inspector,Intelligence,02632702976,tdey@example.com,2007,12,Nazarbad Police Station,2,Mysuru,Active
100985,Zaitra Narasimhan,Circle Inspector,Crime,+918383981796,hemanijoshi@example.org,1996,12,Nazarbad Police Station,2,Mysuru,Active
100986,Brinda Kohli,Inspector,Law & Order,1309489353,samuelsetty@example.org,2022,12,Nazarbad Police Station,2,Mysuru,Active
100987,Pranav Venkataraman,Head Constable,Administration,05123222568,senjeevika@example.com,2002,12,Nazarbad Police Station,2,Mysuru,Active
100988,Hardik Ghosh,Police Constable,Cyber Crime,06437509143,chahaloviya@example.org,1998,12,Nazarbad Police Station,2,Mysuru,Active
100989,Laksh Varma,Police Constable,Traffic,06393092834,arinjohal@example.com,2010,12,Nazarbad Police Station,2,Mysuru,Active
100990,Hemangini Loyal,Superintendent,Law & Order,+914907963835,qushi06@example.net,2007,12,Nazarbad Police Station,2,Mysuru,Active
100991,Tripti Thakkar,Sub Inspector,Intelligence,2429514469,kabirbhalla@example.org,2021,12,Nazarbad Police Station,2,Mysuru,Active
100992,Oliver Pandya,Circle Inspector,Cyber Crime,9379715480,darshray@example.org,2021,12,Nazarbad Police Station,2,Mysuru,Active
100993,Anya Mitra,Inspector,Traffic,1986499552,noommen@example.net,2023,12,Nazarbad Police Station,2,Mysuru,Active
100994,Raghav Sarma,Inspector,Cyber Crime,01503004514,unninigam@example.net,2018,12,Nazarbad Police Station,2,Mysuru,Active
100995,Vamakshi Sama,Deputy Superintendent,Crime,+911900077135,xlad@example.org,2008,12,Nazarbad Police Station,2,Mysuru,Active
100996,Ridhi Venkatesh,Circle Inspector,Administration,2264280569,ltalwar@example.net,2017,12,Nazarbad Police Station,2,Mysuru,Active
100997,Hitesh Ratta,Superintendent,Intelligence,4647929205,qadim99@example.com,2010,12,Nazarbad Police Station,2,Mysuru,Active
100998,Wridesh Saxena,Deputy Superintendent,Law & Order,02298871183,parmerpranav@example.org,2009,12,Nazarbad Police Station,2,Mysuru,Active
100999,Viraj Radhakrishnan,Inspector,Law & Order,+915739874444,ekanta36@example.org,1997,12,Nazarbad Police Station,2,Mysuru,Active
101000,Divya Thakkar,Sub Inspector,Administration,+917612020521,mitrajacob@example.com,2025,12,Nazarbad Police Station,2,Mysuru,Active
101001,Zayan Pau,Police Constable,Administration,05193557702,nadkarnisamuel@example.org,2017,12,Nazarbad Police Station,2,Mysuru,Active
101002,Upadhriti Shroff,Circle Inspector,Cyber Crime,2075807918,tkakar@example.com,2011,12,Nazarbad Police Station,2,Mysuru,Active
101003,Nilima Bhat,Head Constable,Intelligence,+913962224845,mgole@example.net,2014,12,Nazarbad Police Station,2,Mysuru,Active
101004,Arin Sathe,Head Constable,Traffic,9884096353,omkaargrewal@example.com,2006,12,Nazarbad Police Station,2,Mysuru,Active
101005,Zarna Jhaveri,Assistant Sub Inspector,Crime,5293030031,tandonfariq@example.net,2008,12,Nazarbad Police Station,2,Mysuru,Active
101006,Amaira Chad,Circle Inspector,Traffic,+913487492907,zparmar@example.net,2007,12,Nazarbad Police Station,2,Mysuru,Active
101007,Meghana Badal,Head Constable,Crime,00949706791,harshnarula@example.net,2004,12,Nazarbad Police Station,2,Mysuru,Active
101008,Omkaar Choudhury,Deputy Superintendent,Law & Order,03676369030,amara70@example.com,2005,12,Nazarbad Police Station,2,Mysuru,Active
101009,Udant Thaman,Superintendent,Crime,00162465421,alexandersalvi@example.net,2011,12,Nazarbad Police Station,2,Mysuru,Active
101010,Neha Thaman,Superintendent,Traffic,+914765958593,banjeet90@example.net,2004,12,Nazarbad Police Station,2,Mysuru,Active
101011,Jalsa Narain,Circle Inspector,Crime,2256110411,urishilla11@example.org,2015,12,Nazarbad Police Station,2,Mysuru,Active
101012,Om Varty,Superintendent,Cyber Crime,+912441146674,gandhiyashoda@example.net,2008,12,Nazarbad Police Station,2,Mysuru,Active
101013,Isha Pall,Sub Inspector,Administration,04630193433,zpandit@example.net,1998,12,Nazarbad Police Station,2,Mysuru,Active
101014,Gautami Sheth,Head Constable,Traffic,08698391363,edugar@example.com,2011,12,Nazarbad Police Station,2,Mysuru,Active
101015,Urvi More,Superintendent,Administration,0511628558,bhanumati73@example.com,1999,12,Nazarbad Police Station,2,Mysuru,Active
101016,Shivani Shankar,Deputy Superintendent,Cyber Crime,02967905860,kavya14@example.org,2021,12,Nazarbad Police Station,2,Mysuru,Active
101017,Patrick Rattan,Superintendent,Administration,04785261038,rachitratta@example.org,2007,12,Nazarbad Police Station,2,Mysuru,Active
101018,Kiaan Peri,Circle Inspector,Traffic,9069514426,dewanrehaan@example.net,2002,12,Nazarbad Police Station,2,Mysuru,Active
101019,Pahal Thakur,Inspector,Law & Order,+917814966418,qlalla@example.org,2001,12,Nazarbad Police Station,2,Mysuru,Active
101020,Sarthak Wali,Inspector,Administration,2611840211,enarasimhan@example.org,2024,12,Nazarbad Police Station,2,Mysuru,Active
101021,Umang Ram,Deputy Superintendent,Administration,01423220677,bachittarbhatia@example.com,1996,12,Nazarbad Police Station,2,Mysuru,Active
101022,Onveer Kant,Superintendent,Crime,+916713102336,karpemanthan@example.com,2021,12,Nazarbad Police Station,2,Mysuru,Active
101023,Watika Gopal,Sub Inspector,Cyber Crime,4012623801,epadmanabhan@example.org,2010,12,Nazarbad Police Station,2,Mysuru,Active
101024,Oscar Kota,Inspector,Law & Order,03613111466,prashadharshil@example.com,2023,12,Nazarbad Police Station,2,Mysuru,Active
101025,Krisha Borah,Police Constable,Administration,00539815240,dasindali@example.com,2022,12,Nazarbad Police Station,2,Mysuru,Active
101026,Maanav Agarwal,Inspector,Cyber Crime,01605057614,epant@example.net,2010,12,Nazarbad Police Station,2,Mysuru,Active
101027,Omaja Sampath,Police Constable,Crime,+916725892998,pushti31@example.org,2009,12,Nazarbad Police Station,2,Mysuru,Active
101028,Alexander Zachariah,Sub Inspector,Administration,9756179090,khalsakrisha@example.net,2009,12,Nazarbad Police Station,2,Mysuru,Active
101029,Madhav Thakkar,Head Constable,Cyber Crime,+913008394291,pamble@example.org,1999,12,Nazarbad Police Station,2,Mysuru,Active
101030,Laksh Sastry,Police Constable,Traffic,+918152631134,ucchallala@example.com,2016,12,Nazarbad Police Station,2,Mysuru,Active
101031,Janya Parekh,Circle Inspector,Crime,+917491645131,rsandal@example.com,2007,12,Nazarbad Police Station,2,Mysuru,Active
101032,Ekiya Kulkarni,Superintendent,Intelligence,+915511807268,dugaldhruv@example.org,2006,12,Nazarbad Police Station,2,Mysuru,Active
101033,Agastya Ravi,Assistant Sub Inspector,Law & Order,5988644514,manyadora@example.com,1995,12,Nazarbad Police Station,2,Mysuru,Active
101034,Sneha Modi,Circle Inspector,Traffic,3203755212,nigamxalak@example.org,2012,12,Nazarbad Police Station,2,Mysuru,Active
101035,Umang Yohannan,Sub Inspector,Traffic,02100821926,bhavikakannan@example.org,1998,12,Nazarbad Police Station,2,Mysuru,Active
101036,Anmol Palla,Inspector,Crime,2864741198,ckata@example.net,2007,12,Nazarbad Police Station,2,Mysuru,Active
101037,Vasatika Kakar,Deputy Superintendent,Crime,+911758270809,neelimamody@example.net,2015,12,Nazarbad Police Station,2,Mysuru,Active
101038,Yug Subramanian,Head Constable,Intelligence,09629717413,kundaria@example.net,2000,12,Nazarbad Police Station,2,Mysuru,Active
101039,Ubika Bora,Head Constable,Traffic,+919131232015,wpandit@example.org,2004,12,Nazarbad Police Station,2,Mysuru,Active
101040,David Lad,Circle Inspector,Cyber Crime,0207175909,akshaylala@example.net,1998,12,Nazarbad Police Station,2,Mysuru,Active
101041,Jeet Khalsa,Police Constable,Administration,+914253025176,ishwar01@example.org,1995,12,Nazarbad Police Station,2,Mysuru,Active
101042,George Ramakrishnan,Assistant Sub Inspector,Law & Order,08283367335,kkhalsa@example.net,2025,12,Nazarbad Police Station,2,Mysuru,Active
101043,Orinder Sanghvi,Inspector,Administration,05050587714,adya71@example.net,1998,12,Nazarbad Police Station,2,Mysuru,Active
101044,Tanveer Zachariah,Assistant Sub Inspector,Intelligence,9947195959,tripathiyatan@example.org,2010,12,Nazarbad Police Station,2,Mysuru,Active
101045,Eesha More,Deputy Superintendent,Traffic,03407294263,rayaditya@example.org,2002,12,Nazarbad Police Station,2,Mysuru,Active
101046,Unni Krishnamurthy,Police Constable,Administration,09082833000,kamdaraarav@example.org,1996,12,Nazarbad Police Station,2,Mysuru,Active
101047,Netra Mutti,Police Constable,Administration,2492890518,unadig@example.org,2001,12,Nazarbad Police Station,2,Mysuru,Active
101048,Zehaan Bhatia,Police Constable,Administration,08707051946,gavin24@example.org,1996,12,Nazarbad Police Station,2,Mysuru,Active
101049,Ubika Talwar,Inspector,Law & Order,+918284134024,egrover@example.net,2014,12,Nazarbad Police Station,2,Mysuru,Active
101050,Vivaan Arora,Superintendent,Intelligence,3304291519,wardavenkataraman@example.com,1996,12,Nazarbad Police Station,2,Mysuru,Active
101051,Ekanta Mital,Assistant Sub Inspector,Intelligence,06938367824,yash22@example.com,2013,12,Nazarbad Police Station,2,Mysuru,Active
101052,Vasatika Kumar,Circle Inspector,Intelligence,+910329063856,anya51@example.org,1998,12,Nazarbad Police Station,2,Mysuru,Active
101053,Aahana Bali,Inspector,Traffic,0587491636,liam36@example.com,2009,12,Nazarbad Police Station,2,Mysuru,Active
101054,Darika Bera,Police Constable,Law & Order,+919687198473,ahujamatthew@example.org,2022,12,Nazarbad Police Station,2,Mysuru,Active
101055,Arjun Korpal,Assistant Sub Inspector,Intelligence,0089666857,fmohan@example.org,2010,12,Nazarbad Police Station,2,Mysuru,Active
101056,Isaac Warrior,Assistant Sub Inspector,Crime,+915470492408,janyaravi@example.com,2017,12,Nazarbad Police Station,2,Mysuru,Active
101057,Frado Sharma,Superintendent,Administration,+914265212762,varshapatla@example.com,1998,13,Vijayanagar Police Station,2,Mysuru,Active
101058,Dalbir Bajwa,Head Constable,Crime,05315066828,peter22@example.org,2002,13,Vijayanagar Police Station,2,Mysuru,Active
101059,Jagvi Dada,Inspector,Administration,+910111603501,sabharwalamaira@example.org,1995,13,Vijayanagar Police Station,2,Mysuru,Active
101060,Nandini Kalita,Circle Inspector,Administration,06638298977,nagijeremiah@example.net,2017,13,Vijayanagar Police Station,2,Mysuru,Active
101061,Sneha Bains,Superintendent,Crime,4867224324,leela87@example.net,2012,13,Vijayanagar Police Station,2,Mysuru,Active
101062,Jairaj Loke,Assistant Sub Inspector,Crime,3846004361,duttvinaya@example.org,2002,13,Vijayanagar Police Station,2,Mysuru,Active
101063,Qasim Bajwa,Police Constable,Administration,3143224157,oviyalad@example.com,2016,13,Vijayanagar Police Station,2,Mysuru,Active
101064,Yachana Talwar,Deputy Superintendent,Intelligence,2019707678,dhilloncharan@example.org,2023,13,Vijayanagar Police Station,2,Mysuru,Active
101065,Hamsini Varty,Sub Inspector,Administration,2161977645,qushigara@example.org,2005,13,Vijayanagar Police Station,2,Mysuru,Active
101066,Mohini Patel,Assistant Sub Inspector,Cyber Crime,02473793798,darikabandi@example.com,2011,13,Vijayanagar Police Station,2,Mysuru,Active
101067,Bhanumati Verma,Deputy Superintendent,Law & Order,7554080499,fitan67@example.net,2024,13,Vijayanagar Police Station,2,Mysuru,Active
101068,Mitesh Bahl,Police Constable,Administration,04893721571,dayalbakhshi@example.net,2006,13,Vijayanagar Police Station,2,Mysuru,Active
101069,Samar Vig,Police Constable,Cyber Crime,07562417245,zdave@example.net,2001,13,Vijayanagar Police Station,2,Mysuru,Active
101070,Wriddhish Batra,Sub Inspector,Intelligence,03393179801,xswaminathan@example.com,2014,13,Vijayanagar Police Station,2,Mysuru,Active
101071,Isha Cherian,Head Constable,Administration,1727658046,mnatarajan@example.com,2025,13,Vijayanagar Police Station,2,Mysuru,Active
101072,Jasmit Viswanathan,Superintendent,Traffic,6473995855,hhans@example.net,2000,13,Vijayanagar Police Station,2,Mysuru,Active
101073,Harshil Mitra,Circle Inspector,Law & Order,+915246829545,wahab84@example.com,2008,13,Vijayanagar Police Station,2,Mysuru,Active
101074,Neelima Chaudhuri,Deputy Superintendent,Administration,+913525444084,hbajaj@example.net,2019,13,Vijayanagar Police Station,2,Mysuru,Active
101075,Vanya Khurana,Assistant Sub Inspector,Crime,6822737091,madhavisood@example.com,2008,13,Vijayanagar Police Station,2,Mysuru,Active
101076,Hredhaan Rama,Assistant Sub Inspector,Law & Order,01765299559,gjayaraman@example.com,2015,13,Vijayanagar Police Station,2,Mysuru,Active
101077,George Chad,Inspector,Crime,00857192347,ldewan@example.net,2015,13,Vijayanagar Police Station,2,Mysuru,Active
101078,Gautami Karpe,Deputy Superintendent,Cyber Crime,+911079699999,rayaandora@example.com,2024,13,Vijayanagar Police Station,2,Mysuru,Active
101079,Aarush Oak,Superintendent,Crime,+917512281057,damini06@example.net,2010,13,Vijayanagar Police Station,2,Mysuru,Active
101080,Lopa Rout,Police Constable,Administration,5017630748,iyerhema@example.com,2005,13,Vijayanagar Police Station,2,Mysuru,Active
101081,Hema Khanna,Circle Inspector,Cyber Crime,6522960201,vyanjana38@example.com,1995,13,Vijayanagar Police Station,2,Mysuru,Active
101082,Gabriel Saini,Police Constable,Cyber Crime,+919712197988,behldaksh@example.net,2009,13,Vijayanagar Police Station,2,Mysuru,Active
101083,Yashodhara Solanki,Deputy Superintendent,Cyber Crime,4450152873,odika38@example.net,2013,13,Vijayanagar Police Station,2,Mysuru,Active
101084,Lopa Cherian,Sub Inspector,Cyber Crime,0197750531,madhavi83@example.org,2013,13,Vijayanagar Police Station,2,Mysuru,Active
101085,Dhriti Garg,Head Constable,Crime,+910663768495,advaithlala@example.net,2002,13,Vijayanagar Police Station,2,Mysuru,Active
101086,Sara Sood,Sub Inspector,Law & Order,3273011825,kritikasaxena@example.net,2013,13,Vijayanagar Police Station,2,Mysuru,Active
101087,Ekalinga Toor,Inspector,Crime,+914388790994,routfrado@example.net,2016,13,Vijayanagar Police Station,2,Mysuru,Active
101088,Ishani Manne,Inspector,Intelligence,+918846965849,pmody@example.org,2021,13,Vijayanagar Police Station,2,Mysuru,Active
101089,Ubika Shetty,Inspector,Crime,0968163541,sahniinaya@example.org,1997,13,Vijayanagar Police Station,2,Mysuru,Active
101090,Ucchal Dhillon,Police Constable,Administration,00233068172,plall@example.com,2022,13,Vijayanagar Police Station,2,Mysuru,Active
101091,Netra Kant,Police Constable,Cyber Crime,03043711461,lwalia@example.net,1998,13,Vijayanagar Police Station,2,Mysuru,Active
101092,Luke Arora,Assistant Sub Inspector,Cyber Crime,+912911178714,abail@example.org,2012,13,Vijayanagar Police Station,2,Mysuru,Active
101093,Dalaja Palla,Assistant Sub Inspector,Administration,+913420581682,krishvanya@example.org,2014,13,Vijayanagar Police Station,2,Mysuru,Active
101094,Suhani Gupta,Inspector,Law & Order,+911098303498,fariqgade@example.net,1997,13,Vijayanagar Police Station,2,Mysuru,Active
101095,Qasim Dhawan,Inspector,Administration,+912140356256,ydas@example.com,2019,13,Vijayanagar Police Station,2,Mysuru,Active
101096,Falak Behl,Sub Inspector,Intelligence,+918319981315,hayreekalinga@example.com,2024,13,Vijayanagar Police Station,2,Mysuru,Active
101097,Chanchal Padmanabhan,Inspector,Law & Order,6335083091,chatresh42@example.org,2015,13,Vijayanagar Police Station,2,Mysuru,Active
101098,Abha Sengupta,Circle Inspector,Crime,08208594460,bhavna58@example.com,2024,13,Vijayanagar Police Station,2,Mysuru,Active
101099,Barkha Dasgupta,Deputy Superintendent,Administration,5415948825,qasim70@example.com,2020,13,Vijayanagar Police Station,2,Mysuru,Active
101100,Nicholas Suresh,Superintendent,Administration,+915001897943,hredhaangade@example.com,2005,13,Vijayanagar Police Station,2,Mysuru,Active
101101,Oliver Hora,Sub Inspector,Administration,04862002841,zmunshi@example.org,2001,13,Vijayanagar Police Station,2,Mysuru,Active
101102,Falak Mangat,Police Constable,Traffic,03328286686,kurianudarsh@example.org,2000,13,Vijayanagar Police Station,2,Mysuru,Active
101103,Sara Sekhon,Assistant Sub Inspector,Traffic,06927447084,jpalla@example.net,2019,13,Vijayanagar Police Station,2,Mysuru,Active
101104,Chakradhar Raval,Assistant Sub Inspector,Intelligence,4643384522,triyanagy@example.com,2020,13,Vijayanagar Police Station,2,Mysuru,Active
101105,Vritti Anand,Deputy Superintendent,Crime,7838310730,anazareth@example.com,2003,13,Vijayanagar Police Station,2,Mysuru,Active
101106,Nathan Mistry,Sub Inspector,Intelligence,5192794133,ekiyabava@example.net,2025,13,Vijayanagar Police Station,2,Mysuru,Active
101107,Gunbir Khalsa,Deputy Superintendent,Traffic,03879671881,ayaanmukherjee@example.org,2019,13,Vijayanagar Police Station,2,Mysuru,Active
101108,Bahadurjit Varty,Police Constable,Crime,04154400841,praneel20@example.org,2011,13,Vijayanagar Police Station,2,Mysuru,Active
101109,Lakshmi Chandran,Head Constable,Cyber Crime,4744395025,ysrivastava@example.org,2008,13,Vijayanagar Police Station,2,Mysuru,Active
101110,Jackson Thakur,Assistant Sub Inspector,Law & Order,1960846174,rajwriddhish@example.com,2025,13,Vijayanagar Police Station,2,Mysuru,Active
101111,Owen Bhakta,Assistant Sub Inspector,Administration,01588779027,kalanetra@example.org,2025,13,Vijayanagar Police Station,2,Mysuru,Active
101112,Utkarsh Patla,Inspector,Intelligence,2862255753,nathan47@example.com,2007,13,Vijayanagar Police Station,2,Mysuru,Active
101113,Ishaan Chada,Superintendent,Crime,+918445399137,jagdish61@example.net,2008,13,Vijayanagar Police Station,2,Mysuru,Active
101114,Tanmayi Sinha,Assistant Sub Inspector,Cyber Crime,09706658418,charlesmital@example.org,2012,13,Vijayanagar Police Station,2,Mysuru,Active
101115,Xalak Choudhary,Circle Inspector,Law & Order,8590620289,pkibe@example.net,2004,13,Vijayanagar Police Station,2,Mysuru,Active
101116,Chakradev Bhargava,Inspector,Crime,+919504796825,smohanty@example.net,2005,13,Vijayanagar Police Station,2,Mysuru,Active
101117,Maanas Sekhon,Assistant Sub Inspector,Administration,08343540534,aiyer@example.org,2015,13,Vijayanagar Police Station,2,Mysuru,Active
101118,Ekanta Dash,Inspector,Administration,9293467472,rnarayanan@example.net,2023,13,Vijayanagar Police Station,2,Mysuru,Active
101119,Rohan Kant,Superintendent,Administration,0644869253,saranamara@example.com,2009,14,Mysuru South Police Station,2,Mysuru,Active
101120,Elijah Chandran,Inspector,Crime,+915327688122,abhabahl@example.org,2005,14,Mysuru South Police Station,2,Mysuru,Active
101121,Upma Chand,Deputy Superintendent,Traffic,+919940504977,chaudharivarenya@example.com,1996,14,Mysuru South Police Station,2,Mysuru,Active
101122,Siya Divan,Police Constable,Law & Order,+919289927994,xalakbhardwaj@example.org,2018,14,Mysuru South Police Station,2,Mysuru,Active
101123,Ekansh Palla,Assistant Sub Inspector,Law & Order,00449672361,diyadesai@example.net,2020,14,Mysuru South Police Station,2,Mysuru,Active
101124,Saanvi Pandey,Assistant Sub Inspector,Traffic,7945473319,kannanharita@example.org,2020,14,Mysuru South Police Station,2,Mysuru,Active
101125,Gagan Thaman,Circle Inspector,Traffic,+919199417498,frederickdewan@example.org,1995,14,Mysuru South Police Station,2,Mysuru,Active
101126,Jagat Jani,Assistant Sub Inspector,Intelligence,03262397959,omkaarrajagopal@example.net,1997,14,Mysuru South Police Station,2,Mysuru,Active
101127,Ayush Dugar,Sub Inspector,Law & Order,09182681694,aashikeer@example.com,2004,14,Mysuru South Police Station,2,Mysuru,Active
101128,Rajeshri Doctor,Inspector,Cyber Crime,5128576319,wsen@example.com,2004,14,Mysuru South Police Station,2,Mysuru,Active
101129,Priya Narayanan,Superintendent,Cyber Crime,+911882125625,saumyayohannan@example.com,2012,14,Mysuru South Police Station,2,Mysuru,Active
101130,Sanaya Chopra,Deputy Superintendent,Traffic,03369409398,zayyan85@example.com,2015,14,Mysuru South Police Station,2,Mysuru,Active
101131,Zayyan Muni,Deputy Superintendent,Law & Order,9925483875,sehgaltara@example.net,2003,14,Mysuru South Police Station,2,Mysuru,Active
101132,Nirja Modi,Sub Inspector,Traffic,+914488814829,bahrimaanas@example.org,2014,14,Mysuru South Police Station,2,Mysuru,Active
101133,Oni Ramakrishnan,Inspector,Administration,04270371174,gunbirmand@example.com,2020,14,Mysuru South Police Station,2,Mysuru,Active
101134,Rishi Bobal,Deputy Superintendent,Law & Order,+912405802980,ethan64@example.com,1998,14,Mysuru South Police Station,2,Mysuru,Active
101135,Odika Bose,Head Constable,Traffic,3664109458,ekantagoswami@example.com,2013,14,Mysuru South Police Station,2,Mysuru,Active
101136,Nikita Pillay,Police Constable,Law & Order,0304698579,shroffxavier@example.net,2017,14,Mysuru South Police Station,2,Mysuru,Active
101137,Eshana Ram,Assistant Sub Inspector,Crime,07059038519,oakyahvi@example.org,2020,14,Mysuru South Police Station,2,Mysuru,Active
101138,Radhika Rege,Police Constable,Intelligence,+915247619663,mahalamol@example.org,2020,14,Mysuru South Police Station,2,Mysuru,Active
101139,Fiyaz Prakash,Superintendent,Administration,+919727185895,jagdish85@example.org,2025,14,Mysuru South Police Station,2,Mysuru,Active
101140,Ekiya Gade,Assistant Sub Inspector,Crime,01937339378,odoshi@example.net,2018,14,Mysuru South Police Station,2,Mysuru,Active
101141,Henry Choudhry,Circle Inspector,Crime,8239780982,oni77@example.com,2009,14,Mysuru South Police Station,2,Mysuru,Active
101142,Eiravati Borde,Deputy Superintendent,Administration,+918791813982,advikapandit@example.org,2016,14,Mysuru South Police Station,2,Mysuru,Active
101143,Charvi Ratti,Inspector,Traffic,5355240711,sureshadvik@example.net,1997,14,Mysuru South Police Station,2,Mysuru,Active
101144,Hredhaan Guha,Inspector,Administration,5345825783,radhakrishnanraksha@example.com,2016,14,Mysuru South Police Station,2,Mysuru,Active
101145,Ekaja Rama,Head Constable,Intelligence,0410534802,fbassi@example.net,2003,14,Mysuru South Police Station,2,Mysuru,Active
101146,Anita Sethi,Assistant Sub Inspector,Administration,+913555859360,oshenoy@example.net,2001,14,Mysuru South Police Station,2,Mysuru,Active
101147,Aditya Bhagat,Assistant Sub Inspector,Administration,5527588869,wishi07@example.com,2012,14,Mysuru South Police Station,2,Mysuru,Active
101148,Rudra Sane,Police Constable,Traffic,+916871943774,amol26@example.org,2025,14,Mysuru South Police Station,2,Mysuru,Active
101149,Janaki Dewan,Police Constable,Traffic,02018357287,bhavikarout@example.net,2022,14,Mysuru South Police Station,2,Mysuru,Active
101150,Neelima Seshadri,Inspector,Cyber Crime,5121769057,danne@example.com,2002,14,Mysuru South Police Station,2,Mysuru,Active
101151,Urmi Balakrishnan,Inspector,Cyber Crime,4056122632,ayushchacko@example.com,2010,14,Mysuru South Police Station,2,Mysuru,Active
101152,Yatan Sane,Inspector,Cyber Crime,08955865396,isaraf@example.net,1998,14,Mysuru South Police Station,2,Mysuru,Active
101153,Manbir Talwar,Police Constable,Law & Order,+917857779992,ishanichandra@example.com,1999,14,Mysuru South Police Station,2,Mysuru,Active
101154,Netra Patel,Assistant Sub Inspector,Intelligence,08220644776,caleb71@example.com,2022,14,Mysuru South Police Station,2,Mysuru,Active
101155,Ekanta Doctor,Deputy Superintendent,Crime,04755215725,oganguly@example.net,2003,14,Mysuru South Police Station,2,Mysuru,Active
101156,Yatin Mohanty,Inspector,Administration,5383525400,lpuri@example.net,1997,14,Mysuru South Police Station,2,Mysuru,Active
101157,Dayita Dubey,Circle Inspector,Traffic,01884575978,ira90@example.org,2010,14,Mysuru South Police Station,2,Mysuru,Active
101158,Ikbal Dixit,Deputy Superintendent,Administration,3449642294,osha95@example.com,1995,14,Mysuru South Police Station,2,Mysuru,Active
101159,Logan Sood,Deputy Superintendent,Traffic,05983190190,cbali@example.net,2010,14,Mysuru South Police Station,2,Mysuru,Active
101160,Farhan Narain,Circle Inspector,Traffic,6120796891,morarpavani@example.org,2005,14,Mysuru South Police Station,2,Mysuru,Active
101161,Robert Tripathi,Sub Inspector,Cyber Crime,09917994975,dayitatoor@example.net,2012,14,Mysuru South Police Station,2,Mysuru,Active
101162,Adya Lad,Circle Inspector,Crime,9843647960,bhatiabalhaar@example.com,2005,14,Mysuru South Police Station,2,Mysuru,Active
101163,Shivansh Varghese,Police Constable,Crime,7656648950,oratta@example.com,2012,14,Mysuru South Police Station,2,Mysuru,Active
101164,Rudra Mallick,Police Constable,Law & Order,+911392001500,xviswanathan@example.net,2016,14,Mysuru South Police Station,2,Mysuru,Active
101165,Manan Devan,Circle Inspector,Traffic,7626532623,neel28@example.com,2013,14,Mysuru South Police Station,2,Mysuru,Active
101166,Triveni Sundaram,Superintendent,Cyber Crime,05668549051,kuruvillalakshit@example.com,2007,14,Mysuru South Police Station,2,Mysuru,Active
101167,Gunbir Mody,Police Constable,Traffic,1072779620,tanmayi71@example.com,2009,14,Mysuru South Police Station,2,Mysuru,Active
101168,Ishanvi Mody,Assistant Sub Inspector,Crime,00614813383,lrege@example.org,2014,14,Mysuru South Police Station,2,Mysuru,Active
101169,Ekantika Narayan,Deputy Superintendent,Traffic,+916389655779,bbatta@example.net,2021,14,Mysuru South Police Station,2,Mysuru,Active
101170,Ubika Parikh,Sub Inspector,Intelligence,+910173859559,malhotrajeevika@example.org,2000,14,Mysuru South Police Station,2,Mysuru,Active
101171,Lakshmi Parsa,Circle Inspector,Administration,+912102731702,vkhatri@example.org,2001,14,Mysuru South Police Station,2,Mysuru,Active
101172,Kai Tailor,Sub Inspector,Crime,02094225725,sandalojasvi@example.com,2001,14,Mysuru South Police Station,2,Mysuru,Active
101173,Faras Brahmbhatt,Head Constable,Intelligence,8087259782,bhavsarbalvan@example.com,1997,14,Mysuru South Police Station,2,Mysuru,Active
101174,Oni Kadakia,Police Constable,Cyber Crime,08032381783,chatreshlanka@example.org,2003,14,Mysuru South Police Station,2,Mysuru,Active
101175,Rehaan Sani,Assistant Sub Inspector,Intelligence,05583085459,baligauri@example.com,2019,14,Mysuru South Police Station,2,Mysuru,Active
101176,Tanish Kari,Assistant Sub Inspector,Intelligence,+910605356180,mmagar@example.org,2013,14,Mysuru South Police Station,2,Mysuru,Active
101177,Odika Puri,Inspector,Intelligence,+915775132093,samuel47@example.net,2006,14,Mysuru South Police Station,2,Mysuru,Active
101178,Pranav Boase,Head Constable,Law & Order,8275127878,vamakshi08@example.org,2016,14,Mysuru South Police Station,2,Mysuru,Active
101179,Chatura Bali,Deputy Superintendent,Law & Order,0808652893,apal@example.org,2024,14,Mysuru South Police Station,2,Mysuru,Active
101180,Zinal Upadhyay,Police Constable,Intelligence,2219056411,sameshdixit@example.org,2002,15,Mysuru East Police Station,2,Mysuru,Active
101181,Jeet Borra,Deputy Superintendent,Crime,+914593180476,krishagola@example.com,2018,15,Mysuru East Police Station,2,Mysuru,Active
101182,Aadhya Rao,Assistant Sub Inspector,Cyber Crime,+916664996416,khatrisamaksh@example.org,2004,15,Mysuru East Police Station,2,Mysuru,Active
101183,Yoshita Jhaveri,Inspector,Law & Order,8411979225,gunbir12@example.org,2013,15,Mysuru East Police Station,2,Mysuru,Active
101184,Zaitra Nadig,Deputy Superintendent,Law & Order,2489563931,ucchal19@example.org,2008,15,Mysuru East Police Station,2,Mysuru,Active
101185,Lajita Sawhney,Police Constable,Crime,5092879391,isaha@example.com,1996,15,Mysuru East Police Station,2,Mysuru,Active
101186,Reva Chaudhry,Assistant Sub Inspector,Law & Order,06427123968,dugarvyanjana@example.org,2022,15,Mysuru East Police Station,2,Mysuru,Active
101187,Gautami Yogi,Inspector,Crime,6633813963,forumguha@example.com,2003,15,Mysuru East Police Station,2,Mysuru,Active
101188,George Batta,Deputy Superintendent,Crime,5611087912,xaviersarin@example.net,2015,15,Mysuru East Police Station,2,Mysuru,Active
101189,Jeevika Loke,Police Constable,Crime,09368314776,nimratwarrior@example.org,1997,15,Mysuru East Police Station,2,Mysuru,Active
101190,Meera Nayar,Police Constable,Administration,+914691175489,bprabhakar@example.net,2013,15,Mysuru East Police Station,2,Mysuru,Active
101191,Vedika Banerjee,Superintendent,Intelligence,0331557107,nayakbhavya@example.com,2009,15,Mysuru East Police Station,2,Mysuru,Active
101192,Udarsh Gour,Assistant Sub Inspector,Law & Order,07069063957,anatarajan@example.net,2009,15,Mysuru East Police Station,2,Mysuru,Active
101193,Vedant Mody,Circle Inspector,Administration,06035547539,narangaishani@example.net,2016,15,Mysuru East Police Station,2,Mysuru,Active
101194,Mitali Buch,Assistant Sub Inspector,Law & Order,+918725269814,wbalay@example.com,2024,15,Mysuru East Police Station,2,Mysuru,Active
101195,Unni Ray,Police Constable,Intelligence,6712150696,mchandra@example.com,2011,15,Mysuru East Police Station,2,Mysuru,Active
101196,Tejas Shanker,Sub Inspector,Crime,+916531336942,rajanicholas@example.com,2022,15,Mysuru East Police Station,2,Mysuru,Active
101197,Christopher Pingle,Police Constable,Cyber Crime,+915225800559,aarnav99@example.net,2014,15,Mysuru East Police Station,2,Mysuru,Active
101198,Yug Majumdar,Superintendent,Administration,07016692213,emani@example.net,2022,15,Mysuru East Police Station,2,Mysuru,Active
101199,Ekiya Sani,Deputy Superintendent,Administration,+914556511677,doctorvasatika@example.com,2006,15,Mysuru East Police Station,2,Mysuru,Active
101200,Deepa Deol,Superintendent,Law & Order,7082998091,banjeetsamra@example.com,2021,15,Mysuru East Police Station,2,Mysuru,Active
101201,Abeer Kaur,Police Constable,Law & Order,05088147534,nigamyashoda@example.net,2004,15,Mysuru East Police Station,2,Mysuru,Active
101202,Arin Deol,Inspector,Intelligence,+912725615778,warda03@example.com,2011,15,Mysuru East Police Station,2,Mysuru,Active
101203,Aashi D’Alia,Assistant Sub Inspector,Crime,06421501266,xchadha@example.net,2015,15,Mysuru East Police Station,2,Mysuru,Active
101204,Yoshita Walla,Sub Inspector,Intelligence,+914260621546,magarmatthew@example.com,2018,15,Mysuru East Police Station,2,Mysuru,Active
101205,Yashvi Ramesh,Sub Inspector,Traffic,+911503029939,nmisra@example.com,2022,15,Mysuru East Police Station,2,Mysuru,Active
101206,Deepa Pall,Circle Inspector,Cyber Crime,7037278984,ksheth@example.org,2000,15,Mysuru East Police Station,2,Mysuru,Active
101207,Arya Kalla,Sub Inspector,Law & Order,9360399962,dgoswami@example.org,1996,15,Mysuru East Police Station,2,Mysuru,Active
101208,Joshua Shenoy,Assistant Sub Inspector,Intelligence,+916162831759,amaira77@example.net,2022,15,Mysuru East Police Station,2,Mysuru,Active
101209,Andrew Jayaraman,Assistant Sub Inspector,Cyber Crime,03211780087,liamnayak@example.net,2024,15,Mysuru East Police Station,2,Mysuru,Active
101210,Gopal Khalsa,Sub Inspector,Law & Order,+912105204810,ranveerapte@example.net,2025,15,Mysuru East Police Station,2,Mysuru,Active
101211,Mitesh Gill,Deputy Superintendent,Traffic,5620266881,mandanimrat@example.net,2006,15,Mysuru East Police Station,2,Mysuru,Active
101212,Rachit Loke,Superintendent,Traffic,+918899975698,isaac96@example.net,1997,15,Mysuru East Police Station,2,Mysuru,Active
101213,Shaurya Lal,Sub Inspector,Intelligence,+910096983822,janyakara@example.net,2002,15,Mysuru East Police Station,2,Mysuru,Active
101214,Kamala Dave,Assistant Sub Inspector,Law & Order,06437049764,blad@example.org,2016,15,Mysuru East Police Station,2,Mysuru,Active
101215,Brijesh Dhawan,Deputy Superintendent,Law & Order,9407784342,qvirk@example.net,2000,15,Mysuru East Police Station,2,Mysuru,Active
101216,Ridhi Dutta,Deputy Superintendent,Cyber Crime,+919077036953,jeremiah26@example.org,2015,15,Mysuru East Police Station,2,Mysuru,Active
101217,Pushti Joshi,Head Constable,Cyber Crime,6244877140,buchekansh@example.com,1995,15,Mysuru East Police Station,2,Mysuru,Active
101218,Leela Mukhopadhyay,Assistant Sub Inspector,Administration,8248827648,abdulpingle@example.com,1999,15,Mysuru East Police Station,2,Mysuru,Active
101219,Ryan Mani,Inspector,Administration,07692231356,golajanya@example.com,2018,15,Mysuru East Police Station,2,Mysuru,Active
101220,Vasudha Modi,Deputy Superintendent,Cyber Crime,+912930495634,ekaraj88@example.com,1998,15,Mysuru East Police Station,2,Mysuru,Active
101221,Bakhshi Sur,Police Constable,Cyber Crime,09225635028,spatla@example.org,2008,15,Mysuru East Police Station,2,Mysuru,Active
101222,Ishani Dhar,Sub Inspector,Crime,7574371897,lsahota@example.net,2014,15,Mysuru East Police Station,2,Mysuru,Active
101223,Diya Chowdhury,Circle Inspector,Law & Order,07069289041,aashi25@example.com,2025,15,Mysuru East Police Station,2,Mysuru,Active
101224,Ekantika Bhardwaj,Deputy Superintendent,Crime,03254725475,jason80@example.org,2012,15,Mysuru East Police Station,2,Mysuru,Active
101225,Pahal Panchal,Circle Inspector,Law & Order,+913376412627,zaid79@example.com,2014,15,Mysuru East Police Station,2,Mysuru,Active
101226,Mason Koshy,Assistant Sub Inspector,Traffic,+919993297373,dubejairaj@example.org,2024,15,Mysuru East Police Station,2,Mysuru,Active
101227,Ishita Mane,Sub Inspector,Administration,0006924560,edhitha90@example.com,2021,15,Mysuru East Police Station,2,Mysuru,Active
101228,Bimala Bahri,Sub Inspector,Intelligence,9480021760,jsawhney@example.net,2013,15,Mysuru East Police Station,2,Mysuru,Active
101229,Neha Bhattacharyya,Head Constable,Cyber Crime,8151610660,deyfalak@example.org,2008,15,Mysuru East Police Station,2,Mysuru,Active
101230,Orinder Reddy,Police Constable,Cyber Crime,07103055457,manthanravel@example.com,2000,15,Mysuru East Police Station,2,Mysuru,Active
101231,Max Ranganathan,Circle Inspector,Administration,2214207051,ckota@example.com,2020,15,Mysuru East Police Station,2,Mysuru,Active
101232,Ekani Sandhu,Superintendent,Law & Order,04747121637,tailoraayush@example.com,2006,15,Mysuru East Police Station,2,Mysuru,Active
101233,Qadim Choudhury,Head Constable,Administration,07935969401,thamanwridesh@example.net,2014,15,Mysuru East Police Station,2,Mysuru,Active
101234,Reyansh Nori,Head Constable,Administration,01459734018,naveen14@example.com,2007,15,Mysuru East Police Station,2,Mysuru,Active
101235,Reva Din,Assistant Sub Inspector,Crime,+915139476192,charankonda@example.net,2002,15,Mysuru East Police Station,2,Mysuru,Active
101236,Chatura Bedi,Inspector,Administration,+916487391560,mohinimital@example.com,2012,15,Mysuru East Police Station,2,Mysuru,Active
101237,Widisha Choudhry,Sub Inspector,Administration,05469287312,deokamala@example.org,2001,15,Mysuru East Police Station,2,Mysuru,Active
101238,Meera Sood,Sub Inspector,Law & Order,06890740744,yatingopal@example.net,2018,15,Mysuru East Police Station,2,Mysuru,Active
101239,Dhruv Sood,Deputy Superintendent,Traffic,0431416353,indali29@example.com,2005,15,Mysuru East Police Station,2,Mysuru,Active
101240,Anjali Pandit,Superintendent,Cyber Crime,3607792099,nakul79@example.com,2012,15,Mysuru East Police Station,2,Mysuru,Active
101241,Jairaj Nair,Sub Inspector,Administration,00870855277,soniranveer@example.com,2001,15,Mysuru East Police Station,2,Mysuru,Active
101242,Aarush Khatri,Deputy Superintendent,Cyber Crime,0186471632,bhargavaazad@example.org,2015,15,Mysuru East Police Station,2,Mysuru,Active
101243,Tanish Lad,Superintendent,Law & Order,4832246677,yashodhara62@example.net,2012,15,Mysuru East Police Station,2,Mysuru,Active
101244,Anjali Basak,Circle Inspector,Cyber Crime,+913224005390,vedakhosla@example.net,1999,15,Mysuru East Police Station,2,Mysuru,Active
101245,Advik Chaudhry,Sub Inspector,Cyber Crime,+911940773071,avi21@example.org,2005,15,Mysuru East Police Station,2,Mysuru,Active
101246,Ucchal Swaminathan,Circle Inspector,Cyber Crime,4165514975,koshybrinda@example.org,2003,15,Mysuru East Police Station,2,Mysuru,Active
101247,Aadi Prabhakar,Police Constable,Crime,+916897950638,yutikakumer@example.org,2012,15,Mysuru East Police Station,2,Mysuru,Active
101248,Chakradev Thaman,Deputy Superintendent,Crime,5149514241,balvan04@example.net,2016,15,Mysuru East Police Station,2,Mysuru,Active
101249,Christopher Chandra,Superintendent,Administration,4288443018,lgupta@example.org,2003,15,Mysuru East Police Station,2,Mysuru,Active
101250,Lajita Majumdar,Superintendent,Crime,07109472339,somyadavi@example.net,2000,15,Mysuru East Police Station,2,Mysuru,Active
101251,Aishani Bahl,Police Constable,Traffic,+914036071694,waida48@example.com,2005,15,Mysuru East Police Station,2,Mysuru,Active
101252,Januja Dhar,Assistant Sub Inspector,Administration,02534773542,ibajwa@example.net,2017,15,Mysuru East Police Station,2,Mysuru,Active
101253,Forum Bhakta,Deputy Superintendent,Traffic,04381759230,yadavi46@example.net,2016,15,Mysuru East Police Station,2,Mysuru,Active
101254,Ekbal Pall,Deputy Superintendent,Crime,06299204440,fmaster@example.com,2017,15,Mysuru East Police Station,2,Mysuru,Active
101255,Laksh Murthy,Deputy Superintendent,Traffic,04474043635,cmallick@example.com,2007,15,Mysuru East Police Station,2,Mysuru,Active
101256,Ekalinga Lata,Inspector,Traffic,02533415632,pallethan@example.net,2007,16,Mangaluru North Police Station,3,Dakshina Kannada,Active
101257,Gabriel Malhotra,Sub Inspector,Law & Order,+919261551007,sanghaadweta@example.org,1998,16,Mangaluru North Police Station,3,Dakshina Kannada,Active
101258,Ranbir Khosla,Inspector,Administration,04192612575,pallavikarnik@example.org,2017,16,Mangaluru North Police Station,3,Dakshina Kannada,Active
101259,Meera Bhargava,Assistant Sub Inspector,Administration,08740919031,harshilsahota@example.net,2021,16,Mangaluru North Police Station,3,Dakshina Kannada,Active
101260,Daksha Sachdeva,Deputy Superintendent,Law & Order,6346962652,aarav57@example.org,2001,16,Mangaluru North Police Station,3,Dakshina Kannada,Active
101261,Netra Agrawal,Deputy Superintendent,Crime,1653739122,iraja@example.com,2013,16,Mangaluru North Police Station,3,Dakshina Kannada,Active
101262,Hema Rout,Inspector,Administration,+917501797809,luckyyohannan@example.org,2015,16,Mangaluru North Police Station,3,Dakshina Kannada,Active
101263,Samesh Gupta,Superintendent,Law & Order,2869649213,esoni@example.com,2020,16,Mangaluru North Police Station,3,Dakshina Kannada,Active
101264,Keya De,Police Constable,Law & Order,9397440188,xkar@example.net,2014,16,Mangaluru North Police Station,3,Dakshina Kannada,Active
101265,Xiti Sur,Assistant Sub Inspector,Cyber Crime,03214896799,baradanita@example.org,2003,16,Mangaluru North Police Station,3,Dakshina Kannada,Active
101266,Nitesh Garde,Police Constable,Cyber Crime,9836165494,kadeamrita@example.com,1995,16,Mangaluru North Police Station,3,Dakshina Kannada,Active
101267,Rajata Sahni,Assistant Sub Inspector,Crime,9144971940,upmachaudhry@example.com,2022,16,Mangaluru North Police Station,3,Dakshina Kannada,Active
101268,Xalak Goel,Inspector,Law & Order,1698808876,ishanviparsa@example.com,2019,16,Mangaluru North Police Station,3,Dakshina Kannada,Active
101269,Xiti Hari,Circle Inspector,Law & Order,07331440042,svohra@example.org,2010,16,Mangaluru North Police Station,3,Dakshina Kannada,Active
101270,Madhav Ghose,Circle Inspector,Traffic,5840785460,zsaran@example.net,2025,16,Mangaluru North Police Station,3,Dakshina Kannada,Active
101271,Bhavini Badal,Sub Inspector,Traffic,08981559769,abhimanyubali@example.com,2004,16,Mangaluru North Police Station,3,Dakshina Kannada,Active
101272,Guneet Bhasin,Assistant Sub Inspector,Crime,08491971034,ubikabhatia@example.org,2018,16,Mangaluru North Police Station,3,Dakshina Kannada,Active
101273,Ekalinga Banik,Police Constable,Crime,+919089331835,bhavikapillai@example.com,2005,16,Mangaluru North Police Station,3,Dakshina Kannada,Active
101274,Irya Issac,Superintendent,Law & Order,03749295409,bhallajyoti@example.net,2002,16,Mangaluru North Police Station,3,Dakshina Kannada,Active
101275,Nathan Krishna,Superintendent,Crime,06151598249,lbobal@example.org,2006,16,Mangaluru North Police Station,3,Dakshina Kannada,Active
101276,Praneel Randhawa,Head Constable,Intelligence,09597270802,sampathraagini@example.net,2008,16,Mangaluru North Police Station,3,Dakshina Kannada,Active
101277,Saumya Chauhan,Police Constable,Crime,2187928552,yashodaviswanathan@example.net,1997,16,Mangaluru North Police Station,3,Dakshina Kannada,Active
101278,Lekha Venkataraman,Head Constable,Traffic,02543448791,prashadhenry@example.org,2007,16,Mangaluru North Police Station,3,Dakshina Kannada,Active
101279,Simon Sami,Superintendent,Crime,+911697987199,neellanka@example.net,2020,16,Mangaluru North Police Station,3,Dakshina Kannada,Active
101280,Pratyush Prabhu,Head Constable,Cyber Crime,+917696910328,dasbrinda@example.org,2023,16,Mangaluru North Police Station,3,Dakshina Kannada,Active
101281,Yashvi Rai,Circle Inspector,Administration,+919385774996,hegdepratyush@example.net,2000,16,Mangaluru North Police Station,3,Dakshina Kannada,Active
101282,Pallavi Palla,Circle Inspector,Law & Order,+914729089120,sibaldalaja@example.org,2019,16,Mangaluru North Police Station,3,Dakshina Kannada,Active
101283,Advik Dixit,Head Constable,Law & Order,0536913264,tanmayi80@example.net,2020,16,Mangaluru North Police Station,3,Dakshina Kannada,Active
101284,Caleb Narayan,Circle Inspector,Cyber Crime,+916322162978,grovervinaya@example.com,2006,16,Mangaluru North Police Station,3,Dakshina Kannada,Active
101285,Nachiket Borde,Superintendent,Traffic,06443740961,maanav99@example.com,2008,16,Mangaluru North Police Station,3,Dakshina Kannada,Active
101286,Michael Sanghvi,Assistant Sub Inspector,Cyber Crime,+919567906306,bahadurjit98@example.com,2010,16,Mangaluru North Police Station,3,Dakshina Kannada,Active
101287,Waida Pingle,Police Constable,Crime,8945817872,sanaya79@example.org,2001,16,Mangaluru North Police Station,3,Dakshina Kannada,Active
101288,Teerth Prabhu,Deputy Superintendent,Law & Order,04692494940,bkarpe@example.com,2012,16,Mangaluru North Police Station,3,Dakshina Kannada,Active
101289,Rajata Palan,Police Constable,Intelligence,06095220456,tanvimander@example.org,2007,16,Mangaluru North Police Station,3,Dakshina Kannada,Active
101290,David Deshmukh,Assistant Sub Inspector,Administration,+916439141926,neeldeol@example.com,2005,16,Mangaluru North Police Station,3,Dakshina Kannada,Active
101291,Rachana Gara,Superintendent,Traffic,+916279345605,bmannan@example.net,2012,16,Mangaluru North Police Station,3,Dakshina Kannada,Active
101292,Charles Venkataraman,Deputy Superintendent,Law & Order,1723687186,jeremiahdhar@example.org,2021,16,Mangaluru North Police Station,3,Dakshina Kannada,Active
101293,Max Yohannan,Inspector,Traffic,8648102481,jbatra@example.org,1996,16,Mangaluru North Police Station,3,Dakshina Kannada,Active
101294,Aashi Char,Circle Inspector,Traffic,2201659790,upasna95@example.org,2009,16,Mangaluru North Police Station,3,Dakshina Kannada,Active
101295,Kevin Soni,Circle Inspector,Traffic,+918444174645,epatil@example.com,2013,16,Mangaluru North Police Station,3,Dakshina Kannada,Active
101296,Urishilla Sampath,Superintendent,Cyber Crime,1521045859,parthdayal@example.org,2012,16,Mangaluru North Police Station,3,Dakshina Kannada,Active
101297,Sachi Pathak,Police Constable,Traffic,5837187431,gaurigole@example.org,2009,16,Mangaluru North Police Station,3,Dakshina Kannada,Active
101298,Pavani Bhasin,Police Constable,Crime,2382624564,ubose@example.net,2010,16,Mangaluru North Police Station,3,Dakshina Kannada,Active
101299,Lucky Bhargava,Deputy Superintendent,Law & Order,+913138563231,prashadmaya@example.net,2013,16,Mangaluru North Police Station,3,Dakshina Kannada,Active
101300,Kashish Ravel,Assistant Sub Inspector,Crime,6066889896,gsuresh@example.net,2016,16,Mangaluru North Police Station,3,Dakshina Kannada,Active
101301,Mugdha Nanda,Deputy Superintendent,Intelligence,2295433990,azaan71@example.net,2020,16,Mangaluru North Police Station,3,Dakshina Kannada,Active
101302,Indira Nadig,Assistant Sub Inspector,Crime,03703009450,majumdarjeet@example.com,2005,16,Mangaluru North Police Station,3,Dakshina Kannada,Active
101303,Triya Anne,Police Constable,Law & Order,6879729474,chakrikavig@example.net,1995,16,Mangaluru North Police Station,3,Dakshina Kannada,Active
101304,Forum Mane,Deputy Superintendent,Intelligence,03993103157,zachariaayaan@example.org,2018,16,Mangaluru North Police Station,3,Dakshina Kannada,Active
101305,Warhi Purohit,Superintendent,Crime,08448034093,sakshamnarang@example.net,2008,16,Mangaluru North Police Station,3,Dakshina Kannada,Active
101306,Gunbir Modi,Police Constable,Law & Order,01953432636,mwarrior@example.com,2001,16,Mangaluru North Police Station,3,Dakshina Kannada,Active
101307,Ikbal Gole,Sub Inspector,Cyber Crime,7240713581,patlazarna@example.com,2025,16,Mangaluru North Police Station,3,Dakshina Kannada,Active
101308,Amol Om,Head Constable,Administration,08043687555,qgole@example.net,2014,16,Mangaluru North Police Station,3,Dakshina Kannada,Active
101309,Ekani Dada,Circle Inspector,Cyber Crime,1383818353,bdora@example.org,1999,16,Mangaluru North Police Station,3,Dakshina Kannada,Active
101310,Daksh Nigam,Inspector,Law & Order,+917391130563,neelimanaidu@example.net,2017,16,Mangaluru North Police Station,3,Dakshina Kannada,Active
101311,Anthony Ganesh,Deputy Superintendent,Administration,2823688228,ptella@example.net,2012,16,Mangaluru North Police Station,3,Dakshina Kannada,Active
101312,Lopa Joshi,Deputy Superintendent,Crime,05001653423,nsandhu@example.org,2018,16,Mangaluru North Police Station,3,Dakshina Kannada,Active
101313,Urishilla Bedi,Superintendent,Intelligence,05500024957,yashodashah@example.net,2019,16,Mangaluru North Police Station,3,Dakshina Kannada,Active
101314,Hritik Magar,Circle Inspector,Intelligence,08371715470,veertaneja@example.org,2014,16,Mangaluru North Police Station,3,Dakshina Kannada,Active
101315,Noah Wadhwa,Superintendent,Cyber Crime,+918375244892,ekaja64@example.net,2023,16,Mangaluru North Police Station,3,Dakshina Kannada,Active
101316,Sai Parekh,Sub Inspector,Law & Order,06355972391,ysule@example.com,1996,16,Mangaluru North Police Station,3,Dakshina Kannada,Active
101317,Aadhya Ghosh,Superintendent,Law & Order,+918714095270,shereurvi@example.com,2016,16,Mangaluru North Police Station,3,Dakshina Kannada,Active
101318,Aradhana Sangha,Circle Inspector,Law & Order,03277095190,choudharysachi@example.net,2006,16,Mangaluru North Police Station,3,Dakshina Kannada,Active
101319,Yamini Karnik,Superintendent,Law & Order,1842967528,yachana69@example.org,2006,16,Mangaluru North Police Station,3,Dakshina Kannada,Active
101320,Abeer Kapoor,Assistant Sub Inspector,Intelligence,9999021602,theodoretiwari@example.com,2018,16,Mangaluru North Police Station,3,Dakshina Kannada,Active
101321,Meera Sinha,Sub Inspector,Cyber Crime,05551555885,preddy@example.org,2024,16,Mangaluru North Police Station,3,Dakshina Kannada,Active
101322,Gunbir Dyal,Deputy Superintendent,Crime,08955626447,fkapoor@example.net,2001,16,Mangaluru North Police Station,3,Dakshina Kannada,Active
101323,Baljiwan Raghavan,Head Constable,Law & Order,+910917077060,warhikhanna@example.net,2023,16,Mangaluru North Police Station,3,Dakshina Kannada,Active
101324,Onkar Parikh,Inspector,Traffic,09811262518,matthew59@example.org,1998,16,Mangaluru North Police Station,3,Dakshina Kannada,Active
101325,Rudra Iyer,Head Constable,Traffic,7548611984,fsane@example.net,2000,16,Mangaluru North Police Station,3,Dakshina Kannada,Active
101326,Jonathan Bajaj,Circle Inspector,Law & Order,+916001531006,raksharai@example.com,2023,16,Mangaluru North Police Station,3,Dakshina Kannada,Active
101327,Darpan Kakar,Police Constable,Crime,02585908915,lvohra@example.net,1997,16,Mangaluru North Police Station,3,Dakshina Kannada,Active
101328,Bhavini Bobal,Deputy Superintendent,Administration,0312377828,bhardwajmason@example.org,1997,16,Mangaluru North Police Station,3,Dakshina Kannada,Active
101329,Faraj Kata,Police Constable,Traffic,+910139090023,libni22@example.com,2014,16,Mangaluru North Police Station,3,Dakshina Kannada,Active
101330,Udant Batta,Superintendent,Crime,+912944851925,dasguptatanvi@example.org,1996,16,Mangaluru North Police Station,3,Dakshina Kannada,Active
101331,Faris Sahni,Sub Inspector,Law & Order,+919279936506,rpurohit@example.org,2003,16,Mangaluru North Police Station,3,Dakshina Kannada,Active
101332,Advika Soman,Sub Inspector,Administration,8947280412,darachameli@example.net,2012,16,Mangaluru North Police Station,3,Dakshina Kannada,Active
101333,Zilmil Sidhu,Sub Inspector,Crime,+912327485953,natarajangautam@example.net,2020,16,Mangaluru North Police Station,3,Dakshina Kannada,Active
101334,Chatresh Mishra,Deputy Superintendent,Administration,05757177032,psuresh@example.net,1998,16,Mangaluru North Police Station,3,Dakshina Kannada,Active
101335,Onveer Krishna,Police Constable,Cyber Crime,+910394922629,max32@example.com,1996,16,Mangaluru North Police Station,3,Dakshina Kannada,Active
101336,Nathaniel Nair,Inspector,Crime,1413606114,bhagatbhavani@example.net,2016,16,Mangaluru North Police Station,3,Dakshina Kannada,Active
101337,Vasatika Bhargava,Police Constable,Traffic,6163691277,baradjagrati@example.com,2013,16,Mangaluru North Police Station,3,Dakshina Kannada,Active
101338,Jacob Bhasin,Deputy Superintendent,Traffic,+911373187020,farhan65@example.net,2011,16,Mangaluru North Police Station,3,Dakshina Kannada,Active
101339,Baghyawati Kaur,Deputy Superintendent,Law & Order,05970331144,jack37@example.net,2001,16,Mangaluru North Police Station,3,Dakshina Kannada,Active
101340,Amaira Sahota,Inspector,Cyber Crime,4333544385,viraj37@example.com,2009,16,Mangaluru North Police Station,3,Dakshina Kannada,Active
101341,Ubika Sarna,Assistant Sub Inspector,Crime,06676811180,ekantarattan@example.com,1997,16,Mangaluru North Police Station,3,Dakshina Kannada,Active
101342,Rachana Gokhale,Assistant Sub Inspector,Intelligence,+910004774077,anikadhar@example.net,2012,16,Mangaluru North Police Station,3,Dakshina Kannada,Active
101343,Hritik Choudhury,Inspector,Intelligence,05562548131,guhapanini@example.org,1996,16,Mangaluru North Police Station,3,Dakshina Kannada,Active
101344,Upadhriti Sampath,Inspector,Intelligence,8336019020,jeevikadugar@example.net,2001,17,Mangaluru South Police Station,3,Dakshina Kannada,Active
101345,Maya Ghosh,Police Constable,Cyber Crime,+919185443845,omkaar52@example.org,2016,17,Mangaluru South Police Station,3,Dakshina Kannada,Active
101346,Balendra Ghose,Circle Inspector,Administration,8473855429,gkala@example.com,1998,17,Mangaluru South Police Station,3,Dakshina Kannada,Active
101347,Kalpit Jani,Deputy Superintendent,Administration,09889119037,dhayre@example.net,2017,17,Mangaluru South Police Station,3,Dakshina Kannada,Active
101348,Ekaraj Seshadri,Head Constable,Intelligence,+911940864427,dhingrayuvraj@example.org,2013,17,Mangaluru South Police Station,3,Dakshina Kannada,Active
101349,Vivaan Din,Police Constable,Administration,0760146575,ukumar@example.com,1996,17,Mangaluru South Police Station,3,Dakshina Kannada,Active
101350,Triya Loyal,Head Constable,Traffic,0576196367,rajuyoshita@example.com,2015,17,Mangaluru South Police Station,3,Dakshina Kannada,Active
101351,Bahadurjit Pradhan,Inspector,Administration,04948546670,omkaarissac@example.org,1996,17,Mangaluru South Police Station,3,Dakshina Kannada,Active
101352,Idika Sem,Deputy Superintendent,Administration,8150489358,zilmil47@example.com,2006,17,Mangaluru South Police Station,3,Dakshina Kannada,Active
101353,Baghyawati Mani,Sub Inspector,Law & Order,+916871507394,mohangabriel@example.com,2022,17,Mangaluru South Police Station,3,Dakshina Kannada,Active
101354,Jagat Char,Sub Inspector,Administration,+918566003868,sastryjagdish@example.org,1996,17,Mangaluru South Police Station,3,Dakshina Kannada,Active
101355,Chavvi Hayre,Inspector,Cyber Crime,+915340754322,karan56@example.org,2021,17,Mangaluru South Police Station,3,Dakshina Kannada,Active
101356,Anvi Dada,Inspector,Intelligence,01949261930,njain@example.com,2016,17,Mangaluru South Police Station,3,Dakshina Kannada,Active
101357,Amruta Subramanian,Circle Inspector,Administration,09753038043,xsrinivasan@example.org,1997,17,Mangaluru South Police Station,3,Dakshina Kannada,Active
101358,Bhavini Kar,Superintendent,Law & Order,+916223291093,calebchakrabarti@example.org,2001,17,Mangaluru South Police Station,3,Dakshina Kannada,Active
101359,Ekansh Mani,Police Constable,Intelligence,02267958665,kalamanbir@example.com,2001,17,Mangaluru South Police Station,3,Dakshina Kannada,Active
101360,Praneel Ramanathan,Sub Inspector,Intelligence,+910909513578,hemangyohannan@example.org,2010,17,Mangaluru South Police Station,3,Dakshina Kannada,Active
101361,Kalpit Nanda,Sub Inspector,Cyber Crime,04858818628,oshabali@example.net,2025,17,Mangaluru South Police Station,3,Dakshina Kannada,Active
101362,Omisha Narayanan,Sub Inspector,Administration,0835278256,dewanjeremiah@example.org,2009,17,Mangaluru South Police Station,3,Dakshina Kannada,Active
101363,Damyanti Uppal,Superintendent,Law & Order,2242948955,oscar65@example.org,2022,17,Mangaluru South Police Station,3,Dakshina Kannada,Active
101364,Harinakshi Bhalla,Superintendent,Intelligence,7565645489,xavier88@example.com,2010,17,Mangaluru South Police Station,3,Dakshina Kannada,Active
101365,Chaman Wason,Sub Inspector,Crime,02376081001,dsangha@example.net,2000,17,Mangaluru South Police Station,3,Dakshina Kannada,Active
101366,Upasna Bedi,Assistant Sub Inspector,Cyber Crime,+914649773234,gaganbanik@example.net,2000,17,Mangaluru South Police Station,3,Dakshina Kannada,Active
101367,Meera Behl,Assistant Sub Inspector,Cyber Crime,+911979708807,goelnakul@example.com,2016,17,Mangaluru South Police Station,3,Dakshina Kannada,Active
101368,Luke Gulati,Sub Inspector,Traffic,1955646306,bhavyababu@example.com,2014,17,Mangaluru South Police Station,3,Dakshina Kannada,Active
101369,Urvi Nazareth,Head Constable,Cyber Crime,1553892767,rchand@example.org,1997,17,Mangaluru South Police Station,3,Dakshina Kannada,Active
101370,Shivansh Khare,Sub Inspector,Crime,06401145482,yashbhattacharyya@example.org,1996,17,Mangaluru South Police Station,3,Dakshina Kannada,Active
101371,Barkha Bora,Head Constable,Traffic,7719624099,finnsachar@example.com,2008,17,Mangaluru South Police Station,3,Dakshina Kannada,Active
101372,Darpan Chad,Police Constable,Cyber Crime,07416463929,brijesh90@example.org,2008,17,Mangaluru South Police Station,3,Dakshina Kannada,Active
101373,Vritti Sibal,Circle Inspector,Intelligence,5102772077,isharajagopalan@example.com,1996,17,Mangaluru South Police Station,3,Dakshina Kannada,Active
101374,Luke Murty,Deputy Superintendent,Crime,+912559032522,edin@example.net,2020,17,Mangaluru South Police Station,3,Dakshina Kannada,Active
101375,Chandran Konda,Circle Inspector,Intelligence,9348956975,vasudha09@example.net,2003,17,Mangaluru South Police Station,3,Dakshina Kannada,Active
101376,Finn Lall,Police Constable,Law & Order,8371251045,xiyengar@example.com,2011,17,Mangaluru South Police Station,3,Dakshina Kannada,Active
101377,Manan Narain,Superintendent,Intelligence,0461411060,jyoti78@example.net,2001,17,Mangaluru South Police Station,3,Dakshina Kannada,Active
101378,Robert Dewan,Inspector,Crime,3855146980,zehaandhar@example.net,2017,17,Mangaluru South Police Station,3,Dakshina Kannada,Active
101379,Frederick Karnik,Assistant Sub Inspector,Traffic,+919343621169,chadindali@example.org,1999,17,Mangaluru South Police Station,3,Dakshina Kannada,Active
101380,Om Jani,Inspector,Traffic,02753928251,hemal82@example.org,2019,17,Mangaluru South Police Station,3,Dakshina Kannada,Active
101381,Zinal Karpe,Head Constable,Law & Order,+914372088442,cgill@example.net,2001,17,Mangaluru South Police Station,3,Dakshina Kannada,Active
101382,Pushti Thaker,Inspector,Traffic,3573814611,venkateshshivansh@example.com,2016,17,Mangaluru South Police Station,3,Dakshina Kannada,Active
101383,Xiti Kulkarni,Sub Inspector,Intelligence,06902972781,aayushdubey@example.com,2000,17,Mangaluru South Police Station,3,Dakshina Kannada,Active
101384,Ekantika Thaman,Superintendent,Traffic,7253164839,yagnesh63@example.com,2007,17,Mangaluru South Police Station,3,Dakshina Kannada,Active
101385,Jhalak Mandal,Sub Inspector,Intelligence,00563929690,kluthra@example.net,2009,17,Mangaluru South Police Station,3,Dakshina Kannada,Active
101386,Arunima Lala,Superintendent,Law & Order,05518665967,nsachar@example.com,2000,17,Mangaluru South Police Station,3,Dakshina Kannada,Active
101387,Teerth Rajagopal,Inspector,Crime,06351169232,harinakshi54@example.net,1999,17,Mangaluru South Police Station,3,Dakshina Kannada,Active
101388,Caleb Suresh,Assistant Sub Inspector,Administration,01041331047,ahujanidhi@example.com,2023,17,Mangaluru South Police Station,3,Dakshina Kannada,Active
101389,Gaurangi Chadha,Sub Inspector,Cyber Crime,+912893991734,varsha58@example.com,2015,17,Mangaluru South Police Station,3,Dakshina Kannada,Active
101390,Harish Buch,Sub Inspector,Cyber Crime,6590018188,pandeyjanuja@example.net,2002,17,Mangaluru South Police Station,3,Dakshina Kannada,Active
101391,Azaan Shanker,Circle Inspector,Administration,+911227245532,lsangha@example.org,2009,17,Mangaluru South Police Station,3,Dakshina Kannada,Active
101392,Ranveer Kale,Sub Inspector,Administration,09264993252,lavanya27@example.net,2002,17,Mangaluru South Police Station,3,Dakshina Kannada,Active
101393,Dhruv Radhakrishnan,Head Constable,Administration,1955603025,warjaspatla@example.org,2009,17,Mangaluru South Police Station,3,Dakshina Kannada,Active
101394,Falan Dalal,Circle Inspector,Traffic,05808009210,pshroff@example.com,2024,17,Mangaluru South Police Station,3,Dakshina Kannada,Active
101395,Udyati Kamdar,Police Constable,Law & Order,8759035504,bhavani87@example.org,2024,17,Mangaluru South Police Station,3,Dakshina Kannada,Active
101396,Gayathri Deo,Assistant Sub Inspector,Traffic,08752214141,hdhar@example.com,2023,17,Mangaluru South Police Station,3,Dakshina Kannada,Active
101397,Janya Saran,Assistant Sub Inspector,Cyber Crime,04088853958,psubramanian@example.com,2021,17,Mangaluru South Police Station,3,Dakshina Kannada,Active
101398,Edhitha Kapoor,Police Constable,Intelligence,+915780051051,ekantahegde@example.com,2008,17,Mangaluru South Police Station,3,Dakshina Kannada,Active
101399,Ira Rout,Deputy Superintendent,Intelligence,6372920208,sdhaliwal@example.net,2003,17,Mangaluru South Police Station,3,Dakshina Kannada,Active
101400,Aradhana Kulkarni,Assistant Sub Inspector,Traffic,+912558076597,bajajtimothy@example.com,2016,17,Mangaluru South Police Station,3,Dakshina Kannada,Active
101401,Aarna Mani,Assistant Sub Inspector,Administration,08836465687,nehabala@example.org,1997,17,Mangaluru South Police Station,3,Dakshina Kannada,Active
101402,Ekta Swaminathan,Police Constable,Administration,08319180995,diptabhargava@example.org,2005,17,Mangaluru South Police Station,3,Dakshina Kannada,Active
101403,Ekanta Prabhakar,Head Constable,Traffic,9339676348,urvashibhat@example.com,2014,17,Mangaluru South Police Station,3,Dakshina Kannada,Active
101404,Devika Walla,Inspector,Administration,04233840177,uoza@example.org,2023,17,Mangaluru South Police Station,3,Dakshina Kannada,Active
101405,Gopal Sarraf,Assistant Sub Inspector,Traffic,+916522281806,chauhanforum@example.org,2000,17,Mangaluru South Police Station,3,Dakshina Kannada,Active
101406,Nandini Ahluwalia,Sub Inspector,Intelligence,+915944518383,daraaryan@example.com,2017,17,Mangaluru South Police Station,3,Dakshina Kannada,Active
101407,Jeremiah Shenoy,Deputy Superintendent,Administration,2439638345,sahaqabil@example.net,2000,18,Bantwal Police Station,3,Dakshina Kannada,Active
101408,Ekantika Parmar,Assistant Sub Inspector,Administration,07078055365,unni87@example.org,1997,18,Bantwal Police Station,3,Dakshina Kannada,Active
101409,Krishna Raghavan,Circle Inspector,Crime,8293168622,gavinnarain@example.com,1997,18,Bantwal Police Station,3,Dakshina Kannada,Active
101410,Ekansh Chatterjee,Assistant Sub Inspector,Traffic,00015162168,gopalfaqid@example.org,2016,18,Bantwal Police Station,3,Dakshina Kannada,Active
101411,Amara Seshadri,Deputy Superintendent,Law & Order,05175768344,abdulbatra@example.org,2004,18,Bantwal Police Station,3,Dakshina Kannada,Active
101412,Tara Vohra,Deputy Superintendent,Intelligence,+918293586511,ombina@example.net,2005,18,Bantwal Police Station,3,Dakshina Kannada,Active
101413,Jasmit Zachariah,Superintendent,Cyber Crime,+914863080740,achhabra@example.net,2005,18,Bantwal Police Station,3,Dakshina Kannada,Active
101414,Naksh Kapadia,Head Constable,Traffic,7244463695,lokedhruv@example.com,2018,18,Bantwal Police Station,3,Dakshina Kannada,Active
101415,Lila Dhaliwal,Head Constable,Administration,+916054855832,naksh10@example.com,2010,18,Bantwal Police Station,3,Dakshina Kannada,Active
101416,Lekha Arora,Head Constable,Crime,0880372975,berasara@example.net,1997,18,Bantwal Police Station,3,Dakshina Kannada,Active
101417,Damyanti Borra,Superintendent,Law & Order,2568745736,mannnakul@example.net,2013,18,Bantwal Police Station,3,Dakshina Kannada,Active
101418,Gavin Grover,Assistant Sub Inspector,Law & Order,+915040660575,umangwadhwa@example.net,2007,18,Bantwal Police Station,3,Dakshina Kannada,Active
101419,Aarush Garg,Police Constable,Crime,08342344415,edwinnitesh@example.net,2024,18,Bantwal Police Station,3,Dakshina Kannada,Active
101420,Harini Patil,Circle Inspector,Administration,+911558868011,narayananjagdish@example.net,2012,18,Bantwal Police Station,3,Dakshina Kannada,Active
101421,Zaitra Bhatti,Assistant Sub Inspector,Traffic,09468687487,nakulramakrishnan@example.com,2000,18,Bantwal Police Station,3,Dakshina Kannada,Active
101422,Andrew Iyer,Police Constable,Crime,07746458809,vrishti96@example.net,2016,18,Bantwal Police Station,3,Dakshina Kannada,Active
101423,Vrinda Jhaveri,Head Constable,Intelligence,+917110436486,kalpit71@example.net,2012,18,Bantwal Police Station,3,Dakshina Kannada,Active
101424,Gaurang Gade,Circle Inspector,Administration,+916179665327,jayaramanjanaki@example.com,2010,18,Bantwal Police Station,3,Dakshina Kannada,Active
101425,Chaman Taneja,Head Constable,Law & Order,8620505859,soniazaan@example.com,1999,18,Bantwal Police Station,3,Dakshina Kannada,Active
101426,Wyatt Dhawan,Sub Inspector,Law & Order,+918128232533,ayaanamble@example.com,2025,18,Bantwal Police Station,3,Dakshina Kannada,Active
101427,Samarth Vyas,Assistant Sub Inspector,Crime,+911914138702,nswaminathan@example.org,2009,18,Bantwal Police Station,3,Dakshina Kannada,Active
101428,Gauri Dora,Superintendent,Traffic,05275457759,warjas00@example.com,1998,18,Bantwal Police Station,3,Dakshina Kannada,Active
101429,Pahal Sani,Superintendent,Crime,07123576266,ramanekani@example.com,1999,18,Bantwal Police Station,3,Dakshina Kannada,Active
101430,Fariq Lad,Sub Inspector,Crime,6919787991,dhruv68@example.net,2005,18,Bantwal Police Station,3,Dakshina Kannada,Active
101431,Champak Loke,Police Constable,Administration,1892419885,sdube@example.com,2021,18,Bantwal Police Station,3,Dakshina Kannada,Active
101432,Leela Dass,Police Constable,Intelligence,4696757106,nigamprisha@example.com,2010,18,Bantwal Police Station,3,Dakshina Kannada,Active
101433,Mugdha Pingle,Assistant Sub Inspector,Administration,08735604695,nagarkala@example.org,2015,18,Bantwal Police Station,3,Dakshina Kannada,Active
101434,Thomas Verma,Superintendent,Cyber Crime,+910090891702,william81@example.org,1996,18,Bantwal Police Station,3,Dakshina Kannada,Active
101435,Pooja Chad,Sub Inspector,Intelligence,6387772046,garaudarsh@example.com,2002,18,Bantwal Police Station,3,Dakshina Kannada,Active
101436,Ekta Bedi,Deputy Superintendent,Intelligence,06019802235,daraatharv@example.org,1995,18,Bantwal Police Station,3,Dakshina Kannada,Active
101437,Ria Saha,Superintendent,Traffic,06900072877,anandguneet@example.org,2007,18,Bantwal Police Station,3,Dakshina Kannada,Active
101438,Sanaya Ravi,Superintendent,Law & Order,+911299378422,vinayamemon@example.org,2002,18,Bantwal Police Station,3,Dakshina Kannada,Active
101439,Varenya Jani,Superintendent,Crime,+918155580443,cdhillon@example.org,2005,18,Bantwal Police Station,3,Dakshina Kannada,Active
101440,Jagat Kade,Deputy Superintendent,Cyber Crime,8305893493,edhithakrishna@example.org,2009,18,Bantwal Police Station,3,Dakshina Kannada,Active
101441,Lohit Bir,Inspector,Law & Order,01318537565,vvig@example.net,2023,18,Bantwal Police Station,3,Dakshina Kannada,Active
101442,Anirudh Chaudhary,Police Constable,Law & Order,1141072574,samarthkhurana@example.com,2006,18,Bantwal Police Station,3,Dakshina Kannada,Active
101443,Abhimanyu Bahri,Deputy Superintendent,Cyber Crime,5277312443,waliaidika@example.org,2008,18,Bantwal Police Station,3,Dakshina Kannada,Active
101444,Dayita Pathak,Superintendent,Traffic,2937671153,nilimachander@example.net,2003,18,Bantwal Police Station,3,Dakshina Kannada,Active
101445,Tejas Baral,Deputy Superintendent,Administration,+918736647614,aadi05@example.com,2017,18,Bantwal Police Station,3,Dakshina Kannada,Active
101446,Kamya Nagi,Circle Inspector,Law & Order,+916074788613,saikota@example.org,1999,18,Bantwal Police Station,3,Dakshina Kannada,Active
101447,Yashawini Karnik,Deputy Superintendent,Cyber Crime,03564563197,patricksetty@example.net,2016,18,Bantwal Police Station,3,Dakshina Kannada,Active
101448,Aarnav Lala,Circle Inspector,Traffic,08369899268,utkarshvyas@example.org,1998,18,Bantwal Police Station,3,Dakshina Kannada,Active
101449,Hritik Vig,Inspector,Crime,01372688423,jason58@example.com,2022,18,Bantwal Police Station,3,Dakshina Kannada,Active
101450,Nathaniel Brar,Inspector,Administration,6857061349,khuranaarunima@example.com,2007,18,Bantwal Police Station,3,Dakshina Kannada,Active
101451,Atharv Balay,Inspector,Intelligence,+916953142083,samakshbhagat@example.net,2008,18,Bantwal Police Station,3,Dakshina Kannada,Active
101452,Sachi Nagy,Superintendent,Traffic,+914842964805,ylala@example.org,2003,18,Bantwal Police Station,3,Dakshina Kannada,Active
101453,Brijesh Kashyap,Head Constable,Cyber Crime,01427365679,zwalla@example.com,2021,18,Bantwal Police Station,3,Dakshina Kannada,Active
101454,Samaksh Brar,Sub Inspector,Law & Order,4370220719,bhanumatisinha@example.org,2002,18,Bantwal Police Station,3,Dakshina Kannada,Active
101455,Vasatika Wason,Head Constable,Traffic,3207913312,veer45@example.org,2009,18,Bantwal Police Station,3,Dakshina Kannada,Active
101456,Wakeeta Raman,Sub Inspector,Traffic,04307989574,sdesai@example.org,2015,18,Bantwal Police Station,3,Dakshina Kannada,Active
101457,Vinaya Kala,Sub Inspector,Cyber Crime,1228965344,rachitahora@example.net,2005,18,Bantwal Police Station,3,Dakshina Kannada,Active
101458,Caleb Roy,Circle Inspector,Law & Order,04342722103,kumertanay@example.com,2019,18,Bantwal Police Station,3,Dakshina Kannada,Active
101459,Hemangini Nath,Deputy Superintendent,Crime,06939402313,miteshnayar@example.com,2016,18,Bantwal Police Station,3,Dakshina Kannada,Active
101460,William Mall,Circle Inspector,Administration,+911206012479,yoshita70@example.org,2014,18,Bantwal Police Station,3,Dakshina Kannada,Active
101461,Manya Lata,Superintendent,Cyber Crime,06062990677,ddhawan@example.com,2004,18,Bantwal Police Station,3,Dakshina Kannada,Active
101462,Omkaar Deol,Inspector,Cyber Crime,3444035847,bsathe@example.org,2014,18,Bantwal Police Station,3,Dakshina Kannada,Active
101463,Elijah Toor,Superintendent,Intelligence,9828069110,fdass@example.net,2000,18,Bantwal Police Station,3,Dakshina Kannada,Active
101464,Januja Bhargava,Police Constable,Intelligence,+918677818209,vranganathan@example.org,2008,18,Bantwal Police Station,3,Dakshina Kannada,Active
101465,Krish Buch,Assistant Sub Inspector,Administration,1843349007,cnaik@example.com,2019,18,Bantwal Police Station,3,Dakshina Kannada,Active
101466,Udarsh Bhardwaj,Police Constable,Traffic,+914073904630,revagulati@example.com,2001,19,Moodbidri Police Station,3,Dakshina Kannada,Active
101467,Chandresh Walla,Superintendent,Law & Order,+911162830118,babubhavya@example.net,2020,19,Moodbidri Police Station,3,Dakshina Kannada,Active
101468,Owen Deshmukh,Deputy Superintendent,Intelligence,+912232087565,pparikh@example.net,2000,19,Moodbidri Police Station,3,Dakshina Kannada,Active
101469,Rachit Hegde,Superintendent,Law & Order,+910278766297,uchakrabarti@example.com,2000,19,Moodbidri Police Station,3,Dakshina Kannada,Active
101470,Adya Dada,Assistant Sub Inspector,Traffic,01750246825,aahanarajan@example.org,2007,19,Moodbidri Police Station,3,Dakshina Kannada,Active
101471,Zarna Bhargava,Assistant Sub Inspector,Law & Order,5122741330,subramaniamaryan@example.net,2025,19,Moodbidri Police Station,3,Dakshina Kannada,Active
101472,Tanveer Vyas,Deputy Superintendent,Cyber Crime,1013197753,siddharth67@example.com,2007,19,Moodbidri Police Station,3,Dakshina Kannada,Active
101473,Amara Amble,Circle Inspector,Cyber Crime,7285154626,kkamdar@example.com,2009,19,Moodbidri Police Station,3,Dakshina Kannada,Active
101474,Jeevika Saha,Circle Inspector,Crime,2008377565,saniwahab@example.net,2018,19,Moodbidri Police Station,3,Dakshina Kannada,Active
101475,Ishwar Loke,Superintendent,Administration,02930721833,vermajagdish@example.net,2024,19,Moodbidri Police Station,3,Dakshina Kannada,Active
101476,Libni Mishra,Police Constable,Law & Order,+919671531705,sacharnisha@example.net,2024,19,Moodbidri Police Station,3,Dakshina Kannada,Active
101477,Manan Sachdeva,Police Constable,Intelligence,+910505680245,omaja51@example.com,2009,19,Moodbidri Police Station,3,Dakshina Kannada,Active
101478,Luke Chanda,Assistant Sub Inspector,Administration,+919935401178,prashadbhavya@example.com,2003,19,Moodbidri Police Station,3,Dakshina Kannada,Active
101479,Yadavi Agarwal,Assistant Sub Inspector,Cyber Crime,05572129998,oakarya@example.net,1997,19,Moodbidri Police Station,3,Dakshina Kannada,Active
101480,Banjeet Mand,Police Constable,Cyber Crime,+914810409599,voranilima@example.net,2020,19,Moodbidri Police Station,3,Dakshina Kannada,Active
101481,Chaitaly Dutta,Sub Inspector,Intelligence,09614304002,ranakrish@example.org,2017,19,Moodbidri Police Station,3,Dakshina Kannada,Active
101482,Isha Shankar,Superintendent,Law & Order,+915115207427,varshanaidu@example.net,2015,19,Moodbidri Police Station,3,Dakshina Kannada,Active
101483,Chakradev Ahuja,Police Constable,Law & Order,03091666432,meghabehl@example.org,1998,19,Moodbidri Police Station,3,Dakshina Kannada,Active
101484,Mugdha Nagar,Head Constable,Cyber Crime,+916394330090,hritikbiswas@example.com,2000,19,Moodbidri Police Station,3,Dakshina Kannada,Active
101485,Harsh Apte,Superintendent,Intelligence,+917126170053,ganga02@example.com,2004,19,Moodbidri Police Station,3,Dakshina Kannada,Active
101486,Indira Nayar,Assistant Sub Inspector,Crime,+915655316551,mandurishilla@example.org,2009,19,Moodbidri Police Station,3,Dakshina Kannada,Active
101487,Irya Yohannan,Head Constable,Cyber Crime,1182719695,darsh79@example.com,1997,19,Moodbidri Police Station,3,Dakshina Kannada,Active
101488,Lakshit Krishna,Sub Inspector,Intelligence,03095339207,handayamini@example.org,2022,19,Moodbidri Police Station,3,Dakshina Kannada,Active
101489,Benjamin Sidhu,Police Constable,Intelligence,+911803895392,battaekanta@example.net,2001,19,Moodbidri Police Station,3,Dakshina Kannada,Active
101490,Vedhika Natarajan,Deputy Superintendent,Intelligence,00841620311,tara99@example.com,2004,19,Moodbidri Police Station,3,Dakshina Kannada,Active
101491,Samesh Mukhopadhyay,Sub Inspector,Law & Order,+915907597331,tapte@example.net,2023,19,Moodbidri Police Station,3,Dakshina Kannada,Active
101492,Yatin Mander,Circle Inspector,Traffic,7116895568,tsabharwal@example.com,2003,19,Moodbidri Police Station,3,Dakshina Kannada,Active
101493,Isha Sachar,Deputy Superintendent,Intelligence,08910990447,hemal41@example.org,1997,19,Moodbidri Police Station,3,Dakshina Kannada,Active
101494,Michael Hans,Circle Inspector,Intelligence,+917110439004,onarula@example.com,2013,19,Moodbidri Police Station,3,Dakshina Kannada,Active
101495,Reyansh Brar,Circle Inspector,Law & Order,+914583216999,jason68@example.com,2022,19,Moodbidri Police Station,3,Dakshina Kannada,Active
101496,Urvashi Taneja,Superintendent,Administration,06829529880,balhaar77@example.org,2010,19,Moodbidri Police Station,3,Dakshina Kannada,Active
101497,Chanchal Vohra,Sub Inspector,Administration,5165834011,dhruv40@example.net,2009,19,Moodbidri Police Station,3,Dakshina Kannada,Active
101498,Shaurya Chaudhuri,Circle Inspector,Law & Order,09494488689,radhakrishnannathaniel@example.org,1998,19,Moodbidri Police Station,3,Dakshina Kannada,Active
101499,Ganga Yohannan,Assistant Sub Inspector,Crime,5675681813,mitalisangha@example.org,2012,19,Moodbidri Police Station,3,Dakshina Kannada,Active
101500,Aarnav Kashyap,Inspector,Intelligence,00257040287,victorborra@example.org,2022,19,Moodbidri Police Station,3,Dakshina Kannada,Active
101501,Alexander Pau,Assistant Sub Inspector,Law & Order,+913289088423,uchoudhary@example.com,2013,19,Moodbidri Police Station,3,Dakshina Kannada,Active
101502,Charvi Bhavsar,Sub Inspector,Cyber Crime,+917881140882,niharika04@example.com,2025,19,Moodbidri Police Station,3,Dakshina Kannada,Active
101503,Raagini Butala,Head Constable,Traffic,4763903390,harshroy@example.net,2008,19,Moodbidri Police Station,3,Dakshina Kannada,Active
101504,Siddharth Chander,Police Constable,Law & Order,06245381501,rshan@example.org,2009,19,Moodbidri Police Station,3,Dakshina Kannada,Active
101505,Omisha Bhagat,Head Constable,Administration,+911058781718,oviya56@example.org,1999,19,Moodbidri Police Station,3,Dakshina Kannada,Active
101506,Jagrati Brar,Inspector,Intelligence,+913703437811,zarna14@example.org,2001,19,Moodbidri Police Station,3,Dakshina Kannada,Active
101507,Yug Tella,Inspector,Law & Order,5154306960,jonathansandal@example.com,2012,19,Moodbidri Police Station,3,Dakshina Kannada,Active
101508,Charvi Rastogi,Head Constable,Crime,06275043414,nairyashawini@example.org,2016,19,Moodbidri Police Station,3,Dakshina Kannada,Active
101509,Bachittar Das,Sub Inspector,Law & Order,06226458296,vanshakumer@example.com,2004,19,Moodbidri Police Station,3,Dakshina Kannada,Active
101510,Rajata Shanker,Deputy Superintendent,Law & Order,08907088049,kevinnagarajan@example.com,2002,19,Moodbidri Police Station,3,Dakshina Kannada,Active
101511,Ryan Kulkarni,Inspector,Administration,08451367183,kavya28@example.net,1999,19,Moodbidri Police Station,3,Dakshina Kannada,Active
101512,Inaya Dayal,Head Constable,Administration,2212732590,sagaronveer@example.net,2011,19,Moodbidri Police Station,3,Dakshina Kannada,Active
101513,Finn Wason,Head Constable,Law & Order,+917392346928,dalalaadi@example.com,2019,19,Moodbidri Police Station,3,Dakshina Kannada,Active
101514,Yashica Din,Superintendent,Administration,08597542516,lakshmiamble@example.net,1998,19,Moodbidri Police Station,3,Dakshina Kannada,Active
101515,Harrison Bhalla,Assistant Sub Inspector,Traffic,3774766217,semsimon@example.net,2016,19,Moodbidri Police Station,3,Dakshina Kannada,Active
101516,Triya Jha,Inspector,Law & Order,00391510122,agastyananda@example.com,1996,19,Moodbidri Police Station,3,Dakshina Kannada,Active
101517,Chandran Pillay,Inspector,Administration,6791467467,arinsunder@example.com,2004,19,Moodbidri Police Station,3,Dakshina Kannada,Active
101518,Yutika Gopal,Sub Inspector,Cyber Crime,00023640689,ssridhar@example.com,1997,19,Moodbidri Police Station,3,Dakshina Kannada,Active
101519,Lipika Dhaliwal,Police Constable,Cyber Crime,+919707178473,merchanttriveni@example.com,2018,19,Moodbidri Police Station,3,Dakshina Kannada,Active
101520,Urishilla Anne,Head Constable,Crime,01876748348,msen@example.com,2002,19,Moodbidri Police Station,3,Dakshina Kannada,Active
101521,Saanvi Vig,Assistant Sub Inspector,Administration,05239475330,joshua58@example.net,2021,19,Moodbidri Police Station,3,Dakshina Kannada,Active
101522,Yash Deol,Police Constable,Administration,00708844164,arunima18@example.net,2020,19,Moodbidri Police Station,3,Dakshina Kannada,Active
101523,Gaurang Pall,Head Constable,Law & Order,+916248289435,badamimason@example.net,1996,19,Moodbidri Police Station,3,Dakshina Kannada,Active
101524,David More,Sub Inspector,Cyber Crime,03395875944,lalbaljiwan@example.net,2007,19,Moodbidri Police Station,3,Dakshina Kannada,Active
101525,Harish Rattan,Deputy Superintendent,Traffic,1085023733,drau@example.net,2003,19,Moodbidri Police Station,3,Dakshina Kannada,Active
101526,Vidhi Chaudry,Police Constable,Intelligence,05754838803,gargdalbir@example.com,2001,19,Moodbidri Police Station,3,Dakshina Kannada,Active
101527,Chaaya Master,Head Constable,Law & Order,+918655411142,borachandani@example.com,2000,19,Moodbidri Police Station,3,Dakshina Kannada,Active
101528,Krishna Vyas,Circle Inspector,Traffic,+913146388629,lmadan@example.net,2014,19,Moodbidri Police Station,3,Dakshina Kannada,Active
101529,Chaitanya Sachdev,Circle Inspector,Administration,09197189971,modyjhalak@example.org,2024,19,Moodbidri Police Station,3,Dakshina Kannada,Active
101530,Tarak Srivastava,Circle Inspector,Administration,9857268563,matthewgarg@example.net,2020,19,Moodbidri Police Station,3,Dakshina Kannada,Active
101531,Omaja Sidhu,Assistant Sub Inspector,Traffic,+913643792797,jasonmani@example.org,2021,19,Moodbidri Police Station,3,Dakshina Kannada,Active
101532,Gagan Dua,Deputy Superintendent,Administration,09489732871,daliaaashi@example.com,2010,19,Moodbidri Police Station,3,Dakshina Kannada,Active
101533,Vaishnavi Suri,Circle Inspector,Administration,3282539390,ctaneja@example.net,1995,19,Moodbidri Police Station,3,Dakshina Kannada,Active
101534,Lopa Doctor,Deputy Superintendent,Law & Order,+915086076539,ghosechakradev@example.org,1996,19,Moodbidri Police Station,3,Dakshina Kannada,Active
101535,Faras Kadakia,Head Constable,Intelligence,7714200406,balaygautami@example.net,2012,19,Moodbidri Police Station,3,Dakshina Kannada,Active
101536,Nitesh Shan,Circle Inspector,Law & Order,08442426670,mistryvrinda@example.org,2021,19,Moodbidri Police Station,3,Dakshina Kannada,Active
101537,Gautam Mittal,Police Constable,Traffic,08018338304,daraekantika@example.net,2001,19,Moodbidri Police Station,3,Dakshina Kannada,Active
101538,Om Kari,Police Constable,Law & Order,02441136625,iraval@example.org,2008,19,Moodbidri Police Station,3,Dakshina Kannada,Active
101539,Atharv Saini,Head Constable,Intelligence,+918627000063,bajwaadvik@example.com,2020,19,Moodbidri Police Station,3,Dakshina Kannada,Active
101540,Oeshi Khosla,Sub Inspector,Crime,+916290493847,pantyatan@example.com,2007,19,Moodbidri Police Station,3,Dakshina Kannada,Active
101541,Daksha Sehgal,Circle Inspector,Administration,5864920578,megha47@example.org,2009,20,Surathkal Police Station,3,Dakshina Kannada,Active
101542,Akshay Gola,Superintendent,Intelligence,02104128558,panini45@example.net,2024,20,Surathkal Police Station,3,Dakshina Kannada,Active
101543,Vamakshi Halder,Circle Inspector,Traffic,+913211753889,wradhakrishnan@example.com,2017,20,Surathkal Police Station,3,Dakshina Kannada,Active
101544,Dalaja Bahl,Circle Inspector,Crime,+915866718172,hiral09@example.com,2014,20,Surathkal Police Station,3,Dakshina Kannada,Active
101545,Kevin More,Circle Inspector,Cyber Crime,04849190083,chatresh60@example.net,2011,20,Surathkal Police Station,3,Dakshina Kannada,Active
101546,Balveer Dhaliwal,Circle Inspector,Administration,2995987768,dhawanaadhya@example.net,2001,20,Surathkal Police Station,3,Dakshina Kannada,Active
101547,Gavin Sachdev,Circle Inspector,Cyber Crime,01978476837,pandyagauri@example.com,2017,20,Surathkal Police Station,3,Dakshina Kannada,Active
101548,Victor Rattan,Police Constable,Law & Order,02599206155,mugdha92@example.com,2008,20,Surathkal Police Station,3,Dakshina Kannada,Active
101549,Anusha Gola,Deputy Superintendent,Traffic,+919908389489,jhaveriabha@example.org,2000,20,Surathkal Police Station,3,Dakshina Kannada,Active
101550,Faras Bahl,Circle Inspector,Crime,+912931414587,victor75@example.net,1997,20,Surathkal Police Station,3,Dakshina Kannada,Active
101551,Jyoti Ganesh,Assistant Sub Inspector,Traffic,06360739651,murtyadweta@example.net,1998,20,Surathkal Police Station,3,Dakshina Kannada,Active
101552,Akshay Chaudhari,Deputy Superintendent,Crime,+914945067634,ipillay@example.org,2002,20,Surathkal Police Station,3,Dakshina Kannada,Active
101553,Saksham Konda,Assistant Sub Inspector,Law & Order,7999426409,azad19@example.org,2009,20,Surathkal Police Station,3,Dakshina Kannada,Active
101554,Samar Mohan,Police Constable,Administration,+918085614724,naidudhriti@example.net,2019,20,Surathkal Police Station,3,Dakshina Kannada,Active
101555,Umang Mitter,Police Constable,Intelligence,7969923618,gadechanchal@example.org,2007,20,Surathkal Police Station,3,Dakshina Kannada,Active
101556,Jeevika Mukhopadhyay,Superintendent,Cyber Crime,08438750116,sbrar@example.net,2000,20,Surathkal Police Station,3,Dakshina Kannada,Active
101557,Ethan Deshpande,Superintendent,Crime,+916636181752,aadi86@example.net,2014,20,Surathkal Police Station,3,Dakshina Kannada,Active
101558,Yatan Kala,Inspector,Traffic,02047100992,sundernitesh@example.com,2005,20,Surathkal Police Station,3,Dakshina Kannada,Active
101559,Chakradev Soni,Assistant Sub Inspector,Administration,+917113669709,teerthmadan@example.com,2000,20,Surathkal Police Station,3,Dakshina Kannada,Active
101560,Aadhya Krish,Deputy Superintendent,Intelligence,6631560299,qsaran@example.org,2013,20,Surathkal Police Station,3,Dakshina Kannada,Active
101561,Lakshmi Sachdev,Deputy Superintendent,Traffic,+915198727476,oraju@example.com,2004,20,Surathkal Police Station,3,Dakshina Kannada,Active
101562,Chaitanya Golla,Deputy Superintendent,Law & Order,00171150822,fbala@example.net,1999,20,Surathkal Police Station,3,Dakshina Kannada,Active
101563,Anthony Loke,Circle Inspector,Traffic,8553812657,udara@example.org,2000,20,Surathkal Police Station,3,Dakshina Kannada,Active
101564,Zarna Hayer,Deputy Superintendent,Intelligence,4233351885,ucchal30@example.net,2002,20,Surathkal Police Station,3,Dakshina Kannada,Active
101565,Ladli Lata,Inspector,Crime,+911687041922,chadameghana@example.net,1995,20,Surathkal Police Station,3,Dakshina Kannada,Active
101566,Tanmayi Baria,Head Constable,Crime,9249566149,bhandaribhavika@example.org,1997,20,Surathkal Police Station,3,Dakshina Kannada,Active
101567,Chavvi Vala,Deputy Superintendent,Intelligence,+917799384200,dhruv74@example.org,2004,20,Surathkal Police Station,3,Dakshina Kannada,Active
101568,Falak Kapadia,Superintendent,Law & Order,8884667704,matthew08@example.com,2001,20,Surathkal Police Station,3,Dakshina Kannada,Active
101569,Bhavini Anne,Assistant Sub Inspector,Intelligence,6047510832,amrutakhalsa@example.net,2016,20,Surathkal Police Station,3,Dakshina Kannada,Active
101570,Aditya Bail,Superintendent,Intelligence,0016774874,isaiah76@example.net,2004,20,Surathkal Police Station,3,Dakshina Kannada,Active
101571,Tamanna Magar,Superintendent,Crime,8382979566,isaiah15@example.org,2015,20,Surathkal Police Station,3,Dakshina Kannada,Active
101572,Indali Cheema,Circle Inspector,Administration,+910522457652,xkale@example.net,1995,20,Surathkal Police Station,3,Dakshina Kannada,Active
101573,Ranbir Dutta,Head Constable,Traffic,9699390512,kparikh@example.net,1998,20,Surathkal Police Station,3,Dakshina Kannada,Active
101574,Triveni Sem,Head Constable,Traffic,04586052162,ektalad@example.net,2013,20,Surathkal Police Station,3,Dakshina Kannada,Active
101575,Gautami Minhas,Superintendent,Traffic,+919340287476,vritti23@example.org,1999,20,Surathkal Police Station,3,Dakshina Kannada,Active
101576,Hemang Mital,Inspector,Traffic,05698136814,bahrizinal@example.net,2006,20,Surathkal Police Station,3,Dakshina Kannada,Active
101577,Zashil Lanka,Circle Inspector,Intelligence,7139996812,nidra88@example.com,2024,20,Surathkal Police Station,3,Dakshina Kannada,Active
101578,Chakradhar Mital,Circle Inspector,Intelligence,1891313531,morejason@example.com,2000,20,Surathkal Police Station,3,Dakshina Kannada,Active
101579,Nihal Parmar,Inspector,Crime,05039023887,harshmannan@example.net,1997,20,Surathkal Police Station,3,Dakshina Kannada,Active
101580,Vasana Mukherjee,Circle Inspector,Law & Order,+913395627965,chakradevsagar@example.org,2017,20,Surathkal Police Station,3,Dakshina Kannada,Active
101581,Bhavya Krishnan,Police Constable,Cyber Crime,+910613412133,aadhyavarghese@example.org,2017,20,Surathkal Police Station,3,Dakshina Kannada,Active
101582,Harinakshi Dara,Head Constable,Cyber Crime,6670309266,fshukla@example.com,2022,20,Surathkal Police Station,3,Dakshina Kannada,Active
101583,Bhavini Ramachandran,Assistant Sub Inspector,Cyber Crime,+915657443221,akshayravel@example.net,2003,20,Surathkal Police Station,3,Dakshina Kannada,Active
101584,Arjun Chandran,Deputy Superintendent,Intelligence,4617600396,ldhingra@example.com,2010,20,Surathkal Police Station,3,Dakshina Kannada,Active
101585,Dominic Nagarajan,Superintendent,Administration,9226657435,moretanveer@example.net,1998,20,Surathkal Police Station,3,Dakshina Kannada,Active
101586,Vasatika Vyas,Deputy Superintendent,Traffic,05475578649,kohliurvashi@example.org,2020,20,Surathkal Police Station,3,Dakshina Kannada,Active
101587,Tanish Dyal,Inspector,Traffic,+910376991292,yanand@example.net,2004,20,Surathkal Police Station,3,Dakshina Kannada,Active
101588,Megha Pandya,Sub Inspector,Traffic,4427171738,bhavna26@example.com,2011,20,Surathkal Police Station,3,Dakshina Kannada,Active
101589,Anjali Sane,Superintendent,Crime,09788116279,falgunibiswas@example.org,2023,20,Surathkal Police Station,3,Dakshina Kannada,Active
101590,Ekapad Chakraborty,Inspector,Law & Order,+916375830882,isha80@example.net,2000,20,Surathkal Police Station,3,Dakshina Kannada,Active
101591,Kavya Mangal,Assistant Sub Inspector,Cyber Crime,4527757313,ypalla@example.org,2001,20,Surathkal Police Station,3,Dakshina Kannada,Active
101592,Omkaar Desai,Police Constable,Crime,6455864477,dbedi@example.org,2012,20,Surathkal Police Station,3,Dakshina Kannada,Active
101593,Aashi Kadakia,Deputy Superintendent,Crime,+911222334975,ladgayathri@example.org,2023,20,Surathkal Police Station,3,Dakshina Kannada,Active
101594,Bahadurjit Shah,Assistant Sub Inspector,Crime,+918072034815,sarabuch@example.net,2006,20,Surathkal Police Station,3,Dakshina Kannada,Active
101595,Dalaja Bava,Sub Inspector,Cyber Crime,04002234479,ladavni@example.net,2007,20,Surathkal Police Station,3,Dakshina Kannada,Active
101596,Jai Chand,Superintendent,Traffic,07818934013,nagykashvi@example.org,2005,20,Surathkal Police Station,3,Dakshina Kannada,Active
101597,Darpan Zacharia,Deputy Superintendent,Administration,+919385791483,ryan08@example.net,2004,20,Surathkal Police Station,3,Dakshina Kannada,Active
101598,Turvi Vohra,Deputy Superintendent,Intelligence,+914589091887,wmand@example.net,2004,20,Surathkal Police Station,3,Dakshina Kannada,Active
101599,Kai Dass,Assistant Sub Inspector,Law & Order,05441783994,brindadugar@example.org,2012,20,Surathkal Police Station,3,Dakshina Kannada,Active
101600,Madhav Parmar,Assistant Sub Inspector,Traffic,+914671739527,fbava@example.com,2008,20,Surathkal Police Station,3,Dakshina Kannada,Active
101601,Anmol Bhavsar,Head Constable,Administration,00823387854,sachdevjanuja@example.org,2015,20,Surathkal Police Station,3,Dakshina Kannada,Active
101602,Hritik Date,Police Constable,Law & Order,01826544384,jjoshi@example.net,2023,20,Surathkal Police Station,3,Dakshina Kannada,Active
101603,Gaurangi Ramanathan,Police Constable,Crime,7469072520,zjayaraman@example.net,2016,20,Surathkal Police Station,3,Dakshina Kannada,Active
101604,Nachiket Mangal,Head Constable,Law & Order,05474392355,vigsneha@example.net,2013,20,Surathkal Police Station,3,Dakshina Kannada,Active
101605,Praneel Chand,Inspector,Crime,3515570675,kchoudhry@example.com,2011,20,Surathkal Police Station,3,Dakshina Kannada,Active
101606,Ryan Varty,Circle Inspector,Cyber Crime,+919728074258,bimalabhavsar@example.com,2008,20,Surathkal Police Station,3,Dakshina Kannada,Active
101607,Omya Dasgupta,Head Constable,Traffic,2799824060,mekhalabal@example.com,2013,20,Surathkal Police Station,3,Dakshina Kannada,Active
101608,Frado Khalsa,Inspector,Intelligence,5158576009,yraju@example.org,1998,20,Surathkal Police Station,3,Dakshina Kannada,Active
101609,Balveer Behl,Superintendent,Law & Order,+912869321122,ubikaedwin@example.org,2002,20,Surathkal Police Station,3,Dakshina Kannada,Active
101610,Jacob Acharya,Inspector,Intelligence,01121789659,tripti53@example.net,2010,20,Surathkal Police Station,3,Dakshina Kannada,Active
101611,Jeremiah Purohit,Deputy Superintendent,Cyber Crime,03439650671,peterwali@example.com,2016,20,Surathkal Police Station,3,Dakshina Kannada,Active
101612,Shivansh Nanda,Head Constable,Intelligence,01447864595,yvohra@example.org,2019,20,Surathkal Police Station,3,Dakshina Kannada,Active
101613,Wriddhish Subramaniam,Superintendent,Intelligence,3432071279,morartimothy@example.org,2009,20,Surathkal Police Station,3,Dakshina Kannada,Active
101614,Jagat Raja,Circle Inspector,Traffic,07803275402,sudikshaagrawal@example.org,2017,20,Surathkal Police Station,3,Dakshina Kannada,Active
101615,Pratyush Ratti,Head Constable,Law & Order,01180500366,tarameghana@example.net,2023,20,Surathkal Police Station,3,Dakshina Kannada,Active
101616,Upadhriti Pillai,Police Constable,Crime,04675622959,omya62@example.org,2014,20,Surathkal Police Station,3,Dakshina Kannada,Active
101617,Shravya Dixit,Police Constable,Intelligence,06789110951,tamannasekhon@example.net,2011,20,Surathkal Police Station,3,Dakshina Kannada,Active
101618,Harinakshi Chaudhari,Inspector,Intelligence,09913613378,blal@example.net,2011,20,Surathkal Police Station,3,Dakshina Kannada,Active
