EvidenceID,CaseID,EvidenceType,CollectedDate,Status,ForensicLab,Verified
1,1,Knife,2026-08-21,Rejected,Mysuru FSL,False
2,1,Mobile Phone,2026-08-21,Verified,Mangaluru FSL,False
3,1,SIM Card,2026-08-21,Pending Analysis,Mysuru FSL,False
4,2,Hard Disk,2024-05-21,Rejected,Bengaluru FSL,False
5,2,CCTV Footage,2024-05-21,Pending Analysis,Mangaluru FSL,False
6,2,Laptop,2024-05-21,Sent to FSL,Mangaluru FSL,False
7,2,Clothing,2024-05-21,Collected,Bengaluru FSL,True
8,2,Fingerprint,2024-05-21,Verified,Mysuru FSL,True
9,3,CCTV Footage,2026-08-22,Pending Analysis,Mangaluru FSL,False
10,3,DNA Sample,2026-08-22,Pending Analysis,Bengaluru FSL,False
11,3,Mobile Phone,2026-08-22,Verified,Bengaluru FSL,True
12,3,Blood Sample,2026-08-22,Sent to FSL,Bengaluru FSL,False
13,3,Vehicle,2026-08-22,Pending Analysis,Bengaluru FSL,True
14,4,Blood Sample,2022-09-21,Sent to FSL,Mysuru FSL,False
15,4,Mobile Phone,2022-09-21,Pending Analysis,Mangaluru FSL,True
16,4,Clothing,2022-09-21,Sent to FSL,Bengaluru FSL,True
17,4,DNA Sample,2022-09-21,Verified,Mysuru FSL,True
18,4,Vehicle,2022-09-21,Rejected,Mysuru FSL,False
19,5,SIM Card,2023-10-05,Sent to FSL,Mangaluru FSL,True
20,5,Fingerprint,2023-10-05,Verified,Bengaluru FSL,True
21,5,Drug Sample,2023-10-05,Pending Analysis,Mangaluru FSL,True
22,5,Knife,2023-10-05,Sent to FSL,Bengaluru FSL,False
23,5,Vehicle,2023-10-05,Rejected,Bengaluru FSL,True
24,6,Blood Sample,2024-10-20,Rejected,Bengaluru FSL,False
25,6,Laptop,2024-10-20,Sent to FSL,Bengaluru FSL,True
26,6,SIM Card,2024-10-20,Collected,Mysuru FSL,True
27,7,Knife,2024-01-15,Collected,Bengaluru FSL,False
28,7,Fingerprint,2024-01-15,Sent to FSL,Bengaluru FSL,True
29,8,Knife,2023-06-28,Sent to FSL,Bengaluru FSL,False
30,8,Drug Sample,2023-06-28,Sent to FSL,Mysuru FSL,False
31,8,Document,2023-06-28,Sent to FSL,Mysuru FSL,True
32,8,SIM Card,2023-06-28,Sent to FSL,Mysuru FSL,False
33,9,USB Drive,2022-02-07,Pending Analysis,Mangaluru FSL,True
34,10,Fingerprint,2023-03-27,Sent to FSL,Mangaluru FSL,False
35,10,Hard Disk,2023-03-27,Rejected,Bengaluru FSL,True
36,10,Drug Sample,2023-03-27,Pending Analysis,Bengaluru FSL,True
37,11,SIM Card,2023-06-17,Sent to FSL,Mangaluru FSL,True
38,11,Fingerprint,2023-06-17,Collected,Bengaluru FSL,False
39,11,Knife,2023-06-17,Rejected,Mangaluru FSL,False
40,12,Firearm,2025-02-24,Sent to FSL,Mysuru FSL,True
41,12,Hard Disk,2025-02-24,Verified,Bengaluru FSL,True
42,12,Blood Sample,2025-02-24,Sent to FSL,Mysuru FSL,True
43,13,Knife,2026-02-01,Verified,Mysuru FSL,True
44,13,Mobile Phone,2026-02-01,Rejected,Mangaluru FSL,True
45,13,USB Drive,2026-02-01,Verified,Mangaluru FSL,True
46,13,Vehicle,2026-02-01,Pending Analysis,Mysuru FSL,True
47,14,Mobile Phone,2023-10-17,Pending Analysis,Mysuru FSL,True
48,14,CCTV Footage,2023-10-17,Verified,Mangaluru FSL,False
49,15,Document,2026-01-14,Pending Analysis,Bengaluru FSL,False
50,15,Mobile Phone,2026-01-14,Collected,Mysuru FSL,False
51,15,SIM Card,2026-01-14,Pending Analysis,Mangaluru FSL,False
52,15,USB Drive,2026-01-14,Collected,Bengaluru FSL,True
53,16,Mobile Phone,2026-03-02,Rejected,Mysuru FSL,False
54,16,Drug Sample,2026-03-02,Sent to FSL,Mysuru FSL,True
55,16,Blood Sample,2026-03-02,Pending Analysis,Mysuru FSL,True
56,17,Document,2025-03-29,Rejected,Mysuru FSL,True
57,18,Clothing,2024-04-22,Pending Analysis,Bengaluru FSL,False
58,19,USB Drive,2026-05-12,Verified,Mysuru FSL,True
59,19,SIM Card,2026-05-12,Collected,Bengaluru FSL,False
60,19,Blood Sample,2026-05-12,Verified,Mangaluru FSL,False
61,19,Clothing,2026-05-12,Pending Analysis,Mysuru FSL,False
62,19,Knife,2026-05-12,Rejected,Mysuru FSL,False
63,20,Vehicle,2025-11-23,Sent to FSL,Bengaluru FSL,False
64,20,Clothing,2025-11-23,Rejected,Mangaluru FSL,True
65,20,Drug Sample,2025-11-23,Sent to FSL,Bengaluru FSL,False
66,21,Drug Sample,2025-06-17,Collected,Bengaluru FSL,True
67,21,Blood Sample,2025-06-17,Collected,Bengaluru FSL,False
68,21,DNA Sample,2025-06-17,Collected,Mysuru FSL,True
69,21,USB Drive,2025-06-17,Verified,Mangaluru FSL,False
70,22,Mobile Phone,2024-12-08,Sent to FSL,Mangaluru FSL,True
71,22,USB Drive,2024-12-08,Rejected,Mysuru FSL,True
72,22,Fingerprint,2024-12-08,Collected,Mysuru FSL,True
73,22,Clothing,2024-12-08,Pending Analysis,Bengaluru FSL,True
74,23,Blood Sample,2025-11-21,Rejected,Bengaluru FSL,False
75,23,Document,2025-11-21,Pending Analysis,Mangaluru FSL,False
76,23,Mobile Phone,2025-11-21,Pending Analysis,Mangaluru FSL,False
77,23,Drug Sample,2025-11-21,Pending Analysis,Mysuru FSL,True
78,23,USB Drive,2025-11-21,Verified,Bengaluru FSL,False
79,24,Clothing,2022-06-09,Rejected,Mangaluru FSL,True
80,24,DNA Sample,2022-06-09,Sent to FSL,Mysuru FSL,False
81,24,Mobile Phone,2022-06-09,Collected,Mysuru FSL,True
82,25,USB Drive,2025-10-31,Verified,Mysuru FSL,True
83,26,Hard Disk,2025-03-20,Sent to FSL,Mysuru FSL,False
84,26,Fingerprint,2025-03-20,Verified,Bengaluru FSL,True
85,26,Mobile Phone,2025-03-20,Verified,Mangaluru FSL,False
86,26,Blood Sample,2025-03-20,Collected,Mangaluru FSL,False
87,27,Drug Sample,2024-07-22,Pending Analysis,Bengaluru FSL,False
88,27,CCTV Footage,2024-07-22,Rejected,Mysuru FSL,True
89,27,Vehicle,2024-07-22,Pending Analysis,Bengaluru FSL,True
90,28,SIM Card,2023-05-13,Collected,Bengaluru FSL,True
91,28,USB Drive,2023-05-13,Rejected,Mysuru FSL,False
92,28,Knife,2023-05-13,Sent to FSL,Mangaluru FSL,False
93,29,Blood Sample,2024-01-03,Pending Analysis,Mysuru FSL,False
94,29,Document,2024-01-03,Pending Analysis,Mangaluru FSL,False
95,29,CCTV Footage,2024-01-03,Verified,Mangaluru FSL,False
96,29,Clothing,2024-01-03,Rejected,Mangaluru FSL,True
97,30,Knife,2022-02-24,Pending Analysis,Mangaluru FSL,False
98,30,Document,2022-02-24,Pending Analysis,Mangaluru FSL,False
99,30,CCTV Footage,2022-02-24,Rejected,Bengaluru FSL,False
100,30,Clothing,2022-02-24,Collected,Mangaluru FSL,True
101,31,Hard Disk,2024-09-28,Sent to FSL,Bengaluru FSL,True
102,31,Blood Sample,2024-09-28,Verified,Bengaluru FSL,False
103,31,USB Drive,2024-09-28,Collected,Bengaluru FSL,False
104,31,SIM Card,2024-09-28,Collected,Mangaluru FSL,True
105,32,Mobile Phone,2024-04-17,Verified,Bengaluru FSL,True
106,32,USB Drive,2024-04-17,Pending Analysis,Bengaluru FSL,True
107,33,Document,2023-11-21,Rejected,Bengaluru FSL,False
108,33,Fingerprint,2023-11-21,Sent to FSL,Mysuru FSL,True
109,34,Hard Disk,2022-08-09,Verified,Bengaluru FSL,False
110,34,Drug Sample,2022-08-09,Rejected,Mangaluru FSL,False
111,34,Knife,2022-08-09,Sent to FSL,Bengaluru FSL,True
112,34,Firearm,2022-08-09,Sent to FSL,Bengaluru FSL,True
113,35,Hard Disk,2023-12-13,Pending Analysis,Bengaluru FSL,False
114,35,Drug Sample,2023-12-13,Collected,Mangaluru FSL,True
115,35,DNA Sample,2023-12-13,Pending Analysis,Bengaluru FSL,True
116,36,DNA Sample,2024-05-23,Collected,Mysuru FSL,True
117,36,Firearm,2024-05-23,Verified,Mysuru FSL,False
118,37,CCTV Footage,2024-02-08,Verified,Mangaluru FSL,True
119,37,Document,2024-02-08,Verified,Bengaluru FSL,True
120,37,Clothing,2024-02-08,Verified,Mangaluru FSL,False
121,38,Hard Disk,2023-01-17,Pending Analysis,Bengaluru FSL,False
122,38,Document,2023-01-17,Pending Analysis,Mangaluru FSL,True
123,39,Hard Disk,2026-01-25,Verified,Bengaluru FSL,False
124,39,Clothing,2026-01-25,Sent to FSL,Bengaluru FSL,False
125,40,Laptop,2025-03-13,Pending Analysis,Mysuru FSL,False
126,41,DNA Sample,2023-01-03,Rejected,Mysuru FSL,True
127,41,Mobile Phone,2023-01-03,Verified,Bengaluru FSL,False
128,41,Knife,2023-01-03,Rejected,Mysuru FSL,True
129,41,USB Drive,2023-01-03,Rejected,Bengaluru FSL,True
130,41,CCTV Footage,2023-01-03,Rejected,Bengaluru FSL,False
131,42,Drug Sample,2026-10-04,Verified,Mysuru FSL,True
132,42,Mobile Phone,2026-10-04,Pending Analysis,Mangaluru FSL,True
133,42,Laptop,2026-10-04,Sent to FSL,Mangaluru FSL,True
134,43,Knife,2023-05-19,Verified,Bengaluru FSL,True
135,43,Vehicle,2023-05-19,Collected,Bengaluru FSL,True
136,43,Clothing,2023-05-19,Rejected,Bengaluru FSL,False
137,43,Hard Disk,2023-05-19,Collected,Bengaluru FSL,True
138,44,Blood Sample,2023-12-02,Pending Analysis,Mangaluru FSL,False
139,44,Mobile Phone,2023-12-02,Rejected,Mangaluru FSL,False
140,44,Vehicle,2023-12-02,Pending Analysis,Bengaluru FSL,False
141,44,Clothing,2023-12-02,Pending Analysis,Bengaluru FSL,False
142,44,Firearm,2023-12-02,Verified,Mysuru FSL,True
143,45,Hard Disk,2024-04-25,Sent to FSL,Bengaluru FSL,True
144,45,Drug Sample,2024-04-25,Verified,Mysuru FSL,True
145,45,Firearm,2024-04-25,Sent to FSL,Bengaluru FSL,True
146,45,Mobile Phone,2024-04-25,Verified,Mangaluru FSL,True
147,46,Laptop,2023-11-28,Pending Analysis,Mangaluru FSL,True
148,46,Knife,2023-11-28,Sent to FSL,Mysuru FSL,True
149,46,Clothing,2023-11-28,Verified,Mangaluru FSL,True
150,47,Clothing,2023-09-26,Verified,Mangaluru FSL,False
151,47,CCTV Footage,2023-09-26,Verified,Bengaluru FSL,True
152,48,DNA Sample,2022-06-24,Rejected,Bengaluru FSL,False
153,48,USB Drive,2022-06-24,Sent to FSL,Mangaluru FSL,False
154,48,Document,2022-06-24,Rejected,Mangaluru FSL,False
155,49,Clothing,2022-12-27,Collected,Bengaluru FSL,True
156,49,Hard Disk,2022-12-27,Rejected,Mysuru FSL,True
157,50,Mobile Phone,2023-03-25,Pending Analysis,Bengaluru FSL,False
158,50,Drug Sample,2023-03-25,Collected,Bengaluru FSL,False
159,51,Knife,2023-11-09,Sent to FSL,Mangaluru FSL,False
160,51,Firearm,2023-11-09,Pending Analysis,Mangaluru FSL,False
161,51,SIM Card,2023-11-09,Rejected,Mangaluru FSL,False
162,51,DNA Sample,2023-11-09,Collected,Mysuru FSL,False
163,51,Mobile Phone,2023-11-09,Verified,Mangaluru FSL,False
164,52,Mobile Phone,2026-12-05,Verified,Bengaluru FSL,False
165,53,Blood Sample,2026-12-09,Pending Analysis,Mangaluru FSL,False
166,53,CCTV Footage,2026-12-09,Rejected,Mangaluru FSL,False
167,53,DNA Sample,2026-12-09,Collected,Mysuru FSL,True
168,53,Vehicle,2026-12-09,Rejected,Mangaluru FSL,False
169,53,USB Drive,2026-12-09,Collected,Mysuru FSL,False
170,54,Clothing,2026-05-18,Rejected,Mangaluru FSL,True
171,54,CCTV Footage,2026-05-18,Rejected,Bengaluru FSL,False
172,54,Hard Disk,2026-05-18,Sent to FSL,Mangaluru FSL,False
173,55,SIM Card,2024-10-05,Pending Analysis,Mysuru FSL,False
174,55,Document,2024-10-05,Verified,Mangaluru FSL,True
175,55,Blood Sample,2024-10-05,Verified,Mysuru FSL,False
176,55,Knife,2024-10-05,Pending Analysis,Bengaluru FSL,False
177,56,DNA Sample,2024-02-08,Collected,Mangaluru FSL,False
178,56,Fingerprint,2024-02-08,Sent to FSL,Mysuru FSL,True
179,56,Drug Sample,2024-02-08,Verified,Mangaluru FSL,False
180,57,Mobile Phone,2025-05-21,Verified,Mysuru FSL,False
181,57,Laptop,2025-05-21,Pending Analysis,Mysuru FSL,True
182,58,Laptop,2022-04-10,Rejected,Bengaluru FSL,True
183,58,Document,2022-04-10,Pending Analysis,Mysuru FSL,True
184,58,Fingerprint,2022-04-10,Sent to FSL,Mysuru FSL,True
185,59,Clothing,2025-08-08,Verified,Mangaluru FSL,True
186,60,DNA Sample,2023-01-18,Verified,Bengaluru FSL,False
187,60,CCTV Footage,2023-01-18,Sent to FSL,Mysuru FSL,False
188,60,Drug Sample,2023-01-18,Rejected,Mysuru FSL,False
189,60,Vehicle,2023-01-18,Collected,Bengaluru FSL,False
190,60,USB Drive,2023-01-18,Collected,Bengaluru FSL,False
191,61,SIM Card,2024-02-20,Sent to FSL,Mangaluru FSL,True
192,61,Knife,2024-02-20,Rejected,Mangaluru FSL,True
193,61,Firearm,2024-02-20,Sent to FSL,Mangaluru FSL,False
194,61,Laptop,2024-02-20,Collected,Mangaluru FSL,False
195,61,Drug Sample,2024-02-20,Rejected,Mysuru FSL,True
196,62,Clothing,2023-05-30,Rejected,Mysuru FSL,True
197,62,CCTV Footage,2023-05-30,Rejected,Bengaluru FSL,True
198,62,Drug Sample,2023-05-30,Verified,Bengaluru FSL,False
199,62,Laptop,2023-05-30,Verified,Mangaluru FSL,True
200,63,CCTV Footage,2023-01-25,Rejected,Mysuru FSL,False
201,63,USB Drive,2023-01-25,Verified,Mangaluru FSL,False
202,63,Clothing,2023-01-25,Sent to FSL,Mysuru FSL,False
203,63,Document,2023-01-25,Collected,Mysuru FSL,False
204,63,Mobile Phone,2023-01-25,Verified,Bengaluru FSL,False
205,64,Firearm,2023-12-06,Sent to FSL,Bengaluru FSL,True
206,65,Mobile Phone,2025-10-23,Sent to FSL,Mysuru FSL,True
207,66,Drug Sample,2025-02-24,Rejected,Mysuru FSL,False
208,66,Clothing,2025-02-24,Collected,Mangaluru FSL,False
209,66,Fingerprint,2025-02-24,Verified,Mysuru FSL,False
210,66,SIM Card,2025-02-24,Collected,Mysuru FSL,False
211,67,Fingerprint,2024-06-02,Collected,Bengaluru FSL,False
212,67,Knife,2024-06-02,Pending Analysis,Bengaluru FSL,True
213,67,Hard Disk,2024-06-02,Pending Analysis,Mysuru FSL,True
214,67,Vehicle,2024-06-02,Rejected,Bengaluru FSL,False
215,67,USB Drive,2024-06-02,Verified,Mangaluru FSL,True
216,68,Knife,2023-11-06,Collected,Bengaluru FSL,True
217,69,Firearm,2022-03-04,Collected,Mangaluru FSL,True
218,70,DNA Sample,2024-01-29,Verified,Mangaluru FSL,True
219,71,Clothing,2023-11-22,Collected,Mysuru FSL,True
220,71,Document,2023-11-22,Sent to FSL,Mysuru FSL,True
221,71,Blood Sample,2023-11-22,Pending Analysis,Bengaluru FSL,True
222,71,SIM Card,2023-11-22,Pending Analysis,Mysuru FSL,True
223,72,Fingerprint,2024-06-05,Verified,Mysuru FSL,False
224,72,Mobile Phone,2024-06-05,Pending Analysis,Bengaluru FSL,False
225,73,Firearm,2024-09-28,Verified,Mangaluru FSL,True
226,73,Blood Sample,2024-09-28,Rejected,Mangaluru FSL,True
227,74,CCTV Footage,2022-03-22,Sent to FSL,Mangaluru FSL,True
228,75,Knife,2025-07-20,Rejected,Mangaluru FSL,False
229,75,USB Drive,2025-07-20,Sent to FSL,Bengaluru FSL,True
230,75,Mobile Phone,2025-07-20,Pending Analysis,Mangaluru FSL,True
231,75,Fingerprint,2025-07-20,Pending Analysis,Bengaluru FSL,True
232,76,Mobile Phone,2025-06-23,Rejected,Bengaluru FSL,True
233,77,Mobile Phone,2023-11-24,Pending Analysis,Bengaluru FSL,False
234,78,SIM Card,2023-05-22,Collected,Mysuru FSL,False
235,78,Laptop,2023-05-22,Rejected,Bengaluru FSL,False
236,78,Clothing,2023-05-22,Verified,Bengaluru FSL,False
237,78,Drug Sample,2023-05-22,Collected,Bengaluru FSL,True
238,79,Mobile Phone,2022-04-09,Pending Analysis,Bengaluru FSL,True
239,79,Firearm,2022-04-09,Pending Analysis,Bengaluru FSL,False
240,80,Blood Sample,2023-04-25,Verified,Mangaluru FSL,False
241,80,Hard Disk,2023-04-25,Verified,Bengaluru FSL,False
242,80,CCTV Footage,2023-04-25,Sent to FSL,Mysuru FSL,False
243,80,Drug Sample,2023-04-25,Verified,Bengaluru FSL,False
244,80,Firearm,2023-04-25,Verified,Bengaluru FSL,False
245,81,DNA Sample,2025-06-18,Rejected,Mangaluru FSL,True
246,81,Mobile Phone,2025-06-18,Rejected,Mysuru FSL,False
247,82,Fingerprint,2026-09-22,Pending Analysis,Mysuru FSL,True
248,82,DNA Sample,2026-09-22,Sent to FSL,Bengaluru FSL,True
249,82,Laptop,2026-09-22,Collected,Mangaluru FSL,True
250,82,Firearm,2026-09-22,Pending Analysis,Mysuru FSL,False
251,82,Hard Disk,2026-09-22,Collected,Mangaluru FSL,False
252,83,Hard Disk,2026-03-04,Sent to FSL,Mysuru FSL,True
253,83,Vehicle,2026-03-04,Pending Analysis,Mangaluru FSL,False
254,83,Drug Sample,2026-03-04,Collected,Bengaluru FSL,True
255,84,Fingerprint,2026-02-01,Sent to FSL,Bengaluru FSL,False
256,84,CCTV Footage,2026-02-01,Verified,Bengaluru FSL,False
257,84,Hard Disk,2026-02-01,Collected,Mysuru FSL,True
258,84,Mobile Phone,2026-02-01,Collected,Mangaluru FSL,True
259,84,Clothing,2026-02-01,Collected,Mysuru FSL,True
260,85,DNA Sample,2024-11-10,Rejected,Bengaluru FSL,False
261,85,Knife,2024-11-10,Rejected,Mangaluru FSL,True
262,85,Firearm,2024-11-10,Collected,Bengaluru FSL,False
263,86,Firearm,2022-07-10,Collected,Mysuru FSL,True
264,86,Vehicle,2022-07-10,Rejected,Mangaluru FSL,False
265,86,USB Drive,2022-07-10,Collected,Bengaluru FSL,False
266,86,CCTV Footage,2022-07-10,Pending Analysis,Bengaluru FSL,False
267,87,Clothing,2022-12-27,Collected,Mangaluru FSL,True
268,87,Hard Disk,2022-12-27,Sent to FSL,Bengaluru FSL,True
269,87,Vehicle,2022-12-27,Sent to FSL,Mysuru FSL,False
270,87,CCTV Footage,2022-12-27,Pending Analysis,Mangaluru FSL,False
271,87,Knife,2022-12-27,Sent to FSL,Mangaluru FSL,True
272,88,USB Drive,2026-06-26,Verified,Mangaluru FSL,False
273,88,Blood Sample,2026-06-26,Sent to FSL,Bengaluru FSL,False
274,88,Clothing,2026-06-26,Sent to FSL,Bengaluru FSL,True
275,89,Knife,2025-04-12,Verified,Mangaluru FSL,False
276,89,Hard Disk,2025-04-12,Verified,Mysuru FSL,False
277,89,Laptop,2025-04-12,Collected,Mysuru FSL,True
278,90,Fingerprint,2025-12-19,Sent to FSL,Mangaluru FSL,True
279,90,Firearm,2025-12-19,Collected,Bengaluru FSL,True
280,90,Laptop,2025-12-19,Sent to FSL,Mangaluru FSL,True
281,90,Clothing,2025-12-19,Sent to FSL,Mangaluru FSL,False
282,90,Vehicle,2025-12-19,Pending Analysis,Mangaluru FSL,True
283,91,Knife,2024-12-15,Verified,Bengaluru FSL,False
284,91,Mobile Phone,2024-12-15,Pending Analysis,Bengaluru FSL,False
285,92,Knife,2023-01-30,Verified,Mangaluru FSL,True
286,92,Fingerprint,2023-01-30,Sent to FSL,Mysuru FSL,True
287,93,Drug Sample,2023-04-20,Rejected,Mangaluru FSL,False
288,93,CCTV Footage,2023-04-20,Verified,Bengaluru FSL,False
289,93,USB Drive,2023-04-20,Pending Analysis,Mysuru FSL,True
290,93,Blood Sample,2023-04-20,Rejected,Mangaluru FSL,False
291,94,Clothing,2025-06-22,Sent to FSL,Bengaluru FSL,True
292,95,DNA Sample,2022-03-05,Verified,Bengaluru FSL,False
293,95,SIM Card,2022-03-05,Rejected,Mysuru FSL,False
294,95,USB Drive,2022-03-05,Sent to FSL,Bengaluru FSL,False
295,96,Knife,2026-10-03,Rejected,Mysuru FSL,True
296,96,Clothing,2026-10-03,Rejected,Mysuru FSL,False
297,97,Firearm,2025-03-14,Collected,Bengaluru FSL,True
298,97,Blood Sample,2025-03-14,Collected,Mangaluru FSL,True
299,97,USB Drive,2025-03-14,Collected,Mangaluru FSL,False
300,98,Mobile Phone,2025-01-06,Sent to FSL,Mysuru FSL,False
301,98,Drug Sample,2025-01-06,Collected,Mysuru FSL,True
302,98,DNA Sample,2025-01-06,Rejected,Mysuru FSL,False
303,98,Vehicle,2025-01-06,Pending Analysis,Mangaluru FSL,False
304,98,Document,2025-01-06,Collected,Mangaluru FSL,False
305,99,Blood Sample,2026-10-29,Verified,Bengaluru FSL,True
306,99,Fingerprint,2026-10-29,Sent to FSL,Mangaluru FSL,True
307,99,Mobile Phone,2026-10-29,Sent to FSL,Mangaluru FSL,True
308,99,DNA Sample,2026-10-29,Collected,Bengaluru FSL,True
309,100,DNA Sample,2023-07-25,Collected,Mysuru FSL,False
310,100,Mobile Phone,2023-07-25,Sent to FSL,Mangaluru FSL,True
311,101,Firearm,2023-01-08,Sent to FSL,Mysuru FSL,False
312,101,Drug Sample,2023-01-08,Sent to FSL,Bengaluru FSL,False
313,101,Clothing,2023-01-08,Pending Analysis,Mangaluru FSL,True
314,102,SIM Card,2023-07-07,Pending Analysis,Mangaluru FSL,False
315,102,Blood Sample,2023-07-07,Pending Analysis,Mangaluru FSL,True
316,102,DNA Sample,2023-07-07,Pending Analysis,Bengaluru FSL,True
317,103,Firearm,2026-01-19,Sent to FSL,Mangaluru FSL,False
318,103,Clothing,2026-01-19,Verified,Bengaluru FSL,False
319,103,USB Drive,2026-01-19,Sent to FSL,Mangaluru FSL,True
320,104,Fingerprint,2024-05-01,Collected,Mysuru FSL,False
321,104,Blood Sample,2024-05-01,Rejected,Mysuru FSL,True
322,104,Mobile Phone,2024-05-01,Rejected,Mysuru FSL,True
323,104,Firearm,2024-05-01,Pending Analysis,Bengaluru FSL,True
324,104,SIM Card,2024-05-01,Sent to FSL,Mangaluru FSL,False
325,105,Mobile Phone,2022-08-07,Verified,Mysuru FSL,True
326,105,SIM Card,2022-08-07,Verified,Mangaluru FSL,False
327,105,Document,2022-08-07,Sent to FSL,Mysuru FSL,False
328,106,Laptop,2023-10-04,Verified,Bengaluru FSL,False
329,106,Document,2023-10-04,Rejected,Mysuru FSL,True
330,106,Drug Sample,2023-10-04,Sent to FSL,Bengaluru FSL,True
331,106,Vehicle,2023-10-04,Rejected,Mangaluru FSL,False
332,106,Knife,2023-10-04,Sent to FSL,Mangaluru FSL,True
333,107,Drug Sample,2026-04-28,Pending Analysis,Mysuru FSL,False
334,107,Laptop,2026-04-28,Rejected,Mangaluru FSL,True
335,107,DNA Sample,2026-04-28,Rejected,Mangaluru FSL,True
336,107,SIM Card,2026-04-28,Pending Analysis,Mangaluru FSL,True
337,108,SIM Card,2026-11-29,Collected,Bengaluru FSL,False
338,109,Laptop,2024-01-04,Sent to FSL,Bengaluru FSL,True
339,110,USB Drive,2024-06-06,Sent to FSL,Mangaluru FSL,False
340,110,DNA Sample,2024-06-06,Rejected,Mangaluru FSL,True
341,110,CCTV Footage,2024-06-06,Collected,Bengaluru FSL,True
342,110,Clothing,2024-06-06,Verified,Mangaluru FSL,False
343,110,Document,2024-06-06,Pending Analysis,Mangaluru FSL,False
344,111,Laptop,2022-06-11,Pending Analysis,Bengaluru FSL,False
345,111,Knife,2022-06-11,Verified,Bengaluru FSL,True
346,111,Document,2022-06-11,Collected,Mangaluru FSL,False
347,111,Blood Sample,2022-06-11,Pending Analysis,Mysuru FSL,True
348,111,SIM Card,2022-06-11,Pending Analysis,Mysuru FSL,False
349,112,Document,2026-07-10,Sent to FSL,Bengaluru FSL,True
350,112,Firearm,2026-07-10,Rejected,Bengaluru FSL,False
351,113,Knife,2026-12-12,Verified,Mysuru FSL,True
352,114,CCTV Footage,2026-12-19,Collected,Mangaluru FSL,True
353,114,Clothing,2026-12-19,Verified,Bengaluru FSL,False
354,114,Fingerprint,2026-12-19,Sent to FSL,Bengaluru FSL,False
355,114,Laptop,2026-12-19,Rejected,Bengaluru FSL,True
356,115,Vehicle,2026-02-22,Collected,Bengaluru FSL,False
357,115,SIM Card,2026-02-22,Collected,Mangaluru FSL,False
358,115,Firearm,2026-02-22,Rejected,Mysuru FSL,True
359,115,Drug Sample,2026-02-22,Rejected,Mysuru FSL,False
360,116,CCTV Footage,2025-01-26,Rejected,Mysuru FSL,True
361,116,Mobile Phone,2025-01-26,Rejected,Mangaluru FSL,False
362,116,Fingerprint,2025-01-26,Sent to FSL,Mysuru FSL,False
363,116,Blood Sample,2025-01-26,Pending Analysis,Bengaluru FSL,True
364,117,Firearm,2022-08-28,Rejected,Mangaluru FSL,True
365,117,CCTV Footage,2022-08-28,Sent to FSL,Mangaluru FSL,False
366,117,Hard Disk,2022-08-28,Verified,Mysuru FSL,False
367,118,Clothing,2023-04-18,Verified,Bengaluru FSL,False
368,119,Laptop,2024-07-06,Collected,Mangaluru FSL,True
369,120,CCTV Footage,2023-03-02,Verified,Mangaluru FSL,True
370,120,SIM Card,2023-03-02,Rejected,Bengaluru FSL,True
371,120,Drug Sample,2023-03-02,Collected,Mysuru FSL,True
372,120,USB Drive,2023-03-02,Rejected,Mangaluru FSL,False
373,121,Firearm,2022-03-14,Collected,Bengaluru FSL,False
374,122,Mobile Phone,2024-12-28,Collected,Mangaluru FSL,False
375,122,CCTV Footage,2024-12-28,Rejected,Bengaluru FSL,True
376,123,Mobile Phone,2023-12-06,Pending Analysis,Mysuru FSL,True
377,123,USB Drive,2023-12-06,Rejected,Mangaluru FSL,False
378,123,Fingerprint,2023-12-06,Pending Analysis,Mysuru FSL,False
379,123,Drug Sample,2023-12-06,Sent to FSL,Bengaluru FSL,True
380,124,Document,2022-09-26,Verified,Mysuru FSL,False
381,125,Drug Sample,2026-01-07,Verified,Mangaluru FSL,False
382,125,Document,2026-01-07,Collected,Mangaluru FSL,False
383,125,Knife,2026-01-07,Collected,Bengaluru FSL,True
384,126,Mobile Phone,2024-10-26,Collected,Mangaluru FSL,True
385,127,Clothing,2026-11-04,Verified,Mangaluru FSL,True
386,127,CCTV Footage,2026-11-04,Pending Analysis,Mangaluru FSL,True
387,127,Fingerprint,2026-11-04,Collected,Bengaluru FSL,True
388,128,Firearm,2023-07-16,Collected,Mangaluru FSL,False
389,128,CCTV Footage,2023-07-16,Pending Analysis,Mysuru FSL,False
390,128,DNA Sample,2023-07-16,Pending Analysis,Mysuru FSL,True
391,128,Hard Disk,2023-07-16,Collected,Bengaluru FSL,True
392,128,Document,2023-07-16,Collected,Mangaluru FSL,False
393,129,Knife,2026-06-17,Sent to FSL,Mysuru FSL,True
394,129,Fingerprint,2026-06-17,Sent to FSL,Bengaluru FSL,False
395,129,DNA Sample,2026-06-17,Collected,Mysuru FSL,True
396,130,Firearm,2026-07-30,Collected,Mangaluru FSL,False
397,130,Fingerprint,2026-07-30,Rejected,Mangaluru FSL,True
398,131,DNA Sample,2024-02-05,Verified,Mysuru FSL,True
399,131,Knife,2024-02-05,Pending Analysis,Mangaluru FSL,False
400,132,Document,2022-12-05,Sent to FSL,Bengaluru FSL,False
401,133,DNA Sample,2024-01-01,Sent to FSL,Bengaluru FSL,False
402,133,Laptop,2024-01-01,Verified,Bengaluru FSL,True
403,133,CCTV Footage,2024-01-01,Verified,Mysuru FSL,False
404,133,SIM Card,2024-01-01,Verified,Mysuru FSL,False
405,133,USB Drive,2024-01-01,Sent to FSL,Mangaluru FSL,False
406,134,Hard Disk,2022-11-29,Rejected,Mysuru FSL,False
407,134,Knife,2022-11-29,Rejected,Bengaluru FSL,True
408,134,Drug Sample,2022-11-29,Sent to FSL,Mangaluru FSL,True
409,134,Mobile Phone,2022-11-29,Sent to FSL,Mangaluru FSL,False
410,135,USB Drive,2022-01-15,Pending Analysis,Mysuru FSL,True
411,135,Fingerprint,2022-01-15,Sent to FSL,Mangaluru FSL,True
412,135,Vehicle,2022-01-15,Pending Analysis,Mysuru FSL,False
413,135,Document,2022-01-15,Collected,Mysuru FSL,False
414,136,DNA Sample,2026-03-19,Pending Analysis,Mangaluru FSL,True
415,136,Blood Sample,2026-03-19,Collected,Mysuru FSL,True
416,136,Drug Sample,2026-03-19,Pending Analysis,Mysuru FSL,True
417,137,Knife,2026-05-28,Sent to FSL,Mysuru FSL,False
418,137,Vehicle,2026-05-28,Rejected,Mangaluru FSL,False
419,137,DNA Sample,2026-05-28,Pending Analysis,Mangaluru FSL,True
420,137,Fingerprint,2026-05-28,Collected,Mysuru FSL,True
421,137,Mobile Phone,2026-05-28,Rejected,Bengaluru FSL,True
422,138,Clothing,2025-10-18,Collected,Mysuru FSL,False
423,138,USB Drive,2025-10-18,Sent to FSL,Mangaluru FSL,True
424,138,Firearm,2025-10-18,Rejected,Mangaluru FSL,True
425,138,Document,2025-10-18,Collected,Bengaluru FSL,False
426,139,Firearm,2023-11-01,Verified,Mysuru FSL,False
427,139,CCTV Footage,2023-11-01,Rejected,Mangaluru FSL,False
428,140,Hard Disk,2023-11-06,Pending Analysis,Mysuru FSL,False
429,141,Knife,2022-10-10,Rejected,Mangaluru FSL,False
430,141,Mobile Phone,2022-10-10,Collected,Bengaluru FSL,False
431,141,Vehicle,2022-10-10,Verified,Mangaluru FSL,True
432,141,Document,2022-10-10,Collected,Bengaluru FSL,True
433,142,DNA Sample,2024-10-29,Sent to FSL,Mysuru FSL,False
434,143,Knife,2023-02-19,Collected,Mangaluru FSL,True
435,143,CCTV Footage,2023-02-19,Rejected,Mysuru FSL,False
436,143,Mobile Phone,2023-02-19,Rejected,Bengaluru FSL,False
437,143,Fingerprint,2023-02-19,Pending Analysis,Mangaluru FSL,True
438,144,SIM Card,2024-08-16,Rejected,Mysuru FSL,True
439,144,Hard Disk,2024-08-16,Collected,Bengaluru FSL,False
440,144,Laptop,2024-08-16,Sent to FSL,Mysuru FSL,True
441,144,Drug Sample,2024-08-16,Verified,Mysuru FSL,False
442,144,DNA Sample,2024-08-16,Verified,Bengaluru FSL,False
443,145,Mobile Phone,2022-06-26,Verified,Bengaluru FSL,False
444,145,Blood Sample,2022-06-26,Sent to FSL,Mysuru FSL,True
445,145,Vehicle,2022-06-26,Pending Analysis,Bengaluru FSL,False
446,145,USB Drive,2022-06-26,Pending Analysis,Mangaluru FSL,False
447,145,Document,2022-06-26,Pending Analysis,Bengaluru FSL,False
448,146,Laptop,2022-03-09,Sent to FSL,Mysuru FSL,True
449,146,Knife,2022-03-09,Sent to FSL,Bengaluru FSL,True
450,146,Clothing,2022-03-09,Sent to FSL,Bengaluru FSL,False
451,147,Knife,2025-06-04,Verified,Mysuru FSL,False
452,147,Laptop,2025-06-04,Pending Analysis,Mangaluru FSL,True
453,147,Firearm,2025-06-04,Verified,Bengaluru FSL,False
454,147,USB Drive,2025-06-04,Collected,Bengaluru FSL,False
455,148,Clothing,2023-07-30,Pending Analysis,Mysuru FSL,True
456,148,USB Drive,2023-07-30,Verified,Mysuru FSL,True
457,148,SIM Card,2023-07-30,Collected,Bengaluru FSL,True
458,148,Mobile Phone,2023-07-30,Sent to FSL,Mangaluru FSL,False
459,149,Drug Sample,2026-08-31,Collected,Mangaluru FSL,False
460,150,Hard Disk,2024-05-25,Sent to FSL,Mysuru FSL,True
461,150,Drug Sample,2024-05-25,Verified,Mangaluru FSL,True
462,150,Blood Sample,2024-05-25,Verified,Mangaluru FSL,True
463,151,Document,2023-11-17,Verified,Bengaluru FSL,True
464,151,Blood Sample,2023-11-17,Collected,Mysuru FSL,False
465,152,Mobile Phone,2026-09-10,Verified,Mysuru FSL,True
466,153,DNA Sample,2024-07-16,Verified,Mysuru FSL,True
467,154,Fingerprint,2022-10-22,Pending Analysis,Mangaluru FSL,True
468,154,Laptop,2022-10-22,Verified,Mangaluru FSL,True
469,154,USB Drive,2022-10-22,Pending Analysis,Mangaluru FSL,False
470,155,DNA Sample,2025-09-17,Rejected,Mysuru FSL,False
471,155,CCTV Footage,2025-09-17,Rejected,Mysuru FSL,False
472,155,Blood Sample,2025-09-17,Collected,Mangaluru FSL,False
473,156,Laptop,2022-09-16,Collected,Bengaluru FSL,True
474,156,Knife,2022-09-16,Sent to FSL,Mysuru FSL,True
475,156,Drug Sample,2022-09-16,Rejected,Bengaluru FSL,False
476,156,USB Drive,2022-09-16,Collected,Mysuru FSL,False
477,157,Mobile Phone,2024-12-01,Pending Analysis,Mangaluru FSL,False
478,157,Blood Sample,2024-12-01,Collected,Mysuru FSL,True
479,157,Hard Disk,2024-12-01,Verified,Mangaluru FSL,True
480,158,Clothing,2025-07-06,Rejected,Mysuru FSL,False
481,158,Hard Disk,2025-07-06,Verified,Mysuru FSL,False
482,159,Hard Disk,2024-12-18,Pending Analysis,Mysuru FSL,False
483,159,Knife,2024-12-18,Verified,Bengaluru FSL,False
484,159,Fingerprint,2024-12-18,Verified,Mangaluru FSL,False
485,159,Laptop,2024-12-18,Rejected,Bengaluru FSL,False
486,159,USB Drive,2024-12-18,Collected,Mangaluru FSL,True
487,160,Firearm,2023-10-21,Collected,Bengaluru FSL,True
488,160,Vehicle,2023-10-21,Collected,Mangaluru FSL,False
489,160,SIM Card,2023-10-21,Collected,Mysuru FSL,False
490,160,Knife,2023-10-21,Collected,Bengaluru FSL,True
491,160,USB Drive,2023-10-21,Verified,Mysuru FSL,False
492,161,Blood Sample,2022-01-06,Sent to FSL,Mangaluru FSL,True
493,161,Drug Sample,2022-01-06,Collected,Mysuru FSL,False
494,161,Vehicle,2022-01-06,Collected,Bengaluru FSL,False
495,162,USB Drive,2023-12-27,Verified,Bengaluru FSL,True
496,162,Hard Disk,2023-12-27,Rejected,Mysuru FSL,True
497,162,Mobile Phone,2023-12-27,Collected,Mangaluru FSL,True
498,162,Clothing,2023-12-27,Verified,Mysuru FSL,False
499,163,Vehicle,2023-01-08,Collected,Mangaluru FSL,True
500,163,Document,2023-01-08,Pending Analysis,Mysuru FSL,True
501,164,Hard Disk,2024-02-16,Pending Analysis,Mangaluru FSL,False
502,164,Drug Sample,2024-02-16,Collected,Bengaluru FSL,False
503,164,Mobile Phone,2024-02-16,Rejected,Mangaluru FSL,True
504,165,Fingerprint,2024-12-28,Sent to FSL,Mysuru FSL,True
505,166,USB Drive,2026-07-22,Rejected,Mangaluru FSL,False
506,166,Hard Disk,2026-07-22,Pending Analysis,Mangaluru FSL,False
507,167,Vehicle,2026-03-30,Collected,Mangaluru FSL,True
508,167,Blood Sample,2026-03-30,Sent to FSL,Bengaluru FSL,False
509,167,Laptop,2026-03-30,Sent to FSL,Bengaluru FSL,True
510,167,Knife,2026-03-30,Sent to FSL,Bengaluru FSL,False
511,168,DNA Sample,2022-06-20,Pending Analysis,Mysuru FSL,True
512,168,CCTV Footage,2022-06-20,Collected,Mysuru FSL,False
513,168,Mobile Phone,2022-06-20,Rejected,Mysuru FSL,True
514,168,SIM Card,2022-06-20,Rejected,Mangaluru FSL,True
515,168,Document,2022-06-20,Pending Analysis,Bengaluru FSL,False
516,169,Fingerprint,2023-06-29,Verified,Bengaluru FSL,True
517,170,Mobile Phone,2024-11-06,Rejected,Bengaluru FSL,True
518,171,Vehicle,2026-09-21,Collected,Mysuru FSL,True
519,171,Clothing,2026-09-21,Verified,Bengaluru FSL,False
520,171,Mobile Phone,2026-09-21,Rejected,Bengaluru FSL,False
521,171,SIM Card,2026-09-21,Verified,Bengaluru FSL,True
522,171,DNA Sample,2026-09-21,Collected,Bengaluru FSL,False
523,172,Hard Disk,2023-09-28,Rejected,Mangaluru FSL,False
524,172,Document,2023-09-28,Rejected,Mangaluru FSL,True
525,172,Mobile Phone,2023-09-28,Rejected,Bengaluru FSL,False
526,173,Drug Sample,2022-03-09,Sent to FSL,Mangaluru FSL,True
527,174,Mobile Phone,2024-04-16,Sent to FSL,Mangaluru FSL,False
528,174,CCTV Footage,2024-04-16,Verified,Mysuru FSL,True
529,174,Laptop,2024-04-16,Rejected,Mangaluru FSL,True
530,174,Clothing,2024-04-16,Sent to FSL,Mysuru FSL,True
531,174,DNA Sample,2024-04-16,Rejected,Mysuru FSL,True
532,175,Mobile Phone,2025-12-30,Verified,Mysuru FSL,False
533,175,Drug Sample,2025-12-30,Pending Analysis,Bengaluru FSL,True
534,175,SIM Card,2025-12-30,Pending Analysis,Bengaluru FSL,True
535,175,Vehicle,2025-12-30,Verified,Bengaluru FSL,False
536,176,Firearm,2026-01-14,Verified,Mangaluru FSL,True
537,176,SIM Card,2026-01-14,Pending Analysis,Bengaluru FSL,False
538,176,Laptop,2026-01-14,Verified,Mysuru FSL,True
539,177,DNA Sample,2024-06-11,Sent to FSL,Mysuru FSL,False
540,178,DNA Sample,2025-06-07,Pending Analysis,Mangaluru FSL,False
541,178,Laptop,2025-06-07,Rejected,Mysuru FSL,False
542,178,Clothing,2025-06-07,Sent to FSL,Mangaluru FSL,True
543,178,Knife,2025-06-07,Collected,Mangaluru FSL,True
544,179,Firearm,2022-09-24,Sent to FSL,Mangaluru FSL,True
545,179,Knife,2022-09-24,Rejected,Mangaluru FSL,True
546,180,Laptop,2024-01-08,Sent to FSL,Mangaluru FSL,False
547,181,Hard Disk,2022-12-07,Collected,Mysuru FSL,False
548,181,SIM Card,2022-12-07,Sent to FSL,Bengaluru FSL,True
549,181,USB Drive,2022-12-07,Collected,Mangaluru FSL,True
550,181,Clothing,2022-12-07,Pending Analysis,Mysuru FSL,True
551,182,Clothing,2025-06-19,Pending Analysis,Mangaluru FSL,True
552,182,SIM Card,2025-06-19,Rejected,Mangaluru FSL,True
553,183,Blood Sample,2023-10-21,Rejected,Bengaluru FSL,True
554,183,USB Drive,2023-10-21,Sent to FSL,Bengaluru FSL,True
555,183,Firearm,2023-10-21,Verified,Mysuru FSL,True
556,183,Vehicle,2023-10-21,Pending Analysis,Mysuru FSL,False
557,184,Drug Sample,2024-10-25,Rejected,Mysuru FSL,False
558,184,Mobile Phone,2024-10-25,Sent to FSL,Bengaluru FSL,True
559,184,Fingerprint,2024-10-25,Sent to FSL,Mangaluru FSL,True
560,184,USB Drive,2024-10-25,Pending Analysis,Mangaluru FSL,True
561,185,Firearm,2022-03-29,Pending Analysis,Mysuru FSL,True
562,185,Knife,2022-03-29,Rejected,Mangaluru FSL,False
563,185,SIM Card,2022-03-29,Collected,Bengaluru FSL,False
564,186,Mobile Phone,2025-09-01,Verified,Mangaluru FSL,False
565,186,Document,2025-09-01,Collected,Mangaluru FSL,False
566,186,Vehicle,2025-09-01,Sent to FSL,Bengaluru FSL,False
567,186,Firearm,2025-09-01,Verified,Bengaluru FSL,False
568,187,Vehicle,2022-12-21,Collected,Mangaluru FSL,False
569,187,Drug Sample,2022-12-21,Verified,Mangaluru FSL,True
570,187,Knife,2022-12-21,Verified,Mysuru FSL,True
571,187,Clothing,2022-12-21,Rejected,Mangaluru FSL,True
572,188,CCTV Footage,2023-06-29,Rejected,Mangaluru FSL,True
573,188,Fingerprint,2023-06-29,Verified,Mysuru FSL,False
574,188,Hard Disk,2023-06-29,Collected,Bengaluru FSL,True
575,188,Firearm,2023-06-29,Rejected,Bengaluru FSL,True
576,189,CCTV Footage,2025-05-13,Sent to FSL,Bengaluru FSL,True
577,189,Drug Sample,2025-05-13,Sent to FSL,Mysuru FSL,False
578,189,Firearm,2025-05-13,Verified,Bengaluru FSL,True
579,189,Blood Sample,2025-05-13,Sent to FSL,Bengaluru FSL,True
580,190,Knife,2022-06-02,Collected,Mangaluru FSL,False
581,190,Clothing,2022-06-02,Collected,Mysuru FSL,False
582,191,Mobile Phone,2026-05-02,Rejected,Bengaluru FSL,False
583,191,SIM Card,2026-05-02,Pending Analysis,Bengaluru FSL,False
584,191,Firearm,2026-05-02,Collected,Mysuru FSL,True
585,192,Fingerprint,2023-05-19,Collected,Mangaluru FSL,False
586,193,Vehicle,2025-08-30,Rejected,Mangaluru FSL,False
587,193,Knife,2025-08-30,Rejected,Mysuru FSL,False
588,194,Knife,2023-01-28,Sent to FSL,Bengaluru FSL,True
589,194,USB Drive,2023-01-28,Pending Analysis,Mangaluru FSL,False
590,195,DNA Sample,2022-09-06,Sent to FSL,Mangaluru FSL,False
591,195,USB Drive,2022-09-06,Rejected,Bengaluru FSL,False
592,195,Fingerprint,2022-09-06,Pending Analysis,Mangaluru FSL,True
593,195,Laptop,2022-09-06,Sent to FSL,Mangaluru FSL,False
594,195,Blood Sample,2022-09-06,Verified,Mangaluru FSL,True
595,196,Hard Disk,2026-07-22,Pending Analysis,Bengaluru FSL,False
596,197,Blood Sample,2023-09-22,Sent to FSL,Bengaluru FSL,True
597,197,DNA Sample,2023-09-22,Collected,Mangaluru FSL,False
598,197,Hard Disk,2023-09-22,Rejected,Mangaluru FSL,False
599,197,Drug Sample,2023-09-22,Sent to FSL,Mysuru FSL,False
600,198,Knife,2025-12-19,Verified,Mangaluru FSL,False
601,198,Laptop,2025-12-19,Sent to FSL,Bengaluru FSL,False
602,198,Mobile Phone,2025-12-19,Rejected,Mysuru FSL,False
603,198,USB Drive,2025-12-19,Verified,Mangaluru FSL,True
604,198,Drug Sample,2025-12-19,Sent to FSL,Mangaluru FSL,True
605,199,CCTV Footage,2024-11-05,Sent to FSL,Mangaluru FSL,True
606,199,SIM Card,2024-11-05,Rejected,Mysuru FSL,False
607,199,Fingerprint,2024-11-05,Rejected,Bengaluru FSL,False
608,199,Vehicle,2024-11-05,Collected,Mangaluru FSL,False
609,200,Document,2023-09-30,Sent to FSL,Bengaluru FSL,True
610,200,USB Drive,2023-09-30,Collected,Mysuru FSL,False
611,200,Firearm,2023-09-30,Pending Analysis,Mangaluru FSL,True
612,200,CCTV Footage,2023-09-30,Collected,Mangaluru FSL,False
613,200,Knife,2023-09-30,Verified,Bengaluru FSL,True
614,201,Knife,2024-03-31,Sent to FSL,Bengaluru FSL,True
615,201,Drug Sample,2024-03-31,Rejected,Mysuru FSL,False
616,201,Firearm,2024-03-31,Pending Analysis,Bengaluru FSL,True
617,201,Blood Sample,2024-03-31,Sent to FSL,Mysuru FSL,True
618,202,Vehicle,2025-01-14,Rejected,Bengaluru FSL,True
619,202,Drug Sample,2025-01-14,Rejected,Mysuru FSL,True
620,202,Laptop,2025-01-14,Sent to FSL,Mangaluru FSL,False
621,202,Fingerprint,2025-01-14,Collected,Mangaluru FSL,False
622,203,DNA Sample,2023-03-19,Rejected,Bengaluru FSL,False
623,203,Laptop,2023-03-19,Collected,Mangaluru FSL,False
624,203,Fingerprint,2023-03-19,Verified,Bengaluru FSL,True
625,204,Laptop,2026-11-15,Pending Analysis,Mangaluru FSL,True
626,204,USB Drive,2026-11-15,Collected,Bengaluru FSL,True
627,204,SIM Card,2026-11-15,Collected,Bengaluru FSL,False
628,205,DNA Sample,2025-06-27,Pending Analysis,Bengaluru FSL,True
629,205,SIM Card,2025-06-27,Sent to FSL,Mysuru FSL,False
630,205,Drug Sample,2025-06-27,Rejected,Mysuru FSL,True
631,205,Vehicle,2025-06-27,Collected,Mangaluru FSL,True
632,205,Clothing,2025-06-27,Verified,Mysuru FSL,True
633,206,Vehicle,2022-03-06,Pending Analysis,Mangaluru FSL,False
634,207,Knife,2022-06-16,Pending Analysis,Bengaluru FSL,False
635,207,Clothing,2022-06-16,Sent to FSL,Mysuru FSL,True
636,207,Mobile Phone,2022-06-16,Sent to FSL,Bengaluru FSL,False
637,207,SIM Card,2022-06-16,Pending Analysis,Mangaluru FSL,True
638,207,Firearm,2022-06-16,Verified,Mangaluru FSL,False
639,208,Hard Disk,2026-03-15,Collected,Mysuru FSL,False
640,208,Clothing,2026-03-15,Collected,Bengaluru FSL,True
641,208,Knife,2026-03-15,Collected,Mangaluru FSL,False
642,208,Vehicle,2026-03-15,Rejected,Mysuru FSL,False
643,209,Knife,2024-08-08,Verified,Mysuru FSL,False
644,209,CCTV Footage,2024-08-08,Collected,Mangaluru FSL,False
645,209,Clothing,2024-08-08,Rejected,Bengaluru FSL,True
646,209,Mobile Phone,2024-08-08,Collected,Bengaluru FSL,True
647,209,Vehicle,2024-08-08,Verified,Mysuru FSL,True
648,210,Vehicle,2022-02-22,Sent to FSL,Bengaluru FSL,True
649,211,DNA Sample,2022-06-11,Collected,Mysuru FSL,False
650,212,Document,2024-08-27,Rejected,Bengaluru FSL,False
651,212,USB Drive,2024-08-27,Verified,Bengaluru FSL,True
652,212,SIM Card,2024-08-27,Pending Analysis,Mangaluru FSL,True
653,213,SIM Card,2023-09-03,Sent to FSL,Mysuru FSL,False
654,213,Knife,2023-09-03,Verified,Bengaluru FSL,False
655,213,Firearm,2023-09-03,Sent to FSL,Bengaluru FSL,False
656,214,Blood Sample,2024-01-18,Pending Analysis,Mysuru FSL,True
657,214,Fingerprint,2024-01-18,Rejected,Bengaluru FSL,False
658,214,Drug Sample,2024-01-18,Verified,Bengaluru FSL,False
659,214,Hard Disk,2024-01-18,Rejected,Mangaluru FSL,False
660,215,Vehicle,2026-01-03,Rejected,Bengaluru FSL,False
661,215,SIM Card,2026-01-03,Rejected,Bengaluru FSL,False
662,216,CCTV Footage,2023-01-26,Rejected,Bengaluru FSL,False
663,216,Hard Disk,2023-01-26,Verified,Bengaluru FSL,True
664,217,Clothing,2022-03-26,Rejected,Mangaluru FSL,True
665,217,Vehicle,2022-03-26,Pending Analysis,Mysuru FSL,False
666,218,DNA Sample,2024-12-20,Sent to FSL,Mangaluru FSL,True
667,218,SIM Card,2024-12-20,Rejected,Bengaluru FSL,True
668,218,Fingerprint,2024-12-20,Rejected,Mysuru FSL,False
669,218,Clothing,2024-12-20,Pending Analysis,Mangaluru FSL,True
670,218,Firearm,2024-12-20,Sent to FSL,Mysuru FSL,True
671,219,Mobile Phone,2024-10-16,Rejected,Mangaluru FSL,False
672,219,Vehicle,2024-10-16,Collected,Mysuru FSL,True
673,220,Drug Sample,2024-12-15,Collected,Bengaluru FSL,True
674,220,DNA Sample,2024-12-15,Verified,Mysuru FSL,False
675,220,Clothing,2024-12-15,Rejected,Mysuru FSL,True
676,221,SIM Card,2025-05-18,Rejected,Bengaluru FSL,True
677,221,USB Drive,2025-05-18,Verified,Mysuru FSL,False
678,221,CCTV Footage,2025-05-18,Collected,Mangaluru FSL,True
679,221,DNA Sample,2025-05-18,Collected,Mysuru FSL,False
680,222,Vehicle,2026-04-16,Sent to FSL,Bengaluru FSL,True
681,222,SIM Card,2026-04-16,Verified,Mysuru FSL,True
682,222,Hard Disk,2026-04-16,Pending Analysis,Mangaluru FSL,True
683,222,Drug Sample,2026-04-16,Collected,Mysuru FSL,False
684,222,Blood Sample,2026-04-16,Collected,Bengaluru FSL,False
685,223,Drug Sample,2026-04-04,Sent to FSL,Bengaluru FSL,True
686,223,Laptop,2026-04-04,Sent to FSL,Mangaluru FSL,True
687,223,Hard Disk,2026-04-04,Rejected,Mysuru FSL,False
688,223,Mobile Phone,2026-04-04,Sent to FSL,Mysuru FSL,True
689,224,DNA Sample,2024-02-24,Sent to FSL,Bengaluru FSL,False
690,224,SIM Card,2024-02-24,Sent to FSL,Mysuru FSL,False
691,224,Fingerprint,2024-02-24,Sent to FSL,Mangaluru FSL,False
692,224,Vehicle,2024-02-24,Rejected,Bengaluru FSL,True
693,224,Document,2024-02-24,Rejected,Mysuru FSL,True
694,225,Document,2022-02-18,Pending Analysis,Mysuru FSL,True
695,225,Clothing,2022-02-18,Collected,Mangaluru FSL,True
696,225,CCTV Footage,2022-02-18,Pending Analysis,Bengaluru FSL,True
697,226,Blood Sample,2024-09-13,Pending Analysis,Bengaluru FSL,False
698,226,Firearm,2024-09-13,Sent to FSL,Mangaluru FSL,False
699,226,USB Drive,2024-09-13,Rejected,Mangaluru FSL,False
700,226,Document,2024-09-13,Sent to FSL,Mangaluru FSL,True
701,227,Clothing,2025-05-13,Sent to FSL,Mysuru FSL,True
702,228,Mobile Phone,2023-02-27,Sent to FSL,Mysuru FSL,False
703,228,Clothing,2023-02-27,Pending Analysis,Bengaluru FSL,True
704,228,SIM Card,2023-02-27,Verified,Mysuru FSL,True
705,229,Laptop,2022-03-14,Collected,Bengaluru FSL,False
706,229,Blood Sample,2022-03-14,Sent to FSL,Mangaluru FSL,True
707,229,Clothing,2022-03-14,Collected,Bengaluru FSL,True
708,230,Document,2025-04-29,Pending Analysis,Mangaluru FSL,True
709,230,Hard Disk,2025-04-29,Sent to FSL,Mysuru FSL,True
710,230,CCTV Footage,2025-04-29,Pending Analysis,Mangaluru FSL,True
711,230,Vehicle,2025-04-29,Pending Analysis,Mysuru FSL,False
712,231,Laptop,2025-08-28,Pending Analysis,Bengaluru FSL,True
713,231,Clothing,2025-08-28,Verified,Mysuru FSL,False
714,231,Firearm,2025-08-28,Verified,Bengaluru FSL,True
715,231,Blood Sample,2025-08-28,Verified,Bengaluru FSL,True
716,232,Laptop,2024-02-19,Verified,Mangaluru FSL,True
717,232,Drug Sample,2024-02-19,Collected,Bengaluru FSL,False
718,232,DNA Sample,2024-02-19,Rejected,Mysuru FSL,False
719,232,Document,2024-02-19,Pending Analysis,Bengaluru FSL,False
720,233,DNA Sample,2024-11-24,Pending Analysis,Bengaluru FSL,False
721,233,Drug Sample,2024-11-24,Verified,Mangaluru FSL,False
722,234,USB Drive,2023-12-02,Collected,Mysuru FSL,False
723,234,Fingerprint,2023-12-02,Rejected,Bengaluru FSL,True
724,234,Document,2023-12-02,Sent to FSL,Bengaluru FSL,True
725,234,Laptop,2023-12-02,Rejected,Bengaluru FSL,True
726,234,SIM Card,2023-12-02,Collected,Mysuru FSL,True
727,235,Laptop,2023-05-31,Sent to FSL,Mangaluru FSL,True
728,235,Blood Sample,2023-05-31,Rejected,Mangaluru FSL,False
729,236,Vehicle,2022-12-23,Verified,Bengaluru FSL,True
730,237,Fingerprint,2022-03-16,Verified,Mangaluru FSL,True
731,237,USB Drive,2022-03-16,Rejected,Mysuru FSL,True
732,238,Mobile Phone,2024-08-25,Collected,Mangaluru FSL,True
733,238,SIM Card,2024-08-25,Sent to FSL,Bengaluru FSL,False
734,238,Document,2024-08-25,Collected,Bengaluru FSL,False
735,238,DNA Sample,2024-08-25,Collected,Mangaluru FSL,False
736,239,Laptop,2024-02-29,Sent to FSL,Mysuru FSL,False
737,239,Document,2024-02-29,Pending Analysis,Mysuru FSL,False
738,239,Hard Disk,2024-02-29,Rejected,Mangaluru FSL,True
739,239,Clothing,2024-02-29,Rejected,Bengaluru FSL,True
740,239,Blood Sample,2024-02-29,Collected,Mangaluru FSL,False
741,240,Firearm,2023-10-17,Verified,Mangaluru FSL,False
742,240,USB Drive,2023-10-17,Pending Analysis,Mysuru FSL,True
743,240,Vehicle,2023-10-17,Sent to FSL,Mangaluru FSL,False
744,241,CCTV Footage,2025-06-04,Pending Analysis,Mysuru FSL,False
745,241,Blood Sample,2025-06-04,Sent to FSL,Bengaluru FSL,False
746,241,Firearm,2025-06-04,Verified,Mysuru FSL,True
747,241,Clothing,2025-06-04,Verified,Mysuru FSL,False
748,242,Hard Disk,2026-02-16,Sent to FSL,Bengaluru FSL,True
749,242,SIM Card,2026-02-16,Collected,Mangaluru FSL,False
750,242,Document,2026-02-16,Verified,Bengaluru FSL,True
751,242,Blood Sample,2026-02-16,Pending Analysis,Mysuru FSL,True
752,243,Drug Sample,2023-12-24,Rejected,Mangaluru FSL,True
753,243,CCTV Footage,2023-12-24,Pending Analysis,Bengaluru FSL,False
754,244,SIM Card,2024-03-02,Sent to FSL,Bengaluru FSL,True
755,244,Hard Disk,2024-03-02,Verified,Bengaluru FSL,True
756,244,USB Drive,2024-03-02,Sent to FSL,Bengaluru FSL,True
757,244,Mobile Phone,2024-03-02,Verified,Bengaluru FSL,False
758,244,Drug Sample,2024-03-02,Collected,Mangaluru FSL,False
759,245,Document,2025-02-23,Pending Analysis,Mysuru FSL,True
760,246,SIM Card,2025-05-07,Collected,Mangaluru FSL,True
761,246,Document,2025-05-07,Verified,Mangaluru FSL,True
762,246,CCTV Footage,2025-05-07,Collected,Mangaluru FSL,True
763,246,Hard Disk,2025-05-07,Pending Analysis,Bengaluru FSL,True
764,246,Fingerprint,2025-05-07,Sent to FSL,Mangaluru FSL,True
765,247,Laptop,2025-09-05,Verified,Mangaluru FSL,False
766,248,Mobile Phone,2025-01-20,Verified,Bengaluru FSL,False
767,248,DNA Sample,2025-01-20,Collected,Mangaluru FSL,True
768,248,Fingerprint,2025-01-20,Verified,Bengaluru FSL,False
769,248,Drug Sample,2025-01-20,Pending Analysis,Bengaluru FSL,False
770,248,Clothing,2025-01-20,Pending Analysis,Mysuru FSL,True
771,249,Fingerprint,2025-06-02,Pending Analysis,Mysuru FSL,True
772,249,SIM Card,2025-06-02,Pending Analysis,Mysuru FSL,True
773,249,DNA Sample,2025-06-02,Sent to FSL,Mangaluru FSL,True
774,249,Firearm,2025-06-02,Pending Analysis,Bengaluru FSL,False
775,250,Knife,2023-02-24,Sent to FSL,Mangaluru FSL,True
776,251,Knife,2022-12-09,Rejected,Mangaluru FSL,True
777,251,SIM Card,2022-12-09,Collected,Mysuru FSL,False
778,252,Clothing,2025-08-02,Pending Analysis,Mangaluru FSL,True
779,252,Document,2025-08-02,Sent to FSL,Mysuru FSL,True
780,252,Knife,2025-08-02,Pending Analysis,Bengaluru FSL,True
781,252,Drug Sample,2025-08-02,Rejected,Mysuru FSL,True
782,252,CCTV Footage,2025-08-02,Verified,Bengaluru FSL,True
783,253,Firearm,2022-04-28,Pending Analysis,Mangaluru FSL,False
784,253,Hard Disk,2022-04-28,Pending Analysis,Mysuru FSL,False
785,253,Clothing,2022-04-28,Sent to FSL,Mangaluru FSL,True
786,253,Mobile Phone,2022-04-28,Collected,Bengaluru FSL,True
787,253,SIM Card,2022-04-28,Pending Analysis,Mysuru FSL,False
788,254,CCTV Footage,2025-11-10,Pending Analysis,Mysuru FSL,True
789,254,Laptop,2025-11-10,Pending Analysis,Mysuru FSL,True
790,254,Mobile Phone,2025-11-10,Sent to FSL,Mangaluru FSL,False
791,254,Blood Sample,2025-11-10,Pending Analysis,Bengaluru FSL,True
792,254,Hard Disk,2025-11-10,Verified,Mangaluru FSL,False
793,255,Laptop,2025-12-08,Pending Analysis,Mangaluru FSL,True
794,255,Firearm,2025-12-08,Rejected,Mysuru FSL,True
795,255,Clothing,2025-12-08,Sent to FSL,Mangaluru FSL,True
796,255,Drug Sample,2025-12-08,Collected,Bengaluru FSL,True
797,255,USB Drive,2025-12-08,Sent to FSL,Bengaluru FSL,False
798,256,Firearm,2024-06-26,Rejected,Bengaluru FSL,True
799,256,USB Drive,2024-06-26,Sent to FSL,Mysuru FSL,True
800,256,SIM Card,2024-06-26,Rejected,Bengaluru FSL,False
801,256,Vehicle,2024-06-26,Pending Analysis,Bengaluru FSL,True
802,257,Laptop,2024-03-24,Rejected,Mysuru FSL,False
803,257,DNA Sample,2024-03-24,Rejected,Mysuru FSL,False
804,258,Hard Disk,2024-09-07,Collected,Mysuru FSL,False
805,258,Laptop,2024-09-07,Verified,Bengaluru FSL,True
806,258,Blood Sample,2024-09-07,Pending Analysis,Bengaluru FSL,False
807,259,Firearm,2025-12-19,Verified,Mysuru FSL,True
808,259,Hard Disk,2025-12-19,Collected,Bengaluru FSL,True
809,260,Drug Sample,2022-11-02,Rejected,Mysuru FSL,False
810,260,Fingerprint,2022-11-02,Rejected,Mysuru FSL,False
811,260,Mobile Phone,2022-11-02,Rejected,Bengaluru FSL,False
812,260,CCTV Footage,2022-11-02,Pending Analysis,Mangaluru FSL,True
813,260,Vehicle,2022-11-02,Rejected,Mysuru FSL,True
814,261,Blood Sample,2026-12-01,Verified,Bengaluru FSL,True
815,261,Firearm,2026-12-01,Rejected,Mysuru FSL,False
816,261,DNA Sample,2026-12-01,Pending Analysis,Mangaluru FSL,True
817,261,SIM Card,2026-12-01,Verified,Mysuru FSL,True
818,262,SIM Card,2026-06-03,Rejected,Bengaluru FSL,True
819,262,DNA Sample,2026-06-03,Collected,Bengaluru FSL,True
820,262,Document,2026-06-03,Pending Analysis,Mysuru FSL,False
821,262,Drug Sample,2026-06-03,Collected,Mangaluru FSL,True
822,262,Blood Sample,2026-06-03,Rejected,Bengaluru FSL,True
823,263,Drug Sample,2024-08-20,Collected,Bengaluru FSL,True
824,263,SIM Card,2024-08-20,Pending Analysis,Bengaluru FSL,True
825,264,Vehicle,2024-10-26,Pending Analysis,Mangaluru FSL,True
826,264,Blood Sample,2024-10-26,Sent to FSL,Mysuru FSL,False
827,265,Mobile Phone,2023-09-08,Sent to FSL,Bengaluru FSL,True
828,265,USB Drive,2023-09-08,Rejected,Bengaluru FSL,True
829,265,Drug Sample,2023-09-08,Pending Analysis,Mysuru FSL,False
830,266,Document,2023-06-25,Collected,Mangaluru FSL,True
831,267,Knife,2024-07-14,Sent to FSL,Mangaluru FSL,True
832,267,Vehicle,2024-07-14,Sent to FSL,Bengaluru FSL,True
833,267,Mobile Phone,2024-07-14,Sent to FSL,Mysuru FSL,True
834,267,Laptop,2024-07-14,Sent to FSL,Mysuru FSL,True
835,267,Document,2024-07-14,Pending Analysis,Bengaluru FSL,True
836,268,Mobile Phone,2025-10-25,Rejected,Mysuru FSL,True
837,268,Clothing,2025-10-25,Verified,Bengaluru FSL,True
838,268,DNA Sample,2025-10-25,Verified,Mysuru FSL,True
839,269,Hard Disk,2023-12-26,Pending Analysis,Mysuru FSL,False
840,269,Fingerprint,2023-12-26,Collected,Bengaluru FSL,False
841,270,USB Drive,2023-01-30,Collected,Mangaluru FSL,False
842,270,Fingerprint,2023-01-30,Pending Analysis,Mysuru FSL,False
843,270,Drug Sample,2023-01-30,Rejected,Bengaluru FSL,False
844,271,DNA Sample,2024-01-28,Verified,Mysuru FSL,True
845,272,Knife,2022-02-22,Rejected,Mangaluru FSL,True
846,272,DNA Sample,2022-02-22,Collected,Bengaluru FSL,False
847,273,DNA Sample,2026-08-22,Collected,Mysuru FSL,False
848,274,Document,2026-01-27,Collected,Mysuru FSL,True
849,274,Drug Sample,2026-01-27,Collected,Mangaluru FSL,False
850,274,DNA Sample,2026-01-27,Rejected,Bengaluru FSL,True
851,274,Vehicle,2026-01-27,Rejected,Bengaluru FSL,False
852,275,Laptop,2025-04-13,Rejected,Bengaluru FSL,True
853,275,Vehicle,2025-04-13,Verified,Bengaluru FSL,False
854,275,Fingerprint,2025-04-13,Collected,Mangaluru FSL,True
855,276,Clothing,2022-08-28,Collected,Mangaluru FSL,False
856,276,Mobile Phone,2022-08-28,Sent to FSL,Mangaluru FSL,True
857,276,DNA Sample,2022-08-28,Verified,Bengaluru FSL,False
858,276,CCTV Footage,2022-08-28,Pending Analysis,Bengaluru FSL,False
859,276,Firearm,2022-08-28,Rejected,Mysuru FSL,False
860,277,Drug Sample,2024-05-15,Verified,Mangaluru FSL,False
861,277,Knife,2024-05-15,Rejected,Bengaluru FSL,True
862,277,Laptop,2024-05-15,Sent to FSL,Mysuru FSL,False
863,278,Laptop,2026-03-03,Rejected,Mangaluru FSL,False
864,279,Fingerprint,2022-01-10,Verified,Mysuru FSL,True
865,279,Vehicle,2022-01-10,Sent to FSL,Bengaluru FSL,True
866,279,DNA Sample,2022-01-10,Pending Analysis,Mysuru FSL,True
867,279,Clothing,2022-01-10,Sent to FSL,Bengaluru FSL,False
868,279,SIM Card,2022-01-10,Rejected,Bengaluru FSL,False
869,280,Vehicle,2022-04-07,Verified,Bengaluru FSL,True
870,280,Firearm,2022-04-07,Pending Analysis,Mysuru FSL,False
871,280,USB Drive,2022-04-07,Rejected,Bengaluru FSL,True
872,281,CCTV Footage,2023-07-02,Sent to FSL,Bengaluru FSL,False
873,281,Laptop,2023-07-02,Verified,Mangaluru FSL,False
874,281,SIM Card,2023-07-02,Sent to FSL,Bengaluru FSL,False
875,281,Blood Sample,2023-07-02,Rejected,Mysuru FSL,False
876,281,Hard Disk,2023-07-02,Verified,Mangaluru FSL,True
877,282,Drug Sample,2022-12-17,Pending Analysis,Bengaluru FSL,False
878,282,USB Drive,2022-12-17,Verified,Mysuru FSL,True
879,282,CCTV Footage,2022-12-17,Collected,Bengaluru FSL,True
880,283,Firearm,2024-02-15,Sent to FSL,Mangaluru FSL,True
881,284,Blood Sample,2023-02-01,Pending Analysis,Mangaluru FSL,False
882,285,Drug Sample,2023-01-23,Collected,Mysuru FSL,False
883,285,Mobile Phone,2023-01-23,Sent to FSL,Mangaluru FSL,True
884,285,Blood Sample,2023-01-23,Rejected,Mysuru FSL,True
885,285,Firearm,2023-01-23,Pending Analysis,Bengaluru FSL,False
886,285,Vehicle,2023-01-23,Pending Analysis,Mangaluru FSL,False
887,286,Vehicle,2025-05-22,Verified,Mysuru FSL,True
888,286,Clothing,2025-05-22,Verified,Mysuru FSL,False
889,286,Fingerprint,2025-05-22,Sent to FSL,Mysuru FSL,True
890,286,SIM Card,2025-05-22,Rejected,Mangaluru FSL,True
891,286,Knife,2025-05-22,Pending Analysis,Bengaluru FSL,False
892,287,Mobile Phone,2025-08-21,Sent to FSL,Mangaluru FSL,True
893,287,Hard Disk,2025-08-21,Rejected,Mysuru FSL,True
894,287,CCTV Footage,2025-08-21,Collected,Mangaluru FSL,False
895,287,Vehicle,2025-08-21,Collected,Mysuru FSL,False
896,287,Blood Sample,2025-08-21,Pending Analysis,Mangaluru FSL,False
897,288,Fingerprint,2022-02-16,Verified,Bengaluru FSL,True
898,288,Document,2022-02-16,Rejected,Mysuru FSL,True
899,288,DNA Sample,2022-02-16,Rejected,Mangaluru FSL,True
900,289,Fingerprint,2026-07-09,Verified,Mangaluru FSL,False
901,289,Blood Sample,2026-07-09,Rejected,Bengaluru FSL,False
902,289,Hard Disk,2026-07-09,Sent to FSL,Mysuru FSL,True
903,289,USB Drive,2026-07-09,Sent to FSL,Bengaluru FSL,True
904,290,CCTV Footage,2023-04-08,Pending Analysis,Mysuru FSL,False
905,290,DNA Sample,2023-04-08,Collected,Mysuru FSL,False
906,290,Clothing,2023-04-08,Pending Analysis,Bengaluru FSL,True
907,290,Blood Sample,2023-04-08,Sent to FSL,Mangaluru FSL,False
908,291,USB Drive,2026-07-29,Verified,Mysuru FSL,False
909,292,Document,2023-02-22,Collected,Mysuru FSL,False
910,293,SIM Card,2023-04-23,Sent to FSL,Mysuru FSL,False
911,293,CCTV Footage,2023-04-23,Sent to FSL,Mysuru FSL,True
912,293,Hard Disk,2023-04-23,Sent to FSL,Mangaluru FSL,False
913,293,Firearm,2023-04-23,Pending Analysis,Mysuru FSL,True
914,294,Clothing,2023-11-28,Sent to FSL,Mysuru FSL,False
915,295,Mobile Phone,2026-01-29,Verified,Bengaluru FSL,True
916,295,DNA Sample,2026-01-29,Collected,Mangaluru FSL,False
917,295,Blood Sample,2026-01-29,Sent to FSL,Mysuru FSL,False
918,295,Hard Disk,2026-01-29,Sent to FSL,Mysuru FSL,True
919,295,CCTV Footage,2026-01-29,Collected,Mangaluru FSL,True
920,296,USB Drive,2025-08-01,Rejected,Bengaluru FSL,False
921,297,CCTV Footage,2026-02-23,Rejected,Bengaluru FSL,False
922,297,Hard Disk,2026-02-23,Collected,Bengaluru FSL,False
923,298,USB Drive,2022-01-24,Verified,Bengaluru FSL,True
924,298,Laptop,2022-01-24,Collected,Mangaluru FSL,False
925,298,Mobile Phone,2022-01-24,Collected,Mysuru FSL,False
926,298,Document,2022-01-24,Collected,Mangaluru FSL,True
927,299,Clothing,2022-08-13,Sent to FSL,Bengaluru FSL,True
928,299,Knife,2022-08-13,Collected,Mysuru FSL,True
929,299,Laptop,2022-08-13,Verified,Mangaluru FSL,True
930,299,Firearm,2022-08-13,Sent to FSL,Bengaluru FSL,False
931,299,Drug Sample,2022-08-13,Sent to FSL,Mysuru FSL,False
932,300,Mobile Phone,2026-08-18,Pending Analysis,Mysuru FSL,False
933,300,DNA Sample,2026-08-18,Verified,Mangaluru FSL,False
934,301,DNA Sample,2023-12-16,Verified,Bengaluru FSL,True
935,301,SIM Card,2023-12-16,Collected,Mysuru FSL,True
936,302,Vehicle,2026-05-10,Collected,Mangaluru FSL,True
937,302,Knife,2026-05-10,Sent to FSL,Mysuru FSL,False
938,302,USB Drive,2026-05-10,Verified,Mangaluru FSL,True
939,302,Hard Disk,2026-05-10,Sent to FSL,Bengaluru FSL,True
940,302,Mobile Phone,2026-05-10,Pending Analysis,Mangaluru FSL,True
941,303,Laptop,2025-06-14,Sent to FSL,Mysuru FSL,False
942,303,Hard Disk,2025-06-14,Rejected,Bengaluru FSL,False
943,303,Vehicle,2025-06-14,Pending Analysis,Bengaluru FSL,False
944,303,Document,2025-06-14,Sent to FSL,Mangaluru FSL,True
945,304,Clothing,2025-08-29,Rejected,Bengaluru FSL,False
946,304,Laptop,2025-08-29,Rejected,Bengaluru FSL,True
947,304,SIM Card,2025-08-29,Collected,Bengaluru FSL,False
948,304,Knife,2025-08-29,Rejected,Mysuru FSL,True
949,304,Document,2025-08-29,Pending Analysis,Mangaluru FSL,False
950,305,Mobile Phone,2025-03-15,Pending Analysis,Bengaluru FSL,False
951,306,Hard Disk,2025-07-05,Verified,Mysuru FSL,True
952,306,CCTV Footage,2025-07-05,Sent to FSL,Bengaluru FSL,True
953,307,SIM Card,2024-01-17,Verified,Mangaluru FSL,False
954,307,Blood Sample,2024-01-17,Sent to FSL,Mangaluru FSL,False
955,307,Vehicle,2024-01-17,Sent to FSL,Mysuru FSL,False
956,307,Clothing,2024-01-17,Verified,Mysuru FSL,True
957,308,Fingerprint,2025-05-18,Collected,Bengaluru FSL,False
958,308,Vehicle,2025-05-18,Verified,Mysuru FSL,False
959,308,Knife,2025-05-18,Verified,Bengaluru FSL,True
960,308,Blood Sample,2025-05-18,Collected,Bengaluru FSL,False
961,309,DNA Sample,2022-01-01,Verified,Bengaluru FSL,False
962,309,Blood Sample,2022-01-01,Pending Analysis,Mangaluru FSL,False
963,309,USB Drive,2022-01-01,Collected,Mysuru FSL,False
964,310,Firearm,2023-11-15,Collected,Mysuru FSL,False
965,310,Clothing,2023-11-15,Rejected,Mysuru FSL,False
966,310,Mobile Phone,2023-11-15,Pending Analysis,Mangaluru FSL,True
967,310,Document,2023-11-15,Verified,Mangaluru FSL,False
968,310,CCTV Footage,2023-11-15,Pending Analysis,Mangaluru FSL,True
969,311,Knife,2026-04-04,Rejected,Bengaluru FSL,False
970,311,Fingerprint,2026-04-04,Sent to FSL,Bengaluru FSL,True
971,311,USB Drive,2026-04-04,Collected,Bengaluru FSL,False
972,311,Clothing,2026-04-04,Sent to FSL,Mysuru FSL,False
973,311,Laptop,2026-04-04,Pending Analysis,Bengaluru FSL,True
974,312,Knife,2024-08-19,Collected,Mysuru FSL,False
975,312,Firearm,2024-08-19,Sent to FSL,Mangaluru FSL,False
976,312,SIM Card,2024-08-19,Pending Analysis,Bengaluru FSL,False
977,312,CCTV Footage,2024-08-19,Rejected,Bengaluru FSL,True
978,312,Drug Sample,2024-08-19,Pending Analysis,Mysuru FSL,True
979,313,Fingerprint,2022-02-07,Verified,Bengaluru FSL,True
980,313,Firearm,2022-02-07,Pending Analysis,Mangaluru FSL,True
981,314,USB Drive,2023-01-21,Sent to FSL,Mangaluru FSL,True
982,314,DNA Sample,2023-01-21,Collected,Mysuru FSL,True
983,314,Clothing,2023-01-21,Sent to FSL,Mangaluru FSL,True
984,315,Mobile Phone,2022-02-22,Collected,Bengaluru FSL,False
985,316,Firearm,2025-05-15,Verified,Mysuru FSL,False
986,317,Drug Sample,2026-05-20,Sent to FSL,Mysuru FSL,True
987,317,Vehicle,2026-05-20,Rejected,Mangaluru FSL,True
988,317,Blood Sample,2026-05-20,Rejected,Mysuru FSL,False
989,317,Fingerprint,2026-05-20,Pending Analysis,Bengaluru FSL,True
990,318,Clothing,2023-01-03,Sent to FSL,Bengaluru FSL,False
991,319,DNA Sample,2025-05-10,Pending Analysis,Mysuru FSL,False
992,319,Laptop,2025-05-10,Rejected,Mangaluru FSL,True
993,319,Hard Disk,2025-05-10,Pending Analysis,Bengaluru FSL,False
994,320,USB Drive,2023-05-04,Collected,Mysuru FSL,False
995,320,Fingerprint,2023-05-04,Pending Analysis,Bengaluru FSL,False
996,321,Document,2024-12-01,Rejected,Bengaluru FSL,False
997,321,Vehicle,2024-12-01,Rejected,Mangaluru FSL,False
998,321,SIM Card,2024-12-01,Collected,Mangaluru FSL,False
999,321,Drug Sample,2024-12-01,Rejected,Mysuru FSL,True
1000,321,USB Drive,2024-12-01,Rejected,Mangaluru FSL,True
1001,322,Hard Disk,2023-05-16,Verified,Bengaluru FSL,False
1002,322,Fingerprint,2023-05-16,Rejected,Bengaluru FSL,False
1003,322,Knife,2023-05-16,Verified,Bengaluru FSL,False
1004,323,Document,2026-04-01,Sent to FSL,Bengaluru FSL,True
1005,323,DNA Sample,2026-04-01,Verified,Mangaluru FSL,True
1006,323,Knife,2026-04-01,Rejected,Mangaluru FSL,True
1007,323,USB Drive,2026-04-01,Collected,Bengaluru FSL,False
1008,324,Blood Sample,2024-06-04,Pending Analysis,Mysuru FSL,False
1009,324,Hard Disk,2024-06-04,Rejected,Bengaluru FSL,True
1010,324,Document,2024-06-04,Rejected,Mysuru FSL,False
1011,324,Fingerprint,2024-06-04,Rejected,Bengaluru FSL,False
1012,324,Clothing,2024-06-04,Collected,Bengaluru FSL,False
1013,325,Clothing,2026-07-11,Verified,Mysuru FSL,False
1014,325,SIM Card,2026-07-11,Sent to FSL,Mangaluru FSL,True
1015,325,Drug Sample,2026-07-11,Collected,Mangaluru FSL,True
1016,326,Fingerprint,2025-10-31,Verified,Mysuru FSL,True
1017,326,Blood Sample,2025-10-31,Pending Analysis,Mangaluru FSL,False
1018,326,USB Drive,2025-10-31,Pending Analysis,Bengaluru FSL,True
1019,326,Firearm,2025-10-31,Collected,Mangaluru FSL,True
1020,326,CCTV Footage,2025-10-31,Rejected,Mysuru FSL,False
1021,327,Blood Sample,2023-10-23,Rejected,Mangaluru FSL,False
1022,327,Laptop,2023-10-23,Collected,Bengaluru FSL,False
1023,328,Hard Disk,2023-12-07,Pending Analysis,Mysuru FSL,False
1024,328,Fingerprint,2023-12-07,Collected,Bengaluru FSL,False
1025,328,Document,2023-12-07,Pending Analysis,Mysuru FSL,False
1026,328,Drug Sample,2023-12-07,Rejected,Mysuru FSL,False
1027,329,Blood Sample,2024-07-24,Sent to FSL,Mysuru FSL,False
1028,329,Laptop,2024-07-24,Sent to FSL,Mangaluru FSL,False
1029,329,Firearm,2024-07-24,Rejected,Bengaluru FSL,False
1030,329,Hard Disk,2024-07-24,Collected,Mysuru FSL,False
1031,330,Laptop,2024-06-30,Collected,Mysuru FSL,True
1032,330,Fingerprint,2024-06-30,Rejected,Mysuru FSL,True
1033,331,Vehicle,2024-07-18,Collected,Bengaluru FSL,False
1034,331,USB Drive,2024-07-18,Sent to FSL,Mangaluru FSL,False
1035,332,Firearm,2024-11-06,Verified,Mysuru FSL,True
1036,332,Clothing,2024-11-06,Sent to FSL,Bengaluru FSL,False
1037,333,CCTV Footage,2025-02-06,Verified,Bengaluru FSL,True
1038,333,Firearm,2025-02-06,Sent to FSL,Mysuru FSL,True
1039,333,Hard Disk,2025-02-06,Rejected,Bengaluru FSL,False
1040,334,Mobile Phone,2024-01-22,Sent to FSL,Bengaluru FSL,False
1041,334,Clothing,2024-01-22,Sent to FSL,Bengaluru FSL,True
1042,334,Drug Sample,2024-01-22,Sent to FSL,Mysuru FSL,False
1043,335,SIM Card,2023-03-30,Verified,Mysuru FSL,False
1044,335,Mobile Phone,2023-03-30,Sent to FSL,Mangaluru FSL,False
1045,335,DNA Sample,2023-03-30,Collected,Mysuru FSL,False
1046,335,Vehicle,2023-03-30,Pending Analysis,Bengaluru FSL,False
1047,336,Firearm,2025-10-31,Rejected,Mangaluru FSL,True
1048,336,Clothing,2025-10-31,Verified,Bengaluru FSL,True
1049,336,Document,2025-10-31,Pending Analysis,Mangaluru FSL,True
1050,337,Blood Sample,2022-10-21,Sent to FSL,Bengaluru FSL,True
1051,337,Firearm,2022-10-21,Pending Analysis,Bengaluru FSL,True
1052,337,Hard Disk,2022-10-21,Sent to FSL,Mysuru FSL,True
1053,337,Drug Sample,2022-10-21,Pending Analysis,Bengaluru FSL,False
1054,338,SIM Card,2022-03-18,Sent to FSL,Bengaluru FSL,False
1055,338,DNA Sample,2022-03-18,Collected,Mangaluru FSL,True
1056,338,Hard Disk,2022-03-18,Rejected,Mysuru FSL,True
1057,339,Fingerprint,2025-07-24,Verified,Mangaluru FSL,True
1058,339,Drug Sample,2025-07-24,Collected,Mysuru FSL,False
1059,340,Document,2025-11-05,Rejected,Mysuru FSL,True
1060,341,Vehicle,2025-12-10,Collected,Bengaluru FSL,True
1061,341,Knife,2025-12-10,Rejected,Bengaluru FSL,False
1062,342,DNA Sample,2023-12-21,Rejected,Mysuru FSL,False
1063,342,Laptop,2023-12-21,Sent to FSL,Bengaluru FSL,True
1064,342,Drug Sample,2023-12-21,Rejected,Bengaluru FSL,True
1065,342,USB Drive,2023-12-21,Collected,Bengaluru FSL,True
1066,343,Hard Disk,2025-03-13,Pending Analysis,Mysuru FSL,True
1067,343,CCTV Footage,2025-03-13,Rejected,Bengaluru FSL,True
1068,343,Firearm,2025-03-13,Verified,Bengaluru FSL,False
1069,343,SIM Card,2025-03-13,Verified,Mangaluru FSL,True
1070,343,USB Drive,2025-03-13,Pending Analysis,Mangaluru FSL,True
1071,344,USB Drive,2024-11-28,Pending Analysis,Mangaluru FSL,True
1072,344,Clothing,2024-11-28,Rejected,Mangaluru FSL,False
1073,344,Document,2024-11-28,Pending Analysis,Bengaluru FSL,False
1074,345,Firearm,2024-11-11,Collected,Mangaluru FSL,True
1075,345,Knife,2024-11-11,Verified,Mangaluru FSL,True
1076,345,SIM Card,2024-11-11,Sent to FSL,Bengaluru FSL,False
1077,345,Hard Disk,2024-11-11,Collected,Mangaluru FSL,False
1078,346,Hard Disk,2026-07-03,Rejected,Bengaluru FSL,False
1079,347,Clothing,2024-08-30,Pending Analysis,Mangaluru FSL,False
1080,347,Laptop,2024-08-30,Rejected,Mysuru FSL,True
1081,348,Fingerprint,2024-07-26,Verified,Bengaluru FSL,True
1082,348,Clothing,2024-07-26,Pending Analysis,Bengaluru FSL,False
1083,348,CCTV Footage,2024-07-26,Sent to FSL,Bengaluru FSL,True
1084,348,Firearm,2024-07-26,Sent to FSL,Mangaluru FSL,False
1085,348,USB Drive,2024-07-26,Sent to FSL,Mysuru FSL,False
1086,349,USB Drive,2024-06-19,Verified,Mysuru FSL,False
1087,350,Mobile Phone,2025-10-02,Sent to FSL,Mangaluru FSL,True
1088,351,CCTV Footage,2022-01-02,Collected,Mysuru FSL,False
1089,351,Clothing,2022-01-02,Pending Analysis,Bengaluru FSL,False
1090,352,Document,2023-12-12,Pending Analysis,Bengaluru FSL,True
1091,353,Fingerprint,2024-02-20,Pending Analysis,Mysuru FSL,False
1092,354,DNA Sample,2025-12-21,Sent to FSL,Bengaluru FSL,True
1093,354,Laptop,2025-12-21,Sent to FSL,Mysuru FSL,False
1094,354,Blood Sample,2025-12-21,Rejected,Mysuru FSL,False
1095,354,SIM Card,2025-12-21,Collected,Mangaluru FSL,False
1096,355,DNA Sample,2023-08-12,Sent to FSL,Bengaluru FSL,False
1097,355,USB Drive,2023-08-12,Pending Analysis,Bengaluru FSL,True
1098,355,Clothing,2023-08-12,Verified,Mangaluru FSL,True
1099,355,CCTV Footage,2023-08-12,Verified,Bengaluru FSL,False
1100,356,USB Drive,2026-06-30,Verified,Mangaluru FSL,False
1101,356,Blood Sample,2026-06-30,Verified,Bengaluru FSL,True
1102,357,Hard Disk,2025-02-21,Sent to FSL,Mangaluru FSL,True
1103,357,Blood Sample,2025-02-21,Sent to FSL,Bengaluru FSL,False
1104,358,Document,2023-07-19,Pending Analysis,Mysuru FSL,True
1105,358,Laptop,2023-07-19,Verified,Bengaluru FSL,True
1106,358,Fingerprint,2023-07-19,Verified,Mysuru FSL,False
1107,358,CCTV Footage,2023-07-19,Pending Analysis,Mysuru FSL,False
1108,358,Mobile Phone,2023-07-19,Verified,Mysuru FSL,False
1109,359,Document,2022-12-02,Rejected,Mangaluru FSL,True
1110,359,Laptop,2022-12-02,Pending Analysis,Bengaluru FSL,True
1111,359,Hard Disk,2022-12-02,Verified,Mysuru FSL,False
1112,359,CCTV Footage,2022-12-02,Rejected,Mysuru FSL,False
1113,359,Fingerprint,2022-12-02,Pending Analysis,Bengaluru FSL,True
1114,360,Firearm,2023-05-16,Rejected,Bengaluru FSL,False
1115,361,Drug Sample,2026-12-08,Verified,Bengaluru FSL,True
1116,361,Document,2026-12-08,Sent to FSL,Bengaluru FSL,False
1117,361,Laptop,2026-12-08,Pending Analysis,Mangaluru FSL,True
1118,361,Firearm,2026-12-08,Sent to FSL,Bengaluru FSL,True
1119,361,Blood Sample,2026-12-08,Sent to FSL,Bengaluru FSL,True
1120,362,SIM Card,2024-05-08,Verified,Mysuru FSL,False
1121,362,Vehicle,2024-05-08,Pending Analysis,Mysuru FSL,False
1122,362,Firearm,2024-05-08,Pending Analysis,Mysuru FSL,False
1123,362,Hard Disk,2024-05-08,Collected,Mangaluru FSL,False
1124,363,DNA Sample,2023-03-20,Sent to FSL,Mangaluru FSL,True
1125,363,USB Drive,2023-03-20,Collected,Bengaluru FSL,False
1126,364,Clothing,2023-02-18,Verified,Mangaluru FSL,True
1127,364,Blood Sample,2023-02-18,Collected,Mysuru FSL,True
1128,364,Hard Disk,2023-02-18,Rejected,Mysuru FSL,True
1129,364,Fingerprint,2023-02-18,Rejected,Mysuru FSL,True
1130,365,Drug Sample,2022-07-18,Verified,Mysuru FSL,True
1131,366,CCTV Footage,2022-09-13,Verified,Mangaluru FSL,True
1132,366,Laptop,2022-09-13,Sent to FSL,Mangaluru FSL,True
1133,366,Document,2022-09-13,Rejected,Bengaluru FSL,True
1134,366,Drug Sample,2022-09-13,Rejected,Bengaluru FSL,True
1135,366,Vehicle,2022-09-13,Rejected,Mysuru FSL,False
1136,367,DNA Sample,2026-06-05,Sent to FSL,Mangaluru FSL,False
1137,367,Drug Sample,2026-06-05,Pending Analysis,Mangaluru FSL,False
1138,367,CCTV Footage,2026-06-05,Collected,Mysuru FSL,True
1139,367,Laptop,2026-06-05,Sent to FSL,Mysuru FSL,True
1140,368,DNA Sample,2022-03-31,Sent to FSL,Mysuru FSL,False
1141,368,SIM Card,2022-03-31,Rejected,Mysuru FSL,False
1142,368,Document,2022-03-31,Collected,Bengaluru FSL,True
1143,369,Document,2023-01-08,Sent to FSL,Mysuru FSL,True
1144,369,USB Drive,2023-01-08,Sent to FSL,Mangaluru FSL,True
1145,369,DNA Sample,2023-01-08,Pending Analysis,Bengaluru FSL,True
1146,369,SIM Card,2023-01-08,Collected,Mysuru FSL,True
1147,370,Mobile Phone,2023-06-04,Pending Analysis,Bengaluru FSL,False
1148,370,Laptop,2023-06-04,Collected,Bengaluru FSL,True
1149,370,Drug Sample,2023-06-04,Pending Analysis,Bengaluru FSL,False
1150,370,DNA Sample,2023-06-04,Pending Analysis,Bengaluru FSL,False
1151,370,Fingerprint,2023-06-04,Pending Analysis,Mangaluru FSL,True
1152,371,Drug Sample,2025-09-08,Sent to FSL,Mangaluru FSL,False
1153,371,Fingerprint,2025-09-08,Rejected,Bengaluru FSL,True
1154,371,USB Drive,2025-09-08,Sent to FSL,Mangaluru FSL,True
1155,371,Laptop,2025-09-08,Collected,Bengaluru FSL,False
1156,372,Knife,2025-08-10,Pending Analysis,Mysuru FSL,False
1157,372,SIM Card,2025-08-10,Sent to FSL,Mangaluru FSL,False
1158,372,Document,2025-08-10,Pending Analysis,Mysuru FSL,False
1159,373,Vehicle,2026-07-08,Sent to FSL,Mysuru FSL,False
1160,374,CCTV Footage,2026-06-21,Collected,Bengaluru FSL,True
1161,374,SIM Card,2026-06-21,Rejected,Bengaluru FSL,False
1162,374,Vehicle,2026-06-21,Rejected,Mysuru FSL,True
1163,375,Hard Disk,2024-04-08,Pending Analysis,Bengaluru FSL,False
1164,375,Firearm,2024-04-08,Rejected,Bengaluru FSL,True
1165,375,Mobile Phone,2024-04-08,Collected,Mysuru FSL,True
1166,375,SIM Card,2024-04-08,Sent to FSL,Bengaluru FSL,False
1167,375,Knife,2024-04-08,Collected,Mangaluru FSL,False
1168,376,Drug Sample,2023-03-19,Rejected,Mangaluru FSL,False
1169,376,SIM Card,2023-03-19,Pending Analysis,Bengaluru FSL,False
1170,376,Fingerprint,2023-03-19,Rejected,Mangaluru FSL,True
1171,376,Hard Disk,2023-03-19,Pending Analysis,Mysuru FSL,True
1172,376,USB Drive,2023-03-19,Collected,Bengaluru FSL,False
1173,377,Hard Disk,2026-03-01,Sent to FSL,Mysuru FSL,False
1174,377,Drug Sample,2026-03-01,Verified,Bengaluru FSL,False
1175,377,DNA Sample,2026-03-01,Collected,Mangaluru FSL,False
1176,377,CCTV Footage,2026-03-01,Collected,Mangaluru FSL,True
1177,378,Vehicle,2025-07-27,Sent to FSL,Mangaluru FSL,False
1178,378,Drug Sample,2025-07-27,Collected,Mysuru FSL,False
1179,379,Fingerprint,2026-08-26,Sent to FSL,Bengaluru FSL,False
1180,380,Knife,2022-11-12,Verified,Bengaluru FSL,True
1181,381,Mobile Phone,2024-11-23,Rejected,Bengaluru FSL,True
1182,382,Firearm,2026-01-06,Sent to FSL,Mangaluru FSL,True
1183,383,Vehicle,2023-03-17,Verified,Mangaluru FSL,False
1184,383,Document,2023-03-17,Pending Analysis,Mangaluru FSL,True
1185,383,Fingerprint,2023-03-17,Collected,Mysuru FSL,True
1186,383,Hard Disk,2023-03-17,Collected,Bengaluru FSL,True
1187,383,Blood Sample,2023-03-17,Collected,Bengaluru FSL,True
1188,384,Fingerprint,2022-10-23,Pending Analysis,Mysuru FSL,False
1189,385,USB Drive,2022-10-30,Verified,Mysuru FSL,True
1190,386,CCTV Footage,2022-09-10,Collected,Mysuru FSL,False
1191,386,USB Drive,2022-09-10,Rejected,Mangaluru FSL,True
1192,386,Laptop,2022-09-10,Verified,Mysuru FSL,True
1193,387,USB Drive,2022-06-27,Collected,Mysuru FSL,False
1194,387,Document,2022-06-27,Sent to FSL,Bengaluru FSL,False
1195,387,Laptop,2022-06-27,Pending Analysis,Mysuru FSL,True
1196,387,CCTV Footage,2022-06-27,Rejected,Mangaluru FSL,True
1197,387,Clothing,2022-06-27,Pending Analysis,Mysuru FSL,False
1198,388,Laptop,2024-05-18,Collected,Mysuru FSL,False
1199,388,CCTV Footage,2024-05-18,Sent to FSL,Bengaluru FSL,False
1200,388,Hard Disk,2024-05-18,Rejected,Bengaluru FSL,False
1201,388,Document,2024-05-18,Rejected,Mysuru FSL,True
1202,388,Vehicle,2024-05-18,Sent to FSL,Mangaluru FSL,True
1203,389,Vehicle,2024-06-19,Sent to FSL,Bengaluru FSL,True
1204,389,DNA Sample,2024-06-19,Pending Analysis,Mangaluru FSL,True
1205,389,Fingerprint,2024-06-19,Collected,Bengaluru FSL,False
1206,389,Clothing,2024-06-19,Pending Analysis,Mangaluru FSL,True
1207,390,CCTV Footage,2023-10-27,Collected,Mysuru FSL,False
1208,390,USB Drive,2023-10-27,Verified,Bengaluru FSL,False
1209,390,Laptop,2023-10-27,Rejected,Mangaluru FSL,False
1210,390,Hard Disk,2023-10-27,Pending Analysis,Mysuru FSL,True
1211,390,Fingerprint,2023-10-27,Rejected,Mangaluru FSL,True
1212,391,Knife,2024-04-05,Verified,Mysuru FSL,True
1213,391,Firearm,2024-04-05,Sent to FSL,Bengaluru FSL,True
1214,391,Drug Sample,2024-04-05,Pending Analysis,Mangaluru FSL,True
1215,391,SIM Card,2024-04-05,Rejected,Mangaluru FSL,False
1216,391,Laptop,2024-04-05,Pending Analysis,Bengaluru FSL,False
1217,392,Hard Disk,2024-08-11,Rejected,Bengaluru FSL,True
1218,392,Vehicle,2024-08-11,Rejected,Mysuru FSL,True
1219,392,Mobile Phone,2024-08-11,Pending Analysis,Bengaluru FSL,True
1220,393,CCTV Footage,2025-04-09,Collected,Mysuru FSL,False
1221,394,Laptop,2026-12-06,Pending Analysis,Bengaluru FSL,False
1222,394,Blood Sample,2026-12-06,Sent to FSL,Mysuru FSL,False
1223,395,Firearm,2026-06-23,Sent to FSL,Mysuru FSL,True
1224,396,DNA Sample,2025-12-16,Collected,Bengaluru FSL,False
1225,396,USB Drive,2025-12-16,Verified,Mysuru FSL,False
1226,396,SIM Card,2025-12-16,Sent to FSL,Bengaluru FSL,True
1227,396,Mobile Phone,2025-12-16,Pending Analysis,Mangaluru FSL,True
1228,396,Document,2025-12-16,Rejected,Mangaluru FSL,True
1229,397,Hard Disk,2024-09-29,Sent to FSL,Bengaluru FSL,True
1230,397,Vehicle,2024-09-29,Sent to FSL,Mysuru FSL,True
1231,398,Laptop,2024-05-28,Sent to FSL,Mysuru FSL,False
1232,399,Hard Disk,2022-07-06,Pending Analysis,Mysuru FSL,True
1233,399,Blood Sample,2022-07-06,Pending Analysis,Bengaluru FSL,True
1234,399,Drug Sample,2022-07-06,Rejected,Bengaluru FSL,True
1235,400,Firearm,2025-07-19,Sent to FSL,Mangaluru FSL,False
1236,400,SIM Card,2025-07-19,Collected,Mangaluru FSL,False
1237,400,Mobile Phone,2025-07-19,Rejected,Bengaluru FSL,False
1238,400,Vehicle,2025-07-19,Sent to FSL,Mysuru FSL,True
1239,400,Drug Sample,2025-07-19,Sent to FSL,Mysuru FSL,False
1240,401,Drug Sample,2023-03-30,Collected,Bengaluru FSL,False
1241,401,Fingerprint,2023-03-30,Sent to FSL,Mysuru FSL,True
1242,402,Firearm,2026-05-31,Pending Analysis,Mysuru FSL,False
1243,402,Clothing,2026-05-31,Sent to FSL,Bengaluru FSL,True
1244,402,SIM Card,2026-05-31,Collected,Mysuru FSL,True
1245,403,Knife,2024-08-26,Rejected,Bengaluru FSL,False
1246,403,Vehicle,2024-08-26,Collected,Mangaluru FSL,False
1247,404,Knife,2026-06-20,Pending Analysis,Mysuru FSL,False
1248,404,Drug Sample,2026-06-20,Collected,Mangaluru FSL,True
1249,404,Blood Sample,2026-06-20,Sent to FSL,Mangaluru FSL,True
1250,404,USB Drive,2026-06-20,Verified,Mangaluru FSL,True
1251,405,Mobile Phone,2022-12-05,Pending Analysis,Mysuru FSL,False
1252,405,Laptop,2022-12-05,Sent to FSL,Mangaluru FSL,False
1253,406,USB Drive,2026-10-02,Sent to FSL,Mysuru FSL,True
1254,407,Vehicle,2024-06-15,Sent to FSL,Mysuru FSL,False
1255,407,Drug Sample,2024-06-15,Pending Analysis,Mangaluru FSL,True
1256,407,Firearm,2024-06-15,Collected,Mysuru FSL,False
1257,407,Hard Disk,2024-06-15,Pending Analysis,Mangaluru FSL,True
1258,408,Drug Sample,2026-07-18,Pending Analysis,Bengaluru FSL,False
1259,408,SIM Card,2026-07-18,Rejected,Bengaluru FSL,True
1260,408,CCTV Footage,2026-07-18,Sent to FSL,Mangaluru FSL,True
1261,408,Knife,2026-07-18,Pending Analysis,Bengaluru FSL,True
1262,408,Vehicle,2026-07-18,Collected,Mangaluru FSL,True
1263,409,CCTV Footage,2023-10-13,Collected,Mangaluru FSL,True
1264,409,DNA Sample,2023-10-13,Pending Analysis,Bengaluru FSL,False
1265,409,Laptop,2023-10-13,Pending Analysis,Mysuru FSL,True
1266,409,USB Drive,2023-10-13,Collected,Mangaluru FSL,False
1267,410,Vehicle,2023-04-07,Rejected,Bengaluru FSL,False
1268,410,Laptop,2023-04-07,Collected,Mysuru FSL,False
1269,410,Fingerprint,2023-04-07,Verified,Mysuru FSL,True
1270,411,Firearm,2024-01-04,Verified,Mangaluru FSL,True
1271,412,Document,2022-04-30,Collected,Bengaluru FSL,False
1272,412,Laptop,2022-04-30,Rejected,Mangaluru FSL,False
1273,412,Blood Sample,2022-04-30,Pending Analysis,Mangaluru FSL,True
1274,413,Firearm,2025-11-18,Pending Analysis,Bengaluru FSL,True
1275,413,Hard Disk,2025-11-18,Verified,Bengaluru FSL,True
1276,413,Knife,2025-11-18,Verified,Mangaluru FSL,False
1277,413,Clothing,2025-11-18,Verified,Mysuru FSL,True
1278,414,Knife,2024-04-13,Sent to FSL,Bengaluru FSL,False
1279,415,CCTV Footage,2024-08-14,Sent to FSL,Mysuru FSL,True
1280,415,SIM Card,2024-08-14,Pending Analysis,Bengaluru FSL,True
1281,415,Knife,2024-08-14,Verified,Bengaluru FSL,False
1282,416,USB Drive,2025-04-12,Verified,Mangaluru FSL,True
1283,416,SIM Card,2025-04-12,Rejected,Mangaluru FSL,False
1284,417,Fingerprint,2023-10-23,Verified,Mangaluru FSL,False
1285,417,Firearm,2023-10-23,Collected,Bengaluru FSL,True
1286,418,Laptop,2022-08-08,Rejected,Bengaluru FSL,False
1287,418,Clothing,2022-08-08,Sent to FSL,Bengaluru FSL,True
1288,418,Document,2022-08-08,Sent to FSL,Bengaluru FSL,True
1289,419,USB Drive,2025-03-20,Rejected,Mangaluru FSL,False
1290,420,Clothing,2025-07-29,Rejected,Bengaluru FSL,False
1291,420,Vehicle,2025-07-29,Collected,Mysuru FSL,False
1292,421,Blood Sample,2024-07-07,Rejected,Mangaluru FSL,False
1293,421,Document,2024-07-07,Rejected,Mangaluru FSL,True
1294,421,Fingerprint,2024-07-07,Pending Analysis,Bengaluru FSL,False
1295,421,SIM Card,2024-07-07,Pending Analysis,Mysuru FSL,True
1296,422,SIM Card,2026-02-06,Collected,Mangaluru FSL,True
1297,422,Hard Disk,2026-02-06,Collected,Bengaluru FSL,False
1298,422,Clothing,2026-02-06,Collected,Bengaluru FSL,False
1299,423,Firearm,2025-10-19,Pending Analysis,Bengaluru FSL,True
1300,423,SIM Card,2025-10-19,Sent to FSL,Mangaluru FSL,False
1301,423,Laptop,2025-10-19,Pending Analysis,Bengaluru FSL,True
1302,423,DNA Sample,2025-10-19,Collected,Mangaluru FSL,True
1303,424,Mobile Phone,2026-06-27,Rejected,Mysuru FSL,False
1304,424,Vehicle,2026-06-27,Rejected,Bengaluru FSL,True
1305,424,Knife,2026-06-27,Pending Analysis,Mangaluru FSL,True
1306,425,Knife,2025-01-24,Rejected,Bengaluru FSL,True
1307,425,Document,2025-01-24,Verified,Mysuru FSL,False
1308,426,Fingerprint,2023-11-12,Rejected,Bengaluru FSL,False
1309,426,SIM Card,2023-11-12,Pending Analysis,Mysuru FSL,True
1310,426,Document,2023-11-12,Pending Analysis,Mangaluru FSL,True
1311,427,Fingerprint,2026-09-19,Rejected,Mangaluru FSL,False
1312,427,Drug Sample,2026-09-19,Pending Analysis,Mangaluru FSL,False
1313,427,Clothing,2026-09-19,Collected,Mangaluru FSL,True
1314,428,DNA Sample,2023-08-12,Collected,Mysuru FSL,False
1315,428,Clothing,2023-08-12,Rejected,Bengaluru FSL,False
1316,428,Firearm,2023-08-12,Collected,Mangaluru FSL,True
1317,428,USB Drive,2023-08-12,Verified,Mysuru FSL,True
1318,428,Fingerprint,2023-08-12,Sent to FSL,Mangaluru FSL,False
1319,429,Clothing,2024-11-02,Verified,Mysuru FSL,True
1320,430,Hard Disk,2025-09-02,Collected,Mangaluru FSL,False
1321,430,Laptop,2025-09-02,Pending Analysis,Mysuru FSL,True
1322,431,Laptop,2023-08-17,Verified,Mangaluru FSL,True
1323,431,Mobile Phone,2023-08-17,Pending Analysis,Mangaluru FSL,True
1324,431,Drug Sample,2023-08-17,Pending Analysis,Mysuru FSL,False
1325,431,Document,2023-08-17,Collected,Mysuru FSL,True
1326,432,Mobile Phone,2024-06-24,Pending Analysis,Mangaluru FSL,True
1327,432,CCTV Footage,2024-06-24,Rejected,Mangaluru FSL,False
1328,432,USB Drive,2024-06-24,Rejected,Mangaluru FSL,False
1329,432,Drug Sample,2024-06-24,Collected,Bengaluru FSL,True
1330,433,Laptop,2024-06-10,Sent to FSL,Mysuru FSL,False
1331,433,Document,2024-06-10,Verified,Bengaluru FSL,False
1332,433,DNA Sample,2024-06-10,Rejected,Mangaluru FSL,True
1333,433,Firearm,2024-06-10,Collected,Mangaluru FSL,True
1334,433,Hard Disk,2024-06-10,Collected,Mysuru FSL,False
1335,434,Blood Sample,2024-11-21,Pending Analysis,Bengaluru FSL,False
1336,434,SIM Card,2024-11-21,Verified,Mangaluru FSL,True
1337,434,Mobile Phone,2024-11-21,Rejected,Mysuru FSL,False
1338,435,Drug Sample,2023-06-25,Rejected,Mysuru FSL,True
1339,435,SIM Card,2023-06-25,Collected,Mangaluru FSL,False
1340,435,Document,2023-06-25,Collected,Mysuru FSL,True
1341,436,Blood Sample,2022-09-24,Pending Analysis,Mangaluru FSL,False
1342,436,USB Drive,2022-09-24,Verified,Bengaluru FSL,False
1343,437,USB Drive,2025-08-15,Rejected,Mysuru FSL,True
1344,437,Drug Sample,2025-08-15,Rejected,Mysuru FSL,True
1345,437,DNA Sample,2025-08-15,Pending Analysis,Mysuru FSL,False
1346,437,Clothing,2025-08-15,Rejected,Mysuru FSL,True
1347,437,Mobile Phone,2025-08-15,Collected,Bengaluru FSL,False
1348,438,Firearm,2022-04-22,Verified,Mysuru FSL,True
1349,438,SIM Card,2022-04-22,Sent to FSL,Mangaluru FSL,True
1350,439,Drug Sample,2022-02-14,Pending Analysis,Bengaluru FSL,False
1351,439,USB Drive,2022-02-14,Rejected,Bengaluru FSL,False
1352,439,Firearm,2022-02-14,Rejected,Mangaluru FSL,False
1353,440,Drug Sample,2023-10-31,Rejected,Mangaluru FSL,True
1354,441,Vehicle,2024-07-01,Sent to FSL,Mangaluru FSL,True
1355,441,Document,2024-07-01,Rejected,Bengaluru FSL,True
1356,441,Blood Sample,2024-07-01,Rejected,Mangaluru FSL,True
1357,442,Hard Disk,2026-12-06,Collected,Mysuru FSL,True
1358,442,Mobile Phone,2026-12-06,Verified,Bengaluru FSL,True
1359,442,Drug Sample,2026-12-06,Collected,Bengaluru FSL,False
1360,443,CCTV Footage,2024-08-30,Verified,Mysuru FSL,False
1361,443,Vehicle,2024-08-30,Verified,Bengaluru FSL,True
1362,443,Firearm,2024-08-30,Verified,Bengaluru FSL,False
1363,443,Document,2024-08-30,Pending Analysis,Mysuru FSL,False
1364,443,USB Drive,2024-08-30,Sent to FSL,Mysuru FSL,False
1365,444,Mobile Phone,2023-01-25,Verified,Bengaluru FSL,True
1366,444,Clothing,2023-01-25,Pending Analysis,Bengaluru FSL,False
1367,444,Firearm,2023-01-25,Rejected,Bengaluru FSL,True
1368,444,Vehicle,2023-01-25,Verified,Mysuru FSL,False
1369,444,Blood Sample,2023-01-25,Pending Analysis,Bengaluru FSL,False
1370,445,Laptop,2024-09-26,Collected,Mysuru FSL,False
1371,445,Document,2024-09-26,Collected,Bengaluru FSL,False
1372,445,Vehicle,2024-09-26,Pending Analysis,Mangaluru FSL,False
1373,446,Fingerprint,2024-07-05,Sent to FSL,Bengaluru FSL,True
1374,446,Hard Disk,2024-07-05,Sent to FSL,Bengaluru FSL,True
1375,446,Blood Sample,2024-07-05,Verified,Mysuru FSL,True
1376,446,Laptop,2024-07-05,Rejected,Mysuru FSL,False
1377,447,Fingerprint,2023-04-30,Verified,Bengaluru FSL,True
1378,447,DNA Sample,2023-04-30,Pending Analysis,Mangaluru FSL,True
1379,447,Firearm,2023-04-30,Sent to FSL,Mangaluru FSL,False
1380,448,CCTV Footage,2026-06-14,Collected,Bengaluru FSL,False
1381,449,Laptop,2023-05-25,Collected,Mangaluru FSL,False
1382,449,DNA Sample,2023-05-25,Pending Analysis,Bengaluru FSL,False
1383,450,CCTV Footage,2022-05-30,Verified,Bengaluru FSL,False
1384,450,Vehicle,2022-05-30,Collected,Mangaluru FSL,False
1385,450,Document,2022-05-30,Pending Analysis,Mangaluru FSL,False
1386,450,SIM Card,2022-05-30,Sent to FSL,Mangaluru FSL,True
1387,451,Firearm,2024-08-19,Rejected,Mysuru FSL,True
1388,451,Clothing,2024-08-19,Rejected,Mysuru FSL,False
1389,451,Drug Sample,2024-08-19,Collected,Bengaluru FSL,False
1390,451,Blood Sample,2024-08-19,Sent to FSL,Mangaluru FSL,True
1391,451,Hard Disk,2024-08-19,Pending Analysis,Mysuru FSL,True
1392,452,Laptop,2023-10-31,Sent to FSL,Bengaluru FSL,True
1393,453,Blood Sample,2022-01-25,Rejected,Mangaluru FSL,True
1394,453,Document,2022-01-25,Sent to FSL,Bengaluru FSL,False
1395,453,USB Drive,2022-01-25,Pending Analysis,Mangaluru FSL,True
1396,453,Firearm,2022-01-25,Rejected,Bengaluru FSL,True
1397,453,Laptop,2022-01-25,Verified,Bengaluru FSL,False
1398,454,Fingerprint,2023-06-28,Collected,Mysuru FSL,True
1399,454,CCTV Footage,2023-06-28,Rejected,Mysuru FSL,True
1400,454,Mobile Phone,2023-06-28,Sent to FSL,Mangaluru FSL,True
1401,454,Clothing,2023-06-28,Collected,Mysuru FSL,False
1402,454,Knife,2023-06-28,Sent to FSL,Bengaluru FSL,False
1403,455,Hard Disk,2022-05-11,Sent to FSL,Mangaluru FSL,False
1404,456,CCTV Footage,2023-12-18,Collected,Bengaluru FSL,False
1405,456,USB Drive,2023-12-18,Rejected,Mysuru FSL,True
1406,456,Blood Sample,2023-12-18,Pending Analysis,Mangaluru FSL,True
1407,457,Knife,2024-07-15,Rejected,Mysuru FSL,False
1408,458,Drug Sample,2025-08-04,Sent to FSL,Bengaluru FSL,False
1409,458,SIM Card,2025-08-04,Collected,Mangaluru FSL,True
1410,458,Knife,2025-08-04,Pending Analysis,Bengaluru FSL,True
1411,458,Fingerprint,2025-08-04,Verified,Mysuru FSL,True
1412,459,Laptop,2024-07-02,Sent to FSL,Mysuru FSL,True
1413,459,Clothing,2024-07-02,Pending Analysis,Bengaluru FSL,True
1414,459,Firearm,2024-07-02,Pending Analysis,Mangaluru FSL,True
1415,459,SIM Card,2024-07-02,Rejected,Bengaluru FSL,True
1416,460,Clothing,2025-04-12,Rejected,Bengaluru FSL,False
1417,460,USB Drive,2025-04-12,Pending Analysis,Bengaluru FSL,False
1418,461,Knife,2025-12-11,Sent to FSL,Mangaluru FSL,False
1419,461,Firearm,2025-12-11,Collected,Mangaluru FSL,True
1420,461,Vehicle,2025-12-11,Pending Analysis,Bengaluru FSL,False
1421,461,USB Drive,2025-12-11,Verified,Bengaluru FSL,False
1422,462,Vehicle,2025-03-09,Verified,Mysuru FSL,True
1423,463,Knife,2022-04-03,Collected,Mangaluru FSL,True
1424,463,Mobile Phone,2022-04-03,Rejected,Mangaluru FSL,True
1425,463,Document,2022-04-03,Sent to FSL,Mysuru FSL,True
1426,464,CCTV Footage,2023-03-23,Pending Analysis,Mangaluru FSL,False
1427,464,Drug Sample,2023-03-23,Verified,Mysuru FSL,False
1428,464,Firearm,2023-03-23,Pending Analysis,Mysuru FSL,False
1429,464,Mobile Phone,2023-03-23,Collected,Bengaluru FSL,True
1430,465,Vehicle,2026-06-21,Pending Analysis,Mysuru FSL,True
1431,465,Fingerprint,2026-06-21,Rejected,Bengaluru FSL,False
1432,465,SIM Card,2026-06-21,Sent to FSL,Mysuru FSL,False
1433,465,Document,2026-06-21,Sent to FSL,Mysuru FSL,False
1434,465,Clothing,2026-06-21,Verified,Mysuru FSL,False
1435,466,Clothing,2024-05-03,Sent to FSL,Mysuru FSL,False
1436,466,Firearm,2024-05-03,Collected,Mysuru FSL,False
1437,466,CCTV Footage,2024-05-03,Sent to FSL,Mangaluru FSL,False
1438,466,Laptop,2024-05-03,Sent to FSL,Mangaluru FSL,True
1439,466,DNA Sample,2024-05-03,Sent to FSL,Bengaluru FSL,True
1440,467,Document,2024-04-01,Collected,Mangaluru FSL,False
1441,467,SIM Card,2024-04-01,Verified,Bengaluru FSL,False
1442,467,DNA Sample,2024-04-01,Verified,Bengaluru FSL,False
1443,467,Laptop,2024-04-01,Verified,Bengaluru FSL,False
1444,468,SIM Card,2026-11-30,Pending Analysis,Bengaluru FSL,True
1445,468,Knife,2026-11-30,Collected,Mangaluru FSL,True
1446,469,USB Drive,2024-10-31,Pending Analysis,Mysuru FSL,False
1447,469,CCTV Footage,2024-10-31,Sent to FSL,Bengaluru FSL,False
1448,470,USB Drive,2025-12-15,Collected,Mysuru FSL,False
1449,471,Fingerprint,2026-04-27,Rejected,Mangaluru FSL,True
1450,471,Hard Disk,2026-04-27,Verified,Mangaluru FSL,True
1451,471,SIM Card,2026-04-27,Rejected,Mangaluru FSL,True
1452,471,Knife,2026-04-27,Sent to FSL,Mangaluru FSL,False
1453,471,CCTV Footage,2026-04-27,Collected,Bengaluru FSL,True
1454,472,USB Drive,2026-10-15,Rejected,Bengaluru FSL,True
1455,472,SIM Card,2026-10-15,Verified,Bengaluru FSL,False
1456,472,Drug Sample,2026-10-15,Pending Analysis,Mysuru FSL,False
1457,472,CCTV Footage,2026-10-15,Pending Analysis,Mysuru FSL,False
1458,473,Drug Sample,2023-07-30,Verified,Mangaluru FSL,False
1459,473,Document,2023-07-30,Verified,Mysuru FSL,False
1460,474,Knife,2025-10-11,Pending Analysis,Mysuru FSL,False
1461,475,Fingerprint,2025-10-27,Verified,Mysuru FSL,False
1462,475,USB Drive,2025-10-27,Verified,Bengaluru FSL,True
1463,475,Firearm,2025-10-27,Sent to FSL,Mysuru FSL,True
1464,475,Blood Sample,2025-10-27,Sent to FSL,Mangaluru FSL,False
1465,476,Hard Disk,2023-12-27,Rejected,Mangaluru FSL,False
1466,476,Vehicle,2023-12-27,Sent to FSL,Mysuru FSL,False
1467,476,SIM Card,2023-12-27,Rejected,Bengaluru FSL,False
1468,477,Knife,2022-02-11,Sent to FSL,Mangaluru FSL,False
1469,477,Clothing,2022-02-11,Collected,Bengaluru FSL,True
1470,477,Vehicle,2022-02-11,Pending Analysis,Mangaluru FSL,True
1471,477,Fingerprint,2022-02-11,Collected,Mangaluru FSL,False
1472,477,Drug Sample,2022-02-11,Sent to FSL,Mysuru FSL,True
1473,478,Knife,2026-01-05,Pending Analysis,Mysuru FSL,True
1474,478,Firearm,2026-01-05,Rejected,Mangaluru FSL,False
1475,478,Mobile Phone,2026-01-05,Verified,Mysuru FSL,True
1476,479,DNA Sample,2024-01-12,Pending Analysis,Mysuru FSL,False
1477,479,Knife,2024-01-12,Pending Analysis,Mysuru FSL,False
1478,479,Laptop,2024-01-12,Collected,Bengaluru FSL,True
1479,480,USB Drive,2026-11-17,Verified,Mangaluru FSL,False
1480,481,Laptop,2022-02-28,Verified,Mangaluru FSL,False
1481,481,Document,2022-02-28,Rejected,Bengaluru FSL,False
1482,481,Hard Disk,2022-02-28,Collected,Mysuru FSL,True
1483,481,Clothing,2022-02-28,Rejected,Mysuru FSL,True
1484,481,CCTV Footage,2022-02-28,Verified,Mangaluru FSL,True
1485,482,USB Drive,2022-10-20,Rejected,Bengaluru FSL,False
1486,483,Mobile Phone,2023-09-30,Pending Analysis,Mysuru FSL,False
1487,484,Clothing,2023-06-16,Pending Analysis,Mysuru FSL,False
1488,484,Drug Sample,2023-06-16,Rejected,Bengaluru FSL,True
1489,484,Knife,2023-06-16,Collected,Mysuru FSL,False
1490,485,CCTV Footage,2023-12-06,Pending Analysis,Mysuru FSL,True
1491,485,Clothing,2023-12-06,Rejected,Mangaluru FSL,False
1492,485,Firearm,2023-12-06,Collected,Bengaluru FSL,False
1493,486,CCTV Footage,2025-04-25,Collected,Mysuru FSL,False
1494,486,Blood Sample,2025-04-25,Verified,Bengaluru FSL,False
1495,486,Mobile Phone,2025-04-25,Collected,Mysuru FSL,False
1496,486,Clothing,2025-04-25,Collected,Mysuru FSL,True
1497,487,Clothing,2023-05-19,Rejected,Mangaluru FSL,True
1498,488,Mobile Phone,2025-07-08,Sent to FSL,Mangaluru FSL,True
1499,488,SIM Card,2025-07-08,Pending Analysis,Mangaluru FSL,False
1500,488,Clothing,2025-07-08,Pending Analysis,Mangaluru FSL,False
1501,488,USB Drive,2025-07-08,Sent to FSL,Mangaluru FSL,False
1502,489,Firearm,2025-01-16,Pending Analysis,Mysuru FSL,False
1503,489,Document,2025-01-16,Sent to FSL,Mysuru FSL,True
1504,490,Clothing,2026-10-30,Sent to FSL,Bengaluru FSL,True
1505,491,Drug Sample,2022-02-09,Rejected,Mangaluru FSL,False
1506,492,Mobile Phone,2026-01-07,Verified,Mangaluru FSL,False
1507,493,SIM Card,2025-12-06,Sent to FSL,Mysuru FSL,False
1508,493,Hard Disk,2025-12-06,Pending Analysis,Mysuru FSL,False
1509,493,Knife,2025-12-06,Rejected,Mysuru FSL,True
1510,493,Drug Sample,2025-12-06,Rejected,Mysuru FSL,False
1511,493,USB Drive,2025-12-06,Verified,Bengaluru FSL,False
1512,494,Vehicle,2023-09-14,Collected,Mysuru FSL,False
1513,495,DNA Sample,2026-06-06,Pending Analysis,Mangaluru FSL,True
1514,495,Document,2026-06-06,Sent to FSL,Mysuru FSL,False
1515,495,Vehicle,2026-06-06,Pending Analysis,Mysuru FSL,True
1516,495,Hard Disk,2026-06-06,Verified,Mangaluru FSL,True
1517,496,Blood Sample,2025-03-28,Collected,Bengaluru FSL,True
1518,496,USB Drive,2025-03-28,Rejected,Mysuru FSL,False
1519,496,Document,2025-03-28,Verified,Mysuru FSL,True
1520,496,Clothing,2025-03-28,Verified,Mangaluru FSL,True
1521,497,Document,2025-12-18,Pending Analysis,Mysuru FSL,False
1522,497,Laptop,2025-12-18,Verified,Bengaluru FSL,False
1523,497,Fingerprint,2025-12-18,Pending Analysis,Mangaluru FSL,False
1524,498,Blood Sample,2022-04-08,Verified,Bengaluru FSL,False
1525,498,DNA Sample,2022-04-08,Rejected,Mangaluru FSL,False
1526,498,Vehicle,2022-04-08,Sent to FSL,Mangaluru FSL,False
1527,499,Mobile Phone,2023-03-01,Pending Analysis,Mangaluru FSL,False
1528,499,Document,2023-03-01,Pending Analysis,Mysuru FSL,False
1529,500,Drug Sample,2022-09-28,Collected,Bengaluru FSL,True
1530,501,Drug Sample,2022-04-03,Pending Analysis,Mangaluru FSL,False
1531,501,CCTV Footage,2022-04-03,Rejected,Mangaluru FSL,True
1532,502,Blood Sample,2026-10-24,Rejected,Mangaluru FSL,False
1533,503,Vehicle,2023-07-24,Pending Analysis,Mysuru FSL,True
1534,504,Knife,2022-05-13,Rejected,Mangaluru FSL,False
1535,504,Blood Sample,2022-05-13,Sent to FSL,Mangaluru FSL,False
1536,504,Document,2022-05-13,Pending Analysis,Bengaluru FSL,False
1537,504,Drug Sample,2022-05-13,Collected,Mysuru FSL,False
1538,505,Blood Sample,2023-04-13,Collected,Bengaluru FSL,False
1539,505,Fingerprint,2023-04-13,Verified,Mangaluru FSL,True
1540,505,Clothing,2023-04-13,Collected,Mysuru FSL,True
1541,505,Laptop,2023-04-13,Pending Analysis,Mangaluru FSL,True
1542,506,Fingerprint,2024-09-23,Sent to FSL,Mangaluru FSL,False
1543,506,Laptop,2024-09-23,Rejected,Bengaluru FSL,True
1544,506,Drug Sample,2024-09-23,Sent to FSL,Bengaluru FSL,False
1545,506,Hard Disk,2024-09-23,Verified,Bengaluru FSL,True
1546,506,Vehicle,2024-09-23,Rejected,Bengaluru FSL,True
1547,507,Hard Disk,2023-01-24,Sent to FSL,Mangaluru FSL,False
1548,508,Vehicle,2023-06-08,Verified,Bengaluru FSL,False
1549,508,Firearm,2023-06-08,Collected,Mysuru FSL,False
1550,509,Mobile Phone,2026-04-01,Sent to FSL,Mysuru FSL,False
1551,509,Hard Disk,2026-04-01,Verified,Bengaluru FSL,True
1552,510,Firearm,2026-04-17,Collected,Mangaluru FSL,True
1553,511,Firearm,2022-06-12,Rejected,Mangaluru FSL,False
1554,511,Drug Sample,2022-06-12,Pending Analysis,Bengaluru FSL,True
1555,511,Hard Disk,2022-06-12,Rejected,Mangaluru FSL,False
1556,511,Knife,2022-06-12,Collected,Bengaluru FSL,False
1557,512,Blood Sample,2022-08-15,Sent to FSL,Mangaluru FSL,True
1558,512,Vehicle,2022-08-15,Sent to FSL,Mangaluru FSL,False
1559,512,Drug Sample,2022-08-15,Sent to FSL,Mangaluru FSL,False
1560,513,SIM Card,2026-04-13,Rejected,Mysuru FSL,False
1561,513,Drug Sample,2026-04-13,Sent to FSL,Bengaluru FSL,False
1562,513,Laptop,2026-04-13,Pending Analysis,Bengaluru FSL,False
1563,513,Mobile Phone,2026-04-13,Verified,Bengaluru FSL,False
1564,513,Knife,2026-04-13,Verified,Mangaluru FSL,False
1565,514,USB Drive,2023-07-13,Verified,Mangaluru FSL,True
1566,514,Fingerprint,2023-07-13,Collected,Bengaluru FSL,True
1567,514,Hard Disk,2023-07-13,Rejected,Mysuru FSL,True
1568,514,Knife,2023-07-13,Sent to FSL,Mangaluru FSL,True
1569,515,Fingerprint,2025-02-19,Pending Analysis,Mangaluru FSL,False
1570,516,USB Drive,2025-01-20,Collected,Mangaluru FSL,True
1571,516,Clothing,2025-01-20,Rejected,Mysuru FSL,True
1572,516,Knife,2025-01-20,Verified,Mysuru FSL,True
1573,517,USB Drive,2023-05-27,Verified,Mysuru FSL,True
1574,517,Fingerprint,2023-05-27,Pending Analysis,Bengaluru FSL,True
1575,517,DNA Sample,2023-05-27,Sent to FSL,Bengaluru FSL,True
1576,518,Fingerprint,2025-03-08,Verified,Mangaluru FSL,True
1577,518,Firearm,2025-03-08,Sent to FSL,Mangaluru FSL,False
1578,518,Document,2025-03-08,Sent to FSL,Mangaluru FSL,False
1579,519,Mobile Phone,2024-05-30,Collected,Mangaluru FSL,False
1580,519,CCTV Footage,2024-05-30,Pending Analysis,Mangaluru FSL,True
1581,519,DNA Sample,2024-05-30,Rejected,Mysuru FSL,False
1582,519,SIM Card,2024-05-30,Sent to FSL,Mysuru FSL,True
1583,519,Firearm,2024-05-30,Rejected,Mysuru FSL,False
1584,520,Document,2024-08-16,Pending Analysis,Mangaluru FSL,False
1585,520,USB Drive,2024-08-16,Pending Analysis,Mysuru FSL,True
1586,520,DNA Sample,2024-08-16,Rejected,Bengaluru FSL,True
1587,520,Vehicle,2024-08-16,Sent to FSL,Mysuru FSL,True
1588,520,Mobile Phone,2024-08-16,Pending Analysis,Bengaluru FSL,True
1589,521,Blood Sample,2025-02-04,Verified,Mangaluru FSL,False
1590,521,Fingerprint,2025-02-04,Collected,Mysuru FSL,False
1591,521,Firearm,2025-02-04,Rejected,Bengaluru FSL,False
1592,521,Document,2025-02-04,Sent to FSL,Bengaluru FSL,False
1593,522,Document,2022-11-20,Collected,Bengaluru FSL,True
1594,522,Fingerprint,2022-11-20,Collected,Mysuru FSL,True
1595,522,Clothing,2022-11-20,Rejected,Mysuru FSL,False
1596,523,DNA Sample,2026-06-25,Collected,Bengaluru FSL,True
1597,523,SIM Card,2026-06-25,Collected,Mysuru FSL,False
1598,523,Knife,2026-06-25,Pending Analysis,Mysuru FSL,True
1599,523,USB Drive,2026-06-25,Pending Analysis,Mangaluru FSL,False
1600,523,Blood Sample,2026-06-25,Sent to FSL,Mangaluru FSL,False
1601,524,Knife,2026-12-09,Verified,Bengaluru FSL,False
1602,524,Fingerprint,2026-12-09,Rejected,Mysuru FSL,False
1603,524,Firearm,2026-12-09,Pending Analysis,Mangaluru FSL,True
1604,524,Blood Sample,2026-12-09,Pending Analysis,Mangaluru FSL,True
1605,525,Clothing,2023-03-27,Verified,Bengaluru FSL,False
1606,525,Firearm,2023-03-27,Rejected,Mysuru FSL,False
1607,525,Laptop,2023-03-27,Sent to FSL,Mysuru FSL,False
1608,525,Vehicle,2023-03-27,Collected,Mangaluru FSL,True
1609,526,Laptop,2023-05-16,Pending Analysis,Mysuru FSL,True
1610,527,Vehicle,2026-11-19,Sent to FSL,Mysuru FSL,True
1611,528,SIM Card,2024-05-11,Verified,Bengaluru FSL,True
1612,528,DNA Sample,2024-05-11,Verified,Bengaluru FSL,True
1613,528,Fingerprint,2024-05-11,Pending Analysis,Bengaluru FSL,True
1614,529,Drug Sample,2022-04-13,Verified,Mysuru FSL,True
1615,529,Blood Sample,2022-04-13,Rejected,Bengaluru FSL,True
1616,529,Clothing,2022-04-13,Pending Analysis,Bengaluru FSL,True
1617,529,SIM Card,2022-04-13,Collected,Bengaluru FSL,True
1618,530,Blood Sample,2022-11-04,Verified,Mangaluru FSL,True
1619,530,Fingerprint,2022-11-04,Collected,Mangaluru FSL,False
1620,530,Firearm,2022-11-04,Verified,Bengaluru FSL,True
1621,531,Document,2024-11-10,Verified,Bengaluru FSL,False
1622,532,Drug Sample,2026-08-02,Collected,Mysuru FSL,False
1623,532,CCTV Footage,2026-08-02,Collected,Mangaluru FSL,False
1624,533,Document,2026-05-22,Sent to FSL,Bengaluru FSL,True
1625,533,USB Drive,2026-05-22,Pending Analysis,Mysuru FSL,False
1626,534,USB Drive,2024-09-20,Sent to FSL,Bengaluru FSL,False
1627,535,USB Drive,2022-12-15,Sent to FSL,Mangaluru FSL,False
1628,535,CCTV Footage,2022-12-15,Sent to FSL,Bengaluru FSL,False
1629,536,Laptop,2026-08-16,Pending Analysis,Bengaluru FSL,True
1630,536,DNA Sample,2026-08-16,Sent to FSL,Mysuru FSL,False
1631,536,Knife,2026-08-16,Pending Analysis,Mangaluru FSL,False
1632,536,SIM Card,2026-08-16,Verified,Mysuru FSL,True
1633,537,Mobile Phone,2022-11-01,Rejected,Bengaluru FSL,True
1634,537,CCTV Footage,2022-11-01,Collected,Bengaluru FSL,True
1635,538,Blood Sample,2025-11-28,Sent to FSL,Bengaluru FSL,False
1636,538,Hard Disk,2025-11-28,Pending Analysis,Bengaluru FSL,False
1637,538,Mobile Phone,2025-11-28,Rejected,Mangaluru FSL,False
1638,538,Firearm,2025-11-28,Pending Analysis,Mangaluru FSL,False
1639,538,Laptop,2025-11-28,Sent to FSL,Mangaluru FSL,False
1640,539,Document,2026-11-13,Rejected,Bengaluru FSL,True
1641,539,SIM Card,2026-11-13,Rejected,Mysuru FSL,True
1642,539,CCTV Footage,2026-11-13,Verified,Mysuru FSL,False
1643,539,Laptop,2026-11-13,Rejected,Bengaluru FSL,True
1644,539,Knife,2026-11-13,Collected,Mysuru FSL,False
1645,540,Document,2024-06-25,Rejected,Bengaluru FSL,True
1646,540,CCTV Footage,2024-06-25,Pending Analysis,Bengaluru FSL,False
1647,540,Hard Disk,2024-06-25,Sent to FSL,Bengaluru FSL,True
1648,541,Drug Sample,2026-11-28,Verified,Mysuru FSL,False
1649,541,Hard Disk,2026-11-28,Rejected,Mangaluru FSL,False
1650,542,Drug Sample,2023-09-26,Collected,Mangaluru FSL,False
1651,542,Document,2023-09-26,Collected,Bengaluru FSL,False
1652,542,CCTV Footage,2023-09-26,Verified,Bengaluru FSL,False
1653,543,Laptop,2026-05-15,Collected,Bengaluru FSL,True
1654,543,Vehicle,2026-05-15,Rejected,Mysuru FSL,False
1655,543,Document,2026-05-15,Verified,Mysuru FSL,False
1656,543,DNA Sample,2026-05-15,Verified,Mangaluru FSL,False
1657,544,Firearm,2022-10-06,Verified,Bengaluru FSL,True
1658,544,CCTV Footage,2022-10-06,Collected,Mangaluru FSL,False
1659,544,Document,2022-10-06,Verified,Bengaluru FSL,False
1660,544,Hard Disk,2022-10-06,Sent to FSL,Mangaluru FSL,True
1661,545,Document,2025-06-02,Sent to FSL,Mangaluru FSL,True
1662,546,Laptop,2025-07-12,Verified,Mangaluru FSL,False
1663,547,Drug Sample,2025-09-08,Pending Analysis,Bengaluru FSL,True
1664,547,CCTV Footage,2025-09-08,Sent to FSL,Mangaluru FSL,False
1665,547,Laptop,2025-09-08,Sent to FSL,Mysuru FSL,True
1666,547,Mobile Phone,2025-09-08,Rejected,Mangaluru FSL,True
1667,547,Fingerprint,2025-09-08,Pending Analysis,Mysuru FSL,True
1668,548,Laptop,2023-02-21,Pending Analysis,Bengaluru FSL,False
1669,548,USB Drive,2023-02-21,Collected,Mangaluru FSL,True
1670,548,Hard Disk,2023-02-21,Pending Analysis,Mangaluru FSL,False
1671,549,CCTV Footage,2025-12-29,Rejected,Mysuru FSL,True
1672,549,Drug Sample,2025-12-29,Rejected,Bengaluru FSL,False
1673,549,Knife,2025-12-29,Collected,Bengaluru FSL,True
1674,550,Laptop,2023-08-18,Rejected,Bengaluru FSL,False
1675,550,Blood Sample,2023-08-18,Sent to FSL,Mysuru FSL,False
1676,550,Drug Sample,2023-08-18,Pending Analysis,Mangaluru FSL,True
1677,550,Document,2023-08-18,Collected,Mangaluru FSL,False
1678,550,Hard Disk,2023-08-18,Verified,Bengaluru FSL,True
1679,551,Mobile Phone,2023-03-02,Verified,Mysuru FSL,False
1680,551,USB Drive,2023-03-02,Verified,Mangaluru FSL,True
1681,552,SIM Card,2024-03-24,Verified,Mysuru FSL,True
1682,552,CCTV Footage,2024-03-24,Rejected,Mangaluru FSL,False
1683,552,Clothing,2024-03-24,Collected,Bengaluru FSL,True
1684,552,Mobile Phone,2024-03-24,Sent to FSL,Bengaluru FSL,True
1685,552,USB Drive,2024-03-24,Pending Analysis,Bengaluru FSL,True
1686,553,DNA Sample,2026-07-18,Sent to FSL,Bengaluru FSL,False
1687,553,Mobile Phone,2026-07-18,Sent to FSL,Mysuru FSL,False
1688,553,Vehicle,2026-07-18,Pending Analysis,Bengaluru FSL,True
1689,553,Blood Sample,2026-07-18,Collected,Mangaluru FSL,False
1690,554,CCTV Footage,2026-01-17,Verified,Bengaluru FSL,True
1691,554,Mobile Phone,2026-01-17,Collected,Mangaluru FSL,False
1692,554,Clothing,2026-01-17,Pending Analysis,Mysuru FSL,False
1693,554,Laptop,2026-01-17,Pending Analysis,Bengaluru FSL,False
1694,555,Drug Sample,2022-09-11,Collected,Bengaluru FSL,False
1695,556,Drug Sample,2025-06-22,Sent to FSL,Mysuru FSL,True
1696,556,CCTV Footage,2025-06-22,Verified,Bengaluru FSL,True
1697,557,Knife,2022-03-10,Collected,Mangaluru FSL,False
1698,557,Laptop,2022-03-10,Sent to FSL,Bengaluru FSL,False
1699,557,SIM Card,2022-03-10,Sent to FSL,Mysuru FSL,False
1700,557,USB Drive,2022-03-10,Verified,Bengaluru FSL,False
1701,558,DNA Sample,2026-12-07,Sent to FSL,Mysuru FSL,False
1702,559,CCTV Footage,2026-05-30,Collected,Mysuru FSL,False
1703,559,DNA Sample,2026-05-30,Verified,Mangaluru FSL,True
1704,559,Drug Sample,2026-05-30,Collected,Bengaluru FSL,False
1705,560,Knife,2025-03-27,Sent to FSL,Bengaluru FSL,True
1706,561,USB Drive,2023-03-16,Verified,Bengaluru FSL,True
1707,562,DNA Sample,2022-11-15,Sent to FSL,Mangaluru FSL,False
1708,562,Document,2022-11-15,Collected,Mysuru FSL,True
1709,562,Fingerprint,2022-11-15,Sent to FSL,Bengaluru FSL,True
1710,562,Drug Sample,2022-11-15,Collected,Mysuru FSL,False
1711,563,Vehicle,2024-04-29,Sent to FSL,Mysuru FSL,True
1712,563,Laptop,2024-04-29,Pending Analysis,Bengaluru FSL,False
1713,563,Knife,2024-04-29,Rejected,Mangaluru FSL,True
1714,564,Clothing,2026-07-08,Verified,Bengaluru FSL,False
1715,564,Document,2026-07-08,Pending Analysis,Mangaluru FSL,True
1716,564,Hard Disk,2026-07-08,Collected,Mysuru FSL,True
1717,565,Blood Sample,2023-02-07,Collected,Bengaluru FSL,False
1718,565,Drug Sample,2023-02-07,Collected,Mysuru FSL,True
1719,566,Document,2026-04-26,Verified,Mysuru FSL,False
1720,567,Laptop,2026-01-03,Rejected,Mysuru FSL,True
1721,568,Clothing,2022-04-04,Rejected,Mangaluru FSL,True
1722,568,Firearm,2022-04-04,Rejected,Mangaluru FSL,True
1723,568,SIM Card,2022-04-04,Collected,Mysuru FSL,True
1724,568,Hard Disk,2022-04-04,Collected,Mangaluru FSL,False
1725,568,Mobile Phone,2022-04-04,Sent to FSL,Mangaluru FSL,True
1726,569,Mobile Phone,2026-07-30,Verified,Mangaluru FSL,True
1727,569,Vehicle,2026-07-30,Pending Analysis,Bengaluru FSL,False
1728,569,Hard Disk,2026-07-30,Pending Analysis,Mysuru FSL,False
1729,569,Clothing,2026-07-30,Verified,Bengaluru FSL,False
1730,570,DNA Sample,2026-11-09,Collected,Mangaluru FSL,True
1731,571,Fingerprint,2024-03-02,Pending Analysis,Mangaluru FSL,True
1732,571,Knife,2024-03-02,Collected,Bengaluru FSL,False
1733,571,Blood Sample,2024-03-02,Sent to FSL,Bengaluru FSL,False
1734,572,Document,2025-09-17,Collected,Mysuru FSL,True
1735,572,Drug Sample,2025-09-17,Sent to FSL,Mangaluru FSL,False
1736,572,Blood Sample,2025-09-17,Rejected,Bengaluru FSL,True
1737,573,SIM Card,2022-11-25,Collected,Mangaluru FSL,False
1738,573,Blood Sample,2022-11-25,Pending Analysis,Mysuru FSL,False
1739,574,Drug Sample,2023-01-11,Pending Analysis,Bengaluru FSL,False
1740,574,Hard Disk,2023-01-11,Collected,Bengaluru FSL,False
1741,575,Clothing,2023-07-11,Collected,Bengaluru FSL,True
1742,576,Firearm,2026-05-28,Collected,Mangaluru FSL,False
1743,576,Knife,2026-05-28,Sent to FSL,Bengaluru FSL,False
1744,577,USB Drive,2024-07-12,Pending Analysis,Mangaluru FSL,False
1745,577,Clothing,2024-07-12,Sent to FSL,Mangaluru FSL,True
1746,577,CCTV Footage,2024-07-12,Rejected,Mysuru FSL,False
1747,577,DNA Sample,2024-07-12,Rejected,Mangaluru FSL,False
1748,578,Mobile Phone,2026-07-27,Rejected,Mysuru FSL,False
1749,578,Knife,2026-07-27,Sent to FSL,Bengaluru FSL,False
1750,579,Knife,2024-05-08,Pending Analysis,Bengaluru FSL,True
1751,580,USB Drive,2026-02-03,Pending Analysis,Mysuru FSL,True
1752,581,CCTV Footage,2024-09-02,Collected,Bengaluru FSL,True
1753,581,Clothing,2024-09-02,Verified,Mangaluru FSL,True
1754,581,Blood Sample,2024-09-02,Verified,Mangaluru FSL,False
1755,582,SIM Card,2025-02-01,Sent to FSL,Bengaluru FSL,True
1756,582,Document,2025-02-01,Rejected,Mysuru FSL,True
1757,582,Fingerprint,2025-02-01,Verified,Bengaluru FSL,True
1758,582,CCTV Footage,2025-02-01,Sent to FSL,Mysuru FSL,True
1759,582,Clothing,2025-02-01,Collected,Bengaluru FSL,True
1760,583,Document,2023-07-18,Rejected,Mangaluru FSL,True
1761,583,Laptop,2023-07-18,Rejected,Mysuru FSL,True
1762,584,Laptop,2024-05-16,Sent to FSL,Mangaluru FSL,False
1763,584,Knife,2024-05-16,Pending Analysis,Mysuru FSL,False
1764,584,Vehicle,2024-05-16,Rejected,Mangaluru FSL,False
1765,584,Hard Disk,2024-05-16,Pending Analysis,Mangaluru FSL,True
1766,584,SIM Card,2024-05-16,Rejected,Mangaluru FSL,True
1767,585,Hard Disk,2026-03-20,Verified,Mangaluru FSL,True
1768,585,Firearm,2026-03-20,Sent to FSL,Mysuru FSL,True
1769,586,DNA Sample,2024-12-02,Rejected,Mysuru FSL,False
1770,587,Firearm,2026-02-18,Verified,Bengaluru FSL,False
1771,587,Hard Disk,2026-02-18,Sent to FSL,Bengaluru FSL,False
1772,587,DNA Sample,2026-02-18,Rejected,Mangaluru FSL,False
1773,587,Blood Sample,2026-02-18,Rejected,Mangaluru FSL,False
1774,588,Vehicle,2024-09-22,Verified,Mysuru FSL,False
1775,589,Firearm,2023-12-14,Verified,Mangaluru FSL,True
1776,589,Clothing,2023-12-14,Verified,Mangaluru FSL,False
1777,589,Document,2023-12-14,Collected,Mangaluru FSL,False
1778,589,DNA Sample,2023-12-14,Pending Analysis,Bengaluru FSL,True
1779,590,DNA Sample,2022-02-20,Rejected,Mysuru FSL,False
1780,590,Fingerprint,2022-02-20,Collected,Bengaluru FSL,False
1781,590,Clothing,2022-02-20,Pending Analysis,Bengaluru FSL,False
1782,590,USB Drive,2022-02-20,Verified,Bengaluru FSL,False
1783,590,Laptop,2022-02-20,Pending Analysis,Bengaluru FSL,False
1784,591,CCTV Footage,2023-07-06,Sent to FSL,Mysuru FSL,True
1785,591,Hard Disk,2023-07-06,Sent to FSL,Mysuru FSL,False
1786,591,Vehicle,2023-07-06,Sent to FSL,Bengaluru FSL,False
1787,591,Document,2023-07-06,Collected,Bengaluru FSL,True
1788,591,Knife,2023-07-06,Collected,Mangaluru FSL,False
1789,592,Clothing,2022-04-08,Pending Analysis,Mysuru FSL,True
1790,593,Firearm,2023-07-05,Sent to FSL,Mangaluru FSL,False
1791,594,Knife,2022-03-30,Collected,Mangaluru FSL,False
1792,594,USB Drive,2022-03-30,Rejected,Bengaluru FSL,True
1793,594,CCTV Footage,2022-03-30,Sent to FSL,Mysuru FSL,False
1794,594,Drug Sample,2022-03-30,Rejected,Mysuru FSL,True
1795,595,Vehicle,2024-10-15,Rejected,Mysuru FSL,True
1796,595,Mobile Phone,2024-10-15,Rejected,Bengaluru FSL,True
1797,596,Firearm,2024-01-22,Collected,Mangaluru FSL,True
1798,597,Drug Sample,2024-05-15,Collected,Mangaluru FSL,False
1799,597,Mobile Phone,2024-05-15,Collected,Bengaluru FSL,False
1800,598,SIM Card,2024-01-26,Verified,Mangaluru FSL,False
1801,598,Mobile Phone,2024-01-26,Rejected,Mysuru FSL,False
1802,598,Knife,2024-01-26,Pending Analysis,Mysuru FSL,False
1803,599,Document,2022-11-27,Verified,Mysuru FSL,False
1804,599,Fingerprint,2022-11-27,Rejected,Mangaluru FSL,False
1805,599,DNA Sample,2022-11-27,Verified,Bengaluru FSL,False
1806,599,Laptop,2022-11-27,Rejected,Mysuru FSL,False
1807,599,Knife,2022-11-27,Rejected,Mysuru FSL,True
1808,600,Blood Sample,2022-07-03,Pending Analysis,Mangaluru FSL,True
1809,600,DNA Sample,2022-07-03,Rejected,Mysuru FSL,True
1810,600,Drug Sample,2022-07-03,Pending Analysis,Bengaluru FSL,True
1811,600,Vehicle,2022-07-03,Sent to FSL,Bengaluru FSL,True
1812,601,Document,2023-09-10,Pending Analysis,Bengaluru FSL,False
1813,601,Blood Sample,2023-09-10,Pending Analysis,Bengaluru FSL,True
1814,602,SIM Card,2024-07-08,Rejected,Bengaluru FSL,True
1815,602,CCTV Footage,2024-07-08,Collected,Mangaluru FSL,True
1816,602,Document,2024-07-08,Pending Analysis,Mysuru FSL,False
1817,603,Mobile Phone,2024-01-09,Verified,Bengaluru FSL,True
1818,603,Drug Sample,2024-01-09,Pending Analysis,Mangaluru FSL,True
1819,604,SIM Card,2024-11-27,Sent to FSL,Mysuru FSL,False
1820,604,Drug Sample,2024-11-27,Sent to FSL,Bengaluru FSL,True
1821,604,Clothing,2024-11-27,Sent to FSL,Mysuru FSL,False
1822,604,Document,2024-11-27,Pending Analysis,Bengaluru FSL,True
1823,604,USB Drive,2024-11-27,Sent to FSL,Mangaluru FSL,True
1824,605,Knife,2024-02-26,Pending Analysis,Mysuru FSL,False
1825,605,USB Drive,2024-02-26,Sent to FSL,Mangaluru FSL,True
1826,605,SIM Card,2024-02-26,Pending Analysis,Mangaluru FSL,True
1827,605,Fingerprint,2024-02-26,Pending Analysis,Mangaluru FSL,True
1828,605,Hard Disk,2024-02-26,Rejected,Bengaluru FSL,False
1829,606,Drug Sample,2022-04-22,Collected,Mangaluru FSL,True
1830,606,USB Drive,2022-04-22,Sent to FSL,Mangaluru FSL,False
1831,606,Firearm,2022-04-22,Pending Analysis,Mysuru FSL,False
1832,606,SIM Card,2022-04-22,Pending Analysis,Bengaluru FSL,False
1833,606,Document,2022-04-22,Pending Analysis,Mysuru FSL,True
1834,607,Clothing,2022-08-17,Collected,Bengaluru FSL,True
1835,607,USB Drive,2022-08-17,Sent to FSL,Bengaluru FSL,False
1836,607,Knife,2022-08-17,Pending Analysis,Mysuru FSL,True
1837,607,Vehicle,2022-08-17,Rejected,Mangaluru FSL,True
1838,607,CCTV Footage,2022-08-17,Verified,Mysuru FSL,False
1839,608,Firearm,2023-12-13,Verified,Mysuru FSL,False
1840,609,Hard Disk,2022-10-19,Verified,Bengaluru FSL,True
1841,610,CCTV Footage,2025-01-18,Collected,Bengaluru FSL,False
1842,610,Knife,2025-01-18,Rejected,Mysuru FSL,False
1843,610,Firearm,2025-01-18,Collected,Bengaluru FSL,True
1844,610,Blood Sample,2025-01-18,Verified,Mangaluru FSL,True
1845,611,Vehicle,2023-06-06,Verified,Mysuru FSL,True
1846,611,Blood Sample,2023-06-06,Collected,Mangaluru FSL,False
1847,611,Knife,2023-06-06,Rejected,Bengaluru FSL,False
1848,611,Drug Sample,2023-06-06,Verified,Mangaluru FSL,False
1849,611,Firearm,2023-06-06,Verified,Bengaluru FSL,False
1850,612,Fingerprint,2022-04-16,Collected,Mangaluru FSL,True
1851,612,Document,2022-04-16,Collected,Bengaluru FSL,False
1852,613,Vehicle,2026-07-26,Verified,Bengaluru FSL,False
1853,613,Mobile Phone,2026-07-26,Pending Analysis,Bengaluru FSL,False
1854,613,Firearm,2026-07-26,Verified,Mangaluru FSL,True
1855,613,SIM Card,2026-07-26,Collected,Bengaluru FSL,False
1856,613,Knife,2026-07-26,Pending Analysis,Mangaluru FSL,True
1857,614,Document,2026-05-26,Pending Analysis,Mangaluru FSL,False
1858,614,Firearm,2026-05-26,Verified,Mysuru FSL,False
1859,615,USB Drive,2025-12-04,Verified,Mysuru FSL,True
1860,616,Firearm,2024-11-18,Rejected,Mangaluru FSL,False
1861,617,Clothing,2023-12-13,Verified,Bengaluru FSL,False
1862,617,Drug Sample,2023-12-13,Rejected,Mangaluru FSL,True
1863,617,Mobile Phone,2023-12-13,Verified,Mangaluru FSL,True
1864,617,Firearm,2023-12-13,Pending Analysis,Mysuru FSL,False
1865,617,SIM Card,2023-12-13,Verified,Mangaluru FSL,False
1866,618,Document,2024-07-10,Sent to FSL,Mysuru FSL,True
1867,618,Blood Sample,2024-07-10,Verified,Bengaluru FSL,True
1868,618,Vehicle,2024-07-10,Pending Analysis,Mysuru FSL,True
1869,619,USB Drive,2022-11-27,Pending Analysis,Mangaluru FSL,False
1870,619,Drug Sample,2022-11-27,Collected,Bengaluru FSL,False
1871,619,Clothing,2022-11-27,Rejected,Bengaluru FSL,False
1872,620,Mobile Phone,2026-12-22,Collected,Mangaluru FSL,False
1873,620,SIM Card,2026-12-22,Collected,Bengaluru FSL,False
1874,620,Clothing,2026-12-22,Collected,Bengaluru FSL,False
1875,621,Mobile Phone,2025-11-12,Pending Analysis,Mysuru FSL,False
1876,621,Clothing,2025-11-12,Pending Analysis,Mangaluru FSL,True
1877,621,Firearm,2025-11-12,Collected,Mangaluru FSL,True
1878,621,Hard Disk,2025-11-12,Sent to FSL,Bengaluru FSL,True
1879,622,Drug Sample,2023-09-14,Pending Analysis,Mysuru FSL,True
1880,622,Blood Sample,2023-09-14,Sent to FSL,Mysuru FSL,False
1881,623,CCTV Footage,2022-01-19,Rejected,Mysuru FSL,False
1882,623,Blood Sample,2022-01-19,Verified,Mysuru FSL,False
1883,623,Knife,2022-01-19,Verified,Mangaluru FSL,True
1884,623,Document,2022-01-19,Verified,Mangaluru FSL,True
1885,624,Knife,2023-02-11,Sent to FSL,Bengaluru FSL,True
1886,624,Clothing,2023-02-11,Collected,Mangaluru FSL,True
1887,624,Vehicle,2023-02-11,Pending Analysis,Mangaluru FSL,False
1888,624,CCTV Footage,2023-02-11,Verified,Mangaluru FSL,False
1889,625,Fingerprint,2025-03-24,Pending Analysis,Mysuru FSL,False
1890,626,Blood Sample,2024-08-03,Verified,Mysuru FSL,False
1891,626,Document,2024-08-03,Collected,Mangaluru FSL,False
1892,626,Mobile Phone,2024-08-03,Collected,Mysuru FSL,True
1893,626,SIM Card,2024-08-03,Verified,Bengaluru FSL,False
1894,626,Drug Sample,2024-08-03,Verified,Bengaluru FSL,True
1895,627,Document,2023-08-23,Rejected,Bengaluru FSL,True
1896,627,Laptop,2023-08-23,Pending Analysis,Mangaluru FSL,False
1897,627,Mobile Phone,2023-08-23,Sent to FSL,Mysuru FSL,False
1898,627,Hard Disk,2023-08-23,Rejected,Mysuru FSL,True
1899,627,Drug Sample,2023-08-23,Sent to FSL,Mysuru FSL,False
1900,628,Fingerprint,2022-04-07,Sent to FSL,Mysuru FSL,True
1901,629,Laptop,2025-12-20,Sent to FSL,Mangaluru FSL,True
1902,629,CCTV Footage,2025-12-20,Rejected,Mangaluru FSL,True
1903,629,Document,2025-12-20,Collected,Mangaluru FSL,True
1904,629,Fingerprint,2025-12-20,Sent to FSL,Mangaluru FSL,True
1905,629,Firearm,2025-12-20,Rejected,Mangaluru FSL,True
1906,630,Vehicle,2025-12-04,Rejected,Bengaluru FSL,False
1907,631,Mobile Phone,2025-09-23,Collected,Bengaluru FSL,False
1908,631,DNA Sample,2025-09-23,Verified,Bengaluru FSL,True
1909,631,Knife,2025-09-23,Rejected,Mangaluru FSL,True
1910,632,Knife,2023-05-15,Collected,Mysuru FSL,False
1911,632,Fingerprint,2023-05-15,Verified,Bengaluru FSL,False
1912,633,SIM Card,2022-10-15,Verified,Mysuru FSL,False
1913,633,Firearm,2022-10-15,Rejected,Bengaluru FSL,True
1914,633,USB Drive,2022-10-15,Verified,Mysuru FSL,False
1915,633,Blood Sample,2022-10-15,Sent to FSL,Mysuru FSL,False
1916,634,CCTV Footage,2024-12-25,Pending Analysis,Mangaluru FSL,True
1917,634,Fingerprint,2024-12-25,Sent to FSL,Mangaluru FSL,False
1918,634,Vehicle,2024-12-25,Rejected,Bengaluru FSL,True
1919,634,Hard Disk,2024-12-25,Collected,Bengaluru FSL,True
1920,635,Firearm,2023-08-07,Sent to FSL,Mangaluru FSL,False
1921,635,Document,2023-08-07,Pending Analysis,Bengaluru FSL,False
1922,636,Clothing,2024-05-16,Pending Analysis,Mangaluru FSL,True
1923,637,Vehicle,2024-07-28,Verified,Mysuru FSL,False
1924,637,Hard Disk,2024-07-28,Rejected,Mysuru FSL,False
1925,637,USB Drive,2024-07-28,Rejected,Bengaluru FSL,False
1926,637,Laptop,2024-07-28,Verified,Bengaluru FSL,False
1927,638,Drug Sample,2022-04-29,Rejected,Mangaluru FSL,True
1928,638,Laptop,2022-04-29,Sent to FSL,Mysuru FSL,False
1929,639,SIM Card,2023-12-29,Collected,Mysuru FSL,True
1930,639,CCTV Footage,2023-12-29,Rejected,Mysuru FSL,False
1931,639,Fingerprint,2023-12-29,Sent to FSL,Mangaluru FSL,True
1932,640,Mobile Phone,2026-08-13,Collected,Mysuru FSL,False
1933,640,Laptop,2026-08-13,Collected,Bengaluru FSL,True
1934,640,Document,2026-08-13,Collected,Mysuru FSL,True
1935,640,Blood Sample,2026-08-13,Collected,Mysuru FSL,False
1936,641,USB Drive,2022-09-11,Collected,Bengaluru FSL,True
1937,641,Clothing,2022-09-11,Pending Analysis,Bengaluru FSL,True
1938,641,Hard Disk,2022-09-11,Collected,Mysuru FSL,False
1939,641,SIM Card,2022-09-11,Rejected,Mangaluru FSL,True
1940,641,Vehicle,2022-09-11,Pending Analysis,Mangaluru FSL,True
1941,642,Knife,2025-10-25,Sent to FSL,Mysuru FSL,False
1942,642,Blood Sample,2025-10-25,Pending Analysis,Mangaluru FSL,False
1943,642,CCTV Footage,2025-10-25,Verified,Mysuru FSL,False
1944,643,Mobile Phone,2023-06-05,Rejected,Bengaluru FSL,False
1945,643,Clothing,2023-06-05,Sent to FSL,Mangaluru FSL,True
1946,643,USB Drive,2023-06-05,Collected,Mysuru FSL,True
1947,643,Firearm,2023-06-05,Collected,Mangaluru FSL,True
1948,643,Hard Disk,2023-06-05,Collected,Bengaluru FSL,True
1949,644,Firearm,2024-05-24,Verified,Mangaluru FSL,False
1950,645,CCTV Footage,2022-04-19,Pending Analysis,Mysuru FSL,False
1951,645,USB Drive,2022-04-19,Pending Analysis,Mangaluru FSL,True
1952,645,SIM Card,2022-04-19,Pending Analysis,Mangaluru FSL,False
1953,645,Firearm,2022-04-19,Rejected,Mysuru FSL,False
1954,646,USB Drive,2025-10-13,Collected,Mysuru FSL,False
1955,646,SIM Card,2025-10-13,Pending Analysis,Mysuru FSL,False
1956,646,Clothing,2025-10-13,Rejected,Mysuru FSL,True
1957,646,Document,2025-10-13,Rejected,Bengaluru FSL,False
1958,647,Mobile Phone,2026-03-24,Verified,Bengaluru FSL,True
1959,647,Laptop,2026-03-24,Verified,Bengaluru FSL,True
1960,647,Document,2026-03-24,Sent to FSL,Mysuru FSL,False
1961,648,Clothing,2023-03-05,Collected,Mangaluru FSL,False
1962,648,Document,2023-03-05,Verified,Mangaluru FSL,False
1963,648,Knife,2023-03-05,Verified,Bengaluru FSL,False
1964,648,Firearm,2023-03-05,Pending Analysis,Bengaluru FSL,True
1965,649,Vehicle,2023-05-23,Pending Analysis,Bengaluru FSL,True
1966,649,Fingerprint,2023-05-23,Pending Analysis,Bengaluru FSL,False
1967,649,CCTV Footage,2023-05-23,Pending Analysis,Bengaluru FSL,False
1968,649,USB Drive,2023-05-23,Rejected,Mangaluru FSL,False
1969,650,Vehicle,2024-05-13,Pending Analysis,Bengaluru FSL,False
1970,650,SIM Card,2024-05-13,Sent to FSL,Bengaluru FSL,True
1971,650,Hard Disk,2024-05-13,Verified,Mangaluru FSL,True
1972,650,Firearm,2024-05-13,Rejected,Mysuru FSL,False
1973,651,Knife,2023-12-31,Verified,Mangaluru FSL,True
1974,651,Blood Sample,2023-12-31,Verified,Mangaluru FSL,False
1975,651,Hard Disk,2023-12-31,Pending Analysis,Mysuru FSL,True
1976,651,SIM Card,2023-12-31,Verified,Mysuru FSL,False
1977,652,Laptop,2023-06-13,Pending Analysis,Mysuru FSL,True
1978,652,USB Drive,2023-06-13,Collected,Mangaluru FSL,True
1979,652,Drug Sample,2023-06-13,Pending Analysis,Bengaluru FSL,True
1980,652,DNA Sample,2023-06-13,Verified,Mysuru FSL,True
1981,653,Hard Disk,2023-10-23,Pending Analysis,Mysuru FSL,False
1982,654,Firearm,2022-12-15,Verified,Mangaluru FSL,True
1983,654,Laptop,2022-12-15,Verified,Mysuru FSL,True
1984,655,Drug Sample,2023-04-23,Sent to FSL,Mysuru FSL,True
1985,655,Mobile Phone,2023-04-23,Rejected,Bengaluru FSL,False
1986,655,Vehicle,2023-04-23,Verified,Bengaluru FSL,False
1987,655,Clothing,2023-04-23,Rejected,Bengaluru FSL,True
1988,656,SIM Card,2025-05-04,Collected,Mangaluru FSL,False
1989,656,CCTV Footage,2025-05-04,Verified,Bengaluru FSL,True
1990,656,Fingerprint,2025-05-04,Sent to FSL,Mysuru FSL,False
1991,656,Drug Sample,2025-05-04,Sent to FSL,Mysuru FSL,False
1992,656,Vehicle,2025-05-04,Rejected,Bengaluru FSL,False
1993,657,Blood Sample,2024-08-22,Pending Analysis,Mangaluru FSL,False
1994,657,Firearm,2024-08-22,Pending Analysis,Mysuru FSL,False
1995,657,Document,2024-08-22,Collected,Mangaluru FSL,True
1996,658,Blood Sample,2023-06-29,Sent to FSL,Mangaluru FSL,True
1997,658,Mobile Phone,2023-06-29,Verified,Mysuru FSL,False
1998,659,Firearm,2023-05-24,Sent to FSL,Mangaluru FSL,False
1999,660,Fingerprint,2024-09-01,Verified,Bengaluru FSL,False
2000,660,Firearm,2024-09-01,Sent to FSL,Mangaluru FSL,True
2001,660,Drug Sample,2024-09-01,Pending Analysis,Bengaluru FSL,True
2002,660,Document,2024-09-01,Rejected,Mysuru FSL,False
2003,660,CCTV Footage,2024-09-01,Pending Analysis,Mangaluru FSL,True
2004,661,CCTV Footage,2026-03-29,Rejected,Mysuru FSL,False
2005,661,Document,2026-03-29,Sent to FSL,Mysuru FSL,True
2006,661,Clothing,2026-03-29,Pending Analysis,Mysuru FSL,False
2007,661,Mobile Phone,2026-03-29,Collected,Bengaluru FSL,False
2008,662,Blood Sample,2024-06-22,Collected,Mysuru FSL,False
2009,662,Laptop,2024-06-22,Collected,Mangaluru FSL,True
2010,663,Document,2025-10-11,Verified,Mysuru FSL,True
2011,663,CCTV Footage,2025-10-11,Sent to FSL,Mangaluru FSL,False
2012,664,Vehicle,2026-11-26,Verified,Bengaluru FSL,False
2013,664,SIM Card,2026-11-26,Pending Analysis,Mangaluru FSL,False
2014,664,DNA Sample,2026-11-26,Pending Analysis,Mysuru FSL,True
2015,664,Laptop,2026-11-26,Collected,Bengaluru FSL,True
2016,665,Mobile Phone,2023-04-25,Collected,Mangaluru FSL,False
2017,665,USB Drive,2023-04-25,Rejected,Bengaluru FSL,False
2018,666,Clothing,2024-03-30,Rejected,Bengaluru FSL,False
2019,666,Vehicle,2024-03-30,Rejected,Mangaluru FSL,True
2020,666,Firearm,2024-03-30,Collected,Bengaluru FSL,True
2021,666,CCTV Footage,2024-03-30,Pending Analysis,Mangaluru FSL,False
2022,667,CCTV Footage,2025-04-22,Sent to FSL,Mangaluru FSL,True
2023,668,Document,2022-08-28,Verified,Bengaluru FSL,False
2024,669,CCTV Footage,2026-10-04,Verified,Bengaluru FSL,False
2025,669,DNA Sample,2026-10-04,Sent to FSL,Mangaluru FSL,True
2026,669,Firearm,2026-10-04,Verified,Bengaluru FSL,False
2027,670,USB Drive,2022-03-30,Sent to FSL,Bengaluru FSL,False
2028,670,Mobile Phone,2022-03-30,Verified,Mangaluru FSL,True
2029,670,Knife,2022-03-30,Verified,Mysuru FSL,True
2030,670,Firearm,2022-03-30,Pending Analysis,Bengaluru FSL,True
2031,671,CCTV Footage,2026-05-15,Rejected,Bengaluru FSL,False
2032,671,Vehicle,2026-05-15,Pending Analysis,Mysuru FSL,True
2033,671,Hard Disk,2026-05-15,Rejected,Mysuru FSL,True
2034,671,Firearm,2026-05-15,Pending Analysis,Mangaluru FSL,False
2035,672,Knife,2025-03-17,Sent to FSL,Mysuru FSL,False
2036,672,Mobile Phone,2025-03-17,Rejected,Mysuru FSL,False
2037,672,Firearm,2025-03-17,Collected,Bengaluru FSL,False
2038,672,Vehicle,2025-03-17,Verified,Mysuru FSL,True
2039,673,Laptop,2024-06-01,Collected,Mysuru FSL,False
2040,674,Blood Sample,2026-04-05,Rejected,Mangaluru FSL,True
2041,674,Hard Disk,2026-04-05,Collected,Mangaluru FSL,True
2042,674,Fingerprint,2026-04-05,Collected,Bengaluru FSL,False
2043,675,Drug Sample,2023-05-27,Pending Analysis,Bengaluru FSL,False
2044,675,Clothing,2023-05-27,Verified,Bengaluru FSL,False
2045,675,USB Drive,2023-05-27,Pending Analysis,Mangaluru FSL,True
2046,675,Vehicle,2023-05-27,Sent to FSL,Mangaluru FSL,False
2047,675,Document,2023-05-27,Sent to FSL,Bengaluru FSL,True
2048,676,DNA Sample,2022-03-14,Pending Analysis,Mangaluru FSL,True
2049,676,Document,2022-03-14,Sent to FSL,Mysuru FSL,False
2050,676,Laptop,2022-03-14,Rejected,Mangaluru FSL,True
2051,676,Knife,2022-03-14,Sent to FSL,Mangaluru FSL,True
2052,677,CCTV Footage,2025-05-24,Collected,Mysuru FSL,True
2053,677,Fingerprint,2025-05-24,Verified,Mysuru FSL,False
2054,677,USB Drive,2025-05-24,Collected,Bengaluru FSL,True
2055,677,Laptop,2025-05-24,Sent to FSL,Mysuru FSL,False
2056,677,SIM Card,2025-05-24,Collected,Bengaluru FSL,True
2057,678,CCTV Footage,2024-01-15,Pending Analysis,Mysuru FSL,False
2058,678,SIM Card,2024-01-15,Collected,Mangaluru FSL,True
2059,678,Clothing,2024-01-15,Collected,Mangaluru FSL,True
2060,678,Mobile Phone,2024-01-15,Rejected,Mangaluru FSL,True
2061,678,Hard Disk,2024-01-15,Collected,Mangaluru FSL,True
2062,679,Fingerprint,2024-04-09,Sent to FSL,Mangaluru FSL,True
2063,679,CCTV Footage,2024-04-09,Rejected,Mangaluru FSL,True
2064,679,Drug Sample,2024-04-09,Collected,Mangaluru FSL,True
2065,680,Firearm,2023-08-24,Sent to FSL,Mysuru FSL,True
2066,680,Fingerprint,2023-08-24,Pending Analysis,Mangaluru FSL,False
2067,680,Clothing,2023-08-24,Verified,Mangaluru FSL,False
2068,680,Document,2023-08-24,Verified,Bengaluru FSL,False
2069,680,USB Drive,2023-08-24,Verified,Mangaluru FSL,True
2070,681,DNA Sample,2024-05-22,Pending Analysis,Mysuru FSL,False
2071,681,SIM Card,2024-05-22,Verified,Bengaluru FSL,False
2072,681,USB Drive,2024-05-22,Rejected,Mangaluru FSL,True
2073,682,CCTV Footage,2024-08-26,Sent to FSL,Bengaluru FSL,False
2074,682,Vehicle,2024-08-26,Verified,Bengaluru FSL,False
2075,682,Knife,2024-08-26,Verified,Mysuru FSL,True
2076,682,Fingerprint,2024-08-26,Sent to FSL,Bengaluru FSL,True
2077,683,Drug Sample,2025-02-28,Collected,Mysuru FSL,True
2078,683,Fingerprint,2025-02-28,Collected,Mangaluru FSL,True
2079,683,SIM Card,2025-02-28,Collected,Bengaluru FSL,True
2080,684,USB Drive,2022-04-04,Sent to FSL,Bengaluru FSL,True
2081,685,Blood Sample,2025-07-27,Rejected,Mangaluru FSL,False
2082,685,Fingerprint,2025-07-27,Sent to FSL,Mysuru FSL,False
2083,685,Laptop,2025-07-27,Sent to FSL,Mysuru FSL,False
2084,686,Mobile Phone,2026-07-04,Sent to FSL,Mangaluru FSL,False
2085,686,Vehicle,2026-07-04,Rejected,Mysuru FSL,True
2086,686,Fingerprint,2026-07-04,Verified,Mysuru FSL,True
2087,686,DNA Sample,2026-07-04,Rejected,Mysuru FSL,False
2088,687,Document,2025-09-16,Pending Analysis,Mangaluru FSL,True
2089,687,Hard Disk,2025-09-16,Rejected,Mangaluru FSL,True
2090,687,Drug Sample,2025-09-16,Rejected,Mangaluru FSL,True
2091,687,Laptop,2025-09-16,Collected,Mangaluru FSL,False
2092,688,Firearm,2022-04-18,Rejected,Mysuru FSL,True
2093,688,CCTV Footage,2022-04-18,Collected,Mysuru FSL,False
2094,688,Blood Sample,2022-04-18,Pending Analysis,Mysuru FSL,True
2095,688,Mobile Phone,2022-04-18,Collected,Mangaluru FSL,False
2096,689,Laptop,2024-05-27,Pending Analysis,Bengaluru FSL,True
2097,689,Clothing,2024-05-27,Sent to FSL,Bengaluru FSL,True
2098,689,Hard Disk,2024-05-27,Sent to FSL,Bengaluru FSL,True
2099,689,Drug Sample,2024-05-27,Pending Analysis,Mysuru FSL,True
2100,690,Document,2024-12-13,Collected,Bengaluru FSL,True
2101,690,Knife,2024-12-13,Collected,Mangaluru FSL,False
2102,691,Drug Sample,2024-12-03,Collected,Mangaluru FSL,True
2103,691,Blood Sample,2024-12-03,Pending Analysis,Bengaluru FSL,True
2104,691,USB Drive,2024-12-03,Verified,Mangaluru FSL,True
2105,692,Firearm,2022-03-21,Verified,Mysuru FSL,True
2106,692,Clothing,2022-03-21,Rejected,Bengaluru FSL,True
2107,692,Mobile Phone,2022-03-21,Pending Analysis,Mysuru FSL,False
2108,692,Hard Disk,2022-03-21,Verified,Mysuru FSL,True
2109,693,Knife,2022-05-10,Collected,Bengaluru FSL,True
2110,693,Clothing,2022-05-10,Verified,Bengaluru FSL,True
2111,693,Blood Sample,2022-05-10,Verified,Bengaluru FSL,True
2112,693,Document,2022-05-10,Verified,Mysuru FSL,True
2113,694,Firearm,2026-04-23,Collected,Bengaluru FSL,False
2114,694,Hard Disk,2026-04-23,Verified,Bengaluru FSL,False
2115,694,Document,2026-04-23,Verified,Mysuru FSL,False
2116,694,Drug Sample,2026-04-23,Rejected,Mysuru FSL,False
2117,695,Firearm,2023-12-09,Sent to FSL,Mangaluru FSL,False
2118,695,CCTV Footage,2023-12-09,Collected,Bengaluru FSL,True
2119,695,USB Drive,2023-12-09,Pending Analysis,Mysuru FSL,True
2120,696,CCTV Footage,2023-01-19,Sent to FSL,Mangaluru FSL,True
2121,696,Mobile Phone,2023-01-19,Rejected,Bengaluru FSL,False
2122,696,DNA Sample,2023-01-19,Rejected,Bengaluru FSL,True
2123,696,Document,2023-01-19,Collected,Mangaluru FSL,False
2124,696,Clothing,2023-01-19,Verified,Bengaluru FSL,True
2125,697,CCTV Footage,2023-12-31,Pending Analysis,Mangaluru FSL,True
2126,697,Mobile Phone,2023-12-31,Collected,Bengaluru FSL,False
2127,697,Document,2023-12-31,Collected,Bengaluru FSL,False
2128,697,Firearm,2023-12-31,Verified,Mysuru FSL,True
2129,698,Drug Sample,2024-06-10,Pending Analysis,Mysuru FSL,False
2130,698,Laptop,2024-06-10,Collected,Bengaluru FSL,False
2131,698,CCTV Footage,2024-06-10,Pending Analysis,Bengaluru FSL,False
2132,698,Mobile Phone,2024-06-10,Verified,Bengaluru FSL,True
2133,699,Hard Disk,2025-05-13,Pending Analysis,Mangaluru FSL,True
2134,699,Laptop,2025-05-13,Rejected,Mysuru FSL,True
2135,699,Drug Sample,2025-05-13,Rejected,Bengaluru FSL,True
2136,700,Laptop,2023-04-06,Rejected,Mysuru FSL,False
2137,701,Hard Disk,2022-06-23,Collected,Mysuru FSL,False
2138,701,Vehicle,2022-06-23,Rejected,Mysuru FSL,False
2139,701,Clothing,2022-06-23,Sent to FSL,Bengaluru FSL,True
2140,702,SIM Card,2022-06-12,Rejected,Mysuru FSL,True
2141,702,Mobile Phone,2022-06-12,Rejected,Bengaluru FSL,False
2142,702,Vehicle,2022-06-12,Pending Analysis,Bengaluru FSL,True
2143,702,CCTV Footage,2022-06-12,Collected,Mangaluru FSL,True
2144,703,Fingerprint,2026-11-30,Rejected,Mangaluru FSL,True
2145,703,Laptop,2026-11-30,Collected,Bengaluru FSL,True
2146,704,USB Drive,2022-12-08,Collected,Mysuru FSL,False
2147,704,Firearm,2022-12-08,Sent to FSL,Mangaluru FSL,False
2148,705,Document,2022-10-28,Collected,Mangaluru FSL,True
2149,706,Laptop,2025-11-17,Rejected,Bengaluru FSL,False
2150,706,CCTV Footage,2025-11-17,Collected,Mangaluru FSL,False
2151,707,USB Drive,2025-11-27,Sent to FSL,Mysuru FSL,False
2152,708,USB Drive,2024-11-23,Rejected,Mangaluru FSL,False
2153,709,Blood Sample,2025-05-08,Collected,Mysuru FSL,True
2154,709,Drug Sample,2025-05-08,Rejected,Mysuru FSL,False
2155,710,Firearm,2025-06-19,Rejected,Bengaluru FSL,True
2156,710,USB Drive,2025-06-19,Pending Analysis,Bengaluru FSL,False
2157,711,Firearm,2023-06-10,Verified,Mysuru FSL,True
2158,712,SIM Card,2026-11-10,Sent to FSL,Bengaluru FSL,True
2159,712,DNA Sample,2026-11-10,Collected,Mysuru FSL,False
2160,712,USB Drive,2026-11-10,Verified,Mangaluru FSL,False
2161,712,Vehicle,2026-11-10,Sent to FSL,Bengaluru FSL,False
2162,712,Firearm,2026-11-10,Sent to FSL,Mangaluru FSL,True
2163,713,Vehicle,2025-01-18,Rejected,Mangaluru FSL,True
2164,713,Document,2025-01-18,Sent to FSL,Mysuru FSL,True
2165,713,Hard Disk,2025-01-18,Verified,Mangaluru FSL,False
2166,714,Blood Sample,2022-07-07,Rejected,Mysuru FSL,True
2167,714,Laptop,2022-07-07,Verified,Mangaluru FSL,False
2168,714,Fingerprint,2022-07-07,Verified,Mangaluru FSL,True
2169,714,Hard Disk,2022-07-07,Verified,Mysuru FSL,False
2170,715,Fingerprint,2023-12-06,Pending Analysis,Mangaluru FSL,False
2171,715,Knife,2023-12-06,Rejected,Mysuru FSL,True
2172,715,Hard Disk,2023-12-06,Collected,Bengaluru FSL,False
2173,715,Vehicle,2023-12-06,Sent to FSL,Bengaluru FSL,False
2174,716,CCTV Footage,2024-09-17,Pending Analysis,Bengaluru FSL,False
2175,716,USB Drive,2024-09-17,Rejected,Bengaluru FSL,False
2176,716,Firearm,2024-09-17,Pending Analysis,Mysuru FSL,False
2177,716,Clothing,2024-09-17,Rejected,Mangaluru FSL,True
2178,717,Laptop,2022-03-24,Rejected,Bengaluru FSL,False
2179,717,Vehicle,2022-03-24,Verified,Mysuru FSL,False
2180,717,Mobile Phone,2022-03-24,Sent to FSL,Mangaluru FSL,False
2181,717,Hard Disk,2022-03-24,Sent to FSL,Bengaluru FSL,False
2182,718,Firearm,2023-08-14,Collected,Mangaluru FSL,False
2183,718,Vehicle,2023-08-14,Verified,Mangaluru FSL,True
2184,718,Drug Sample,2023-08-14,Collected,Bengaluru FSL,False
2185,719,USB Drive,2026-05-02,Sent to FSL,Bengaluru FSL,True
2186,719,Drug Sample,2026-05-02,Pending Analysis,Mangaluru FSL,True
2187,719,Mobile Phone,2026-05-02,Collected,Mysuru FSL,False
2188,719,Laptop,2026-05-02,Pending Analysis,Mangaluru FSL,True
2189,720,Laptop,2025-04-28,Verified,Mangaluru FSL,False
2190,720,Mobile Phone,2025-04-28,Collected,Mangaluru FSL,True
2191,720,Drug Sample,2025-04-28,Sent to FSL,Bengaluru FSL,True
2192,720,Blood Sample,2025-04-28,Rejected,Mysuru FSL,True
2193,720,Clothing,2025-04-28,Verified,Bengaluru FSL,True
2194,721,USB Drive,2023-01-29,Verified,Bengaluru FSL,False
2195,722,Drug Sample,2025-09-02,Verified,Mysuru FSL,True
2196,722,Clothing,2025-09-02,Verified,Mysuru FSL,False
2197,722,Mobile Phone,2025-09-02,Pending Analysis,Mysuru FSL,True
2198,722,Blood Sample,2025-09-02,Pending Analysis,Mangaluru FSL,False
2199,723,Fingerprint,2023-04-19,Verified,Mangaluru FSL,True
2200,724,Knife,2022-11-27,Sent to FSL,Bengaluru FSL,True
2201,724,SIM Card,2022-11-27,Rejected,Mysuru FSL,False
2202,725,SIM Card,2022-12-02,Collected,Mangaluru FSL,True
2203,725,CCTV Footage,2022-12-02,Sent to FSL,Mysuru FSL,False
2204,725,Vehicle,2022-12-02,Sent to FSL,Mangaluru FSL,False
2205,725,Clothing,2022-12-02,Pending Analysis,Mangaluru FSL,True
2206,726,Mobile Phone,2023-07-01,Verified,Mysuru FSL,False
2207,726,Laptop,2023-07-01,Verified,Mysuru FSL,True
2208,726,Clothing,2023-07-01,Collected,Mysuru FSL,True
2209,726,CCTV Footage,2023-07-01,Sent to FSL,Mangaluru FSL,True
2210,726,DNA Sample,2023-07-01,Verified,Mysuru FSL,True
2211,727,Vehicle,2023-12-07,Rejected,Mysuru FSL,False
2212,727,Hard Disk,2023-12-07,Verified,Mysuru FSL,False
2213,727,CCTV Footage,2023-12-07,Sent to FSL,Bengaluru FSL,False
2214,727,Drug Sample,2023-12-07,Rejected,Mangaluru FSL,False
2215,727,SIM Card,2023-12-07,Verified,Bengaluru FSL,False
2216,728,Vehicle,2023-06-17,Sent to FSL,Bengaluru FSL,True
2217,728,Laptop,2023-06-17,Rejected,Mangaluru FSL,False
2218,728,USB Drive,2023-06-17,Collected,Mysuru FSL,False
2219,728,Firearm,2023-06-17,Verified,Mysuru FSL,True
2220,728,Hard Disk,2023-06-17,Rejected,Bengaluru FSL,True
2221,729,Clothing,2026-09-07,Collected,Mysuru FSL,True
2222,729,SIM Card,2026-09-07,Collected,Mysuru FSL,True
2223,729,Blood Sample,2026-09-07,Pending Analysis,Bengaluru FSL,False
2224,730,DNA Sample,2024-06-16,Rejected,Bengaluru FSL,False
2225,730,Drug Sample,2024-06-16,Verified,Bengaluru FSL,False
2226,730,Hard Disk,2024-06-16,Pending Analysis,Mysuru FSL,False
2227,730,Document,2024-06-16,Verified,Bengaluru FSL,False
2228,731,Drug Sample,2024-11-16,Verified,Mysuru FSL,False
2229,731,Laptop,2024-11-16,Verified,Mysuru FSL,False
2230,731,SIM Card,2024-11-16,Pending Analysis,Bengaluru FSL,False
2231,731,Clothing,2024-11-16,Verified,Mysuru FSL,True
2232,732,Mobile Phone,2023-06-14,Pending Analysis,Bengaluru FSL,False
2233,732,Vehicle,2023-06-14,Verified,Mysuru FSL,False
2234,732,SIM Card,2023-06-14,Pending Analysis,Bengaluru FSL,False
2235,732,Blood Sample,2023-06-14,Pending Analysis,Mangaluru FSL,True
2236,732,CCTV Footage,2023-06-14,Rejected,Mangaluru FSL,True
2237,733,CCTV Footage,2025-11-01,Collected,Mysuru FSL,False
2238,733,Fingerprint,2025-11-01,Collected,Bengaluru FSL,False
2239,733,Vehicle,2025-11-01,Verified,Mangaluru FSL,True
2240,734,Fingerprint,2026-08-16,Sent to FSL,Mangaluru FSL,True
2241,734,Vehicle,2026-08-16,Pending Analysis,Bengaluru FSL,True
2242,734,Hard Disk,2026-08-16,Rejected,Bengaluru FSL,True
2243,734,Firearm,2026-08-16,Rejected,Mangaluru FSL,True
2244,734,Blood Sample,2026-08-16,Rejected,Mysuru FSL,True
2245,735,Fingerprint,2024-11-30,Collected,Bengaluru FSL,False
2246,735,DNA Sample,2024-11-30,Verified,Mysuru FSL,False
2247,736,Fingerprint,2025-01-31,Pending Analysis,Mangaluru FSL,False
2248,736,CCTV Footage,2025-01-31,Collected,Mangaluru FSL,False
2249,736,Drug Sample,2025-01-31,Verified,Mysuru FSL,False
2250,736,Vehicle,2025-01-31,Rejected,Mangaluru FSL,True
2251,736,Clothing,2025-01-31,Collected,Mangaluru FSL,True
2252,737,Mobile Phone,2022-09-10,Collected,Mysuru FSL,False
2253,738,Vehicle,2022-01-28,Rejected,Mangaluru FSL,False
2254,739,Mobile Phone,2022-06-05,Sent to FSL,Bengaluru FSL,True
2255,739,DNA Sample,2022-06-05,Verified,Mangaluru FSL,True
2256,739,Clothing,2022-06-05,Verified,Bengaluru FSL,True
2257,739,SIM Card,2022-06-05,Sent to FSL,Mangaluru FSL,True
2258,740,Clothing,2024-07-22,Sent to FSL,Bengaluru FSL,True
2259,740,Mobile Phone,2024-07-22,Collected,Mysuru FSL,False
2260,741,CCTV Footage,2026-08-06,Rejected,Mangaluru FSL,True
2261,741,Knife,2026-08-06,Rejected,Mysuru FSL,False
2262,742,Blood Sample,2025-12-01,Pending Analysis,Bengaluru FSL,True
2263,742,Mobile Phone,2025-12-01,Pending Analysis,Bengaluru FSL,False
2264,743,Fingerprint,2024-05-27,Collected,Mangaluru FSL,False
2265,743,SIM Card,2024-05-27,Rejected,Bengaluru FSL,True
2266,743,Document,2024-05-27,Pending Analysis,Mysuru FSL,True
2267,744,Laptop,2023-06-14,Pending Analysis,Bengaluru FSL,True
2268,744,Document,2023-06-14,Collected,Bengaluru FSL,False
2269,744,Firearm,2023-06-14,Collected,Bengaluru FSL,False
2270,745,Laptop,2023-11-17,Verified,Mysuru FSL,True
2271,746,CCTV Footage,2026-04-02,Sent to FSL,Mangaluru FSL,False
2272,746,DNA Sample,2026-04-02,Pending Analysis,Mangaluru FSL,False
2273,746,Document,2026-04-02,Verified,Bengaluru FSL,True
2274,746,Vehicle,2026-04-02,Sent to FSL,Mangaluru FSL,False
2275,746,Fingerprint,2026-04-02,Verified,Mangaluru FSL,True
2276,747,DNA Sample,2024-04-09,Pending Analysis,Bengaluru FSL,False
2277,748,Blood Sample,2024-04-15,Sent to FSL,Mangaluru FSL,True
2278,748,CCTV Footage,2024-04-15,Collected,Bengaluru FSL,False
2279,749,Clothing,2026-02-14,Collected,Mangaluru FSL,False
2280,749,SIM Card,2026-02-14,Verified,Bengaluru FSL,True
2281,750,Firearm,2023-05-22,Pending Analysis,Mysuru FSL,True
2282,750,Knife,2023-05-22,Pending Analysis,Mangaluru FSL,False
2283,751,SIM Card,2024-11-26,Collected,Mysuru FSL,True
2284,751,Laptop,2024-11-26,Verified,Bengaluru FSL,False
2285,751,Knife,2024-11-26,Rejected,Mysuru FSL,True
2286,751,Mobile Phone,2024-11-26,Sent to FSL,Mysuru FSL,False
2287,752,Hard Disk,2026-09-23,Sent to FSL,Mysuru FSL,False
2288,752,Laptop,2026-09-23,Pending Analysis,Mysuru FSL,False
2289,753,Document,2025-01-02,Pending Analysis,Bengaluru FSL,True
2290,753,DNA Sample,2025-01-02,Verified,Bengaluru FSL,True
2291,753,Mobile Phone,2025-01-02,Collected,Bengaluru FSL,True
2292,753,Hard Disk,2025-01-02,Collected,Bengaluru FSL,False
2293,754,DNA Sample,2024-11-08,Collected,Bengaluru FSL,True
2294,754,Clothing,2024-11-08,Verified,Mangaluru FSL,True
2295,755,Clothing,2026-12-11,Verified,Bengaluru FSL,True
2296,755,Fingerprint,2026-12-11,Pending Analysis,Bengaluru FSL,True
2297,755,Firearm,2026-12-11,Pending Analysis,Mysuru FSL,False
2298,755,CCTV Footage,2026-12-11,Sent to FSL,Bengaluru FSL,True
2299,755,DNA Sample,2026-12-11,Collected,Bengaluru FSL,True
2300,756,Firearm,2026-09-02,Collected,Mangaluru FSL,True
2301,756,Drug Sample,2026-09-02,Sent to FSL,Mysuru FSL,True
2302,756,Blood Sample,2026-09-02,Verified,Mysuru FSL,False
2303,756,Vehicle,2026-09-02,Sent to FSL,Mangaluru FSL,True
2304,757,Fingerprint,2023-11-15,Rejected,Mangaluru FSL,True
2305,757,Document,2023-11-15,Verified,Mangaluru FSL,True
2306,757,Vehicle,2023-11-15,Verified,Mangaluru FSL,True
2307,757,Mobile Phone,2023-11-15,Rejected,Mysuru FSL,True
2308,757,Laptop,2023-11-15,Collected,Bengaluru FSL,True
2309,758,Mobile Phone,2023-11-13,Rejected,Mangaluru FSL,False
2310,758,Document,2023-11-13,Pending Analysis,Mysuru FSL,True
2311,758,CCTV Footage,2023-11-13,Sent to FSL,Mangaluru FSL,True
2312,758,Knife,2023-11-13,Pending Analysis,Mangaluru FSL,False
2313,759,CCTV Footage,2024-04-06,Rejected,Mangaluru FSL,True
2314,760,Document,2023-01-07,Sent to FSL,Mangaluru FSL,False
2315,760,Fingerprint,2023-01-07,Pending Analysis,Bengaluru FSL,False
2316,760,Blood Sample,2023-01-07,Verified,Mysuru FSL,True
2317,760,CCTV Footage,2023-01-07,Collected,Mangaluru FSL,False
2318,761,Drug Sample,2025-01-02,Sent to FSL,Mysuru FSL,True
2319,761,Clothing,2025-01-02,Pending Analysis,Bengaluru FSL,True
2320,761,USB Drive,2025-01-02,Verified,Mysuru FSL,False
2321,762,Firearm,2023-10-19,Rejected,Mangaluru FSL,False
2322,763,Blood Sample,2024-03-09,Rejected,Bengaluru FSL,True
2323,763,Firearm,2024-03-09,Collected,Bengaluru FSL,False
2324,763,Mobile Phone,2024-03-09,Verified,Mangaluru FSL,True
2325,764,CCTV Footage,2025-10-10,Rejected,Mangaluru FSL,False
2326,764,DNA Sample,2025-10-10,Pending Analysis,Mysuru FSL,True
2327,764,SIM Card,2025-10-10,Sent to FSL,Mangaluru FSL,True
2328,765,CCTV Footage,2026-09-11,Verified,Bengaluru FSL,False
2329,765,SIM Card,2026-09-11,Verified,Mangaluru FSL,True
2330,765,Vehicle,2026-09-11,Verified,Mangaluru FSL,False
2331,765,Mobile Phone,2026-09-11,Collected,Mangaluru FSL,True
2332,765,Drug Sample,2026-09-11,Verified,Mangaluru FSL,False
2333,766,DNA Sample,2024-10-06,Rejected,Mysuru FSL,True
2334,766,Document,2024-10-06,Rejected,Mysuru FSL,False
2335,766,Clothing,2024-10-06,Collected,Bengaluru FSL,True
2336,767,Document,2023-12-12,Pending Analysis,Bengaluru FSL,False
2337,767,Mobile Phone,2023-12-12,Verified,Mysuru FSL,False
2338,768,USB Drive,2022-04-16,Rejected,Mangaluru FSL,False
2339,768,SIM Card,2022-04-16,Rejected,Mangaluru FSL,False
2340,769,SIM Card,2023-09-10,Pending Analysis,Mysuru FSL,True
2341,769,DNA Sample,2023-09-10,Sent to FSL,Bengaluru FSL,True
2342,770,Hard Disk,2026-04-07,Pending Analysis,Bengaluru FSL,True
2343,771,Firearm,2022-06-15,Collected,Mangaluru FSL,False
2344,771,USB Drive,2022-06-15,Rejected,Bengaluru FSL,False
2345,771,Blood Sample,2022-06-15,Pending Analysis,Mysuru FSL,False
2346,772,SIM Card,2026-10-19,Sent to FSL,Mysuru FSL,True
2347,772,Document,2026-10-19,Sent to FSL,Bengaluru FSL,False
2348,772,Mobile Phone,2026-10-19,Verified,Bengaluru FSL,True
2349,772,Hard Disk,2026-10-19,Verified,Mysuru FSL,False
2350,772,Blood Sample,2026-10-19,Sent to FSL,Mysuru FSL,False
2351,773,Blood Sample,2024-02-18,Sent to FSL,Bengaluru FSL,True
2352,773,SIM Card,2024-02-18,Sent to FSL,Mangaluru FSL,True
2353,773,Document,2024-02-18,Collected,Mangaluru FSL,True
2354,773,Firearm,2024-02-18,Pending Analysis,Mysuru FSL,True
2355,773,Mobile Phone,2024-02-18,Collected,Mysuru FSL,True
2356,774,DNA Sample,2023-05-29,Rejected,Bengaluru FSL,False
2357,774,USB Drive,2023-05-29,Verified,Mangaluru FSL,True
2358,774,Document,2023-05-29,Collected,Mysuru FSL,False
2359,774,CCTV Footage,2023-05-29,Collected,Mysuru FSL,True
2360,775,Hard Disk,2024-12-23,Sent to FSL,Mysuru FSL,True
2361,775,SIM Card,2024-12-23,Collected,Bengaluru FSL,True
2362,775,Document,2024-12-23,Rejected,Mysuru FSL,False
2363,775,Clothing,2024-12-23,Verified,Mysuru FSL,True
2364,775,Vehicle,2024-12-23,Sent to FSL,Bengaluru FSL,False
2365,776,Vehicle,2026-05-09,Pending Analysis,Bengaluru FSL,True
2366,776,Knife,2026-05-09,Verified,Mangaluru FSL,False
2367,776,Document,2026-05-09,Rejected,Bengaluru FSL,True
2368,776,Fingerprint,2026-05-09,Collected,Mysuru FSL,True
2369,776,SIM Card,2026-05-09,Rejected,Mysuru FSL,True
2370,777,Mobile Phone,2026-04-02,Verified,Mangaluru FSL,True
2371,777,Hard Disk,2026-04-02,Sent to FSL,Mangaluru FSL,False
2372,777,Drug Sample,2026-04-02,Pending Analysis,Mangaluru FSL,True
2373,777,Blood Sample,2026-04-02,Rejected,Bengaluru FSL,False
2374,778,Clothing,2026-11-15,Collected,Mysuru FSL,True
2375,778,Knife,2026-11-15,Collected,Mysuru FSL,False
2376,779,Drug Sample,2026-04-03,Collected,Mysuru FSL,False
2377,779,Blood Sample,2026-04-03,Collected,Mangaluru FSL,True
2378,779,Firearm,2026-04-03,Sent to FSL,Bengaluru FSL,False
2379,779,Knife,2026-04-03,Collected,Mangaluru FSL,True
2380,779,CCTV Footage,2026-04-03,Collected,Bengaluru FSL,True
2381,780,Vehicle,2026-08-01,Pending Analysis,Mysuru FSL,True
2382,780,Laptop,2026-08-01,Collected,Mangaluru FSL,False
2383,780,Document,2026-08-01,Pending Analysis,Mysuru FSL,True
2384,781,Laptop,2026-08-30,Rejected,Bengaluru FSL,False
2385,781,USB Drive,2026-08-30,Verified,Mysuru FSL,False
2386,782,CCTV Footage,2024-12-31,Rejected,Bengaluru FSL,False
2387,782,Fingerprint,2024-12-31,Verified,Mysuru FSL,False
2388,782,Vehicle,2024-12-31,Collected,Mysuru FSL,True
2389,782,USB Drive,2024-12-31,Collected,Bengaluru FSL,False
2390,782,Laptop,2024-12-31,Pending Analysis,Mangaluru FSL,False
2391,783,Laptop,2026-09-19,Sent to FSL,Bengaluru FSL,True
2392,783,Knife,2026-09-19,Rejected,Mysuru FSL,False
2393,784,USB Drive,2024-09-28,Sent to FSL,Mangaluru FSL,True
2394,785,CCTV Footage,2023-08-19,Verified,Mysuru FSL,True
2395,785,SIM Card,2023-08-19,Rejected,Bengaluru FSL,True
2396,785,Vehicle,2023-08-19,Verified,Bengaluru FSL,False
2397,786,Hard Disk,2023-09-28,Pending Analysis,Mysuru FSL,False
2398,787,USB Drive,2024-07-18,Collected,Mysuru FSL,False
2399,787,Document,2024-07-18,Sent to FSL,Bengaluru FSL,True
2400,787,Mobile Phone,2024-07-18,Verified,Mangaluru FSL,True
2401,788,Drug Sample,2023-03-21,Rejected,Mangaluru FSL,True
2402,789,SIM Card,2023-03-21,Pending Analysis,Mangaluru FSL,True
2403,789,Laptop,2023-03-21,Rejected,Mysuru FSL,True
2404,789,USB Drive,2023-03-21,Pending Analysis,Mysuru FSL,True
2405,790,Drug Sample,2026-04-10,Verified,Bengaluru FSL,True
2406,790,Fingerprint,2026-04-10,Sent to FSL,Mangaluru FSL,False
2407,791,Blood Sample,2024-08-28,Collected,Mysuru FSL,True
2408,791,Vehicle,2024-08-28,Collected,Mysuru FSL,True
2409,792,Fingerprint,2024-05-08,Pending Analysis,Mysuru FSL,True
2410,792,Hard Disk,2024-05-08,Sent to FSL,Bengaluru FSL,True
2411,793,Drug Sample,2026-11-06,Sent to FSL,Bengaluru FSL,True
2412,793,USB Drive,2026-11-06,Sent to FSL,Mangaluru FSL,False
2413,793,Hard Disk,2026-11-06,Rejected,Bengaluru FSL,False
2414,793,Mobile Phone,2026-11-06,Rejected,Bengaluru FSL,True
2415,793,DNA Sample,2026-11-06,Rejected,Bengaluru FSL,False
2416,794,Hard Disk,2026-11-18,Verified,Bengaluru FSL,False
2417,794,Vehicle,2026-11-18,Collected,Mangaluru FSL,True
2418,794,SIM Card,2026-11-18,Sent to FSL,Mysuru FSL,True
2419,794,Mobile Phone,2026-11-18,Sent to FSL,Mysuru FSL,False
2420,794,DNA Sample,2026-11-18,Pending Analysis,Mysuru FSL,True
2421,795,Drug Sample,2025-07-19,Verified,Mangaluru FSL,True
2422,795,CCTV Footage,2025-07-19,Verified,Mysuru FSL,False
2423,795,Mobile Phone,2025-07-19,Collected,Mangaluru FSL,True
2424,795,Firearm,2025-07-19,Rejected,Bengaluru FSL,True
2425,795,Laptop,2025-07-19,Sent to FSL,Mysuru FSL,True
2426,796,CCTV Footage,2025-06-21,Verified,Mysuru FSL,True
2427,797,SIM Card,2023-12-09,Pending Analysis,Mysuru FSL,False
2428,797,Knife,2023-12-09,Sent to FSL,Mangaluru FSL,True
2429,798,Fingerprint,2023-12-05,Sent to FSL,Bengaluru FSL,False
2430,799,Hard Disk,2023-05-13,Verified,Mangaluru FSL,True
2431,799,Clothing,2023-05-13,Rejected,Bengaluru FSL,False
2432,799,Vehicle,2023-05-13,Sent to FSL,Mysuru FSL,False
2433,799,Drug Sample,2023-05-13,Pending Analysis,Bengaluru FSL,False
2434,799,USB Drive,2023-05-13,Rejected,Bengaluru FSL,False
2435,800,Knife,2024-09-08,Verified,Mysuru FSL,True
2436,800,Blood Sample,2024-09-08,Verified,Mangaluru FSL,True
2437,800,Mobile Phone,2024-09-08,Pending Analysis,Bengaluru FSL,False
2438,800,Drug Sample,2024-09-08,Rejected,Mysuru FSL,True
2439,800,Document,2024-09-08,Verified,Mysuru FSL,False
2440,801,Laptop,2022-05-19,Sent to FSL,Mysuru FSL,True
2441,801,Document,2022-05-19,Rejected,Bengaluru FSL,False
2442,801,Firearm,2022-05-19,Pending Analysis,Bengaluru FSL,False
2443,801,Clothing,2022-05-19,Verified,Bengaluru FSL,False
2444,801,Drug Sample,2022-05-19,Sent to FSL,Mangaluru FSL,False
2445,802,Laptop,2023-08-02,Rejected,Mysuru FSL,False
2446,803,Hard Disk,2026-01-18,Collected,Mangaluru FSL,False
2447,803,CCTV Footage,2026-01-18,Verified,Mangaluru FSL,True
2448,803,Mobile Phone,2026-01-18,Pending Analysis,Mangaluru FSL,False
2449,804,Firearm,2023-01-31,Rejected,Mysuru FSL,False
2450,805,DNA Sample,2026-12-22,Collected,Bengaluru FSL,False
2451,806,Fingerprint,2024-01-24,Rejected,Mangaluru FSL,False
2452,806,Document,2024-01-24,Collected,Mysuru FSL,True
2453,806,SIM Card,2024-01-24,Collected,Mangaluru FSL,False
2454,806,Knife,2024-01-24,Verified,Mysuru FSL,False
2455,806,USB Drive,2024-01-24,Sent to FSL,Mysuru FSL,True
2456,807,Vehicle,2025-12-05,Pending Analysis,Bengaluru FSL,False
2457,807,Drug Sample,2025-12-05,Pending Analysis,Mysuru FSL,False
2458,807,Clothing,2025-12-05,Collected,Bengaluru FSL,True
2459,807,USB Drive,2025-12-05,Verified,Mysuru FSL,False
2460,808,Document,2024-08-06,Verified,Mangaluru FSL,True
2461,808,Firearm,2024-08-06,Pending Analysis,Bengaluru FSL,False
2462,809,Clothing,2025-09-29,Pending Analysis,Bengaluru FSL,False
2463,809,CCTV Footage,2025-09-29,Rejected,Bengaluru FSL,True
2464,809,Knife,2025-09-29,Collected,Bengaluru FSL,True
2465,809,USB Drive,2025-09-29,Verified,Mysuru FSL,False
2466,810,Knife,2024-05-24,Rejected,Bengaluru FSL,True
2467,810,SIM Card,2024-05-24,Rejected,Mangaluru FSL,False
2468,810,Hard Disk,2024-05-24,Verified,Bengaluru FSL,True
2469,811,Clothing,2026-10-27,Collected,Mangaluru FSL,False
2470,811,Drug Sample,2026-10-27,Collected,Mysuru FSL,True
2471,811,SIM Card,2026-10-27,Collected,Mysuru FSL,True
2472,811,Vehicle,2026-10-27,Collected,Mangaluru FSL,False
2473,811,Knife,2026-10-27,Verified,Bengaluru FSL,True
2474,812,Blood Sample,2025-07-21,Collected,Mysuru FSL,True
2475,813,Laptop,2023-05-18,Sent to FSL,Mysuru FSL,False
2476,813,Fingerprint,2023-05-18,Verified,Mangaluru FSL,True
2477,813,SIM Card,2023-05-18,Sent to FSL,Mangaluru FSL,False
2478,813,DNA Sample,2023-05-18,Collected,Bengaluru FSL,False
2479,814,SIM Card,2023-10-31,Rejected,Mysuru FSL,False
2480,814,DNA Sample,2023-10-31,Pending Analysis,Mysuru FSL,True
2481,815,Hard Disk,2022-02-26,Rejected,Bengaluru FSL,False
2482,815,Vehicle,2022-02-26,Rejected,Mysuru FSL,True
2483,815,Mobile Phone,2022-02-26,Verified,Bengaluru FSL,True
2484,816,DNA Sample,2022-05-15,Verified,Mangaluru FSL,True
2485,816,Knife,2022-05-15,Pending Analysis,Bengaluru FSL,False
2486,817,Drug Sample,2022-05-11,Rejected,Mysuru FSL,False
2487,818,Laptop,2022-10-20,Verified,Mysuru FSL,False
2488,818,Hard Disk,2022-10-20,Verified,Mangaluru FSL,True
2489,818,USB Drive,2022-10-20,Pending Analysis,Mangaluru FSL,False
2490,818,Firearm,2022-10-20,Collected,Bengaluru FSL,True
2491,819,Mobile Phone,2022-10-07,Collected,Mangaluru FSL,True
2492,819,CCTV Footage,2022-10-07,Verified,Mangaluru FSL,True
2493,819,USB Drive,2022-10-07,Sent to FSL,Mangaluru FSL,False
2494,819,Hard Disk,2022-10-07,Collected,Bengaluru FSL,True
2495,819,Fingerprint,2022-10-07,Pending Analysis,Mysuru FSL,False
2496,820,Blood Sample,2026-06-02,Collected,Mangaluru FSL,True
2497,820,Firearm,2026-06-02,Collected,Mysuru FSL,True
2498,820,Laptop,2026-06-02,Rejected,Mysuru FSL,True
2499,820,Fingerprint,2026-06-02,Pending Analysis,Bengaluru FSL,False
2500,821,Fingerprint,2022-01-31,Verified,Mysuru FSL,True
2501,821,CCTV Footage,2022-01-31,Pending Analysis,Bengaluru FSL,False
2502,822,Knife,2024-05-26,Collected,Mangaluru FSL,True
2503,823,Firearm,2023-07-13,Pending Analysis,Mysuru FSL,True
2504,823,DNA Sample,2023-07-13,Rejected,Mysuru FSL,True
2505,823,SIM Card,2023-07-13,Collected,Mangaluru FSL,False
2506,824,Document,2024-03-30,Collected,Mangaluru FSL,True
2507,824,DNA Sample,2024-03-30,Sent to FSL,Mangaluru FSL,False
2508,824,Vehicle,2024-03-30,Rejected,Mysuru FSL,False
2509,825,Drug Sample,2025-10-28,Pending Analysis,Mangaluru FSL,False
2510,825,Blood Sample,2025-10-28,Collected,Bengaluru FSL,False
2511,825,Document,2025-10-28,Rejected,Mysuru FSL,True
2512,825,CCTV Footage,2025-10-28,Collected,Bengaluru FSL,True
2513,826,SIM Card,2026-07-28,Pending Analysis,Mysuru FSL,False
2514,826,CCTV Footage,2026-07-28,Verified,Mangaluru FSL,True
2515,826,Fingerprint,2026-07-28,Sent to FSL,Mangaluru FSL,True
2516,826,Blood Sample,2026-07-28,Sent to FSL,Mangaluru FSL,False
2517,826,DNA Sample,2026-07-28,Rejected,Bengaluru FSL,False
2518,827,Hard Disk,2025-05-23,Collected,Bengaluru FSL,False
2519,827,CCTV Footage,2025-05-23,Rejected,Bengaluru FSL,True
2520,827,Clothing,2025-05-23,Rejected,Mysuru FSL,True
2521,827,Laptop,2025-05-23,Pending Analysis,Mysuru FSL,True
2522,828,Hard Disk,2024-01-22,Collected,Mysuru FSL,True
2523,828,Blood Sample,2024-01-22,Sent to FSL,Bengaluru FSL,True
2524,828,CCTV Footage,2024-01-22,Collected,Mangaluru FSL,True
2525,828,Mobile Phone,2024-01-22,Sent to FSL,Bengaluru FSL,False
2526,828,Clothing,2024-01-22,Rejected,Mysuru FSL,False
2527,829,DNA Sample,2025-12-21,Sent to FSL,Mangaluru FSL,True
2528,830,Drug Sample,2024-02-07,Verified,Bengaluru FSL,True
2529,830,Laptop,2024-02-07,Collected,Mangaluru FSL,True
2530,830,USB Drive,2024-02-07,Sent to FSL,Mysuru FSL,True
2531,830,Mobile Phone,2024-02-07,Collected,Mangaluru FSL,False
2532,831,Drug Sample,2023-06-21,Rejected,Bengaluru FSL,False
2533,831,CCTV Footage,2023-06-21,Rejected,Mysuru FSL,False
2534,831,Knife,2023-06-21,Sent to FSL,Bengaluru FSL,False
2535,832,Laptop,2026-07-04,Rejected,Mysuru FSL,True
2536,833,Mobile Phone,2026-05-21,Sent to FSL,Bengaluru FSL,True
2537,833,Fingerprint,2026-05-21,Sent to FSL,Bengaluru FSL,True
2538,833,Vehicle,2026-05-21,Collected,Mangaluru FSL,True
2539,833,Laptop,2026-05-21,Sent to FSL,Bengaluru FSL,False
2540,834,CCTV Footage,2024-02-29,Collected,Mangaluru FSL,True
2541,834,Mobile Phone,2024-02-29,Pending Analysis,Bengaluru FSL,False
2542,834,Laptop,2024-02-29,Verified,Mysuru FSL,False
2543,835,Fingerprint,2024-05-05,Verified,Mysuru FSL,True
2544,836,Fingerprint,2024-11-24,Collected,Bengaluru FSL,True
2545,837,Document,2023-08-04,Rejected,Mysuru FSL,True
2546,837,Knife,2023-08-04,Collected,Bengaluru FSL,True
2547,837,USB Drive,2023-08-04,Verified,Mangaluru FSL,True
2548,837,Fingerprint,2023-08-04,Verified,Bengaluru FSL,False
2549,838,CCTV Footage,2024-12-22,Collected,Mangaluru FSL,True
2550,838,Mobile Phone,2024-12-22,Pending Analysis,Bengaluru FSL,True
2551,838,Firearm,2024-12-22,Collected,Mangaluru FSL,False
2552,839,Blood Sample,2022-08-25,Verified,Mangaluru FSL,False
2553,840,Vehicle,2025-08-18,Verified,Bengaluru FSL,False
2554,841,Hard Disk,2023-01-24,Rejected,Bengaluru FSL,False
2555,841,Clothing,2023-01-24,Verified,Mangaluru FSL,False
2556,841,USB Drive,2023-01-24,Verified,Bengaluru FSL,False
2557,841,Knife,2023-01-24,Rejected,Mysuru FSL,True
2558,841,Fingerprint,2023-01-24,Sent to FSL,Mangaluru FSL,True
2559,842,Knife,2025-04-03,Verified,Bengaluru FSL,False
2560,842,Vehicle,2025-04-03,Collected,Bengaluru FSL,True
2561,842,USB Drive,2025-04-03,Pending Analysis,Mysuru FSL,False
2562,842,CCTV Footage,2025-04-03,Sent to FSL,Mysuru FSL,True
2563,843,Fingerprint,2026-09-20,Rejected,Mangaluru FSL,False
2564,844,Fingerprint,2024-06-10,Sent to FSL,Mangaluru FSL,True
2565,844,Laptop,2024-06-10,Rejected,Mysuru FSL,True
2566,844,SIM Card,2024-06-10,Pending Analysis,Mysuru FSL,True
2567,845,SIM Card,2022-11-24,Collected,Mangaluru FSL,True
2568,845,USB Drive,2022-11-24,Rejected,Mysuru FSL,True
2569,845,Laptop,2022-11-24,Collected,Bengaluru FSL,True
2570,845,Hard Disk,2022-11-24,Rejected,Mysuru FSL,True
2571,845,Clothing,2022-11-24,Collected,Mangaluru FSL,True
2572,846,Document,2022-05-23,Collected,Bengaluru FSL,False
2573,846,SIM Card,2022-05-23,Sent to FSL,Bengaluru FSL,True
2574,847,Laptop,2026-01-13,Sent to FSL,Mysuru FSL,True
2575,847,Drug Sample,2026-01-13,Sent to FSL,Mysuru FSL,True
2576,847,Firearm,2026-01-13,Pending Analysis,Mangaluru FSL,True
2577,848,Document,2025-03-24,Sent to FSL,Mangaluru FSL,True
2578,848,Vehicle,2025-03-24,Rejected,Mysuru FSL,True
2579,848,Firearm,2025-03-24,Sent to FSL,Bengaluru FSL,False
2580,848,Laptop,2025-03-24,Sent to FSL,Bengaluru FSL,True
2581,848,Blood Sample,2025-03-24,Rejected,Bengaluru FSL,True
2582,849,Laptop,2023-11-04,Rejected,Bengaluru FSL,False
2583,849,Clothing,2023-11-04,Collected,Mangaluru FSL,True
2584,849,USB Drive,2023-11-04,Sent to FSL,Bengaluru FSL,False
2585,850,Fingerprint,2023-09-27,Verified,Mysuru FSL,True
2586,850,Document,2023-09-27,Collected,Mangaluru FSL,False
2587,850,Clothing,2023-09-27,Collected,Mysuru FSL,True
2588,851,SIM Card,2025-01-16,Rejected,Mysuru FSL,True
2589,851,Vehicle,2025-01-16,Rejected,Bengaluru FSL,True
2590,851,Knife,2025-01-16,Pending Analysis,Mangaluru FSL,False
2591,852,Vehicle,2024-09-24,Rejected,Mysuru FSL,False
2592,853,Vehicle,2025-01-29,Rejected,Mysuru FSL,True
2593,854,CCTV Footage,2024-03-26,Sent to FSL,Mysuru FSL,False
2594,854,Blood Sample,2024-03-26,Collected,Bengaluru FSL,False
2595,855,Laptop,2025-02-08,Collected,Bengaluru FSL,True
2596,856,Laptop,2026-03-24,Rejected,Mysuru FSL,False
2597,856,Knife,2026-03-24,Rejected,Mangaluru FSL,True
2598,856,Hard Disk,2026-03-24,Collected,Bengaluru FSL,True
2599,856,Fingerprint,2026-03-24,Pending Analysis,Bengaluru FSL,False
2600,856,Vehicle,2026-03-24,Pending Analysis,Mangaluru FSL,False
2601,857,Hard Disk,2023-07-10,Sent to FSL,Mysuru FSL,True
2602,857,USB Drive,2023-07-10,Verified,Mysuru FSL,False
2603,858,DNA Sample,2022-12-24,Sent to FSL,Bengaluru FSL,True
2604,859,USB Drive,2023-10-02,Collected,Mysuru FSL,True
2605,859,Vehicle,2023-10-02,Verified,Mysuru FSL,False
2606,859,SIM Card,2023-10-02,Sent to FSL,Mangaluru FSL,True
2607,859,Clothing,2023-10-02,Rejected,Bengaluru FSL,True
2608,860,Mobile Phone,2022-07-28,Rejected,Mangaluru FSL,True
2609,860,Blood Sample,2022-07-28,Verified,Mangaluru FSL,True
2610,860,Document,2022-07-28,Pending Analysis,Bengaluru FSL,True
2611,860,Vehicle,2022-07-28,Pending Analysis,Bengaluru FSL,True
2612,860,USB Drive,2022-07-28,Rejected,Mangaluru FSL,True
2613,861,Vehicle,2025-11-13,Verified,Bengaluru FSL,False
2614,861,Blood Sample,2025-11-13,Verified,Mysuru FSL,False
2615,861,Firearm,2025-11-13,Collected,Mangaluru FSL,True
2616,861,Laptop,2025-11-13,Sent to FSL,Mangaluru FSL,True
2617,861,Mobile Phone,2025-11-13,Pending Analysis,Mysuru FSL,False
2618,862,Fingerprint,2024-09-12,Rejected,Mysuru FSL,True
2619,862,Knife,2024-09-12,Sent to FSL,Mangaluru FSL,False
2620,862,Mobile Phone,2024-09-12,Rejected,Bengaluru FSL,True
2621,863,Document,2024-02-20,Pending Analysis,Bengaluru FSL,False
2622,863,Clothing,2024-02-20,Pending Analysis,Mysuru FSL,True
2623,863,Vehicle,2024-02-20,Collected,Mysuru FSL,False
2624,863,Fingerprint,2024-02-20,Sent to FSL,Mangaluru FSL,True
2625,864,Document,2024-09-02,Collected,Mangaluru FSL,False
2626,865,Mobile Phone,2026-04-09,Pending Analysis,Bengaluru FSL,True
2627,865,Firearm,2026-04-09,Pending Analysis,Mangaluru FSL,True
2628,866,DNA Sample,2023-07-01,Rejected,Bengaluru FSL,False
2629,866,SIM Card,2023-07-01,Sent to FSL,Bengaluru FSL,True
2630,867,USB Drive,2023-09-26,Collected,Mysuru FSL,False
2631,867,Hard Disk,2023-09-26,Rejected,Bengaluru FSL,False
2632,867,Fingerprint,2023-09-26,Verified,Mysuru FSL,False
2633,867,Laptop,2023-09-26,Sent to FSL,Mangaluru FSL,False
2634,868,Mobile Phone,2022-07-10,Collected,Mysuru FSL,False
2635,869,Blood Sample,2024-12-18,Sent to FSL,Mysuru FSL,True
2636,870,Hard Disk,2025-04-17,Rejected,Mangaluru FSL,True
2637,870,Firearm,2025-04-17,Pending Analysis,Mysuru FSL,True
2638,871,Blood Sample,2022-08-19,Rejected,Bengaluru FSL,False
2639,872,Mobile Phone,2023-05-23,Pending Analysis,Mangaluru FSL,True
2640,872,Drug Sample,2023-05-23,Pending Analysis,Bengaluru FSL,True
2641,872,USB Drive,2023-05-23,Rejected,Bengaluru FSL,False
2642,872,Laptop,2023-05-23,Sent to FSL,Mysuru FSL,True
2643,873,Firearm,2022-07-20,Verified,Mangaluru FSL,False
2644,874,Mobile Phone,2022-07-25,Sent to FSL,Mysuru FSL,False
2645,875,Hard Disk,2022-01-01,Verified,Bengaluru FSL,True
2646,875,DNA Sample,2022-01-01,Sent to FSL,Mysuru FSL,True
2647,875,Knife,2022-01-01,Sent to FSL,Mysuru FSL,True
2648,876,Hard Disk,2024-12-06,Sent to FSL,Mangaluru FSL,False
2649,876,SIM Card,2024-12-06,Verified,Bengaluru FSL,True
2650,876,Blood Sample,2024-12-06,Collected,Mysuru FSL,False
2651,876,Laptop,2024-12-06,Pending Analysis,Mangaluru FSL,True
2652,876,Clothing,2024-12-06,Collected,Bengaluru FSL,True
2653,877,CCTV Footage,2023-10-21,Collected,Mysuru FSL,False
2654,877,USB Drive,2023-10-21,Sent to FSL,Mangaluru FSL,True
2655,878,CCTV Footage,2026-05-05,Collected,Bengaluru FSL,False
2656,878,Drug Sample,2026-05-05,Rejected,Bengaluru FSL,False
2657,878,Mobile Phone,2026-05-05,Rejected,Mangaluru FSL,True
2658,878,Knife,2026-05-05,Rejected,Bengaluru FSL,False
2659,878,Blood Sample,2026-05-05,Verified,Mangaluru FSL,True
2660,879,Blood Sample,2024-03-12,Rejected,Mysuru FSL,False
2661,879,SIM Card,2024-03-12,Sent to FSL,Mangaluru FSL,True
2662,879,Hard Disk,2024-03-12,Verified,Mysuru FSL,False
2663,880,Fingerprint,2024-03-16,Rejected,Bengaluru FSL,False
2664,880,SIM Card,2024-03-16,Pending Analysis,Bengaluru FSL,False
2665,880,Vehicle,2024-03-16,Rejected,Mangaluru FSL,True
2666,880,Firearm,2024-03-16,Rejected,Bengaluru FSL,True
2667,881,CCTV Footage,2025-08-12,Verified,Bengaluru FSL,True
2668,882,SIM Card,2023-04-06,Sent to FSL,Mysuru FSL,True
2669,882,Hard Disk,2023-04-06,Pending Analysis,Bengaluru FSL,False
2670,882,Vehicle,2023-04-06,Rejected,Mysuru FSL,False
2671,883,CCTV Footage,2022-06-15,Pending Analysis,Mysuru FSL,True
2672,883,Hard Disk,2022-06-15,Sent to FSL,Mangaluru FSL,False
2673,883,Mobile Phone,2022-06-15,Sent to FSL,Mysuru FSL,False
2674,883,Laptop,2022-06-15,Collected,Bengaluru FSL,False
2675,884,Fingerprint,2022-07-07,Pending Analysis,Bengaluru FSL,True
2676,884,Drug Sample,2022-07-07,Pending Analysis,Mangaluru FSL,True
2677,885,Document,2026-07-12,Collected,Mangaluru FSL,True
2678,885,SIM Card,2026-07-12,Rejected,Mangaluru FSL,False
2679,885,Laptop,2026-07-12,Rejected,Bengaluru FSL,False
2680,885,Blood Sample,2026-07-12,Sent to FSL,Bengaluru FSL,True
2681,886,Document,2024-05-18,Pending Analysis,Bengaluru FSL,False
2682,886,Hard Disk,2024-05-18,Collected,Mysuru FSL,False
2683,886,Fingerprint,2024-05-18,Sent to FSL,Mangaluru FSL,True
2684,887,Hard Disk,2026-02-05,Rejected,Mangaluru FSL,True
2685,887,Blood Sample,2026-02-05,Collected,Mangaluru FSL,False
2686,887,Vehicle,2026-02-05,Collected,Bengaluru FSL,False
2687,887,USB Drive,2026-02-05,Pending Analysis,Mangaluru FSL,True
2688,888,Fingerprint,2025-02-25,Collected,Mysuru FSL,True
2689,888,DNA Sample,2025-02-25,Verified,Mangaluru FSL,True
2690,888,Hard Disk,2025-02-25,Pending Analysis,Bengaluru FSL,False
2691,888,Laptop,2025-02-25,Verified,Bengaluru FSL,False
2692,888,CCTV Footage,2025-02-25,Rejected,Mangaluru FSL,False
2693,889,Hard Disk,2026-07-09,Verified,Mysuru FSL,False
2694,890,Vehicle,2024-06-19,Collected,Mangaluru FSL,False
2695,891,Clothing,2022-12-26,Verified,Mysuru FSL,True
2696,891,Knife,2022-12-26,Pending Analysis,Mangaluru FSL,True
2697,892,Hard Disk,2024-02-26,Sent to FSL,Mangaluru FSL,True
2698,892,Drug Sample,2024-02-26,Pending Analysis,Mangaluru FSL,False
2699,892,Clothing,2024-02-26,Rejected,Bengaluru FSL,True
2700,892,Mobile Phone,2024-02-26,Pending Analysis,Mysuru FSL,True
2701,893,Mobile Phone,2023-02-04,Verified,Bengaluru FSL,True
2702,893,Laptop,2023-02-04,Verified,Bengaluru FSL,False
2703,893,CCTV Footage,2023-02-04,Sent to FSL,Mysuru FSL,True
2704,893,Clothing,2023-02-04,Pending Analysis,Mangaluru FSL,True
2705,893,Hard Disk,2023-02-04,Collected,Mangaluru FSL,True
2706,894,USB Drive,2026-09-27,Verified,Bengaluru FSL,True
2707,894,SIM Card,2026-09-27,Pending Analysis,Mysuru FSL,True
2708,894,Laptop,2026-09-27,Collected,Mangaluru FSL,True
2709,895,Blood Sample,2023-10-05,Collected,Bengaluru FSL,False
2710,895,SIM Card,2023-10-05,Pending Analysis,Bengaluru FSL,False
2711,895,USB Drive,2023-10-05,Rejected,Mysuru FSL,False
2712,895,Mobile Phone,2023-10-05,Sent to FSL,Bengaluru FSL,True
2713,896,SIM Card,2026-10-11,Rejected,Mangaluru FSL,True
2714,896,Blood Sample,2026-10-11,Verified,Mangaluru FSL,False
2715,896,Drug Sample,2026-10-11,Pending Analysis,Mysuru FSL,True
2716,897,USB Drive,2026-12-17,Collected,Bengaluru FSL,True
2717,898,Clothing,2024-06-29,Collected,Mysuru FSL,True
2718,898,Fingerprint,2024-06-29,Sent to FSL,Mangaluru FSL,False
2719,898,Document,2024-06-29,Verified,Mangaluru FSL,False
2720,898,SIM Card,2024-06-29,Collected,Mysuru FSL,False
2721,899,Mobile Phone,2023-09-22,Sent to FSL,Mysuru FSL,True
2722,899,DNA Sample,2023-09-22,Sent to FSL,Mysuru FSL,True
2723,899,Vehicle,2023-09-22,Collected,Mysuru FSL,False
2724,899,Blood Sample,2023-09-22,Verified,Bengaluru FSL,True
2725,899,USB Drive,2023-09-22,Sent to FSL,Mysuru FSL,True
2726,900,Drug Sample,2022-12-05,Pending Analysis,Bengaluru FSL,True
2727,900,USB Drive,2022-12-05,Verified,Bengaluru FSL,False
2728,900,Document,2022-12-05,Sent to FSL,Bengaluru FSL,False
2729,900,Laptop,2022-12-05,Collected,Bengaluru FSL,False
2730,901,Knife,2022-09-04,Verified,Mangaluru FSL,False
2731,901,Drug Sample,2022-09-04,Sent to FSL,Bengaluru FSL,True
2732,902,Firearm,2026-01-03,Pending Analysis,Mangaluru FSL,True
2733,902,Laptop,2026-01-03,Sent to FSL,Mysuru FSL,True
2734,902,DNA Sample,2026-01-03,Sent to FSL,Mangaluru FSL,True
2735,903,USB Drive,2023-08-19,Rejected,Bengaluru FSL,True
2736,903,Laptop,2023-08-19,Pending Analysis,Mangaluru FSL,False
2737,904,Fingerprint,2023-05-04,Pending Analysis,Bengaluru FSL,False
2738,904,Knife,2023-05-04,Verified,Mangaluru FSL,False
2739,904,Firearm,2023-05-04,Collected,Mysuru FSL,True
2740,904,Vehicle,2023-05-04,Verified,Mangaluru FSL,False
2741,905,Fingerprint,2025-10-24,Collected,Mysuru FSL,True
2742,905,DNA Sample,2025-10-24,Verified,Bengaluru FSL,True
2743,905,Vehicle,2025-10-24,Sent to FSL,Bengaluru FSL,True
2744,906,Mobile Phone,2023-11-23,Sent to FSL,Bengaluru FSL,False
2745,906,DNA Sample,2023-11-23,Collected,Mangaluru FSL,True
2746,906,Vehicle,2023-11-23,Sent to FSL,Bengaluru FSL,False
2747,906,Clothing,2023-11-23,Verified,Mysuru FSL,True
2748,906,SIM Card,2023-11-23,Rejected,Mysuru FSL,True
2749,907,Firearm,2024-08-19,Collected,Mangaluru FSL,False
2750,908,Hard Disk,2022-04-15,Verified,Mysuru FSL,True
2751,909,Laptop,2024-05-15,Sent to FSL,Mangaluru FSL,True
2752,909,Drug Sample,2024-05-15,Verified,Mangaluru FSL,False
2753,909,Clothing,2024-05-15,Pending Analysis,Mangaluru FSL,True
2754,909,Fingerprint,2024-05-15,Pending Analysis,Mangaluru FSL,False
2755,910,Mobile Phone,2026-07-29,Sent to FSL,Bengaluru FSL,False
2756,910,Fingerprint,2026-07-29,Collected,Bengaluru FSL,True
2757,911,Drug Sample,2022-11-10,Collected,Bengaluru FSL,True
2758,911,SIM Card,2022-11-10,Collected,Mangaluru FSL,False
2759,911,Clothing,2022-11-10,Sent to FSL,Mangaluru FSL,False
2760,912,DNA Sample,2024-05-13,Pending Analysis,Mysuru FSL,True
2761,913,Clothing,2025-04-11,Collected,Bengaluru FSL,True
2762,913,Drug Sample,2025-04-11,Collected,Mangaluru FSL,True
2763,914,Document,2024-03-04,Rejected,Mysuru FSL,False
2764,914,Hard Disk,2024-03-04,Pending Analysis,Bengaluru FSL,False
2765,915,Clothing,2023-08-25,Rejected,Bengaluru FSL,True
2766,915,DNA Sample,2023-08-25,Sent to FSL,Mangaluru FSL,False
2767,916,DNA Sample,2024-01-10,Pending Analysis,Bengaluru FSL,False
2768,916,Clothing,2024-01-10,Rejected,Mysuru FSL,False
2769,917,Vehicle,2022-09-23,Sent to FSL,Bengaluru FSL,False
2770,917,Drug Sample,2022-09-23,Verified,Bengaluru FSL,True
2771,918,Mobile Phone,2023-03-30,Pending Analysis,Bengaluru FSL,True
2772,918,Fingerprint,2023-03-30,Collected,Mysuru FSL,False
2773,919,USB Drive,2025-01-17,Rejected,Bengaluru FSL,False
2774,919,Knife,2025-01-17,Verified,Bengaluru FSL,False
2775,919,Hard Disk,2025-01-17,Pending Analysis,Mangaluru FSL,False
2776,920,Laptop,2022-08-07,Rejected,Bengaluru FSL,False
2777,920,USB Drive,2022-08-07,Rejected,Mysuru FSL,False
2778,920,Blood Sample,2022-08-07,Sent to FSL,Bengaluru FSL,True
2779,920,CCTV Footage,2022-08-07,Collected,Mysuru FSL,True
2780,921,Drug Sample,2026-09-08,Verified,Mangaluru FSL,True
2781,921,Vehicle,2026-09-08,Sent to FSL,Bengaluru FSL,False
2782,921,CCTV Footage,2026-09-08,Pending Analysis,Mysuru FSL,True
2783,921,DNA Sample,2026-09-08,Collected,Bengaluru FSL,True
2784,922,Clothing,2024-02-20,Sent to FSL,Bengaluru FSL,True
2785,923,Laptop,2025-09-23,Rejected,Mysuru FSL,False
2786,924,Knife,2024-09-20,Rejected,Bengaluru FSL,False
2787,925,Laptop,2022-04-30,Pending Analysis,Mysuru FSL,True
2788,925,Drug Sample,2022-04-30,Verified,Bengaluru FSL,True
2789,925,USB Drive,2022-04-30,Collected,Bengaluru FSL,False
2790,926,DNA Sample,2025-08-09,Pending Analysis,Mysuru FSL,True
2791,926,USB Drive,2025-08-09,Sent to FSL,Bengaluru FSL,False
2792,926,Vehicle,2025-08-09,Collected,Mangaluru FSL,True
2793,927,Document,2025-02-10,Verified,Mysuru FSL,False
2794,927,Laptop,2025-02-10,Rejected,Mysuru FSL,True
2795,927,Fingerprint,2025-02-10,Sent to FSL,Bengaluru FSL,False
2796,927,CCTV Footage,2025-02-10,Sent to FSL,Bengaluru FSL,False
2797,928,Document,2026-08-31,Sent to FSL,Bengaluru FSL,False
2798,928,Firearm,2026-08-31,Rejected,Mangaluru FSL,False
2799,928,Laptop,2026-08-31,Rejected,Mysuru FSL,True
2800,929,DNA Sample,2023-07-24,Sent to FSL,Mysuru FSL,False
2801,929,Mobile Phone,2023-07-24,Verified,Mangaluru FSL,False
2802,929,SIM Card,2023-07-24,Sent to FSL,Mysuru FSL,False
2803,929,CCTV Footage,2023-07-24,Pending Analysis,Mysuru FSL,False
2804,930,Firearm,2022-06-20,Pending Analysis,Mangaluru FSL,True
2805,930,SIM Card,2022-06-20,Collected,Bengaluru FSL,False
2806,930,Mobile Phone,2022-06-20,Verified,Mangaluru FSL,True
2807,931,Hard Disk,2023-09-03,Collected,Mysuru FSL,False
2808,932,Firearm,2025-12-18,Collected,Bengaluru FSL,True
2809,933,Hard Disk,2024-08-26,Verified,Bengaluru FSL,False
2810,933,Laptop,2024-08-26,Collected,Mysuru FSL,False
2811,934,Blood Sample,2024-10-26,Pending Analysis,Mysuru FSL,True
2812,934,Hard Disk,2024-10-26,Verified,Mangaluru FSL,False
2813,935,DNA Sample,2023-09-16,Sent to FSL,Mangaluru FSL,True
2814,935,SIM Card,2023-09-16,Pending Analysis,Mangaluru FSL,False
2815,935,Laptop,2023-09-16,Sent to FSL,Mysuru FSL,True
2816,936,Fingerprint,2023-04-22,Collected,Mysuru FSL,True
2817,936,CCTV Footage,2023-04-22,Sent to FSL,Mysuru FSL,True
2818,936,Vehicle,2023-04-22,Pending Analysis,Bengaluru FSL,False
2819,936,DNA Sample,2023-04-22,Sent to FSL,Mysuru FSL,True
2820,936,Hard Disk,2023-04-22,Pending Analysis,Bengaluru FSL,False
2821,937,Hard Disk,2022-01-23,Collected,Mysuru FSL,False
2822,937,Clothing,2022-01-23,Pending Analysis,Mangaluru FSL,True
2823,937,SIM Card,2022-01-23,Verified,Mysuru FSL,False
2824,937,Blood Sample,2022-01-23,Verified,Mangaluru FSL,True
2825,937,Laptop,2022-01-23,Verified,Mysuru FSL,True
2826,938,DNA Sample,2022-06-03,Pending Analysis,Mangaluru FSL,True
2827,938,SIM Card,2022-06-03,Sent to FSL,Bengaluru FSL,True
2828,938,USB Drive,2022-06-03,Pending Analysis,Mangaluru FSL,True
2829,938,Blood Sample,2022-06-03,Collected,Bengaluru FSL,False
2830,938,CCTV Footage,2022-06-03,Sent to FSL,Bengaluru FSL,False
2831,939,Blood Sample,2025-01-24,Pending Analysis,Mangaluru FSL,False
2832,939,USB Drive,2025-01-24,Rejected,Bengaluru FSL,True
2833,939,Document,2025-01-24,Rejected,Mysuru FSL,False
2834,939,Clothing,2025-01-24,Verified,Bengaluru FSL,True
2835,940,Firearm,2024-04-06,Sent to FSL,Bengaluru FSL,False
2836,941,Vehicle,2022-02-09,Sent to FSL,Mysuru FSL,True
2837,942,Knife,2024-01-04,Collected,Bengaluru FSL,False
2838,943,Firearm,2025-01-03,Sent to FSL,Bengaluru FSL,True
2839,943,Drug Sample,2025-01-03,Collected,Mangaluru FSL,True
2840,944,CCTV Footage,2024-07-18,Collected,Bengaluru FSL,False
2841,944,SIM Card,2024-07-18,Collected,Mangaluru FSL,False
2842,944,Firearm,2024-07-18,Pending Analysis,Mysuru FSL,True
2843,945,Blood Sample,2025-12-11,Collected,Mangaluru FSL,False
2844,945,Hard Disk,2025-12-11,Sent to FSL,Mangaluru FSL,True
2845,945,Vehicle,2025-12-11,Collected,Mysuru FSL,False
2846,946,Knife,2022-08-19,Verified,Mangaluru FSL,False
2847,947,Blood Sample,2023-04-12,Sent to FSL,Mangaluru FSL,False
2848,947,Knife,2023-04-12,Sent to FSL,Mangaluru FSL,False
2849,947,Laptop,2023-04-12,Verified,Mysuru FSL,True
2850,947,Mobile Phone,2023-04-12,Pending Analysis,Mysuru FSL,True
2851,948,DNA Sample,2023-06-13,Verified,Mysuru FSL,False
2852,948,Drug Sample,2023-06-13,Pending Analysis,Mangaluru FSL,False
2853,948,Hard Disk,2023-06-13,Verified,Mysuru FSL,False
2854,948,SIM Card,2023-06-13,Verified,Mysuru FSL,True
2855,949,Mobile Phone,2026-09-21,Sent to FSL,Bengaluru FSL,True
2856,949,Fingerprint,2026-09-21,Rejected,Mangaluru FSL,True
2857,950,Hard Disk,2023-10-14,Collected,Mysuru FSL,False
2858,950,Fingerprint,2023-10-14,Collected,Mangaluru FSL,False
2859,950,SIM Card,2023-10-14,Pending Analysis,Mysuru FSL,False
2860,951,Mobile Phone,2024-01-16,Rejected,Bengaluru FSL,False
2861,951,USB Drive,2024-01-16,Pending Analysis,Mangaluru FSL,False
2862,951,SIM Card,2024-01-16,Collected,Mysuru FSL,False
2863,951,Fingerprint,2024-01-16,Pending Analysis,Mangaluru FSL,False
2864,951,Knife,2024-01-16,Rejected,Bengaluru FSL,True
2865,952,Clothing,2023-08-22,Verified,Bengaluru FSL,True
2866,952,CCTV Footage,2023-08-22,Verified,Mangaluru FSL,False
2867,952,Hard Disk,2023-08-22,Verified,Bengaluru FSL,True
2868,953,Drug Sample,2024-03-23,Pending Analysis,Bengaluru FSL,True
2869,953,Fingerprint,2024-03-23,Rejected,Mysuru FSL,False
2870,954,Vehicle,2026-05-20,Sent to FSL,Mysuru FSL,True
2871,954,Laptop,2026-05-20,Collected,Mysuru FSL,False
2872,955,Mobile Phone,2026-05-07,Collected,Mangaluru FSL,True
2873,956,SIM Card,2024-03-10,Collected,Bengaluru FSL,True
2874,956,CCTV Footage,2024-03-10,Collected,Mysuru FSL,False
2875,956,USB Drive,2024-03-10,Verified,Mangaluru FSL,False
2876,956,Drug Sample,2024-03-10,Collected,Bengaluru FSL,True
2877,956,Laptop,2024-03-10,Collected,Mysuru FSL,False
2878,957,SIM Card,2023-10-04,Sent to FSL,Bengaluru FSL,False
2879,957,Clothing,2023-10-04,Rejected,Mysuru FSL,False
2880,957,DNA Sample,2023-10-04,Sent to FSL,Bengaluru FSL,False
2881,958,USB Drive,2025-03-11,Sent to FSL,Mangaluru FSL,True
2882,958,DNA Sample,2025-03-11,Sent to FSL,Bengaluru FSL,True
2883,959,Blood Sample,2024-08-26,Rejected,Mangaluru FSL,True
2884,959,Hard Disk,2024-08-26,Pending Analysis,Mysuru FSL,True
2885,960,Firearm,2026-01-10,Pending Analysis,Mangaluru FSL,True
2886,960,Vehicle,2026-01-10,Sent to FSL,Mysuru FSL,False
2887,960,Blood Sample,2026-01-10,Sent to FSL,Mangaluru FSL,False
2888,960,Mobile Phone,2026-01-10,Verified,Bengaluru FSL,False
2889,960,CCTV Footage,2026-01-10,Verified,Mysuru FSL,True
2890,961,Vehicle,2022-10-23,Rejected,Mysuru FSL,False
2891,961,Fingerprint,2022-10-23,Rejected,Bengaluru FSL,False
2892,961,Laptop,2022-10-23,Pending Analysis,Mysuru FSL,False
2893,961,Firearm,2022-10-23,Sent to FSL,Mysuru FSL,True
2894,961,Clothing,2022-10-23,Verified,Mysuru FSL,True
2895,962,Fingerprint,2025-09-19,Verified,Mangaluru FSL,False
2896,962,CCTV Footage,2025-09-19,Collected,Mangaluru FSL,False
2897,962,Mobile Phone,2025-09-19,Collected,Mangaluru FSL,False
2898,962,Laptop,2025-09-19,Sent to FSL,Mysuru FSL,False
2899,962,Document,2025-09-19,Rejected,Mangaluru FSL,False
2900,963,Blood Sample,2024-10-15,Rejected,Bengaluru FSL,True
2901,963,Fingerprint,2024-10-15,Verified,Mysuru FSL,True
2902,963,Drug Sample,2024-10-15,Rejected,Bengaluru FSL,True
2903,963,Vehicle,2024-10-15,Pending Analysis,Bengaluru FSL,True
2904,964,Document,2023-11-14,Collected,Mangaluru FSL,True
2905,964,Blood Sample,2023-11-14,Collected,Bengaluru FSL,True
2906,965,Knife,2025-02-09,Rejected,Mysuru FSL,True
2907,966,USB Drive,2026-11-17,Collected,Mysuru FSL,False
2908,966,Drug Sample,2026-11-17,Collected,Mysuru FSL,False
2909,966,Clothing,2026-11-17,Collected,Mysuru FSL,False
2910,967,Mobile Phone,2024-06-02,Verified,Mangaluru FSL,False
2911,967,Document,2024-06-02,Pending Analysis,Bengaluru FSL,True
2912,967,DNA Sample,2024-06-02,Verified,Bengaluru FSL,True
2913,967,Hard Disk,2024-06-02,Rejected,Mangaluru FSL,False
2914,968,Blood Sample,2022-12-19,Sent to FSL,Bengaluru FSL,False
2915,969,SIM Card,2024-08-21,Pending Analysis,Mangaluru FSL,False
2916,969,Blood Sample,2024-08-21,Sent to FSL,Bengaluru FSL,True
2917,970,Drug Sample,2024-11-01,Pending Analysis,Bengaluru FSL,True
2918,970,DNA Sample,2024-11-01,Sent to FSL,Mysuru FSL,True
2919,970,Clothing,2024-11-01,Verified,Mangaluru FSL,True
2920,970,Fingerprint,2024-11-01,Sent to FSL,Mangaluru FSL,True
2921,971,CCTV Footage,2023-08-18,Sent to FSL,Bengaluru FSL,True
2922,971,Clothing,2023-08-18,Pending Analysis,Mangaluru FSL,True
2923,971,Drug Sample,2023-08-18,Sent to FSL,Mysuru FSL,True
2924,971,DNA Sample,2023-08-18,Rejected,Bengaluru FSL,False
2925,971,Fingerprint,2023-08-18,Sent to FSL,Bengaluru FSL,False
2926,972,Firearm,2026-07-26,Collected,Mangaluru FSL,False
2927,972,Laptop,2026-07-26,Sent to FSL,Mysuru FSL,False
2928,972,Blood Sample,2026-07-26,Pending Analysis,Mangaluru FSL,False
2929,972,Clothing,2026-07-26,Rejected,Mysuru FSL,True
2930,972,Hard Disk,2026-07-26,Pending Analysis,Bengaluru FSL,True
2931,973,Knife,2025-09-25,Sent to FSL,Mangaluru FSL,False
2932,973,Blood Sample,2025-09-25,Collected,Mangaluru FSL,True
2933,973,Laptop,2025-09-25,Pending Analysis,Bengaluru FSL,True
2934,974,Laptop,2025-02-16,Sent to FSL,Bengaluru FSL,False
2935,975,Fingerprint,2026-10-11,Verified,Bengaluru FSL,True
2936,976,SIM Card,2022-02-05,Sent to FSL,Mysuru FSL,False
2937,976,Drug Sample,2022-02-05,Verified,Mysuru FSL,True
2938,976,DNA Sample,2022-02-05,Rejected,Bengaluru FSL,False
2939,976,Clothing,2022-02-05,Pending Analysis,Mysuru FSL,True
2940,977,Document,2025-04-22,Verified,Mysuru FSL,True
2941,977,Hard Disk,2025-04-22,Verified,Mysuru FSL,True
2942,977,CCTV Footage,2025-04-22,Verified,Bengaluru FSL,True
2943,977,SIM Card,2025-04-22,Sent to FSL,Bengaluru FSL,True
2944,977,Firearm,2025-04-22,Sent to FSL,Mysuru FSL,False
2945,978,Mobile Phone,2023-06-03,Pending Analysis,Bengaluru FSL,False
2946,978,Vehicle,2023-06-03,Verified,Mysuru FSL,False
2947,978,DNA Sample,2023-06-03,Collected,Mysuru FSL,False
2948,979,DNA Sample,2024-01-15,Verified,Bengaluru FSL,True
2949,979,Vehicle,2024-01-15,Verified,Mangaluru FSL,False
2950,979,Hard Disk,2024-01-15,Collected,Mysuru FSL,True
2951,980,Drug Sample,2022-11-13,Pending Analysis,Mangaluru FSL,False
2952,980,SIM Card,2022-11-13,Verified,Mysuru FSL,False
2953,980,USB Drive,2022-11-13,Verified,Mysuru FSL,False
2954,980,Document,2022-11-13,Rejected,Bengaluru FSL,False
2955,981,Clothing,2023-06-26,Rejected,Bengaluru FSL,True
2956,981,CCTV Footage,2023-06-26,Pending Analysis,Mysuru FSL,False
2957,981,Firearm,2023-06-26,Pending Analysis,Mangaluru FSL,True
2958,982,Fingerprint,2025-10-21,Sent to FSL,Mangaluru FSL,False
2959,983,SIM Card,2025-12-06,Rejected,Bengaluru FSL,False
2960,983,Knife,2025-12-06,Collected,Mangaluru FSL,False
2961,983,Drug Sample,2025-12-06,Sent to FSL,Mangaluru FSL,True
2962,984,Laptop,2023-11-25,Verified,Mysuru FSL,True
2963,984,SIM Card,2023-11-25,Pending Analysis,Mangaluru FSL,False
2964,984,USB Drive,2023-11-25,Verified,Bengaluru FSL,True
2965,984,Blood Sample,2023-11-25,Verified,Mysuru FSL,True
2966,984,DNA Sample,2023-11-25,Collected,Mangaluru FSL,True
2967,985,Fingerprint,2022-03-28,Collected,Mysuru FSL,False
2968,985,Firearm,2022-03-28,Sent to FSL,Bengaluru FSL,True
2969,985,SIM Card,2022-03-28,Sent to FSL,Bengaluru FSL,False
2970,985,Laptop,2022-03-28,Collected,Mangaluru FSL,True
2971,985,Knife,2022-03-28,Rejected,Bengaluru FSL,False
2972,986,USB Drive,2025-06-29,Rejected,Mysuru FSL,True
2973,986,Knife,2025-06-29,Pending Analysis,Mangaluru FSL,False
2974,986,Clothing,2025-06-29,Verified,Bengaluru FSL,False
2975,987,Knife,2024-08-09,Collected,Mangaluru FSL,False
2976,987,SIM Card,2024-08-09,Verified,Mysuru FSL,False
2977,987,Laptop,2024-08-09,Verified,Mangaluru FSL,False
2978,988,Drug Sample,2024-11-20,Verified,Bengaluru FSL,True
2979,988,Vehicle,2024-11-20,Verified,Mysuru FSL,False
2980,989,SIM Card,2023-07-16,Rejected,Mysuru FSL,True
2981,989,Laptop,2023-07-16,Verified,Mangaluru FSL,True
2982,990,Document,2026-08-02,Pending Analysis,Bengaluru FSL,True
2983,990,Fingerprint,2026-08-02,Pending Analysis,Mysuru FSL,False
2984,990,Vehicle,2026-08-02,Verified,Mangaluru FSL,True
2985,990,Drug Sample,2026-08-02,Collected,Bengaluru FSL,False
2986,990,CCTV Footage,2026-08-02,Verified,Mangaluru FSL,False
2987,991,Blood Sample,2025-09-29,Collected,Mangaluru FSL,True
2988,991,Document,2025-09-29,Rejected,Bengaluru FSL,True
2989,991,Drug Sample,2025-09-29,Rejected,Mysuru FSL,True
2990,991,Fingerprint,2025-09-29,Pending Analysis,Mangaluru FSL,True
2991,992,Document,2022-02-02,Pending Analysis,Mangaluru FSL,False
2992,993,Hard Disk,2024-10-28,Pending Analysis,Bengaluru FSL,False
2993,993,Fingerprint,2024-10-28,Pending Analysis,Mangaluru FSL,False
2994,994,Laptop,2026-09-14,Sent to FSL,Bengaluru FSL,True
2995,994,USB Drive,2026-09-14,Pending Analysis,Bengaluru FSL,True
2996,994,Fingerprint,2026-09-14,Rejected,Mangaluru FSL,False
2997,995,Knife,2024-06-28,Sent to FSL,Bengaluru FSL,True
2998,995,Blood Sample,2024-06-28,Collected,Mangaluru FSL,True
2999,995,Fingerprint,2024-06-28,Verified,Mysuru FSL,True
3000,996,Hard Disk,2022-05-16,Pending Analysis,Bengaluru FSL,True
3001,997,Document,2024-01-25,Rejected,Mysuru FSL,False
3002,998,USB Drive,2024-12-31,Verified,Mangaluru FSL,False
3003,999,Knife,2026-03-04,Verified,Mangaluru FSL,False
3004,999,CCTV Footage,2026-03-04,Verified,Mysuru FSL,False
3005,999,Blood Sample,2026-03-04,Collected,Bengaluru FSL,False
3006,999,Firearm,2026-03-04,Rejected,Bengaluru FSL,True
3007,999,Fingerprint,2026-03-04,Sent to FSL,Mangaluru FSL,True
3008,1000,Laptop,2022-12-10,Collected,Bengaluru FSL,True
3009,1000,DNA Sample,2022-12-10,Pending Analysis,Mysuru FSL,False
3010,1000,Hard Disk,2022-12-10,Pending Analysis,Mysuru FSL,True
3011,1001,DNA Sample,2023-11-16,Collected,Bengaluru FSL,True
3012,1001,USB Drive,2023-11-16,Verified,Bengaluru FSL,True
3013,1001,Hard Disk,2023-11-16,Sent to FSL,Mangaluru FSL,False
3014,1002,Vehicle,2022-11-12,Collected,Mangaluru FSL,False
3015,1002,Document,2022-11-12,Verified,Mangaluru FSL,True
3016,1003,Document,2022-12-13,Pending Analysis,Bengaluru FSL,True
3017,1003,DNA Sample,2022-12-13,Sent to FSL,Mangaluru FSL,True
3018,1003,Mobile Phone,2022-12-13,Rejected,Mysuru FSL,True
3019,1003,CCTV Footage,2022-12-13,Pending Analysis,Mysuru FSL,True
3020,1003,Blood Sample,2022-12-13,Verified,Mangaluru FSL,False
3021,1004,Firearm,2022-12-08,Verified,Mysuru FSL,True
3022,1004,Knife,2022-12-08,Rejected,Mangaluru FSL,False
3023,1004,Vehicle,2022-12-08,Rejected,Mysuru FSL,True
3024,1005,Drug Sample,2024-09-29,Collected,Mangaluru FSL,False
3025,1006,CCTV Footage,2026-08-26,Pending Analysis,Mangaluru FSL,True
3026,1006,Mobile Phone,2026-08-26,Verified,Mangaluru FSL,True
3027,1006,Drug Sample,2026-08-26,Verified,Mysuru FSL,True
3028,1006,Firearm,2026-08-26,Sent to FSL,Mysuru FSL,False
3029,1007,USB Drive,2022-07-13,Sent to FSL,Mangaluru FSL,True
3030,1007,SIM Card,2022-07-13,Rejected,Bengaluru FSL,False
3031,1007,Drug Sample,2022-07-13,Verified,Mysuru FSL,True
3032,1007,CCTV Footage,2022-07-13,Verified,Bengaluru FSL,True
3033,1007,Mobile Phone,2022-07-13,Collected,Mangaluru FSL,True
3034,1008,Knife,2022-08-03,Pending Analysis,Bengaluru FSL,False
3035,1008,Fingerprint,2022-08-03,Collected,Mangaluru FSL,False
3036,1008,Clothing,2022-08-03,Pending Analysis,Mysuru FSL,True
3037,1008,USB Drive,2022-08-03,Sent to FSL,Bengaluru FSL,False
3038,1008,Laptop,2022-08-03,Collected,Bengaluru FSL,True
3039,1009,Clothing,2024-01-26,Verified,Bengaluru FSL,True
3040,1010,Vehicle,2026-02-18,Pending Analysis,Bengaluru FSL,True
3041,1010,Knife,2026-02-18,Rejected,Bengaluru FSL,False
3042,1010,USB Drive,2026-02-18,Rejected,Mangaluru FSL,False
3043,1010,Fingerprint,2026-02-18,Verified,Mysuru FSL,True
3044,1010,Drug Sample,2026-02-18,Rejected,Bengaluru FSL,False
3045,1011,Blood Sample,2026-10-19,Verified,Mysuru FSL,False
3046,1011,Hard Disk,2026-10-19,Pending Analysis,Mangaluru FSL,False
3047,1011,Drug Sample,2026-10-19,Sent to FSL,Mangaluru FSL,True
3048,1011,USB Drive,2026-10-19,Rejected,Mysuru FSL,True
3049,1012,USB Drive,2022-01-10,Pending Analysis,Mangaluru FSL,False
3050,1013,Document,2023-05-02,Verified,Mangaluru FSL,True
3051,1013,USB Drive,2023-05-02,Collected,Mangaluru FSL,False
3052,1013,Knife,2023-05-02,Verified,Mangaluru FSL,False
3053,1013,CCTV Footage,2023-05-02,Sent to FSL,Bengaluru FSL,True
3054,1013,Mobile Phone,2023-05-02,Rejected,Bengaluru FSL,True
3055,1014,Firearm,2022-10-14,Collected,Mangaluru FSL,False
3056,1015,SIM Card,2022-11-17,Rejected,Mysuru FSL,False
3057,1015,Hard Disk,2022-11-17,Sent to FSL,Mangaluru FSL,False
3058,1015,Document,2022-11-17,Collected,Mangaluru FSL,True
3059,1015,Mobile Phone,2022-11-17,Collected,Bengaluru FSL,True
3060,1015,Vehicle,2022-11-17,Sent to FSL,Mangaluru FSL,True
3061,1016,Firearm,2025-11-15,Rejected,Bengaluru FSL,False
3062,1017,Knife,2026-03-10,Verified,Mysuru FSL,False
3063,1017,SIM Card,2026-03-10,Sent to FSL,Mangaluru FSL,False
3064,1017,Blood Sample,2026-03-10,Sent to FSL,Mangaluru FSL,True
3065,1018,Vehicle,2025-05-13,Collected,Mangaluru FSL,True
3066,1018,Firearm,2025-05-13,Sent to FSL,Bengaluru FSL,False
3067,1018,SIM Card,2025-05-13,Sent to FSL,Mysuru FSL,True
3068,1018,Blood Sample,2025-05-13,Sent to FSL,Mysuru FSL,True
3069,1019,Drug Sample,2025-01-01,Sent to FSL,Mysuru FSL,False
3070,1019,SIM Card,2025-01-01,Verified,Mangaluru FSL,True
3071,1020,SIM Card,2026-07-05,Pending Analysis,Mangaluru FSL,False
3072,1020,DNA Sample,2026-07-05,Verified,Mangaluru FSL,True
3073,1020,Blood Sample,2026-07-05,Rejected,Mangaluru FSL,True
3074,1021,Clothing,2026-04-11,Verified,Bengaluru FSL,True
3075,1021,Hard Disk,2026-04-11,Sent to FSL,Mangaluru FSL,True
3076,1021,Laptop,2026-04-11,Collected,Mangaluru FSL,True
3077,1022,Fingerprint,2023-09-23,Collected,Mysuru FSL,False
3078,1022,SIM Card,2023-09-23,Pending Analysis,Mangaluru FSL,True
3079,1023,Drug Sample,2023-10-25,Collected,Mangaluru FSL,True
3080,1023,Vehicle,2023-10-25,Rejected,Bengaluru FSL,False
3081,1023,Firearm,2023-10-25,Sent to FSL,Mangaluru FSL,False
3082,1023,Fingerprint,2023-10-25,Verified,Mangaluru FSL,True
3083,1024,Laptop,2026-12-06,Pending Analysis,Mysuru FSL,True
3084,1024,Hard Disk,2026-12-06,Verified,Bengaluru FSL,True
3085,1024,Blood Sample,2026-12-06,Verified,Mangaluru FSL,True
3086,1025,Fingerprint,2023-12-29,Pending Analysis,Mangaluru FSL,True
3087,1025,CCTV Footage,2023-12-29,Collected,Mysuru FSL,True
3088,1025,Firearm,2023-12-29,Pending Analysis,Bengaluru FSL,True
3089,1026,Document,2023-03-07,Collected,Bengaluru FSL,False
3090,1027,SIM Card,2022-01-25,Pending Analysis,Mangaluru FSL,False
3091,1027,Clothing,2022-01-25,Pending Analysis,Bengaluru FSL,True
3092,1028,USB Drive,2023-03-29,Pending Analysis,Bengaluru FSL,False
3093,1028,Hard Disk,2023-03-29,Pending Analysis,Mangaluru FSL,True
3094,1028,Laptop,2023-03-29,Rejected,Bengaluru FSL,False
3095,1028,Firearm,2023-03-29,Verified,Mangaluru FSL,False
3096,1029,Blood Sample,2026-09-11,Collected,Bengaluru FSL,True
3097,1029,SIM Card,2026-09-11,Sent to FSL,Mangaluru FSL,True
3098,1030,Document,2025-09-12,Rejected,Mysuru FSL,False
3099,1030,SIM Card,2025-09-12,Verified,Mangaluru FSL,True
3100,1030,Drug Sample,2025-09-12,Collected,Bengaluru FSL,True
3101,1030,Firearm,2025-09-12,Rejected,Bengaluru FSL,False
3102,1030,Hard Disk,2025-09-12,Sent to FSL,Mysuru FSL,True
3103,1031,Clothing,2026-01-22,Verified,Mangaluru FSL,True
3104,1031,Laptop,2026-01-22,Pending Analysis,Mysuru FSL,True
3105,1032,Clothing,2026-06-18,Rejected,Mysuru FSL,False
3106,1032,Laptop,2026-06-18,Sent to FSL,Mangaluru FSL,False
3107,1032,SIM Card,2026-06-18,Sent to FSL,Mangaluru FSL,True
3108,1032,Document,2026-06-18,Sent to FSL,Mangaluru FSL,False
3109,1033,SIM Card,2026-04-20,Verified,Mangaluru FSL,True
3110,1033,Laptop,2026-04-20,Collected,Bengaluru FSL,True
3111,1033,Firearm,2026-04-20,Sent to FSL,Mysuru FSL,False
3112,1033,Drug Sample,2026-04-20,Sent to FSL,Mysuru FSL,False
3113,1034,USB Drive,2026-02-05,Sent to FSL,Mangaluru FSL,False
3114,1034,Blood Sample,2026-02-05,Pending Analysis,Mangaluru FSL,False
3115,1034,Clothing,2026-02-05,Verified,Bengaluru FSL,False
3116,1034,Knife,2026-02-05,Rejected,Bengaluru FSL,False
3117,1034,Drug Sample,2026-02-05,Verified,Bengaluru FSL,True
3118,1035,Mobile Phone,2025-01-15,Pending Analysis,Mangaluru FSL,False
3119,1035,Document,2025-01-15,Sent to FSL,Bengaluru FSL,False
3120,1035,Hard Disk,2025-01-15,Collected,Bengaluru FSL,False
3121,1035,Vehicle,2025-01-15,Collected,Mysuru FSL,False
3122,1035,Knife,2025-01-15,Sent to FSL,Mangaluru FSL,True
3123,1036,Mobile Phone,2026-05-25,Rejected,Bengaluru FSL,True
3124,1036,SIM Card,2026-05-25,Sent to FSL,Mysuru FSL,True
3125,1037,SIM Card,2025-06-17,Pending Analysis,Bengaluru FSL,False
3126,1037,DNA Sample,2025-06-17,Verified,Bengaluru FSL,False
3127,1038,SIM Card,2024-08-14,Sent to FSL,Bengaluru FSL,False
3128,1038,Blood Sample,2024-08-14,Sent to FSL,Mysuru FSL,False
3129,1038,CCTV Footage,2024-08-14,Collected,Mangaluru FSL,True
3130,1039,Fingerprint,2023-08-17,Pending Analysis,Bengaluru FSL,True
3131,1040,Laptop,2026-01-26,Pending Analysis,Bengaluru FSL,False
3132,1040,SIM Card,2026-01-26,Rejected,Mangaluru FSL,True
3133,1040,Hard Disk,2026-01-26,Verified,Mysuru FSL,True
3134,1040,Knife,2026-01-26,Pending Analysis,Bengaluru FSL,True
3135,1040,Vehicle,2026-01-26,Collected,Bengaluru FSL,False
3136,1041,CCTV Footage,2024-09-17,Rejected,Mangaluru FSL,True
3137,1041,Clothing,2024-09-17,Verified,Mangaluru FSL,True
3138,1041,Laptop,2024-09-17,Verified,Mangaluru FSL,False
3139,1042,Knife,2025-12-20,Collected,Mysuru FSL,False
3140,1042,CCTV Footage,2025-12-20,Verified,Mysuru FSL,True
3141,1042,Fingerprint,2025-12-20,Verified,Mangaluru FSL,True
3142,1043,Knife,2024-02-03,Sent to FSL,Bengaluru FSL,True
3143,1043,Fingerprint,2024-02-03,Rejected,Mangaluru FSL,False
3144,1043,USB Drive,2024-02-03,Pending Analysis,Bengaluru FSL,False
3145,1043,Laptop,2024-02-03,Pending Analysis,Mysuru FSL,False
3146,1043,DNA Sample,2024-02-03,Pending Analysis,Mangaluru FSL,False
3147,1044,Blood Sample,2026-11-23,Pending Analysis,Mysuru FSL,True
3148,1044,CCTV Footage,2026-11-23,Rejected,Mysuru FSL,False
3149,1044,Hard Disk,2026-11-23,Pending Analysis,Mangaluru FSL,False
3150,1045,Blood Sample,2023-01-28,Collected,Mangaluru FSL,True
3151,1046,SIM Card,2022-07-19,Sent to FSL,Mangaluru FSL,True
3152,1046,Blood Sample,2022-07-19,Rejected,Mangaluru FSL,False
3153,1047,CCTV Footage,2024-12-30,Collected,Bengaluru FSL,True
3154,1048,Document,2026-08-04,Collected,Mysuru FSL,False
3155,1048,Laptop,2026-08-04,Verified,Bengaluru FSL,True
3156,1049,Laptop,2023-03-23,Pending Analysis,Mysuru FSL,False
3157,1049,DNA Sample,2023-03-23,Pending Analysis,Mysuru FSL,False
3158,1049,CCTV Footage,2023-03-23,Verified,Mangaluru FSL,False
3159,1049,Document,2023-03-23,Sent to FSL,Mysuru FSL,True
3160,1050,SIM Card,2023-09-20,Pending Analysis,Mysuru FSL,True
3161,1050,Hard Disk,2023-09-20,Verified,Mangaluru FSL,True
3162,1051,USB Drive,2024-03-06,Rejected,Bengaluru FSL,True
3163,1051,DNA Sample,2024-03-06,Rejected,Bengaluru FSL,False
3164,1052,Hard Disk,2024-10-07,Collected,Bengaluru FSL,False
3165,1052,SIM Card,2024-10-07,Collected,Mangaluru FSL,False
3166,1052,Firearm,2024-10-07,Sent to FSL,Bengaluru FSL,True
3167,1053,Knife,2023-12-17,Rejected,Bengaluru FSL,False
3168,1054,Mobile Phone,2024-04-05,Pending Analysis,Mysuru FSL,False
3169,1055,Fingerprint,2024-08-13,Rejected,Mysuru FSL,True
3170,1056,Blood Sample,2026-05-22,Sent to FSL,Mangaluru FSL,True
3171,1056,SIM Card,2026-05-22,Verified,Mangaluru FSL,True
3172,1056,Vehicle,2026-05-22,Verified,Mangaluru FSL,True
3173,1057,Hard Disk,2025-12-16,Collected,Bengaluru FSL,False
3174,1058,Hard Disk,2025-07-22,Sent to FSL,Bengaluru FSL,True
3175,1058,Drug Sample,2025-07-22,Sent to FSL,Bengaluru FSL,True
3176,1059,Drug Sample,2026-10-13,Collected,Mangaluru FSL,False
3177,1059,Blood Sample,2026-10-13,Collected,Mysuru FSL,True
3178,1060,CCTV Footage,2023-01-13,Pending Analysis,Mysuru FSL,True
3179,1060,Mobile Phone,2023-01-13,Collected,Mysuru FSL,True
3180,1061,CCTV Footage,2023-12-11,Verified,Mysuru FSL,False
3181,1061,SIM Card,2023-12-11,Sent to FSL,Mysuru FSL,True
3182,1061,Document,2023-12-11,Sent to FSL,Mysuru FSL,True
3183,1061,Vehicle,2023-12-11,Collected,Mysuru FSL,True
3184,1062,Vehicle,2024-10-07,Rejected,Bengaluru FSL,False
3185,1062,SIM Card,2024-10-07,Pending Analysis,Mangaluru FSL,False
3186,1063,Hard Disk,2024-01-16,Rejected,Mysuru FSL,False
3187,1063,Blood Sample,2024-01-16,Verified,Mysuru FSL,True
3188,1063,Clothing,2024-01-16,Verified,Mysuru FSL,False
3189,1064,CCTV Footage,2024-07-03,Collected,Mysuru FSL,True
3190,1064,Document,2024-07-03,Pending Analysis,Mangaluru FSL,True
3191,1064,USB Drive,2024-07-03,Collected,Mysuru FSL,True
3192,1064,SIM Card,2024-07-03,Collected,Bengaluru FSL,False
3193,1065,Vehicle,2022-02-18,Collected,Mysuru FSL,True
3194,1065,Mobile Phone,2022-02-18,Pending Analysis,Mysuru FSL,True
3195,1066,Vehicle,2023-10-13,Pending Analysis,Bengaluru FSL,True
3196,1067,Blood Sample,2023-09-29,Verified,Mangaluru FSL,True
3197,1067,Vehicle,2023-09-29,Verified,Mysuru FSL,True
3198,1067,Firearm,2023-09-29,Collected,Mysuru FSL,False
3199,1067,Hard Disk,2023-09-29,Sent to FSL,Mangaluru FSL,True
3200,1067,Knife,2023-09-29,Rejected,Mysuru FSL,True
3201,1068,Mobile Phone,2024-10-14,Pending Analysis,Mysuru FSL,True
3202,1068,USB Drive,2024-10-14,Sent to FSL,Bengaluru FSL,False
3203,1069,Blood Sample,2024-01-31,Verified,Bengaluru FSL,False
3204,1069,Laptop,2024-01-31,Sent to FSL,Mangaluru FSL,False
3205,1070,Hard Disk,2024-05-05,Sent to FSL,Mangaluru FSL,True
3206,1070,DNA Sample,2024-05-05,Verified,Bengaluru FSL,False
3207,1070,Clothing,2024-05-05,Sent to FSL,Mangaluru FSL,False
3208,1071,Knife,2026-04-11,Collected,Mysuru FSL,False
3209,1071,Laptop,2026-04-11,Pending Analysis,Mysuru FSL,True
3210,1071,USB Drive,2026-04-11,Collected,Bengaluru FSL,False
3211,1071,Firearm,2026-04-11,Sent to FSL,Bengaluru FSL,False
3212,1072,Hard Disk,2025-04-27,Pending Analysis,Mysuru FSL,True
3213,1072,USB Drive,2025-04-27,Pending Analysis,Mangaluru FSL,False
3214,1072,Clothing,2025-04-27,Rejected,Bengaluru FSL,False
3215,1073,Hard Disk,2024-09-25,Pending Analysis,Bengaluru FSL,False
3216,1074,Fingerprint,2025-04-12,Collected,Bengaluru FSL,True
3217,1075,Blood Sample,2023-02-18,Verified,Bengaluru FSL,False
3218,1075,Fingerprint,2023-02-18,Rejected,Mysuru FSL,False
3219,1075,Laptop,2023-02-18,Rejected,Mysuru FSL,False
3220,1076,Hard Disk,2025-09-06,Rejected,Mysuru FSL,True
3221,1077,Laptop,2023-10-30,Sent to FSL,Mangaluru FSL,False
3222,1077,CCTV Footage,2023-10-30,Collected,Mangaluru FSL,False
3223,1077,Clothing,2023-10-30,Rejected,Mangaluru FSL,False
3224,1078,Vehicle,2025-07-01,Rejected,Bengaluru FSL,True
3225,1078,Document,2025-07-01,Verified,Mysuru FSL,False
3226,1078,Firearm,2025-07-01,Verified,Bengaluru FSL,True
3227,1078,Hard Disk,2025-07-01,Verified,Mysuru FSL,False
3228,1078,Laptop,2025-07-01,Sent to FSL,Mangaluru FSL,False
3229,1079,Vehicle,2022-07-23,Rejected,Mysuru FSL,True
3230,1079,Fingerprint,2022-07-23,Verified,Bengaluru FSL,False
3231,1080,Blood Sample,2024-05-13,Sent to FSL,Mangaluru FSL,False
3232,1081,Clothing,2023-09-07,Sent to FSL,Bengaluru FSL,True
3233,1081,Fingerprint,2023-09-07,Sent to FSL,Mysuru FSL,False
3234,1081,SIM Card,2023-09-07,Pending Analysis,Mangaluru FSL,True
3235,1082,Drug Sample,2022-10-17,Rejected,Mysuru FSL,False
3236,1083,Vehicle,2023-10-20,Sent to FSL,Mysuru FSL,False
3237,1084,DNA Sample,2024-04-13,Sent to FSL,Mangaluru FSL,True
3238,1084,Vehicle,2024-04-13,Sent to FSL,Mangaluru FSL,True
3239,1084,Clothing,2024-04-13,Verified,Mangaluru FSL,False
3240,1085,Vehicle,2025-07-22,Sent to FSL,Mysuru FSL,True
3241,1085,Document,2025-07-22,Verified,Mangaluru FSL,False
3242,1085,Knife,2025-07-22,Collected,Mangaluru FSL,True
3243,1086,Blood Sample,2023-10-13,Collected,Mangaluru FSL,False
3244,1086,Firearm,2023-10-13,Verified,Mangaluru FSL,False
3245,1086,Hard Disk,2023-10-13,Collected,Bengaluru FSL,True
3246,1087,Knife,2026-03-26,Verified,Bengaluru FSL,False
3247,1087,Clothing,2026-03-26,Sent to FSL,Mangaluru FSL,False
3248,1087,Laptop,2026-03-26,Verified,Mangaluru FSL,True
3249,1087,SIM Card,2026-03-26,Sent to FSL,Bengaluru FSL,True
3250,1087,DNA Sample,2026-03-26,Collected,Mangaluru FSL,False
3251,1088,Fingerprint,2022-01-06,Rejected,Mysuru FSL,False
3252,1088,Blood Sample,2022-01-06,Collected,Mangaluru FSL,True
3253,1088,USB Drive,2022-01-06,Collected,Bengaluru FSL,True
3254,1088,Document,2022-01-06,Collected,Mangaluru FSL,True
3255,1089,Clothing,2026-08-07,Rejected,Mysuru FSL,False
3256,1089,Mobile Phone,2026-08-07,Collected,Mysuru FSL,True
3257,1089,Fingerprint,2026-08-07,Collected,Mangaluru FSL,True
3258,1089,Blood Sample,2026-08-07,Verified,Mysuru FSL,True
3259,1089,Document,2026-08-07,Verified,Mangaluru FSL,False
3260,1090,Knife,2026-03-17,Pending Analysis,Mangaluru FSL,False
3261,1091,Mobile Phone,2024-09-11,Verified,Bengaluru FSL,False
3262,1091,Drug Sample,2024-09-11,Sent to FSL,Mangaluru FSL,False
3263,1091,Laptop,2024-09-11,Collected,Bengaluru FSL,False
3264,1091,Firearm,2024-09-11,Sent to FSL,Mysuru FSL,True
3265,1092,USB Drive,2024-11-16,Rejected,Bengaluru FSL,True
3266,1092,Firearm,2024-11-16,Sent to FSL,Mysuru FSL,False
3267,1092,Blood Sample,2024-11-16,Verified,Bengaluru FSL,False
3268,1092,SIM Card,2024-11-16,Collected,Bengaluru FSL,True
3269,1092,Mobile Phone,2024-11-16,Sent to FSL,Mysuru FSL,True
3270,1093,USB Drive,2026-08-20,Collected,Mangaluru FSL,True
3271,1093,Fingerprint,2026-08-20,Rejected,Bengaluru FSL,False
3272,1093,Hard Disk,2026-08-20,Pending Analysis,Mangaluru FSL,True
3273,1093,DNA Sample,2026-08-20,Collected,Bengaluru FSL,True
3274,1094,DNA Sample,2024-10-11,Pending Analysis,Mangaluru FSL,False
3275,1094,Blood Sample,2024-10-11,Verified,Mangaluru FSL,True
3276,1094,Hard Disk,2024-10-11,Collected,Bengaluru FSL,True
3277,1094,Document,2024-10-11,Collected,Mangaluru FSL,True
3278,1095,Vehicle,2026-12-19,Collected,Mangaluru FSL,False
3279,1095,USB Drive,2026-12-19,Rejected,Mysuru FSL,False
3280,1095,Laptop,2026-12-19,Rejected,Bengaluru FSL,False
3281,1096,Mobile Phone,2024-05-13,Collected,Mangaluru FSL,False
3282,1096,Vehicle,2024-05-13,Collected,Mangaluru FSL,False
3283,1096,Laptop,2024-05-13,Verified,Bengaluru FSL,True
3284,1096,CCTV Footage,2024-05-13,Rejected,Mangaluru FSL,False
3285,1096,Clothing,2024-05-13,Sent to FSL,Mysuru FSL,False
3286,1097,Document,2022-01-28,Collected,Mysuru FSL,False
3287,1097,Knife,2022-01-28,Pending Analysis,Bengaluru FSL,False
3288,1098,Knife,2023-06-07,Collected,Mangaluru FSL,True
3289,1098,Fingerprint,2023-06-07,Rejected,Bengaluru FSL,True
3290,1098,Blood Sample,2023-06-07,Verified,Bengaluru FSL,True
3291,1099,Document,2023-05-13,Verified,Bengaluru FSL,False
3292,1099,Knife,2023-05-13,Pending Analysis,Bengaluru FSL,True
3293,1100,Laptop,2024-10-22,Sent to FSL,Bengaluru FSL,False
3294,1100,Document,2024-10-22,Pending Analysis,Mysuru FSL,True
3295,1100,SIM Card,2024-10-22,Rejected,Mysuru FSL,True
3296,1100,Firearm,2024-10-22,Rejected,Mysuru FSL,True
3297,1101,DNA Sample,2023-05-27,Sent to FSL,Mangaluru FSL,True
3298,1101,Firearm,2023-05-27,Collected,Mangaluru FSL,True
3299,1101,Vehicle,2023-05-27,Rejected,Mangaluru FSL,False
3300,1101,Knife,2023-05-27,Rejected,Mangaluru FSL,True
3301,1101,Clothing,2023-05-27,Verified,Mysuru FSL,True
3302,1102,Hard Disk,2026-01-11,Pending Analysis,Bengaluru FSL,False
3303,1103,USB Drive,2026-02-27,Collected,Mangaluru FSL,False
3304,1103,Drug Sample,2026-02-27,Verified,Bengaluru FSL,False
3305,1104,Vehicle,2024-07-13,Verified,Bengaluru FSL,True
3306,1104,DNA Sample,2024-07-13,Sent to FSL,Mangaluru FSL,False
3307,1105,SIM Card,2025-08-01,Pending Analysis,Mangaluru FSL,False
3308,1105,Fingerprint,2025-08-01,Rejected,Mangaluru FSL,False
3309,1105,Drug Sample,2025-08-01,Rejected,Mysuru FSL,False
3310,1105,CCTV Footage,2025-08-01,Verified,Mangaluru FSL,False
3311,1106,USB Drive,2024-11-01,Verified,Mangaluru FSL,False
3312,1106,Hard Disk,2024-11-01,Verified,Bengaluru FSL,True
3313,1107,Document,2026-01-16,Rejected,Mangaluru FSL,True
3314,1108,Hard Disk,2026-08-06,Rejected,Bengaluru FSL,False
3315,1108,SIM Card,2026-08-06,Collected,Bengaluru FSL,True
3316,1109,Clothing,2025-02-21,Collected,Mangaluru FSL,True
3317,1109,USB Drive,2025-02-21,Collected,Mangaluru FSL,False
3318,1109,SIM Card,2025-02-21,Verified,Bengaluru FSL,False
3319,1110,CCTV Footage,2022-08-23,Collected,Bengaluru FSL,False
3320,1110,DNA Sample,2022-08-23,Pending Analysis,Mysuru FSL,False
3321,1110,Drug Sample,2022-08-23,Pending Analysis,Mysuru FSL,False
3322,1110,SIM Card,2022-08-23,Rejected,Mysuru FSL,False
3323,1111,Knife,2025-05-26,Collected,Bengaluru FSL,True
3324,1111,USB Drive,2025-05-26,Collected,Bengaluru FSL,True
3325,1112,Blood Sample,2026-10-20,Verified,Mangaluru FSL,False
3326,1113,Blood Sample,2024-04-21,Sent to FSL,Mangaluru FSL,False
3327,1113,Hard Disk,2024-04-21,Rejected,Mysuru FSL,True
3328,1113,Vehicle,2024-04-21,Verified,Bengaluru FSL,True
3329,1113,CCTV Footage,2024-04-21,Pending Analysis,Mangaluru FSL,True
3330,1114,SIM Card,2022-02-10,Sent to FSL,Mangaluru FSL,False
3331,1114,Mobile Phone,2022-02-10,Collected,Mangaluru FSL,True
3332,1114,Knife,2022-02-10,Rejected,Bengaluru FSL,False
3333,1115,Firearm,2023-09-23,Pending Analysis,Mangaluru FSL,False
3334,1115,Clothing,2023-09-23,Verified,Mysuru FSL,False
3335,1115,CCTV Footage,2023-09-23,Rejected,Mysuru FSL,False
3336,1116,Laptop,2022-12-10,Pending Analysis,Mysuru FSL,False
3337,1116,Mobile Phone,2022-12-10,Rejected,Mangaluru FSL,False
3338,1116,CCTV Footage,2022-12-10,Pending Analysis,Mysuru FSL,False
3339,1117,Hard Disk,2024-05-10,Sent to FSL,Mangaluru FSL,True
3340,1117,Clothing,2024-05-10,Collected,Mysuru FSL,False
3341,1118,Clothing,2023-01-28,Verified,Mangaluru FSL,True
3342,1118,CCTV Footage,2023-01-28,Pending Analysis,Mysuru FSL,False
3343,1118,SIM Card,2023-01-28,Sent to FSL,Bengaluru FSL,False
3344,1118,Drug Sample,2023-01-28,Rejected,Bengaluru FSL,False
3345,1119,Fingerprint,2026-01-09,Verified,Bengaluru FSL,False
3346,1119,Clothing,2026-01-09,Pending Analysis,Mangaluru FSL,False
3347,1119,Blood Sample,2026-01-09,Sent to FSL,Mangaluru FSL,True
3348,1119,Knife,2026-01-09,Rejected,Bengaluru FSL,False
3349,1119,CCTV Footage,2026-01-09,Rejected,Mangaluru FSL,True
3350,1120,Fingerprint,2025-05-08,Collected,Bengaluru FSL,False
3351,1120,DNA Sample,2025-05-08,Rejected,Mangaluru FSL,False
3352,1120,Blood Sample,2025-05-08,Rejected,Bengaluru FSL,False
3353,1121,Mobile Phone,2026-09-23,Pending Analysis,Bengaluru FSL,True
3354,1121,Knife,2026-09-23,Verified,Mysuru FSL,False
3355,1121,Laptop,2026-09-23,Sent to FSL,Bengaluru FSL,False
3356,1121,SIM Card,2026-09-23,Pending Analysis,Bengaluru FSL,False
3357,1121,DNA Sample,2026-09-23,Rejected,Mysuru FSL,True
3358,1122,Document,2024-12-07,Rejected,Bengaluru FSL,False
3359,1122,Mobile Phone,2024-12-07,Sent to FSL,Bengaluru FSL,True
3360,1122,Drug Sample,2024-12-07,Sent to FSL,Mangaluru FSL,False
3361,1123,Drug Sample,2024-02-28,Sent to FSL,Mangaluru FSL,True
3362,1123,Mobile Phone,2024-02-28,Collected,Bengaluru FSL,True
3363,1123,Blood Sample,2024-02-28,Collected,Mangaluru FSL,False
3364,1123,CCTV Footage,2024-02-28,Rejected,Mysuru FSL,False
3365,1123,Laptop,2024-02-28,Sent to FSL,Mangaluru FSL,True
3366,1124,Hard Disk,2026-07-22,Pending Analysis,Mangaluru FSL,False
3367,1124,CCTV Footage,2026-07-22,Sent to FSL,Mangaluru FSL,True
3368,1124,Drug Sample,2026-07-22,Collected,Mysuru FSL,False
3369,1124,Document,2026-07-22,Sent to FSL,Bengaluru FSL,False
3370,1125,Fingerprint,2025-08-25,Collected,Mysuru FSL,False
3371,1126,USB Drive,2023-01-22,Pending Analysis,Mysuru FSL,True
3372,1126,Laptop,2023-01-22,Verified,Bengaluru FSL,False
3373,1126,Hard Disk,2023-01-22,Sent to FSL,Bengaluru FSL,True
3374,1127,Firearm,2024-02-22,Rejected,Mangaluru FSL,False
3375,1127,CCTV Footage,2024-02-22,Sent to FSL,Mysuru FSL,False
3376,1127,DNA Sample,2024-02-22,Verified,Mysuru FSL,True
3377,1127,Hard Disk,2024-02-22,Sent to FSL,Mysuru FSL,True
3378,1128,USB Drive,2023-03-28,Verified,Mangaluru FSL,True
3379,1129,Knife,2022-01-12,Verified,Mangaluru FSL,True
3380,1129,Clothing,2022-01-12,Rejected,Mysuru FSL,False
3381,1129,CCTV Footage,2022-01-12,Sent to FSL,Mysuru FSL,False
3382,1129,USB Drive,2022-01-12,Rejected,Mangaluru FSL,False
3383,1130,Document,2024-05-09,Sent to FSL,Mangaluru FSL,True
3384,1130,Vehicle,2024-05-09,Sent to FSL,Mangaluru FSL,False
3385,1131,Blood Sample,2026-12-24,Verified,Mysuru FSL,True
3386,1131,USB Drive,2026-12-24,Collected,Mysuru FSL,True
3387,1131,Vehicle,2026-12-24,Pending Analysis,Bengaluru FSL,True
3388,1132,DNA Sample,2025-06-02,Rejected,Mangaluru FSL,False
3389,1132,Knife,2025-06-02,Verified,Bengaluru FSL,True
3390,1132,Clothing,2025-06-02,Verified,Mangaluru FSL,True
3391,1132,Vehicle,2025-06-02,Verified,Mangaluru FSL,False
3392,1133,Clothing,2025-10-17,Collected,Bengaluru FSL,True
3393,1133,SIM Card,2025-10-17,Verified,Mysuru FSL,True
3394,1133,Firearm,2025-10-17,Verified,Mysuru FSL,True
3395,1133,Vehicle,2025-10-17,Verified,Mysuru FSL,True
3396,1133,Fingerprint,2025-10-17,Pending Analysis,Mysuru FSL,False
3397,1134,Document,2023-12-20,Verified,Mangaluru FSL,False
3398,1134,Laptop,2023-12-20,Sent to FSL,Mysuru FSL,True
3399,1134,Mobile Phone,2023-12-20,Pending Analysis,Mangaluru FSL,False
3400,1135,Drug Sample,2022-02-20,Sent to FSL,Bengaluru FSL,False
3401,1135,Document,2022-02-20,Collected,Mangaluru FSL,True
3402,1135,SIM Card,2022-02-20,Sent to FSL,Mangaluru FSL,True
3403,1135,Knife,2022-02-20,Pending Analysis,Bengaluru FSL,True
3404,1135,Fingerprint,2022-02-20,Collected,Bengaluru FSL,False
3405,1136,Firearm,2026-06-03,Sent to FSL,Mysuru FSL,True
3406,1136,Document,2026-06-03,Verified,Mangaluru FSL,True
3407,1136,Hard Disk,2026-06-03,Rejected,Mysuru FSL,False
3408,1136,SIM Card,2026-06-03,Rejected,Bengaluru FSL,False
3409,1137,Knife,2026-02-19,Collected,Mysuru FSL,True
3410,1137,CCTV Footage,2026-02-19,Pending Analysis,Mangaluru FSL,False
3411,1138,Mobile Phone,2024-03-10,Pending Analysis,Bengaluru FSL,True
3412,1138,Blood Sample,2024-03-10,Pending Analysis,Mysuru FSL,False
3413,1138,CCTV Footage,2024-03-10,Rejected,Bengaluru FSL,True
3414,1139,Clothing,2022-06-25,Collected,Bengaluru FSL,True
3415,1139,Hard Disk,2022-06-25,Collected,Mysuru FSL,True
3416,1139,Mobile Phone,2022-06-25,Verified,Mangaluru FSL,False
3417,1140,Drug Sample,2024-10-29,Verified,Mangaluru FSL,False
3418,1140,DNA Sample,2024-10-29,Collected,Mangaluru FSL,False
3419,1140,Mobile Phone,2024-10-29,Verified,Mysuru FSL,False
3420,1140,Fingerprint,2024-10-29,Rejected,Bengaluru FSL,False
3421,1140,Vehicle,2024-10-29,Collected,Bengaluru FSL,True
3422,1141,Vehicle,2024-09-05,Verified,Mangaluru FSL,False
3423,1141,Clothing,2024-09-05,Collected,Mysuru FSL,True
3424,1141,CCTV Footage,2024-09-05,Collected,Mysuru FSL,True
3425,1142,Laptop,2022-06-04,Rejected,Mangaluru FSL,False
3426,1142,SIM Card,2022-06-04,Verified,Mysuru FSL,True
3427,1142,Mobile Phone,2022-06-04,Sent to FSL,Mysuru FSL,False
3428,1142,Document,2022-06-04,Sent to FSL,Mysuru FSL,True
3429,1142,Vehicle,2022-06-04,Sent to FSL,Mysuru FSL,False
3430,1143,SIM Card,2022-01-30,Pending Analysis,Mangaluru FSL,False
3431,1143,CCTV Footage,2022-01-30,Sent to FSL,Bengaluru FSL,False
3432,1143,Laptop,2022-01-30,Verified,Mangaluru FSL,False
3433,1143,Firearm,2022-01-30,Collected,Mangaluru FSL,True
3434,1144,Vehicle,2024-04-04,Rejected,Mysuru FSL,False
3435,1144,USB Drive,2024-04-04,Collected,Mangaluru FSL,False
3436,1144,CCTV Footage,2024-04-04,Verified,Mangaluru FSL,True
3437,1144,Knife,2024-04-04,Pending Analysis,Bengaluru FSL,True
3438,1145,Hard Disk,2023-08-30,Pending Analysis,Mangaluru FSL,True
3439,1145,USB Drive,2023-08-30,Collected,Mangaluru FSL,False
3440,1145,SIM Card,2023-08-30,Rejected,Mysuru FSL,False
3441,1145,Blood Sample,2023-08-30,Pending Analysis,Mangaluru FSL,False
3442,1146,Firearm,2026-10-04,Collected,Mangaluru FSL,True
3443,1146,Drug Sample,2026-10-04,Verified,Mangaluru FSL,False
3444,1146,USB Drive,2026-10-04,Pending Analysis,Bengaluru FSL,False
3445,1147,CCTV Footage,2022-02-03,Verified,Mangaluru FSL,False
3446,1147,DNA Sample,2022-02-03,Pending Analysis,Mangaluru FSL,True
3447,1147,Document,2022-02-03,Pending Analysis,Mysuru FSL,True
3448,1147,USB Drive,2022-02-03,Sent to FSL,Bengaluru FSL,False
3449,1147,Mobile Phone,2022-02-03,Collected,Mangaluru FSL,True
3450,1148,DNA Sample,2024-04-01,Rejected,Mysuru FSL,False
3451,1148,Vehicle,2024-04-01,Rejected,Mangaluru FSL,True
3452,1148,Hard Disk,2024-04-01,Verified,Mangaluru FSL,True
3453,1149,USB Drive,2022-02-24,Collected,Mangaluru FSL,False
3454,1149,Knife,2022-02-24,Pending Analysis,Bengaluru FSL,False
3455,1149,DNA Sample,2022-02-24,Rejected,Mysuru FSL,False
3456,1149,Hard Disk,2022-02-24,Verified,Mangaluru FSL,True
3457,1149,Mobile Phone,2022-02-24,Collected,Mangaluru FSL,False
3458,1150,DNA Sample,2024-09-28,Rejected,Mysuru FSL,False
3459,1151,Hard Disk,2024-04-01,Sent to FSL,Mangaluru FSL,False
3460,1152,Document,2026-04-10,Rejected,Mysuru FSL,False
3461,1152,Hard Disk,2026-04-10,Sent to FSL,Mysuru FSL,True
3462,1152,DNA Sample,2026-04-10,Sent to FSL,Bengaluru FSL,False
3463,1153,Blood Sample,2025-11-13,Collected,Bengaluru FSL,False
3464,1154,Document,2025-03-11,Rejected,Mangaluru FSL,False
3465,1154,USB Drive,2025-03-11,Pending Analysis,Mangaluru FSL,True
3466,1155,Fingerprint,2025-07-29,Verified,Mangaluru FSL,True
3467,1155,Hard Disk,2025-07-29,Sent to FSL,Mysuru FSL,True
3468,1155,Mobile Phone,2025-07-29,Rejected,Mysuru FSL,False
3469,1155,Drug Sample,2025-07-29,Verified,Mangaluru FSL,False
3470,1156,Blood Sample,2023-02-16,Pending Analysis,Mysuru FSL,False
3471,1157,Hard Disk,2024-04-26,Verified,Mangaluru FSL,False
3472,1157,SIM Card,2024-04-26,Pending Analysis,Bengaluru FSL,False
3473,1158,DNA Sample,2022-07-04,Verified,Mysuru FSL,False
3474,1158,Document,2022-07-04,Rejected,Mysuru FSL,True
3475,1158,USB Drive,2022-07-04,Sent to FSL,Mysuru FSL,False
3476,1158,Vehicle,2022-07-04,Pending Analysis,Mangaluru FSL,False
3477,1159,Mobile Phone,2024-03-31,Rejected,Mysuru FSL,True
3478,1159,Blood Sample,2024-03-31,Verified,Mangaluru FSL,True
3479,1159,Drug Sample,2024-03-31,Verified,Mysuru FSL,True
3480,1159,Clothing,2024-03-31,Pending Analysis,Mysuru FSL,False
3481,1159,SIM Card,2024-03-31,Verified,Mysuru FSL,False
3482,1160,Clothing,2026-06-24,Sent to FSL,Mangaluru FSL,False
3483,1160,Firearm,2026-06-24,Verified,Mysuru FSL,False
3484,1160,SIM Card,2026-06-24,Rejected,Mysuru FSL,False
3485,1160,Knife,2026-06-24,Collected,Mangaluru FSL,True
3486,1161,Clothing,2023-08-27,Verified,Mangaluru FSL,False
3487,1161,Knife,2023-08-27,Verified,Mangaluru FSL,False
3488,1161,Firearm,2023-08-27,Pending Analysis,Mangaluru FSL,False
3489,1162,Mobile Phone,2023-07-19,Collected,Mysuru FSL,False
3490,1162,Firearm,2023-07-19,Collected,Mysuru FSL,True
3491,1163,Clothing,2026-03-15,Verified,Mangaluru FSL,False
3492,1163,Fingerprint,2026-03-15,Collected,Mysuru FSL,False
3493,1164,CCTV Footage,2023-03-12,Verified,Mangaluru FSL,True
3494,1164,Firearm,2023-03-12,Pending Analysis,Mysuru FSL,True
3495,1165,Hard Disk,2024-03-06,Collected,Mangaluru FSL,False
3496,1165,Firearm,2024-03-06,Rejected,Bengaluru FSL,False
3497,1166,Firearm,2022-11-03,Collected,Mysuru FSL,False
3498,1167,Knife,2023-01-03,Pending Analysis,Bengaluru FSL,True
3499,1167,Document,2023-01-03,Pending Analysis,Mysuru FSL,True
3500,1167,Fingerprint,2023-01-03,Pending Analysis,Bengaluru FSL,True
3501,1167,Clothing,2023-01-03,Verified,Mysuru FSL,True
3502,1168,SIM Card,2024-10-20,Rejected,Bengaluru FSL,False
3503,1168,Knife,2024-10-20,Sent to FSL,Bengaluru FSL,False
3504,1169,Firearm,2025-07-17,Rejected,Bengaluru FSL,True
3505,1170,CCTV Footage,2025-05-06,Verified,Mysuru FSL,False
3506,1170,Mobile Phone,2025-05-06,Sent to FSL,Mysuru FSL,True
3507,1170,Hard Disk,2025-05-06,Collected,Mangaluru FSL,True
3508,1170,Laptop,2025-05-06,Verified,Bengaluru FSL,True
3509,1171,Firearm,2022-06-06,Pending Analysis,Bengaluru FSL,True
3510,1171,Blood Sample,2022-06-06,Pending Analysis,Mysuru FSL,True
3511,1171,Vehicle,2022-06-06,Sent to FSL,Mysuru FSL,True
3512,1172,Document,2022-06-11,Pending Analysis,Bengaluru FSL,True
3513,1172,USB Drive,2022-06-11,Rejected,Mysuru FSL,True
3514,1172,DNA Sample,2022-06-11,Verified,Mysuru FSL,False
3515,1172,Knife,2022-06-11,Collected,Mysuru FSL,True
3516,1173,Document,2026-04-18,Sent to FSL,Mysuru FSL,True
3517,1174,Document,2024-02-11,Verified,Mysuru FSL,True
3518,1174,CCTV Footage,2024-02-11,Verified,Bengaluru FSL,False
3519,1174,Mobile Phone,2024-02-11,Sent to FSL,Mysuru FSL,True
3520,1175,SIM Card,2024-02-01,Sent to FSL,Mysuru FSL,False
3521,1176,Fingerprint,2023-03-02,Rejected,Bengaluru FSL,True
3522,1176,Hard Disk,2023-03-02,Collected,Bengaluru FSL,True
3523,1177,Fingerprint,2022-06-05,Verified,Mangaluru FSL,False
3524,1177,Drug Sample,2022-06-05,Verified,Bengaluru FSL,False
3525,1178,SIM Card,2026-05-27,Rejected,Mangaluru FSL,False
3526,1178,DNA Sample,2026-05-27,Collected,Mysuru FSL,True
3527,1179,CCTV Footage,2023-10-03,Sent to FSL,Mysuru FSL,False
3528,1179,Document,2023-10-03,Verified,Mangaluru FSL,True
3529,1179,Vehicle,2023-10-03,Sent to FSL,Mysuru FSL,False
3530,1179,Clothing,2023-10-03,Verified,Mysuru FSL,False
3531,1179,Hard Disk,2023-10-03,Collected,Bengaluru FSL,True
3532,1180,Vehicle,2024-05-15,Collected,Mysuru FSL,False
3533,1180,Drug Sample,2024-05-15,Pending Analysis,Mangaluru FSL,True
3534,1180,DNA Sample,2024-05-15,Pending Analysis,Mysuru FSL,False
3535,1181,Laptop,2024-07-05,Sent to FSL,Mangaluru FSL,True
3536,1181,Fingerprint,2024-07-05,Rejected,Mysuru FSL,True
3537,1182,Drug Sample,2022-09-21,Rejected,Mangaluru FSL,False
3538,1182,Knife,2022-09-21,Rejected,Mysuru FSL,False
3539,1183,USB Drive,2024-01-27,Collected,Bengaluru FSL,False
3540,1183,Fingerprint,2024-01-27,Rejected,Bengaluru FSL,False
3541,1183,Mobile Phone,2024-01-27,Sent to FSL,Bengaluru FSL,True
3542,1184,Hard Disk,2025-06-25,Rejected,Bengaluru FSL,True
3543,1184,Knife,2025-06-25,Rejected,Mysuru FSL,False
3544,1184,USB Drive,2025-06-25,Pending Analysis,Mangaluru FSL,False
3545,1184,SIM Card,2025-06-25,Sent to FSL,Mysuru FSL,False
3546,1184,CCTV Footage,2025-06-25,Collected,Bengaluru FSL,False
3547,1185,Knife,2023-09-06,Verified,Mangaluru FSL,True
3548,1185,Firearm,2023-09-06,Collected,Mysuru FSL,True
3549,1185,SIM Card,2023-09-06,Verified,Mysuru FSL,True
3550,1186,Drug Sample,2025-02-17,Sent to FSL,Bengaluru FSL,False
3551,1186,Firearm,2025-02-17,Collected,Bengaluru FSL,True
3552,1187,Clothing,2023-01-28,Sent to FSL,Bengaluru FSL,False
3553,1188,DNA Sample,2025-07-22,Sent to FSL,Mysuru FSL,False
3554,1188,USB Drive,2025-07-22,Collected,Bengaluru FSL,True
3555,1188,Drug Sample,2025-07-22,Collected,Mysuru FSL,False
3556,1188,Fingerprint,2025-07-22,Pending Analysis,Mysuru FSL,False
3557,1188,Clothing,2025-07-22,Collected,Mysuru FSL,False
3558,1189,Blood Sample,2025-12-23,Sent to FSL,Bengaluru FSL,True
3559,1189,Hard Disk,2025-12-23,Pending Analysis,Mysuru FSL,True
3560,1189,SIM Card,2025-12-23,Pending Analysis,Bengaluru FSL,False
3561,1189,Clothing,2025-12-23,Rejected,Mangaluru FSL,False
3562,1190,Document,2026-05-14,Sent to FSL,Bengaluru FSL,True
3563,1190,DNA Sample,2026-05-14,Pending Analysis,Mysuru FSL,False
3564,1190,Mobile Phone,2026-05-14,Verified,Bengaluru FSL,False
3565,1191,Knife,2022-04-09,Sent to FSL,Mangaluru FSL,True
3566,1191,Hard Disk,2022-04-09,Collected,Mysuru FSL,False
3567,1192,Blood Sample,2023-10-15,Sent to FSL,Mangaluru FSL,False
3568,1192,Mobile Phone,2023-10-15,Sent to FSL,Mysuru FSL,True
3569,1192,Clothing,2023-10-15,Verified,Bengaluru FSL,False
3570,1192,Knife,2023-10-15,Sent to FSL,Mysuru FSL,True
3571,1192,Drug Sample,2023-10-15,Verified,Mysuru FSL,True
3572,1193,USB Drive,2023-09-10,Rejected,Mysuru FSL,True
3573,1194,USB Drive,2023-04-01,Sent to FSL,Mangaluru FSL,False
3574,1194,Document,2023-04-01,Collected,Mangaluru FSL,False
3575,1194,Laptop,2023-04-01,Verified,Bengaluru FSL,True
3576,1194,DNA Sample,2023-04-01,Sent to FSL,Mysuru FSL,True
3577,1195,Clothing,2022-11-30,Sent to FSL,Mangaluru FSL,False
3578,1195,Knife,2022-11-30,Pending Analysis,Mysuru FSL,True
3579,1196,DNA Sample,2025-12-26,Pending Analysis,Mysuru FSL,False
3580,1196,Document,2025-12-26,Verified,Mangaluru FSL,True
3581,1197,Document,2022-11-02,Rejected,Bengaluru FSL,False
3582,1197,Vehicle,2022-11-02,Collected,Mysuru FSL,True
3583,1198,Laptop,2022-08-09,Sent to FSL,Bengaluru FSL,True
3584,1198,DNA Sample,2022-08-09,Collected,Mysuru FSL,True
3585,1199,Drug Sample,2025-05-21,Pending Analysis,Mangaluru FSL,True
3586,1199,Fingerprint,2025-05-21,Verified,Mangaluru FSL,False
3587,1200,Blood Sample,2026-10-31,Pending Analysis,Mangaluru FSL,False
3588,1201,Knife,2023-10-08,Rejected,Bengaluru FSL,False
3589,1201,Hard Disk,2023-10-08,Sent to FSL,Bengaluru FSL,True
3590,1201,USB Drive,2023-10-08,Verified,Mysuru FSL,True
3591,1201,Drug Sample,2023-10-08,Collected,Bengaluru FSL,False
3592,1202,USB Drive,2025-09-25,Rejected,Bengaluru FSL,True
3593,1202,CCTV Footage,2025-09-25,Pending Analysis,Bengaluru FSL,True
3594,1203,CCTV Footage,2024-07-23,Sent to FSL,Bengaluru FSL,True
3595,1203,DNA Sample,2024-07-23,Collected,Bengaluru FSL,True
3596,1203,Firearm,2024-07-23,Rejected,Mangaluru FSL,False
3597,1203,Clothing,2024-07-23,Rejected,Mysuru FSL,False
3598,1203,Blood Sample,2024-07-23,Sent to FSL,Mangaluru FSL,False
3599,1204,Hard Disk,2023-07-21,Pending Analysis,Bengaluru FSL,True
3600,1204,Vehicle,2023-07-21,Verified,Mangaluru FSL,False
3601,1204,Knife,2023-07-21,Sent to FSL,Bengaluru FSL,False
3602,1205,Knife,2026-11-03,Sent to FSL,Mysuru FSL,False
3603,1205,Firearm,2026-11-03,Pending Analysis,Bengaluru FSL,False
3604,1206,Mobile Phone,2023-01-09,Collected,Mangaluru FSL,True
3605,1206,USB Drive,2023-01-09,Collected,Mysuru FSL,True
3606,1206,Knife,2023-01-09,Rejected,Mysuru FSL,True
3607,1206,Firearm,2023-01-09,Verified,Mangaluru FSL,False
3608,1206,CCTV Footage,2023-01-09,Verified,Mysuru FSL,True
3609,1207,Clothing,2025-03-19,Pending Analysis,Bengaluru FSL,False
3610,1208,USB Drive,2024-09-01,Rejected,Mangaluru FSL,False
3611,1208,CCTV Footage,2024-09-01,Collected,Bengaluru FSL,False
3612,1209,Laptop,2025-01-11,Pending Analysis,Bengaluru FSL,True
3613,1209,DNA Sample,2025-01-11,Collected,Bengaluru FSL,False
3614,1210,Mobile Phone,2024-09-25,Rejected,Bengaluru FSL,False
3615,1210,Fingerprint,2024-09-25,Collected,Mangaluru FSL,True
3616,1210,CCTV Footage,2024-09-25,Collected,Bengaluru FSL,False
3617,1210,SIM Card,2024-09-25,Pending Analysis,Mysuru FSL,False
3618,1211,Knife,2025-01-21,Verified,Mysuru FSL,True
3619,1212,USB Drive,2022-02-04,Pending Analysis,Mysuru FSL,False
3620,1212,CCTV Footage,2022-02-04,Pending Analysis,Bengaluru FSL,False
3621,1212,Hard Disk,2022-02-04,Verified,Bengaluru FSL,False
3622,1212,SIM Card,2022-02-04,Pending Analysis,Bengaluru FSL,True
3623,1212,Document,2022-02-04,Verified,Mangaluru FSL,False
3624,1213,Laptop,2025-03-14,Collected,Mysuru FSL,True
3625,1213,Firearm,2025-03-14,Verified,Mysuru FSL,True
3626,1213,Fingerprint,2025-03-14,Rejected,Mysuru FSL,True
3627,1214,Laptop,2024-12-31,Pending Analysis,Mangaluru FSL,False
3628,1215,Fingerprint,2023-03-02,Pending Analysis,Mangaluru FSL,True
3629,1215,Knife,2023-03-02,Pending Analysis,Mangaluru FSL,False
3630,1215,Blood Sample,2023-03-02,Sent to FSL,Mysuru FSL,False
3631,1215,Mobile Phone,2023-03-02,Rejected,Bengaluru FSL,True
3632,1216,USB Drive,2023-05-26,Pending Analysis,Mysuru FSL,True
3633,1216,Knife,2023-05-26,Pending Analysis,Mangaluru FSL,True
3634,1216,Mobile Phone,2023-05-26,Rejected,Bengaluru FSL,False
3635,1216,DNA Sample,2023-05-26,Verified,Mangaluru FSL,True
3636,1217,Clothing,2022-01-02,Verified,Bengaluru FSL,False
3637,1218,Laptop,2023-05-25,Collected,Mangaluru FSL,False
3638,1218,Clothing,2023-05-25,Collected,Mysuru FSL,False
3639,1218,Drug Sample,2023-05-25,Collected,Mangaluru FSL,False
3640,1218,Document,2023-05-25,Verified,Mysuru FSL,True
3641,1218,SIM Card,2023-05-25,Collected,Mangaluru FSL,True
3642,1219,Vehicle,2026-11-07,Rejected,Bengaluru FSL,True
3643,1219,Fingerprint,2026-11-07,Sent to FSL,Bengaluru FSL,False
3644,1219,Hard Disk,2026-11-07,Rejected,Mysuru FSL,True
3645,1220,DNA Sample,2022-08-12,Pending Analysis,Mangaluru FSL,True
3646,1220,Mobile Phone,2022-08-12,Verified,Bengaluru FSL,True
3647,1221,Firearm,2023-09-12,Verified,Mangaluru FSL,False
3648,1221,Drug Sample,2023-09-12,Verified,Bengaluru FSL,True
3649,1221,Knife,2023-09-12,Pending Analysis,Mangaluru FSL,True
3650,1221,Hard Disk,2023-09-12,Rejected,Bengaluru FSL,True
3651,1222,Blood Sample,2022-09-13,Collected,Mysuru FSL,True
3652,1222,Hard Disk,2022-09-13,Pending Analysis,Mangaluru FSL,True
3653,1222,Mobile Phone,2022-09-13,Collected,Bengaluru FSL,False
3654,1222,Vehicle,2022-09-13,Sent to FSL,Mysuru FSL,True
3655,1222,Document,2022-09-13,Pending Analysis,Mysuru FSL,False
3656,1223,Blood Sample,2026-01-15,Rejected,Mysuru FSL,False
3657,1224,Hard Disk,2026-07-17,Verified,Mangaluru FSL,True
3658,1224,Drug Sample,2026-07-17,Pending Analysis,Mangaluru FSL,False
3659,1224,Fingerprint,2026-07-17,Rejected,Mangaluru FSL,False
3660,1224,SIM Card,2026-07-17,Rejected,Bengaluru FSL,False
3661,1224,Firearm,2026-07-17,Pending Analysis,Mangaluru FSL,False
3662,1225,Firearm,2023-02-21,Verified,Mangaluru FSL,True
3663,1226,Laptop,2024-12-24,Verified,Bengaluru FSL,True
3664,1226,Blood Sample,2024-12-24,Sent to FSL,Mysuru FSL,True
3665,1227,Hard Disk,2024-04-18,Collected,Mangaluru FSL,False
3666,1227,USB Drive,2024-04-18,Sent to FSL,Mangaluru FSL,False
3667,1227,Mobile Phone,2024-04-18,Sent to FSL,Mysuru FSL,False
3668,1227,SIM Card,2024-04-18,Pending Analysis,Mysuru FSL,False
3669,1227,DNA Sample,2024-04-18,Sent to FSL,Bengaluru FSL,False
3670,1228,Hard Disk,2022-03-13,Pending Analysis,Bengaluru FSL,False
3671,1229,Laptop,2026-12-01,Rejected,Bengaluru FSL,False
3672,1229,Document,2026-12-01,Sent to FSL,Bengaluru FSL,False
3673,1230,Mobile Phone,2024-03-26,Verified,Bengaluru FSL,True
3674,1230,DNA Sample,2024-03-26,Sent to FSL,Mangaluru FSL,True
3675,1230,CCTV Footage,2024-03-26,Verified,Mangaluru FSL,False
3676,1230,Hard Disk,2024-03-26,Pending Analysis,Mysuru FSL,True
3677,1230,Fingerprint,2024-03-26,Sent to FSL,Mangaluru FSL,False
3678,1231,Knife,2022-05-29,Verified,Mangaluru FSL,False
3679,1231,Laptop,2022-05-29,Collected,Bengaluru FSL,True
3680,1231,DNA Sample,2022-05-29,Verified,Mangaluru FSL,True
3681,1232,Mobile Phone,2025-07-12,Pending Analysis,Bengaluru FSL,True
3682,1232,Knife,2025-07-12,Rejected,Mangaluru FSL,True
3683,1232,Drug Sample,2025-07-12,Verified,Mysuru FSL,True
3684,1232,Fingerprint,2025-07-12,Verified,Mysuru FSL,True
3685,1233,Laptop,2023-04-08,Verified,Mangaluru FSL,True
3686,1234,Mobile Phone,2026-11-24,Pending Analysis,Bengaluru FSL,True
3687,1234,DNA Sample,2026-11-24,Rejected,Mangaluru FSL,True
3688,1235,Blood Sample,2025-03-26,Verified,Mysuru FSL,False
3689,1236,DNA Sample,2026-08-07,Pending Analysis,Mangaluru FSL,True
3690,1236,CCTV Footage,2026-08-07,Sent to FSL,Bengaluru FSL,True
3691,1236,Document,2026-08-07,Verified,Bengaluru FSL,True
3692,1237,Knife,2024-02-28,Verified,Mysuru FSL,False
3693,1238,Fingerprint,2024-08-31,Sent to FSL,Mangaluru FSL,False
3694,1238,Vehicle,2024-08-31,Rejected,Mysuru FSL,True
3695,1239,CCTV Footage,2025-05-25,Pending Analysis,Bengaluru FSL,True
3696,1239,Hard Disk,2025-05-25,Verified,Mangaluru FSL,True
3697,1240,Blood Sample,2023-03-28,Collected,Mysuru FSL,False
3698,1240,Mobile Phone,2023-03-28,Sent to FSL,Mysuru FSL,True
3699,1240,Knife,2023-03-28,Verified,Mysuru FSL,True
3700,1240,Laptop,2023-03-28,Collected,Bengaluru FSL,True
3701,1241,Drug Sample,2025-09-01,Pending Analysis,Bengaluru FSL,False
3702,1241,DNA Sample,2025-09-01,Verified,Bengaluru FSL,True
3703,1242,Hard Disk,2026-04-18,Pending Analysis,Bengaluru FSL,False
3704,1242,Blood Sample,2026-04-18,Verified,Bengaluru FSL,True
3705,1242,Drug Sample,2026-04-18,Verified,Mysuru FSL,True
3706,1242,Mobile Phone,2026-04-18,Rejected,Bengaluru FSL,True
3707,1243,Mobile Phone,2022-12-11,Verified,Mysuru FSL,False
3708,1243,Fingerprint,2022-12-11,Pending Analysis,Bengaluru FSL,True
3709,1243,Drug Sample,2022-12-11,Collected,Mysuru FSL,False
3710,1243,Knife,2022-12-11,Collected,Mangaluru FSL,False
3711,1244,Blood Sample,2024-09-25,Sent to FSL,Mysuru FSL,True
3712,1244,Vehicle,2024-09-25,Collected,Mangaluru FSL,False
3713,1244,Firearm,2024-09-25,Sent to FSL,Mangaluru FSL,True
3714,1245,Vehicle,2023-01-07,Sent to FSL,Mysuru FSL,False
3715,1245,USB Drive,2023-01-07,Verified,Mysuru FSL,False
3716,1245,CCTV Footage,2023-01-07,Pending Analysis,Mangaluru FSL,True
3717,1245,Laptop,2023-01-07,Verified,Mangaluru FSL,True
3718,1246,Vehicle,2022-01-05,Verified,Mysuru FSL,True
3719,1246,Fingerprint,2022-01-05,Collected,Bengaluru FSL,False
3720,1246,SIM Card,2022-01-05,Pending Analysis,Bengaluru FSL,False
3721,1247,Fingerprint,2023-05-20,Sent to FSL,Bengaluru FSL,False
3722,1247,Clothing,2023-05-20,Pending Analysis,Mysuru FSL,True
3723,1247,Document,2023-05-20,Rejected,Mangaluru FSL,True
3724,1247,DNA Sample,2023-05-20,Verified,Mangaluru FSL,False
3725,1248,Hard Disk,2025-12-26,Rejected,Mysuru FSL,False
3726,1248,SIM Card,2025-12-26,Sent to FSL,Mysuru FSL,False
3727,1248,CCTV Footage,2025-12-26,Verified,Mangaluru FSL,False
3728,1249,Drug Sample,2022-01-18,Rejected,Bengaluru FSL,False
3729,1249,DNA Sample,2022-01-18,Rejected,Mangaluru FSL,True
3730,1249,Document,2022-01-18,Pending Analysis,Bengaluru FSL,False
3731,1249,Vehicle,2022-01-18,Rejected,Bengaluru FSL,True
3732,1249,Laptop,2022-01-18,Verified,Mysuru FSL,True
3733,1250,CCTV Footage,2025-09-05,Pending Analysis,Mysuru FSL,False
3734,1250,Laptop,2025-09-05,Pending Analysis,Mangaluru FSL,False
3735,1250,Blood Sample,2025-09-05,Verified,Mangaluru FSL,True
3736,1250,Document,2025-09-05,Sent to FSL,Mysuru FSL,False
3737,1250,Mobile Phone,2025-09-05,Verified,Mangaluru FSL,True
3738,1251,Laptop,2022-07-24,Verified,Mysuru FSL,False
3739,1252,SIM Card,2022-03-03,Pending Analysis,Mysuru FSL,True
3740,1252,Knife,2022-03-03,Verified,Mangaluru FSL,True
3741,1252,Hard Disk,2022-03-03,Sent to FSL,Mangaluru FSL,True
3742,1253,Mobile Phone,2025-12-25,Verified,Bengaluru FSL,True
3743,1254,CCTV Footage,2025-12-30,Pending Analysis,Mangaluru FSL,True
3744,1254,Clothing,2025-12-30,Verified,Mangaluru FSL,True
3745,1254,Hard Disk,2025-12-30,Collected,Bengaluru FSL,False
3746,1254,Document,2025-12-30,Verified,Mangaluru FSL,False
3747,1254,USB Drive,2025-12-30,Verified,Bengaluru FSL,False
3748,1255,Hard Disk,2026-12-28,Collected,Mangaluru FSL,True
3749,1255,USB Drive,2026-12-28,Sent to FSL,Bengaluru FSL,False
3750,1255,Document,2026-12-28,Pending Analysis,Bengaluru FSL,True
3751,1256,CCTV Footage,2024-01-03,Rejected,Bengaluru FSL,True
3752,1256,DNA Sample,2024-01-03,Collected,Mangaluru FSL,False
3753,1257,CCTV Footage,2026-08-12,Rejected,Bengaluru FSL,True
3754,1257,USB Drive,2026-08-12,Rejected,Mysuru FSL,True
3755,1257,Firearm,2026-08-12,Verified,Mysuru FSL,True
3756,1257,Knife,2026-08-12,Collected,Mysuru FSL,False
3757,1258,Clothing,2023-03-05,Sent to FSL,Mangaluru FSL,True
3758,1258,Laptop,2023-03-05,Sent to FSL,Mangaluru FSL,True
3759,1258,Hard Disk,2023-03-05,Verified,Mysuru FSL,True
3760,1259,DNA Sample,2024-11-24,Rejected,Mysuru FSL,True
3761,1260,Knife,2022-07-01,Collected,Bengaluru FSL,True
3762,1260,SIM Card,2022-07-01,Pending Analysis,Bengaluru FSL,True
3763,1260,Vehicle,2022-07-01,Rejected,Bengaluru FSL,False
3764,1261,Laptop,2025-09-03,Pending Analysis,Bengaluru FSL,True
3765,1262,Hard Disk,2024-12-01,Pending Analysis,Mysuru FSL,True
3766,1262,Firearm,2024-12-01,Collected,Bengaluru FSL,True
3767,1262,Document,2024-12-01,Collected,Bengaluru FSL,True
3768,1262,SIM Card,2024-12-01,Pending Analysis,Bengaluru FSL,False
3769,1263,Clothing,2022-08-17,Pending Analysis,Mangaluru FSL,False
3770,1264,USB Drive,2025-03-23,Verified,Mysuru FSL,True
3771,1265,Drug Sample,2026-09-28,Sent to FSL,Mysuru FSL,True
3772,1265,Hard Disk,2026-09-28,Collected,Mangaluru FSL,True
3773,1266,Mobile Phone,2022-04-03,Pending Analysis,Bengaluru FSL,True
3774,1267,Clothing,2026-07-06,Pending Analysis,Bengaluru FSL,True
3775,1268,SIM Card,2023-10-05,Sent to FSL,Mangaluru FSL,True
3776,1268,USB Drive,2023-10-05,Collected,Mangaluru FSL,True
3777,1268,Vehicle,2023-10-05,Rejected,Mysuru FSL,True
3778,1268,Clothing,2023-10-05,Sent to FSL,Bengaluru FSL,True
3779,1269,Fingerprint,2025-03-09,Collected,Mangaluru FSL,False
3780,1269,Hard Disk,2025-03-09,Rejected,Mangaluru FSL,False
3781,1270,DNA Sample,2025-05-13,Pending Analysis,Bengaluru FSL,False
3782,1270,Hard Disk,2025-05-13,Sent to FSL,Mangaluru FSL,True
3783,1270,Vehicle,2025-05-13,Sent to FSL,Bengaluru FSL,False
3784,1270,Fingerprint,2025-05-13,Rejected,Bengaluru FSL,True
3785,1271,Knife,2023-07-22,Collected,Mysuru FSL,False
3786,1271,USB Drive,2023-07-22,Collected,Bengaluru FSL,True
3787,1271,Vehicle,2023-07-22,Rejected,Mysuru FSL,False
3788,1272,Hard Disk,2024-10-10,Verified,Bengaluru FSL,False
3789,1272,SIM Card,2024-10-10,Verified,Mangaluru FSL,False
3790,1272,Firearm,2024-10-10,Rejected,Bengaluru FSL,True
3791,1273,SIM Card,2024-10-10,Collected,Mangaluru FSL,True
3792,1274,Blood Sample,2025-04-14,Collected,Mysuru FSL,False
3793,1274,Laptop,2025-04-14,Verified,Mysuru FSL,False
3794,1275,Knife,2026-05-09,Sent to FSL,Bengaluru FSL,True
3795,1275,Mobile Phone,2026-05-09,Collected,Mangaluru FSL,True
3796,1275,Hard Disk,2026-05-09,Pending Analysis,Mangaluru FSL,False
3797,1275,Clothing,2026-05-09,Rejected,Mangaluru FSL,False
3798,1275,USB Drive,2026-05-09,Verified,Bengaluru FSL,True
3799,1276,Firearm,2022-07-29,Rejected,Mangaluru FSL,True
3800,1276,SIM Card,2022-07-29,Pending Analysis,Mangaluru FSL,False
3801,1276,Mobile Phone,2022-07-29,Verified,Bengaluru FSL,True
3802,1277,SIM Card,2023-02-11,Rejected,Mangaluru FSL,False
3803,1277,Laptop,2023-02-11,Rejected,Mangaluru FSL,True
3804,1277,CCTV Footage,2023-02-11,Pending Analysis,Bengaluru FSL,True
3805,1277,Firearm,2023-02-11,Verified,Mysuru FSL,False
3806,1278,SIM Card,2023-11-29,Sent to FSL,Mangaluru FSL,False
3807,1278,CCTV Footage,2023-11-29,Sent to FSL,Mysuru FSL,True
3808,1278,Vehicle,2023-11-29,Pending Analysis,Bengaluru FSL,True
3809,1279,Knife,2022-05-24,Sent to FSL,Mysuru FSL,True
3810,1280,Document,2025-02-22,Collected,Mysuru FSL,True
3811,1281,Clothing,2023-07-10,Pending Analysis,Mangaluru FSL,True
3812,1281,Knife,2023-07-10,Collected,Bengaluru FSL,False
3813,1281,Firearm,2023-07-10,Verified,Bengaluru FSL,False
3814,1281,Blood Sample,2023-07-10,Sent to FSL,Mangaluru FSL,True
3815,1281,Fingerprint,2023-07-10,Verified,Mysuru FSL,False
3816,1282,Blood Sample,2024-07-12,Sent to FSL,Bengaluru FSL,True
3817,1282,Vehicle,2024-07-12,Sent to FSL,Mysuru FSL,True
3818,1282,SIM Card,2024-07-12,Rejected,Mysuru FSL,True
3819,1282,USB Drive,2024-07-12,Verified,Bengaluru FSL,True
3820,1283,USB Drive,2026-11-26,Rejected,Mangaluru FSL,False
3821,1284,Drug Sample,2026-11-28,Pending Analysis,Mysuru FSL,True
3822,1284,Hard Disk,2026-11-28,Pending Analysis,Mangaluru FSL,False
3823,1285,Firearm,2022-02-13,Sent to FSL,Bengaluru FSL,True
3824,1285,Vehicle,2022-02-13,Verified,Mysuru FSL,True
3825,1285,CCTV Footage,2022-02-13,Verified,Mangaluru FSL,False
3826,1285,SIM Card,2022-02-13,Rejected,Bengaluru FSL,True
3827,1285,Hard Disk,2022-02-13,Verified,Mangaluru FSL,False
3828,1286,Document,2025-08-13,Pending Analysis,Bengaluru FSL,False
3829,1286,Mobile Phone,2025-08-13,Sent to FSL,Mysuru FSL,True
3830,1287,Fingerprint,2024-12-20,Rejected,Bengaluru FSL,False
3831,1288,Clothing,2023-02-12,Pending Analysis,Bengaluru FSL,True
3832,1288,Blood Sample,2023-02-12,Rejected,Mysuru FSL,False
3833,1288,Vehicle,2023-02-12,Verified,Mysuru FSL,False
3834,1289,Vehicle,2023-07-27,Pending Analysis,Mangaluru FSL,True
3835,1289,Firearm,2023-07-27,Sent to FSL,Bengaluru FSL,False
3836,1289,Blood Sample,2023-07-27,Sent to FSL,Mysuru FSL,True
3837,1289,Clothing,2023-07-27,Verified,Mysuru FSL,True
3838,1289,Fingerprint,2023-07-27,Verified,Mangaluru FSL,False
3839,1290,DNA Sample,2024-05-24,Verified,Mysuru FSL,True
3840,1290,Blood Sample,2024-05-24,Rejected,Bengaluru FSL,False
3841,1290,USB Drive,2024-05-24,Rejected,Bengaluru FSL,True
3842,1291,Mobile Phone,2024-10-07,Collected,Mysuru FSL,True
3843,1291,Knife,2024-10-07,Rejected,Mangaluru FSL,False
3844,1291,Drug Sample,2024-10-07,Pending Analysis,Bengaluru FSL,True
3845,1291,Fingerprint,2024-10-07,Verified,Mysuru FSL,True
3846,1291,Laptop,2024-10-07,Collected,Mysuru FSL,False
3847,1292,Firearm,2024-09-24,Collected,Mangaluru FSL,False
3848,1292,Drug Sample,2024-09-24,Pending Analysis,Mangaluru FSL,False
3849,1292,Fingerprint,2024-09-24,Pending Analysis,Bengaluru FSL,False
3850,1293,Firearm,2026-01-08,Pending Analysis,Mangaluru FSL,True
3851,1293,Laptop,2026-01-08,Pending Analysis,Bengaluru FSL,False
3852,1294,Clothing,2025-09-11,Collected,Mysuru FSL,True
3853,1294,CCTV Footage,2025-09-11,Rejected,Mangaluru FSL,False
3854,1294,Hard Disk,2025-09-11,Rejected,Bengaluru FSL,True
3855,1294,Knife,2025-09-11,Sent to FSL,Mysuru FSL,True
3856,1294,Fingerprint,2025-09-11,Collected,Bengaluru FSL,False
3857,1295,Blood Sample,2022-02-10,Rejected,Mysuru FSL,True
3858,1296,SIM Card,2023-05-06,Pending Analysis,Mangaluru FSL,False
3859,1296,Firearm,2023-05-06,Sent to FSL,Bengaluru FSL,True
3860,1296,CCTV Footage,2023-05-06,Rejected,Bengaluru FSL,False
3861,1296,Vehicle,2023-05-06,Collected,Bengaluru FSL,True
3862,1296,USB Drive,2023-05-06,Verified,Mangaluru FSL,True
3863,1297,Firearm,2024-11-18,Pending Analysis,Bengaluru FSL,True
3864,1297,Knife,2024-11-18,Pending Analysis,Mysuru FSL,False
3865,1297,Laptop,2024-11-18,Pending Analysis,Mangaluru FSL,True
3866,1297,SIM Card,2024-11-18,Collected,Mysuru FSL,False
3867,1297,Clothing,2024-11-18,Sent to FSL,Bengaluru FSL,True
3868,1298,Document,2023-04-09,Sent to FSL,Mangaluru FSL,True
3869,1298,Firearm,2023-04-09,Rejected,Mysuru FSL,False
3870,1298,Vehicle,2023-04-09,Collected,Mysuru FSL,False
3871,1298,Blood Sample,2023-04-09,Sent to FSL,Mysuru FSL,False
3872,1299,USB Drive,2024-11-13,Verified,Bengaluru FSL,False
3873,1299,SIM Card,2024-11-13,Sent to FSL,Mysuru FSL,True
3874,1299,Mobile Phone,2024-11-13,Verified,Mangaluru FSL,False
3875,1299,Laptop,2024-11-13,Rejected,Mangaluru FSL,False
3876,1300,Knife,2023-07-24,Pending Analysis,Mysuru FSL,False
3877,1301,USB Drive,2024-08-27,Sent to FSL,Mangaluru FSL,True
3878,1301,Drug Sample,2024-08-27,Rejected,Mysuru FSL,False
3879,1302,Mobile Phone,2026-07-15,Pending Analysis,Mysuru FSL,False
3880,1302,USB Drive,2026-07-15,Rejected,Bengaluru FSL,False
3881,1302,Knife,2026-07-15,Rejected,Mysuru FSL,False
3882,1302,DNA Sample,2026-07-15,Collected,Bengaluru FSL,False
3883,1302,Fingerprint,2026-07-15,Verified,Mangaluru FSL,False
3884,1303,Knife,2023-06-11,Verified,Bengaluru FSL,True
3885,1303,Vehicle,2023-06-11,Verified,Bengaluru FSL,True
3886,1303,Hard Disk,2023-06-11,Rejected,Mysuru FSL,False
3887,1303,Firearm,2023-06-11,Pending Analysis,Mysuru FSL,False
3888,1303,CCTV Footage,2023-06-11,Verified,Mysuru FSL,False
3889,1304,CCTV Footage,2025-03-13,Pending Analysis,Mangaluru FSL,True
3890,1304,Knife,2025-03-13,Collected,Mangaluru FSL,False
3891,1304,DNA Sample,2025-03-13,Verified,Mysuru FSL,False
3892,1305,Laptop,2024-09-08,Sent to FSL,Mysuru FSL,False
3893,1305,Firearm,2024-09-08,Pending Analysis,Mysuru FSL,False
3894,1306,DNA Sample,2024-03-02,Rejected,Mangaluru FSL,True
3895,1307,Blood Sample,2023-03-12,Rejected,Bengaluru FSL,False
3896,1307,Firearm,2023-03-12,Pending Analysis,Mangaluru FSL,True
3897,1308,CCTV Footage,2022-02-26,Pending Analysis,Bengaluru FSL,False
3898,1308,Blood Sample,2022-02-26,Verified,Bengaluru FSL,False
3899,1308,Hard Disk,2022-02-26,Collected,Mangaluru FSL,True
3900,1308,Laptop,2022-02-26,Verified,Mangaluru FSL,False
3901,1308,Document,2022-02-26,Verified,Bengaluru FSL,True
3902,1309,Knife,2024-07-26,Sent to FSL,Mysuru FSL,True
3903,1309,DNA Sample,2024-07-26,Collected,Bengaluru FSL,True
3904,1310,CCTV Footage,2025-04-15,Pending Analysis,Bengaluru FSL,True
3905,1310,Document,2025-04-15,Rejected,Mangaluru FSL,True
3906,1311,Hard Disk,2024-08-28,Verified,Mangaluru FSL,False
3907,1311,SIM Card,2024-08-28,Sent to FSL,Mysuru FSL,True
3908,1311,USB Drive,2024-08-28,Sent to FSL,Bengaluru FSL,False
3909,1312,Drug Sample,2025-05-12,Verified,Mangaluru FSL,True
3910,1312,Blood Sample,2025-05-12,Pending Analysis,Bengaluru FSL,True
3911,1312,USB Drive,2025-05-12,Rejected,Mysuru FSL,True
3912,1312,Document,2025-05-12,Collected,Mangaluru FSL,False
3913,1312,Knife,2025-05-12,Sent to FSL,Mangaluru FSL,False
3914,1313,Mobile Phone,2022-05-07,Pending Analysis,Mysuru FSL,True
3915,1313,USB Drive,2022-05-07,Verified,Mysuru FSL,True
3916,1313,CCTV Footage,2022-05-07,Verified,Mysuru FSL,True
3917,1313,Drug Sample,2022-05-07,Collected,Bengaluru FSL,True
3918,1313,Knife,2022-05-07,Pending Analysis,Bengaluru FSL,True
3919,1314,USB Drive,2022-04-18,Sent to FSL,Mysuru FSL,False
3920,1314,Fingerprint,2022-04-18,Collected,Bengaluru FSL,True
3921,1315,DNA Sample,2024-12-11,Rejected,Bengaluru FSL,False
3922,1315,Firearm,2024-12-11,Rejected,Mysuru FSL,True
3923,1316,Knife,2022-10-22,Rejected,Mangaluru FSL,False
3924,1316,Vehicle,2022-10-22,Collected,Bengaluru FSL,True
3925,1316,Mobile Phone,2022-10-22,Rejected,Mangaluru FSL,True
3926,1316,Document,2022-10-22,Pending Analysis,Mysuru FSL,True
3927,1316,DNA Sample,2022-10-22,Verified,Bengaluru FSL,False
3928,1317,CCTV Footage,2023-02-28,Sent to FSL,Bengaluru FSL,True
3929,1317,Knife,2023-02-28,Pending Analysis,Bengaluru FSL,True
3930,1317,DNA Sample,2023-02-28,Pending Analysis,Mangaluru FSL,True
3931,1317,Hard Disk,2023-02-28,Pending Analysis,Bengaluru FSL,False
3932,1318,Knife,2026-07-31,Verified,Mangaluru FSL,True
3933,1319,DNA Sample,2026-04-05,Rejected,Mangaluru FSL,False
3934,1319,Fingerprint,2026-04-05,Sent to FSL,Bengaluru FSL,True
3935,1319,SIM Card,2026-04-05,Pending Analysis,Mangaluru FSL,True
3936,1319,Mobile Phone,2026-04-05,Collected,Mysuru FSL,False
3937,1319,USB Drive,2026-04-05,Rejected,Mysuru FSL,False
3938,1320,Blood Sample,2022-12-05,Rejected,Bengaluru FSL,False
3939,1320,Mobile Phone,2022-12-05,Pending Analysis,Mangaluru FSL,False
3940,1320,Drug Sample,2022-12-05,Pending Analysis,Bengaluru FSL,True
3941,1321,Fingerprint,2025-02-06,Sent to FSL,Mangaluru FSL,True
3942,1321,Vehicle,2025-02-06,Verified,Mysuru FSL,True
3943,1322,Drug Sample,2022-08-18,Pending Analysis,Mangaluru FSL,True
3944,1322,Fingerprint,2022-08-18,Sent to FSL,Mysuru FSL,False
3945,1322,USB Drive,2022-08-18,Pending Analysis,Mangaluru FSL,False
3946,1322,Blood Sample,2022-08-18,Verified,Mangaluru FSL,False
3947,1322,Firearm,2022-08-18,Rejected,Mangaluru FSL,True
3948,1323,Firearm,2026-03-17,Pending Analysis,Mysuru FSL,True
3949,1324,Drug Sample,2025-03-25,Verified,Mangaluru FSL,True
3950,1324,Vehicle,2025-03-25,Rejected,Mysuru FSL,False
3951,1324,Mobile Phone,2025-03-25,Sent to FSL,Mangaluru FSL,False
3952,1324,USB Drive,2025-03-25,Collected,Mysuru FSL,True
3953,1325,SIM Card,2025-04-06,Collected,Mangaluru FSL,True
3954,1326,Blood Sample,2025-09-26,Collected,Mangaluru FSL,False
3955,1326,Drug Sample,2025-09-26,Pending Analysis,Bengaluru FSL,True
3956,1326,Knife,2025-09-26,Rejected,Mysuru FSL,False
3957,1326,Vehicle,2025-09-26,Rejected,Bengaluru FSL,False
3958,1327,Laptop,2022-01-10,Pending Analysis,Mangaluru FSL,True
3959,1328,Knife,2023-09-23,Rejected,Bengaluru FSL,True
3960,1328,Laptop,2023-09-23,Sent to FSL,Mangaluru FSL,False
3961,1329,Mobile Phone,2024-11-03,Verified,Mysuru FSL,True
3962,1329,Document,2024-11-03,Sent to FSL,Mangaluru FSL,False
3963,1329,Firearm,2024-11-03,Collected,Bengaluru FSL,False
3964,1330,Vehicle,2026-05-04,Pending Analysis,Mangaluru FSL,True
3965,1330,USB Drive,2026-05-04,Verified,Mangaluru FSL,True
3966,1331,Laptop,2023-11-19,Collected,Mysuru FSL,True
3967,1331,Blood Sample,2023-11-19,Pending Analysis,Bengaluru FSL,False
3968,1331,Vehicle,2023-11-19,Sent to FSL,Mysuru FSL,False
3969,1331,Mobile Phone,2023-11-19,Rejected,Mangaluru FSL,True
3970,1331,USB Drive,2023-11-19,Collected,Bengaluru FSL,True
3971,1332,Mobile Phone,2024-09-21,Collected,Bengaluru FSL,True
3972,1332,SIM Card,2024-09-21,Rejected,Mangaluru FSL,True
3973,1333,Blood Sample,2026-03-03,Rejected,Mangaluru FSL,True
3974,1333,Mobile Phone,2026-03-03,Collected,Mangaluru FSL,False
3975,1333,Hard Disk,2026-03-03,Pending Analysis,Mysuru FSL,True
3976,1333,USB Drive,2026-03-03,Rejected,Bengaluru FSL,False
3977,1334,Knife,2024-09-05,Rejected,Bengaluru FSL,True
3978,1334,Fingerprint,2024-09-05,Rejected,Bengaluru FSL,False
3979,1334,Drug Sample,2024-09-05,Sent to FSL,Bengaluru FSL,True
3980,1334,CCTV Footage,2024-09-05,Sent to FSL,Mangaluru FSL,False
3981,1335,USB Drive,2024-01-01,Verified,Mysuru FSL,False
3982,1336,Blood Sample,2026-08-14,Sent to FSL,Mysuru FSL,False
3983,1337,Document,2025-07-05,Collected,Bengaluru FSL,True
3984,1338,Mobile Phone,2026-04-30,Collected,Bengaluru FSL,False
3985,1338,DNA Sample,2026-04-30,Pending Analysis,Mysuru FSL,False
3986,1338,SIM Card,2026-04-30,Collected,Mangaluru FSL,False
3987,1338,Hard Disk,2026-04-30,Rejected,Mysuru FSL,True
3988,1338,USB Drive,2026-04-30,Rejected,Mangaluru FSL,True
3989,1339,SIM Card,2026-02-08,Sent to FSL,Bengaluru FSL,False
3990,1339,Fingerprint,2026-02-08,Rejected,Mangaluru FSL,False
3991,1339,Clothing,2026-02-08,Verified,Bengaluru FSL,True
3992,1339,Document,2026-02-08,Sent to FSL,Mangaluru FSL,True
3993,1340,SIM Card,2024-07-27,Rejected,Bengaluru FSL,False
3994,1340,USB Drive,2024-07-27,Verified,Bengaluru FSL,True
3995,1340,Vehicle,2024-07-27,Rejected,Mangaluru FSL,False
3996,1340,Clothing,2024-07-27,Verified,Mangaluru FSL,True
3997,1341,Blood Sample,2026-11-26,Rejected,Bengaluru FSL,False
3998,1341,Laptop,2026-11-26,Verified,Bengaluru FSL,False
3999,1341,Clothing,2026-11-26,Verified,Bengaluru FSL,True
4000,1341,Knife,2026-11-26,Collected,Mangaluru FSL,True
4001,1341,Drug Sample,2026-11-26,Rejected,Mangaluru FSL,True
4002,1342,Fingerprint,2023-05-13,Rejected,Bengaluru FSL,False
4003,1342,Hard Disk,2023-05-13,Verified,Bengaluru FSL,True
4004,1343,Drug Sample,2024-08-24,Pending Analysis,Mysuru FSL,True
4005,1344,Knife,2024-12-31,Pending Analysis,Bengaluru FSL,False
4006,1345,Hard Disk,2022-09-13,Verified,Bengaluru FSL,False
4007,1345,DNA Sample,2022-09-13,Sent to FSL,Mysuru FSL,False
4008,1345,Laptop,2022-09-13,Rejected,Mangaluru FSL,False
4009,1346,Drug Sample,2026-05-23,Verified,Mysuru FSL,False
4010,1346,DNA Sample,2026-05-23,Pending Analysis,Mysuru FSL,False
4011,1347,Document,2025-04-06,Verified,Mangaluru FSL,True
4012,1347,USB Drive,2025-04-06,Collected,Mangaluru FSL,False
4013,1347,Blood Sample,2025-04-06,Collected,Mangaluru FSL,False
4014,1347,Fingerprint,2025-04-06,Verified,Mysuru FSL,True
4015,1348,Hard Disk,2024-08-23,Collected,Mangaluru FSL,True
4016,1348,Blood Sample,2024-08-23,Sent to FSL,Bengaluru FSL,True
4017,1349,USB Drive,2023-09-15,Sent to FSL,Mangaluru FSL,False
4018,1349,CCTV Footage,2023-09-15,Collected,Mangaluru FSL,True
4019,1349,Mobile Phone,2023-09-15,Rejected,Mangaluru FSL,True
4020,1350,SIM Card,2025-02-05,Collected,Mysuru FSL,True
4021,1350,Hard Disk,2025-02-05,Pending Analysis,Mysuru FSL,False
4022,1350,Firearm,2025-02-05,Sent to FSL,Bengaluru FSL,True
4023,1350,DNA Sample,2025-02-05,Collected,Bengaluru FSL,True
4024,1351,Clothing,2025-08-27,Rejected,Bengaluru FSL,True
4025,1352,Document,2024-03-27,Sent to FSL,Bengaluru FSL,True
4026,1352,Knife,2024-03-27,Sent to FSL,Mysuru FSL,False
4027,1352,DNA Sample,2024-03-27,Rejected,Mangaluru FSL,True
4028,1352,Drug Sample,2024-03-27,Sent to FSL,Mangaluru FSL,False
4029,1353,Fingerprint,2023-07-01,Rejected,Mangaluru FSL,True
4030,1353,Laptop,2023-07-01,Pending Analysis,Mysuru FSL,False
4031,1354,Blood Sample,2025-04-25,Rejected,Bengaluru FSL,False
4032,1354,Vehicle,2025-04-25,Rejected,Mangaluru FSL,False
4033,1355,Firearm,2026-01-28,Sent to FSL,Mysuru FSL,True
4034,1356,CCTV Footage,2024-02-20,Verified,Mysuru FSL,False
4035,1356,Blood Sample,2024-02-20,Sent to FSL,Mangaluru FSL,True
4036,1356,Laptop,2024-02-20,Sent to FSL,Bengaluru FSL,True
4037,1356,Fingerprint,2024-02-20,Rejected,Mysuru FSL,False
4038,1357,Blood Sample,2026-10-11,Verified,Mysuru FSL,True
4039,1357,Mobile Phone,2026-10-11,Sent to FSL,Bengaluru FSL,True
4040,1357,DNA Sample,2026-10-11,Rejected,Mysuru FSL,False
4041,1357,Knife,2026-10-11,Rejected,Mysuru FSL,True
4042,1358,Clothing,2026-12-20,Pending Analysis,Mysuru FSL,False
4043,1359,Mobile Phone,2025-04-11,Collected,Mangaluru FSL,True
4044,1359,Clothing,2025-04-11,Verified,Mysuru FSL,True
4045,1360,Blood Sample,2026-02-18,Rejected,Bengaluru FSL,False
4046,1360,SIM Card,2026-02-18,Collected,Mangaluru FSL,True
4047,1360,Document,2026-02-18,Collected,Mangaluru FSL,False
4048,1360,Drug Sample,2026-02-18,Pending Analysis,Mysuru FSL,False
4049,1360,Firearm,2026-02-18,Sent to FSL,Mangaluru FSL,False
4050,1361,SIM Card,2022-11-05,Verified,Bengaluru FSL,False
4051,1361,Firearm,2022-11-05,Sent to FSL,Mangaluru FSL,False
4052,1361,Hard Disk,2022-11-05,Pending Analysis,Bengaluru FSL,True
4053,1361,USB Drive,2022-11-05,Collected,Mysuru FSL,False
4054,1362,Vehicle,2024-06-16,Pending Analysis,Bengaluru FSL,False
4055,1363,Document,2025-08-05,Collected,Mysuru FSL,True
4056,1363,CCTV Footage,2025-08-05,Sent to FSL,Mysuru FSL,True
4057,1364,Clothing,2025-05-20,Verified,Mysuru FSL,False
4058,1364,Laptop,2025-05-20,Verified,Mysuru FSL,True
4059,1364,Vehicle,2025-05-20,Collected,Mysuru FSL,True
4060,1364,CCTV Footage,2025-05-20,Sent to FSL,Mysuru FSL,False
4061,1365,Blood Sample,2023-07-20,Pending Analysis,Bengaluru FSL,False
4062,1366,DNA Sample,2026-08-22,Collected,Mysuru FSL,True
4063,1366,Document,2026-08-22,Verified,Bengaluru FSL,False
4064,1366,Hard Disk,2026-08-22,Collected,Mysuru FSL,True
4065,1366,Drug Sample,2026-08-22,Sent to FSL,Mysuru FSL,False
4066,1367,Document,2026-02-02,Sent to FSL,Bengaluru FSL,False
4067,1367,Clothing,2026-02-02,Collected,Mysuru FSL,True
4068,1367,DNA Sample,2026-02-02,Sent to FSL,Mangaluru FSL,True
4069,1367,Mobile Phone,2026-02-02,Verified,Bengaluru FSL,True
4070,1367,Laptop,2026-02-02,Rejected,Bengaluru FSL,False
4071,1368,Drug Sample,2022-09-09,Sent to FSL,Mysuru FSL,True
4072,1368,CCTV Footage,2022-09-09,Rejected,Mysuru FSL,False
4073,1368,Clothing,2022-09-09,Pending Analysis,Bengaluru FSL,True
4074,1368,Document,2022-09-09,Pending Analysis,Mysuru FSL,True
4075,1369,USB Drive,2023-09-07,Pending Analysis,Bengaluru FSL,False
4076,1369,Mobile Phone,2023-09-07,Rejected,Mysuru FSL,True
4077,1369,Laptop,2023-09-07,Rejected,Bengaluru FSL,True
4078,1370,Hard Disk,2022-05-07,Pending Analysis,Bengaluru FSL,True
4079,1370,SIM Card,2022-05-07,Rejected,Mysuru FSL,True
4080,1370,USB Drive,2022-05-07,Rejected,Mysuru FSL,True
4081,1370,CCTV Footage,2022-05-07,Collected,Mangaluru FSL,False
4082,1371,Mobile Phone,2022-11-14,Verified,Bengaluru FSL,True
4083,1372,Laptop,2022-02-04,Verified,Bengaluru FSL,False
4084,1372,Vehicle,2022-02-04,Verified,Bengaluru FSL,True
4085,1373,DNA Sample,2023-11-03,Pending Analysis,Mangaluru FSL,True
4086,1373,Fingerprint,2023-11-03,Sent to FSL,Bengaluru FSL,False
4087,1373,Hard Disk,2023-11-03,Rejected,Mysuru FSL,False
4088,1374,Mobile Phone,2023-01-19,Rejected,Mysuru FSL,False
4089,1374,Firearm,2023-01-19,Collected,Mangaluru FSL,False
4090,1374,Clothing,2023-01-19,Collected,Bengaluru FSL,True
4091,1375,Hard Disk,2026-09-23,Rejected,Mysuru FSL,False
4092,1375,Document,2026-09-23,Verified,Mangaluru FSL,True
4093,1376,DNA Sample,2025-10-19,Collected,Mangaluru FSL,True
4094,1376,Clothing,2025-10-19,Rejected,Mangaluru FSL,True
4095,1377,Fingerprint,2022-01-12,Rejected,Bengaluru FSL,True
4096,1377,Firearm,2022-01-12,Sent to FSL,Mysuru FSL,True
4097,1377,Clothing,2022-01-12,Sent to FSL,Bengaluru FSL,True
4098,1378,Knife,2022-11-03,Pending Analysis,Bengaluru FSL,False
4099,1378,Drug Sample,2022-11-03,Rejected,Mysuru FSL,True
4100,1378,Blood Sample,2022-11-03,Pending Analysis,Bengaluru FSL,True
4101,1379,Hard Disk,2022-08-23,Pending Analysis,Bengaluru FSL,True
4102,1379,Vehicle,2022-08-23,Verified,Bengaluru FSL,False
4103,1380,Blood Sample,2025-04-11,Rejected,Mangaluru FSL,True
4104,1380,Vehicle,2025-04-11,Collected,Bengaluru FSL,False
4105,1380,Laptop,2025-04-11,Collected,Mangaluru FSL,True
4106,1381,USB Drive,2023-06-21,Sent to FSL,Mangaluru FSL,True
4107,1381,Clothing,2023-06-21,Collected,Bengaluru FSL,False
4108,1381,CCTV Footage,2023-06-21,Collected,Mangaluru FSL,True
4109,1381,SIM Card,2023-06-21,Pending Analysis,Mangaluru FSL,True
4110,1382,CCTV Footage,2024-11-07,Collected,Mangaluru FSL,True
4111,1382,Drug Sample,2024-11-07,Pending Analysis,Bengaluru FSL,False
4112,1383,Hard Disk,2023-06-21,Verified,Mangaluru FSL,False
4113,1383,Drug Sample,2023-06-21,Collected,Bengaluru FSL,True
4114,1383,DNA Sample,2023-06-21,Pending Analysis,Mangaluru FSL,False
4115,1383,Blood Sample,2023-06-21,Verified,Bengaluru FSL,False
4116,1383,Fingerprint,2023-06-21,Sent to FSL,Mangaluru FSL,True
4117,1384,Mobile Phone,2024-06-29,Collected,Mangaluru FSL,True
4118,1384,DNA Sample,2024-06-29,Sent to FSL,Bengaluru FSL,True
4119,1384,USB Drive,2024-06-29,Sent to FSL,Bengaluru FSL,True
4120,1384,Vehicle,2024-06-29,Verified,Mysuru FSL,False
4121,1385,Clothing,2023-05-06,Pending Analysis,Mangaluru FSL,True
4122,1385,Firearm,2023-05-06,Collected,Mysuru FSL,False
4123,1385,Vehicle,2023-05-06,Pending Analysis,Mangaluru FSL,False
4124,1386,Blood Sample,2023-02-13,Rejected,Mysuru FSL,False
4125,1386,DNA Sample,2023-02-13,Sent to FSL,Bengaluru FSL,True
4126,1386,CCTV Footage,2023-02-13,Pending Analysis,Mangaluru FSL,False
4127,1386,Drug Sample,2023-02-13,Rejected,Mysuru FSL,False
4128,1387,Knife,2025-05-24,Pending Analysis,Bengaluru FSL,False
4129,1387,Clothing,2025-05-24,Collected,Mysuru FSL,True
4130,1387,Document,2025-05-24,Collected,Bengaluru FSL,False
4131,1388,Drug Sample,2026-05-25,Verified,Bengaluru FSL,False
4132,1389,Knife,2026-02-01,Verified,Mysuru FSL,True
4133,1389,Document,2026-02-01,Verified,Mysuru FSL,False
4134,1389,Clothing,2026-02-01,Rejected,Bengaluru FSL,False
4135,1390,Drug Sample,2024-02-19,Sent to FSL,Mangaluru FSL,False
4136,1391,Fingerprint,2023-03-17,Collected,Mangaluru FSL,False
4137,1391,Drug Sample,2023-03-17,Pending Analysis,Mysuru FSL,False
4138,1391,Clothing,2023-03-17,Verified,Mangaluru FSL,False
4139,1391,Laptop,2023-03-17,Pending Analysis,Mysuru FSL,True
4140,1392,Knife,2024-05-31,Verified,Mysuru FSL,True
4141,1392,Vehicle,2024-05-31,Rejected,Mysuru FSL,False
4142,1392,Clothing,2024-05-31,Pending Analysis,Mysuru FSL,False
4143,1392,SIM Card,2024-05-31,Collected,Bengaluru FSL,True
4144,1392,CCTV Footage,2024-05-31,Collected,Bengaluru FSL,True
4145,1393,USB Drive,2024-12-24,Sent to FSL,Mysuru FSL,True
4146,1393,Vehicle,2024-12-24,Sent to FSL,Mangaluru FSL,False
4147,1393,Blood Sample,2024-12-24,Rejected,Mysuru FSL,False
4148,1393,Hard Disk,2024-12-24,Pending Analysis,Mangaluru FSL,False
4149,1394,SIM Card,2025-12-14,Verified,Bengaluru FSL,True
4150,1394,Fingerprint,2025-12-14,Rejected,Mangaluru FSL,False
4151,1395,DNA Sample,2024-07-10,Collected,Mangaluru FSL,False
4152,1395,SIM Card,2024-07-10,Verified,Mangaluru FSL,False
4153,1395,USB Drive,2024-07-10,Rejected,Mangaluru FSL,True
4154,1395,Laptop,2024-07-10,Verified,Mangaluru FSL,True
4155,1396,DNA Sample,2026-11-29,Sent to FSL,Mysuru FSL,True
4156,1396,SIM Card,2026-11-29,Sent to FSL,Mangaluru FSL,True
4157,1396,Vehicle,2026-11-29,Rejected,Bengaluru FSL,False
4158,1396,Clothing,2026-11-29,Pending Analysis,Mangaluru FSL,True
4159,1397,Knife,2022-08-20,Collected,Mangaluru FSL,False
4160,1397,Drug Sample,2022-08-20,Verified,Bengaluru FSL,True
4161,1397,Fingerprint,2022-08-20,Rejected,Mangaluru FSL,True
4162,1398,Fingerprint,2022-08-04,Verified,Mangaluru FSL,False
4163,1398,USB Drive,2022-08-04,Pending Analysis,Mysuru FSL,False
4164,1398,Firearm,2022-08-04,Pending Analysis,Mysuru FSL,True
4165,1398,CCTV Footage,2022-08-04,Verified,Mangaluru FSL,False
4166,1399,Laptop,2023-04-18,Verified,Mangaluru FSL,True
4167,1400,Knife,2024-03-24,Rejected,Mangaluru FSL,False
4168,1400,DNA Sample,2024-03-24,Rejected,Mysuru FSL,True
4169,1400,Blood Sample,2024-03-24,Verified,Mangaluru FSL,False
4170,1401,Document,2022-08-15,Rejected,Mysuru FSL,True
4171,1402,Drug Sample,2025-05-19,Collected,Mysuru FSL,False
4172,1402,CCTV Footage,2025-05-19,Sent to FSL,Bengaluru FSL,False
4173,1402,Blood Sample,2025-05-19,Collected,Bengaluru FSL,True
4174,1402,Clothing,2025-05-19,Verified,Mysuru FSL,True
4175,1403,Laptop,2026-06-16,Verified,Mangaluru FSL,False
4176,1403,Document,2026-06-16,Pending Analysis,Bengaluru FSL,False
4177,1403,Knife,2026-06-16,Collected,Mysuru FSL,False
4178,1403,Hard Disk,2026-06-16,Rejected,Mangaluru FSL,False
4179,1403,Drug Sample,2026-06-16,Sent to FSL,Bengaluru FSL,False
4180,1404,Knife,2025-05-15,Verified,Bengaluru FSL,False
4181,1404,Vehicle,2025-05-15,Sent to FSL,Mysuru FSL,True
4182,1404,Blood Sample,2025-05-15,Verified,Bengaluru FSL,False
4183,1405,Blood Sample,2024-08-27,Sent to FSL,Mysuru FSL,True
4184,1405,Laptop,2024-08-27,Verified,Bengaluru FSL,False
4185,1405,Clothing,2024-08-27,Rejected,Mysuru FSL,True
4186,1405,Hard Disk,2024-08-27,Collected,Bengaluru FSL,False
4187,1405,Knife,2024-08-27,Verified,Mangaluru FSL,True
4188,1406,Mobile Phone,2026-04-29,Collected,Mangaluru FSL,False
4189,1406,Hard Disk,2026-04-29,Verified,Mysuru FSL,False
4190,1406,Firearm,2026-04-29,Rejected,Mysuru FSL,True
4191,1407,Document,2023-03-06,Pending Analysis,Bengaluru FSL,False
4192,1407,Blood Sample,2023-03-06,Collected,Mysuru FSL,True
4193,1408,Fingerprint,2026-06-21,Rejected,Bengaluru FSL,True
4194,1408,Drug Sample,2026-06-21,Pending Analysis,Mangaluru FSL,True
4195,1409,USB Drive,2024-12-21,Verified,Mysuru FSL,False
4196,1409,Fingerprint,2024-12-21,Collected,Bengaluru FSL,False
4197,1410,Vehicle,2024-03-13,Rejected,Mysuru FSL,True
4198,1410,Hard Disk,2024-03-13,Collected,Bengaluru FSL,True
4199,1411,Fingerprint,2025-08-20,Collected,Mysuru FSL,False
4200,1411,SIM Card,2025-08-20,Rejected,Mangaluru FSL,True
4201,1411,Hard Disk,2025-08-20,Rejected,Bengaluru FSL,False
4202,1411,Laptop,2025-08-20,Collected,Mysuru FSL,True
4203,1412,USB Drive,2026-06-16,Rejected,Mangaluru FSL,True
4204,1413,Blood Sample,2026-06-08,Verified,Bengaluru FSL,True
4205,1413,Mobile Phone,2026-06-08,Verified,Mysuru FSL,False
4206,1413,Knife,2026-06-08,Collected,Mysuru FSL,False
4207,1414,DNA Sample,2025-01-14,Sent to FSL,Mangaluru FSL,True
4208,1415,Hard Disk,2026-02-18,Rejected,Bengaluru FSL,False
4209,1415,Vehicle,2026-02-18,Verified,Mysuru FSL,False
4210,1416,SIM Card,2022-02-04,Collected,Mangaluru FSL,False
4211,1416,Fingerprint,2022-02-04,Pending Analysis,Mangaluru FSL,False
4212,1416,Clothing,2022-02-04,Sent to FSL,Bengaluru FSL,True
4213,1417,Firearm,2023-03-24,Collected,Mangaluru FSL,False
4214,1417,USB Drive,2023-03-24,Collected,Bengaluru FSL,False
4215,1417,Vehicle,2023-03-24,Pending Analysis,Mangaluru FSL,False
4216,1418,Blood Sample,2022-03-09,Verified,Mysuru FSL,False
4217,1418,Drug Sample,2022-03-09,Pending Analysis,Mysuru FSL,False
4218,1418,Hard Disk,2022-03-09,Sent to FSL,Mangaluru FSL,True
4219,1419,Fingerprint,2023-02-04,Collected,Mysuru FSL,True
4220,1419,Document,2023-02-04,Rejected,Mangaluru FSL,True
4221,1420,Mobile Phone,2022-12-22,Rejected,Mysuru FSL,True
4222,1420,CCTV Footage,2022-12-22,Rejected,Bengaluru FSL,False
4223,1420,Knife,2022-12-22,Pending Analysis,Bengaluru FSL,False
4224,1420,DNA Sample,2022-12-22,Sent to FSL,Mysuru FSL,True
4225,1421,CCTV Footage,2024-04-11,Collected,Bengaluru FSL,True
4226,1422,USB Drive,2026-08-09,Pending Analysis,Mangaluru FSL,True
4227,1422,Firearm,2026-08-09,Rejected,Mangaluru FSL,True
4228,1422,Clothing,2026-08-09,Verified,Mangaluru FSL,False
4229,1423,Laptop,2026-08-06,Pending Analysis,Bengaluru FSL,True
4230,1423,SIM Card,2026-08-06,Verified,Mangaluru FSL,True
4231,1423,CCTV Footage,2026-08-06,Collected,Bengaluru FSL,False
4232,1424,SIM Card,2024-01-30,Collected,Mysuru FSL,False
4233,1424,USB Drive,2024-01-30,Collected,Mangaluru FSL,False
4234,1424,Firearm,2024-01-30,Sent to FSL,Mysuru FSL,False
4235,1424,Laptop,2024-01-30,Sent to FSL,Mangaluru FSL,True
4236,1425,Knife,2024-09-10,Verified,Mysuru FSL,False
4237,1425,Blood Sample,2024-09-10,Verified,Mangaluru FSL,False
4238,1425,USB Drive,2024-09-10,Sent to FSL,Bengaluru FSL,True
4239,1425,Fingerprint,2024-09-10,Rejected,Mysuru FSL,False
4240,1426,DNA Sample,2024-06-05,Collected,Mangaluru FSL,False
4241,1427,SIM Card,2022-06-21,Sent to FSL,Mysuru FSL,True
4242,1428,Blood Sample,2023-09-15,Sent to FSL,Mysuru FSL,True
4243,1428,CCTV Footage,2023-09-15,Verified,Mangaluru FSL,False
4244,1428,Firearm,2023-09-15,Collected,Mangaluru FSL,True
4245,1428,Clothing,2023-09-15,Rejected,Bengaluru FSL,True
4246,1428,DNA Sample,2023-09-15,Rejected,Bengaluru FSL,False
4247,1429,CCTV Footage,2025-03-31,Pending Analysis,Mysuru FSL,True
4248,1429,Hard Disk,2025-03-31,Rejected,Mysuru FSL,True
4249,1429,Drug Sample,2025-03-31,Pending Analysis,Bengaluru FSL,True
4250,1429,Clothing,2025-03-31,Verified,Mysuru FSL,False
4251,1430,Knife,2022-03-10,Sent to FSL,Bengaluru FSL,False
4252,1431,SIM Card,2025-10-20,Pending Analysis,Bengaluru FSL,True
4253,1431,Clothing,2025-10-20,Pending Analysis,Mysuru FSL,True
4254,1431,Laptop,2025-10-20,Rejected,Mangaluru FSL,False
4255,1432,Document,2025-06-10,Rejected,Mysuru FSL,True
4256,1433,Vehicle,2024-11-30,Pending Analysis,Mangaluru FSL,False
4257,1433,Laptop,2024-11-30,Pending Analysis,Mysuru FSL,True
4258,1433,Fingerprint,2024-11-30,Collected,Mysuru FSL,True
4259,1433,USB Drive,2024-11-30,Sent to FSL,Mangaluru FSL,True
4260,1433,Mobile Phone,2024-11-30,Collected,Mangaluru FSL,True
4261,1434,SIM Card,2026-12-28,Rejected,Mangaluru FSL,True
4262,1434,Hard Disk,2026-12-28,Sent to FSL,Mysuru FSL,True
4263,1434,Document,2026-12-28,Verified,Bengaluru FSL,False
4264,1434,Vehicle,2026-12-28,Pending Analysis,Bengaluru FSL,True
4265,1434,Knife,2026-12-28,Rejected,Mangaluru FSL,True
4266,1435,DNA Sample,2022-06-22,Sent to FSL,Mysuru FSL,False
4267,1435,Clothing,2022-06-22,Pending Analysis,Bengaluru FSL,False
4268,1435,Firearm,2022-06-22,Sent to FSL,Mangaluru FSL,False
4269,1435,Mobile Phone,2022-06-22,Verified,Bengaluru FSL,True
4270,1435,Knife,2022-06-22,Collected,Bengaluru FSL,False
4271,1436,Knife,2026-04-05,Collected,Mangaluru FSL,False
4272,1436,Firearm,2026-04-05,Sent to FSL,Bengaluru FSL,True
4273,1436,Mobile Phone,2026-04-05,Rejected,Mangaluru FSL,False
4274,1436,Fingerprint,2026-04-05,Sent to FSL,Mysuru FSL,False
4275,1437,Mobile Phone,2024-04-03,Sent to FSL,Bengaluru FSL,False
4276,1437,Drug Sample,2024-04-03,Verified,Mangaluru FSL,True
4277,1437,Vehicle,2024-04-03,Pending Analysis,Bengaluru FSL,True
4278,1438,Vehicle,2023-03-10,Sent to FSL,Mysuru FSL,True
4279,1438,USB Drive,2023-03-10,Verified,Mangaluru FSL,False
4280,1438,Drug Sample,2023-03-10,Pending Analysis,Mysuru FSL,False
4281,1439,DNA Sample,2025-02-16,Sent to FSL,Mysuru FSL,True
4282,1440,Mobile Phone,2022-08-03,Collected,Mysuru FSL,True
4283,1440,Document,2022-08-03,Verified,Mysuru FSL,False
4284,1440,SIM Card,2022-08-03,Sent to FSL,Bengaluru FSL,True
4285,1440,Firearm,2022-08-03,Pending Analysis,Mysuru FSL,False
4286,1441,Laptop,2026-03-31,Rejected,Bengaluru FSL,False
4287,1442,Blood Sample,2023-01-08,Rejected,Bengaluru FSL,True
4288,1442,Document,2023-01-08,Collected,Bengaluru FSL,False
4289,1442,Knife,2023-01-08,Collected,Mysuru FSL,True
4290,1443,Firearm,2026-07-13,Verified,Mysuru FSL,True
4291,1443,Fingerprint,2026-07-13,Rejected,Mysuru FSL,True
4292,1443,Hard Disk,2026-07-13,Pending Analysis,Mysuru FSL,True
4293,1443,Drug Sample,2026-07-13,Rejected,Mysuru FSL,False
4294,1443,Vehicle,2026-07-13,Verified,Mysuru FSL,False
4295,1444,Clothing,2023-02-06,Collected,Bengaluru FSL,False
4296,1444,USB Drive,2023-02-06,Rejected,Mangaluru FSL,True
4297,1444,Knife,2023-02-06,Rejected,Bengaluru FSL,True
4298,1444,Laptop,2023-02-06,Verified,Bengaluru FSL,True
4299,1445,Mobile Phone,2023-08-24,Collected,Mangaluru FSL,False
4300,1445,Vehicle,2023-08-24,Collected,Bengaluru FSL,False
4301,1445,DNA Sample,2023-08-24,Collected,Bengaluru FSL,False
4302,1445,Document,2023-08-24,Verified,Bengaluru FSL,False
4303,1446,Blood Sample,2023-08-03,Collected,Bengaluru FSL,True
4304,1446,Clothing,2023-08-03,Rejected,Mysuru FSL,True
4305,1446,Mobile Phone,2023-08-03,Verified,Mysuru FSL,True
4306,1447,Hard Disk,2023-10-10,Rejected,Mangaluru FSL,True
4307,1447,Vehicle,2023-10-10,Collected,Mysuru FSL,True
4308,1447,Knife,2023-10-10,Collected,Mangaluru FSL,False
4309,1447,Fingerprint,2023-10-10,Collected,Bengaluru FSL,False
4310,1448,Laptop,2025-12-15,Collected,Bengaluru FSL,False
4311,1448,Blood Sample,2025-12-15,Collected,Mangaluru FSL,False
4312,1448,Knife,2025-12-15,Rejected,Bengaluru FSL,True
4313,1449,Vehicle,2024-06-14,Rejected,Mysuru FSL,True
4314,1449,DNA Sample,2024-06-14,Collected,Mysuru FSL,True
4315,1449,CCTV Footage,2024-06-14,Rejected,Mangaluru FSL,True
4316,1449,Mobile Phone,2024-06-14,Sent to FSL,Bengaluru FSL,False
4317,1450,Blood Sample,2024-02-26,Rejected,Mysuru FSL,False
4318,1450,Firearm,2024-02-26,Rejected,Bengaluru FSL,True
4319,1450,USB Drive,2024-02-26,Collected,Bengaluru FSL,True
4320,1450,Drug Sample,2024-02-26,Pending Analysis,Mangaluru FSL,True
4321,1450,CCTV Footage,2024-02-26,Collected,Mangaluru FSL,False
4322,1451,Mobile Phone,2026-07-30,Pending Analysis,Mangaluru FSL,False
4323,1451,Laptop,2026-07-30,Verified,Mangaluru FSL,True
4324,1451,Blood Sample,2026-07-30,Verified,Mangaluru FSL,False
4325,1451,Drug Sample,2026-07-30,Verified,Bengaluru FSL,True
4326,1452,Fingerprint,2023-06-12,Verified,Bengaluru FSL,False
4327,1453,Knife,2026-12-06,Collected,Mangaluru FSL,True
4328,1453,USB Drive,2026-12-06,Verified,Mysuru FSL,False
4329,1453,Vehicle,2026-12-06,Rejected,Mangaluru FSL,True
4330,1454,Blood Sample,2025-11-26,Sent to FSL,Bengaluru FSL,True
4331,1454,CCTV Footage,2025-11-26,Verified,Bengaluru FSL,False
4332,1455,Knife,2022-10-05,Collected,Mangaluru FSL,True
4333,1455,Clothing,2022-10-05,Verified,Mysuru FSL,True
4334,1455,Firearm,2022-10-05,Sent to FSL,Mangaluru FSL,True
4335,1455,DNA Sample,2022-10-05,Sent to FSL,Mysuru FSL,True
4336,1456,Clothing,2026-10-13,Rejected,Bengaluru FSL,True
4337,1457,Laptop,2022-05-10,Pending Analysis,Bengaluru FSL,False
4338,1457,Firearm,2022-05-10,Collected,Mysuru FSL,False
4339,1457,SIM Card,2022-05-10,Pending Analysis,Mangaluru FSL,False
4340,1458,Hard Disk,2023-01-31,Rejected,Bengaluru FSL,True
4341,1458,Document,2023-01-31,Pending Analysis,Mysuru FSL,False
4342,1459,USB Drive,2026-12-10,Collected,Mangaluru FSL,True
4343,1460,Hard Disk,2025-01-31,Verified,Mangaluru FSL,False
4344,1461,Blood Sample,2026-09-01,Sent to FSL,Mysuru FSL,False
4345,1461,Vehicle,2026-09-01,Sent to FSL,Mangaluru FSL,False
4346,1462,Clothing,2025-10-03,Collected,Bengaluru FSL,True
4347,1463,Laptop,2026-09-12,Rejected,Mangaluru FSL,False
4348,1463,Drug Sample,2026-09-12,Rejected,Mangaluru FSL,True
4349,1463,Fingerprint,2026-09-12,Collected,Mysuru FSL,False
4350,1464,Fingerprint,2022-05-26,Collected,Mysuru FSL,True
4351,1464,DNA Sample,2022-05-26,Verified,Mangaluru FSL,True
4352,1464,Blood Sample,2022-05-26,Pending Analysis,Mangaluru FSL,True
4353,1465,SIM Card,2022-11-10,Rejected,Bengaluru FSL,True
4354,1465,Document,2022-11-10,Pending Analysis,Mangaluru FSL,True
4355,1465,Laptop,2022-11-10,Verified,Mysuru FSL,False
4356,1466,Blood Sample,2024-06-29,Sent to FSL,Bengaluru FSL,False
4357,1466,Clothing,2024-06-29,Rejected,Mysuru FSL,True
4358,1466,Fingerprint,2024-06-29,Collected,Mangaluru FSL,True
4359,1467,Fingerprint,2023-07-13,Rejected,Bengaluru FSL,True
4360,1467,CCTV Footage,2023-07-13,Sent to FSL,Mangaluru FSL,False
4361,1467,SIM Card,2023-07-13,Sent to FSL,Mangaluru FSL,False
4362,1467,Blood Sample,2023-07-13,Sent to FSL,Mysuru FSL,True
4363,1467,Knife,2023-07-13,Sent to FSL,Mysuru FSL,True
4364,1468,Document,2022-09-07,Collected,Mangaluru FSL,False
4365,1468,Knife,2022-09-07,Pending Analysis,Bengaluru FSL,True
4366,1469,Document,2025-11-25,Pending Analysis,Bengaluru FSL,False
4367,1469,Mobile Phone,2025-11-25,Collected,Mangaluru FSL,True
4368,1469,Fingerprint,2025-11-25,Verified,Mysuru FSL,True
4369,1469,Firearm,2025-11-25,Sent to FSL,Mysuru FSL,True
4370,1470,Vehicle,2022-10-17,Verified,Mysuru FSL,True
4371,1470,Hard Disk,2022-10-17,Verified,Bengaluru FSL,True
4372,1470,CCTV Footage,2022-10-17,Rejected,Mangaluru FSL,True
4373,1470,USB Drive,2022-10-17,Verified,Mangaluru FSL,False
4374,1470,SIM Card,2022-10-17,Sent to FSL,Mysuru FSL,False
4375,1471,Knife,2026-03-02,Collected,Mangaluru FSL,True
4376,1471,Laptop,2026-03-02,Sent to FSL,Bengaluru FSL,False
4377,1472,Fingerprint,2022-08-10,Sent to FSL,Mangaluru FSL,True
4378,1472,Hard Disk,2022-08-10,Sent to FSL,Mangaluru FSL,False
4379,1472,Document,2022-08-10,Pending Analysis,Mysuru FSL,False
4380,1473,DNA Sample,2026-09-23,Pending Analysis,Mysuru FSL,False
4381,1473,Laptop,2026-09-23,Verified,Mysuru FSL,False
4382,1473,Firearm,2026-09-23,Sent to FSL,Mysuru FSL,True
4383,1473,Vehicle,2026-09-23,Verified,Mangaluru FSL,True
4384,1473,SIM Card,2026-09-23,Rejected,Mysuru FSL,False
4385,1474,Clothing,2022-10-11,Collected,Mangaluru FSL,True
4386,1474,DNA Sample,2022-10-11,Sent to FSL,Mysuru FSL,False
4387,1474,Drug Sample,2022-10-11,Sent to FSL,Bengaluru FSL,False
4388,1475,CCTV Footage,2024-10-22,Pending Analysis,Mysuru FSL,False
4389,1476,CCTV Footage,2026-07-09,Pending Analysis,Bengaluru FSL,False
4390,1477,Firearm,2026-02-04,Pending Analysis,Mangaluru FSL,True
4391,1478,Blood Sample,2023-06-09,Verified,Bengaluru FSL,False
4392,1478,Firearm,2023-06-09,Sent to FSL,Bengaluru FSL,False
4393,1478,Fingerprint,2023-06-09,Sent to FSL,Bengaluru FSL,False
4394,1478,SIM Card,2023-06-09,Collected,Mysuru FSL,False
4395,1479,Blood Sample,2023-03-12,Verified,Mangaluru FSL,False
4396,1479,Drug Sample,2023-03-12,Rejected,Mangaluru FSL,False
4397,1479,Mobile Phone,2023-03-12,Rejected,Mysuru FSL,True
4398,1479,DNA Sample,2023-03-12,Sent to FSL,Mangaluru FSL,False
4399,1479,Knife,2023-03-12,Verified,Bengaluru FSL,True
4400,1480,CCTV Footage,2025-03-29,Verified,Mysuru FSL,True
4401,1480,Mobile Phone,2025-03-29,Pending Analysis,Bengaluru FSL,True
4402,1480,Knife,2025-03-29,Verified,Mysuru FSL,False
4403,1480,Hard Disk,2025-03-29,Verified,Mysuru FSL,False
4404,1480,Vehicle,2025-03-29,Sent to FSL,Mysuru FSL,True
4405,1481,DNA Sample,2024-07-29,Sent to FSL,Mangaluru FSL,True
4406,1482,Laptop,2026-10-14,Rejected,Mysuru FSL,False
4407,1482,Blood Sample,2026-10-14,Verified,Mangaluru FSL,True
4408,1482,SIM Card,2026-10-14,Rejected,Mangaluru FSL,False
4409,1482,DNA Sample,2026-10-14,Verified,Mangaluru FSL,True
4410,1482,Vehicle,2026-10-14,Sent to FSL,Bengaluru FSL,True
4411,1483,Clothing,2022-09-16,Verified,Mangaluru FSL,True
4412,1483,Document,2022-09-16,Rejected,Bengaluru FSL,False
4413,1483,Vehicle,2022-09-16,Verified,Mangaluru FSL,False
4414,1484,Laptop,2024-09-01,Collected,Bengaluru FSL,True
4415,1484,Blood Sample,2024-09-01,Sent to FSL,Bengaluru FSL,True
4416,1484,DNA Sample,2024-09-01,Verified,Mangaluru FSL,False
4417,1484,Mobile Phone,2024-09-01,Rejected,Mysuru FSL,True
4418,1484,Clothing,2024-09-01,Sent to FSL,Mangaluru FSL,False
4419,1485,Blood Sample,2023-02-24,Sent to FSL,Bengaluru FSL,True
4420,1486,Vehicle,2025-02-01,Sent to FSL,Mangaluru FSL,True
4421,1486,Laptop,2025-02-01,Pending Analysis,Mangaluru FSL,True
4422,1486,Fingerprint,2025-02-01,Sent to FSL,Bengaluru FSL,True
4423,1487,Drug Sample,2026-08-17,Collected,Bengaluru FSL,True
4424,1487,CCTV Footage,2026-08-17,Sent to FSL,Mysuru FSL,True
4425,1488,Knife,2024-01-19,Collected,Mangaluru FSL,True
4426,1488,Drug Sample,2024-01-19,Rejected,Mysuru FSL,False
4427,1488,Vehicle,2024-01-19,Pending Analysis,Mysuru FSL,False
4428,1488,Fingerprint,2024-01-19,Verified,Mysuru FSL,False
4429,1489,Document,2025-03-10,Pending Analysis,Mysuru FSL,False
4430,1489,Hard Disk,2025-03-10,Verified,Mangaluru FSL,True
4431,1489,Fingerprint,2025-03-10,Pending Analysis,Bengaluru FSL,False
4432,1489,CCTV Footage,2025-03-10,Pending Analysis,Bengaluru FSL,False
4433,1489,Knife,2025-03-10,Rejected,Mysuru FSL,False
4434,1490,Document,2024-01-17,Rejected,Mysuru FSL,True
4435,1490,USB Drive,2024-01-17,Collected,Mangaluru FSL,True
4436,1490,CCTV Footage,2024-01-17,Sent to FSL,Bengaluru FSL,False
4437,1491,DNA Sample,2024-10-13,Pending Analysis,Mangaluru FSL,False
4438,1492,SIM Card,2026-04-20,Sent to FSL,Mangaluru FSL,True
4439,1492,Drug Sample,2026-04-20,Verified,Mangaluru FSL,False
4440,1493,Document,2022-01-06,Pending Analysis,Bengaluru FSL,False
4441,1493,Drug Sample,2022-01-06,Pending Analysis,Mangaluru FSL,True
4442,1494,Document,2026-01-19,Pending Analysis,Mysuru FSL,False
4443,1495,Laptop,2024-01-30,Verified,Mangaluru FSL,False
4444,1495,Vehicle,2024-01-30,Pending Analysis,Mysuru FSL,False
4445,1496,USB Drive,2023-09-21,Pending Analysis,Mangaluru FSL,True
4446,1496,Drug Sample,2023-09-21,Rejected,Mangaluru FSL,False
4447,1497,Mobile Phone,2024-09-29,Collected,Mangaluru FSL,True
4448,1497,Clothing,2024-09-29,Rejected,Mangaluru FSL,False
4449,1498,Hard Disk,2025-01-04,Rejected,Mysuru FSL,False
4450,1498,Document,2025-01-04,Collected,Mangaluru FSL,False
4451,1499,Drug Sample,2022-04-17,Collected,Bengaluru FSL,True
4452,1499,Firearm,2022-04-17,Sent to FSL,Mysuru FSL,False
4453,1499,Document,2022-04-17,Rejected,Mangaluru FSL,True
4454,1499,Vehicle,2022-04-17,Pending Analysis,Mangaluru FSL,True
4455,1499,Clothing,2022-04-17,Collected,Mysuru FSL,False
4456,1500,Laptop,2025-12-22,Verified,Mysuru FSL,False
4457,1500,Firearm,2025-12-22,Pending Analysis,Mysuru FSL,False
4458,1500,Hard Disk,2025-12-22,Collected,Bengaluru FSL,True
4459,1501,USB Drive,2024-01-12,Rejected,Mysuru FSL,True
4460,1501,Knife,2024-01-12,Sent to FSL,Mysuru FSL,True
4461,1502,Fingerprint,2024-03-30,Pending Analysis,Bengaluru FSL,False
4462,1503,Blood Sample,2023-01-07,Rejected,Mangaluru FSL,True
4463,1503,Hard Disk,2023-01-07,Collected,Mangaluru FSL,False
4464,1503,Firearm,2023-01-07,Collected,Bengaluru FSL,True
4465,1503,Drug Sample,2023-01-07,Verified,Bengaluru FSL,False
4466,1504,Mobile Phone,2023-07-06,Sent to FSL,Bengaluru FSL,True
4467,1504,Blood Sample,2023-07-06,Sent to FSL,Bengaluru FSL,False
4468,1505,CCTV Footage,2026-12-18,Sent to FSL,Mangaluru FSL,False
4469,1505,Knife,2026-12-18,Collected,Bengaluru FSL,False
4470,1505,Document,2026-12-18,Pending Analysis,Mangaluru FSL,False
4471,1506,Vehicle,2023-03-02,Collected,Mysuru FSL,False
4472,1506,Clothing,2023-03-02,Sent to FSL,Mangaluru FSL,False
4473,1506,Mobile Phone,2023-03-02,Verified,Bengaluru FSL,False
4474,1507,Clothing,2023-08-15,Rejected,Mysuru FSL,True
4475,1507,Drug Sample,2023-08-15,Rejected,Mysuru FSL,False
4476,1507,DNA Sample,2023-08-15,Collected,Mangaluru FSL,True
4477,1507,Laptop,2023-08-15,Collected,Mysuru FSL,False
4478,1508,CCTV Footage,2025-09-24,Sent to FSL,Mysuru FSL,False
4479,1508,Laptop,2025-09-24,Collected,Mysuru FSL,False
4480,1508,Knife,2025-09-24,Sent to FSL,Mangaluru FSL,False
4481,1508,DNA Sample,2025-09-24,Verified,Mysuru FSL,True
4482,1508,SIM Card,2025-09-24,Sent to FSL,Mangaluru FSL,True
4483,1509,DNA Sample,2024-03-28,Verified,Mysuru FSL,False
4484,1509,Firearm,2024-03-28,Rejected,Mysuru FSL,False
4485,1509,Drug Sample,2024-03-28,Pending Analysis,Mangaluru FSL,False
4486,1509,Fingerprint,2024-03-28,Rejected,Mysuru FSL,True
4487,1510,Clothing,2025-09-27,Sent to FSL,Bengaluru FSL,True
4488,1510,SIM Card,2025-09-27,Rejected,Mangaluru FSL,False
4489,1511,CCTV Footage,2022-04-23,Collected,Mysuru FSL,False
4490,1511,Document,2022-04-23,Sent to FSL,Bengaluru FSL,True
4491,1511,SIM Card,2022-04-23,Verified,Bengaluru FSL,False
4492,1511,Laptop,2022-04-23,Collected,Bengaluru FSL,True
4493,1512,Blood Sample,2022-10-13,Rejected,Bengaluru FSL,False
4494,1512,Vehicle,2022-10-13,Pending Analysis,Bengaluru FSL,True
4495,1512,Drug Sample,2022-10-13,Pending Analysis,Bengaluru FSL,False
4496,1512,Document,2022-10-13,Verified,Bengaluru FSL,True
4497,1512,USB Drive,2022-10-13,Rejected,Mangaluru FSL,True
4498,1513,Blood Sample,2024-07-30,Verified,Mangaluru FSL,False
4499,1513,USB Drive,2024-07-30,Sent to FSL,Bengaluru FSL,False
4500,1513,Knife,2024-07-30,Sent to FSL,Bengaluru FSL,True
4501,1513,SIM Card,2024-07-30,Pending Analysis,Mysuru FSL,True
4502,1513,Vehicle,2024-07-30,Pending Analysis,Mysuru FSL,False
4503,1514,DNA Sample,2026-07-28,Sent to FSL,Mysuru FSL,True
4504,1514,Mobile Phone,2026-07-28,Rejected,Bengaluru FSL,False
4505,1515,USB Drive,2023-04-01,Rejected,Mangaluru FSL,False
4506,1515,Mobile Phone,2023-04-01,Collected,Mangaluru FSL,True
4507,1515,Firearm,2023-04-01,Collected,Mysuru FSL,True
4508,1516,USB Drive,2024-12-05,Collected,Mangaluru FSL,True
4509,1516,Knife,2024-12-05,Rejected,Mysuru FSL,False
4510,1516,Fingerprint,2024-12-05,Rejected,Mysuru FSL,True
4511,1516,SIM Card,2024-12-05,Verified,Mysuru FSL,False
4512,1516,Clothing,2024-12-05,Sent to FSL,Mangaluru FSL,False
4513,1517,Fingerprint,2025-08-31,Collected,Mangaluru FSL,True
4514,1518,Firearm,2025-10-06,Collected,Mysuru FSL,True
4515,1519,Blood Sample,2022-03-21,Verified,Mysuru FSL,True
4516,1520,Fingerprint,2025-05-20,Collected,Bengaluru FSL,True
4517,1521,Blood Sample,2022-03-24,Rejected,Mysuru FSL,False
4518,1522,Vehicle,2025-01-15,Sent to FSL,Mysuru FSL,True
4519,1522,Knife,2025-01-15,Pending Analysis,Mysuru FSL,True
4520,1522,Document,2025-01-15,Verified,Mangaluru FSL,False
4521,1523,Vehicle,2025-02-21,Collected,Bengaluru FSL,False
4522,1524,USB Drive,2026-04-02,Rejected,Mangaluru FSL,True
4523,1525,Mobile Phone,2026-06-30,Verified,Bengaluru FSL,False
4524,1525,Vehicle,2026-06-30,Rejected,Mangaluru FSL,True
4525,1525,Hard Disk,2026-06-30,Rejected,Mysuru FSL,True
4526,1525,CCTV Footage,2026-06-30,Sent to FSL,Mangaluru FSL,False
4527,1526,Hard Disk,2025-06-15,Sent to FSL,Mangaluru FSL,True
4528,1526,Laptop,2025-06-15,Pending Analysis,Mysuru FSL,True
4529,1526,Vehicle,2025-06-15,Collected,Mysuru FSL,False
4530,1526,Blood Sample,2025-06-15,Verified,Mysuru FSL,False
4531,1527,Hard Disk,2025-01-27,Collected,Mysuru FSL,False
4532,1527,Knife,2025-01-27,Pending Analysis,Mangaluru FSL,False
4533,1527,SIM Card,2025-01-27,Pending Analysis,Mangaluru FSL,True
4534,1527,Mobile Phone,2025-01-27,Sent to FSL,Bengaluru FSL,True
4535,1528,Fingerprint,2022-06-07,Sent to FSL,Mangaluru FSL,False
4536,1528,SIM Card,2022-06-07,Rejected,Mangaluru FSL,False
4537,1529,DNA Sample,2025-10-04,Pending Analysis,Bengaluru FSL,False
4538,1529,CCTV Footage,2025-10-04,Rejected,Bengaluru FSL,False
4539,1529,Vehicle,2025-10-04,Rejected,Mysuru FSL,False
4540,1530,Document,2024-02-21,Collected,Bengaluru FSL,False
4541,1530,Hard Disk,2024-02-21,Verified,Mysuru FSL,False
4542,1531,SIM Card,2024-04-23,Sent to FSL,Mangaluru FSL,False
4543,1531,USB Drive,2024-04-23,Collected,Mangaluru FSL,False
4544,1531,Mobile Phone,2024-04-23,Rejected,Bengaluru FSL,True
4545,1531,DNA Sample,2024-04-23,Rejected,Mangaluru FSL,True
4546,1532,Knife,2026-11-17,Pending Analysis,Bengaluru FSL,False
4547,1532,DNA Sample,2026-11-17,Pending Analysis,Mysuru FSL,True
4548,1533,Knife,2026-04-07,Pending Analysis,Bengaluru FSL,False
4549,1533,Mobile Phone,2026-04-07,Verified,Mangaluru FSL,True
4550,1534,DNA Sample,2025-04-05,Pending Analysis,Mangaluru FSL,True
4551,1534,Fingerprint,2025-04-05,Pending Analysis,Bengaluru FSL,True
4552,1534,Document,2025-04-05,Rejected,Mangaluru FSL,False
4553,1534,Firearm,2025-04-05,Rejected,Bengaluru FSL,False
4554,1534,Clothing,2025-04-05,Verified,Mangaluru FSL,True
4555,1535,Vehicle,2026-06-05,Rejected,Bengaluru FSL,False
4556,1535,Knife,2026-06-05,Verified,Mangaluru FSL,True
4557,1535,Fingerprint,2026-06-05,Sent to FSL,Bengaluru FSL,True
4558,1535,SIM Card,2026-06-05,Collected,Bengaluru FSL,True
4559,1535,Blood Sample,2026-06-05,Verified,Mysuru FSL,False
4560,1536,Laptop,2026-09-17,Collected,Bengaluru FSL,True
4561,1536,SIM Card,2026-09-17,Collected,Mysuru FSL,True
4562,1536,USB Drive,2026-09-17,Sent to FSL,Bengaluru FSL,True
4563,1536,Drug Sample,2026-09-17,Rejected,Bengaluru FSL,False
4564,1536,Blood Sample,2026-09-17,Sent to FSL,Mangaluru FSL,False
4565,1537,Hard Disk,2026-06-26,Collected,Mangaluru FSL,False
4566,1537,Drug Sample,2026-06-26,Pending Analysis,Bengaluru FSL,True
4567,1537,Mobile Phone,2026-06-26,Rejected,Mysuru FSL,False
4568,1537,Blood Sample,2026-06-26,Sent to FSL,Bengaluru FSL,False
4569,1537,Fingerprint,2026-06-26,Pending Analysis,Mangaluru FSL,True
4570,1538,Knife,2022-06-02,Pending Analysis,Mangaluru FSL,False
4571,1538,Blood Sample,2022-06-02,Sent to FSL,Mysuru FSL,False
4572,1538,Laptop,2022-06-02,Rejected,Mysuru FSL,True
4573,1538,Mobile Phone,2022-06-02,Sent to FSL,Mangaluru FSL,False
4574,1539,Document,2023-12-15,Collected,Mangaluru FSL,True
4575,1539,Mobile Phone,2023-12-15,Pending Analysis,Bengaluru FSL,True
4576,1540,Knife,2022-03-29,Collected,Bengaluru FSL,True
4577,1540,Blood Sample,2022-03-29,Verified,Bengaluru FSL,True
4578,1540,SIM Card,2022-03-29,Sent to FSL,Mysuru FSL,True
4579,1540,Laptop,2022-03-29,Pending Analysis,Mangaluru FSL,True
4580,1541,Drug Sample,2024-12-27,Rejected,Mangaluru FSL,False
4581,1541,Document,2024-12-27,Verified,Mysuru FSL,False
4582,1542,DNA Sample,2023-06-10,Sent to FSL,Mysuru FSL,True
4583,1542,USB Drive,2023-06-10,Pending Analysis,Mangaluru FSL,True
4584,1543,CCTV Footage,2025-10-13,Verified,Bengaluru FSL,True
4585,1544,SIM Card,2022-01-04,Verified,Bengaluru FSL,True
4586,1545,Clothing,2025-07-31,Sent to FSL,Mangaluru FSL,False
4587,1545,Firearm,2025-07-31,Verified,Bengaluru FSL,False
4588,1545,Drug Sample,2025-07-31,Rejected,Bengaluru FSL,False
4589,1545,Knife,2025-07-31,Collected,Mysuru FSL,False
4590,1545,Vehicle,2025-07-31,Sent to FSL,Bengaluru FSL,True
4591,1546,Mobile Phone,2026-09-10,Collected,Mangaluru FSL,False
4592,1547,Laptop,2022-05-30,Sent to FSL,Mangaluru FSL,False
4593,1547,Blood Sample,2022-05-30,Rejected,Bengaluru FSL,False
4594,1547,Vehicle,2022-05-30,Sent to FSL,Mysuru FSL,False
4595,1547,Hard Disk,2022-05-30,Verified,Bengaluru FSL,False
4596,1547,SIM Card,2022-05-30,Pending Analysis,Mangaluru FSL,False
4597,1548,Clothing,2022-05-04,Rejected,Mangaluru FSL,False
4598,1548,Knife,2022-05-04,Sent to FSL,Bengaluru FSL,False
4599,1548,CCTV Footage,2022-05-04,Collected,Bengaluru FSL,False
4600,1548,Hard Disk,2022-05-04,Sent to FSL,Mangaluru FSL,True
4601,1549,DNA Sample,2022-07-28,Rejected,Mangaluru FSL,True
4602,1549,Firearm,2022-07-28,Verified,Bengaluru FSL,True
4603,1549,Drug Sample,2022-07-28,Collected,Mangaluru FSL,False
4604,1549,Knife,2022-07-28,Pending Analysis,Mangaluru FSL,True
4605,1550,Mobile Phone,2025-09-28,Verified,Bengaluru FSL,False
4606,1550,Clothing,2025-09-28,Collected,Bengaluru FSL,False
4607,1551,Hard Disk,2022-12-29,Sent to FSL,Mysuru FSL,False
4608,1552,Hard Disk,2024-06-19,Sent to FSL,Bengaluru FSL,True
4609,1553,Firearm,2022-11-30,Pending Analysis,Mangaluru FSL,True
4610,1554,Drug Sample,2022-11-05,Collected,Bengaluru FSL,False
4611,1554,USB Drive,2022-11-05,Collected,Mangaluru FSL,True
4612,1554,Firearm,2022-11-05,Rejected,Mangaluru FSL,True
4613,1555,Laptop,2023-11-01,Rejected,Mangaluru FSL,False
4614,1555,Hard Disk,2023-11-01,Verified,Mangaluru FSL,True
4615,1555,Firearm,2023-11-01,Collected,Mangaluru FSL,False
4616,1555,Knife,2023-11-01,Verified,Mysuru FSL,True
4617,1555,Clothing,2023-11-01,Collected,Bengaluru FSL,False
4618,1556,Blood Sample,2026-11-21,Collected,Bengaluru FSL,False
4619,1556,USB Drive,2026-11-21,Sent to FSL,Mangaluru FSL,True
4620,1556,Drug Sample,2026-11-21,Collected,Mangaluru FSL,True
4621,1556,Vehicle,2026-11-21,Pending Analysis,Bengaluru FSL,True
4622,1557,Fingerprint,2022-01-18,Rejected,Mysuru FSL,True
4623,1557,Drug Sample,2022-01-18,Rejected,Mangaluru FSL,True
4624,1558,Knife,2025-07-02,Sent to FSL,Bengaluru FSL,True
4625,1558,Drug Sample,2025-07-02,Verified,Bengaluru FSL,True
4626,1558,Hard Disk,2025-07-02,Verified,Bengaluru FSL,True
4627,1558,Blood Sample,2025-07-02,Sent to FSL,Mysuru FSL,False
4628,1559,SIM Card,2023-05-19,Rejected,Mysuru FSL,False
4629,1560,Knife,2023-03-12,Rejected,Mangaluru FSL,True
4630,1560,Hard Disk,2023-03-12,Collected,Mysuru FSL,True
4631,1560,Vehicle,2023-03-12,Pending Analysis,Mysuru FSL,False
4632,1561,Document,2024-09-08,Rejected,Bengaluru FSL,False
4633,1561,Drug Sample,2024-09-08,Verified,Mangaluru FSL,True
4634,1562,Hard Disk,2025-07-22,Rejected,Mangaluru FSL,False
4635,1562,Fingerprint,2025-07-22,Rejected,Bengaluru FSL,False
4636,1562,Firearm,2025-07-22,Sent to FSL,Bengaluru FSL,True
4637,1563,SIM Card,2026-07-03,Verified,Mysuru FSL,False
4638,1563,DNA Sample,2026-07-03,Collected,Mysuru FSL,True
4639,1563,Fingerprint,2026-07-03,Sent to FSL,Mysuru FSL,True
4640,1563,USB Drive,2026-07-03,Pending Analysis,Mysuru FSL,False
4641,1564,Document,2026-05-23,Rejected,Bengaluru FSL,True
4642,1565,Blood Sample,2025-06-15,Rejected,Mangaluru FSL,True
4643,1565,Fingerprint,2025-06-15,Sent to FSL,Mangaluru FSL,False
4644,1565,DNA Sample,2025-06-15,Pending Analysis,Bengaluru FSL,False
4645,1566,CCTV Footage,2023-05-28,Rejected,Mangaluru FSL,True
4646,1566,USB Drive,2023-05-28,Pending Analysis,Bengaluru FSL,False
4647,1566,Mobile Phone,2023-05-28,Pending Analysis,Mysuru FSL,True
4648,1566,Drug Sample,2023-05-28,Collected,Bengaluru FSL,False
4649,1566,DNA Sample,2023-05-28,Pending Analysis,Mangaluru FSL,True
4650,1567,CCTV Footage,2022-03-22,Verified,Mangaluru FSL,False
4651,1567,Clothing,2022-03-22,Rejected,Bengaluru FSL,False
4652,1567,DNA Sample,2022-03-22,Verified,Mangaluru FSL,True
4653,1568,SIM Card,2025-04-08,Pending Analysis,Mangaluru FSL,True
4654,1569,Document,2025-03-16,Rejected,Bengaluru FSL,False
4655,1570,DNA Sample,2023-12-02,Verified,Mysuru FSL,True
4656,1570,Mobile Phone,2023-12-02,Verified,Mangaluru FSL,True
4657,1570,Knife,2023-12-02,Pending Analysis,Mysuru FSL,False
4658,1571,DNA Sample,2025-01-23,Sent to FSL,Bengaluru FSL,True
4659,1571,Clothing,2025-01-23,Sent to FSL,Bengaluru FSL,True
4660,1571,Firearm,2025-01-23,Sent to FSL,Mangaluru FSL,False
4661,1571,Drug Sample,2025-01-23,Rejected,Bengaluru FSL,False
4662,1571,Laptop,2025-01-23,Collected,Mangaluru FSL,True
4663,1572,Hard Disk,2022-12-05,Collected,Bengaluru FSL,True
4664,1572,SIM Card,2022-12-05,Pending Analysis,Bengaluru FSL,True
4665,1572,Clothing,2022-12-05,Verified,Bengaluru FSL,False
4666,1572,DNA Sample,2022-12-05,Pending Analysis,Mysuru FSL,False
4667,1573,Hard Disk,2025-12-27,Pending Analysis,Mysuru FSL,True
4668,1573,Fingerprint,2025-12-27,Pending Analysis,Bengaluru FSL,False
4669,1573,USB Drive,2025-12-27,Pending Analysis,Mysuru FSL,True
4670,1573,Document,2025-12-27,Sent to FSL,Mysuru FSL,True
4671,1573,Blood Sample,2025-12-27,Rejected,Mysuru FSL,False
4672,1574,Hard Disk,2025-01-05,Verified,Mangaluru FSL,True
4673,1574,Document,2025-01-05,Pending Analysis,Mysuru FSL,True
4674,1575,DNA Sample,2026-06-04,Rejected,Mysuru FSL,True
4675,1576,DNA Sample,2022-08-04,Sent to FSL,Mangaluru FSL,False
4676,1577,Laptop,2026-03-06,Pending Analysis,Bengaluru FSL,False
4677,1577,USB Drive,2026-03-06,Collected,Mysuru FSL,True
4678,1577,Blood Sample,2026-03-06,Verified,Bengaluru FSL,False
4679,1577,Hard Disk,2026-03-06,Pending Analysis,Mangaluru FSL,False
4680,1577,Fingerprint,2026-03-06,Collected,Bengaluru FSL,True
4681,1578,Vehicle,2023-02-06,Pending Analysis,Mangaluru FSL,False
4682,1578,Knife,2023-02-06,Sent to FSL,Mangaluru FSL,False
4683,1578,Fingerprint,2023-02-06,Pending Analysis,Mysuru FSL,False
4684,1578,Document,2023-02-06,Collected,Mangaluru FSL,False
4685,1579,Fingerprint,2022-06-09,Sent to FSL,Mysuru FSL,False
4686,1579,Firearm,2022-06-09,Rejected,Mangaluru FSL,False
4687,1579,DNA Sample,2022-06-09,Rejected,Mangaluru FSL,False
4688,1580,Firearm,2026-07-20,Rejected,Mangaluru FSL,True
4689,1580,Hard Disk,2026-07-20,Verified,Bengaluru FSL,True
4690,1580,DNA Sample,2026-07-20,Collected,Bengaluru FSL,True
4691,1580,CCTV Footage,2026-07-20,Collected,Mangaluru FSL,False
4692,1581,Firearm,2024-12-22,Rejected,Mysuru FSL,True
4693,1581,Laptop,2024-12-22,Rejected,Bengaluru FSL,False
4694,1582,SIM Card,2022-12-09,Rejected,Mangaluru FSL,False
4695,1582,USB Drive,2022-12-09,Pending Analysis,Mangaluru FSL,False
4696,1582,CCTV Footage,2022-12-09,Verified,Mysuru FSL,True
4697,1582,Vehicle,2022-12-09,Rejected,Mysuru FSL,False
4698,1583,Drug Sample,2023-06-17,Pending Analysis,Bengaluru FSL,True
4699,1583,Fingerprint,2023-06-17,Collected,Mysuru FSL,True
4700,1583,USB Drive,2023-06-17,Pending Analysis,Mangaluru FSL,False
4701,1583,Vehicle,2023-06-17,Sent to FSL,Bengaluru FSL,True
4702,1583,Laptop,2023-06-17,Pending Analysis,Mangaluru FSL,True
4703,1584,Hard Disk,2024-12-29,Verified,Mysuru FSL,True
4704,1584,Blood Sample,2024-12-29,Rejected,Bengaluru FSL,False
4705,1584,USB Drive,2024-12-29,Rejected,Mysuru FSL,True
4706,1584,Vehicle,2024-12-29,Verified,Mangaluru FSL,False
4707,1584,Knife,2024-12-29,Verified,Mysuru FSL,False
4708,1585,Knife,2026-12-24,Rejected,Mangaluru FSL,True
4709,1585,CCTV Footage,2026-12-24,Sent to FSL,Mysuru FSL,True
4710,1585,USB Drive,2026-12-24,Rejected,Mangaluru FSL,False
4711,1585,Fingerprint,2026-12-24,Sent to FSL,Bengaluru FSL,False
4712,1586,SIM Card,2024-12-23,Sent to FSL,Mangaluru FSL,False
4713,1587,Knife,2025-04-05,Collected,Mangaluru FSL,False
4714,1587,Drug Sample,2025-04-05,Collected,Mangaluru FSL,False
4715,1587,Vehicle,2025-04-05,Rejected,Mangaluru FSL,False
4716,1587,Document,2025-04-05,Sent to FSL,Mangaluru FSL,False
4717,1587,SIM Card,2025-04-05,Collected,Mangaluru FSL,True
4718,1588,Laptop,2023-02-21,Collected,Bengaluru FSL,True
4719,1588,CCTV Footage,2023-02-21,Sent to FSL,Mysuru FSL,False
4720,1589,Hard Disk,2026-12-14,Verified,Mangaluru FSL,False
4721,1589,CCTV Footage,2026-12-14,Collected,Mangaluru FSL,True
4722,1590,Firearm,2023-08-26,Sent to FSL,Bengaluru FSL,True
4723,1590,Document,2023-08-26,Rejected,Mysuru FSL,False
4724,1590,Clothing,2023-08-26,Verified,Mysuru FSL,False
4725,1591,Mobile Phone,2022-11-27,Pending Analysis,Bengaluru FSL,False
4726,1592,Drug Sample,2022-03-24,Verified,Bengaluru FSL,False
4727,1592,Clothing,2022-03-24,Sent to FSL,Mangaluru FSL,False
4728,1592,Mobile Phone,2022-03-24,Rejected,Mysuru FSL,True
4729,1592,Hard Disk,2022-03-24,Sent to FSL,Mangaluru FSL,False
4730,1592,CCTV Footage,2022-03-24,Sent to FSL,Mysuru FSL,True
4731,1593,DNA Sample,2023-11-23,Collected,Mysuru FSL,False
4732,1594,Clothing,2026-01-14,Collected,Bengaluru FSL,True
4733,1594,Fingerprint,2026-01-14,Rejected,Mysuru FSL,False
4734,1594,Laptop,2026-01-14,Verified,Bengaluru FSL,False
4735,1595,DNA Sample,2023-09-13,Verified,Mangaluru FSL,False
4736,1595,Laptop,2023-09-13,Pending Analysis,Mysuru FSL,True
4737,1596,Clothing,2025-06-16,Rejected,Mysuru FSL,True
4738,1596,Fingerprint,2025-06-16,Verified,Mysuru FSL,True
4739,1596,SIM Card,2025-06-16,Collected,Mangaluru FSL,False
4740,1596,Knife,2025-06-16,Pending Analysis,Mysuru FSL,True
4741,1597,Hard Disk,2026-10-10,Sent to FSL,Mysuru FSL,False
4742,1597,Knife,2026-10-10,Collected,Mysuru FSL,False
4743,1597,Drug Sample,2026-10-10,Collected,Mangaluru FSL,False
4744,1597,CCTV Footage,2026-10-10,Pending Analysis,Mangaluru FSL,True
4745,1598,Knife,2023-01-27,Pending Analysis,Mysuru FSL,True
4746,1598,Vehicle,2023-01-27,Rejected,Bengaluru FSL,False
4747,1599,SIM Card,2026-04-10,Collected,Mysuru FSL,True
4748,1599,Mobile Phone,2026-04-10,Sent to FSL,Bengaluru FSL,True
4749,1600,CCTV Footage,2022-03-13,Rejected,Bengaluru FSL,True
4750,1600,Hard Disk,2022-03-13,Pending Analysis,Mangaluru FSL,False
4751,1601,SIM Card,2024-07-22,Pending Analysis,Mysuru FSL,False
4752,1601,Mobile Phone,2024-07-22,Rejected,Mangaluru FSL,True
4753,1601,Blood Sample,2024-07-22,Pending Analysis,Bengaluru FSL,False
4754,1602,Mobile Phone,2026-12-14,Rejected,Bengaluru FSL,False
4755,1602,Document,2026-12-14,Rejected,Bengaluru FSL,True
4756,1603,Hard Disk,2024-01-27,Verified,Bengaluru FSL,False
4757,1604,Mobile Phone,2026-11-29,Pending Analysis,Mysuru FSL,False
4758,1604,Document,2026-11-29,Sent to FSL,Bengaluru FSL,False
4759,1604,Vehicle,2026-11-29,Collected,Bengaluru FSL,True
4760,1604,USB Drive,2026-11-29,Pending Analysis,Mysuru FSL,False
4761,1604,Firearm,2026-11-29,Verified,Mangaluru FSL,False
4762,1605,Firearm,2022-09-04,Sent to FSL,Mysuru FSL,False
4763,1605,Hard Disk,2022-09-04,Verified,Mangaluru FSL,True
4764,1605,Vehicle,2022-09-04,Sent to FSL,Bengaluru FSL,False
4765,1605,SIM Card,2022-09-04,Collected,Bengaluru FSL,True
4766,1606,SIM Card,2023-01-11,Pending Analysis,Mangaluru FSL,False
4767,1607,Hard Disk,2022-10-14,Pending Analysis,Mangaluru FSL,False
4768,1607,Clothing,2022-10-14,Sent to FSL,Mysuru FSL,True
4769,1608,SIM Card,2022-08-11,Rejected,Mysuru FSL,True
4770,1608,Vehicle,2022-08-11,Sent to FSL,Mangaluru FSL,False
4771,1609,Drug Sample,2025-05-03,Pending Analysis,Mysuru FSL,False
4772,1610,CCTV Footage,2023-04-08,Sent to FSL,Bengaluru FSL,True
4773,1611,Vehicle,2022-04-23,Rejected,Bengaluru FSL,True
4774,1611,SIM Card,2022-04-23,Rejected,Mangaluru FSL,True
4775,1612,SIM Card,2022-09-26,Rejected,Bengaluru FSL,True
4776,1612,Laptop,2022-09-26,Sent to FSL,Mangaluru FSL,True
4777,1612,Firearm,2022-09-26,Verified,Bengaluru FSL,False
4778,1612,Vehicle,2022-09-26,Sent to FSL,Bengaluru FSL,False
4779,1613,USB Drive,2023-05-27,Pending Analysis,Bengaluru FSL,True
4780,1613,Document,2023-05-27,Verified,Bengaluru FSL,True
4781,1613,Blood Sample,2023-05-27,Pending Analysis,Mysuru FSL,False
4782,1614,Mobile Phone,2023-01-21,Rejected,Mangaluru FSL,True
4783,1614,Knife,2023-01-21,Collected,Bengaluru FSL,True
4784,1614,Drug Sample,2023-01-21,Pending Analysis,Bengaluru FSL,True
4785,1614,CCTV Footage,2023-01-21,Verified,Mysuru FSL,False
4786,1614,Firearm,2023-01-21,Sent to FSL,Mangaluru FSL,True
4787,1615,Document,2023-12-26,Rejected,Bengaluru FSL,True
4788,1615,Knife,2023-12-26,Pending Analysis,Bengaluru FSL,False
4789,1615,Firearm,2023-12-26,Rejected,Mysuru FSL,True
4790,1615,USB Drive,2023-12-26,Pending Analysis,Bengaluru FSL,False
4791,1616,Vehicle,2024-08-16,Rejected,Mangaluru FSL,False
4792,1617,USB Drive,2025-10-17,Rejected,Bengaluru FSL,True
4793,1617,Fingerprint,2025-10-17,Rejected,Bengaluru FSL,False
4794,1617,Hard Disk,2025-10-17,Verified,Mysuru FSL,True
4795,1618,SIM Card,2024-01-09,Verified,Mangaluru FSL,False
4796,1618,Mobile Phone,2024-01-09,Sent to FSL,Bengaluru FSL,False
4797,1619,Knife,2024-12-02,Rejected,Mysuru FSL,True
4798,1619,Vehicle,2024-12-02,Pending Analysis,Bengaluru FSL,False
4799,1620,DNA Sample,2022-11-30,Pending Analysis,Mysuru FSL,False
4800,1620,Blood Sample,2022-11-30,Collected,Mangaluru FSL,True
4801,1620,Laptop,2022-11-30,Rejected,Mysuru FSL,True
4802,1620,Fingerprint,2022-11-30,Verified,Mangaluru FSL,True
4803,1621,Laptop,2023-01-12,Sent to FSL,Mangaluru FSL,False
4804,1621,Knife,2023-01-12,Sent to FSL,Mysuru FSL,False
4805,1621,Fingerprint,2023-01-12,Pending Analysis,Mysuru FSL,True
4806,1622,Mobile Phone,2026-02-14,Sent to FSL,Mysuru FSL,True
4807,1623,CCTV Footage,2026-09-29,Pending Analysis,Mangaluru FSL,False
4808,1623,Firearm,2026-09-29,Rejected,Mangaluru FSL,True
4809,1623,Laptop,2026-09-29,Verified,Mangaluru FSL,True
4810,1624,Blood Sample,2023-05-18,Sent to FSL,Mysuru FSL,True
4811,1624,SIM Card,2023-05-18,Collected,Mysuru FSL,True
4812,1624,Hard Disk,2023-05-18,Rejected,Mysuru FSL,True
4813,1624,Drug Sample,2023-05-18,Verified,Mangaluru FSL,True
4814,1625,Drug Sample,2025-03-18,Rejected,Bengaluru FSL,True
4815,1626,Drug Sample,2022-09-29,Rejected,Mysuru FSL,True
4816,1626,Hard Disk,2022-09-29,Collected,Mysuru FSL,False
4817,1626,Knife,2022-09-29,Sent to FSL,Bengaluru FSL,False
4818,1627,Blood Sample,2023-05-22,Pending Analysis,Bengaluru FSL,False
4819,1627,USB Drive,2023-05-22,Rejected,Bengaluru FSL,False
4820,1627,Knife,2023-05-22,Sent to FSL,Bengaluru FSL,True
4821,1628,Firearm,2022-08-20,Rejected,Mysuru FSL,True
4822,1628,CCTV Footage,2022-08-20,Pending Analysis,Mangaluru FSL,False
4823,1628,Knife,2022-08-20,Rejected,Mangaluru FSL,False
4824,1628,Laptop,2022-08-20,Collected,Mangaluru FSL,False
4825,1629,Blood Sample,2024-10-06,Rejected,Mangaluru FSL,True
4826,1629,SIM Card,2024-10-06,Rejected,Mangaluru FSL,True
4827,1629,Mobile Phone,2024-10-06,Sent to FSL,Mysuru FSL,False
4828,1629,Document,2024-10-06,Rejected,Mangaluru FSL,False
4829,1629,CCTV Footage,2024-10-06,Pending Analysis,Mysuru FSL,True
4830,1630,Hard Disk,2025-06-29,Verified,Bengaluru FSL,True
4831,1630,Clothing,2025-06-29,Verified,Mysuru FSL,True
4832,1630,Firearm,2025-06-29,Collected,Bengaluru FSL,False
4833,1630,Vehicle,2025-06-29,Collected,Mysuru FSL,True
4834,1631,Vehicle,2023-12-28,Verified,Bengaluru FSL,True
4835,1631,Fingerprint,2023-12-28,Rejected,Bengaluru FSL,False
4836,1631,Drug Sample,2023-12-28,Collected,Bengaluru FSL,True
4837,1631,USB Drive,2023-12-28,Verified,Bengaluru FSL,False
4838,1631,Document,2023-12-28,Rejected,Bengaluru FSL,True
4839,1632,SIM Card,2022-03-01,Sent to FSL,Mangaluru FSL,False
4840,1632,Fingerprint,2022-03-01,Verified,Mangaluru FSL,True
4841,1632,Blood Sample,2022-03-01,Collected,Mangaluru FSL,True
4842,1632,Mobile Phone,2022-03-01,Collected,Mangaluru FSL,False
4843,1632,Clothing,2022-03-01,Verified,Mangaluru FSL,False
4844,1633,Mobile Phone,2025-11-15,Sent to FSL,Mysuru FSL,True
4845,1633,SIM Card,2025-11-15,Pending Analysis,Mysuru FSL,False
4846,1633,Laptop,2025-11-15,Sent to FSL,Mysuru FSL,False
4847,1634,Mobile Phone,2025-10-28,Verified,Bengaluru FSL,True
4848,1634,USB Drive,2025-10-28,Pending Analysis,Mysuru FSL,True
4849,1635,Firearm,2026-10-03,Collected,Mangaluru FSL,True
4850,1635,Document,2026-10-03,Sent to FSL,Mysuru FSL,False
4851,1636,USB Drive,2025-01-13,Sent to FSL,Mysuru FSL,True
4852,1637,Mobile Phone,2024-10-21,Sent to FSL,Mysuru FSL,False
4853,1637,Hard Disk,2024-10-21,Sent to FSL,Bengaluru FSL,False
4854,1637,Fingerprint,2024-10-21,Pending Analysis,Bengaluru FSL,False
4855,1638,SIM Card,2025-03-01,Verified,Mysuru FSL,True
4856,1638,DNA Sample,2025-03-01,Rejected,Mysuru FSL,False
4857,1638,Vehicle,2025-03-01,Sent to FSL,Bengaluru FSL,False
4858,1638,Clothing,2025-03-01,Rejected,Mangaluru FSL,False
4859,1638,Blood Sample,2025-03-01,Sent to FSL,Mysuru FSL,True
4860,1639,CCTV Footage,2023-09-03,Rejected,Bengaluru FSL,False
4861,1639,DNA Sample,2023-09-03,Sent to FSL,Bengaluru FSL,False
4862,1640,Knife,2022-02-18,Sent to FSL,Bengaluru FSL,False
4863,1640,USB Drive,2022-02-18,Rejected,Mangaluru FSL,True
4864,1641,Laptop,2025-04-30,Rejected,Mysuru FSL,False
4865,1641,Fingerprint,2025-04-30,Sent to FSL,Mysuru FSL,False
4866,1641,CCTV Footage,2025-04-30,Verified,Bengaluru FSL,True
4867,1641,Drug Sample,2025-04-30,Rejected,Mysuru FSL,True
4868,1641,USB Drive,2025-04-30,Pending Analysis,Mysuru FSL,False
4869,1642,Laptop,2026-07-16,Pending Analysis,Mysuru FSL,True
4870,1643,SIM Card,2023-12-25,Sent to FSL,Mangaluru FSL,True
4871,1644,Blood Sample,2023-04-08,Sent to FSL,Bengaluru FSL,False
4872,1644,Clothing,2023-04-08,Pending Analysis,Bengaluru FSL,True
4873,1644,Laptop,2023-04-08,Sent to FSL,Mangaluru FSL,True
4874,1645,Clothing,2025-11-19,Rejected,Bengaluru FSL,False
4875,1645,Hard Disk,2025-11-19,Pending Analysis,Bengaluru FSL,True
4876,1645,USB Drive,2025-11-19,Collected,Bengaluru FSL,True
4877,1645,Fingerprint,2025-11-19,Verified,Bengaluru FSL,False
4878,1646,Clothing,2025-07-28,Pending Analysis,Bengaluru FSL,True
4879,1646,CCTV Footage,2025-07-28,Pending Analysis,Mysuru FSL,True
4880,1646,Fingerprint,2025-07-28,Collected,Mysuru FSL,True
4881,1646,Document,2025-07-28,Rejected,Bengaluru FSL,False
4882,1647,Vehicle,2025-07-13,Rejected,Bengaluru FSL,True
4883,1647,DNA Sample,2025-07-13,Sent to FSL,Mysuru FSL,False
4884,1647,Knife,2025-07-13,Rejected,Mangaluru FSL,True
4885,1647,CCTV Footage,2025-07-13,Rejected,Mangaluru FSL,True
4886,1648,Laptop,2023-04-26,Pending Analysis,Mysuru FSL,True
4887,1648,Fingerprint,2023-04-26,Rejected,Bengaluru FSL,False
4888,1648,Knife,2023-04-26,Rejected,Bengaluru FSL,False
4889,1648,Document,2023-04-26,Collected,Mangaluru FSL,True
4890,1649,Knife,2025-08-11,Rejected,Mangaluru FSL,False
4891,1649,Firearm,2025-08-11,Collected,Mangaluru FSL,False
4892,1649,Vehicle,2025-08-11,Verified,Mangaluru FSL,False
4893,1650,Vehicle,2023-06-19,Verified,Mysuru FSL,False
4894,1650,Clothing,2023-06-19,Verified,Mangaluru FSL,True
4895,1650,Drug Sample,2023-06-19,Sent to FSL,Mangaluru FSL,False
4896,1650,Laptop,2023-06-19,Collected,Mysuru FSL,True
4897,1651,Mobile Phone,2023-07-07,Rejected,Mangaluru FSL,True
4898,1651,Clothing,2023-07-07,Collected,Mysuru FSL,False
4899,1651,Vehicle,2023-07-07,Rejected,Bengaluru FSL,True
4900,1651,USB Drive,2023-07-07,Pending Analysis,Mysuru FSL,False
4901,1651,Document,2023-07-07,Collected,Mysuru FSL,True
4902,1652,Clothing,2023-08-17,Collected,Bengaluru FSL,False
4903,1652,Firearm,2023-08-17,Pending Analysis,Bengaluru FSL,True
4904,1652,Fingerprint,2023-08-17,Sent to FSL,Mangaluru FSL,False
4905,1652,Drug Sample,2023-08-17,Sent to FSL,Mangaluru FSL,True
4906,1652,Hard Disk,2023-08-17,Sent to FSL,Mangaluru FSL,False
4907,1653,Clothing,2024-08-07,Pending Analysis,Bengaluru FSL,False
4908,1653,Mobile Phone,2024-08-07,Pending Analysis,Bengaluru FSL,True
4909,1653,DNA Sample,2024-08-07,Pending Analysis,Bengaluru FSL,False
4910,1653,Drug Sample,2024-08-07,Verified,Mysuru FSL,True
4911,1654,Firearm,2025-08-22,Rejected,Bengaluru FSL,False
4912,1654,Vehicle,2025-08-22,Pending Analysis,Mysuru FSL,False
4913,1654,Drug Sample,2025-08-22,Pending Analysis,Mangaluru FSL,True
4914,1654,Fingerprint,2025-08-22,Pending Analysis,Mangaluru FSL,True
4915,1654,Clothing,2025-08-22,Collected,Bengaluru FSL,False
4916,1655,SIM Card,2025-03-24,Pending Analysis,Mysuru FSL,True
4917,1655,Clothing,2025-03-24,Rejected,Mysuru FSL,False
4918,1655,USB Drive,2025-03-24,Pending Analysis,Mysuru FSL,True
4919,1656,Laptop,2025-03-06,Pending Analysis,Bengaluru FSL,False
4920,1656,Clothing,2025-03-06,Verified,Mangaluru FSL,True
4921,1656,SIM Card,2025-03-06,Rejected,Bengaluru FSL,False
4922,1657,Firearm,2025-10-31,Sent to FSL,Mangaluru FSL,False
4923,1657,Drug Sample,2025-10-31,Sent to FSL,Bengaluru FSL,True
4924,1657,Blood Sample,2025-10-31,Collected,Bengaluru FSL,False
4925,1658,Clothing,2025-11-11,Rejected,Mysuru FSL,False
4926,1659,Vehicle,2025-08-28,Rejected,Mangaluru FSL,True
4927,1659,Knife,2025-08-28,Sent to FSL,Bengaluru FSL,False
4928,1659,Document,2025-08-28,Verified,Mysuru FSL,True
4929,1660,Firearm,2023-01-13,Rejected,Bengaluru FSL,False
4930,1660,Clothing,2023-01-13,Verified,Mangaluru FSL,True
4931,1660,Laptop,2023-01-13,Pending Analysis,Mysuru FSL,False
4932,1660,Vehicle,2023-01-13,Verified,Bengaluru FSL,False
4933,1660,Document,2023-01-13,Verified,Mangaluru FSL,False
4934,1661,Firearm,2022-03-03,Rejected,Bengaluru FSL,True
4935,1661,Laptop,2022-03-03,Rejected,Mangaluru FSL,False
4936,1661,Drug Sample,2022-03-03,Sent to FSL,Bengaluru FSL,True
4937,1661,DNA Sample,2022-03-03,Collected,Mysuru FSL,True
4938,1662,Vehicle,2026-08-02,Pending Analysis,Mangaluru FSL,False
4939,1663,Knife,2026-07-04,Collected,Bengaluru FSL,False
4940,1663,Hard Disk,2026-07-04,Sent to FSL,Mangaluru FSL,False
4941,1663,Drug Sample,2026-07-04,Pending Analysis,Mangaluru FSL,False
4942,1664,Laptop,2023-10-27,Pending Analysis,Mangaluru FSL,False
4943,1665,Hard Disk,2023-07-05,Sent to FSL,Mysuru FSL,True
4944,1665,DNA Sample,2023-07-05,Sent to FSL,Bengaluru FSL,False
4945,1666,Blood Sample,2024-07-02,Sent to FSL,Mangaluru FSL,True
4946,1666,Drug Sample,2024-07-02,Sent to FSL,Bengaluru FSL,True
4947,1667,Mobile Phone,2022-08-31,Pending Analysis,Mangaluru FSL,True
4948,1668,Document,2026-11-09,Rejected,Bengaluru FSL,False
4949,1668,SIM Card,2026-11-09,Pending Analysis,Mysuru FSL,True
4950,1668,Blood Sample,2026-11-09,Verified,Mangaluru FSL,False
4951,1669,CCTV Footage,2024-09-13,Rejected,Bengaluru FSL,True
4952,1669,DNA Sample,2024-09-13,Pending Analysis,Mangaluru FSL,False
4953,1670,Vehicle,2022-05-03,Collected,Bengaluru FSL,False
4954,1670,Mobile Phone,2022-05-03,Rejected,Mysuru FSL,False
4955,1670,USB Drive,2022-05-03,Rejected,Bengaluru FSL,True
4956,1671,Document,2024-12-19,Sent to FSL,Mysuru FSL,False
4957,1671,Knife,2024-12-19,Rejected,Mangaluru FSL,False
4958,1671,Laptop,2024-12-19,Verified,Mangaluru FSL,True
4959,1672,SIM Card,2026-08-08,Verified,Mysuru FSL,False
4960,1672,Firearm,2026-08-08,Collected,Mangaluru FSL,True
4961,1672,Blood Sample,2026-08-08,Pending Analysis,Mysuru FSL,True
4962,1673,Laptop,2025-09-27,Verified,Bengaluru FSL,False
4963,1673,Document,2025-09-27,Pending Analysis,Mysuru FSL,False
4964,1673,Knife,2025-09-27,Collected,Mysuru FSL,True
4965,1673,Vehicle,2025-09-27,Collected,Mysuru FSL,True
4966,1673,Drug Sample,2025-09-27,Collected,Mysuru FSL,True
4967,1674,Drug Sample,2025-09-05,Collected,Mysuru FSL,False
4968,1675,Blood Sample,2025-12-10,Sent to FSL,Mysuru FSL,True
4969,1675,Document,2025-12-10,Sent to FSL,Bengaluru FSL,True
4970,1675,Drug Sample,2025-12-10,Verified,Bengaluru FSL,False
4971,1675,Knife,2025-12-10,Sent to FSL,Mysuru FSL,True
4972,1676,CCTV Footage,2023-04-21,Pending Analysis,Mysuru FSL,True
4973,1676,Document,2023-04-21,Sent to FSL,Mangaluru FSL,True
4974,1677,Laptop,2026-07-01,Sent to FSL,Mangaluru FSL,False
4975,1677,SIM Card,2026-07-01,Sent to FSL,Bengaluru FSL,False
4976,1677,Knife,2026-07-01,Sent to FSL,Mysuru FSL,False
4977,1678,Clothing,2026-09-07,Verified,Mangaluru FSL,True
4978,1678,Drug Sample,2026-09-07,Collected,Mangaluru FSL,True
4979,1678,Mobile Phone,2026-09-07,Sent to FSL,Mysuru FSL,False
4980,1678,Laptop,2026-09-07,Rejected,Mysuru FSL,False
4981,1679,SIM Card,2025-08-07,Sent to FSL,Bengaluru FSL,True
4982,1679,Document,2025-08-07,Collected,Mysuru FSL,False
4983,1679,Knife,2025-08-07,Pending Analysis,Mysuru FSL,True
4984,1679,Hard Disk,2025-08-07,Collected,Mysuru FSL,False
4985,1679,CCTV Footage,2025-08-07,Collected,Mangaluru FSL,True
4986,1680,USB Drive,2022-01-03,Rejected,Mangaluru FSL,True
4987,1681,Hard Disk,2024-03-11,Sent to FSL,Mysuru FSL,False
4988,1681,Firearm,2024-03-11,Collected,Mysuru FSL,False
4989,1681,Drug Sample,2024-03-11,Sent to FSL,Mysuru FSL,False
4990,1682,Blood Sample,2025-02-24,Verified,Bengaluru FSL,True
4991,1682,Firearm,2025-02-24,Rejected,Mysuru FSL,True
4992,1682,Document,2025-02-24,Pending Analysis,Mangaluru FSL,False
4993,1682,SIM Card,2025-02-24,Verified,Mysuru FSL,False
4994,1683,Vehicle,2026-05-25,Rejected,Mangaluru FSL,True
4995,1683,USB Drive,2026-05-25,Pending Analysis,Mysuru FSL,False
4996,1684,Clothing,2023-02-15,Collected,Bengaluru FSL,True
4997,1684,Laptop,2023-02-15,Pending Analysis,Bengaluru FSL,False
4998,1685,Firearm,2026-08-28,Rejected,Mysuru FSL,False
4999,1686,DNA Sample,2022-09-13,Sent to FSL,Mangaluru FSL,True
5000,1686,Clothing,2022-09-13,Rejected,Mysuru FSL,True
5001,1686,Vehicle,2022-09-13,Pending Analysis,Mysuru FSL,True
5002,1686,Firearm,2022-09-13,Verified,Mysuru FSL,False
5003,1686,Hard Disk,2022-09-13,Rejected,Mangaluru FSL,True
5004,1687,Blood Sample,2022-11-01,Verified,Bengaluru FSL,False
5005,1688,Document,2025-11-14,Sent to FSL,Bengaluru FSL,False
5006,1688,Clothing,2025-11-14,Verified,Mysuru FSL,True
5007,1689,DNA Sample,2025-06-10,Pending Analysis,Mangaluru FSL,True
5008,1689,Fingerprint,2025-06-10,Sent to FSL,Bengaluru FSL,False
5009,1689,Document,2025-06-10,Collected,Mangaluru FSL,False
5010,1690,Mobile Phone,2024-08-27,Sent to FSL,Mangaluru FSL,False
5011,1691,Blood Sample,2023-04-19,Pending Analysis,Bengaluru FSL,False
5012,1691,Vehicle,2023-04-19,Sent to FSL,Mysuru FSL,True
5013,1692,Clothing,2026-08-07,Verified,Mangaluru FSL,True
5014,1692,Fingerprint,2026-08-07,Rejected,Mysuru FSL,False
5015,1692,Drug Sample,2026-08-07,Verified,Mangaluru FSL,False
5016,1692,Laptop,2026-08-07,Verified,Mangaluru FSL,True
5017,1692,Blood Sample,2026-08-07,Pending Analysis,Mysuru FSL,False
5018,1693,Knife,2026-05-07,Sent to FSL,Mangaluru FSL,True
5019,1693,DNA Sample,2026-05-07,Rejected,Mysuru FSL,True
5020,1693,USB Drive,2026-05-07,Verified,Mangaluru FSL,True
5021,1693,CCTV Footage,2026-05-07,Rejected,Mysuru FSL,True
5022,1693,Blood Sample,2026-05-07,Pending Analysis,Bengaluru FSL,True
5023,1694,CCTV Footage,2023-08-22,Collected,Mangaluru FSL,True
5024,1694,Vehicle,2023-08-22,Verified,Mysuru FSL,False
5025,1695,USB Drive,2024-09-22,Pending Analysis,Mangaluru FSL,True
5026,1695,Blood Sample,2024-09-22,Verified,Mangaluru FSL,False
5027,1695,Clothing,2024-09-22,Rejected,Bengaluru FSL,False
5028,1695,Firearm,2024-09-22,Verified,Mysuru FSL,True
5029,1695,Fingerprint,2024-09-22,Verified,Mysuru FSL,True
5030,1696,USB Drive,2023-02-15,Collected,Bengaluru FSL,True
5031,1696,Laptop,2023-02-15,Collected,Mysuru FSL,False
5032,1696,Hard Disk,2023-02-15,Rejected,Mangaluru FSL,False
5033,1696,Knife,2023-02-15,Collected,Mangaluru FSL,True
5034,1696,DNA Sample,2023-02-15,Verified,Mangaluru FSL,True
5035,1697,SIM Card,2025-08-11,Pending Analysis,Mangaluru FSL,False
5036,1698,Vehicle,2025-06-08,Pending Analysis,Mangaluru FSL,False
5037,1698,Knife,2025-06-08,Sent to FSL,Bengaluru FSL,False
5038,1698,Blood Sample,2025-06-08,Pending Analysis,Bengaluru FSL,True
5039,1698,SIM Card,2025-06-08,Collected,Bengaluru FSL,False
5040,1699,Laptop,2022-06-17,Rejected,Mangaluru FSL,False
5041,1699,Firearm,2022-06-17,Pending Analysis,Bengaluru FSL,False
5042,1700,Laptop,2023-12-12,Collected,Mysuru FSL,False
5043,1700,Mobile Phone,2023-12-12,Verified,Mangaluru FSL,True
5044,1700,Document,2023-12-12,Pending Analysis,Mangaluru FSL,True
5045,1701,Firearm,2024-06-13,Verified,Bengaluru FSL,False
5046,1701,CCTV Footage,2024-06-13,Rejected,Mysuru FSL,True
5047,1701,Drug Sample,2024-06-13,Rejected,Mysuru FSL,False
5048,1701,USB Drive,2024-06-13,Pending Analysis,Bengaluru FSL,True
5049,1701,DNA Sample,2024-06-13,Verified,Mysuru FSL,True
5050,1702,Drug Sample,2023-12-25,Verified,Mysuru FSL,True
5051,1703,Knife,2024-02-01,Verified,Bengaluru FSL,False
5052,1703,CCTV Footage,2024-02-01,Verified,Bengaluru FSL,True
5053,1703,Fingerprint,2024-02-01,Rejected,Mysuru FSL,False
5054,1703,Clothing,2024-02-01,Sent to FSL,Bengaluru FSL,False
5055,1704,Drug Sample,2025-06-19,Pending Analysis,Mangaluru FSL,False
5056,1704,Blood Sample,2025-06-19,Rejected,Bengaluru FSL,True
5057,1704,Hard Disk,2025-06-19,Sent to FSL,Mangaluru FSL,True
5058,1705,Blood Sample,2025-07-30,Collected,Mangaluru FSL,True
5059,1705,Clothing,2025-07-30,Pending Analysis,Mysuru FSL,True
5060,1705,Drug Sample,2025-07-30,Rejected,Mangaluru FSL,True
5061,1705,SIM Card,2025-07-30,Collected,Mangaluru FSL,False
5062,1706,Clothing,2022-05-10,Rejected,Mysuru FSL,False
5063,1706,CCTV Footage,2022-05-10,Pending Analysis,Mysuru FSL,False
5064,1706,Hard Disk,2022-05-10,Pending Analysis,Mangaluru FSL,True
5065,1706,USB Drive,2022-05-10,Sent to FSL,Mysuru FSL,False
5066,1707,Drug Sample,2024-04-19,Pending Analysis,Mangaluru FSL,False
5067,1707,Clothing,2024-04-19,Rejected,Bengaluru FSL,False
5068,1708,Knife,2024-05-19,Verified,Bengaluru FSL,False
5069,1708,SIM Card,2024-05-19,Collected,Mysuru FSL,True
5070,1708,Blood Sample,2024-05-19,Sent to FSL,Mangaluru FSL,True
5071,1708,CCTV Footage,2024-05-19,Collected,Mysuru FSL,True
5072,1708,Firearm,2024-05-19,Collected,Bengaluru FSL,True
5073,1709,Vehicle,2024-04-16,Rejected,Bengaluru FSL,True
5074,1709,Mobile Phone,2024-04-16,Sent to FSL,Mangaluru FSL,False
5075,1710,Document,2025-03-24,Verified,Mysuru FSL,False
5076,1710,Vehicle,2025-03-24,Rejected,Bengaluru FSL,False
5077,1710,Hard Disk,2025-03-24,Sent to FSL,Bengaluru FSL,True
5078,1710,USB Drive,2025-03-24,Sent to FSL,Mangaluru FSL,False
5079,1710,Knife,2025-03-24,Verified,Mangaluru FSL,True
5080,1711,Clothing,2023-11-18,Sent to FSL,Bengaluru FSL,True
5081,1712,Fingerprint,2022-04-08,Pending Analysis,Mysuru FSL,False
5082,1713,DNA Sample,2026-11-11,Sent to FSL,Mangaluru FSL,True
5083,1713,Laptop,2026-11-11,Sent to FSL,Mysuru FSL,True
5084,1714,Fingerprint,2023-09-14,Rejected,Mangaluru FSL,True
5085,1714,Knife,2023-09-14,Pending Analysis,Bengaluru FSL,True
5086,1714,SIM Card,2023-09-14,Verified,Mysuru FSL,True
5087,1714,Document,2023-09-14,Sent to FSL,Mangaluru FSL,True
5088,1714,Vehicle,2023-09-14,Rejected,Bengaluru FSL,False
5089,1715,Vehicle,2022-12-28,Verified,Mangaluru FSL,False
5090,1715,Fingerprint,2022-12-28,Rejected,Bengaluru FSL,False
5091,1715,SIM Card,2022-12-28,Collected,Mangaluru FSL,False
5092,1716,USB Drive,2024-02-11,Sent to FSL,Mysuru FSL,False
5093,1716,CCTV Footage,2024-02-11,Collected,Bengaluru FSL,True
5094,1716,Blood Sample,2024-02-11,Collected,Mangaluru FSL,False
5095,1716,Hard Disk,2024-02-11,Sent to FSL,Mangaluru FSL,True
5096,1717,Document,2024-11-13,Sent to FSL,Mysuru FSL,True
5097,1718,Laptop,2026-02-19,Verified,Bengaluru FSL,False
5098,1718,Firearm,2026-02-19,Pending Analysis,Mangaluru FSL,False
5099,1718,Fingerprint,2026-02-19,Verified,Bengaluru FSL,True
5100,1719,CCTV Footage,2023-01-02,Sent to FSL,Mysuru FSL,True
5101,1719,Drug Sample,2023-01-02,Rejected,Mysuru FSL,False
5102,1719,Laptop,2023-01-02,Collected,Mangaluru FSL,False
5103,1719,Clothing,2023-01-02,Sent to FSL,Mangaluru FSL,False
5104,1720,Clothing,2025-09-05,Rejected,Bengaluru FSL,True
5105,1720,DNA Sample,2025-09-05,Sent to FSL,Bengaluru FSL,False
5106,1720,Document,2025-09-05,Verified,Mysuru FSL,False
5107,1721,Laptop,2025-08-26,Collected,Mysuru FSL,True
5108,1721,Vehicle,2025-08-26,Sent to FSL,Bengaluru FSL,False
5109,1721,SIM Card,2025-08-26,Verified,Mysuru FSL,False
5110,1721,Blood Sample,2025-08-26,Collected,Bengaluru FSL,True
5111,1722,CCTV Footage,2026-10-30,Verified,Bengaluru FSL,False
5112,1722,SIM Card,2026-10-30,Collected,Bengaluru FSL,True
5113,1722,Knife,2026-10-30,Rejected,Mysuru FSL,False
5114,1723,Drug Sample,2026-07-02,Rejected,Mangaluru FSL,True
5115,1723,USB Drive,2026-07-02,Rejected,Mangaluru FSL,False
5116,1723,Knife,2026-07-02,Verified,Bengaluru FSL,True
5117,1723,Document,2026-07-02,Sent to FSL,Mysuru FSL,True
5118,1724,Drug Sample,2022-12-06,Rejected,Bengaluru FSL,False
5119,1725,Firearm,2025-07-08,Collected,Mangaluru FSL,False
5120,1725,Vehicle,2025-07-08,Verified,Mysuru FSL,True
5121,1725,DNA Sample,2025-07-08,Pending Analysis,Mangaluru FSL,False
5122,1725,Knife,2025-07-08,Rejected,Bengaluru FSL,False
5123,1725,Laptop,2025-07-08,Collected,Mysuru FSL,True
5124,1726,Vehicle,2023-05-01,Collected,Mysuru FSL,False
5125,1726,USB Drive,2023-05-01,Verified,Bengaluru FSL,False
5126,1727,Mobile Phone,2023-12-22,Collected,Bengaluru FSL,False
5127,1727,DNA Sample,2023-12-22,Verified,Bengaluru FSL,True
5128,1728,USB Drive,2025-10-06,Pending Analysis,Bengaluru FSL,True
5129,1729,DNA Sample,2024-10-02,Sent to FSL,Mangaluru FSL,True
5130,1730,SIM Card,2026-12-08,Pending Analysis,Mangaluru FSL,False
5131,1730,Drug Sample,2026-12-08,Pending Analysis,Mangaluru FSL,True
5132,1730,Firearm,2026-12-08,Collected,Bengaluru FSL,False
5133,1730,Mobile Phone,2026-12-08,Pending Analysis,Mangaluru FSL,True
5134,1731,Hard Disk,2025-06-05,Rejected,Mysuru FSL,True
5135,1731,Laptop,2025-06-05,Rejected,Mysuru FSL,True
5136,1731,Blood Sample,2025-06-05,Sent to FSL,Mangaluru FSL,True
5137,1732,Fingerprint,2024-07-29,Sent to FSL,Mysuru FSL,False
5138,1732,Hard Disk,2024-07-29,Pending Analysis,Bengaluru FSL,False
5139,1732,SIM Card,2024-07-29,Verified,Bengaluru FSL,False
5140,1732,USB Drive,2024-07-29,Pending Analysis,Mangaluru FSL,False
5141,1732,Blood Sample,2024-07-29,Sent to FSL,Bengaluru FSL,False
5142,1733,Mobile Phone,2023-04-23,Verified,Mysuru FSL,True
5143,1733,DNA Sample,2023-04-23,Rejected,Mysuru FSL,False
5144,1733,Document,2023-04-23,Pending Analysis,Mysuru FSL,True
5145,1733,SIM Card,2023-04-23,Rejected,Mangaluru FSL,True
5146,1734,Hard Disk,2024-11-05,Verified,Mangaluru FSL,False
5147,1734,Firearm,2024-11-05,Sent to FSL,Bengaluru FSL,True
5148,1734,Vehicle,2024-11-05,Collected,Mysuru FSL,True
5149,1734,Knife,2024-11-05,Rejected,Mangaluru FSL,False
5150,1734,DNA Sample,2024-11-05,Sent to FSL,Mysuru FSL,True
5151,1735,USB Drive,2022-11-03,Verified,Bengaluru FSL,True
5152,1735,Fingerprint,2022-11-03,Rejected,Mysuru FSL,False
5153,1735,Document,2022-11-03,Verified,Bengaluru FSL,True
5154,1736,Document,2023-04-16,Verified,Mysuru FSL,False
5155,1736,Drug Sample,2023-04-16,Pending Analysis,Mysuru FSL,False
5156,1736,Hard Disk,2023-04-16,Pending Analysis,Mangaluru FSL,False
5157,1736,CCTV Footage,2023-04-16,Sent to FSL,Bengaluru FSL,True
5158,1737,DNA Sample,2026-11-18,Sent to FSL,Bengaluru FSL,False
5159,1737,Drug Sample,2026-11-18,Verified,Mysuru FSL,True
5160,1737,Fingerprint,2026-11-18,Pending Analysis,Bengaluru FSL,True
5161,1737,Mobile Phone,2026-11-18,Verified,Bengaluru FSL,False
5162,1737,Laptop,2026-11-18,Rejected,Bengaluru FSL,True
5163,1738,Document,2023-04-20,Pending Analysis,Mysuru FSL,True
5164,1738,Vehicle,2023-04-20,Verified,Mangaluru FSL,True
5165,1739,Drug Sample,2024-11-24,Sent to FSL,Bengaluru FSL,False
5166,1740,Document,2023-08-04,Sent to FSL,Bengaluru FSL,False
5167,1740,USB Drive,2023-08-04,Collected,Mangaluru FSL,True
5168,1740,Mobile Phone,2023-08-04,Sent to FSL,Mysuru FSL,True
5169,1740,SIM Card,2023-08-04,Rejected,Bengaluru FSL,False
5170,1740,Vehicle,2023-08-04,Pending Analysis,Mangaluru FSL,True
5171,1741,Fingerprint,2024-12-19,Verified,Mysuru FSL,False
5172,1741,CCTV Footage,2024-12-19,Pending Analysis,Mangaluru FSL,True
5173,1741,Clothing,2024-12-19,Sent to FSL,Mangaluru FSL,False
5174,1741,Knife,2024-12-19,Sent to FSL,Mysuru FSL,True
5175,1741,Vehicle,2024-12-19,Sent to FSL,Bengaluru FSL,True
5176,1742,SIM Card,2026-01-06,Verified,Mangaluru FSL,False
5177,1742,Firearm,2026-01-06,Rejected,Mangaluru FSL,True
5178,1743,Blood Sample,2026-12-07,Verified,Bengaluru FSL,True
5179,1744,Hard Disk,2023-12-04,Verified,Mangaluru FSL,True
5180,1744,SIM Card,2023-12-04,Collected,Mysuru FSL,True
5181,1744,USB Drive,2023-12-04,Verified,Bengaluru FSL,False
5182,1744,Mobile Phone,2023-12-04,Collected,Bengaluru FSL,True
5183,1745,Vehicle,2025-03-04,Verified,Mysuru FSL,False
5184,1745,Document,2025-03-04,Collected,Bengaluru FSL,True
5185,1745,Laptop,2025-03-04,Rejected,Mysuru FSL,False
5186,1745,CCTV Footage,2025-03-04,Pending Analysis,Bengaluru FSL,True
5187,1746,Mobile Phone,2022-02-22,Pending Analysis,Mangaluru FSL,False
5188,1746,Blood Sample,2022-02-22,Verified,Mangaluru FSL,True
5189,1747,USB Drive,2026-06-27,Pending Analysis,Mangaluru FSL,True
5190,1747,Knife,2026-06-27,Pending Analysis,Bengaluru FSL,False
5191,1748,Hard Disk,2023-01-31,Verified,Mangaluru FSL,True
5192,1748,CCTV Footage,2023-01-31,Collected,Mangaluru FSL,True
5193,1749,Mobile Phone,2025-12-25,Sent to FSL,Bengaluru FSL,False
5194,1749,CCTV Footage,2025-12-25,Collected,Mysuru FSL,True
5195,1749,DNA Sample,2025-12-25,Sent to FSL,Mysuru FSL,False
5196,1749,Firearm,2025-12-25,Pending Analysis,Mangaluru FSL,False
5197,1750,Mobile Phone,2026-02-23,Rejected,Mangaluru FSL,False
5198,1751,Drug Sample,2025-11-12,Verified,Bengaluru FSL,True
5199,1751,Mobile Phone,2025-11-12,Rejected,Mysuru FSL,True
5200,1751,USB Drive,2025-11-12,Verified,Mysuru FSL,True
5201,1752,CCTV Footage,2025-05-17,Sent to FSL,Mysuru FSL,True
5202,1753,Drug Sample,2024-11-06,Sent to FSL,Mysuru FSL,False
5203,1753,Mobile Phone,2024-11-06,Verified,Bengaluru FSL,False
5204,1754,CCTV Footage,2022-07-04,Rejected,Mysuru FSL,False
5205,1755,Hard Disk,2022-01-11,Sent to FSL,Bengaluru FSL,False
5206,1755,Knife,2022-01-11,Rejected,Bengaluru FSL,True
5207,1755,Drug Sample,2022-01-11,Sent to FSL,Mysuru FSL,False
5208,1755,Blood Sample,2022-01-11,Collected,Mangaluru FSL,False
5209,1755,Firearm,2022-01-11,Collected,Mysuru FSL,True
5210,1756,Fingerprint,2023-11-23,Rejected,Mysuru FSL,False
5211,1756,DNA Sample,2023-11-23,Collected,Bengaluru FSL,False
5212,1756,Blood Sample,2023-11-23,Verified,Bengaluru FSL,False
5213,1757,SIM Card,2026-02-10,Sent to FSL,Bengaluru FSL,False
5214,1757,Firearm,2026-02-10,Sent to FSL,Mysuru FSL,True
5215,1758,Laptop,2022-05-06,Rejected,Mysuru FSL,True
5216,1759,Blood Sample,2022-06-11,Rejected,Mangaluru FSL,False
5217,1759,Drug Sample,2022-06-11,Rejected,Mangaluru FSL,False
5218,1759,Knife,2022-06-11,Collected,Bengaluru FSL,False
5219,1759,CCTV Footage,2022-06-11,Verified,Mangaluru FSL,True
5220,1759,Hard Disk,2022-06-11,Sent to FSL,Mangaluru FSL,True
5221,1760,CCTV Footage,2025-12-03,Rejected,Bengaluru FSL,False
5222,1760,Knife,2025-12-03,Pending Analysis,Mangaluru FSL,True
5223,1760,Mobile Phone,2025-12-03,Verified,Mangaluru FSL,False
5224,1761,Hard Disk,2022-05-15,Collected,Bengaluru FSL,True
5225,1762,Drug Sample,2023-06-26,Rejected,Mangaluru FSL,True
5226,1762,Mobile Phone,2023-06-26,Sent to FSL,Bengaluru FSL,False
5227,1763,USB Drive,2023-04-04,Pending Analysis,Mysuru FSL,True
5228,1763,Clothing,2023-04-04,Verified,Mysuru FSL,True
5229,1763,Knife,2023-04-04,Collected,Mysuru FSL,True
5230,1763,CCTV Footage,2023-04-04,Sent to FSL,Bengaluru FSL,True
5231,1763,Firearm,2023-04-04,Verified,Mangaluru FSL,False
5232,1764,Document,2024-07-27,Rejected,Mysuru FSL,False
5233,1764,Mobile Phone,2024-07-27,Rejected,Bengaluru FSL,False
5234,1765,Clothing,2026-07-11,Pending Analysis,Bengaluru FSL,True
5235,1765,Firearm,2026-07-11,Pending Analysis,Bengaluru FSL,True
5236,1765,Drug Sample,2026-07-11,Rejected,Mysuru FSL,False
5237,1766,Firearm,2026-11-13,Pending Analysis,Bengaluru FSL,True
5238,1766,DNA Sample,2026-11-13,Rejected,Mysuru FSL,True
5239,1766,Drug Sample,2026-11-13,Verified,Mysuru FSL,True
5240,1766,Blood Sample,2026-11-13,Rejected,Mysuru FSL,False
5241,1767,Firearm,2026-06-14,Verified,Bengaluru FSL,True
5242,1767,Drug Sample,2026-06-14,Collected,Bengaluru FSL,True
5243,1767,Blood Sample,2026-06-14,Collected,Mysuru FSL,True
5244,1767,Fingerprint,2026-06-14,Collected,Mangaluru FSL,True
5245,1767,SIM Card,2026-06-14,Collected,Mangaluru FSL,True
5246,1768,Knife,2026-05-22,Verified,Mangaluru FSL,False
5247,1768,Hard Disk,2026-05-22,Rejected,Bengaluru FSL,False
5248,1768,CCTV Footage,2026-05-22,Sent to FSL,Bengaluru FSL,False
5249,1768,Firearm,2026-05-22,Collected,Mangaluru FSL,False
5250,1769,Drug Sample,2025-03-24,Sent to FSL,Bengaluru FSL,True
5251,1769,USB Drive,2025-03-24,Pending Analysis,Bengaluru FSL,False
5252,1770,DNA Sample,2025-04-04,Collected,Mysuru FSL,True
5253,1770,Laptop,2025-04-04,Pending Analysis,Mysuru FSL,True
5254,1771,Vehicle,2026-08-14,Rejected,Mysuru FSL,True
5255,1772,Blood Sample,2022-11-23,Verified,Bengaluru FSL,False
5256,1773,Drug Sample,2025-04-16,Sent to FSL,Mysuru FSL,True
5257,1773,Mobile Phone,2025-04-16,Collected,Mysuru FSL,False
5258,1773,Document,2025-04-16,Sent to FSL,Mangaluru FSL,True
5259,1774,Hard Disk,2024-12-27,Rejected,Mysuru FSL,True
5260,1774,Mobile Phone,2024-12-27,Collected,Bengaluru FSL,False
5261,1774,DNA Sample,2024-12-27,Sent to FSL,Mangaluru FSL,True
5262,1774,USB Drive,2024-12-27,Collected,Bengaluru FSL,True
5263,1775,Laptop,2024-05-27,Sent to FSL,Bengaluru FSL,True
5264,1775,Firearm,2024-05-27,Rejected,Mangaluru FSL,True
5265,1776,Drug Sample,2026-03-30,Pending Analysis,Mysuru FSL,True
5266,1776,CCTV Footage,2026-03-30,Sent to FSL,Mangaluru FSL,False
5267,1776,DNA Sample,2026-03-30,Pending Analysis,Bengaluru FSL,True
5268,1776,USB Drive,2026-03-30,Pending Analysis,Mysuru FSL,False
5269,1776,Vehicle,2026-03-30,Pending Analysis,Mangaluru FSL,False
5270,1777,CCTV Footage,2026-12-17,Pending Analysis,Bengaluru FSL,False
5271,1778,Laptop,2022-01-30,Collected,Bengaluru FSL,True
5272,1778,Mobile Phone,2022-01-30,Sent to FSL,Mangaluru FSL,True
5273,1779,Firearm,2022-06-06,Collected,Mysuru FSL,True
5274,1779,Laptop,2022-06-06,Pending Analysis,Bengaluru FSL,False
5275,1779,Fingerprint,2022-06-06,Sent to FSL,Mangaluru FSL,True
5276,1779,Blood Sample,2022-06-06,Collected,Mysuru FSL,False
5277,1780,DNA Sample,2024-11-06,Collected,Mysuru FSL,False
5278,1780,SIM Card,2024-11-06,Pending Analysis,Mysuru FSL,False
5279,1780,Vehicle,2024-11-06,Rejected,Mangaluru FSL,False
5280,1780,Hard Disk,2024-11-06,Pending Analysis,Bengaluru FSL,False
5281,1781,Vehicle,2026-10-12,Collected,Mangaluru FSL,True
5282,1781,Hard Disk,2026-10-12,Rejected,Bengaluru FSL,True
5283,1781,Mobile Phone,2026-10-12,Verified,Mysuru FSL,True
5284,1781,Document,2026-10-12,Verified,Mysuru FSL,True
5285,1782,Laptop,2024-05-30,Collected,Mysuru FSL,True
5286,1782,USB Drive,2024-05-30,Pending Analysis,Mangaluru FSL,True
5287,1782,DNA Sample,2024-05-30,Pending Analysis,Mangaluru FSL,False
5288,1782,Firearm,2024-05-30,Verified,Mysuru FSL,False
5289,1782,Fingerprint,2024-05-30,Collected,Mangaluru FSL,False
5290,1783,DNA Sample,2023-09-25,Sent to FSL,Bengaluru FSL,True
5291,1784,SIM Card,2024-09-08,Sent to FSL,Mysuru FSL,False
5292,1784,Document,2024-09-08,Verified,Mysuru FSL,True
5293,1785,CCTV Footage,2024-03-23,Rejected,Bengaluru FSL,True
5294,1785,Blood Sample,2024-03-23,Verified,Mysuru FSL,True
5295,1785,DNA Sample,2024-03-23,Sent to FSL,Bengaluru FSL,False
5296,1785,Laptop,2024-03-23,Rejected,Bengaluru FSL,True
5297,1785,Document,2024-03-23,Pending Analysis,Bengaluru FSL,True
5298,1786,Drug Sample,2025-03-22,Sent to FSL,Mangaluru FSL,True
5299,1786,Fingerprint,2025-03-22,Collected,Bengaluru FSL,True
5300,1787,DNA Sample,2023-12-22,Pending Analysis,Mysuru FSL,False
5301,1787,Firearm,2023-12-22,Pending Analysis,Mysuru FSL,True
5302,1787,SIM Card,2023-12-22,Verified,Bengaluru FSL,True
5303,1787,Fingerprint,2023-12-22,Verified,Mangaluru FSL,True
5304,1788,Mobile Phone,2022-07-07,Sent to FSL,Bengaluru FSL,False
5305,1788,Vehicle,2022-07-07,Verified,Mysuru FSL,False
5306,1789,Mobile Phone,2026-06-01,Rejected,Mysuru FSL,True
5307,1789,DNA Sample,2026-06-01,Pending Analysis,Mangaluru FSL,False
5308,1789,Clothing,2026-06-01,Rejected,Bengaluru FSL,True
5309,1790,Firearm,2023-10-24,Sent to FSL,Mangaluru FSL,True
5310,1790,USB Drive,2023-10-24,Rejected,Bengaluru FSL,False
5311,1791,Drug Sample,2025-08-03,Pending Analysis,Mangaluru FSL,False
5312,1791,Firearm,2025-08-03,Rejected,Bengaluru FSL,True
5313,1791,SIM Card,2025-08-03,Rejected,Mysuru FSL,True
5314,1791,Knife,2025-08-03,Rejected,Mangaluru FSL,True
5315,1791,Blood Sample,2025-08-03,Rejected,Bengaluru FSL,False
5316,1792,CCTV Footage,2022-04-11,Pending Analysis,Mangaluru FSL,False
5317,1792,Vehicle,2022-04-11,Collected,Mysuru FSL,True
5318,1792,Laptop,2022-04-11,Collected,Mysuru FSL,True
5319,1793,Vehicle,2022-08-17,Verified,Bengaluru FSL,False
5320,1793,Hard Disk,2022-08-17,Collected,Mangaluru FSL,False
5321,1793,Laptop,2022-08-17,Collected,Mangaluru FSL,True
5322,1793,Firearm,2022-08-17,Verified,Mysuru FSL,True
5323,1794,Document,2026-07-18,Collected,Bengaluru FSL,True
5324,1794,Firearm,2026-07-18,Rejected,Bengaluru FSL,True
5325,1794,Vehicle,2026-07-18,Verified,Mangaluru FSL,False
5326,1795,Vehicle,2022-08-30,Sent to FSL,Mysuru FSL,False
5327,1795,Mobile Phone,2022-08-30,Rejected,Mangaluru FSL,False
5328,1795,Drug Sample,2022-08-30,Pending Analysis,Mangaluru FSL,True
5329,1795,DNA Sample,2022-08-30,Verified,Mangaluru FSL,True
5330,1795,Laptop,2022-08-30,Rejected,Mysuru FSL,False
5331,1796,Clothing,2022-04-14,Rejected,Mysuru FSL,True
5332,1797,Clothing,2023-12-15,Pending Analysis,Mangaluru FSL,False
5333,1797,USB Drive,2023-12-15,Rejected,Mysuru FSL,True
5334,1797,Hard Disk,2023-12-15,Sent to FSL,Mangaluru FSL,True
5335,1798,Fingerprint,2023-09-25,Verified,Bengaluru FSL,True
5336,1798,Laptop,2023-09-25,Pending Analysis,Bengaluru FSL,True
5337,1798,Clothing,2023-09-25,Rejected,Mysuru FSL,False
5338,1799,Knife,2024-10-27,Pending Analysis,Mysuru FSL,False
5339,1799,DNA Sample,2024-10-27,Pending Analysis,Mysuru FSL,True
5340,1800,Drug Sample,2026-09-11,Verified,Mangaluru FSL,True
5341,1800,Knife,2026-09-11,Verified,Mysuru FSL,False
5342,1800,Fingerprint,2026-09-11,Pending Analysis,Mangaluru FSL,True
5343,1801,USB Drive,2023-04-12,Sent to FSL,Mysuru FSL,True
5344,1801,Vehicle,2023-04-12,Sent to FSL,Mangaluru FSL,False
5345,1801,Firearm,2023-04-12,Sent to FSL,Bengaluru FSL,True
5346,1802,Drug Sample,2024-03-05,Rejected,Mysuru FSL,False
5347,1802,Laptop,2024-03-05,Rejected,Bengaluru FSL,True
5348,1802,Hard Disk,2024-03-05,Sent to FSL,Mangaluru FSL,True
5349,1802,Fingerprint,2024-03-05,Collected,Bengaluru FSL,False
5350,1803,Knife,2025-11-21,Pending Analysis,Mangaluru FSL,True
5351,1803,Clothing,2025-11-21,Pending Analysis,Mangaluru FSL,False
5352,1803,Fingerprint,2025-11-21,Collected,Mangaluru FSL,False
5353,1804,Laptop,2022-06-17,Pending Analysis,Mysuru FSL,False
5354,1804,Document,2022-06-17,Sent to FSL,Bengaluru FSL,False
5355,1804,Fingerprint,2022-06-17,Verified,Mangaluru FSL,False
5356,1804,Firearm,2022-06-17,Pending Analysis,Bengaluru FSL,True
5357,1805,Blood Sample,2026-04-30,Sent to FSL,Mysuru FSL,False
5358,1805,CCTV Footage,2026-04-30,Verified,Mangaluru FSL,False
5359,1805,Firearm,2026-04-30,Sent to FSL,Mangaluru FSL,False
5360,1805,DNA Sample,2026-04-30,Rejected,Bengaluru FSL,False
5361,1806,Hard Disk,2025-10-16,Pending Analysis,Mangaluru FSL,True
5362,1806,DNA Sample,2025-10-16,Collected,Mangaluru FSL,True
5363,1806,Drug Sample,2025-10-16,Rejected,Mangaluru FSL,False
5364,1806,Fingerprint,2025-10-16,Verified,Mangaluru FSL,False
5365,1807,Clothing,2022-01-24,Sent to FSL,Mangaluru FSL,False
5366,1807,Knife,2022-01-24,Pending Analysis,Mangaluru FSL,True
5367,1808,Laptop,2022-05-24,Pending Analysis,Mysuru FSL,False
5368,1808,Clothing,2022-05-24,Collected,Bengaluru FSL,True
5369,1808,Blood Sample,2022-05-24,Pending Analysis,Bengaluru FSL,True
5370,1808,Drug Sample,2022-05-24,Collected,Mangaluru FSL,False
5371,1809,Blood Sample,2022-06-15,Verified,Mangaluru FSL,False
5372,1809,Drug Sample,2022-06-15,Sent to FSL,Mangaluru FSL,False
5373,1809,SIM Card,2022-06-15,Sent to FSL,Mysuru FSL,True
5374,1809,Laptop,2022-06-15,Rejected,Bengaluru FSL,False
5375,1809,Firearm,2022-06-15,Pending Analysis,Mysuru FSL,False
5376,1810,Hard Disk,2022-03-25,Rejected,Mangaluru FSL,True
5377,1810,Mobile Phone,2022-03-25,Verified,Mysuru FSL,False
5378,1810,Vehicle,2022-03-25,Pending Analysis,Mysuru FSL,True
5379,1810,Blood Sample,2022-03-25,Rejected,Mysuru FSL,False
5380,1811,Hard Disk,2025-09-30,Sent to FSL,Mangaluru FSL,True
5381,1812,Vehicle,2022-10-06,Sent to FSL,Mysuru FSL,True
5382,1812,Clothing,2022-10-06,Sent to FSL,Mysuru FSL,False
5383,1812,Hard Disk,2022-10-06,Rejected,Bengaluru FSL,True
5384,1812,Document,2022-10-06,Rejected,Bengaluru FSL,True
5385,1812,CCTV Footage,2022-10-06,Collected,Bengaluru FSL,True
5386,1813,Blood Sample,2024-05-02,Sent to FSL,Mangaluru FSL,True
5387,1814,SIM Card,2026-03-11,Pending Analysis,Mangaluru FSL,True
5388,1814,Fingerprint,2026-03-11,Sent to FSL,Bengaluru FSL,True
5389,1815,USB Drive,2026-01-13,Verified,Bengaluru FSL,True
5390,1815,Fingerprint,2026-01-13,Pending Analysis,Mangaluru FSL,False
5391,1815,Vehicle,2026-01-13,Verified,Bengaluru FSL,True
5392,1815,Knife,2026-01-13,Verified,Mangaluru FSL,False
5393,1815,Clothing,2026-01-13,Verified,Mangaluru FSL,True
5394,1816,Hard Disk,2024-03-16,Sent to FSL,Bengaluru FSL,True
5395,1817,Clothing,2025-12-30,Collected,Mangaluru FSL,False
5396,1817,Mobile Phone,2025-12-30,Pending Analysis,Bengaluru FSL,True
5397,1817,DNA Sample,2025-12-30,Pending Analysis,Bengaluru FSL,False
5398,1817,Laptop,2025-12-30,Collected,Mangaluru FSL,True
5399,1818,Mobile Phone,2024-04-23,Verified,Bengaluru FSL,False
5400,1818,Fingerprint,2024-04-23,Rejected,Mangaluru FSL,False
5401,1819,DNA Sample,2022-08-24,Collected,Bengaluru FSL,False
5402,1819,Mobile Phone,2022-08-24,Pending Analysis,Bengaluru FSL,True
5403,1820,Document,2025-01-18,Rejected,Bengaluru FSL,True
5404,1820,SIM Card,2025-01-18,Verified,Mysuru FSL,False
5405,1820,Clothing,2025-01-18,Rejected,Mysuru FSL,True
5406,1821,Mobile Phone,2026-01-27,Verified,Mangaluru FSL,True
5407,1821,Vehicle,2026-01-27,Collected,Mysuru FSL,False
5408,1821,DNA Sample,2026-01-27,Sent to FSL,Mangaluru FSL,False
5409,1821,Firearm,2026-01-27,Rejected,Mangaluru FSL,False
5410,1822,Laptop,2023-05-08,Pending Analysis,Mysuru FSL,True
5411,1823,Clothing,2024-01-30,Rejected,Bengaluru FSL,True
5412,1823,Vehicle,2024-01-30,Pending Analysis,Bengaluru FSL,False
5413,1824,Mobile Phone,2023-02-07,Sent to FSL,Bengaluru FSL,False
5414,1825,Vehicle,2022-12-13,Verified,Mangaluru FSL,True
5415,1825,DNA Sample,2022-12-13,Collected,Mysuru FSL,False
5416,1825,Fingerprint,2022-12-13,Collected,Mangaluru FSL,True
5417,1825,SIM Card,2022-12-13,Sent to FSL,Mangaluru FSL,True
5418,1826,Clothing,2023-11-24,Collected,Mysuru FSL,True
5419,1826,CCTV Footage,2023-11-24,Verified,Mysuru FSL,False
5420,1827,Fingerprint,2023-11-24,Verified,Mangaluru FSL,False
5421,1827,Blood Sample,2023-11-24,Verified,Bengaluru FSL,False
5422,1828,Drug Sample,2022-02-11,Collected,Mysuru FSL,True
5423,1828,Hard Disk,2022-02-11,Rejected,Bengaluru FSL,True
5424,1828,CCTV Footage,2022-02-11,Sent to FSL,Mysuru FSL,False
5425,1828,Knife,2022-02-11,Pending Analysis,Bengaluru FSL,False
5426,1829,USB Drive,2025-02-13,Sent to FSL,Mysuru FSL,True
5427,1829,Knife,2025-02-13,Rejected,Mangaluru FSL,True
5428,1829,Laptop,2025-02-13,Pending Analysis,Mysuru FSL,True
5429,1830,Blood Sample,2025-12-19,Verified,Mangaluru FSL,True
5430,1830,Mobile Phone,2025-12-19,Verified,Bengaluru FSL,True
5431,1830,USB Drive,2025-12-19,Sent to FSL,Mangaluru FSL,True
5432,1830,Laptop,2025-12-19,Rejected,Mysuru FSL,True
5433,1831,Vehicle,2025-05-27,Collected,Mysuru FSL,True
5434,1832,Document,2026-10-12,Rejected,Mangaluru FSL,True
5435,1832,Drug Sample,2026-10-12,Verified,Mangaluru FSL,False
5436,1832,Knife,2026-10-12,Rejected,Mysuru FSL,True
5437,1833,USB Drive,2023-02-07,Rejected,Mangaluru FSL,True
5438,1834,Drug Sample,2026-08-01,Pending Analysis,Mysuru FSL,True
5439,1834,DNA Sample,2026-08-01,Pending Analysis,Mysuru FSL,False
5440,1835,Clothing,2024-01-07,Rejected,Bengaluru FSL,False
5441,1835,Laptop,2024-01-07,Verified,Mangaluru FSL,True
5442,1835,Blood Sample,2024-01-07,Rejected,Bengaluru FSL,True
5443,1835,SIM Card,2024-01-07,Rejected,Mysuru FSL,True
5444,1836,Document,2025-12-08,Verified,Mangaluru FSL,False
5445,1836,Clothing,2025-12-08,Sent to FSL,Mangaluru FSL,True
5446,1836,USB Drive,2025-12-08,Verified,Bengaluru FSL,False
5447,1836,SIM Card,2025-12-08,Rejected,Mangaluru FSL,False
5448,1836,Fingerprint,2025-12-08,Verified,Mangaluru FSL,False
5449,1837,Laptop,2022-11-24,Collected,Mysuru FSL,True
5450,1837,Document,2022-11-24,Sent to FSL,Mangaluru FSL,True
5451,1837,Clothing,2022-11-24,Pending Analysis,Bengaluru FSL,False
5452,1837,SIM Card,2022-11-24,Collected,Bengaluru FSL,False
5453,1838,Clothing,2022-09-26,Sent to FSL,Mangaluru FSL,True
5454,1839,DNA Sample,2026-10-03,Sent to FSL,Mangaluru FSL,True
5455,1840,Firearm,2026-07-13,Verified,Mysuru FSL,False
5456,1840,Document,2026-07-13,Verified,Mangaluru FSL,False
5457,1840,USB Drive,2026-07-13,Rejected,Mysuru FSL,False
5458,1841,Fingerprint,2024-07-20,Rejected,Mangaluru FSL,False
5459,1841,Drug Sample,2024-07-20,Verified,Mangaluru FSL,True
5460,1841,Knife,2024-07-20,Verified,Mangaluru FSL,False
5461,1842,Mobile Phone,2025-04-27,Sent to FSL,Bengaluru FSL,True
5462,1842,USB Drive,2025-04-27,Collected,Bengaluru FSL,True
5463,1843,Document,2023-08-05,Pending Analysis,Mysuru FSL,False
5464,1843,DNA Sample,2023-08-05,Verified,Bengaluru FSL,True
5465,1843,Drug Sample,2023-08-05,Collected,Mangaluru FSL,False
5466,1844,Mobile Phone,2023-07-05,Rejected,Mangaluru FSL,True
5467,1844,Firearm,2023-07-05,Sent to FSL,Mysuru FSL,False
5468,1844,SIM Card,2023-07-05,Pending Analysis,Mangaluru FSL,True
5469,1844,Knife,2023-07-05,Collected,Bengaluru FSL,True
5470,1844,USB Drive,2023-07-05,Verified,Bengaluru FSL,False
5471,1845,Knife,2025-08-04,Verified,Bengaluru FSL,False
5472,1846,Mobile Phone,2025-05-01,Collected,Bengaluru FSL,True
5473,1846,CCTV Footage,2025-05-01,Pending Analysis,Mangaluru FSL,False
5474,1846,Drug Sample,2025-05-01,Pending Analysis,Bengaluru FSL,True
5475,1847,Document,2026-07-15,Pending Analysis,Mysuru FSL,True
5476,1848,Laptop,2024-07-09,Verified,Bengaluru FSL,False
5477,1848,Hard Disk,2024-07-09,Collected,Mysuru FSL,False
5478,1848,Mobile Phone,2024-07-09,Sent to FSL,Bengaluru FSL,True
5479,1848,Fingerprint,2024-07-09,Collected,Mysuru FSL,True
5480,1849,Laptop,2025-05-24,Sent to FSL,Mangaluru FSL,False
5481,1850,CCTV Footage,2023-11-13,Collected,Bengaluru FSL,True
5482,1850,Fingerprint,2023-11-13,Pending Analysis,Mysuru FSL,False
5483,1850,Document,2023-11-13,Pending Analysis,Bengaluru FSL,True
5484,1850,SIM Card,2023-11-13,Rejected,Bengaluru FSL,False
5485,1850,Mobile Phone,2023-11-13,Pending Analysis,Mangaluru FSL,True
5486,1851,Vehicle,2022-03-12,Verified,Mysuru FSL,False
5487,1851,DNA Sample,2022-03-12,Collected,Bengaluru FSL,True
5488,1851,SIM Card,2022-03-12,Pending Analysis,Mysuru FSL,True
5489,1851,Laptop,2022-03-12,Sent to FSL,Bengaluru FSL,False
5490,1851,Fingerprint,2022-03-12,Rejected,Mysuru FSL,True
5491,1852,Clothing,2025-11-05,Verified,Mangaluru FSL,True
5492,1852,Drug Sample,2025-11-05,Pending Analysis,Bengaluru FSL,False
5493,1853,Mobile Phone,2026-02-15,Rejected,Mangaluru FSL,True
5494,1853,Laptop,2026-02-15,Verified,Mysuru FSL,True
5495,1853,Drug Sample,2026-02-15,Sent to FSL,Mangaluru FSL,False
5496,1854,Laptop,2024-10-16,Verified,Bengaluru FSL,False
5497,1854,Drug Sample,2024-10-16,Sent to FSL,Bengaluru FSL,False
5498,1855,USB Drive,2022-06-12,Pending Analysis,Bengaluru FSL,True
5499,1856,Hard Disk,2026-06-19,Verified,Mysuru FSL,False
5500,1856,USB Drive,2026-06-19,Rejected,Mangaluru FSL,True
5501,1857,Drug Sample,2025-10-27,Verified,Mysuru FSL,False
5502,1857,Knife,2025-10-27,Collected,Mangaluru FSL,True
5503,1858,Document,2026-03-03,Pending Analysis,Bengaluru FSL,True
5504,1858,Clothing,2026-03-03,Sent to FSL,Bengaluru FSL,True
5505,1858,SIM Card,2026-03-03,Verified,Mysuru FSL,True
5506,1859,Firearm,2026-07-03,Collected,Mangaluru FSL,True
5507,1859,Knife,2026-07-03,Pending Analysis,Mangaluru FSL,True
5508,1860,Drug Sample,2024-07-10,Collected,Bengaluru FSL,True
5509,1860,Mobile Phone,2024-07-10,Rejected,Mysuru FSL,True
5510,1861,Knife,2024-04-20,Rejected,Bengaluru FSL,True
5511,1861,Laptop,2024-04-20,Pending Analysis,Bengaluru FSL,False
5512,1861,Vehicle,2024-04-20,Collected,Bengaluru FSL,False
5513,1862,Clothing,2025-06-28,Pending Analysis,Bengaluru FSL,False
5514,1863,Mobile Phone,2024-10-16,Sent to FSL,Bengaluru FSL,True
5515,1863,CCTV Footage,2024-10-16,Collected,Mangaluru FSL,False
5516,1863,Blood Sample,2024-10-16,Sent to FSL,Mangaluru FSL,True
5517,1863,Laptop,2024-10-16,Rejected,Mangaluru FSL,False
5518,1864,Drug Sample,2024-11-29,Rejected,Bengaluru FSL,False
5519,1864,USB Drive,2024-11-29,Pending Analysis,Bengaluru FSL,True
5520,1864,DNA Sample,2024-11-29,Rejected,Mangaluru FSL,True
5521,1865,Fingerprint,2026-08-22,Collected,Mangaluru FSL,True
5522,1865,DNA Sample,2026-08-22,Rejected,Mysuru FSL,False
5523,1865,Firearm,2026-08-22,Verified,Mangaluru FSL,True
5524,1866,Mobile Phone,2024-09-25,Rejected,Bengaluru FSL,False
5525,1866,Document,2024-09-25,Collected,Mangaluru FSL,False
5526,1867,Mobile Phone,2026-01-09,Sent to FSL,Mangaluru FSL,True
5527,1867,DNA Sample,2026-01-09,Sent to FSL,Bengaluru FSL,False
5528,1867,Vehicle,2026-01-09,Rejected,Bengaluru FSL,False
5529,1868,Firearm,2022-05-15,Collected,Bengaluru FSL,False
5530,1869,Mobile Phone,2022-04-15,Rejected,Mangaluru FSL,True
5531,1870,Hard Disk,2025-11-16,Verified,Bengaluru FSL,False
5532,1870,Firearm,2025-11-16,Collected,Mysuru FSL,True
5533,1870,Laptop,2025-11-16,Verified,Mangaluru FSL,True
5534,1870,Vehicle,2025-11-16,Rejected,Mangaluru FSL,False
5535,1870,Knife,2025-11-16,Collected,Mangaluru FSL,True
5536,1871,Fingerprint,2023-06-11,Pending Analysis,Mangaluru FSL,False
5537,1871,Document,2023-06-11,Pending Analysis,Bengaluru FSL,True
5538,1871,Firearm,2023-06-11,Pending Analysis,Bengaluru FSL,True
5539,1871,DNA Sample,2023-06-11,Pending Analysis,Mangaluru FSL,True
5540,1871,Hard Disk,2023-06-11,Pending Analysis,Mangaluru FSL,True
5541,1872,Fingerprint,2023-06-02,Collected,Mysuru FSL,False
5542,1872,Drug Sample,2023-06-02,Sent to FSL,Mysuru FSL,True
5543,1873,Blood Sample,2026-04-08,Collected,Bengaluru FSL,False
5544,1873,Fingerprint,2026-04-08,Verified,Bengaluru FSL,True
5545,1873,Firearm,2026-04-08,Pending Analysis,Mangaluru FSL,False
5546,1873,Document,2026-04-08,Sent to FSL,Mangaluru FSL,True
5547,1874,Mobile Phone,2024-03-03,Collected,Bengaluru FSL,False
5548,1874,Laptop,2024-03-03,Verified,Bengaluru FSL,False
5549,1874,Firearm,2024-03-03,Sent to FSL,Mangaluru FSL,True
5550,1874,DNA Sample,2024-03-03,Collected,Mangaluru FSL,True
5551,1875,Fingerprint,2022-06-02,Sent to FSL,Mangaluru FSL,False
5552,1875,Clothing,2022-06-02,Sent to FSL,Bengaluru FSL,True
5553,1876,DNA Sample,2024-04-21,Sent to FSL,Mysuru FSL,True
5554,1876,Hard Disk,2024-04-21,Sent to FSL,Bengaluru FSL,False
5555,1877,USB Drive,2025-06-18,Pending Analysis,Mangaluru FSL,True
5556,1877,Fingerprint,2025-06-18,Verified,Bengaluru FSL,True
5557,1877,CCTV Footage,2025-06-18,Sent to FSL,Mysuru FSL,False
5558,1877,Laptop,2025-06-18,Sent to FSL,Bengaluru FSL,True
5559,1877,Document,2025-06-18,Rejected,Mangaluru FSL,False
5560,1878,USB Drive,2024-12-23,Collected,Mangaluru FSL,False
5561,1878,Fingerprint,2024-12-23,Pending Analysis,Bengaluru FSL,True
5562,1878,CCTV Footage,2024-12-23,Sent to FSL,Bengaluru FSL,False
5563,1878,Hard Disk,2024-12-23,Rejected,Mysuru FSL,False
5564,1878,Blood Sample,2024-12-23,Sent to FSL,Bengaluru FSL,True
5565,1879,Knife,2024-12-25,Verified,Mangaluru FSL,False
5566,1879,USB Drive,2024-12-25,Rejected,Mysuru FSL,False
5567,1879,Vehicle,2024-12-25,Verified,Bengaluru FSL,False
5568,1879,Clothing,2024-12-25,Sent to FSL,Mangaluru FSL,False
5569,1879,SIM Card,2024-12-25,Pending Analysis,Bengaluru FSL,True
5570,1880,Mobile Phone,2025-04-13,Rejected,Mangaluru FSL,False
5571,1880,SIM Card,2025-04-13,Verified,Bengaluru FSL,False
5572,1881,Clothing,2022-07-27,Sent to FSL,Bengaluru FSL,False
5573,1881,Firearm,2022-07-27,Verified,Mysuru FSL,False
5574,1881,Document,2022-07-27,Sent to FSL,Bengaluru FSL,False
5575,1881,Mobile Phone,2022-07-27,Sent to FSL,Mysuru FSL,True
5576,1881,DNA Sample,2022-07-27,Sent to FSL,Mangaluru FSL,True
5577,1882,Blood Sample,2023-05-30,Sent to FSL,Mangaluru FSL,True
5578,1882,Mobile Phone,2023-05-30,Sent to FSL,Bengaluru FSL,False
5579,1883,Laptop,2025-12-23,Verified,Bengaluru FSL,False
5580,1883,Vehicle,2025-12-23,Verified,Mysuru FSL,False
5581,1883,Blood Sample,2025-12-23,Pending Analysis,Mysuru FSL,True
5582,1884,Laptop,2024-02-09,Pending Analysis,Bengaluru FSL,False
5583,1884,Drug Sample,2024-02-09,Verified,Mysuru FSL,False
5584,1884,Hard Disk,2024-02-09,Rejected,Mangaluru FSL,True
5585,1885,Blood Sample,2026-09-03,Sent to FSL,Mysuru FSL,True
5586,1885,Knife,2026-09-03,Verified,Bengaluru FSL,True
5587,1885,Firearm,2026-09-03,Collected,Mangaluru FSL,True
5588,1885,Hard Disk,2026-09-03,Pending Analysis,Mysuru FSL,True
5589,1886,Mobile Phone,2025-03-31,Collected,Bengaluru FSL,False
5590,1887,Laptop,2023-03-14,Rejected,Mysuru FSL,True
5591,1887,SIM Card,2023-03-14,Verified,Mangaluru FSL,True
5592,1887,Drug Sample,2023-03-14,Rejected,Mangaluru FSL,True
5593,1887,Document,2023-03-14,Collected,Mangaluru FSL,True
5594,1887,Mobile Phone,2023-03-14,Verified,Mangaluru FSL,True
5595,1888,CCTV Footage,2025-05-05,Verified,Bengaluru FSL,False
5596,1888,Knife,2025-05-05,Verified,Bengaluru FSL,False
5597,1888,Firearm,2025-05-05,Verified,Mangaluru FSL,False
5598,1888,Vehicle,2025-05-05,Collected,Mangaluru FSL,False
5599,1889,Firearm,2024-10-04,Verified,Mysuru FSL,True
5600,1889,Mobile Phone,2024-10-04,Sent to FSL,Mangaluru FSL,False
5601,1890,CCTV Footage,2022-12-13,Collected,Bengaluru FSL,True
5602,1890,Vehicle,2022-12-13,Rejected,Mangaluru FSL,False
5603,1890,Fingerprint,2022-12-13,Rejected,Mysuru FSL,True
5604,1891,Clothing,2025-09-20,Collected,Bengaluru FSL,False
5605,1891,Firearm,2025-09-20,Sent to FSL,Mysuru FSL,False
5606,1892,CCTV Footage,2026-06-04,Rejected,Mangaluru FSL,False
5607,1893,DNA Sample,2024-03-03,Collected,Mangaluru FSL,False
5608,1893,CCTV Footage,2024-03-03,Verified,Bengaluru FSL,False
5609,1893,Document,2024-03-03,Pending Analysis,Mysuru FSL,False
5610,1893,Laptop,2024-03-03,Verified,Bengaluru FSL,False
5611,1894,Mobile Phone,2024-04-28,Collected,Mangaluru FSL,True
5612,1894,Fingerprint,2024-04-28,Collected,Bengaluru FSL,True
5613,1894,SIM Card,2024-04-28,Verified,Mysuru FSL,False
5614,1895,CCTV Footage,2024-05-06,Collected,Mysuru FSL,True
5615,1895,Blood Sample,2024-05-06,Pending Analysis,Bengaluru FSL,True
5616,1895,Clothing,2024-05-06,Rejected,Mysuru FSL,False
5617,1895,DNA Sample,2024-05-06,Rejected,Bengaluru FSL,True
5618,1896,SIM Card,2022-01-05,Pending Analysis,Mysuru FSL,True
5619,1896,Mobile Phone,2022-01-05,Pending Analysis,Mysuru FSL,False
5620,1897,Clothing,2023-04-19,Pending Analysis,Mangaluru FSL,True
5621,1898,Blood Sample,2024-02-20,Pending Analysis,Bengaluru FSL,False
5622,1898,Laptop,2024-02-20,Pending Analysis,Bengaluru FSL,False
5623,1899,DNA Sample,2022-04-15,Pending Analysis,Mangaluru FSL,False
5624,1899,Laptop,2022-04-15,Sent to FSL,Mangaluru FSL,True
5625,1899,USB Drive,2022-04-15,Sent to FSL,Mangaluru FSL,True
5626,1899,Blood Sample,2022-04-15,Collected,Bengaluru FSL,False
5627,1900,Blood Sample,2025-03-27,Verified,Bengaluru FSL,True
5628,1901,Mobile Phone,2026-03-14,Rejected,Bengaluru FSL,False
5629,1901,CCTV Footage,2026-03-14,Rejected,Bengaluru FSL,False
5630,1902,SIM Card,2022-04-01,Pending Analysis,Mysuru FSL,True
5631,1902,CCTV Footage,2022-04-01,Pending Analysis,Mangaluru FSL,True
5632,1903,SIM Card,2025-10-26,Rejected,Mangaluru FSL,True
5633,1903,Drug Sample,2025-10-26,Pending Analysis,Mysuru FSL,False
5634,1903,Fingerprint,2025-10-26,Rejected,Mysuru FSL,True
5635,1904,CCTV Footage,2026-08-08,Collected,Mangaluru FSL,True
5636,1905,SIM Card,2022-11-23,Pending Analysis,Mysuru FSL,True
5637,1906,Blood Sample,2024-10-30,Verified,Mysuru FSL,True
5638,1907,Hard Disk,2025-04-24,Sent to FSL,Mysuru FSL,False
5639,1907,CCTV Footage,2025-04-24,Sent to FSL,Bengaluru FSL,True
5640,1908,CCTV Footage,2022-03-15,Pending Analysis,Bengaluru FSL,True
5641,1908,Knife,2022-03-15,Verified,Bengaluru FSL,True
5642,1908,Hard Disk,2022-03-15,Sent to FSL,Mysuru FSL,True
5643,1909,Knife,2023-08-15,Collected,Mangaluru FSL,False
5644,1909,Fingerprint,2023-08-15,Collected,Bengaluru FSL,False
5645,1909,Clothing,2023-08-15,Verified,Mysuru FSL,False
5646,1910,Document,2023-03-03,Sent to FSL,Mysuru FSL,False
5647,1910,Vehicle,2023-03-03,Pending Analysis,Mysuru FSL,False
5648,1910,SIM Card,2023-03-03,Verified,Mysuru FSL,True
5649,1910,Knife,2023-03-03,Pending Analysis,Mysuru FSL,True
5650,1911,Hard Disk,2023-12-19,Collected,Mysuru FSL,True
5651,1911,Document,2023-12-19,Collected,Mangaluru FSL,False
5652,1911,DNA Sample,2023-12-19,Collected,Mysuru FSL,False
5653,1911,Blood Sample,2023-12-19,Rejected,Bengaluru FSL,True
5654,1911,Drug Sample,2023-12-19,Verified,Bengaluru FSL,True
5655,1912,Hard Disk,2024-10-18,Sent to FSL,Mangaluru FSL,False
5656,1912,Laptop,2024-10-18,Collected,Mangaluru FSL,False
5657,1912,Clothing,2024-10-18,Collected,Mysuru FSL,False
5658,1912,DNA Sample,2024-10-18,Pending Analysis,Mysuru FSL,False
5659,1913,Firearm,2024-10-18,Verified,Mysuru FSL,True
5660,1914,Firearm,2024-04-16,Sent to FSL,Bengaluru FSL,False
5661,1914,USB Drive,2024-04-16,Verified,Bengaluru FSL,False
5662,1914,Vehicle,2024-04-16,Sent to FSL,Mangaluru FSL,True
5663,1914,Laptop,2024-04-16,Sent to FSL,Bengaluru FSL,True
5664,1915,Document,2023-07-20,Sent to FSL,Mangaluru FSL,False
5665,1915,Vehicle,2023-07-20,Pending Analysis,Bengaluru FSL,True
5666,1915,DNA Sample,2023-07-20,Pending Analysis,Bengaluru FSL,True
5667,1915,Firearm,2023-07-20,Sent to FSL,Mangaluru FSL,True
5668,1916,USB Drive,2022-11-13,Pending Analysis,Bengaluru FSL,True
5669,1916,DNA Sample,2022-11-13,Rejected,Mysuru FSL,False
5670,1916,Knife,2022-11-13,Collected,Mysuru FSL,False
5671,1916,CCTV Footage,2022-11-13,Sent to FSL,Mysuru FSL,True
5672,1916,Document,2022-11-13,Collected,Bengaluru FSL,True
5673,1917,Laptop,2025-03-24,Sent to FSL,Mysuru FSL,False
5674,1918,Fingerprint,2023-07-17,Pending Analysis,Bengaluru FSL,False
5675,1918,Vehicle,2023-07-17,Sent to FSL,Bengaluru FSL,False
5676,1919,Fingerprint,2026-10-05,Collected,Bengaluru FSL,False
5677,1919,Clothing,2026-10-05,Collected,Bengaluru FSL,True
5678,1919,Mobile Phone,2026-10-05,Sent to FSL,Mangaluru FSL,False
5679,1919,Hard Disk,2026-10-05,Collected,Bengaluru FSL,False
5680,1920,Mobile Phone,2024-03-27,Verified,Mysuru FSL,False
5681,1920,Vehicle,2024-03-27,Collected,Mangaluru FSL,True
5682,1920,DNA Sample,2024-03-27,Rejected,Mangaluru FSL,True
5683,1921,USB Drive,2022-09-07,Verified,Mangaluru FSL,True
5684,1922,Drug Sample,2023-07-27,Pending Analysis,Bengaluru FSL,True
5685,1922,USB Drive,2023-07-27,Collected,Bengaluru FSL,True
5686,1922,Vehicle,2023-07-27,Rejected,Mangaluru FSL,True
5687,1922,DNA Sample,2023-07-27,Sent to FSL,Mangaluru FSL,True
5688,1923,Document,2022-09-26,Sent to FSL,Bengaluru FSL,False
5689,1923,SIM Card,2022-09-26,Sent to FSL,Bengaluru FSL,True
5690,1924,Knife,2022-03-20,Rejected,Bengaluru FSL,True
5691,1925,Blood Sample,2022-06-23,Rejected,Bengaluru FSL,True
5692,1925,Mobile Phone,2022-06-23,Rejected,Mysuru FSL,True
5693,1926,Knife,2024-07-19,Rejected,Mysuru FSL,False
5694,1927,Blood Sample,2025-04-21,Sent to FSL,Mysuru FSL,True
5695,1927,Mobile Phone,2025-04-21,Pending Analysis,Mysuru FSL,False
5696,1928,Mobile Phone,2023-03-10,Sent to FSL,Mangaluru FSL,True
5697,1928,Blood Sample,2023-03-10,Pending Analysis,Bengaluru FSL,False
5698,1928,DNA Sample,2023-03-10,Pending Analysis,Bengaluru FSL,False
5699,1928,Hard Disk,2023-03-10,Rejected,Mysuru FSL,False
5700,1928,Vehicle,2023-03-10,Rejected,Bengaluru FSL,False
5701,1929,Hard Disk,2025-05-27,Pending Analysis,Bengaluru FSL,True
5702,1930,Clothing,2023-04-28,Collected,Mysuru FSL,False
5703,1930,CCTV Footage,2023-04-28,Sent to FSL,Mysuru FSL,False
5704,1930,Fingerprint,2023-04-28,Verified,Mangaluru FSL,False
5705,1930,Vehicle,2023-04-28,Pending Analysis,Bengaluru FSL,True
5706,1930,DNA Sample,2023-04-28,Collected,Bengaluru FSL,True
5707,1931,Firearm,2023-09-28,Rejected,Mangaluru FSL,True
5708,1931,Mobile Phone,2023-09-28,Sent to FSL,Bengaluru FSL,True
5709,1932,CCTV Footage,2026-05-09,Pending Analysis,Mangaluru FSL,True
5710,1932,Drug Sample,2026-05-09,Sent to FSL,Bengaluru FSL,False
5711,1932,Hard Disk,2026-05-09,Verified,Mangaluru FSL,False
5712,1932,USB Drive,2026-05-09,Collected,Mysuru FSL,True
5713,1933,Vehicle,2024-01-19,Rejected,Mangaluru FSL,False
5714,1934,Blood Sample,2026-06-07,Sent to FSL,Mysuru FSL,False
5715,1934,Vehicle,2026-06-07,Sent to FSL,Mysuru FSL,True
5716,1935,SIM Card,2026-08-04,Collected,Mysuru FSL,True
5717,1936,Document,2024-05-23,Verified,Bengaluru FSL,True
5718,1936,Firearm,2024-05-23,Collected,Bengaluru FSL,True
5719,1936,Blood Sample,2024-05-23,Verified,Mangaluru FSL,True
5720,1936,Vehicle,2024-05-23,Collected,Bengaluru FSL,True
5721,1937,Laptop,2022-03-14,Collected,Mysuru FSL,True
5722,1937,CCTV Footage,2022-03-14,Pending Analysis,Mangaluru FSL,False
5723,1937,Vehicle,2022-03-14,Pending Analysis,Bengaluru FSL,False
5724,1937,Knife,2022-03-14,Rejected,Bengaluru FSL,True
5725,1937,Clothing,2022-03-14,Sent to FSL,Mysuru FSL,False
5726,1938,Vehicle,2024-11-04,Pending Analysis,Mysuru FSL,False
5727,1938,Drug Sample,2024-11-04,Pending Analysis,Mysuru FSL,True
5728,1938,Document,2024-11-04,Rejected,Bengaluru FSL,True
5729,1938,DNA Sample,2024-11-04,Pending Analysis,Mysuru FSL,True
5730,1938,Blood Sample,2024-11-04,Verified,Mangaluru FSL,True
5731,1939,Document,2026-12-17,Pending Analysis,Mangaluru FSL,False
5732,1939,DNA Sample,2026-12-17,Sent to FSL,Mangaluru FSL,True
5733,1939,Laptop,2026-12-17,Sent to FSL,Bengaluru FSL,False
5734,1939,Clothing,2026-12-17,Verified,Mangaluru FSL,False
5735,1940,Laptop,2024-04-09,Verified,Mangaluru FSL,True
5736,1940,Knife,2024-04-09,Sent to FSL,Mangaluru FSL,True
5737,1940,Firearm,2024-04-09,Collected,Mysuru FSL,False
5738,1940,SIM Card,2024-04-09,Sent to FSL,Mysuru FSL,True
5739,1940,Fingerprint,2024-04-09,Collected,Bengaluru FSL,False
5740,1941,Drug Sample,2025-07-06,Sent to FSL,Mangaluru FSL,False
5741,1941,DNA Sample,2025-07-06,Pending Analysis,Mangaluru FSL,False
5742,1941,Vehicle,2025-07-06,Rejected,Bengaluru FSL,True
5743,1941,Blood Sample,2025-07-06,Sent to FSL,Bengaluru FSL,True
5744,1942,DNA Sample,2024-02-15,Collected,Mysuru FSL,False
5745,1943,SIM Card,2023-02-07,Collected,Mangaluru FSL,False
5746,1943,DNA Sample,2023-02-07,Sent to FSL,Bengaluru FSL,True
5747,1943,Laptop,2023-02-07,Pending Analysis,Bengaluru FSL,False
5748,1943,CCTV Footage,2023-02-07,Sent to FSL,Bengaluru FSL,False
5749,1944,CCTV Footage,2026-10-09,Sent to FSL,Bengaluru FSL,True
5750,1944,Clothing,2026-10-09,Rejected,Mangaluru FSL,True
5751,1944,Laptop,2026-10-09,Collected,Mysuru FSL,False
5752,1944,Knife,2026-10-09,Collected,Mangaluru FSL,False
5753,1945,USB Drive,2026-08-29,Rejected,Mangaluru FSL,False
5754,1945,Laptop,2026-08-29,Verified,Bengaluru FSL,True
5755,1945,Mobile Phone,2026-08-29,Pending Analysis,Mangaluru FSL,False
5756,1945,Hard Disk,2026-08-29,Pending Analysis,Bengaluru FSL,False
5757,1946,Mobile Phone,2026-01-28,Pending Analysis,Bengaluru FSL,True
5758,1947,Hard Disk,2024-07-24,Rejected,Mysuru FSL,True
5759,1948,Blood Sample,2024-08-13,Pending Analysis,Mangaluru FSL,True
5760,1949,Knife,2024-06-07,Collected,Mangaluru FSL,True
5761,1949,CCTV Footage,2024-06-07,Verified,Mangaluru FSL,True
5762,1949,DNA Sample,2024-06-07,Sent to FSL,Mangaluru FSL,False
5763,1950,Fingerprint,2026-01-09,Verified,Bengaluru FSL,True
5764,1951,Knife,2026-12-12,Pending Analysis,Bengaluru FSL,True
5765,1951,Document,2026-12-12,Collected,Bengaluru FSL,False
5766,1951,Laptop,2026-12-12,Rejected,Bengaluru FSL,True
5767,1952,Firearm,2023-05-19,Sent to FSL,Mysuru FSL,False
5768,1953,Laptop,2025-02-05,Verified,Bengaluru FSL,True
5769,1953,Vehicle,2025-02-05,Verified,Mangaluru FSL,False
5770,1953,Knife,2025-02-05,Sent to FSL,Mysuru FSL,False
5771,1954,Laptop,2022-10-06,Verified,Bengaluru FSL,False
5772,1954,DNA Sample,2022-10-06,Collected,Bengaluru FSL,False
5773,1954,SIM Card,2022-10-06,Verified,Mysuru FSL,False
5774,1954,Drug Sample,2022-10-06,Verified,Mangaluru FSL,False
5775,1955,Firearm,2026-03-17,Collected,Mangaluru FSL,False
5776,1956,SIM Card,2026-04-08,Pending Analysis,Bengaluru FSL,False
5777,1956,Laptop,2026-04-08,Collected,Mysuru FSL,False
5778,1957,Hard Disk,2022-07-15,Sent to FSL,Mysuru FSL,False
5779,1957,DNA Sample,2022-07-15,Collected,Mysuru FSL,False
5780,1957,USB Drive,2022-07-15,Collected,Mangaluru FSL,False
5781,1957,Blood Sample,2022-07-15,Rejected,Mysuru FSL,False
5782,1957,Mobile Phone,2022-07-15,Pending Analysis,Mysuru FSL,True
5783,1958,CCTV Footage,2024-04-21,Sent to FSL,Mysuru FSL,True
5784,1958,Fingerprint,2024-04-21,Pending Analysis,Bengaluru FSL,True
5785,1958,Drug Sample,2024-04-21,Verified,Mangaluru FSL,True
5786,1958,Clothing,2024-04-21,Collected,Mangaluru FSL,False
5787,1958,DNA Sample,2024-04-21,Verified,Bengaluru FSL,True
5788,1959,Drug Sample,2023-11-20,Rejected,Mysuru FSL,True
5789,1959,Hard Disk,2023-11-20,Sent to FSL,Bengaluru FSL,False
5790,1959,USB Drive,2023-11-20,Rejected,Mangaluru FSL,False
5791,1959,Firearm,2023-11-20,Rejected,Mysuru FSL,False
5792,1960,DNA Sample,2026-01-18,Verified,Mysuru FSL,False
5793,1960,Firearm,2026-01-18,Pending Analysis,Bengaluru FSL,False
5794,1961,CCTV Footage,2022-07-01,Sent to FSL,Mangaluru FSL,False
5795,1961,Hard Disk,2022-07-01,Collected,Mysuru FSL,False
5796,1961,USB Drive,2022-07-01,Sent to FSL,Mysuru FSL,False
5797,1961,Drug Sample,2022-07-01,Verified,Mysuru FSL,False
5798,1961,Laptop,2022-07-01,Verified,Bengaluru FSL,True
5799,1962,Laptop,2025-07-06,Rejected,Bengaluru FSL,True
5800,1962,USB Drive,2025-07-06,Pending Analysis,Bengaluru FSL,True
5801,1962,Knife,2025-07-06,Verified,Mysuru FSL,False
5802,1962,Firearm,2025-07-06,Verified,Mysuru FSL,False
5803,1962,Mobile Phone,2025-07-06,Pending Analysis,Mysuru FSL,True
5804,1963,Document,2025-01-01,Collected,Bengaluru FSL,False
5805,1963,CCTV Footage,2025-01-01,Pending Analysis,Mysuru FSL,False
5806,1963,SIM Card,2025-01-01,Rejected,Bengaluru FSL,False
5807,1963,Vehicle,2025-01-01,Collected,Bengaluru FSL,False
5808,1963,DNA Sample,2025-01-01,Pending Analysis,Mysuru FSL,True
5809,1964,Mobile Phone,2024-12-30,Sent to FSL,Bengaluru FSL,False
5810,1964,SIM Card,2024-12-30,Collected,Mysuru FSL,True
5811,1965,Knife,2026-04-30,Collected,Mysuru FSL,True
5812,1965,DNA Sample,2026-04-30,Collected,Mysuru FSL,True
5813,1965,Mobile Phone,2026-04-30,Verified,Bengaluru FSL,True
5814,1965,Vehicle,2026-04-30,Pending Analysis,Mangaluru FSL,True
5815,1965,Hard Disk,2026-04-30,Collected,Mysuru FSL,True
5816,1966,Mobile Phone,2023-06-20,Sent to FSL,Mangaluru FSL,False
5817,1966,Firearm,2023-06-20,Pending Analysis,Mangaluru FSL,False
5818,1967,USB Drive,2026-11-04,Verified,Bengaluru FSL,True
5819,1968,Knife,2024-04-08,Verified,Mysuru FSL,False
5820,1969,Clothing,2026-04-06,Rejected,Mangaluru FSL,False
5821,1969,USB Drive,2026-04-06,Verified,Bengaluru FSL,True
5822,1969,DNA Sample,2026-04-06,Sent to FSL,Bengaluru FSL,False
5823,1969,Document,2026-04-06,Sent to FSL,Mangaluru FSL,False
5824,1970,USB Drive,2022-04-08,Verified,Mangaluru FSL,True
5825,1970,Fingerprint,2022-04-08,Verified,Bengaluru FSL,True
5826,1970,Mobile Phone,2022-04-08,Collected,Bengaluru FSL,False
5827,1970,Hard Disk,2022-04-08,Sent to FSL,Bengaluru FSL,True
5828,1970,DNA Sample,2022-04-08,Pending Analysis,Bengaluru FSL,True
5829,1971,Laptop,2024-11-11,Verified,Mysuru FSL,False
5830,1971,Blood Sample,2024-11-11,Rejected,Mangaluru FSL,False
5831,1972,Laptop,2026-12-25,Pending Analysis,Bengaluru FSL,True
5832,1972,Firearm,2026-12-25,Pending Analysis,Bengaluru FSL,True
5833,1972,Fingerprint,2026-12-25,Collected,Mysuru FSL,False
5834,1972,SIM Card,2026-12-25,Rejected,Bengaluru FSL,False
5835,1972,CCTV Footage,2026-12-25,Pending Analysis,Bengaluru FSL,True
5836,1973,DNA Sample,2022-10-08,Rejected,Mysuru FSL,True
5837,1973,Drug Sample,2022-10-08,Pending Analysis,Bengaluru FSL,True
5838,1973,Fingerprint,2022-10-08,Pending Analysis,Bengaluru FSL,False
5839,1974,Laptop,2024-01-15,Verified,Mysuru FSL,True
5840,1975,Vehicle,2022-07-28,Collected,Bengaluru FSL,False
5841,1976,Fingerprint,2024-04-03,Collected,Bengaluru FSL,False
5842,1977,Clothing,2026-10-23,Sent to FSL,Mangaluru FSL,True
5843,1977,CCTV Footage,2026-10-23,Pending Analysis,Mangaluru FSL,True
5844,1977,Vehicle,2026-10-23,Rejected,Mysuru FSL,True
5845,1977,Hard Disk,2026-10-23,Sent to FSL,Mysuru FSL,True
5846,1977,USB Drive,2026-10-23,Rejected,Mysuru FSL,True
5847,1978,DNA Sample,2025-08-01,Rejected,Mysuru FSL,False
5848,1979,Mobile Phone,2025-05-08,Rejected,Mysuru FSL,False
5849,1979,Laptop,2025-05-08,Pending Analysis,Bengaluru FSL,False
5850,1979,Document,2025-05-08,Verified,Mangaluru FSL,True
5851,1980,Document,2025-11-24,Collected,Mysuru FSL,True
5852,1980,Vehicle,2025-11-24,Verified,Mangaluru FSL,True
5853,1980,Blood Sample,2025-11-24,Sent to FSL,Mysuru FSL,True
5854,1980,Fingerprint,2025-11-24,Sent to FSL,Mysuru FSL,True
5855,1981,CCTV Footage,2024-01-01,Collected,Mangaluru FSL,False
5856,1981,Fingerprint,2024-01-01,Collected,Bengaluru FSL,True
5857,1981,Mobile Phone,2024-01-01,Pending Analysis,Mangaluru FSL,False
5858,1982,DNA Sample,2023-11-17,Collected,Bengaluru FSL,False
5859,1982,Fingerprint,2023-11-17,Sent to FSL,Mysuru FSL,True
5860,1983,Document,2023-07-19,Sent to FSL,Mysuru FSL,False
5861,1983,DNA Sample,2023-07-19,Verified,Bengaluru FSL,False
5862,1984,CCTV Footage,2026-01-11,Pending Analysis,Bengaluru FSL,True
5863,1984,Mobile Phone,2026-01-11,Pending Analysis,Mangaluru FSL,False
5864,1984,USB Drive,2026-01-11,Sent to FSL,Mangaluru FSL,True
5865,1985,Mobile Phone,2025-01-04,Collected,Mangaluru FSL,True
5866,1985,Drug Sample,2025-01-04,Verified,Mysuru FSL,True
5867,1985,Firearm,2025-01-04,Pending Analysis,Mangaluru FSL,True
5868,1985,Knife,2025-01-04,Collected,Bengaluru FSL,True
5869,1985,Clothing,2025-01-04,Pending Analysis,Mangaluru FSL,False
5870,1986,Firearm,2025-10-11,Rejected,Bengaluru FSL,False
5871,1986,Drug Sample,2025-10-11,Verified,Mangaluru FSL,True
5872,1987,Knife,2026-07-01,Rejected,Mangaluru FSL,True
5873,1987,Fingerprint,2026-07-01,Rejected,Bengaluru FSL,True
5874,1988,Hard Disk,2026-03-09,Pending Analysis,Bengaluru FSL,True
5875,1988,USB Drive,2026-03-09,Rejected,Mangaluru FSL,True
5876,1988,Fingerprint,2026-03-09,Verified,Mangaluru FSL,False
5877,1988,Vehicle,2026-03-09,Rejected,Mysuru FSL,False
5878,1988,Mobile Phone,2026-03-09,Pending Analysis,Bengaluru FSL,False
5879,1989,Knife,2026-04-19,Pending Analysis,Bengaluru FSL,False
5880,1989,Hard Disk,2026-04-19,Collected,Bengaluru FSL,True
5881,1989,Laptop,2026-04-19,Rejected,Bengaluru FSL,False
5882,1990,CCTV Footage,2022-12-10,Collected,Mangaluru FSL,True
5883,1990,Drug Sample,2022-12-10,Pending Analysis,Bengaluru FSL,False
5884,1990,Firearm,2022-12-10,Pending Analysis,Bengaluru FSL,False
5885,1990,Blood Sample,2022-12-10,Verified,Mangaluru FSL,False
5886,1990,Document,2022-12-10,Verified,Mysuru FSL,False
5887,1991,Clothing,2026-01-16,Verified,Bengaluru FSL,True
5888,1991,Mobile Phone,2026-01-16,Collected,Bengaluru FSL,False
5889,1991,Firearm,2026-01-16,Sent to FSL,Mangaluru FSL,False
5890,1992,Blood Sample,2025-04-27,Sent to FSL,Mangaluru FSL,True
5891,1992,Firearm,2025-04-27,Sent to FSL,Mysuru FSL,False
5892,1993,SIM Card,2026-04-11,Collected,Mysuru FSL,True
5893,1994,DNA Sample,2024-04-03,Sent to FSL,Mangaluru FSL,False
5894,1994,Knife,2024-04-03,Collected,Bengaluru FSL,False
5895,1995,Laptop,2025-03-26,Collected,Mangaluru FSL,True
5896,1995,Hard Disk,2025-03-26,Sent to FSL,Bengaluru FSL,False
5897,1995,Fingerprint,2025-03-26,Collected,Bengaluru FSL,False
5898,1995,Clothing,2025-03-26,Rejected,Mysuru FSL,False
5899,1996,Blood Sample,2026-05-11,Collected,Mysuru FSL,False
5900,1996,Laptop,2026-05-11,Verified,Mangaluru FSL,False
5901,1996,Fingerprint,2026-05-11,Sent to FSL,Mysuru FSL,False
5902,1997,Blood Sample,2022-08-17,Pending Analysis,Bengaluru FSL,False
5903,1997,Knife,2022-08-17,Verified,Mangaluru FSL,False
5904,1997,Fingerprint,2022-08-17,Pending Analysis,Bengaluru FSL,True
5905,1998,Vehicle,2022-04-09,Pending Analysis,Mysuru FSL,True
5906,1998,Knife,2022-04-09,Rejected,Mangaluru FSL,False
5907,1998,Hard Disk,2022-04-09,Sent to FSL,Bengaluru FSL,False
5908,1998,Laptop,2022-04-09,Rejected,Mysuru FSL,False
5909,1998,USB Drive,2022-04-09,Pending Analysis,Mysuru FSL,True
5910,1999,Mobile Phone,2025-03-07,Sent to FSL,Mangaluru FSL,False
5911,1999,Drug Sample,2025-03-07,Verified,Mangaluru FSL,False
5912,1999,Firearm,2025-03-07,Sent to FSL,Mysuru FSL,True
5913,2000,Firearm,2026-09-12,Verified,Mysuru FSL,False
5914,2000,Hard Disk,2026-09-12,Rejected,Mangaluru FSL,False
5915,2000,CCTV Footage,2026-09-12,Pending Analysis,Bengaluru FSL,False
5916,2000,Blood Sample,2026-09-12,Collected,Bengaluru FSL,False
5917,2000,Mobile Phone,2026-09-12,Collected,Mysuru FSL,False
5918,2001,Laptop,2026-03-23,Sent to FSL,Mysuru FSL,True
5919,2001,Firearm,2026-03-23,Pending Analysis,Bengaluru FSL,False
5920,2002,Laptop,2025-10-04,Collected,Mysuru FSL,False
5921,2002,Drug Sample,2025-10-04,Rejected,Mysuru FSL,False
5922,2002,Firearm,2025-10-04,Sent to FSL,Mangaluru FSL,True
5923,2002,Document,2025-10-04,Verified,Mysuru FSL,False
5924,2002,Vehicle,2025-10-04,Verified,Mysuru FSL,False
5925,2003,DNA Sample,2026-12-19,Sent to FSL,Mangaluru FSL,False
5926,2004,Document,2025-03-18,Collected,Bengaluru FSL,False
5927,2004,Hard Disk,2025-03-18,Collected,Mysuru FSL,False
5928,2004,DNA Sample,2025-03-18,Collected,Mangaluru FSL,True
5929,2004,Laptop,2025-03-18,Pending Analysis,Mangaluru FSL,False
5930,2005,Mobile Phone,2024-07-23,Verified,Bengaluru FSL,False
5931,2005,Vehicle,2024-07-23,Sent to FSL,Mysuru FSL,True
5932,2005,Knife,2024-07-23,Collected,Mysuru FSL,True
5933,2005,Document,2024-07-23,Collected,Mysuru FSL,False
5934,2006,DNA Sample,2026-11-30,Verified,Mangaluru FSL,True
5935,2006,Hard Disk,2026-11-30,Verified,Mangaluru FSL,False
5936,2007,Mobile Phone,2026-04-01,Rejected,Mysuru FSL,False
5937,2007,DNA Sample,2026-04-01,Collected,Bengaluru FSL,True
5938,2007,Blood Sample,2026-04-01,Verified,Mangaluru FSL,True
5939,2008,USB Drive,2024-06-06,Pending Analysis,Mysuru FSL,False
5940,2008,Drug Sample,2024-06-06,Collected,Mangaluru FSL,True
5941,2008,Blood Sample,2024-06-06,Collected,Mysuru FSL,True
5942,2008,SIM Card,2024-06-06,Rejected,Mangaluru FSL,True
5943,2009,Knife,2026-06-24,Verified,Mangaluru FSL,False
5944,2009,Clothing,2026-06-24,Verified,Mysuru FSL,True
5945,2010,Fingerprint,2024-02-18,Collected,Mysuru FSL,False
5946,2010,Drug Sample,2024-02-18,Verified,Bengaluru FSL,True
5947,2010,Vehicle,2024-02-18,Pending Analysis,Bengaluru FSL,False
5948,2011,Laptop,2026-12-26,Verified,Mangaluru FSL,False
5949,2012,Document,2025-10-01,Pending Analysis,Mangaluru FSL,True
5950,2012,USB Drive,2025-10-01,Collected,Bengaluru FSL,True
5951,2012,Mobile Phone,2025-10-01,Verified,Bengaluru FSL,False
5952,2013,Mobile Phone,2025-03-07,Verified,Bengaluru FSL,False
5953,2013,Clothing,2025-03-07,Pending Analysis,Bengaluru FSL,True
5954,2013,Hard Disk,2025-03-07,Rejected,Bengaluru FSL,False
5955,2013,Laptop,2025-03-07,Collected,Bengaluru FSL,False
5956,2013,Knife,2025-03-07,Collected,Bengaluru FSL,True
5957,2014,Clothing,2024-09-20,Verified,Mangaluru FSL,False
5958,2014,Firearm,2024-09-20,Sent to FSL,Mangaluru FSL,True
5959,2014,Drug Sample,2024-09-20,Collected,Bengaluru FSL,False
5960,2014,Knife,2024-09-20,Verified,Mysuru FSL,False
5961,2015,Fingerprint,2024-02-10,Rejected,Mysuru FSL,False
5962,2015,Vehicle,2024-02-10,Rejected,Bengaluru FSL,True
5963,2015,SIM Card,2024-02-10,Pending Analysis,Mangaluru FSL,False
5964,2015,Laptop,2024-02-10,Pending Analysis,Mangaluru FSL,False
5965,2015,Clothing,2024-02-10,Sent to FSL,Mysuru FSL,False
5966,2016,USB Drive,2024-08-07,Rejected,Mysuru FSL,True
5967,2016,Laptop,2024-08-07,Verified,Bengaluru FSL,False
5968,2017,SIM Card,2022-10-21,Collected,Bengaluru FSL,True
5969,2018,Vehicle,2022-02-13,Collected,Mangaluru FSL,False
5970,2018,Blood Sample,2022-02-13,Rejected,Mangaluru FSL,True
5971,2019,Drug Sample,2025-06-25,Verified,Mangaluru FSL,False
5972,2020,Fingerprint,2022-12-09,Pending Analysis,Bengaluru FSL,False
5973,2020,Drug Sample,2022-12-09,Verified,Mangaluru FSL,False
5974,2020,Vehicle,2022-12-09,Verified,Mysuru FSL,True
5975,2020,Document,2022-12-09,Sent to FSL,Mangaluru FSL,True
5976,2021,USB Drive,2025-06-29,Verified,Bengaluru FSL,True
5977,2021,Clothing,2025-06-29,Rejected,Bengaluru FSL,True
5978,2022,USB Drive,2026-08-05,Collected,Mysuru FSL,True
5979,2022,DNA Sample,2026-08-05,Collected,Mysuru FSL,False
5980,2022,Document,2026-08-05,Pending Analysis,Mysuru FSL,True
5981,2023,DNA Sample,2022-11-18,Verified,Bengaluru FSL,False
5982,2024,Drug Sample,2022-07-14,Sent to FSL,Mysuru FSL,True
5983,2024,Vehicle,2022-07-14,Rejected,Bengaluru FSL,False
5984,2024,CCTV Footage,2022-07-14,Sent to FSL,Bengaluru FSL,False
5985,2024,Laptop,2022-07-14,Sent to FSL,Mangaluru FSL,False
5986,2025,Knife,2022-05-14,Verified,Mangaluru FSL,False
5987,2025,Mobile Phone,2022-05-14,Rejected,Mangaluru FSL,False
5988,2026,Drug Sample,2025-10-31,Pending Analysis,Bengaluru FSL,False
5989,2026,Laptop,2025-10-31,Pending Analysis,Mangaluru FSL,True
5990,2026,Hard Disk,2025-10-31,Pending Analysis,Mysuru FSL,False
5991,2026,Blood Sample,2025-10-31,Verified,Mangaluru FSL,True
5992,2026,Firearm,2025-10-31,Collected,Bengaluru FSL,True
5993,2027,Firearm,2023-09-08,Rejected,Mangaluru FSL,True
5994,2027,Vehicle,2023-09-08,Pending Analysis,Bengaluru FSL,True
5995,2027,Laptop,2023-09-08,Sent to FSL,Mysuru FSL,True
5996,2027,Drug Sample,2023-09-08,Verified,Mysuru FSL,False
5997,2027,Clothing,2023-09-08,Pending Analysis,Bengaluru FSL,True
5998,2028,Hard Disk,2023-10-20,Verified,Mangaluru FSL,False
5999,2028,CCTV Footage,2023-10-20,Collected,Bengaluru FSL,False
6000,2029,Knife,2025-02-08,Collected,Mysuru FSL,True
6001,2029,Hard Disk,2025-02-08,Pending Analysis,Mysuru FSL,True
6002,2029,Mobile Phone,2025-02-08,Sent to FSL,Mysuru FSL,True
6003,2030,Clothing,2025-07-26,Collected,Bengaluru FSL,True
6004,2030,Hard Disk,2025-07-26,Pending Analysis,Mangaluru FSL,True
6005,2031,Drug Sample,2023-12-13,Pending Analysis,Bengaluru FSL,True
6006,2031,Knife,2023-12-13,Pending Analysis,Mangaluru FSL,False
6007,2032,Fingerprint,2025-11-18,Pending Analysis,Bengaluru FSL,True
6008,2033,Laptop,2022-08-14,Sent to FSL,Mysuru FSL,False
6009,2033,SIM Card,2022-08-14,Verified,Mangaluru FSL,False
6010,2034,Firearm,2025-07-08,Sent to FSL,Mangaluru FSL,True
6011,2034,Vehicle,2025-07-08,Pending Analysis,Mangaluru FSL,True
6012,2034,Blood Sample,2025-07-08,Sent to FSL,Mysuru FSL,False
6013,2035,DNA Sample,2022-04-04,Rejected,Mangaluru FSL,False
6014,2035,USB Drive,2022-04-04,Collected,Mangaluru FSL,True
6015,2035,Document,2022-04-04,Verified,Bengaluru FSL,True
6016,2035,Drug Sample,2022-04-04,Verified,Mysuru FSL,True
6017,2035,Firearm,2022-04-04,Sent to FSL,Bengaluru FSL,True
6018,2036,CCTV Footage,2023-01-09,Sent to FSL,Mysuru FSL,True
6019,2036,USB Drive,2023-01-09,Rejected,Mysuru FSL,False
6020,2036,Blood Sample,2023-01-09,Pending Analysis,Bengaluru FSL,False
6021,2036,SIM Card,2023-01-09,Rejected,Mangaluru FSL,False
6022,2036,Firearm,2023-01-09,Sent to FSL,Bengaluru FSL,False
6023,2037,Clothing,2024-08-12,Sent to FSL,Bengaluru FSL,True
6024,2037,DNA Sample,2024-08-12,Collected,Bengaluru FSL,False
6025,2038,Fingerprint,2022-10-03,Sent to FSL,Bengaluru FSL,True
6026,2038,USB Drive,2022-10-03,Pending Analysis,Bengaluru FSL,False
6027,2039,Firearm,2024-08-14,Pending Analysis,Bengaluru FSL,True
6028,2039,Mobile Phone,2024-08-14,Collected,Bengaluru FSL,True
6029,2039,Laptop,2024-08-14,Rejected,Bengaluru FSL,False
6030,2039,USB Drive,2024-08-14,Verified,Mysuru FSL,False
6031,2040,Drug Sample,2024-11-02,Sent to FSL,Bengaluru FSL,False
6032,2040,DNA Sample,2024-11-02,Rejected,Mysuru FSL,False
6033,2040,Mobile Phone,2024-11-02,Rejected,Mysuru FSL,True
6034,2040,Knife,2024-11-02,Verified,Mysuru FSL,False
6035,2041,Document,2024-07-18,Collected,Mangaluru FSL,True
6036,2042,Clothing,2026-10-22,Verified,Mangaluru FSL,True
6037,2042,USB Drive,2026-10-22,Collected,Mangaluru FSL,False
6038,2043,Document,2026-02-01,Pending Analysis,Mangaluru FSL,True
6039,2043,USB Drive,2026-02-01,Collected,Mangaluru FSL,True
6040,2043,Clothing,2026-02-01,Pending Analysis,Bengaluru FSL,False
6041,2043,CCTV Footage,2026-02-01,Collected,Bengaluru FSL,True
6042,2043,Vehicle,2026-02-01,Sent to FSL,Mangaluru FSL,False
6043,2044,Laptop,2023-05-11,Sent to FSL,Mangaluru FSL,True
6044,2044,Drug Sample,2023-05-11,Verified,Mysuru FSL,True
6045,2044,USB Drive,2023-05-11,Pending Analysis,Bengaluru FSL,True
6046,2045,Document,2025-02-12,Pending Analysis,Mangaluru FSL,True
6047,2045,DNA Sample,2025-02-12,Rejected,Mangaluru FSL,True
6048,2045,Drug Sample,2025-02-12,Collected,Mysuru FSL,False
6049,2045,Firearm,2025-02-12,Collected,Mysuru FSL,False
6050,2045,Blood Sample,2025-02-12,Collected,Mysuru FSL,False
6051,2046,USB Drive,2025-07-19,Pending Analysis,Bengaluru FSL,False
6052,2046,Fingerprint,2025-07-19,Sent to FSL,Mysuru FSL,True
6053,2046,Blood Sample,2025-07-19,Sent to FSL,Bengaluru FSL,True
6054,2047,DNA Sample,2025-03-02,Collected,Bengaluru FSL,False
6055,2048,Drug Sample,2023-04-26,Pending Analysis,Mysuru FSL,False
6056,2048,CCTV Footage,2023-04-26,Pending Analysis,Mangaluru FSL,True
6057,2049,Clothing,2024-02-03,Collected,Bengaluru FSL,False
6058,2049,DNA Sample,2024-02-03,Sent to FSL,Mangaluru FSL,True
6059,2049,Fingerprint,2024-02-03,Sent to FSL,Bengaluru FSL,True
6060,2049,Document,2024-02-03,Verified,Bengaluru FSL,False
6061,2050,SIM Card,2025-11-12,Rejected,Mysuru FSL,True
6062,2050,Firearm,2025-11-12,Verified,Mysuru FSL,False
6063,2050,DNA Sample,2025-11-12,Collected,Bengaluru FSL,True
6064,2050,Fingerprint,2025-11-12,Rejected,Bengaluru FSL,False
6065,2050,Blood Sample,2025-11-12,Verified,Mysuru FSL,True
6066,2051,Hard Disk,2022-06-26,Rejected,Mysuru FSL,True
6067,2051,Fingerprint,2022-06-26,Collected,Bengaluru FSL,False
6068,2051,CCTV Footage,2022-06-26,Pending Analysis,Mysuru FSL,False
6069,2051,DNA Sample,2022-06-26,Collected,Mysuru FSL,True
6070,2052,Knife,2026-05-12,Pending Analysis,Mangaluru FSL,True
6071,2053,Document,2025-07-30,Collected,Bengaluru FSL,False
6072,2053,Clothing,2025-07-30,Collected,Mysuru FSL,False
6073,2053,Knife,2025-07-30,Rejected,Mangaluru FSL,False
6074,2053,Laptop,2025-07-30,Collected,Bengaluru FSL,True
6075,2053,SIM Card,2025-07-30,Pending Analysis,Bengaluru FSL,True
6076,2054,Knife,2026-12-25,Pending Analysis,Bengaluru FSL,True
6077,2054,Blood Sample,2026-12-25,Collected,Bengaluru FSL,False
6078,2054,Drug Sample,2026-12-25,Verified,Bengaluru FSL,True
6079,2054,Firearm,2026-12-25,Sent to FSL,Mangaluru FSL,True
6080,2055,Mobile Phone,2022-06-20,Rejected,Mangaluru FSL,True
6081,2055,Drug Sample,2022-06-20,Collected,Mysuru FSL,True
6082,2055,SIM Card,2022-06-20,Verified,Mysuru FSL,False
6083,2055,Vehicle,2022-06-20,Pending Analysis,Mysuru FSL,False
6084,2056,Drug Sample,2025-07-29,Verified,Bengaluru FSL,False
6085,2056,Clothing,2025-07-29,Sent to FSL,Bengaluru FSL,False
6086,2056,Laptop,2025-07-29,Collected,Mysuru FSL,True
6087,2056,Mobile Phone,2025-07-29,Sent to FSL,Mangaluru FSL,False
6088,2056,Fingerprint,2025-07-29,Collected,Mysuru FSL,True
6089,2057,DNA Sample,2023-01-23,Collected,Bengaluru FSL,False
6090,2057,USB Drive,2023-01-23,Pending Analysis,Mysuru FSL,False
6091,2057,Drug Sample,2023-01-23,Sent to FSL,Bengaluru FSL,False
6092,2058,SIM Card,2026-10-28,Rejected,Mysuru FSL,False
6093,2058,Hard Disk,2026-10-28,Pending Analysis,Mangaluru FSL,True
6094,2058,Fingerprint,2026-10-28,Pending Analysis,Mysuru FSL,True
6095,2058,Mobile Phone,2026-10-28,Sent to FSL,Bengaluru FSL,False
6096,2059,Laptop,2022-07-29,Sent to FSL,Mangaluru FSL,False
6097,2059,Knife,2022-07-29,Pending Analysis,Mysuru FSL,False
6098,2059,Vehicle,2022-07-29,Rejected,Mangaluru FSL,False
6099,2059,USB Drive,2022-07-29,Pending Analysis,Mysuru FSL,True
6100,2060,Drug Sample,2022-05-14,Verified,Bengaluru FSL,True
6101,2061,Laptop,2024-01-11,Collected,Bengaluru FSL,True
6102,2061,USB Drive,2024-01-11,Collected,Mangaluru FSL,True
6103,2061,Mobile Phone,2024-01-11,Pending Analysis,Mangaluru FSL,True
6104,2061,Drug Sample,2024-01-11,Verified,Mysuru FSL,True
6105,2061,Firearm,2024-01-11,Pending Analysis,Mangaluru FSL,False
6106,2062,Vehicle,2024-10-29,Rejected,Mysuru FSL,False
6107,2062,Clothing,2024-10-29,Rejected,Bengaluru FSL,True
6108,2062,DNA Sample,2024-10-29,Sent to FSL,Mangaluru FSL,True
6109,2062,Laptop,2024-10-29,Collected,Mysuru FSL,False
6110,2062,Mobile Phone,2024-10-29,Pending Analysis,Mysuru FSL,False
6111,2063,Clothing,2026-04-29,Pending Analysis,Mysuru FSL,False
6112,2063,DNA Sample,2026-04-29,Verified,Mysuru FSL,True
6113,2064,USB Drive,2023-11-27,Pending Analysis,Mangaluru FSL,False
6114,2064,Fingerprint,2023-11-27,Collected,Bengaluru FSL,True
6115,2065,Laptop,2025-08-02,Rejected,Mangaluru FSL,False
6116,2065,Fingerprint,2025-08-02,Verified,Bengaluru FSL,True
6117,2065,Clothing,2025-08-02,Sent to FSL,Mangaluru FSL,False
6118,2065,USB Drive,2025-08-02,Verified,Bengaluru FSL,True
6119,2065,Drug Sample,2025-08-02,Rejected,Mangaluru FSL,False
6120,2066,Laptop,2024-03-28,Rejected,Mangaluru FSL,False
6121,2066,Hard Disk,2024-03-28,Sent to FSL,Mangaluru FSL,False
6122,2066,SIM Card,2024-03-28,Verified,Mangaluru FSL,False
6123,2067,SIM Card,2024-04-24,Verified,Mangaluru FSL,True
6124,2067,Clothing,2024-04-24,Collected,Mysuru FSL,False
6125,2068,Mobile Phone,2026-10-26,Sent to FSL,Mangaluru FSL,False
6126,2068,Hard Disk,2026-10-26,Sent to FSL,Mangaluru FSL,False
6127,2068,Document,2026-10-26,Verified,Mangaluru FSL,True
6128,2069,Vehicle,2026-02-05,Collected,Bengaluru FSL,False
6129,2069,SIM Card,2026-02-05,Pending Analysis,Bengaluru FSL,False
6130,2069,DNA Sample,2026-02-05,Rejected,Mysuru FSL,False
6131,2069,Hard Disk,2026-02-05,Sent to FSL,Mangaluru FSL,False
6132,2069,Laptop,2026-02-05,Pending Analysis,Mangaluru FSL,False
6133,2070,Vehicle,2022-07-09,Sent to FSL,Bengaluru FSL,True
6134,2070,USB Drive,2022-07-09,Collected,Mysuru FSL,True
6135,2070,Clothing,2022-07-09,Pending Analysis,Bengaluru FSL,True
6136,2070,Hard Disk,2022-07-09,Rejected,Mysuru FSL,False
6137,2071,Fingerprint,2026-09-27,Sent to FSL,Bengaluru FSL,True
6138,2071,Clothing,2026-09-27,Collected,Mangaluru FSL,True
6139,2072,Clothing,2024-11-26,Pending Analysis,Mysuru FSL,True
6140,2072,Mobile Phone,2024-11-26,Pending Analysis,Mysuru FSL,False
6141,2072,Firearm,2024-11-26,Sent to FSL,Bengaluru FSL,True
6142,2072,CCTV Footage,2024-11-26,Rejected,Mangaluru FSL,False
6143,2073,Hard Disk,2026-01-16,Pending Analysis,Mysuru FSL,True
6144,2073,Mobile Phone,2026-01-16,Sent to FSL,Bengaluru FSL,False
6145,2073,DNA Sample,2026-01-16,Rejected,Mangaluru FSL,False
6146,2073,SIM Card,2026-01-16,Pending Analysis,Mangaluru FSL,False
6147,2074,Hard Disk,2022-01-21,Pending Analysis,Mysuru FSL,False
6148,2074,Mobile Phone,2022-01-21,Rejected,Bengaluru FSL,True
6149,2074,Drug Sample,2022-01-21,Pending Analysis,Bengaluru FSL,False
6150,2075,Fingerprint,2025-09-05,Rejected,Bengaluru FSL,False
6151,2075,USB Drive,2025-09-05,Sent to FSL,Mangaluru FSL,True
6152,2075,Firearm,2025-09-05,Sent to FSL,Mangaluru FSL,False
6153,2075,Knife,2025-09-05,Pending Analysis,Bengaluru FSL,True
6154,2075,CCTV Footage,2025-09-05,Pending Analysis,Mysuru FSL,False
6155,2076,Drug Sample,2026-09-23,Verified,Bengaluru FSL,True
6156,2076,Document,2026-09-23,Rejected,Mangaluru FSL,False
6157,2076,DNA Sample,2026-09-23,Rejected,Mysuru FSL,True
6158,2076,Knife,2026-09-23,Pending Analysis,Mangaluru FSL,True
6159,2077,Knife,2023-09-17,Verified,Mangaluru FSL,False
6160,2078,Firearm,2024-02-20,Rejected,Bengaluru FSL,False
6161,2079,Document,2025-08-04,Rejected,Mangaluru FSL,False
6162,2079,Blood Sample,2025-08-04,Sent to FSL,Bengaluru FSL,False
6163,2079,CCTV Footage,2025-08-04,Sent to FSL,Bengaluru FSL,False
6164,2080,Drug Sample,2024-10-30,Verified,Bengaluru FSL,False
6165,2080,Laptop,2024-10-30,Pending Analysis,Mysuru FSL,False
6166,2081,Drug Sample,2025-09-29,Rejected,Mangaluru FSL,True
6167,2082,USB Drive,2022-01-08,Collected,Bengaluru FSL,False
6168,2082,Document,2022-01-08,Pending Analysis,Mangaluru FSL,True
6169,2082,Laptop,2022-01-08,Verified,Mangaluru FSL,False
6170,2082,Vehicle,2022-01-08,Verified,Mysuru FSL,False
6171,2083,Clothing,2025-01-21,Verified,Mysuru FSL,True
6172,2083,CCTV Footage,2025-01-21,Verified,Mysuru FSL,False
6173,2084,Blood Sample,2024-09-17,Verified,Bengaluru FSL,True
6174,2084,Drug Sample,2024-09-17,Pending Analysis,Mysuru FSL,False
6175,2084,CCTV Footage,2024-09-17,Sent to FSL,Bengaluru FSL,True
6176,2084,Mobile Phone,2024-09-17,Collected,Bengaluru FSL,False
6177,2084,Fingerprint,2024-09-17,Pending Analysis,Mangaluru FSL,False
6178,2085,Hard Disk,2025-09-16,Verified,Mangaluru FSL,True
6179,2086,Blood Sample,2025-08-05,Verified,Mysuru FSL,False
6180,2086,DNA Sample,2025-08-05,Pending Analysis,Bengaluru FSL,True
6181,2086,Mobile Phone,2025-08-05,Pending Analysis,Mangaluru FSL,False
6182,2086,Document,2025-08-05,Collected,Mangaluru FSL,False
6183,2087,Knife,2025-03-01,Collected,Mysuru FSL,False
6184,2087,Document,2025-03-01,Pending Analysis,Mysuru FSL,True
6185,2087,Blood Sample,2025-03-01,Collected,Mangaluru FSL,False
6186,2088,CCTV Footage,2024-10-10,Verified,Mysuru FSL,False
6187,2089,DNA Sample,2024-09-14,Sent to FSL,Bengaluru FSL,True
6188,2090,Mobile Phone,2023-07-13,Collected,Mangaluru FSL,True
6189,2091,Mobile Phone,2026-01-25,Verified,Mangaluru FSL,True
6190,2091,USB Drive,2026-01-25,Rejected,Bengaluru FSL,False
6191,2091,Drug Sample,2026-01-25,Sent to FSL,Bengaluru FSL,True
6192,2092,Hard Disk,2024-12-12,Verified,Mysuru FSL,False
6193,2093,Drug Sample,2026-04-24,Verified,Mangaluru FSL,True
6194,2093,USB Drive,2026-04-24,Collected,Bengaluru FSL,False
6195,2093,Mobile Phone,2026-04-24,Verified,Bengaluru FSL,False
6196,2093,Fingerprint,2026-04-24,Sent to FSL,Bengaluru FSL,True
6197,2093,Clothing,2026-04-24,Sent to FSL,Mangaluru FSL,True
6198,2094,Mobile Phone,2022-07-15,Rejected,Mangaluru FSL,True
6199,2095,Mobile Phone,2023-11-16,Collected,Bengaluru FSL,True
6200,2095,Drug Sample,2023-11-16,Sent to FSL,Bengaluru FSL,False
6201,2095,Hard Disk,2023-11-16,Pending Analysis,Bengaluru FSL,True
6202,2096,DNA Sample,2025-08-10,Pending Analysis,Mysuru FSL,False
6203,2096,SIM Card,2025-08-10,Verified,Mysuru FSL,True
6204,2096,USB Drive,2025-08-10,Verified,Mangaluru FSL,False
6205,2096,Fingerprint,2025-08-10,Verified,Bengaluru FSL,False
6206,2097,Knife,2023-10-27,Pending Analysis,Mysuru FSL,True
6207,2097,Clothing,2023-10-27,Verified,Mangaluru FSL,True
6208,2097,Vehicle,2023-10-27,Pending Analysis,Mangaluru FSL,True
6209,2097,DNA Sample,2023-10-27,Collected,Bengaluru FSL,False
6210,2098,CCTV Footage,2024-08-10,Collected,Mysuru FSL,True
6211,2098,USB Drive,2024-08-10,Verified,Bengaluru FSL,False
6212,2098,Blood Sample,2024-08-10,Rejected,Mysuru FSL,False
6213,2098,Clothing,2024-08-10,Sent to FSL,Mangaluru FSL,False
6214,2099,Drug Sample,2026-07-25,Collected,Mangaluru FSL,False
6215,2099,CCTV Footage,2026-07-25,Rejected,Mysuru FSL,False
6216,2099,Knife,2026-07-25,Collected,Mysuru FSL,False
6217,2099,Vehicle,2026-07-25,Verified,Mysuru FSL,False
6218,2099,Document,2026-07-25,Verified,Mangaluru FSL,False
6219,2100,USB Drive,2024-12-31,Rejected,Mysuru FSL,True
6220,2100,Laptop,2024-12-31,Collected,Mangaluru FSL,False
6221,2100,Drug Sample,2024-12-31,Verified,Mysuru FSL,False
6222,2100,Document,2024-12-31,Sent to FSL,Mangaluru FSL,True
6223,2101,USB Drive,2025-02-22,Rejected,Mangaluru FSL,True
6224,2101,Firearm,2025-02-22,Collected,Mysuru FSL,True
6225,2101,SIM Card,2025-02-22,Verified,Mangaluru FSL,False
6226,2101,Drug Sample,2025-02-22,Collected,Mangaluru FSL,True
6227,2102,Laptop,2024-01-22,Rejected,Mysuru FSL,False
6228,2102,Document,2024-01-22,Pending Analysis,Mangaluru FSL,True
6229,2103,Drug Sample,2025-12-19,Pending Analysis,Mysuru FSL,False
6230,2103,Mobile Phone,2025-12-19,Collected,Mangaluru FSL,False
6231,2103,Laptop,2025-12-19,Pending Analysis,Mysuru FSL,True
6232,2103,Clothing,2025-12-19,Pending Analysis,Bengaluru FSL,True
6233,2103,Hard Disk,2025-12-19,Sent to FSL,Mysuru FSL,True
6234,2104,Knife,2022-04-25,Pending Analysis,Bengaluru FSL,True
6235,2104,Hard Disk,2022-04-25,Pending Analysis,Bengaluru FSL,False
6236,2105,Hard Disk,2022-12-11,Pending Analysis,Mangaluru FSL,True
6237,2105,Laptop,2022-12-11,Collected,Bengaluru FSL,True
6238,2105,Drug Sample,2022-12-11,Sent to FSL,Bengaluru FSL,False
6239,2106,Fingerprint,2022-01-20,Rejected,Mangaluru FSL,False
6240,2106,Blood Sample,2022-01-20,Sent to FSL,Mangaluru FSL,True
6241,2106,CCTV Footage,2022-01-20,Pending Analysis,Mangaluru FSL,True
6242,2106,Clothing,2022-01-20,Pending Analysis,Mysuru FSL,True
6243,2106,Vehicle,2022-01-20,Sent to FSL,Mysuru FSL,False
6244,2107,Fingerprint,2023-01-31,Pending Analysis,Mangaluru FSL,False
6245,2107,Drug Sample,2023-01-31,Sent to FSL,Bengaluru FSL,True
6246,2107,Mobile Phone,2023-01-31,Collected,Mysuru FSL,True
6247,2107,Blood Sample,2023-01-31,Pending Analysis,Mysuru FSL,True
6248,2108,Laptop,2022-07-13,Verified,Mangaluru FSL,False
6249,2108,Document,2022-07-13,Collected,Mysuru FSL,False
6250,2108,Clothing,2022-07-13,Sent to FSL,Mangaluru FSL,False
6251,2108,Firearm,2022-07-13,Pending Analysis,Mysuru FSL,True
6252,2108,Blood Sample,2022-07-13,Collected,Bengaluru FSL,False
6253,2109,DNA Sample,2025-03-15,Rejected,Mysuru FSL,True
6254,2109,Mobile Phone,2025-03-15,Verified,Mysuru FSL,False
6255,2109,CCTV Footage,2025-03-15,Sent to FSL,Mysuru FSL,True
6256,2109,USB Drive,2025-03-15,Pending Analysis,Mysuru FSL,True
6257,2110,Firearm,2024-01-03,Rejected,Mysuru FSL,True
6258,2110,DNA Sample,2024-01-03,Collected,Bengaluru FSL,False
6259,2111,SIM Card,2025-10-15,Collected,Mangaluru FSL,False
6260,2111,Drug Sample,2025-10-15,Collected,Mangaluru FSL,True
6261,2111,Document,2025-10-15,Verified,Mangaluru FSL,True
6262,2111,Blood Sample,2025-10-15,Pending Analysis,Mysuru FSL,True
6263,2111,USB Drive,2025-10-15,Sent to FSL,Mysuru FSL,False
6264,2112,SIM Card,2022-01-15,Sent to FSL,Bengaluru FSL,True
6265,2112,Fingerprint,2022-01-15,Verified,Mangaluru FSL,False
6266,2112,Mobile Phone,2022-01-15,Rejected,Mangaluru FSL,False
6267,2112,Vehicle,2022-01-15,Pending Analysis,Mysuru FSL,True
6268,2113,SIM Card,2024-11-04,Collected,Mangaluru FSL,False
6269,2113,Drug Sample,2024-11-04,Sent to FSL,Bengaluru FSL,False
6270,2113,Knife,2024-11-04,Verified,Mysuru FSL,True
6271,2114,Firearm,2025-10-20,Verified,Bengaluru FSL,True
6272,2115,Fingerprint,2025-12-11,Rejected,Mysuru FSL,True
6273,2115,Mobile Phone,2025-12-11,Collected,Mangaluru FSL,True
6274,2115,USB Drive,2025-12-11,Verified,Mangaluru FSL,True
6275,2115,Laptop,2025-12-11,Sent to FSL,Mysuru FSL,False
6276,2116,Firearm,2023-12-18,Sent to FSL,Bengaluru FSL,False
6277,2116,Blood Sample,2023-12-18,Pending Analysis,Mangaluru FSL,True
6278,2116,Drug Sample,2023-12-18,Verified,Mysuru FSL,True
6279,2116,SIM Card,2023-12-18,Collected,Mysuru FSL,False
6280,2117,Document,2023-08-15,Sent to FSL,Mysuru FSL,False
6281,2117,Drug Sample,2023-08-15,Collected,Bengaluru FSL,False
6282,2117,Hard Disk,2023-08-15,Verified,Mysuru FSL,True
6283,2117,Mobile Phone,2023-08-15,Sent to FSL,Bengaluru FSL,True
6284,2117,Knife,2023-08-15,Collected,Mysuru FSL,True
6285,2118,Firearm,2024-04-07,Collected,Mangaluru FSL,True
6286,2119,Hard Disk,2025-01-05,Sent to FSL,Mysuru FSL,False
6287,2119,DNA Sample,2025-01-05,Verified,Mangaluru FSL,True
6288,2119,USB Drive,2025-01-05,Verified,Mysuru FSL,False
6289,2119,Drug Sample,2025-01-05,Rejected,Mangaluru FSL,False
6290,2120,Drug Sample,2022-03-23,Pending Analysis,Mangaluru FSL,True
6291,2121,Mobile Phone,2025-07-22,Pending Analysis,Mangaluru FSL,True
6292,2121,Fingerprint,2025-07-22,Collected,Mangaluru FSL,True
6293,2122,Blood Sample,2025-08-25,Collected,Mysuru FSL,True
6294,2123,Drug Sample,2025-09-26,Collected,Mangaluru FSL,True
6295,2123,USB Drive,2025-09-26,Pending Analysis,Mysuru FSL,True
6296,2123,CCTV Footage,2025-09-26,Sent to FSL,Bengaluru FSL,False
6297,2123,Knife,2025-09-26,Collected,Mangaluru FSL,True
6298,2124,Blood Sample,2025-10-27,Sent to FSL,Mysuru FSL,False
6299,2124,Vehicle,2025-10-27,Rejected,Mysuru FSL,False
6300,2124,CCTV Footage,2025-10-27,Pending Analysis,Mangaluru FSL,False
6301,2124,Fingerprint,2025-10-27,Verified,Mysuru FSL,False
6302,2124,Document,2025-10-27,Sent to FSL,Bengaluru FSL,True
6303,2125,USB Drive,2026-12-02,Verified,Mangaluru FSL,True
6304,2125,SIM Card,2026-12-02,Verified,Bengaluru FSL,True
6305,2126,Blood Sample,2024-08-08,Rejected,Bengaluru FSL,False
6306,2127,Hard Disk,2023-05-28,Rejected,Mangaluru FSL,True
6307,2127,Firearm,2023-05-28,Pending Analysis,Bengaluru FSL,False
6308,2127,Drug Sample,2023-05-28,Collected,Mysuru FSL,False
6309,2127,Blood Sample,2023-05-28,Rejected,Bengaluru FSL,False
6310,2128,Document,2026-12-22,Verified,Mysuru FSL,True
6311,2128,Fingerprint,2026-12-22,Rejected,Mangaluru FSL,False
6312,2128,Knife,2026-12-22,Pending Analysis,Mysuru FSL,True
6313,2128,Clothing,2026-12-22,Rejected,Bengaluru FSL,False
6314,2128,Hard Disk,2026-12-22,Verified,Mangaluru FSL,True
6315,2129,Blood Sample,2025-06-09,Sent to FSL,Bengaluru FSL,True
6316,2129,Clothing,2025-06-09,Verified,Bengaluru FSL,True
6317,2129,Hard Disk,2025-06-09,Verified,Mysuru FSL,False
6318,2129,DNA Sample,2025-06-09,Sent to FSL,Mangaluru FSL,False
6319,2130,DNA Sample,2025-08-30,Collected,Mangaluru FSL,False
6320,2130,USB Drive,2025-08-30,Pending Analysis,Mysuru FSL,True
6321,2130,Blood Sample,2025-08-30,Rejected,Mangaluru FSL,False
6322,2130,Firearm,2025-08-30,Rejected,Mangaluru FSL,False
6323,2130,Document,2025-08-30,Rejected,Mysuru FSL,False
6324,2131,Drug Sample,2024-01-23,Rejected,Mysuru FSL,True
6325,2132,Mobile Phone,2022-11-25,Pending Analysis,Bengaluru FSL,True
6326,2133,Fingerprint,2026-12-24,Rejected,Mysuru FSL,True
6327,2133,DNA Sample,2026-12-24,Rejected,Bengaluru FSL,True
6328,2133,Clothing,2026-12-24,Pending Analysis,Bengaluru FSL,False
6329,2134,USB Drive,2025-05-04,Sent to FSL,Mysuru FSL,False
6330,2134,SIM Card,2025-05-04,Verified,Mangaluru FSL,True
6331,2135,Clothing,2022-12-23,Rejected,Mysuru FSL,True
6332,2135,Drug Sample,2022-12-23,Verified,Mangaluru FSL,False
6333,2135,Vehicle,2022-12-23,Collected,Bengaluru FSL,False
6334,2135,CCTV Footage,2022-12-23,Rejected,Bengaluru FSL,False
6335,2135,Document,2022-12-23,Rejected,Mangaluru FSL,True
6336,2136,DNA Sample,2023-10-15,Verified,Mangaluru FSL,False
6337,2136,Drug Sample,2023-10-15,Collected,Mangaluru FSL,True
6338,2136,Vehicle,2023-10-15,Verified,Mangaluru FSL,True
6339,2136,Blood Sample,2023-10-15,Verified,Mangaluru FSL,True
6340,2137,Drug Sample,2023-09-27,Pending Analysis,Bengaluru FSL,True
6341,2137,Blood Sample,2023-09-27,Rejected,Mangaluru FSL,True
6342,2138,Mobile Phone,2026-06-02,Collected,Mysuru FSL,False
6343,2138,Laptop,2026-06-02,Collected,Bengaluru FSL,False
6344,2138,Knife,2026-06-02,Sent to FSL,Bengaluru FSL,False
6345,2139,Drug Sample,2025-04-14,Verified,Mangaluru FSL,True
6346,2139,Vehicle,2025-04-14,Collected,Bengaluru FSL,True
6347,2139,USB Drive,2025-04-14,Collected,Mangaluru FSL,False
6348,2139,Blood Sample,2025-04-14,Collected,Bengaluru FSL,True
6349,2139,SIM Card,2025-04-14,Pending Analysis,Mangaluru FSL,True
6350,2140,Laptop,2025-09-01,Sent to FSL,Bengaluru FSL,True
6351,2140,DNA Sample,2025-09-01,Verified,Bengaluru FSL,True
6352,2141,Firearm,2026-04-26,Rejected,Mangaluru FSL,False
6353,2141,Document,2026-04-26,Verified,Bengaluru FSL,True
6354,2141,USB Drive,2026-04-26,Verified,Mysuru FSL,False
6355,2141,Laptop,2026-04-26,Sent to FSL,Mysuru FSL,True
6356,2142,Firearm,2026-03-18,Collected,Mangaluru FSL,True
6357,2142,Mobile Phone,2026-03-18,Collected,Mangaluru FSL,True
6358,2142,Clothing,2026-03-18,Collected,Mysuru FSL,True
6359,2143,Mobile Phone,2023-02-24,Pending Analysis,Mangaluru FSL,True
6360,2143,Vehicle,2023-02-24,Collected,Mysuru FSL,False
6361,2143,Document,2023-02-24,Collected,Mysuru FSL,True
6362,2143,USB Drive,2023-02-24,Sent to FSL,Mangaluru FSL,True
6363,2144,CCTV Footage,2026-04-30,Rejected,Bengaluru FSL,True
6364,2144,SIM Card,2026-04-30,Sent to FSL,Mysuru FSL,False
6365,2144,Mobile Phone,2026-04-30,Sent to FSL,Bengaluru FSL,False
6366,2144,Laptop,2026-04-30,Collected,Bengaluru FSL,False
6367,2144,Vehicle,2026-04-30,Pending Analysis,Mysuru FSL,False
6368,2145,Drug Sample,2023-12-05,Sent to FSL,Bengaluru FSL,True
6369,2145,Fingerprint,2023-12-05,Sent to FSL,Mangaluru FSL,False
6370,2145,Clothing,2023-12-05,Verified,Bengaluru FSL,False
6371,2145,Document,2023-12-05,Collected,Bengaluru FSL,False
6372,2146,Blood Sample,2026-03-14,Sent to FSL,Mysuru FSL,False
6373,2146,CCTV Footage,2026-03-14,Rejected,Mysuru FSL,True
6374,2146,Clothing,2026-03-14,Verified,Bengaluru FSL,False
6375,2146,Knife,2026-03-14,Pending Analysis,Bengaluru FSL,True
6376,2146,Fingerprint,2026-03-14,Sent to FSL,Mangaluru FSL,True
6377,2147,Blood Sample,2026-11-13,Pending Analysis,Mysuru FSL,True
6378,2147,Mobile Phone,2026-11-13,Pending Analysis,Mangaluru FSL,False
6379,2147,CCTV Footage,2026-11-13,Sent to FSL,Mangaluru FSL,False
6380,2148,Firearm,2022-12-28,Rejected,Mysuru FSL,False
6381,2148,Blood Sample,2022-12-28,Rejected,Mysuru FSL,False
6382,2148,Mobile Phone,2022-12-28,Collected,Bengaluru FSL,False
6383,2148,Fingerprint,2022-12-28,Collected,Bengaluru FSL,True
6384,2149,Hard Disk,2022-02-06,Rejected,Mysuru FSL,False
6385,2149,Clothing,2022-02-06,Rejected,Mysuru FSL,True
6386,2149,Laptop,2022-02-06,Verified,Mangaluru FSL,False
6387,2150,Drug Sample,2022-03-28,Collected,Bengaluru FSL,True
6388,2150,Laptop,2022-03-28,Collected,Mysuru FSL,True
6389,2151,Firearm,2026-06-04,Rejected,Mangaluru FSL,False
6390,2151,Blood Sample,2026-06-04,Sent to FSL,Mysuru FSL,False
6391,2151,Knife,2026-06-04,Collected,Mysuru FSL,False
6392,2151,Hard Disk,2026-06-04,Pending Analysis,Bengaluru FSL,True
6393,2151,Drug Sample,2026-06-04,Rejected,Mysuru FSL,True
6394,2152,DNA Sample,2024-07-26,Verified,Bengaluru FSL,True
6395,2152,Mobile Phone,2024-07-26,Rejected,Bengaluru FSL,False
6396,2152,Fingerprint,2024-07-26,Verified,Mysuru FSL,True
6397,2152,Clothing,2024-07-26,Collected,Bengaluru FSL,False
6398,2153,DNA Sample,2022-01-22,Pending Analysis,Mangaluru FSL,True
6399,2153,Laptop,2022-01-22,Rejected,Bengaluru FSL,True
6400,2153,Vehicle,2022-01-22,Pending Analysis,Mysuru FSL,True
6401,2154,Mobile Phone,2023-04-13,Sent to FSL,Bengaluru FSL,False
6402,2154,CCTV Footage,2023-04-13,Pending Analysis,Mangaluru FSL,False
6403,2155,Hard Disk,2025-11-30,Pending Analysis,Bengaluru FSL,False
6404,2155,Vehicle,2025-11-30,Sent to FSL,Mangaluru FSL,True
6405,2155,SIM Card,2025-11-30,Sent to FSL,Bengaluru FSL,True
6406,2156,Mobile Phone,2023-11-15,Collected,Bengaluru FSL,False
6407,2156,USB Drive,2023-11-15,Pending Analysis,Mangaluru FSL,True
6408,2156,Laptop,2023-11-15,Verified,Mangaluru FSL,False
6409,2156,Document,2023-11-15,Verified,Mysuru FSL,False
6410,2157,Document,2024-05-09,Rejected,Bengaluru FSL,False
6411,2157,CCTV Footage,2024-05-09,Sent to FSL,Bengaluru FSL,True
6412,2157,Knife,2024-05-09,Collected,Mysuru FSL,True
6413,2157,USB Drive,2024-05-09,Rejected,Mangaluru FSL,False
6414,2157,Firearm,2024-05-09,Sent to FSL,Mangaluru FSL,True
6415,2158,Hard Disk,2024-12-23,Pending Analysis,Mangaluru FSL,True
6416,2158,Knife,2024-12-23,Pending Analysis,Bengaluru FSL,False
6417,2158,Firearm,2024-12-23,Pending Analysis,Mysuru FSL,True
6418,2158,Blood Sample,2024-12-23,Pending Analysis,Bengaluru FSL,False
6419,2158,Fingerprint,2024-12-23,Pending Analysis,Bengaluru FSL,False
6420,2159,Drug Sample,2026-07-24,Collected,Mysuru FSL,True
6421,2159,CCTV Footage,2026-07-24,Pending Analysis,Mangaluru FSL,False
6422,2160,Blood Sample,2023-06-04,Collected,Mangaluru FSL,True
6423,2160,SIM Card,2023-06-04,Pending Analysis,Bengaluru FSL,False
6424,2160,Laptop,2023-06-04,Sent to FSL,Bengaluru FSL,True
6425,2160,Mobile Phone,2023-06-04,Rejected,Bengaluru FSL,False
6426,2161,Drug Sample,2023-07-20,Collected,Mysuru FSL,True
6427,2161,Document,2023-07-20,Collected,Mangaluru FSL,True
6428,2161,Knife,2023-07-20,Pending Analysis,Bengaluru FSL,False
6429,2161,Mobile Phone,2023-07-20,Rejected,Bengaluru FSL,True
6430,2162,SIM Card,2024-12-14,Verified,Bengaluru FSL,False
6431,2162,Vehicle,2024-12-14,Rejected,Bengaluru FSL,False
6432,2162,CCTV Footage,2024-12-14,Rejected,Mysuru FSL,True
6433,2162,Blood Sample,2024-12-14,Verified,Mangaluru FSL,False
6434,2162,Document,2024-12-14,Pending Analysis,Bengaluru FSL,False
6435,2163,Firearm,2025-09-22,Pending Analysis,Mysuru FSL,True
6436,2163,Drug Sample,2025-09-22,Collected,Bengaluru FSL,False
6437,2163,Vehicle,2025-09-22,Verified,Mysuru FSL,True
6438,2163,Document,2025-09-22,Rejected,Mangaluru FSL,True
6439,2163,SIM Card,2025-09-22,Collected,Mysuru FSL,False
6440,2164,Drug Sample,2026-03-09,Sent to FSL,Bengaluru FSL,False
6441,2165,Mobile Phone,2025-03-28,Pending Analysis,Bengaluru FSL,True
6442,2165,USB Drive,2025-03-28,Pending Analysis,Mangaluru FSL,True
6443,2165,Drug Sample,2025-03-28,Collected,Mysuru FSL,False
6444,2165,Firearm,2025-03-28,Rejected,Mysuru FSL,True
6445,2165,Fingerprint,2025-03-28,Verified,Bengaluru FSL,True
6446,2166,Firearm,2023-10-26,Pending Analysis,Mangaluru FSL,True
6447,2166,SIM Card,2023-10-26,Sent to FSL,Bengaluru FSL,True
6448,2166,Blood Sample,2023-10-26,Verified,Mangaluru FSL,False
6449,2166,Vehicle,2023-10-26,Pending Analysis,Mysuru FSL,True
6450,2167,Knife,2025-01-30,Sent to FSL,Mysuru FSL,False
6451,2167,Hard Disk,2025-01-30,Rejected,Bengaluru FSL,True
6452,2167,CCTV Footage,2025-01-30,Collected,Mysuru FSL,True
6453,2167,Document,2025-01-30,Sent to FSL,Mysuru FSL,False
6454,2167,SIM Card,2025-01-30,Rejected,Mangaluru FSL,True
6455,2168,Document,2026-02-20,Sent to FSL,Mangaluru FSL,True
6456,2169,DNA Sample,2024-04-27,Rejected,Bengaluru FSL,True
6457,2169,Vehicle,2024-04-27,Pending Analysis,Bengaluru FSL,False
6458,2169,CCTV Footage,2024-04-27,Rejected,Mangaluru FSL,True
6459,2169,USB Drive,2024-04-27,Rejected,Bengaluru FSL,True
6460,2169,SIM Card,2024-04-27,Pending Analysis,Bengaluru FSL,True
6461,2170,Mobile Phone,2024-08-20,Sent to FSL,Mysuru FSL,True
6462,2171,CCTV Footage,2024-08-09,Pending Analysis,Mysuru FSL,False
6463,2171,Document,2024-08-09,Pending Analysis,Mysuru FSL,True
6464,2171,Mobile Phone,2024-08-09,Collected,Bengaluru FSL,False
6465,2171,Laptop,2024-08-09,Pending Analysis,Bengaluru FSL,False
6466,2172,Hard Disk,2022-12-10,Sent to FSL,Mysuru FSL,True
6467,2172,SIM Card,2022-12-10,Verified,Mysuru FSL,True
6468,2172,Fingerprint,2022-12-10,Pending Analysis,Mysuru FSL,False
6469,2173,Clothing,2024-10-31,Collected,Bengaluru FSL,True
6470,2173,SIM Card,2024-10-31,Pending Analysis,Mangaluru FSL,False
6471,2173,Hard Disk,2024-10-31,Sent to FSL,Mysuru FSL,True
6472,2173,Knife,2024-10-31,Pending Analysis,Mangaluru FSL,False
6473,2173,Blood Sample,2024-10-31,Verified,Mysuru FSL,False
6474,2174,Knife,2026-08-11,Collected,Mangaluru FSL,False
6475,2174,Mobile Phone,2026-08-11,Collected,Bengaluru FSL,True
6476,2174,SIM Card,2026-08-11,Collected,Mysuru FSL,False
6477,2174,Document,2026-08-11,Verified,Mangaluru FSL,True
6478,2174,Clothing,2026-08-11,Rejected,Mysuru FSL,True
6479,2175,Fingerprint,2022-12-02,Rejected,Mysuru FSL,False
6480,2175,Blood Sample,2022-12-02,Pending Analysis,Mysuru FSL,False
6481,2175,USB Drive,2022-12-02,Verified,Mysuru FSL,True
6482,2176,Fingerprint,2023-09-26,Sent to FSL,Mysuru FSL,False
6483,2177,Mobile Phone,2025-06-16,Sent to FSL,Mangaluru FSL,False
6484,2177,Knife,2025-06-16,Sent to FSL,Bengaluru FSL,False
6485,2178,Firearm,2026-08-19,Collected,Bengaluru FSL,False
6486,2178,Knife,2026-08-19,Collected,Mysuru FSL,False
6487,2178,Clothing,2026-08-19,Sent to FSL,Mangaluru FSL,False
6488,2179,Knife,2022-12-25,Sent to FSL,Mysuru FSL,False
6489,2179,Mobile Phone,2022-12-25,Sent to FSL,Mangaluru FSL,False
6490,2179,Fingerprint,2022-12-25,Rejected,Mysuru FSL,False
6491,2179,Drug Sample,2022-12-25,Sent to FSL,Mysuru FSL,True
6492,2180,Blood Sample,2024-01-07,Verified,Bengaluru FSL,True
6493,2180,Laptop,2024-01-07,Rejected,Mangaluru FSL,True
6494,2180,Vehicle,2024-01-07,Collected,Bengaluru FSL,True
6495,2181,Clothing,2022-12-17,Verified,Bengaluru FSL,False
6496,2181,Fingerprint,2022-12-17,Rejected,Mangaluru FSL,False
6497,2181,Hard Disk,2022-12-17,Collected,Mysuru FSL,False
6498,2181,Laptop,2022-12-17,Sent to FSL,Bengaluru FSL,False
6499,2182,Blood Sample,2024-10-17,Collected,Mysuru FSL,False
6500,2182,Fingerprint,2024-10-17,Sent to FSL,Mangaluru FSL,True
6501,2182,Knife,2024-10-17,Verified,Mysuru FSL,False
6502,2182,Laptop,2024-10-17,Pending Analysis,Mangaluru FSL,False
6503,2182,CCTV Footage,2024-10-17,Verified,Mysuru FSL,True
6504,2183,Drug Sample,2024-07-20,Sent to FSL,Mangaluru FSL,True
6505,2183,Mobile Phone,2024-07-20,Rejected,Mysuru FSL,False
6506,2183,Vehicle,2024-07-20,Pending Analysis,Mangaluru FSL,False
6507,2183,Fingerprint,2024-07-20,Rejected,Mangaluru FSL,False
6508,2183,Clothing,2024-07-20,Verified,Bengaluru FSL,True
6509,2184,Drug Sample,2022-08-15,Collected,Bengaluru FSL,True
6510,2184,Firearm,2022-08-15,Rejected,Mysuru FSL,True
6511,2184,DNA Sample,2022-08-15,Collected,Bengaluru FSL,True
6512,2185,DNA Sample,2026-08-14,Collected,Mysuru FSL,True
6513,2185,USB Drive,2026-08-14,Verified,Mysuru FSL,False
6514,2185,Document,2026-08-14,Verified,Bengaluru FSL,True
6515,2185,Blood Sample,2026-08-14,Rejected,Bengaluru FSL,True
6516,2186,Vehicle,2023-07-23,Collected,Mysuru FSL,False
6517,2186,USB Drive,2023-07-23,Collected,Mangaluru FSL,True
6518,2186,Blood Sample,2023-07-23,Collected,Mangaluru FSL,False
6519,2186,Firearm,2023-07-23,Rejected,Bengaluru FSL,True
6520,2187,Laptop,2022-04-15,Pending Analysis,Mangaluru FSL,True
6521,2187,Blood Sample,2022-04-15,Sent to FSL,Bengaluru FSL,True
6522,2187,Mobile Phone,2022-04-15,Verified,Mysuru FSL,False
6523,2187,Vehicle,2022-04-15,Sent to FSL,Mangaluru FSL,True
6524,2188,Hard Disk,2026-10-15,Collected,Mysuru FSL,False
6525,2188,Firearm,2026-10-15,Rejected,Bengaluru FSL,False
6526,2189,Fingerprint,2024-09-13,Pending Analysis,Bengaluru FSL,False
6527,2189,Drug Sample,2024-09-13,Collected,Mangaluru FSL,False
6528,2189,Blood Sample,2024-09-13,Collected,Bengaluru FSL,True
6529,2190,Drug Sample,2026-12-22,Rejected,Mangaluru FSL,False
6530,2190,Firearm,2026-12-22,Sent to FSL,Mangaluru FSL,True
6531,2191,Fingerprint,2024-04-06,Sent to FSL,Mangaluru FSL,True
6532,2191,Document,2024-04-06,Rejected,Mysuru FSL,True
6533,2191,DNA Sample,2024-04-06,Verified,Bengaluru FSL,False
6534,2191,CCTV Footage,2024-04-06,Rejected,Mangaluru FSL,True
6535,2191,SIM Card,2024-04-06,Rejected,Mangaluru FSL,False
6536,2192,Vehicle,2024-03-25,Verified,Bengaluru FSL,False
6537,2192,Mobile Phone,2024-03-25,Verified,Mysuru FSL,True
6538,2192,CCTV Footage,2024-03-25,Pending Analysis,Bengaluru FSL,True
6539,2192,Clothing,2024-03-25,Collected,Mangaluru FSL,True
6540,2193,SIM Card,2022-05-05,Sent to FSL,Mysuru FSL,False
6541,2193,Firearm,2022-05-05,Pending Analysis,Mysuru FSL,False
6542,2194,Blood Sample,2026-07-25,Rejected,Bengaluru FSL,False
6543,2195,Fingerprint,2025-09-08,Rejected,Mysuru FSL,False
6544,2195,Document,2025-09-08,Sent to FSL,Mangaluru FSL,True
6545,2196,USB Drive,2024-03-10,Collected,Mangaluru FSL,True
6546,2196,Document,2024-03-10,Sent to FSL,Mangaluru FSL,False
6547,2196,Blood Sample,2024-03-10,Pending Analysis,Bengaluru FSL,True
6548,2196,Hard Disk,2024-03-10,Rejected,Mysuru FSL,False
6549,2196,Laptop,2024-03-10,Verified,Mangaluru FSL,False
6550,2197,Firearm,2024-02-11,Verified,Mysuru FSL,False
6551,2198,USB Drive,2026-07-11,Verified,Bengaluru FSL,True
6552,2198,Laptop,2026-07-11,Verified,Bengaluru FSL,True
6553,2198,Hard Disk,2026-07-11,Pending Analysis,Mysuru FSL,False
6554,2199,SIM Card,2026-02-26,Verified,Mangaluru FSL,False
6555,2199,Mobile Phone,2026-02-26,Pending Analysis,Mysuru FSL,False
6556,2199,CCTV Footage,2026-02-26,Rejected,Bengaluru FSL,False
6557,2200,USB Drive,2024-08-26,Pending Analysis,Mangaluru FSL,True
6558,2200,DNA Sample,2024-08-26,Pending Analysis,Mysuru FSL,False
6559,2200,Firearm,2024-08-26,Collected,Mangaluru FSL,False
6560,2200,Hard Disk,2024-08-26,Sent to FSL,Mangaluru FSL,False
6561,2200,CCTV Footage,2024-08-26,Rejected,Mangaluru FSL,True
6562,2201,DNA Sample,2024-09-24,Collected,Mysuru FSL,True
6563,2201,Document,2024-09-24,Pending Analysis,Mangaluru FSL,False
6564,2201,Clothing,2024-09-24,Sent to FSL,Mysuru FSL,False
6565,2202,Fingerprint,2025-01-09,Rejected,Mysuru FSL,False
6566,2202,SIM Card,2025-01-09,Collected,Bengaluru FSL,False
6567,2202,Clothing,2025-01-09,Sent to FSL,Mysuru FSL,True
6568,2202,Knife,2025-01-09,Rejected,Mysuru FSL,True
6569,2202,DNA Sample,2025-01-09,Sent to FSL,Mysuru FSL,True
6570,2203,Knife,2025-12-31,Rejected,Mangaluru FSL,True
6571,2203,Laptop,2025-12-31,Verified,Mangaluru FSL,True
6572,2204,Fingerprint,2023-11-19,Verified,Bengaluru FSL,False
6573,2204,Firearm,2023-11-19,Verified,Bengaluru FSL,False
6574,2204,USB Drive,2023-11-19,Sent to FSL,Mysuru FSL,True
6575,2204,Mobile Phone,2023-11-19,Sent to FSL,Mysuru FSL,True
6576,2205,SIM Card,2023-02-03,Collected,Bengaluru FSL,False
6577,2206,Hard Disk,2024-10-31,Pending Analysis,Mysuru FSL,False
6578,2206,Firearm,2024-10-31,Sent to FSL,Mangaluru FSL,True
6579,2206,USB Drive,2024-10-31,Pending Analysis,Bengaluru FSL,False
6580,2206,Vehicle,2024-10-31,Verified,Mangaluru FSL,False
6581,2207,Drug Sample,2024-05-22,Sent to FSL,Mysuru FSL,False
6582,2207,SIM Card,2024-05-22,Verified,Bengaluru FSL,True
6583,2207,DNA Sample,2024-05-22,Sent to FSL,Mysuru FSL,True
6584,2208,Hard Disk,2022-08-13,Collected,Bengaluru FSL,False
6585,2208,Laptop,2022-08-13,Sent to FSL,Mangaluru FSL,True
6586,2208,Fingerprint,2022-08-13,Collected,Mangaluru FSL,True
6587,2209,Laptop,2023-03-05,Verified,Mangaluru FSL,False
6588,2210,Mobile Phone,2025-12-10,Verified,Mangaluru FSL,False
6589,2210,Hard Disk,2025-12-10,Sent to FSL,Bengaluru FSL,True
6590,2210,Laptop,2025-12-10,Verified,Mangaluru FSL,True
6591,2211,Clothing,2023-10-23,Sent to FSL,Mysuru FSL,True
6592,2212,Clothing,2023-06-04,Pending Analysis,Mangaluru FSL,True
6593,2213,Laptop,2026-04-27,Pending Analysis,Mangaluru FSL,True
6594,2214,Vehicle,2024-08-06,Verified,Mysuru FSL,True
6595,2214,Drug Sample,2024-08-06,Rejected,Mangaluru FSL,True
6596,2214,Fingerprint,2024-08-06,Pending Analysis,Mysuru FSL,False
6597,2214,CCTV Footage,2024-08-06,Sent to FSL,Mangaluru FSL,True
6598,2215,SIM Card,2023-04-22,Verified,Bengaluru FSL,False
6599,2216,USB Drive,2024-12-05,Sent to FSL,Bengaluru FSL,False
6600,2217,Vehicle,2024-09-12,Pending Analysis,Bengaluru FSL,True
6601,2217,USB Drive,2024-09-12,Pending Analysis,Mangaluru FSL,False
6602,2217,SIM Card,2024-09-12,Sent to FSL,Mysuru FSL,False
6603,2217,Drug Sample,2024-09-12,Pending Analysis,Mangaluru FSL,True
6604,2217,Hard Disk,2024-09-12,Rejected,Mangaluru FSL,True
6605,2218,DNA Sample,2024-10-02,Pending Analysis,Mysuru FSL,True
6606,2218,Blood Sample,2024-10-02,Pending Analysis,Bengaluru FSL,False
6607,2218,Vehicle,2024-10-02,Sent to FSL,Mangaluru FSL,True
6608,2218,Document,2024-10-02,Pending Analysis,Bengaluru FSL,False
6609,2218,Knife,2024-10-02,Rejected,Mysuru FSL,True
6610,2219,DNA Sample,2025-03-05,Sent to FSL,Mysuru FSL,True
6611,2219,Laptop,2025-03-05,Sent to FSL,Bengaluru FSL,True
6612,2219,Clothing,2025-03-05,Collected,Mangaluru FSL,False
6613,2220,USB Drive,2022-01-23,Collected,Mysuru FSL,True
6614,2220,SIM Card,2022-01-23,Collected,Mangaluru FSL,True
6615,2221,CCTV Footage,2023-09-11,Pending Analysis,Mysuru FSL,False
6616,2221,USB Drive,2023-09-11,Collected,Mangaluru FSL,True
6617,2222,Blood Sample,2025-03-03,Pending Analysis,Mangaluru FSL,False
6618,2222,Firearm,2025-03-03,Collected,Bengaluru FSL,True
6619,2222,Drug Sample,2025-03-03,Rejected,Bengaluru FSL,False
6620,2222,Laptop,2025-03-03,Verified,Mysuru FSL,False
6621,2223,Laptop,2023-04-02,Sent to FSL,Mysuru FSL,True
6622,2223,CCTV Footage,2023-04-02,Pending Analysis,Bengaluru FSL,False
6623,2223,Blood Sample,2023-04-02,Rejected,Mysuru FSL,False
6624,2223,Document,2023-04-02,Collected,Bengaluru FSL,True
6625,2224,CCTV Footage,2024-08-02,Rejected,Bengaluru FSL,False
6626,2225,Vehicle,2024-05-01,Verified,Bengaluru FSL,False
6627,2225,Laptop,2024-05-01,Verified,Bengaluru FSL,True
6628,2225,Knife,2024-05-01,Collected,Mysuru FSL,False
6629,2225,USB Drive,2024-05-01,Rejected,Mysuru FSL,True
6630,2225,DNA Sample,2024-05-01,Verified,Mangaluru FSL,False
6631,2226,Clothing,2026-12-22,Rejected,Bengaluru FSL,False
6632,2227,SIM Card,2023-02-22,Pending Analysis,Mangaluru FSL,True
6633,2227,USB Drive,2023-02-22,Rejected,Bengaluru FSL,False
6634,2228,Firearm,2025-06-17,Pending Analysis,Bengaluru FSL,False
6635,2228,Vehicle,2025-06-17,Pending Analysis,Bengaluru FSL,False
6636,2228,USB Drive,2025-06-17,Sent to FSL,Mangaluru FSL,True
6637,2228,Document,2025-06-17,Sent to FSL,Mangaluru FSL,False
6638,2228,Laptop,2025-06-17,Verified,Bengaluru FSL,True
6639,2229,USB Drive,2026-01-26,Sent to FSL,Mysuru FSL,False
6640,2229,Laptop,2026-01-26,Sent to FSL,Bengaluru FSL,True
6641,2229,Hard Disk,2026-01-26,Sent to FSL,Mangaluru FSL,False
6642,2229,Fingerprint,2026-01-26,Verified,Mangaluru FSL,False
6643,2230,Document,2025-09-25,Collected,Mangaluru FSL,True
6644,2230,USB Drive,2025-09-25,Pending Analysis,Mangaluru FSL,False
6645,2230,Hard Disk,2025-09-25,Pending Analysis,Mysuru FSL,True
6646,2230,Mobile Phone,2025-09-25,Verified,Bengaluru FSL,True
6647,2230,Vehicle,2025-09-25,Verified,Mysuru FSL,True
6648,2231,USB Drive,2023-07-05,Rejected,Mangaluru FSL,False
6649,2231,Fingerprint,2023-07-05,Sent to FSL,Mangaluru FSL,False
6650,2231,Drug Sample,2023-07-05,Verified,Bengaluru FSL,False
6651,2231,DNA Sample,2023-07-05,Sent to FSL,Mangaluru FSL,True
6652,2231,Laptop,2023-07-05,Rejected,Bengaluru FSL,True
6653,2232,Fingerprint,2025-08-22,Pending Analysis,Bengaluru FSL,True
6654,2232,Document,2025-08-22,Rejected,Mangaluru FSL,False
6655,2232,Hard Disk,2025-08-22,Verified,Mysuru FSL,True
6656,2233,Clothing,2026-04-19,Verified,Bengaluru FSL,True
6657,2233,Fingerprint,2026-04-19,Verified,Bengaluru FSL,False
6658,2233,Knife,2026-04-19,Sent to FSL,Mysuru FSL,True
6659,2233,Drug Sample,2026-04-19,Collected,Mysuru FSL,False
6660,2234,USB Drive,2024-01-05,Collected,Bengaluru FSL,False
6661,2235,Mobile Phone,2024-06-05,Collected,Bengaluru FSL,False
6662,2235,USB Drive,2024-06-05,Verified,Mangaluru FSL,False
6663,2235,Document,2024-06-05,Sent to FSL,Bengaluru FSL,False
6664,2235,CCTV Footage,2024-06-05,Sent to FSL,Bengaluru FSL,False
6665,2235,DNA Sample,2024-06-05,Pending Analysis,Bengaluru FSL,True
6666,2236,Blood Sample,2023-04-07,Sent to FSL,Bengaluru FSL,False
6667,2236,Drug Sample,2023-04-07,Pending Analysis,Bengaluru FSL,True
6668,2236,Vehicle,2023-04-07,Sent to FSL,Mysuru FSL,True
6669,2237,Blood Sample,2023-02-23,Verified,Mysuru FSL,True
6670,2237,Vehicle,2023-02-23,Verified,Bengaluru FSL,False
6671,2237,Firearm,2023-02-23,Rejected,Mangaluru FSL,False
6672,2237,Document,2023-02-23,Pending Analysis,Mysuru FSL,False
6673,2238,USB Drive,2024-04-22,Verified,Bengaluru FSL,True
6674,2238,SIM Card,2024-04-22,Sent to FSL,Bengaluru FSL,False
6675,2239,Clothing,2022-11-15,Pending Analysis,Bengaluru FSL,True
6676,2239,DNA Sample,2022-11-15,Verified,Bengaluru FSL,True
6677,2239,USB Drive,2022-11-15,Pending Analysis,Mangaluru FSL,True
6678,2239,Laptop,2022-11-15,Verified,Mangaluru FSL,False
6679,2239,Document,2022-11-15,Sent to FSL,Bengaluru FSL,False
6680,2240,Laptop,2025-06-05,Collected,Mangaluru FSL,True
6681,2240,Blood Sample,2025-06-05,Pending Analysis,Mangaluru FSL,False
6682,2240,CCTV Footage,2025-06-05,Rejected,Mangaluru FSL,True
6683,2241,Hard Disk,2024-08-11,Sent to FSL,Bengaluru FSL,False
6684,2241,Blood Sample,2024-08-11,Sent to FSL,Bengaluru FSL,True
6685,2241,CCTV Footage,2024-08-11,Sent to FSL,Bengaluru FSL,False
6686,2241,Vehicle,2024-08-11,Sent to FSL,Mysuru FSL,True
6687,2242,Drug Sample,2026-01-12,Collected,Mysuru FSL,True
6688,2243,SIM Card,2026-08-26,Pending Analysis,Mangaluru FSL,False
6689,2244,USB Drive,2025-01-06,Verified,Mysuru FSL,False
6690,2244,CCTV Footage,2025-01-06,Verified,Bengaluru FSL,True
6691,2244,Clothing,2025-01-06,Pending Analysis,Bengaluru FSL,False
6692,2245,Vehicle,2022-08-12,Rejected,Bengaluru FSL,False
6693,2245,SIM Card,2022-08-12,Pending Analysis,Mysuru FSL,False
6694,2245,Laptop,2022-08-12,Rejected,Bengaluru FSL,True
6695,2245,Hard Disk,2022-08-12,Pending Analysis,Bengaluru FSL,False
6696,2245,Clothing,2022-08-12,Rejected,Bengaluru FSL,False
6697,2246,Knife,2025-06-07,Verified,Mysuru FSL,True
6698,2246,Mobile Phone,2025-06-07,Sent to FSL,Bengaluru FSL,False
6699,2247,Hard Disk,2023-09-09,Verified,Mysuru FSL,False
6700,2247,CCTV Footage,2023-09-09,Pending Analysis,Mysuru FSL,True
6701,2247,Vehicle,2023-09-09,Sent to FSL,Mangaluru FSL,True
6702,2247,Clothing,2023-09-09,Pending Analysis,Mangaluru FSL,True
6703,2248,Blood Sample,2024-10-24,Rejected,Mangaluru FSL,False
6704,2248,DNA Sample,2024-10-24,Collected,Mysuru FSL,True
6705,2248,Laptop,2024-10-24,Rejected,Bengaluru FSL,False
6706,2249,Vehicle,2025-02-10,Collected,Mangaluru FSL,True
6707,2249,Mobile Phone,2025-02-10,Sent to FSL,Mysuru FSL,False
6708,2249,Blood Sample,2025-02-10,Collected,Mangaluru FSL,False
6709,2249,Hard Disk,2025-02-10,Collected,Mangaluru FSL,True
6710,2249,DNA Sample,2025-02-10,Pending Analysis,Mysuru FSL,False
6711,2250,Drug Sample,2023-01-25,Rejected,Mysuru FSL,True
6712,2250,Firearm,2023-01-25,Collected,Bengaluru FSL,True
6713,2250,Laptop,2023-01-25,Rejected,Mysuru FSL,False
6714,2250,Vehicle,2023-01-25,Rejected,Mysuru FSL,True
6715,2251,Knife,2024-12-22,Verified,Mangaluru FSL,True
6716,2251,Vehicle,2024-12-22,Pending Analysis,Mysuru FSL,False
6717,2251,Clothing,2024-12-22,Rejected,Mysuru FSL,True
6718,2252,Hard Disk,2026-04-15,Sent to FSL,Bengaluru FSL,True
6719,2252,Laptop,2026-04-15,Verified,Mysuru FSL,True
6720,2252,Mobile Phone,2026-04-15,Collected,Mangaluru FSL,True
6721,2252,Knife,2026-04-15,Sent to FSL,Bengaluru FSL,True
6722,2252,SIM Card,2026-04-15,Collected,Mangaluru FSL,False
6723,2253,DNA Sample,2023-05-12,Sent to FSL,Mangaluru FSL,True
6724,2253,Fingerprint,2023-05-12,Collected,Bengaluru FSL,False
6725,2253,Knife,2023-05-12,Collected,Mangaluru FSL,False
6726,2253,Blood Sample,2023-05-12,Rejected,Mysuru FSL,True
6727,2254,SIM Card,2022-06-09,Pending Analysis,Bengaluru FSL,True
6728,2254,Drug Sample,2022-06-09,Collected,Mangaluru FSL,False
6729,2255,SIM Card,2025-05-18,Collected,Mangaluru FSL,True
6730,2256,SIM Card,2022-08-12,Verified,Mysuru FSL,False
6731,2256,Document,2022-08-12,Rejected,Mangaluru FSL,True
6732,2256,Clothing,2022-08-12,Pending Analysis,Mangaluru FSL,False
6733,2256,USB Drive,2022-08-12,Verified,Mangaluru FSL,False
6734,2257,Blood Sample,2026-08-01,Pending Analysis,Mangaluru FSL,True
6735,2258,CCTV Footage,2025-01-08,Rejected,Mangaluru FSL,True
6736,2258,Mobile Phone,2025-01-08,Verified,Mangaluru FSL,True
6737,2258,Firearm,2025-01-08,Sent to FSL,Bengaluru FSL,False
6738,2259,SIM Card,2023-09-13,Collected,Mysuru FSL,True
6739,2259,Document,2023-09-13,Sent to FSL,Mangaluru FSL,True
6740,2259,Vehicle,2023-09-13,Sent to FSL,Mangaluru FSL,True
6741,2259,Hard Disk,2023-09-13,Pending Analysis,Bengaluru FSL,True
6742,2260,Laptop,2024-03-12,Rejected,Mangaluru FSL,False
6743,2260,Hard Disk,2024-03-12,Verified,Mysuru FSL,True
6744,2260,Vehicle,2024-03-12,Collected,Mysuru FSL,True
6745,2261,Blood Sample,2022-07-31,Pending Analysis,Bengaluru FSL,True
6746,2261,Knife,2022-07-31,Verified,Mysuru FSL,True
6747,2261,Laptop,2022-07-31,Pending Analysis,Mangaluru FSL,True
6748,2261,USB Drive,2022-07-31,Pending Analysis,Mysuru FSL,True
6749,2262,Hard Disk,2025-07-18,Pending Analysis,Bengaluru FSL,True
6750,2262,Clothing,2025-07-18,Pending Analysis,Mangaluru FSL,True
6751,2262,CCTV Footage,2025-07-18,Sent to FSL,Mysuru FSL,True
6752,2263,Drug Sample,2026-07-08,Pending Analysis,Bengaluru FSL,False
6753,2264,Hard Disk,2026-09-01,Verified,Bengaluru FSL,False
6754,2264,Vehicle,2026-09-01,Pending Analysis,Mysuru FSL,True
6755,2265,Clothing,2023-09-01,Collected,Mangaluru FSL,True
6756,2265,CCTV Footage,2023-09-01,Pending Analysis,Mangaluru FSL,True
6757,2265,DNA Sample,2023-09-01,Rejected,Mangaluru FSL,False
6758,2265,Document,2023-09-01,Rejected,Mangaluru FSL,True
6759,2265,Mobile Phone,2023-09-01,Collected,Bengaluru FSL,True
6760,2266,Hard Disk,2025-12-04,Pending Analysis,Bengaluru FSL,False
6761,2266,Fingerprint,2025-12-04,Rejected,Mangaluru FSL,False
6762,2266,DNA Sample,2025-12-04,Rejected,Mysuru FSL,True
6763,2266,Knife,2025-12-04,Sent to FSL,Bengaluru FSL,True
6764,2266,USB Drive,2025-12-04,Pending Analysis,Mangaluru FSL,True
6765,2267,Firearm,2024-04-28,Verified,Mangaluru FSL,False
6766,2267,DNA Sample,2024-04-28,Verified,Mangaluru FSL,True
6767,2267,USB Drive,2024-04-28,Collected,Bengaluru FSL,False
6768,2267,CCTV Footage,2024-04-28,Verified,Bengaluru FSL,True
6769,2268,DNA Sample,2024-04-01,Pending Analysis,Mangaluru FSL,False
6770,2268,Firearm,2024-04-01,Pending Analysis,Mysuru FSL,False
6771,2268,Clothing,2024-04-01,Verified,Mangaluru FSL,False
6772,2268,Mobile Phone,2024-04-01,Verified,Bengaluru FSL,True
6773,2269,Firearm,2026-03-06,Sent to FSL,Bengaluru FSL,True
6774,2269,Knife,2026-03-06,Collected,Mysuru FSL,False
6775,2269,Laptop,2026-03-06,Collected,Mysuru FSL,True
6776,2270,Mobile Phone,2023-02-05,Sent to FSL,Bengaluru FSL,True
6777,2270,Clothing,2023-02-05,Verified,Bengaluru FSL,True
6778,2270,Document,2023-02-05,Pending Analysis,Mysuru FSL,True
6779,2270,DNA Sample,2023-02-05,Sent to FSL,Mangaluru FSL,True
6780,2270,Blood Sample,2023-02-05,Collected,Mysuru FSL,False
6781,2271,Document,2022-01-11,Collected,Mysuru FSL,True
6782,2271,Clothing,2022-01-11,Pending Analysis,Mysuru FSL,False
6783,2272,Blood Sample,2026-11-15,Verified,Bengaluru FSL,False
6784,2272,DNA Sample,2026-11-15,Sent to FSL,Mangaluru FSL,True
6785,2272,Mobile Phone,2026-11-15,Collected,Mangaluru FSL,True
6786,2272,Vehicle,2026-11-15,Pending Analysis,Mangaluru FSL,True
6787,2273,Blood Sample,2022-11-30,Sent to FSL,Mysuru FSL,False
6788,2273,USB Drive,2022-11-30,Sent to FSL,Mysuru FSL,True
6789,2273,Drug Sample,2022-11-30,Verified,Bengaluru FSL,False
6790,2274,CCTV Footage,2025-09-14,Sent to FSL,Mangaluru FSL,True
6791,2274,Document,2025-09-14,Collected,Bengaluru FSL,False
6792,2274,Fingerprint,2025-09-14,Pending Analysis,Mangaluru FSL,False
6793,2275,Hard Disk,2024-05-29,Collected,Mangaluru FSL,False
6794,2275,Drug Sample,2024-05-29,Rejected,Mangaluru FSL,True
6795,2275,DNA Sample,2024-05-29,Rejected,Bengaluru FSL,False
6796,2275,Clothing,2024-05-29,Pending Analysis,Mangaluru FSL,True
6797,2275,Firearm,2024-05-29,Verified,Mysuru FSL,True
6798,2276,Knife,2025-05-03,Pending Analysis,Mysuru FSL,True
6799,2276,SIM Card,2025-05-03,Rejected,Bengaluru FSL,False
6800,2276,Clothing,2025-05-03,Sent to FSL,Bengaluru FSL,False
6801,2276,DNA Sample,2025-05-03,Sent to FSL,Bengaluru FSL,True
6802,2277,USB Drive,2023-11-27,Collected,Bengaluru FSL,True
6803,2277,Firearm,2023-11-27,Rejected,Mangaluru FSL,False
6804,2277,Document,2023-11-27,Pending Analysis,Mysuru FSL,True
6805,2277,Vehicle,2023-11-27,Sent to FSL,Bengaluru FSL,False
6806,2278,Document,2026-01-12,Collected,Mangaluru FSL,False
6807,2279,Laptop,2022-08-29,Verified,Bengaluru FSL,False
6808,2279,DNA Sample,2022-08-29,Pending Analysis,Bengaluru FSL,False
6809,2279,Vehicle,2022-08-29,Pending Analysis,Mysuru FSL,True
6810,2280,CCTV Footage,2023-02-05,Rejected,Mysuru FSL,True
6811,2280,SIM Card,2023-02-05,Rejected,Bengaluru FSL,True
6812,2280,Hard Disk,2023-02-05,Pending Analysis,Bengaluru FSL,False
6813,2281,SIM Card,2025-03-08,Sent to FSL,Mangaluru FSL,False
6814,2281,Clothing,2025-03-08,Rejected,Bengaluru FSL,False
6815,2282,Fingerprint,2022-06-11,Verified,Mysuru FSL,False
6816,2282,Firearm,2022-06-11,Pending Analysis,Mysuru FSL,False
6817,2282,USB Drive,2022-06-11,Sent to FSL,Bengaluru FSL,True
6818,2282,Drug Sample,2022-06-11,Pending Analysis,Mysuru FSL,True
6819,2282,Blood Sample,2022-06-11,Sent to FSL,Bengaluru FSL,False
6820,2283,Drug Sample,2024-02-11,Collected,Bengaluru FSL,True
6821,2284,Vehicle,2022-09-01,Pending Analysis,Bengaluru FSL,True
6822,2284,Mobile Phone,2022-09-01,Verified,Bengaluru FSL,False
6823,2284,CCTV Footage,2022-09-01,Sent to FSL,Mysuru FSL,False
6824,2284,Firearm,2022-09-01,Pending Analysis,Bengaluru FSL,False
6825,2285,Hard Disk,2022-04-26,Rejected,Mysuru FSL,True
6826,2285,Vehicle,2022-04-26,Pending Analysis,Mysuru FSL,True
6827,2286,Drug Sample,2024-02-10,Collected,Mangaluru FSL,False
6828,2287,Knife,2024-11-19,Sent to FSL,Bengaluru FSL,False
6829,2287,Blood Sample,2024-11-19,Rejected,Bengaluru FSL,False
6830,2287,DNA Sample,2024-11-19,Collected,Mysuru FSL,False
6831,2287,Drug Sample,2024-11-19,Pending Analysis,Mysuru FSL,True
6832,2288,Document,2026-05-04,Sent to FSL,Bengaluru FSL,True
6833,2288,USB Drive,2026-05-04,Verified,Mysuru FSL,True
6834,2289,CCTV Footage,2026-02-25,Rejected,Mysuru FSL,True
6835,2289,Mobile Phone,2026-02-25,Sent to FSL,Mangaluru FSL,True
6836,2289,Document,2026-02-25,Pending Analysis,Bengaluru FSL,True
6837,2289,Clothing,2026-02-25,Pending Analysis,Mangaluru FSL,True
6838,2289,Laptop,2026-02-25,Pending Analysis,Bengaluru FSL,True
6839,2290,USB Drive,2025-01-08,Sent to FSL,Bengaluru FSL,True
6840,2290,Clothing,2025-01-08,Pending Analysis,Mangaluru FSL,False
6841,2291,Knife,2024-12-08,Verified,Bengaluru FSL,True
6842,2291,SIM Card,2024-12-08,Pending Analysis,Bengaluru FSL,True
6843,2291,Clothing,2024-12-08,Pending Analysis,Bengaluru FSL,False
6844,2291,Document,2024-12-08,Verified,Mangaluru FSL,False
6845,2291,DNA Sample,2024-12-08,Collected,Mysuru FSL,True
6846,2292,CCTV Footage,2024-12-26,Collected,Mysuru FSL,False
6847,2293,Firearm,2022-02-02,Sent to FSL,Mysuru FSL,False
6848,2293,CCTV Footage,2022-02-02,Verified,Bengaluru FSL,True
6849,2293,Vehicle,2022-02-02,Verified,Mangaluru FSL,True
6850,2293,Drug Sample,2022-02-02,Sent to FSL,Bengaluru FSL,True
6851,2293,Laptop,2022-02-02,Sent to FSL,Mangaluru FSL,False
6852,2294,Vehicle,2022-11-29,Rejected,Mysuru FSL,True
6853,2294,Laptop,2022-11-29,Collected,Mangaluru FSL,True
6854,2294,DNA Sample,2022-11-29,Verified,Mysuru FSL,False
6855,2295,Vehicle,2024-10-11,Sent to FSL,Mangaluru FSL,False
6856,2295,Laptop,2024-10-11,Verified,Mangaluru FSL,True
6857,2296,SIM Card,2022-03-12,Rejected,Mysuru FSL,False
6858,2297,Firearm,2025-08-25,Rejected,Mysuru FSL,False
6859,2297,USB Drive,2025-08-25,Rejected,Bengaluru FSL,True
6860,2297,Document,2025-08-25,Verified,Mangaluru FSL,True
6861,2298,DNA Sample,2023-01-25,Sent to FSL,Bengaluru FSL,True
6862,2298,Firearm,2023-01-25,Verified,Bengaluru FSL,True
6863,2299,SIM Card,2025-11-29,Rejected,Bengaluru FSL,False
6864,2299,Document,2025-11-29,Rejected,Mysuru FSL,False
6865,2300,Mobile Phone,2024-03-15,Collected,Bengaluru FSL,True
6866,2300,Firearm,2024-03-15,Rejected,Mangaluru FSL,True
6867,2300,Fingerprint,2024-03-15,Rejected,Mangaluru FSL,True
6868,2301,Fingerprint,2022-04-11,Verified,Mysuru FSL,False
6869,2301,Clothing,2022-04-11,Verified,Bengaluru FSL,False
6870,2301,DNA Sample,2022-04-11,Collected,Bengaluru FSL,True
6871,2301,Mobile Phone,2022-04-11,Pending Analysis,Mysuru FSL,True
6872,2301,Firearm,2022-04-11,Pending Analysis,Mangaluru FSL,True
6873,2302,SIM Card,2022-01-08,Verified,Mysuru FSL,True
6874,2302,Fingerprint,2022-01-08,Pending Analysis,Mysuru FSL,False
6875,2302,CCTV Footage,2022-01-08,Collected,Mysuru FSL,True
6876,2303,Laptop,2024-01-19,Pending Analysis,Mangaluru FSL,False
6877,2303,CCTV Footage,2024-01-19,Verified,Bengaluru FSL,False
6878,2303,Vehicle,2024-01-19,Collected,Bengaluru FSL,True
6879,2304,Blood Sample,2026-10-14,Rejected,Mysuru FSL,True
6880,2304,DNA Sample,2026-10-14,Pending Analysis,Bengaluru FSL,True
6881,2304,Firearm,2026-10-14,Pending Analysis,Bengaluru FSL,False
6882,2304,SIM Card,2026-10-14,Sent to FSL,Mangaluru FSL,False
6883,2305,Blood Sample,2025-04-18,Rejected,Bengaluru FSL,False
6884,2306,Fingerprint,2022-11-16,Verified,Mysuru FSL,False
6885,2307,Hard Disk,2023-10-19,Rejected,Bengaluru FSL,True
6886,2308,Laptop,2025-12-19,Sent to FSL,Mysuru FSL,True
6887,2308,Mobile Phone,2025-12-19,Verified,Bengaluru FSL,False
6888,2309,Drug Sample,2026-10-02,Collected,Mangaluru FSL,False
6889,2309,Document,2026-10-02,Collected,Bengaluru FSL,True
6890,2309,Clothing,2026-10-02,Sent to FSL,Mangaluru FSL,True
6891,2309,CCTV Footage,2026-10-02,Rejected,Mangaluru FSL,True
6892,2310,USB Drive,2023-11-23,Collected,Mangaluru FSL,True
6893,2311,Laptop,2025-09-03,Rejected,Bengaluru FSL,True
6894,2311,Vehicle,2025-09-03,Sent to FSL,Mangaluru FSL,False
6895,2311,Drug Sample,2025-09-03,Rejected,Bengaluru FSL,True
6896,2311,Firearm,2025-09-03,Rejected,Bengaluru FSL,False
6897,2312,CCTV Footage,2023-06-13,Pending Analysis,Mangaluru FSL,True
6898,2312,Knife,2023-06-13,Collected,Bengaluru FSL,False
6899,2313,Fingerprint,2024-11-23,Rejected,Mangaluru FSL,True
6900,2313,Document,2024-11-23,Verified,Mangaluru FSL,False
6901,2313,Drug Sample,2024-11-23,Collected,Mysuru FSL,False
6902,2313,Vehicle,2024-11-23,Pending Analysis,Bengaluru FSL,False
6903,2314,Mobile Phone,2023-03-17,Collected,Bengaluru FSL,False
6904,2315,Knife,2022-08-26,Rejected,Bengaluru FSL,False
6905,2316,Hard Disk,2022-05-03,Verified,Bengaluru FSL,True
6906,2317,Vehicle,2022-01-06,Sent to FSL,Mangaluru FSL,False
6907,2317,Firearm,2022-01-06,Verified,Bengaluru FSL,False
6908,2317,Clothing,2022-01-06,Verified,Bengaluru FSL,True
6909,2317,CCTV Footage,2022-01-06,Pending Analysis,Mysuru FSL,True
6910,2317,DNA Sample,2022-01-06,Verified,Mysuru FSL,False
6911,2318,Knife,2022-03-27,Sent to FSL,Bengaluru FSL,False
6912,2318,SIM Card,2022-03-27,Collected,Mangaluru FSL,True
6913,2318,DNA Sample,2022-03-27,Rejected,Bengaluru FSL,True
6914,2318,USB Drive,2022-03-27,Pending Analysis,Bengaluru FSL,True
6915,2318,Fingerprint,2022-03-27,Rejected,Bengaluru FSL,True
6916,2319,Drug Sample,2026-02-04,Verified,Mangaluru FSL,True
6917,2319,Clothing,2026-02-04,Collected,Bengaluru FSL,True
6918,2319,SIM Card,2026-02-04,Verified,Mangaluru FSL,True
6919,2320,CCTV Footage,2023-07-24,Rejected,Mysuru FSL,True
6920,2320,Document,2023-07-24,Verified,Bengaluru FSL,True
6921,2320,Drug Sample,2023-07-24,Sent to FSL,Bengaluru FSL,True
6922,2321,CCTV Footage,2025-03-20,Rejected,Bengaluru FSL,False
6923,2321,Blood Sample,2025-03-20,Sent to FSL,Bengaluru FSL,True
6924,2321,Knife,2025-03-20,Pending Analysis,Mangaluru FSL,True
6925,2321,Firearm,2025-03-20,Collected,Mangaluru FSL,True
6926,2322,Document,2026-01-12,Verified,Mysuru FSL,True
6927,2322,Knife,2026-01-12,Verified,Bengaluru FSL,True
6928,2323,Laptop,2023-01-18,Verified,Mysuru FSL,False
6929,2323,Clothing,2023-01-18,Collected,Bengaluru FSL,True
6930,2323,Firearm,2023-01-18,Sent to FSL,Mysuru FSL,False
6931,2323,Drug Sample,2023-01-18,Sent to FSL,Mangaluru FSL,False
6932,2323,Hard Disk,2023-01-18,Rejected,Mysuru FSL,True
6933,2324,Clothing,2023-05-19,Verified,Mysuru FSL,False
6934,2324,Knife,2023-05-19,Collected,Bengaluru FSL,True
6935,2324,Drug Sample,2023-05-19,Rejected,Mangaluru FSL,True
6936,2324,Firearm,2023-05-19,Rejected,Mangaluru FSL,False
6937,2325,Clothing,2023-01-05,Sent to FSL,Bengaluru FSL,False
6938,2325,Vehicle,2023-01-05,Sent to FSL,Mysuru FSL,False
6939,2325,Document,2023-01-05,Rejected,Bengaluru FSL,True
6940,2325,USB Drive,2023-01-05,Collected,Mangaluru FSL,True
6941,2325,DNA Sample,2023-01-05,Collected,Mysuru FSL,False
6942,2326,Knife,2026-10-25,Rejected,Mangaluru FSL,True
6943,2327,DNA Sample,2025-07-01,Rejected,Mangaluru FSL,False
6944,2327,Mobile Phone,2025-07-01,Collected,Mangaluru FSL,False
6945,2327,SIM Card,2025-07-01,Rejected,Mangaluru FSL,False
6946,2327,Document,2025-07-01,Sent to FSL,Mangaluru FSL,True
6947,2328,Vehicle,2026-06-14,Collected,Mangaluru FSL,False
6948,2328,Clothing,2026-06-14,Collected,Bengaluru FSL,True
6949,2329,Blood Sample,2024-02-03,Verified,Bengaluru FSL,False
6950,2329,CCTV Footage,2024-02-03,Verified,Mysuru FSL,False
6951,2330,Hard Disk,2026-06-16,Rejected,Bengaluru FSL,False
6952,2330,Mobile Phone,2026-06-16,Verified,Mysuru FSL,False
6953,2330,Fingerprint,2026-06-16,Rejected,Bengaluru FSL,True
6954,2330,Laptop,2026-06-16,Sent to FSL,Mysuru FSL,False
6955,2330,Clothing,2026-06-16,Collected,Bengaluru FSL,True
6956,2331,Document,2023-05-03,Sent to FSL,Mangaluru FSL,False
6957,2331,Vehicle,2023-05-03,Sent to FSL,Mangaluru FSL,True
6958,2332,Mobile Phone,2024-05-04,Verified,Mysuru FSL,True
6959,2333,Fingerprint,2026-08-20,Verified,Mysuru FSL,False
6960,2333,Knife,2026-08-20,Pending Analysis,Mangaluru FSL,True
6961,2334,USB Drive,2022-02-27,Rejected,Bengaluru FSL,True
6962,2334,Mobile Phone,2022-02-27,Verified,Bengaluru FSL,True
6963,2335,Vehicle,2025-02-11,Verified,Bengaluru FSL,False
6964,2335,Blood Sample,2025-02-11,Sent to FSL,Mysuru FSL,True
6965,2335,Fingerprint,2025-02-11,Verified,Mangaluru FSL,False
6966,2336,Drug Sample,2025-01-13,Rejected,Mangaluru FSL,False
6967,2336,USB Drive,2025-01-13,Collected,Mangaluru FSL,True
6968,2336,Fingerprint,2025-01-13,Collected,Mangaluru FSL,True
6969,2336,Clothing,2025-01-13,Rejected,Bengaluru FSL,True
6970,2337,SIM Card,2023-02-04,Rejected,Mangaluru FSL,True
6971,2337,Mobile Phone,2023-02-04,Collected,Bengaluru FSL,True
6972,2337,Blood Sample,2023-02-04,Collected,Mysuru FSL,False
6973,2337,Drug Sample,2023-02-04,Collected,Mangaluru FSL,False
6974,2338,Laptop,2022-05-26,Verified,Mysuru FSL,False
6975,2338,USB Drive,2022-05-26,Collected,Bengaluru FSL,False
6976,2338,DNA Sample,2022-05-26,Verified,Mysuru FSL,True
6977,2339,CCTV Footage,2023-04-25,Collected,Bengaluru FSL,False
6978,2339,Hard Disk,2023-04-25,Sent to FSL,Bengaluru FSL,False
6979,2340,Mobile Phone,2026-10-15,Sent to FSL,Mysuru FSL,True
6980,2340,Fingerprint,2026-10-15,Verified,Mysuru FSL,True
6981,2340,Firearm,2026-10-15,Verified,Mangaluru FSL,False
6982,2340,Blood Sample,2026-10-15,Rejected,Bengaluru FSL,True
6983,2341,Document,2022-05-17,Rejected,Mangaluru FSL,True
6984,2341,Clothing,2022-05-17,Rejected,Bengaluru FSL,True
6985,2341,Hard Disk,2022-05-17,Rejected,Mangaluru FSL,False
6986,2342,Knife,2024-01-28,Collected,Mysuru FSL,True
6987,2342,Laptop,2024-01-28,Pending Analysis,Mysuru FSL,True
6988,2342,USB Drive,2024-01-28,Pending Analysis,Mangaluru FSL,False
6989,2342,Hard Disk,2024-01-28,Sent to FSL,Mangaluru FSL,False
6990,2343,Mobile Phone,2022-08-19,Collected,Bengaluru FSL,False
6991,2343,Vehicle,2022-08-19,Rejected,Mangaluru FSL,True
6992,2344,Knife,2026-04-09,Pending Analysis,Bengaluru FSL,True
6993,2344,Clothing,2026-04-09,Sent to FSL,Mysuru FSL,True
6994,2345,Fingerprint,2022-09-17,Sent to FSL,Bengaluru FSL,True
6995,2345,Blood Sample,2022-09-17,Sent to FSL,Bengaluru FSL,False
6996,2345,SIM Card,2022-09-17,Rejected,Mysuru FSL,False
6997,2346,Drug Sample,2022-10-16,Collected,Mysuru FSL,False
6998,2346,Document,2022-10-16,Rejected,Bengaluru FSL,True
6999,2346,Blood Sample,2022-10-16,Sent to FSL,Mysuru FSL,False
7000,2347,Vehicle,2023-08-31,Collected,Mysuru FSL,False
7001,2347,Firearm,2023-08-31,Verified,Mangaluru FSL,False
7002,2347,Mobile Phone,2023-08-31,Collected,Mangaluru FSL,False
7003,2348,Laptop,2024-02-04,Verified,Bengaluru FSL,True
7004,2349,Firearm,2025-05-31,Sent to FSL,Bengaluru FSL,True
7005,2349,Laptop,2025-05-31,Pending Analysis,Mangaluru FSL,False
7006,2350,Laptop,2025-04-24,Sent to FSL,Mangaluru FSL,True
7007,2350,Blood Sample,2025-04-24,Collected,Mangaluru FSL,False
7008,2351,Fingerprint,2023-06-17,Pending Analysis,Mysuru FSL,False
7009,2351,Firearm,2023-06-17,Verified,Bengaluru FSL,True
7010,2352,Document,2022-10-23,Collected,Mangaluru FSL,True
7011,2352,SIM Card,2022-10-23,Rejected,Bengaluru FSL,False
7012,2352,Clothing,2022-10-23,Collected,Mysuru FSL,True
7013,2352,Firearm,2022-10-23,Collected,Mysuru FSL,False
7014,2352,Fingerprint,2022-10-23,Pending Analysis,Mangaluru FSL,True
7015,2353,Drug Sample,2024-08-05,Pending Analysis,Mysuru FSL,True
7016,2354,DNA Sample,2022-09-13,Pending Analysis,Mysuru FSL,False
7017,2355,Document,2024-01-05,Verified,Bengaluru FSL,True
7018,2355,CCTV Footage,2024-01-05,Verified,Mangaluru FSL,True
7019,2356,Drug Sample,2024-08-06,Rejected,Mysuru FSL,False
7020,2357,CCTV Footage,2022-11-20,Pending Analysis,Bengaluru FSL,True
7021,2357,Knife,2022-11-20,Sent to FSL,Bengaluru FSL,False
7022,2357,DNA Sample,2022-11-20,Collected,Mangaluru FSL,False
7023,2357,USB Drive,2022-11-20,Verified,Bengaluru FSL,False
7024,2358,Mobile Phone,2024-09-19,Collected,Mangaluru FSL,False
7025,2358,CCTV Footage,2024-09-19,Sent to FSL,Bengaluru FSL,False
7026,2358,Drug Sample,2024-09-19,Pending Analysis,Mangaluru FSL,False
7027,2359,Document,2026-10-14,Pending Analysis,Bengaluru FSL,True
7028,2359,Laptop,2026-10-14,Collected,Mysuru FSL,False
7029,2359,Vehicle,2026-10-14,Verified,Mangaluru FSL,True
7030,2360,Hard Disk,2023-11-28,Collected,Bengaluru FSL,False
7031,2360,CCTV Footage,2023-11-28,Collected,Mangaluru FSL,False
7032,2360,Document,2023-11-28,Pending Analysis,Mangaluru FSL,False
7033,2361,Firearm,2023-11-28,Collected,Bengaluru FSL,True
7034,2361,DNA Sample,2023-11-28,Sent to FSL,Mysuru FSL,True
7035,2361,Clothing,2023-11-28,Sent to FSL,Mysuru FSL,True
7036,2361,Document,2023-11-28,Verified,Bengaluru FSL,True
7037,2362,Firearm,2023-04-12,Collected,Mysuru FSL,True
7038,2362,SIM Card,2023-04-12,Verified,Mangaluru FSL,False
7039,2362,Drug Sample,2023-04-12,Pending Analysis,Mysuru FSL,False
7040,2363,Fingerprint,2024-05-26,Pending Analysis,Mysuru FSL,False
7041,2363,DNA Sample,2024-05-26,Sent to FSL,Mysuru FSL,False
7042,2363,CCTV Footage,2024-05-26,Rejected,Mysuru FSL,False
7043,2363,SIM Card,2024-05-26,Sent to FSL,Mangaluru FSL,False
7044,2364,Drug Sample,2022-02-15,Collected,Bengaluru FSL,False
7045,2364,USB Drive,2022-02-15,Verified,Mysuru FSL,False
7046,2364,Firearm,2022-02-15,Pending Analysis,Mysuru FSL,False
7047,2364,Knife,2022-02-15,Rejected,Bengaluru FSL,False
7048,2365,Clothing,2023-04-05,Collected,Mangaluru FSL,False
7049,2365,CCTV Footage,2023-04-05,Pending Analysis,Mangaluru FSL,False
7050,2365,Drug Sample,2023-04-05,Pending Analysis,Mysuru FSL,False
7051,2365,DNA Sample,2023-04-05,Verified,Mysuru FSL,False
7052,2365,Fingerprint,2023-04-05,Rejected,Mangaluru FSL,True
7053,2366,Blood Sample,2022-09-29,Sent to FSL,Bengaluru FSL,False
7054,2367,Laptop,2024-11-23,Verified,Bengaluru FSL,True
7055,2368,USB Drive,2025-10-15,Sent to FSL,Mysuru FSL,True
7056,2368,Mobile Phone,2025-10-15,Collected,Mysuru FSL,True
7057,2368,Knife,2025-10-15,Sent to FSL,Mangaluru FSL,False
7058,2369,Blood Sample,2023-08-23,Rejected,Mysuru FSL,False
7059,2369,Hard Disk,2023-08-23,Pending Analysis,Mangaluru FSL,False
7060,2369,SIM Card,2023-08-23,Rejected,Mysuru FSL,True
7061,2370,USB Drive,2026-10-08,Collected,Bengaluru FSL,True
7062,2371,Laptop,2022-11-29,Pending Analysis,Mangaluru FSL,False
7063,2371,Drug Sample,2022-11-29,Collected,Bengaluru FSL,True
7064,2371,Blood Sample,2022-11-29,Sent to FSL,Bengaluru FSL,False
7065,2372,Blood Sample,2024-10-15,Collected,Mysuru FSL,True
7066,2372,SIM Card,2024-10-15,Sent to FSL,Mangaluru FSL,True
7067,2372,Drug Sample,2024-10-15,Rejected,Bengaluru FSL,False
7068,2372,Firearm,2024-10-15,Sent to FSL,Bengaluru FSL,True
7069,2373,Vehicle,2025-05-08,Sent to FSL,Bengaluru FSL,True
7070,2373,Laptop,2025-05-08,Verified,Bengaluru FSL,True
7071,2373,Document,2025-05-08,Collected,Bengaluru FSL,True
7072,2373,Hard Disk,2025-05-08,Pending Analysis,Mangaluru FSL,True
7073,2374,Clothing,2022-05-02,Verified,Mangaluru FSL,False
7074,2374,Blood Sample,2022-05-02,Collected,Mysuru FSL,False
7075,2375,SIM Card,2022-12-24,Verified,Bengaluru FSL,True
7076,2375,Blood Sample,2022-12-24,Verified,Mysuru FSL,True
7077,2375,Drug Sample,2022-12-24,Collected,Bengaluru FSL,True
7078,2375,CCTV Footage,2022-12-24,Rejected,Mysuru FSL,True
7079,2376,Vehicle,2026-08-11,Sent to FSL,Mangaluru FSL,False
7080,2376,Laptop,2026-08-11,Collected,Bengaluru FSL,False
7081,2376,Knife,2026-08-11,Pending Analysis,Mangaluru FSL,False
7082,2376,Fingerprint,2026-08-11,Sent to FSL,Mysuru FSL,False
7083,2377,CCTV Footage,2026-12-11,Verified,Bengaluru FSL,True
7084,2377,Fingerprint,2026-12-11,Sent to FSL,Mangaluru FSL,False
7085,2377,DNA Sample,2026-12-11,Pending Analysis,Mangaluru FSL,False
7086,2377,Clothing,2026-12-11,Pending Analysis,Bengaluru FSL,False
7087,2378,USB Drive,2024-10-15,Collected,Mysuru FSL,False
7088,2379,Mobile Phone,2025-02-04,Verified,Bengaluru FSL,True
7089,2380,Document,2022-01-13,Pending Analysis,Mysuru FSL,True
7090,2381,Fingerprint,2023-09-22,Verified,Mysuru FSL,False
7091,2381,USB Drive,2023-09-22,Verified,Mangaluru FSL,False
7092,2381,DNA Sample,2023-09-22,Pending Analysis,Mangaluru FSL,True
7093,2381,Vehicle,2023-09-22,Sent to FSL,Mysuru FSL,True
7094,2381,Firearm,2023-09-22,Verified,Bengaluru FSL,True
7095,2382,Firearm,2024-12-21,Pending Analysis,Bengaluru FSL,False
7096,2382,Mobile Phone,2024-12-21,Verified,Mangaluru FSL,False
7097,2382,Laptop,2024-12-21,Collected,Bengaluru FSL,True
7098,2382,Blood Sample,2024-12-21,Rejected,Mysuru FSL,False
7099,2383,DNA Sample,2022-03-03,Rejected,Mysuru FSL,True
7100,2384,Knife,2022-07-15,Pending Analysis,Mysuru FSL,False
7101,2384,Drug Sample,2022-07-15,Verified,Mysuru FSL,False
7102,2384,Hard Disk,2022-07-15,Sent to FSL,Mangaluru FSL,False
7103,2384,CCTV Footage,2022-07-15,Rejected,Bengaluru FSL,True
7104,2384,USB Drive,2022-07-15,Sent to FSL,Mangaluru FSL,True
7105,2385,Drug Sample,2022-09-17,Verified,Mangaluru FSL,False
7106,2385,Knife,2022-09-17,Rejected,Mangaluru FSL,False
7107,2385,DNA Sample,2022-09-17,Verified,Mysuru FSL,True
7108,2385,Mobile Phone,2022-09-17,Collected,Mangaluru FSL,True
7109,2386,Document,2024-12-08,Collected,Mysuru FSL,False
7110,2386,Clothing,2024-12-08,Pending Analysis,Mangaluru FSL,True
7111,2386,SIM Card,2024-12-08,Collected,Mangaluru FSL,True
7112,2387,USB Drive,2025-09-26,Verified,Bengaluru FSL,True
7113,2387,Drug Sample,2025-09-26,Sent to FSL,Mysuru FSL,False
7114,2387,Clothing,2025-09-26,Pending Analysis,Mysuru FSL,False
7115,2387,Blood Sample,2025-09-26,Rejected,Mysuru FSL,True
7116,2388,Blood Sample,2023-12-08,Collected,Mysuru FSL,False
7117,2388,Fingerprint,2023-12-08,Rejected,Mysuru FSL,True
7118,2389,DNA Sample,2024-05-12,Verified,Mysuru FSL,False
7119,2390,Document,2022-03-09,Verified,Mysuru FSL,False
7120,2390,SIM Card,2022-03-09,Sent to FSL,Mysuru FSL,True
7121,2390,Firearm,2022-03-09,Sent to FSL,Mysuru FSL,False
7122,2390,Laptop,2022-03-09,Pending Analysis,Mysuru FSL,True
7123,2390,Knife,2022-03-09,Collected,Mangaluru FSL,True
7124,2391,Knife,2022-03-06,Collected,Mangaluru FSL,False
7125,2391,DNA Sample,2022-03-06,Pending Analysis,Mysuru FSL,True
7126,2391,Document,2022-03-06,Pending Analysis,Mangaluru FSL,True
7127,2391,Mobile Phone,2022-03-06,Rejected,Mysuru FSL,True
7128,2391,Blood Sample,2022-03-06,Sent to FSL,Bengaluru FSL,True
7129,2392,Clothing,2024-08-23,Verified,Mysuru FSL,False
7130,2392,SIM Card,2024-08-23,Rejected,Mangaluru FSL,True
7131,2393,USB Drive,2023-02-19,Verified,Bengaluru FSL,True
7132,2393,Laptop,2023-02-19,Verified,Mysuru FSL,True
7133,2394,Knife,2023-03-09,Sent to FSL,Bengaluru FSL,False
7134,2394,Drug Sample,2023-03-09,Verified,Mysuru FSL,False
7135,2394,Laptop,2023-03-09,Verified,Bengaluru FSL,True
7136,2394,USB Drive,2023-03-09,Sent to FSL,Bengaluru FSL,False
7137,2395,Vehicle,2026-03-27,Verified,Mangaluru FSL,False
7138,2395,Mobile Phone,2026-03-27,Rejected,Mysuru FSL,False
7139,2396,SIM Card,2022-06-14,Collected,Mysuru FSL,False
7140,2396,Drug Sample,2022-06-14,Pending Analysis,Mangaluru FSL,True
7141,2396,Vehicle,2022-06-14,Verified,Bengaluru FSL,True
7142,2396,Laptop,2022-06-14,Sent to FSL,Mangaluru FSL,False
7143,2397,Firearm,2024-06-30,Sent to FSL,Bengaluru FSL,False
7144,2397,Hard Disk,2024-06-30,Verified,Mysuru FSL,False
7145,2397,Vehicle,2024-06-30,Collected,Bengaluru FSL,True
7146,2398,Vehicle,2025-09-26,Pending Analysis,Mangaluru FSL,False
7147,2398,CCTV Footage,2025-09-26,Sent to FSL,Mysuru FSL,False
7148,2399,USB Drive,2024-10-22,Rejected,Mangaluru FSL,True
7149,2399,CCTV Footage,2024-10-22,Rejected,Mangaluru FSL,False
7150,2399,SIM Card,2024-10-22,Pending Analysis,Mangaluru FSL,False
7151,2399,Clothing,2024-10-22,Pending Analysis,Mangaluru FSL,False
7152,2399,Fingerprint,2024-10-22,Verified,Bengaluru FSL,True
7153,2400,DNA Sample,2022-02-17,Rejected,Bengaluru FSL,False
7154,2400,USB Drive,2022-02-17,Pending Analysis,Mangaluru FSL,True
7155,2401,CCTV Footage,2023-04-27,Rejected,Bengaluru FSL,True
7156,2402,Knife,2023-11-13,Verified,Mangaluru FSL,True
7157,2402,Hard Disk,2023-11-13,Verified,Mysuru FSL,False
7158,2402,Document,2023-11-13,Rejected,Mangaluru FSL,True
7159,2402,CCTV Footage,2023-11-13,Pending Analysis,Bengaluru FSL,True
7160,2403,Firearm,2025-04-27,Pending Analysis,Mysuru FSL,False
7161,2403,Clothing,2025-04-27,Collected,Mysuru FSL,False
7162,2404,USB Drive,2023-09-04,Verified,Mysuru FSL,False
7163,2404,Firearm,2023-09-04,Pending Analysis,Bengaluru FSL,True
7164,2404,Hard Disk,2023-09-04,Collected,Mysuru FSL,True
7165,2404,Blood Sample,2023-09-04,Sent to FSL,Mangaluru FSL,False
7166,2404,Drug Sample,2023-09-04,Rejected,Mangaluru FSL,False
7167,2405,Drug Sample,2026-04-30,Collected,Mysuru FSL,True
7168,2405,DNA Sample,2026-04-30,Collected,Bengaluru FSL,False
7169,2405,Firearm,2026-04-30,Sent to FSL,Mysuru FSL,True
7170,2405,Blood Sample,2026-04-30,Rejected,Mysuru FSL,False
7171,2405,Clothing,2026-04-30,Sent to FSL,Mysuru FSL,True
7172,2406,USB Drive,2023-09-18,Rejected,Bengaluru FSL,True
7173,2406,Firearm,2023-09-18,Verified,Mysuru FSL,False
7174,2406,Knife,2023-09-18,Verified,Mysuru FSL,True
7175,2406,Hard Disk,2023-09-18,Verified,Mangaluru FSL,True
7176,2407,USB Drive,2023-10-22,Pending Analysis,Mangaluru FSL,False
7177,2408,DNA Sample,2023-01-31,Pending Analysis,Mangaluru FSL,True
7178,2408,SIM Card,2023-01-31,Rejected,Mysuru FSL,True
7179,2408,Firearm,2023-01-31,Pending Analysis,Bengaluru FSL,True
7180,2408,Drug Sample,2023-01-31,Pending Analysis,Mysuru FSL,False
7181,2409,Blood Sample,2022-05-20,Collected,Mysuru FSL,False
7182,2410,Document,2025-09-28,Collected,Mangaluru FSL,False
7183,2410,CCTV Footage,2025-09-28,Verified,Mangaluru FSL,True
7184,2411,Clothing,2026-06-01,Rejected,Mysuru FSL,False
7185,2411,Document,2026-06-01,Sent to FSL,Bengaluru FSL,False
7186,2411,USB Drive,2026-06-01,Sent to FSL,Mangaluru FSL,True
7187,2411,Fingerprint,2026-06-01,Pending Analysis,Mysuru FSL,True
7188,2411,Vehicle,2026-06-01,Collected,Mysuru FSL,True
7189,2412,Blood Sample,2024-07-04,Sent to FSL,Bengaluru FSL,True
7190,2413,Hard Disk,2023-02-24,Rejected,Mangaluru FSL,True
7191,2413,Drug Sample,2023-02-24,Verified,Mysuru FSL,True
7192,2413,DNA Sample,2023-02-24,Sent to FSL,Mangaluru FSL,True
7193,2413,Firearm,2023-02-24,Collected,Bengaluru FSL,True
7194,2413,Laptop,2023-02-24,Collected,Mysuru FSL,True
7195,2414,Document,2024-04-21,Pending Analysis,Mysuru FSL,True
7196,2414,USB Drive,2024-04-21,Collected,Mysuru FSL,False
7197,2414,DNA Sample,2024-04-21,Pending Analysis,Mangaluru FSL,True
7198,2414,Knife,2024-04-21,Sent to FSL,Bengaluru FSL,True
7199,2415,DNA Sample,2026-01-28,Rejected,Bengaluru FSL,True
7200,2415,Hard Disk,2026-01-28,Collected,Mangaluru FSL,False
7201,2415,USB Drive,2026-01-28,Sent to FSL,Bengaluru FSL,False
7202,2416,SIM Card,2024-09-14,Sent to FSL,Mysuru FSL,False
7203,2416,Fingerprint,2024-09-14,Sent to FSL,Mysuru FSL,False
7204,2416,Vehicle,2024-09-14,Verified,Mangaluru FSL,True
7205,2417,Knife,2023-03-15,Collected,Mysuru FSL,True
7206,2418,USB Drive,2022-09-12,Collected,Mangaluru FSL,False
7207,2418,Mobile Phone,2022-09-12,Rejected,Bengaluru FSL,True
7208,2419,Knife,2022-12-16,Verified,Bengaluru FSL,True
7209,2419,Document,2022-12-16,Sent to FSL,Mysuru FSL,True
7210,2419,Blood Sample,2022-12-16,Sent to FSL,Bengaluru FSL,False
7211,2420,Mobile Phone,2025-09-21,Rejected,Mangaluru FSL,True
7212,2420,Clothing,2025-09-21,Rejected,Bengaluru FSL,True
7213,2420,Laptop,2025-09-21,Pending Analysis,Bengaluru FSL,True
7214,2420,Hard Disk,2025-09-21,Collected,Mysuru FSL,False
7215,2420,USB Drive,2025-09-21,Verified,Mangaluru FSL,False
7216,2421,Blood Sample,2026-02-17,Verified,Mangaluru FSL,True
7217,2421,Mobile Phone,2026-02-17,Pending Analysis,Bengaluru FSL,True
7218,2421,Document,2026-02-17,Verified,Bengaluru FSL,True
7219,2421,Fingerprint,2026-02-17,Verified,Mangaluru FSL,False
7220,2421,Knife,2026-02-17,Pending Analysis,Mysuru FSL,True
7221,2422,Fingerprint,2023-04-13,Collected,Mangaluru FSL,True
7222,2422,Drug Sample,2023-04-13,Verified,Bengaluru FSL,True
7223,2422,DNA Sample,2023-04-13,Pending Analysis,Mysuru FSL,False
7224,2423,Firearm,2025-05-16,Collected,Bengaluru FSL,False
7225,2424,SIM Card,2026-02-23,Collected,Mangaluru FSL,True
7226,2424,CCTV Footage,2026-02-23,Sent to FSL,Mangaluru FSL,True
7227,2425,Blood Sample,2024-09-20,Sent to FSL,Mysuru FSL,False
7228,2425,Hard Disk,2024-09-20,Collected,Mysuru FSL,True
7229,2425,Vehicle,2024-09-20,Collected,Mangaluru FSL,True
7230,2425,DNA Sample,2024-09-20,Collected,Mangaluru FSL,False
7231,2425,Knife,2024-09-20,Verified,Bengaluru FSL,False
7232,2426,Firearm,2024-05-19,Verified,Bengaluru FSL,False
7233,2426,Blood Sample,2024-05-19,Sent to FSL,Mysuru FSL,True
7234,2427,CCTV Footage,2025-09-25,Collected,Mysuru FSL,True
7235,2427,Hard Disk,2025-09-25,Sent to FSL,Bengaluru FSL,True
7236,2427,Firearm,2025-09-25,Collected,Mangaluru FSL,False
7237,2427,Knife,2025-09-25,Pending Analysis,Bengaluru FSL,True
7238,2428,Knife,2026-11-20,Pending Analysis,Mangaluru FSL,True
7239,2429,Firearm,2022-01-04,Pending Analysis,Bengaluru FSL,False
7240,2429,DNA Sample,2022-01-04,Pending Analysis,Bengaluru FSL,True
7241,2429,Hard Disk,2022-01-04,Pending Analysis,Mysuru FSL,False
7242,2429,Mobile Phone,2022-01-04,Pending Analysis,Mangaluru FSL,False
7243,2430,Clothing,2025-03-25,Rejected,Mysuru FSL,False
7244,2431,Clothing,2025-12-24,Rejected,Mysuru FSL,True
7245,2432,Firearm,2024-07-01,Rejected,Mangaluru FSL,False
7246,2432,Hard Disk,2024-07-01,Pending Analysis,Bengaluru FSL,True
7247,2432,Knife,2024-07-01,Collected,Mysuru FSL,False
7248,2432,Drug Sample,2024-07-01,Verified,Mysuru FSL,True
7249,2433,SIM Card,2022-04-26,Collected,Bengaluru FSL,False
7250,2433,USB Drive,2022-04-26,Pending Analysis,Mysuru FSL,False
7251,2433,Blood Sample,2022-04-26,Rejected,Mangaluru FSL,False
7252,2433,Clothing,2022-04-26,Pending Analysis,Mangaluru FSL,False
7253,2433,Hard Disk,2022-04-26,Collected,Mysuru FSL,False
7254,2434,Drug Sample,2024-06-07,Pending Analysis,Mysuru FSL,True
7255,2434,CCTV Footage,2024-06-07,Collected,Bengaluru FSL,True
7256,2434,Document,2024-06-07,Collected,Bengaluru FSL,True
7257,2434,Fingerprint,2024-06-07,Sent to FSL,Bengaluru FSL,False
7258,2434,DNA Sample,2024-06-07,Collected,Mysuru FSL,True
7259,2435,Firearm,2025-08-21,Collected,Mangaluru FSL,False
7260,2435,Knife,2025-08-21,Verified,Mangaluru FSL,False
7261,2436,Vehicle,2025-08-23,Collected,Mysuru FSL,True
7262,2436,Drug Sample,2025-08-23,Pending Analysis,Mysuru FSL,False
7263,2436,DNA Sample,2025-08-23,Collected,Bengaluru FSL,True
7264,2436,Laptop,2025-08-23,Pending Analysis,Mysuru FSL,True
7265,2436,Firearm,2025-08-23,Rejected,Bengaluru FSL,False
7266,2437,Laptop,2022-04-15,Pending Analysis,Bengaluru FSL,True
7267,2437,Hard Disk,2022-04-15,Collected,Bengaluru FSL,True
7268,2437,Mobile Phone,2022-04-15,Collected,Mangaluru FSL,False
7269,2438,Blood Sample,2026-12-27,Collected,Bengaluru FSL,True
7270,2438,Fingerprint,2026-12-27,Rejected,Bengaluru FSL,False
7271,2439,DNA Sample,2023-05-27,Rejected,Mangaluru FSL,False
7272,2440,CCTV Footage,2026-02-23,Sent to FSL,Bengaluru FSL,False
7273,2440,Mobile Phone,2026-02-23,Pending Analysis,Bengaluru FSL,False
7274,2440,Document,2026-02-23,Pending Analysis,Mysuru FSL,True
7275,2440,Fingerprint,2026-02-23,Verified,Mangaluru FSL,True
7276,2441,USB Drive,2026-03-08,Verified,Mangaluru FSL,True
7277,2441,Clothing,2026-03-08,Pending Analysis,Bengaluru FSL,False
7278,2441,Hard Disk,2026-03-08,Verified,Mangaluru FSL,True
7279,2441,Laptop,2026-03-08,Rejected,Mysuru FSL,True
7280,2441,DNA Sample,2026-03-08,Collected,Mysuru FSL,True
7281,2442,Blood Sample,2026-12-19,Collected,Mangaluru FSL,False
7282,2442,USB Drive,2026-12-19,Sent to FSL,Bengaluru FSL,True
7283,2442,CCTV Footage,2026-12-19,Collected,Mangaluru FSL,False
7284,2442,Clothing,2026-12-19,Collected,Mangaluru FSL,True
7285,2442,Knife,2026-12-19,Sent to FSL,Bengaluru FSL,True
7286,2443,SIM Card,2024-04-22,Verified,Mysuru FSL,True
7287,2443,Document,2024-04-22,Pending Analysis,Bengaluru FSL,False
7288,2443,Clothing,2024-04-22,Sent to FSL,Mangaluru FSL,True
7289,2444,Fingerprint,2022-04-24,Verified,Mangaluru FSL,True
7290,2444,USB Drive,2022-04-24,Pending Analysis,Mangaluru FSL,False
7291,2445,Blood Sample,2023-10-02,Verified,Mysuru FSL,False
7292,2445,Fingerprint,2023-10-02,Verified,Mysuru FSL,False
7293,2445,Clothing,2023-10-02,Rejected,Mangaluru FSL,True
7294,2445,Laptop,2023-10-02,Verified,Mangaluru FSL,True
7295,2446,USB Drive,2025-07-06,Collected,Mangaluru FSL,False
7296,2446,Blood Sample,2025-07-06,Rejected,Mysuru FSL,False
7297,2446,Firearm,2025-07-06,Collected,Bengaluru FSL,True
7298,2446,Drug Sample,2025-07-06,Verified,Bengaluru FSL,False
7299,2447,DNA Sample,2025-08-13,Sent to FSL,Bengaluru FSL,True
7300,2447,Knife,2025-08-13,Verified,Mysuru FSL,False
7301,2447,Clothing,2025-08-13,Verified,Bengaluru FSL,False
7302,2447,Fingerprint,2025-08-13,Verified,Mysuru FSL,False
7303,2447,Blood Sample,2025-08-13,Pending Analysis,Bengaluru FSL,True
7304,2448,Fingerprint,2022-11-28,Collected,Bengaluru FSL,False
7305,2448,Drug Sample,2022-11-28,Sent to FSL,Bengaluru FSL,True
7306,2449,SIM Card,2025-11-24,Verified,Bengaluru FSL,True
7307,2450,Document,2023-06-22,Collected,Mysuru FSL,True
7308,2450,Knife,2023-06-22,Verified,Mangaluru FSL,True
7309,2450,Clothing,2023-06-22,Pending Analysis,Mangaluru FSL,True
7310,2451,Document,2022-02-16,Sent to FSL,Mangaluru FSL,False
7311,2451,Knife,2022-02-16,Pending Analysis,Mangaluru FSL,False
7312,2451,Firearm,2022-02-16,Collected,Mangaluru FSL,True
7313,2452,USB Drive,2022-07-29,Pending Analysis,Bengaluru FSL,True
7314,2452,Clothing,2022-07-29,Pending Analysis,Mysuru FSL,False
7315,2452,DNA Sample,2022-07-29,Collected,Mysuru FSL,True
7316,2452,Mobile Phone,2022-07-29,Sent to FSL,Mysuru FSL,False
7317,2453,Laptop,2022-09-20,Rejected,Mysuru FSL,False
7318,2454,USB Drive,2025-08-30,Collected,Bengaluru FSL,False
7319,2454,Document,2025-08-30,Verified,Bengaluru FSL,True
7320,2454,DNA Sample,2025-08-30,Collected,Mangaluru FSL,False
7321,2454,Fingerprint,2025-08-30,Pending Analysis,Bengaluru FSL,True
7322,2454,Blood Sample,2025-08-30,Rejected,Mysuru FSL,True
7323,2455,Vehicle,2023-05-21,Rejected,Bengaluru FSL,False
7324,2455,Fingerprint,2023-05-21,Collected,Mysuru FSL,True
7325,2455,Document,2023-05-21,Rejected,Mangaluru FSL,False
7326,2455,Drug Sample,2023-05-21,Pending Analysis,Bengaluru FSL,False
7327,2456,Knife,2024-10-09,Verified,Mangaluru FSL,False
7328,2456,Blood Sample,2024-10-09,Collected,Mangaluru FSL,False
7329,2457,Firearm,2022-08-14,Collected,Bengaluru FSL,True
7330,2457,Clothing,2022-08-14,Rejected,Mangaluru FSL,True
7331,2458,Drug Sample,2024-05-15,Sent to FSL,Bengaluru FSL,True
7332,2458,Hard Disk,2024-05-15,Pending Analysis,Mangaluru FSL,True
7333,2458,Vehicle,2024-05-15,Rejected,Bengaluru FSL,True
7334,2458,Laptop,2024-05-15,Rejected,Mangaluru FSL,True
7335,2458,Mobile Phone,2024-05-15,Verified,Mangaluru FSL,False
7336,2459,USB Drive,2023-11-27,Verified,Mysuru FSL,True
7337,2459,Hard Disk,2023-11-27,Collected,Mangaluru FSL,False
7338,2460,Laptop,2022-08-16,Verified,Bengaluru FSL,False
7339,2460,DNA Sample,2022-08-16,Sent to FSL,Bengaluru FSL,False
7340,2460,USB Drive,2022-08-16,Collected,Bengaluru FSL,False
7341,2460,Clothing,2022-08-16,Pending Analysis,Mangaluru FSL,True
7342,2460,Fingerprint,2022-08-16,Pending Analysis,Mysuru FSL,True
7343,2461,Firearm,2024-03-25,Verified,Bengaluru FSL,True
7344,2461,Mobile Phone,2024-03-25,Rejected,Mangaluru FSL,False
7345,2462,Vehicle,2026-12-11,Pending Analysis,Bengaluru FSL,True
7346,2462,USB Drive,2026-12-11,Sent to FSL,Mysuru FSL,False
7347,2462,Hard Disk,2026-12-11,Verified,Mysuru FSL,True
7348,2462,DNA Sample,2026-12-11,Verified,Bengaluru FSL,True
7349,2463,USB Drive,2024-01-22,Collected,Mysuru FSL,True
7350,2463,Clothing,2024-01-22,Rejected,Mysuru FSL,False
7351,2463,Laptop,2024-01-22,Rejected,Mysuru FSL,True
7352,2464,Fingerprint,2023-06-04,Collected,Bengaluru FSL,False
7353,2464,Knife,2023-06-04,Sent to FSL,Bengaluru FSL,True
7354,2464,DNA Sample,2023-06-04,Pending Analysis,Mangaluru FSL,False
7355,2464,USB Drive,2023-06-04,Rejected,Bengaluru FSL,True
7356,2465,SIM Card,2025-10-22,Sent to FSL,Mysuru FSL,False
7357,2465,USB Drive,2025-10-22,Collected,Mysuru FSL,False
7358,2465,Fingerprint,2025-10-22,Pending Analysis,Bengaluru FSL,False
7359,2465,Vehicle,2025-10-22,Sent to FSL,Mangaluru FSL,False
7360,2465,Hard Disk,2025-10-22,Collected,Mysuru FSL,True
7361,2466,CCTV Footage,2025-05-29,Rejected,Bengaluru FSL,False
7362,2466,Drug Sample,2025-05-29,Sent to FSL,Mangaluru FSL,False
7363,2466,Mobile Phone,2025-05-29,Pending Analysis,Mysuru FSL,True
7364,2466,USB Drive,2025-05-29,Pending Analysis,Mysuru FSL,True
7365,2466,Document,2025-05-29,Verified,Bengaluru FSL,False
7366,2467,Laptop,2025-07-11,Pending Analysis,Mysuru FSL,True
7367,2467,CCTV Footage,2025-07-11,Rejected,Mysuru FSL,True
7368,2467,Knife,2025-07-11,Collected,Mangaluru FSL,True
7369,2467,SIM Card,2025-07-11,Collected,Mangaluru FSL,True
7370,2467,Blood Sample,2025-07-11,Pending Analysis,Mangaluru FSL,False
7371,2468,Vehicle,2025-01-20,Verified,Mangaluru FSL,False
7372,2468,USB Drive,2025-01-20,Collected,Mangaluru FSL,False
7373,2468,Knife,2025-01-20,Rejected,Mangaluru FSL,False
7374,2468,Drug Sample,2025-01-20,Collected,Bengaluru FSL,False
7375,2468,Blood Sample,2025-01-20,Pending Analysis,Mangaluru FSL,False
7376,2469,DNA Sample,2026-12-30,Pending Analysis,Mangaluru FSL,False
7377,2469,Document,2026-12-30,Sent to FSL,Bengaluru FSL,False
7378,2469,Fingerprint,2026-12-30,Rejected,Mysuru FSL,True
7379,2470,Vehicle,2026-02-19,Verified,Bengaluru FSL,False
7380,2471,USB Drive,2022-02-17,Collected,Mangaluru FSL,False
7381,2471,Vehicle,2022-02-17,Rejected,Bengaluru FSL,True
7382,2471,Mobile Phone,2022-02-17,Collected,Mangaluru FSL,False
7383,2472,Mobile Phone,2025-07-23,Rejected,Mysuru FSL,True
7384,2472,Vehicle,2025-07-23,Pending Analysis,Mysuru FSL,True
7385,2473,Laptop,2023-06-23,Rejected,Bengaluru FSL,False
7386,2473,Drug Sample,2023-06-23,Collected,Mangaluru FSL,True
7387,2473,Clothing,2023-06-23,Collected,Mysuru FSL,False
7388,2474,SIM Card,2026-05-26,Sent to FSL,Mangaluru FSL,True
7389,2474,Fingerprint,2026-05-26,Rejected,Mangaluru FSL,True
7390,2474,Hard Disk,2026-05-26,Collected,Mangaluru FSL,True
7391,2475,CCTV Footage,2023-05-13,Sent to FSL,Bengaluru FSL,False
7392,2475,Hard Disk,2023-05-13,Verified,Bengaluru FSL,True
7393,2476,CCTV Footage,2026-01-11,Collected,Bengaluru FSL,False
7394,2476,USB Drive,2026-01-11,Sent to FSL,Bengaluru FSL,False
7395,2476,Drug Sample,2026-01-11,Verified,Mangaluru FSL,False
7396,2476,Vehicle,2026-01-11,Pending Analysis,Mysuru FSL,False
7397,2476,Knife,2026-01-11,Rejected,Bengaluru FSL,True
7398,2477,USB Drive,2026-10-18,Collected,Mysuru FSL,False
7399,2477,SIM Card,2026-10-18,Collected,Mangaluru FSL,True
7400,2478,Hard Disk,2025-04-25,Collected,Bengaluru FSL,True
7401,2478,SIM Card,2025-04-25,Verified,Mysuru FSL,True
7402,2479,Firearm,2025-04-16,Pending Analysis,Mysuru FSL,True
7403,2479,Vehicle,2025-04-16,Collected,Mysuru FSL,True
7404,2479,Mobile Phone,2025-04-16,Pending Analysis,Bengaluru FSL,False
7405,2479,Knife,2025-04-16,Pending Analysis,Mysuru FSL,False
7406,2479,Laptop,2025-04-16,Rejected,Mysuru FSL,False
7407,2480,CCTV Footage,2023-02-24,Collected,Mysuru FSL,True
7408,2480,Clothing,2023-02-24,Rejected,Bengaluru FSL,False
7409,2480,Knife,2023-02-24,Sent to FSL,Bengaluru FSL,False
7410,2481,SIM Card,2023-09-25,Sent to FSL,Bengaluru FSL,False
7411,2482,Clothing,2023-09-05,Verified,Mysuru FSL,True
7412,2483,Hard Disk,2026-12-22,Collected,Mysuru FSL,False
7413,2484,Vehicle,2024-02-16,Rejected,Mysuru FSL,False
7414,2485,Document,2025-03-01,Sent to FSL,Bengaluru FSL,False
7415,2485,Blood Sample,2025-03-01,Rejected,Bengaluru FSL,True
7416,2485,Fingerprint,2025-03-01,Rejected,Mangaluru FSL,True
7417,2485,Firearm,2025-03-01,Verified,Mysuru FSL,False
7418,2486,Hard Disk,2023-12-12,Collected,Mangaluru FSL,True
7419,2486,Laptop,2023-12-12,Pending Analysis,Mangaluru FSL,True
7420,2486,SIM Card,2023-12-12,Pending Analysis,Mangaluru FSL,True
7421,2486,Drug Sample,2023-12-12,Verified,Bengaluru FSL,False
7422,2486,CCTV Footage,2023-12-12,Pending Analysis,Mysuru FSL,False
7423,2487,CCTV Footage,2022-04-29,Sent to FSL,Bengaluru FSL,True
7424,2487,Laptop,2022-04-29,Collected,Bengaluru FSL,False
7425,2487,Clothing,2022-04-29,Rejected,Mysuru FSL,False
7426,2488,DNA Sample,2023-06-26,Sent to FSL,Bengaluru FSL,False
7427,2488,CCTV Footage,2023-06-26,Sent to FSL,Mysuru FSL,False
7428,2488,Drug Sample,2023-06-26,Collected,Mangaluru FSL,True
7429,2489,Fingerprint,2022-10-29,Rejected,Mangaluru FSL,True
7430,2489,Document,2022-10-29,Pending Analysis,Bengaluru FSL,False
7431,2490,Drug Sample,2022-04-07,Verified,Mangaluru FSL,False
7432,2490,DNA Sample,2022-04-07,Verified,Bengaluru FSL,False
7433,2490,USB Drive,2022-04-07,Rejected,Bengaluru FSL,True
7434,2490,Mobile Phone,2022-04-07,Verified,Bengaluru FSL,False
7435,2491,Hard Disk,2024-02-16,Sent to FSL,Mysuru FSL,True
7436,2491,Mobile Phone,2024-02-16,Rejected,Mysuru FSL,False
7437,2492,DNA Sample,2024-05-01,Verified,Mysuru FSL,True
7438,2492,USB Drive,2024-05-01,Verified,Mangaluru FSL,True
7439,2492,Document,2024-05-01,Rejected,Bengaluru FSL,False
7440,2493,Firearm,2022-05-26,Verified,Mangaluru FSL,True
7441,2494,Mobile Phone,2023-11-22,Verified,Mangaluru FSL,False
7442,2495,Clothing,2023-09-08,Rejected,Bengaluru FSL,True
7443,2495,Laptop,2023-09-08,Rejected,Bengaluru FSL,True
7444,2495,Fingerprint,2023-09-08,Rejected,Mysuru FSL,True
7445,2495,Hard Disk,2023-09-08,Sent to FSL,Bengaluru FSL,False
7446,2495,Firearm,2023-09-08,Verified,Bengaluru FSL,True
7447,2496,Drug Sample,2026-10-02,Pending Analysis,Bengaluru FSL,False
7448,2496,Vehicle,2026-10-02,Sent to FSL,Mangaluru FSL,True
7449,2497,SIM Card,2025-09-25,Pending Analysis,Mangaluru FSL,False
7450,2497,Laptop,2025-09-25,Rejected,Mysuru FSL,True
7451,2497,Firearm,2025-09-25,Rejected,Mangaluru FSL,False
7452,2497,Fingerprint,2025-09-25,Collected,Mysuru FSL,False
7453,2498,Blood Sample,2025-02-05,Verified,Mangaluru FSL,False
7454,2498,USB Drive,2025-02-05,Collected,Bengaluru FSL,True
7455,2498,Clothing,2025-02-05,Rejected,Mysuru FSL,False
7456,2498,SIM Card,2025-02-05,Pending Analysis,Bengaluru FSL,True
7457,2499,Firearm,2024-05-23,Collected,Bengaluru FSL,False
7458,2499,Hard Disk,2024-05-23,Pending Analysis,Bengaluru FSL,False
7459,2499,CCTV Footage,2024-05-23,Rejected,Bengaluru FSL,False
7460,2499,USB Drive,2024-05-23,Verified,Bengaluru FSL,False
7461,2499,Blood Sample,2024-05-23,Pending Analysis,Bengaluru FSL,True
7462,2500,DNA Sample,2024-05-18,Collected,Bengaluru FSL,False
7463,2501,Drug Sample,2022-10-28,Verified,Bengaluru FSL,False
7464,2501,Mobile Phone,2022-10-28,Collected,Mysuru FSL,True
7465,2501,USB Drive,2022-10-28,Verified,Bengaluru FSL,True
7466,2501,SIM Card,2022-10-28,Verified,Mangaluru FSL,False
7467,2501,DNA Sample,2022-10-28,Verified,Mysuru FSL,False
7468,2502,Drug Sample,2024-02-25,Pending Analysis,Mysuru FSL,True
7469,2502,Document,2024-02-25,Collected,Mangaluru FSL,True
7470,2502,Clothing,2024-02-25,Verified,Mangaluru FSL,False
7471,2502,DNA Sample,2024-02-25,Collected,Mangaluru FSL,False
7472,2503,SIM Card,2024-09-21,Sent to FSL,Mysuru FSL,True
7473,2503,Vehicle,2024-09-21,Collected,Bengaluru FSL,True
7474,2503,Fingerprint,2024-09-21,Verified,Bengaluru FSL,True
7475,2503,Document,2024-09-21,Collected,Mangaluru FSL,False
7476,2503,Drug Sample,2024-09-21,Rejected,Mysuru FSL,True
7477,2504,Hard Disk,2024-01-17,Pending Analysis,Bengaluru FSL,False
7478,2504,DNA Sample,2024-01-17,Rejected,Mysuru FSL,False
7479,2504,Firearm,2024-01-17,Sent to FSL,Mangaluru FSL,True
7480,2505,Clothing,2025-11-22,Pending Analysis,Bengaluru FSL,False
7481,2505,Laptop,2025-11-22,Rejected,Bengaluru FSL,False
7482,2505,Vehicle,2025-11-22,Collected,Bengaluru FSL,False
7483,2505,Firearm,2025-11-22,Collected,Mysuru FSL,True
7484,2505,DNA Sample,2025-11-22,Verified,Mysuru FSL,True
7485,2506,Laptop,2025-10-28,Collected,Mangaluru FSL,False
7486,2507,USB Drive,2026-08-01,Rejected,Mangaluru FSL,False
7487,2507,Document,2026-08-01,Sent to FSL,Bengaluru FSL,True
7488,2507,Vehicle,2026-08-01,Collected,Mysuru FSL,False
7489,2507,CCTV Footage,2026-08-01,Pending Analysis,Mysuru FSL,True
7490,2508,Knife,2023-06-28,Sent to FSL,Mangaluru FSL,False
7491,2509,Clothing,2026-01-24,Sent to FSL,Bengaluru FSL,True
7492,2510,Vehicle,2023-10-27,Pending Analysis,Mangaluru FSL,True
7493,2510,Knife,2023-10-27,Rejected,Mysuru FSL,True
7494,2510,Fingerprint,2023-10-27,Rejected,Mangaluru FSL,True
7495,2510,Laptop,2023-10-27,Rejected,Bengaluru FSL,True
7496,2510,USB Drive,2023-10-27,Pending Analysis,Bengaluru FSL,False
7497,2511,Clothing,2023-06-21,Collected,Mysuru FSL,True
7498,2512,Clothing,2026-11-10,Pending Analysis,Bengaluru FSL,False
7499,2512,Laptop,2026-11-10,Sent to FSL,Mysuru FSL,True
7500,2513,USB Drive,2025-09-02,Collected,Mysuru FSL,True
7501,2514,Knife,2026-12-01,Collected,Mysuru FSL,True
7502,2514,Blood Sample,2026-12-01,Sent to FSL,Mysuru FSL,True
7503,2514,Mobile Phone,2026-12-01,Verified,Mangaluru FSL,False
7504,2515,DNA Sample,2022-11-12,Sent to FSL,Bengaluru FSL,False
7505,2515,SIM Card,2022-11-12,Pending Analysis,Mangaluru FSL,True
7506,2516,Document,2024-03-01,Verified,Mysuru FSL,True
7507,2516,Clothing,2024-03-01,Collected,Mangaluru FSL,False
7508,2516,SIM Card,2024-03-01,Sent to FSL,Mysuru FSL,False
7509,2516,Vehicle,2024-03-01,Pending Analysis,Bengaluru FSL,True
7510,2516,Fingerprint,2024-03-01,Verified,Mangaluru FSL,True
7511,2517,CCTV Footage,2024-09-09,Collected,Bengaluru FSL,True
7512,2517,Fingerprint,2024-09-09,Verified,Mysuru FSL,True
7513,2517,Clothing,2024-09-09,Pending Analysis,Mangaluru FSL,False
7514,2517,USB Drive,2024-09-09,Verified,Mangaluru FSL,False
7515,2517,Hard Disk,2024-09-09,Collected,Mangaluru FSL,False
7516,2518,Vehicle,2023-02-24,Verified,Bengaluru FSL,False
7517,2518,Clothing,2023-02-24,Rejected,Mangaluru FSL,True
7518,2518,Blood Sample,2023-02-24,Rejected,Bengaluru FSL,True
7519,2519,CCTV Footage,2024-11-03,Sent to FSL,Bengaluru FSL,True
7520,2519,DNA Sample,2024-11-03,Pending Analysis,Mysuru FSL,False
7521,2519,USB Drive,2024-11-03,Verified,Mangaluru FSL,False
7522,2520,Drug Sample,2022-12-31,Pending Analysis,Mysuru FSL,False
7523,2520,Document,2022-12-31,Verified,Mangaluru FSL,False
7524,2520,Fingerprint,2022-12-31,Pending Analysis,Mangaluru FSL,True
7525,2520,CCTV Footage,2022-12-31,Sent to FSL,Bengaluru FSL,False
7526,2521,Vehicle,2026-06-21,Rejected,Mangaluru FSL,True
7527,2521,Clothing,2026-06-21,Rejected,Bengaluru FSL,False
7528,2521,SIM Card,2026-06-21,Verified,Mysuru FSL,True
7529,2521,Laptop,2026-06-21,Pending Analysis,Mangaluru FSL,False
7530,2522,USB Drive,2022-08-07,Collected,Bengaluru FSL,True
7531,2522,CCTV Footage,2022-08-07,Verified,Bengaluru FSL,False
7532,2522,Laptop,2022-08-07,Rejected,Mangaluru FSL,False
7533,2523,Vehicle,2026-01-16,Collected,Bengaluru FSL,False
7534,2523,SIM Card,2026-01-16,Sent to FSL,Bengaluru FSL,True
7535,2523,DNA Sample,2026-01-16,Collected,Bengaluru FSL,False
7536,2524,Vehicle,2026-06-04,Rejected,Bengaluru FSL,False
7537,2525,Fingerprint,2026-11-19,Pending Analysis,Bengaluru FSL,True
7538,2525,USB Drive,2026-11-19,Collected,Mangaluru FSL,True
7539,2525,SIM Card,2026-11-19,Rejected,Bengaluru FSL,True
7540,2526,DNA Sample,2022-04-21,Sent to FSL,Mysuru FSL,True
7541,2527,Document,2025-08-10,Rejected,Bengaluru FSL,False
7542,2527,DNA Sample,2025-08-10,Rejected,Mysuru FSL,True
7543,2528,Clothing,2023-05-11,Collected,Mangaluru FSL,False
7544,2528,Knife,2023-05-11,Pending Analysis,Bengaluru FSL,True
7545,2528,Firearm,2023-05-11,Rejected,Bengaluru FSL,False
7546,2528,Document,2023-05-11,Pending Analysis,Mangaluru FSL,True
7547,2528,USB Drive,2023-05-11,Sent to FSL,Mysuru FSL,False
7548,2529,Drug Sample,2026-12-05,Verified,Bengaluru FSL,True
7549,2529,Blood Sample,2026-12-05,Collected,Mysuru FSL,True
7550,2529,USB Drive,2026-12-05,Sent to FSL,Bengaluru FSL,True
7551,2530,Document,2026-02-18,Verified,Bengaluru FSL,True
7552,2531,Blood Sample,2024-11-03,Verified,Mangaluru FSL,False
7553,2531,Hard Disk,2024-11-03,Pending Analysis,Mangaluru FSL,True
7554,2532,Clothing,2024-02-07,Rejected,Mysuru FSL,False
7555,2532,Knife,2024-02-07,Collected,Mangaluru FSL,False
7556,2532,DNA Sample,2024-02-07,Rejected,Mysuru FSL,True
7557,2532,SIM Card,2024-02-07,Sent to FSL,Bengaluru FSL,True
7558,2533,Vehicle,2025-05-11,Pending Analysis,Bengaluru FSL,False
7559,2533,Hard Disk,2025-05-11,Sent to FSL,Mangaluru FSL,True
7560,2534,Knife,2024-01-10,Sent to FSL,Mysuru FSL,True
7561,2534,CCTV Footage,2024-01-10,Collected,Mysuru FSL,False
7562,2535,Clothing,2024-10-28,Pending Analysis,Bengaluru FSL,False
7563,2535,Fingerprint,2024-10-28,Collected,Mysuru FSL,False
7564,2535,Knife,2024-10-28,Rejected,Mysuru FSL,True
7565,2535,CCTV Footage,2024-10-28,Collected,Mysuru FSL,False
7566,2536,Laptop,2026-01-02,Collected,Bengaluru FSL,True
7567,2537,Vehicle,2025-04-18,Collected,Bengaluru FSL,True
7568,2537,Laptop,2025-04-18,Collected,Mangaluru FSL,False
7569,2538,Laptop,2026-08-25,Verified,Mysuru FSL,True
7570,2539,Hard Disk,2023-05-12,Rejected,Bengaluru FSL,False
7571,2539,Knife,2023-05-12,Collected,Mysuru FSL,True
7572,2539,USB Drive,2023-05-12,Verified,Mysuru FSL,False
7573,2540,DNA Sample,2022-11-09,Pending Analysis,Mangaluru FSL,True
7574,2540,Drug Sample,2022-11-09,Pending Analysis,Mangaluru FSL,True
7575,2541,Vehicle,2022-03-29,Collected,Mysuru FSL,False
7576,2541,Firearm,2022-03-29,Collected,Bengaluru FSL,False
7577,2542,Mobile Phone,2024-12-22,Verified,Mysuru FSL,True
7578,2543,SIM Card,2022-11-02,Sent to FSL,Mysuru FSL,False
7579,2543,Laptop,2022-11-02,Rejected,Mysuru FSL,True
7580,2543,Clothing,2022-11-02,Collected,Mysuru FSL,True
7581,2543,USB Drive,2022-11-02,Verified,Bengaluru FSL,False
7582,2544,Clothing,2025-12-31,Sent to FSL,Bengaluru FSL,True
7583,2544,Document,2025-12-31,Collected,Mysuru FSL,False
7584,2544,Knife,2025-12-31,Pending Analysis,Mysuru FSL,False
7585,2545,SIM Card,2023-06-02,Verified,Bengaluru FSL,False
7586,2545,Mobile Phone,2023-06-02,Rejected,Bengaluru FSL,True
7587,2546,DNA Sample,2023-05-19,Collected,Mysuru FSL,True
7588,2546,SIM Card,2023-05-19,Sent to FSL,Mysuru FSL,True
7589,2546,Blood Sample,2023-05-19,Collected,Mangaluru FSL,False
7590,2546,CCTV Footage,2023-05-19,Sent to FSL,Mangaluru FSL,False
7591,2546,Firearm,2023-05-19,Collected,Mangaluru FSL,False
7592,2547,Hard Disk,2026-12-17,Collected,Mysuru FSL,False
7593,2547,CCTV Footage,2026-12-17,Verified,Mysuru FSL,False
7594,2547,USB Drive,2026-12-17,Sent to FSL,Bengaluru FSL,True
7595,2547,Clothing,2026-12-17,Collected,Mangaluru FSL,False
7596,2548,Vehicle,2026-12-18,Collected,Mangaluru FSL,False
7597,2549,Fingerprint,2025-05-10,Collected,Mysuru FSL,False
7598,2550,USB Drive,2023-10-02,Rejected,Bengaluru FSL,True
7599,2550,Vehicle,2023-10-02,Verified,Bengaluru FSL,True
7600,2551,Vehicle,2024-06-28,Collected,Mangaluru FSL,True
7601,2551,Blood Sample,2024-06-28,Pending Analysis,Mysuru FSL,True
7602,2551,CCTV Footage,2024-06-28,Pending Analysis,Mysuru FSL,True
7603,2551,Firearm,2024-06-28,Rejected,Mangaluru FSL,False
7604,2551,SIM Card,2024-06-28,Pending Analysis,Mangaluru FSL,False
7605,2552,Knife,2023-06-02,Sent to FSL,Mangaluru FSL,False
7606,2552,Blood Sample,2023-06-02,Verified,Mysuru FSL,True
7607,2552,DNA Sample,2023-06-02,Rejected,Bengaluru FSL,True
7608,2553,Firearm,2022-05-22,Rejected,Mysuru FSL,True
7609,2553,Mobile Phone,2022-05-22,Collected,Mangaluru FSL,True
7610,2553,Clothing,2022-05-22,Pending Analysis,Mangaluru FSL,False
7611,2553,SIM Card,2022-05-22,Rejected,Mangaluru FSL,False
7612,2553,Blood Sample,2022-05-22,Rejected,Bengaluru FSL,False
7613,2554,Hard Disk,2026-09-05,Pending Analysis,Bengaluru FSL,False
7614,2554,Vehicle,2026-09-05,Collected,Bengaluru FSL,True
7615,2554,Document,2026-09-05,Rejected,Bengaluru FSL,True
7616,2554,Knife,2026-09-05,Rejected,Bengaluru FSL,False
7617,2555,Hard Disk,2023-12-24,Collected,Mangaluru FSL,True
7618,2556,Knife,2024-05-19,Pending Analysis,Bengaluru FSL,False
7619,2556,Document,2024-05-19,Pending Analysis,Bengaluru FSL,False
7620,2556,Firearm,2024-05-19,Verified,Mangaluru FSL,True
7621,2557,CCTV Footage,2026-11-28,Sent to FSL,Mangaluru FSL,False
7622,2557,Blood Sample,2026-11-28,Verified,Mysuru FSL,True
7623,2557,Laptop,2026-11-28,Verified,Bengaluru FSL,False
7624,2557,Fingerprint,2026-11-28,Pending Analysis,Bengaluru FSL,False
7625,2558,DNA Sample,2022-04-25,Verified,Bengaluru FSL,True
7626,2558,USB Drive,2022-04-25,Verified,Mangaluru FSL,True
7627,2559,CCTV Footage,2025-01-26,Collected,Bengaluru FSL,False
7628,2560,USB Drive,2026-03-16,Sent to FSL,Mysuru FSL,True
7629,2560,Blood Sample,2026-03-16,Sent to FSL,Mysuru FSL,False
7630,2560,DNA Sample,2026-03-16,Sent to FSL,Bengaluru FSL,True
7631,2560,Clothing,2026-03-16,Rejected,Mangaluru FSL,False
7632,2561,Mobile Phone,2023-07-18,Collected,Mangaluru FSL,False
7633,2561,Clothing,2023-07-18,Rejected,Mysuru FSL,True
7634,2561,DNA Sample,2023-07-18,Verified,Bengaluru FSL,True
7635,2562,Drug Sample,2022-03-29,Pending Analysis,Mangaluru FSL,False
7636,2562,Fingerprint,2022-03-29,Verified,Mysuru FSL,False
7637,2562,USB Drive,2022-03-29,Sent to FSL,Mysuru FSL,False
7638,2563,USB Drive,2026-10-29,Collected,Mangaluru FSL,False
7639,2563,SIM Card,2026-10-29,Collected,Bengaluru FSL,False
7640,2564,SIM Card,2022-06-02,Rejected,Mysuru FSL,True
7641,2564,Vehicle,2022-06-02,Rejected,Mysuru FSL,True
7642,2564,CCTV Footage,2022-06-02,Verified,Bengaluru FSL,False
7643,2564,Firearm,2022-06-02,Rejected,Mangaluru FSL,False
7644,2565,SIM Card,2024-12-25,Verified,Bengaluru FSL,True
7645,2565,Document,2024-12-25,Collected,Mysuru FSL,True
7646,2565,Blood Sample,2024-12-25,Verified,Mangaluru FSL,False
7647,2565,Hard Disk,2024-12-25,Verified,Mysuru FSL,False
7648,2566,Firearm,2025-03-29,Pending Analysis,Bengaluru FSL,True
7649,2566,Document,2025-03-29,Collected,Mangaluru FSL,False
7650,2566,Hard Disk,2025-03-29,Collected,Mangaluru FSL,False
7651,2566,Fingerprint,2025-03-29,Rejected,Bengaluru FSL,False
7652,2566,Blood Sample,2025-03-29,Sent to FSL,Mangaluru FSL,True
7653,2567,Clothing,2026-09-18,Collected,Mangaluru FSL,False
7654,2567,Laptop,2026-09-18,Rejected,Mysuru FSL,True
7655,2568,Hard Disk,2022-03-24,Sent to FSL,Mysuru FSL,False
7656,2568,Blood Sample,2022-03-24,Sent to FSL,Mangaluru FSL,False
7657,2568,Knife,2022-03-24,Sent to FSL,Bengaluru FSL,False
7658,2569,Laptop,2026-12-08,Rejected,Mysuru FSL,True
7659,2569,Mobile Phone,2026-12-08,Collected,Mangaluru FSL,False
7660,2569,DNA Sample,2026-12-08,Pending Analysis,Bengaluru FSL,True
7661,2569,CCTV Footage,2026-12-08,Pending Analysis,Mangaluru FSL,False
7662,2570,Clothing,2022-04-29,Collected,Mangaluru FSL,True
7663,2570,Drug Sample,2022-04-29,Verified,Bengaluru FSL,True
7664,2570,Document,2022-04-29,Rejected,Mysuru FSL,True
7665,2571,Firearm,2024-03-31,Collected,Mysuru FSL,True
7666,2571,CCTV Footage,2024-03-31,Sent to FSL,Bengaluru FSL,False
7667,2571,DNA Sample,2024-03-31,Collected,Mysuru FSL,True
7668,2571,Knife,2024-03-31,Sent to FSL,Mysuru FSL,False
7669,2572,Blood Sample,2023-12-15,Sent to FSL,Mangaluru FSL,True
7670,2572,Mobile Phone,2023-12-15,Collected,Mangaluru FSL,False
7671,2572,CCTV Footage,2023-12-15,Sent to FSL,Mysuru FSL,True
7672,2573,Laptop,2024-04-11,Pending Analysis,Mysuru FSL,False
7673,2573,Document,2024-04-11,Verified,Mysuru FSL,True
7674,2573,Hard Disk,2024-04-11,Sent to FSL,Mysuru FSL,False
7675,2573,CCTV Footage,2024-04-11,Collected,Mangaluru FSL,True
7676,2573,Clothing,2024-04-11,Pending Analysis,Mysuru FSL,True
7677,2574,Drug Sample,2026-04-20,Pending Analysis,Mangaluru FSL,True
7678,2574,Document,2026-04-20,Pending Analysis,Bengaluru FSL,False
7679,2574,CCTV Footage,2026-04-20,Verified,Mysuru FSL,False
7680,2574,Blood Sample,2026-04-20,Collected,Mangaluru FSL,False
7681,2575,USB Drive,2025-03-02,Sent to FSL,Mangaluru FSL,True
7682,2575,Document,2025-03-02,Rejected,Mysuru FSL,True
7683,2575,Knife,2025-03-02,Sent to FSL,Mysuru FSL,False
7684,2575,Hard Disk,2025-03-02,Collected,Mangaluru FSL,True
7685,2575,Laptop,2025-03-02,Sent to FSL,Mysuru FSL,False
7686,2576,Laptop,2025-05-24,Verified,Bengaluru FSL,False
7687,2577,Vehicle,2026-06-20,Verified,Bengaluru FSL,False
7688,2577,Drug Sample,2026-06-20,Verified,Mysuru FSL,True
7689,2577,Firearm,2026-06-20,Pending Analysis,Mangaluru FSL,True
7690,2577,Document,2026-06-20,Sent to FSL,Mangaluru FSL,False
7691,2578,Laptop,2024-05-31,Sent to FSL,Bengaluru FSL,False
7692,2578,Hard Disk,2024-05-31,Collected,Mangaluru FSL,True
7693,2579,Knife,2022-05-29,Verified,Bengaluru FSL,False
7694,2579,Firearm,2022-05-29,Collected,Mysuru FSL,True
7695,2579,Document,2022-05-29,Pending Analysis,Mangaluru FSL,True
7696,2579,Clothing,2022-05-29,Rejected,Mangaluru FSL,False
7697,2579,Blood Sample,2022-05-29,Sent to FSL,Bengaluru FSL,True
7698,2580,Document,2023-10-05,Collected,Bengaluru FSL,False
7699,2580,Firearm,2023-10-05,Collected,Mangaluru FSL,True
7700,2581,Knife,2026-06-19,Sent to FSL,Mangaluru FSL,False
7701,2581,Vehicle,2026-06-19,Sent to FSL,Bengaluru FSL,True
7702,2582,Mobile Phone,2025-07-02,Pending Analysis,Mangaluru FSL,True
7703,2583,Mobile Phone,2024-08-31,Rejected,Mysuru FSL,False
7704,2584,SIM Card,2025-05-08,Collected,Bengaluru FSL,False
7705,2584,Blood Sample,2025-05-08,Sent to FSL,Mangaluru FSL,False
7706,2584,Firearm,2025-05-08,Pending Analysis,Mangaluru FSL,True
7707,2585,Hard Disk,2025-06-25,Pending Analysis,Mysuru FSL,True
7708,2585,SIM Card,2025-06-25,Verified,Mysuru FSL,False
7709,2585,CCTV Footage,2025-06-25,Collected,Bengaluru FSL,False
7710,2585,Mobile Phone,2025-06-25,Collected,Mysuru FSL,True
7711,2585,Laptop,2025-06-25,Rejected,Bengaluru FSL,False
7712,2586,DNA Sample,2025-03-21,Sent to FSL,Mangaluru FSL,True
7713,2586,Blood Sample,2025-03-21,Verified,Mangaluru FSL,False
7714,2586,USB Drive,2025-03-21,Collected,Bengaluru FSL,True
7715,2586,Drug Sample,2025-03-21,Sent to FSL,Mangaluru FSL,True
7716,2587,Mobile Phone,2025-04-01,Collected,Bengaluru FSL,True
7717,2588,Document,2026-03-10,Collected,Bengaluru FSL,False
7718,2588,Fingerprint,2026-03-10,Verified,Bengaluru FSL,False
7719,2588,Clothing,2026-03-10,Rejected,Mysuru FSL,False
7720,2588,Mobile Phone,2026-03-10,Rejected,Mangaluru FSL,True
7721,2588,Knife,2026-03-10,Sent to FSL,Mysuru FSL,False
7722,2589,Hard Disk,2022-08-06,Sent to FSL,Bengaluru FSL,True
7723,2589,Vehicle,2022-08-06,Verified,Bengaluru FSL,True
7724,2589,Firearm,2022-08-06,Verified,Mysuru FSL,True
7725,2589,SIM Card,2022-08-06,Verified,Mangaluru FSL,True
7726,2590,Blood Sample,2026-06-29,Sent to FSL,Bengaluru FSL,False
7727,2590,Clothing,2026-06-29,Pending Analysis,Bengaluru FSL,True
7728,2591,Clothing,2022-12-17,Sent to FSL,Bengaluru FSL,False
7729,2591,Document,2022-12-17,Sent to FSL,Bengaluru FSL,False
7730,2591,Fingerprint,2022-12-17,Pending Analysis,Bengaluru FSL,True
7731,2591,Laptop,2022-12-17,Sent to FSL,Bengaluru FSL,False
7732,2592,CCTV Footage,2024-04-17,Collected,Mangaluru FSL,True
7733,2593,DNA Sample,2024-09-05,Pending Analysis,Bengaluru FSL,True
7734,2593,Drug Sample,2024-09-05,Verified,Mysuru FSL,False
7735,2593,Mobile Phone,2024-09-05,Sent to FSL,Bengaluru FSL,False
7736,2594,Blood Sample,2026-03-16,Verified,Mysuru FSL,False
7737,2594,Laptop,2026-03-16,Sent to FSL,Mysuru FSL,True
7738,2594,Knife,2026-03-16,Sent to FSL,Bengaluru FSL,False
7739,2594,Vehicle,2026-03-16,Verified,Bengaluru FSL,True
7740,2595,Vehicle,2024-10-11,Verified,Mysuru FSL,True
7741,2595,USB Drive,2024-10-11,Pending Analysis,Mysuru FSL,False
7742,2595,Fingerprint,2024-10-11,Rejected,Bengaluru FSL,True
7743,2595,Document,2024-10-11,Rejected,Mangaluru FSL,False
7744,2596,Hard Disk,2024-05-29,Rejected,Bengaluru FSL,False
7745,2596,Knife,2024-05-29,Sent to FSL,Bengaluru FSL,True
7746,2597,Knife,2025-02-10,Collected,Bengaluru FSL,False
7747,2597,Drug Sample,2025-02-10,Sent to FSL,Mysuru FSL,False
7748,2597,Fingerprint,2025-02-10,Pending Analysis,Mysuru FSL,True
7749,2597,Clothing,2025-02-10,Collected,Mangaluru FSL,True
7750,2598,Blood Sample,2023-10-04,Rejected,Bengaluru FSL,True
7751,2598,Fingerprint,2023-10-04,Rejected,Bengaluru FSL,True
7752,2599,SIM Card,2026-02-18,Collected,Mangaluru FSL,False
7753,2599,Knife,2026-02-18,Pending Analysis,Bengaluru FSL,True
7754,2600,Firearm,2024-01-01,Verified,Mysuru FSL,True
7755,2600,Document,2024-01-01,Collected,Mysuru FSL,True
7756,2600,Fingerprint,2024-01-01,Sent to FSL,Bengaluru FSL,True
7757,2600,Drug Sample,2024-01-01,Sent to FSL,Mangaluru FSL,False
7758,2600,USB Drive,2024-01-01,Verified,Bengaluru FSL,False
7759,2601,USB Drive,2023-06-09,Sent to FSL,Mysuru FSL,False
7760,2602,Mobile Phone,2026-08-17,Sent to FSL,Mangaluru FSL,False
7761,2602,Blood Sample,2026-08-17,Sent to FSL,Bengaluru FSL,True
7762,2602,CCTV Footage,2026-08-17,Verified,Mysuru FSL,True
7763,2603,Knife,2025-02-23,Rejected,Bengaluru FSL,False
7764,2603,Hard Disk,2025-02-23,Pending Analysis,Bengaluru FSL,True
7765,2603,Laptop,2025-02-23,Collected,Bengaluru FSL,False
7766,2603,CCTV Footage,2025-02-23,Sent to FSL,Mysuru FSL,False
7767,2604,Fingerprint,2023-01-22,Collected,Mangaluru FSL,False
7768,2604,DNA Sample,2023-01-22,Pending Analysis,Mysuru FSL,False
7769,2605,Firearm,2022-05-01,Verified,Mysuru FSL,True
7770,2605,CCTV Footage,2022-05-01,Collected,Mysuru FSL,True
7771,2606,DNA Sample,2025-04-01,Sent to FSL,Mysuru FSL,False
7772,2607,USB Drive,2022-12-23,Pending Analysis,Bengaluru FSL,False
7773,2608,Hard Disk,2025-02-28,Sent to FSL,Mysuru FSL,True
7774,2608,Knife,2025-02-28,Sent to FSL,Bengaluru FSL,False
7775,2609,Blood Sample,2022-06-03,Verified,Bengaluru FSL,True
7776,2609,Vehicle,2022-06-03,Verified,Mangaluru FSL,False
7777,2609,Document,2022-06-03,Sent to FSL,Mysuru FSL,False
7778,2609,USB Drive,2022-06-03,Verified,Bengaluru FSL,False
7779,2609,Hard Disk,2022-06-03,Collected,Mangaluru FSL,True
7780,2610,Laptop,2022-11-18,Verified,Mysuru FSL,True
7781,2611,USB Drive,2025-06-23,Pending Analysis,Bengaluru FSL,True
7782,2611,SIM Card,2025-06-23,Rejected,Mysuru FSL,True
7783,2611,Blood Sample,2025-06-23,Collected,Bengaluru FSL,True
7784,2611,Hard Disk,2025-06-23,Sent to FSL,Mysuru FSL,False
7785,2612,Fingerprint,2026-10-29,Sent to FSL,Mangaluru FSL,False
7786,2613,SIM Card,2025-12-07,Rejected,Mysuru FSL,False
7787,2613,Vehicle,2025-12-07,Verified,Bengaluru FSL,True
7788,2613,CCTV Footage,2025-12-07,Verified,Mangaluru FSL,True
7789,2613,Blood Sample,2025-12-07,Rejected,Mangaluru FSL,False
7790,2613,Mobile Phone,2025-12-07,Sent to FSL,Mysuru FSL,True
7791,2614,Hard Disk,2024-11-13,Rejected,Bengaluru FSL,False
7792,2615,Laptop,2024-05-21,Rejected,Mangaluru FSL,True
7793,2616,Blood Sample,2025-05-24,Sent to FSL,Bengaluru FSL,True
7794,2616,Document,2025-05-24,Collected,Mysuru FSL,False
7795,2616,Firearm,2025-05-24,Collected,Mangaluru FSL,True
7796,2617,Hard Disk,2023-01-08,Verified,Bengaluru FSL,True
7797,2617,Clothing,2023-01-08,Verified,Bengaluru FSL,False
7798,2618,Knife,2026-11-21,Rejected,Bengaluru FSL,False
7799,2618,Document,2026-11-21,Collected,Mysuru FSL,False
7800,2618,Clothing,2026-11-21,Sent to FSL,Mysuru FSL,False
7801,2618,DNA Sample,2026-11-21,Pending Analysis,Mysuru FSL,False
7802,2618,SIM Card,2026-11-21,Sent to FSL,Mangaluru FSL,True
7803,2619,Vehicle,2023-07-26,Pending Analysis,Mysuru FSL,True
7804,2619,Blood Sample,2023-07-26,Verified,Mysuru FSL,True
7805,2620,Laptop,2026-04-24,Collected,Bengaluru FSL,False
7806,2620,Vehicle,2026-04-24,Rejected,Mysuru FSL,True
7807,2620,USB Drive,2026-04-24,Sent to FSL,Mysuru FSL,True
7808,2620,Firearm,2026-04-24,Verified,Bengaluru FSL,True
7809,2620,SIM Card,2026-04-24,Rejected,Mysuru FSL,True
7810,2621,Vehicle,2022-07-09,Collected,Mysuru FSL,False
7811,2621,Mobile Phone,2022-07-09,Pending Analysis,Mysuru FSL,True
7812,2621,Laptop,2022-07-09,Sent to FSL,Bengaluru FSL,True
7813,2621,Document,2022-07-09,Verified,Mysuru FSL,False
7814,2622,DNA Sample,2026-01-21,Verified,Mysuru FSL,False
7815,2623,DNA Sample,2026-09-26,Sent to FSL,Mysuru FSL,False
7816,2623,Firearm,2026-09-26,Rejected,Mangaluru FSL,True
7817,2624,CCTV Footage,2022-12-01,Rejected,Bengaluru FSL,False
7818,2625,Mobile Phone,2025-08-28,Pending Analysis,Mangaluru FSL,True
7819,2625,CCTV Footage,2025-08-28,Collected,Mysuru FSL,False
7820,2625,DNA Sample,2025-08-28,Verified,Mysuru FSL,True
7821,2626,Mobile Phone,2026-05-30,Verified,Mysuru FSL,False
7822,2626,Firearm,2026-05-30,Collected,Mangaluru FSL,True
7823,2627,Knife,2024-12-16,Pending Analysis,Mysuru FSL,False
7824,2627,SIM Card,2024-12-16,Verified,Bengaluru FSL,False
7825,2628,USB Drive,2026-03-16,Sent to FSL,Mysuru FSL,False
7826,2628,Drug Sample,2026-03-16,Sent to FSL,Mysuru FSL,True
7827,2629,Mobile Phone,2026-12-26,Sent to FSL,Mangaluru FSL,False
7828,2629,USB Drive,2026-12-26,Sent to FSL,Mysuru FSL,False
7829,2629,Clothing,2026-12-26,Sent to FSL,Bengaluru FSL,True
7830,2629,Knife,2026-12-26,Pending Analysis,Mangaluru FSL,False
7831,2629,Blood Sample,2026-12-26,Rejected,Bengaluru FSL,True
7832,2630,USB Drive,2025-03-23,Collected,Bengaluru FSL,True
7833,2630,Drug Sample,2025-03-23,Rejected,Mysuru FSL,False
7834,2631,Firearm,2026-05-26,Rejected,Mangaluru FSL,True
7835,2631,Document,2026-05-26,Collected,Bengaluru FSL,False
7836,2632,DNA Sample,2024-02-15,Verified,Mangaluru FSL,True
7837,2632,SIM Card,2024-02-15,Sent to FSL,Bengaluru FSL,True
7838,2632,USB Drive,2024-02-15,Collected,Bengaluru FSL,True
7839,2632,CCTV Footage,2024-02-15,Pending Analysis,Bengaluru FSL,True
7840,2633,Firearm,2022-11-11,Sent to FSL,Bengaluru FSL,True
7841,2633,Document,2022-11-11,Pending Analysis,Mysuru FSL,False
7842,2633,Knife,2022-11-11,Verified,Mysuru FSL,True
7843,2633,Drug Sample,2022-11-11,Rejected,Mysuru FSL,True
7844,2633,Vehicle,2022-11-11,Pending Analysis,Mysuru FSL,False
7845,2634,Drug Sample,2025-02-09,Collected,Mysuru FSL,True
7846,2634,Firearm,2025-02-09,Rejected,Mangaluru FSL,True
7847,2634,Vehicle,2025-02-09,Verified,Mysuru FSL,True
7848,2634,Laptop,2025-02-09,Pending Analysis,Mysuru FSL,True
7849,2634,Clothing,2025-02-09,Pending Analysis,Mysuru FSL,True
7850,2635,CCTV Footage,2024-06-15,Collected,Mangaluru FSL,False
7851,2635,USB Drive,2024-06-15,Verified,Mysuru FSL,False
7852,2635,Knife,2024-06-15,Collected,Bengaluru FSL,True
7853,2636,Firearm,2024-08-01,Verified,Bengaluru FSL,True
7854,2636,Mobile Phone,2024-08-01,Verified,Mysuru FSL,False
7855,2637,Blood Sample,2024-12-12,Collected,Mysuru FSL,True
7856,2637,DNA Sample,2024-12-12,Sent to FSL,Bengaluru FSL,True
7857,2637,Knife,2024-12-12,Sent to FSL,Bengaluru FSL,False
7858,2638,CCTV Footage,2025-01-01,Pending Analysis,Mysuru FSL,False
7859,2638,Vehicle,2025-01-01,Collected,Bengaluru FSL,False
7860,2639,SIM Card,2024-04-02,Verified,Mysuru FSL,False
7861,2639,Blood Sample,2024-04-02,Sent to FSL,Mangaluru FSL,True
7862,2639,Clothing,2024-04-02,Verified,Bengaluru FSL,False
7863,2640,Vehicle,2023-06-04,Sent to FSL,Mangaluru FSL,True
7864,2641,SIM Card,2023-01-23,Pending Analysis,Bengaluru FSL,False
7865,2642,DNA Sample,2025-09-24,Collected,Mangaluru FSL,True
7866,2643,SIM Card,2022-02-16,Rejected,Mangaluru FSL,True
7867,2643,Drug Sample,2022-02-16,Collected,Mangaluru FSL,False
7868,2643,Clothing,2022-02-16,Collected,Mysuru FSL,False
7869,2643,Mobile Phone,2022-02-16,Sent to FSL,Bengaluru FSL,False
7870,2643,Document,2022-02-16,Sent to FSL,Mangaluru FSL,False
7871,2644,CCTV Footage,2023-08-16,Verified,Mysuru FSL,False
7872,2644,Fingerprint,2023-08-16,Collected,Mysuru FSL,False
7873,2644,Drug Sample,2023-08-16,Pending Analysis,Mysuru FSL,True
7874,2644,Clothing,2023-08-16,Verified,Mangaluru FSL,True
7875,2645,Fingerprint,2023-04-12,Rejected,Mangaluru FSL,True
7876,2645,USB Drive,2023-04-12,Collected,Mysuru FSL,False
7877,2646,Blood Sample,2026-06-21,Verified,Bengaluru FSL,False
7878,2646,Clothing,2026-06-21,Collected,Mangaluru FSL,True
7879,2646,Fingerprint,2026-06-21,Collected,Mangaluru FSL,True
7880,2646,Firearm,2026-06-21,Sent to FSL,Mangaluru FSL,False
7881,2647,Knife,2024-09-28,Pending Analysis,Bengaluru FSL,True
7882,2647,CCTV Footage,2024-09-28,Sent to FSL,Bengaluru FSL,True
7883,2648,CCTV Footage,2024-03-03,Rejected,Mysuru FSL,True
7884,2648,SIM Card,2024-03-03,Verified,Bengaluru FSL,False
7885,2649,SIM Card,2023-03-22,Rejected,Mysuru FSL,True
7886,2649,DNA Sample,2023-03-22,Verified,Mangaluru FSL,False
7887,2649,Fingerprint,2023-03-22,Collected,Bengaluru FSL,True
7888,2649,Hard Disk,2023-03-22,Pending Analysis,Mangaluru FSL,False
7889,2649,Vehicle,2023-03-22,Sent to FSL,Mangaluru FSL,False
7890,2650,Drug Sample,2022-05-12,Rejected,Mysuru FSL,True
7891,2651,Hard Disk,2024-04-30,Pending Analysis,Mysuru FSL,True
7892,2651,Firearm,2024-04-30,Verified,Mangaluru FSL,False
7893,2651,Vehicle,2024-04-30,Rejected,Mangaluru FSL,True
7894,2651,Knife,2024-04-30,Rejected,Mangaluru FSL,True
7895,2651,Drug Sample,2024-04-30,Verified,Mysuru FSL,True
7896,2652,CCTV Footage,2022-06-18,Collected,Mysuru FSL,False
7897,2652,Mobile Phone,2022-06-18,Pending Analysis,Mangaluru FSL,True
7898,2652,Drug Sample,2022-06-18,Verified,Mangaluru FSL,False
7899,2652,Clothing,2022-06-18,Rejected,Mangaluru FSL,False
7900,2653,CCTV Footage,2022-12-09,Pending Analysis,Mysuru FSL,False
7901,2653,Knife,2022-12-09,Sent to FSL,Bengaluru FSL,False
7902,2653,Hard Disk,2022-12-09,Rejected,Mangaluru FSL,False
7903,2653,Firearm,2022-12-09,Rejected,Mangaluru FSL,True
7904,2654,Fingerprint,2023-05-23,Verified,Bengaluru FSL,True
7905,2655,Firearm,2025-02-02,Sent to FSL,Mangaluru FSL,False
7906,2655,USB Drive,2025-02-02,Rejected,Bengaluru FSL,True
7907,2656,USB Drive,2024-12-09,Sent to FSL,Mysuru FSL,False
7908,2656,Drug Sample,2024-12-09,Verified,Mysuru FSL,True
7909,2656,DNA Sample,2024-12-09,Sent to FSL,Mysuru FSL,False
7910,2656,CCTV Footage,2024-12-09,Sent to FSL,Bengaluru FSL,True
7911,2656,Mobile Phone,2024-12-09,Collected,Bengaluru FSL,True
7912,2657,CCTV Footage,2025-05-27,Rejected,Bengaluru FSL,True
7913,2658,Drug Sample,2022-05-18,Rejected,Mangaluru FSL,False
7914,2658,Firearm,2022-05-18,Sent to FSL,Mysuru FSL,False
7915,2658,CCTV Footage,2022-05-18,Verified,Mysuru FSL,True
7916,2658,Vehicle,2022-05-18,Sent to FSL,Mysuru FSL,False
7917,2659,CCTV Footage,2023-11-20,Verified,Bengaluru FSL,False
7918,2659,Document,2023-11-20,Pending Analysis,Bengaluru FSL,False
7919,2660,DNA Sample,2025-05-15,Pending Analysis,Mysuru FSL,False
7920,2661,Drug Sample,2024-08-27,Sent to FSL,Mysuru FSL,False
7921,2661,SIM Card,2024-08-27,Collected,Mangaluru FSL,False
7922,2661,USB Drive,2024-08-27,Pending Analysis,Mysuru FSL,False
7923,2661,Hard Disk,2024-08-27,Pending Analysis,Mysuru FSL,False
7924,2662,CCTV Footage,2023-08-09,Verified,Mysuru FSL,False
7925,2662,Mobile Phone,2023-08-09,Rejected,Mysuru FSL,True
7926,2662,Laptop,2023-08-09,Sent to FSL,Mysuru FSL,True
7927,2662,Knife,2023-08-09,Pending Analysis,Mangaluru FSL,False
7928,2663,Drug Sample,2022-01-05,Collected,Mysuru FSL,True
7929,2663,Vehicle,2022-01-05,Sent to FSL,Mangaluru FSL,True
7930,2663,SIM Card,2022-01-05,Rejected,Mysuru FSL,True
7931,2664,Document,2024-09-02,Collected,Mysuru FSL,False
7932,2664,Mobile Phone,2024-09-02,Sent to FSL,Mangaluru FSL,True
7933,2664,Knife,2024-09-02,Verified,Bengaluru FSL,True
7934,2665,Laptop,2026-09-26,Pending Analysis,Mysuru FSL,False
7935,2665,Fingerprint,2026-09-26,Verified,Mangaluru FSL,True
7936,2665,Vehicle,2026-09-26,Sent to FSL,Mysuru FSL,False
7937,2665,Knife,2026-09-26,Collected,Bengaluru FSL,True
7938,2666,Fingerprint,2025-01-09,Collected,Mysuru FSL,True
7939,2667,Hard Disk,2023-01-24,Verified,Bengaluru FSL,False
7940,2667,Clothing,2023-01-24,Sent to FSL,Bengaluru FSL,True
7941,2667,CCTV Footage,2023-01-24,Collected,Mysuru FSL,True
7942,2667,Blood Sample,2023-01-24,Pending Analysis,Mysuru FSL,True
7943,2667,Drug Sample,2023-01-24,Collected,Mysuru FSL,True
7944,2668,SIM Card,2025-05-03,Sent to FSL,Bengaluru FSL,False
7945,2668,Hard Disk,2025-05-03,Sent to FSL,Mysuru FSL,False
7946,2668,Fingerprint,2025-05-03,Collected,Mysuru FSL,True
7947,2669,Clothing,2025-02-10,Collected,Mangaluru FSL,True
7948,2670,Mobile Phone,2023-03-30,Collected,Bengaluru FSL,True
7949,2670,DNA Sample,2023-03-30,Collected,Mangaluru FSL,False
7950,2670,Vehicle,2023-03-30,Pending Analysis,Bengaluru FSL,True
7951,2670,Firearm,2023-03-30,Pending Analysis,Mysuru FSL,False
7952,2671,Clothing,2026-02-23,Rejected,Bengaluru FSL,True
7953,2671,Blood Sample,2026-02-23,Collected,Mysuru FSL,False
7954,2671,Fingerprint,2026-02-23,Rejected,Mysuru FSL,False
7955,2671,Vehicle,2026-02-23,Rejected,Bengaluru FSL,True
7956,2671,Firearm,2026-02-23,Verified,Bengaluru FSL,False
7957,2672,Blood Sample,2023-11-17,Collected,Bengaluru FSL,False
7958,2672,CCTV Footage,2023-11-17,Pending Analysis,Mangaluru FSL,True
7959,2673,Mobile Phone,2026-09-16,Sent to FSL,Bengaluru FSL,True
7960,2673,USB Drive,2026-09-16,Verified,Bengaluru FSL,True
7961,2674,Knife,2026-01-08,Sent to FSL,Mysuru FSL,False
7962,2674,Blood Sample,2026-01-08,Rejected,Mangaluru FSL,False
7963,2674,Laptop,2026-01-08,Rejected,Mysuru FSL,False
7964,2675,Knife,2023-09-25,Rejected,Mysuru FSL,True
7965,2675,Drug Sample,2023-09-25,Pending Analysis,Mangaluru FSL,True
7966,2675,SIM Card,2023-09-25,Rejected,Mangaluru FSL,False
7967,2675,Firearm,2023-09-25,Sent to FSL,Mangaluru FSL,False
7968,2676,Fingerprint,2023-09-23,Collected,Bengaluru FSL,True
7969,2676,Hard Disk,2023-09-23,Rejected,Mangaluru FSL,False
7970,2677,Blood Sample,2026-07-26,Pending Analysis,Mysuru FSL,False
7971,2678,Knife,2025-12-25,Collected,Mysuru FSL,True
7972,2678,USB Drive,2025-12-25,Collected,Mysuru FSL,False
7973,2678,Clothing,2025-12-25,Rejected,Mysuru FSL,False
7974,2678,Mobile Phone,2025-12-25,Collected,Bengaluru FSL,False
7975,2678,Fingerprint,2025-12-25,Rejected,Mangaluru FSL,False
7976,2679,Clothing,2023-10-20,Pending Analysis,Bengaluru FSL,True
7977,2679,Knife,2023-10-20,Verified,Mangaluru FSL,True
7978,2679,USB Drive,2023-10-20,Verified,Mysuru FSL,False
7979,2679,CCTV Footage,2023-10-20,Sent to FSL,Bengaluru FSL,True
7980,2679,SIM Card,2023-10-20,Pending Analysis,Bengaluru FSL,False
7981,2680,CCTV Footage,2022-08-21,Sent to FSL,Mangaluru FSL,False
7982,2680,Fingerprint,2022-08-21,Collected,Mangaluru FSL,False
7983,2680,Firearm,2022-08-21,Collected,Mangaluru FSL,True
7984,2680,Mobile Phone,2022-08-21,Pending Analysis,Mangaluru FSL,True
7985,2681,Knife,2024-05-19,Collected,Bengaluru FSL,False
7986,2682,Firearm,2022-10-17,Collected,Mangaluru FSL,True
7987,2682,Vehicle,2022-10-17,Collected,Mangaluru FSL,True
7988,2682,DNA Sample,2022-10-17,Collected,Bengaluru FSL,True
7989,2682,Knife,2022-10-17,Rejected,Mangaluru FSL,True
7990,2682,Mobile Phone,2022-10-17,Sent to FSL,Mangaluru FSL,False
7991,2683,Drug Sample,2025-08-31,Pending Analysis,Mangaluru FSL,False
7992,2683,Knife,2025-08-31,Verified,Mangaluru FSL,True
7993,2683,USB Drive,2025-08-31,Verified,Mysuru FSL,False
7994,2683,Blood Sample,2025-08-31,Rejected,Bengaluru FSL,True
7995,2684,DNA Sample,2024-07-08,Rejected,Mysuru FSL,True
7996,2684,Firearm,2024-07-08,Collected,Mangaluru FSL,False
7997,2685,Laptop,2026-12-21,Rejected,Mangaluru FSL,False
7998,2686,Document,2026-10-20,Sent to FSL,Bengaluru FSL,False
7999,2686,Laptop,2026-10-20,Rejected,Bengaluru FSL,False
8000,2686,SIM Card,2026-10-20,Pending Analysis,Bengaluru FSL,True
8001,2686,Knife,2026-10-20,Pending Analysis,Mangaluru FSL,True
8002,2687,DNA Sample,2024-07-09,Pending Analysis,Mysuru FSL,False
8003,2687,Knife,2024-07-09,Verified,Mangaluru FSL,False
8004,2687,Mobile Phone,2024-07-09,Collected,Mangaluru FSL,True
8005,2687,Vehicle,2024-07-09,Verified,Bengaluru FSL,True
8006,2687,Clothing,2024-07-09,Pending Analysis,Bengaluru FSL,True
8007,2688,Drug Sample,2022-04-07,Collected,Mysuru FSL,True
8008,2689,Document,2025-07-11,Rejected,Bengaluru FSL,False
8009,2689,Fingerprint,2025-07-11,Rejected,Bengaluru FSL,False
8010,2690,Laptop,2025-09-10,Verified,Mysuru FSL,True
8011,2690,Firearm,2025-09-10,Verified,Bengaluru FSL,False
8012,2690,Knife,2025-09-10,Sent to FSL,Mysuru FSL,False
8013,2691,DNA Sample,2024-09-27,Pending Analysis,Bengaluru FSL,True
8014,2692,Vehicle,2023-11-24,Verified,Bengaluru FSL,True
8015,2692,Knife,2023-11-24,Collected,Mysuru FSL,False
8016,2692,USB Drive,2023-11-24,Rejected,Bengaluru FSL,True
8017,2693,DNA Sample,2023-05-21,Rejected,Mangaluru FSL,True
8018,2693,CCTV Footage,2023-05-21,Collected,Bengaluru FSL,True
8019,2693,Blood Sample,2023-05-21,Rejected,Mysuru FSL,True
8020,2693,Mobile Phone,2023-05-21,Collected,Bengaluru FSL,True
8021,2693,Hard Disk,2023-05-21,Collected,Mangaluru FSL,True
8022,2694,Mobile Phone,2022-07-04,Rejected,Bengaluru FSL,False
8023,2695,DNA Sample,2022-03-01,Pending Analysis,Mangaluru FSL,False
8024,2695,Laptop,2022-03-01,Pending Analysis,Bengaluru FSL,True
8025,2695,SIM Card,2022-03-01,Collected,Mysuru FSL,False
8026,2695,Mobile Phone,2022-03-01,Sent to FSL,Mysuru FSL,True
8027,2695,Document,2022-03-01,Verified,Mangaluru FSL,False
8028,2696,SIM Card,2022-06-25,Verified,Mangaluru FSL,False
8029,2696,Blood Sample,2022-06-25,Verified,Mysuru FSL,False
8030,2696,DNA Sample,2022-06-25,Rejected,Bengaluru FSL,False
8031,2696,Clothing,2022-06-25,Collected,Mangaluru FSL,True
8032,2696,Laptop,2022-06-25,Sent to FSL,Mangaluru FSL,True
8033,2697,USB Drive,2022-12-12,Pending Analysis,Bengaluru FSL,True
8034,2697,CCTV Footage,2022-12-12,Pending Analysis,Mysuru FSL,True
8035,2697,Blood Sample,2022-12-12,Verified,Mangaluru FSL,False
8036,2697,Hard Disk,2022-12-12,Pending Analysis,Bengaluru FSL,True
8037,2697,Vehicle,2022-12-12,Pending Analysis,Mangaluru FSL,True
8038,2698,Hard Disk,2026-06-21,Verified,Mysuru FSL,False
8039,2698,Document,2026-06-21,Collected,Bengaluru FSL,True
8040,2698,Drug Sample,2026-06-21,Sent to FSL,Mysuru FSL,False
8041,2699,Mobile Phone,2023-10-06,Pending Analysis,Bengaluru FSL,True
8042,2699,Fingerprint,2023-10-06,Sent to FSL,Bengaluru FSL,False
8043,2699,Knife,2023-10-06,Pending Analysis,Mangaluru FSL,True
8044,2699,CCTV Footage,2023-10-06,Sent to FSL,Mysuru FSL,False
8045,2700,Blood Sample,2023-09-10,Sent to FSL,Mysuru FSL,False
8046,2700,DNA Sample,2023-09-10,Pending Analysis,Mysuru FSL,False
8047,2700,CCTV Footage,2023-09-10,Pending Analysis,Bengaluru FSL,True
8048,2700,Knife,2023-09-10,Rejected,Mysuru FSL,True
8049,2700,Firearm,2023-09-10,Verified,Bengaluru FSL,True
8050,2701,Document,2022-05-01,Collected,Mysuru FSL,False
8051,2701,DNA Sample,2022-05-01,Pending Analysis,Mysuru FSL,True
8052,2702,CCTV Footage,2023-05-06,Verified,Bengaluru FSL,True
8053,2702,DNA Sample,2023-05-06,Rejected,Bengaluru FSL,True
8054,2703,DNA Sample,2024-11-26,Sent to FSL,Mangaluru FSL,False
8055,2703,Clothing,2024-11-26,Sent to FSL,Mangaluru FSL,False
8056,2703,Hard Disk,2024-11-26,Collected,Mangaluru FSL,True
8057,2704,Hard Disk,2022-03-03,Sent to FSL,Mangaluru FSL,False
8058,2704,Mobile Phone,2022-03-03,Pending Analysis,Mysuru FSL,True
8059,2704,SIM Card,2022-03-03,Rejected,Mysuru FSL,False
8060,2704,Fingerprint,2022-03-03,Collected,Bengaluru FSL,False
8061,2705,Clothing,2025-06-29,Verified,Mysuru FSL,True
8062,2705,Blood Sample,2025-06-29,Verified,Bengaluru FSL,False
8063,2706,Knife,2024-04-15,Rejected,Mangaluru FSL,False
8064,2706,Laptop,2024-04-15,Rejected,Mysuru FSL,True
8065,2706,Hard Disk,2024-04-15,Collected,Mysuru FSL,True
8066,2706,Mobile Phone,2024-04-15,Verified,Bengaluru FSL,False
8067,2706,Clothing,2024-04-15,Collected,Mysuru FSL,False
8068,2707,Clothing,2023-03-27,Verified,Bengaluru FSL,True
8069,2707,Fingerprint,2023-03-27,Sent to FSL,Bengaluru FSL,False
8070,2707,Vehicle,2023-03-27,Collected,Mysuru FSL,True
8071,2707,Hard Disk,2023-03-27,Pending Analysis,Bengaluru FSL,False
8072,2708,Vehicle,2023-06-08,Collected,Mangaluru FSL,False
8073,2708,Drug Sample,2023-06-08,Sent to FSL,Bengaluru FSL,True
8074,2708,Clothing,2023-06-08,Verified,Mysuru FSL,True
8075,2708,Document,2023-06-08,Sent to FSL,Mangaluru FSL,True
8076,2708,Knife,2023-06-08,Sent to FSL,Bengaluru FSL,False
8077,2709,Firearm,2026-09-29,Sent to FSL,Mysuru FSL,False
8078,2709,Mobile Phone,2026-09-29,Collected,Mangaluru FSL,False
8079,2709,Document,2026-09-29,Rejected,Mysuru FSL,True
8080,2710,Drug Sample,2025-04-09,Sent to FSL,Mysuru FSL,False
8081,2710,Mobile Phone,2025-04-09,Collected,Bengaluru FSL,True
8082,2710,Hard Disk,2025-04-09,Sent to FSL,Mysuru FSL,False
8083,2710,Firearm,2025-04-09,Pending Analysis,Mangaluru FSL,False
8084,2710,Laptop,2025-04-09,Rejected,Bengaluru FSL,True
8085,2711,Firearm,2024-07-27,Pending Analysis,Mangaluru FSL,True
8086,2711,DNA Sample,2024-07-27,Sent to FSL,Mangaluru FSL,True
8087,2711,Blood Sample,2024-07-27,Pending Analysis,Mysuru FSL,True
8088,2712,Document,2022-08-04,Sent to FSL,Mangaluru FSL,True
8089,2713,Firearm,2023-07-10,Pending Analysis,Mysuru FSL,False
8090,2714,Clothing,2024-08-27,Rejected,Mysuru FSL,False
8091,2714,Knife,2024-08-27,Verified,Mysuru FSL,False
8092,2714,DNA Sample,2024-08-27,Collected,Bengaluru FSL,False
8093,2714,Mobile Phone,2024-08-27,Pending Analysis,Bengaluru FSL,False
8094,2715,SIM Card,2022-01-25,Rejected,Mangaluru FSL,False
8095,2715,Laptop,2022-01-25,Sent to FSL,Mangaluru FSL,False
8096,2715,Firearm,2022-01-25,Rejected,Bengaluru FSL,False
8097,2715,Vehicle,2022-01-25,Pending Analysis,Mysuru FSL,True
8098,2716,Hard Disk,2025-02-02,Rejected,Mangaluru FSL,False
8099,2717,SIM Card,2024-09-24,Collected,Bengaluru FSL,True
8100,2717,Document,2024-09-24,Rejected,Bengaluru FSL,True
8101,2717,Fingerprint,2024-09-24,Collected,Bengaluru FSL,False
8102,2717,Knife,2024-09-24,Collected,Mysuru FSL,True
8103,2717,Clothing,2024-09-24,Sent to FSL,Mangaluru FSL,False
8104,2718,Firearm,2025-01-04,Verified,Mangaluru FSL,True
8105,2719,DNA Sample,2022-04-30,Pending Analysis,Bengaluru FSL,False
8106,2720,Mobile Phone,2022-09-22,Rejected,Mangaluru FSL,True
8107,2720,Document,2022-09-22,Pending Analysis,Mysuru FSL,True
8108,2721,Firearm,2025-10-13,Sent to FSL,Bengaluru FSL,True
8109,2721,Clothing,2025-10-13,Sent to FSL,Mangaluru FSL,False
8110,2722,Blood Sample,2025-05-29,Pending Analysis,Mangaluru FSL,True
8111,2722,Firearm,2025-05-29,Collected,Mangaluru FSL,False
8112,2722,Hard Disk,2025-05-29,Pending Analysis,Bengaluru FSL,True
8113,2722,Fingerprint,2025-05-29,Pending Analysis,Bengaluru FSL,True
8114,2722,DNA Sample,2025-05-29,Rejected,Bengaluru FSL,False
8115,2723,Laptop,2023-01-20,Pending Analysis,Mangaluru FSL,True
8116,2723,Fingerprint,2023-01-20,Collected,Mangaluru FSL,True
8117,2723,Firearm,2023-01-20,Collected,Mysuru FSL,True
8118,2724,Firearm,2022-07-09,Collected,Bengaluru FSL,True
8119,2725,Hard Disk,2023-07-03,Sent to FSL,Bengaluru FSL,False
8120,2725,Drug Sample,2023-07-03,Sent to FSL,Mangaluru FSL,True
8121,2725,Clothing,2023-07-03,Pending Analysis,Mysuru FSL,False
8122,2726,Mobile Phone,2026-12-04,Sent to FSL,Bengaluru FSL,False
8123,2726,Drug Sample,2026-12-04,Collected,Mysuru FSL,True
8124,2727,Drug Sample,2022-10-15,Pending Analysis,Mysuru FSL,False
8125,2728,SIM Card,2026-05-28,Pending Analysis,Bengaluru FSL,False
8126,2728,Blood Sample,2026-05-28,Sent to FSL,Bengaluru FSL,False
8127,2728,CCTV Footage,2026-05-28,Collected,Mysuru FSL,True
8128,2729,Document,2024-06-02,Verified,Mangaluru FSL,False
8129,2729,Mobile Phone,2024-06-02,Sent to FSL,Mysuru FSL,True
8130,2730,CCTV Footage,2023-01-22,Pending Analysis,Mysuru FSL,False
8131,2730,Clothing,2023-01-22,Rejected,Mangaluru FSL,True
8132,2731,Laptop,2024-10-28,Collected,Mysuru FSL,False
8133,2731,Clothing,2024-10-28,Pending Analysis,Mangaluru FSL,True
8134,2732,Blood Sample,2023-06-30,Collected,Mysuru FSL,True
8135,2732,USB Drive,2023-06-30,Rejected,Mangaluru FSL,False
8136,2733,CCTV Footage,2022-07-30,Rejected,Bengaluru FSL,True
8137,2733,Hard Disk,2022-07-30,Pending Analysis,Bengaluru FSL,True
8138,2733,Knife,2022-07-30,Sent to FSL,Bengaluru FSL,True
8139,2733,Mobile Phone,2022-07-30,Collected,Bengaluru FSL,False
8140,2733,Laptop,2022-07-30,Rejected,Bengaluru FSL,True
8141,2734,SIM Card,2025-10-13,Pending Analysis,Mysuru FSL,True
8142,2734,USB Drive,2025-10-13,Collected,Bengaluru FSL,False
8143,2735,Blood Sample,2022-01-16,Sent to FSL,Mysuru FSL,True
8144,2736,Firearm,2025-06-15,Rejected,Bengaluru FSL,False
8145,2736,Vehicle,2025-06-15,Collected,Mangaluru FSL,False
8146,2736,Laptop,2025-06-15,Collected,Mangaluru FSL,True
8147,2736,Fingerprint,2025-06-15,Pending Analysis,Mysuru FSL,False
8148,2737,Document,2022-12-12,Rejected,Bengaluru FSL,True
8149,2737,Laptop,2022-12-12,Rejected,Bengaluru FSL,False
8150,2737,Knife,2022-12-12,Verified,Bengaluru FSL,True
8151,2737,Clothing,2022-12-12,Sent to FSL,Mangaluru FSL,True
8152,2737,Firearm,2022-12-12,Sent to FSL,Mangaluru FSL,True
8153,2738,DNA Sample,2022-12-03,Collected,Mysuru FSL,True
8154,2738,Clothing,2022-12-03,Collected,Mangaluru FSL,False
8155,2738,Fingerprint,2022-12-03,Verified,Bengaluru FSL,True
8156,2738,Blood Sample,2022-12-03,Verified,Mysuru FSL,False
8157,2738,Knife,2022-12-03,Collected,Mangaluru FSL,True
8158,2739,Hard Disk,2024-08-18,Collected,Mangaluru FSL,True
8159,2739,Clothing,2024-08-18,Rejected,Mangaluru FSL,True
8160,2739,Mobile Phone,2024-08-18,Sent to FSL,Mangaluru FSL,False
8161,2740,Drug Sample,2025-07-12,Sent to FSL,Bengaluru FSL,True
8162,2740,Knife,2025-07-12,Verified,Mangaluru FSL,True
8163,2740,Laptop,2025-07-12,Rejected,Mangaluru FSL,True
8164,2740,Mobile Phone,2025-07-12,Verified,Mangaluru FSL,False
8165,2740,CCTV Footage,2025-07-12,Pending Analysis,Mangaluru FSL,True
8166,2741,CCTV Footage,2023-08-03,Verified,Mangaluru FSL,True
8167,2741,Knife,2023-08-03,Sent to FSL,Mysuru FSL,False
8168,2741,Hard Disk,2023-08-03,Rejected,Mysuru FSL,True
8169,2741,SIM Card,2023-08-03,Pending Analysis,Bengaluru FSL,True
8170,2742,SIM Card,2024-05-10,Rejected,Mysuru FSL,False
8171,2743,DNA Sample,2024-02-28,Sent to FSL,Mysuru FSL,False
8172,2743,Drug Sample,2024-02-28,Pending Analysis,Mysuru FSL,False
8173,2743,Document,2024-02-28,Rejected,Bengaluru FSL,True
8174,2743,USB Drive,2024-02-28,Rejected,Bengaluru FSL,False
8175,2744,SIM Card,2026-12-01,Rejected,Mangaluru FSL,False
8176,2744,USB Drive,2026-12-01,Collected,Bengaluru FSL,False
8177,2744,Fingerprint,2026-12-01,Sent to FSL,Mysuru FSL,False
8178,2744,Drug Sample,2026-12-01,Collected,Mangaluru FSL,False
8179,2745,Mobile Phone,2024-03-26,Sent to FSL,Mysuru FSL,False
8180,2745,Firearm,2024-03-26,Verified,Mangaluru FSL,True
8181,2746,Firearm,2022-12-28,Verified,Bengaluru FSL,False
8182,2746,Clothing,2022-12-28,Sent to FSL,Bengaluru FSL,True
8183,2747,Vehicle,2024-11-08,Pending Analysis,Mangaluru FSL,True
8184,2747,Hard Disk,2024-11-08,Rejected,Mangaluru FSL,True
8185,2748,CCTV Footage,2022-03-20,Rejected,Mysuru FSL,True
8186,2748,Mobile Phone,2022-03-20,Rejected,Bengaluru FSL,False
8187,2748,Fingerprint,2022-03-20,Collected,Mangaluru FSL,False
8188,2749,SIM Card,2026-03-22,Verified,Bengaluru FSL,False
8189,2750,Mobile Phone,2022-07-02,Sent to FSL,Mangaluru FSL,False
8190,2750,CCTV Footage,2022-07-02,Rejected,Bengaluru FSL,False
8191,2750,SIM Card,2022-07-02,Verified,Bengaluru FSL,False
8192,2750,USB Drive,2022-07-02,Pending Analysis,Bengaluru FSL,True
8193,2750,Firearm,2022-07-02,Collected,Mysuru FSL,True
8194,2751,Firearm,2022-08-18,Collected,Mysuru FSL,True
8195,2751,Vehicle,2022-08-18,Pending Analysis,Mangaluru FSL,False
8196,2751,Mobile Phone,2022-08-18,Sent to FSL,Mangaluru FSL,True
8197,2751,Hard Disk,2022-08-18,Verified,Mangaluru FSL,True
8198,2752,Knife,2024-04-12,Rejected,Mangaluru FSL,False
8199,2753,SIM Card,2023-03-21,Collected,Mangaluru FSL,False
8200,2754,Firearm,2025-01-08,Verified,Bengaluru FSL,False
8201,2754,Drug Sample,2025-01-08,Collected,Mangaluru FSL,False
8202,2755,Blood Sample,2022-09-19,Rejected,Bengaluru FSL,False
8203,2755,Mobile Phone,2022-09-19,Rejected,Mangaluru FSL,True
8204,2755,Document,2022-09-19,Rejected,Bengaluru FSL,True
8205,2756,DNA Sample,2022-11-25,Rejected,Bengaluru FSL,False
8206,2756,Hard Disk,2022-11-25,Rejected,Mangaluru FSL,True
8207,2756,Blood Sample,2022-11-25,Rejected,Bengaluru FSL,False
8208,2757,Drug Sample,2025-09-08,Pending Analysis,Mysuru FSL,False
8209,2757,SIM Card,2025-09-08,Collected,Mangaluru FSL,True
8210,2758,USB Drive,2023-08-25,Collected,Mangaluru FSL,True
8211,2759,Vehicle,2024-10-24,Pending Analysis,Mysuru FSL,False
8212,2759,USB Drive,2024-10-24,Sent to FSL,Bengaluru FSL,False
8213,2759,Mobile Phone,2024-10-24,Collected,Mysuru FSL,True
8214,2759,Knife,2024-10-24,Pending Analysis,Mysuru FSL,True
8215,2759,Fingerprint,2024-10-24,Sent to FSL,Mysuru FSL,False
8216,2760,Document,2023-12-01,Pending Analysis,Bengaluru FSL,False
8217,2760,Mobile Phone,2023-12-01,Collected,Mangaluru FSL,False
8218,2760,SIM Card,2023-12-01,Rejected,Mysuru FSL,True
8219,2760,Blood Sample,2023-12-01,Sent to FSL,Mysuru FSL,False
8220,2760,USB Drive,2023-12-01,Rejected,Bengaluru FSL,False
8221,2761,Knife,2023-12-14,Sent to FSL,Bengaluru FSL,True
8222,2761,Vehicle,2023-12-14,Collected,Bengaluru FSL,False
8223,2762,SIM Card,2025-05-04,Collected,Mysuru FSL,False
8224,2762,USB Drive,2025-05-04,Pending Analysis,Mangaluru FSL,False
8225,2763,Drug Sample,2024-10-02,Collected,Mangaluru FSL,True
8226,2763,Blood Sample,2024-10-02,Collected,Mysuru FSL,False
8227,2763,Hard Disk,2024-10-02,Pending Analysis,Bengaluru FSL,True
8228,2764,Laptop,2022-05-24,Pending Analysis,Mysuru FSL,False
8229,2764,DNA Sample,2022-05-24,Verified,Bengaluru FSL,True
8230,2764,Hard Disk,2022-05-24,Sent to FSL,Bengaluru FSL,False
8231,2765,SIM Card,2026-11-11,Collected,Mangaluru FSL,False
8232,2765,Drug Sample,2026-11-11,Pending Analysis,Bengaluru FSL,False
8233,2765,Vehicle,2026-11-11,Sent to FSL,Mangaluru FSL,False
8234,2765,Firearm,2026-11-11,Verified,Bengaluru FSL,True
8235,2765,Fingerprint,2026-11-11,Pending Analysis,Mysuru FSL,False
8236,2766,Laptop,2024-11-20,Pending Analysis,Mysuru FSL,True
8237,2766,USB Drive,2024-11-20,Collected,Bengaluru FSL,False
8238,2766,Document,2024-11-20,Pending Analysis,Mysuru FSL,True
8239,2766,Mobile Phone,2024-11-20,Collected,Mangaluru FSL,False
8240,2766,Clothing,2024-11-20,Collected,Mangaluru FSL,False
8241,2767,Drug Sample,2025-06-05,Rejected,Mangaluru FSL,True
8242,2768,Blood Sample,2022-09-04,Rejected,Mysuru FSL,False
8243,2768,Laptop,2022-09-04,Collected,Bengaluru FSL,True
8244,2768,Mobile Phone,2022-09-04,Verified,Bengaluru FSL,True
8245,2769,Blood Sample,2025-10-07,Pending Analysis,Mangaluru FSL,True
8246,2769,CCTV Footage,2025-10-07,Sent to FSL,Mysuru FSL,True
8247,2769,Vehicle,2025-10-07,Pending Analysis,Mangaluru FSL,False
8248,2769,Document,2025-10-07,Rejected,Mangaluru FSL,True
8249,2769,Clothing,2025-10-07,Collected,Mangaluru FSL,False
8250,2770,Drug Sample,2022-10-24,Sent to FSL,Mangaluru FSL,False
8251,2770,SIM Card,2022-10-24,Collected,Mysuru FSL,True
8252,2770,Knife,2022-10-24,Sent to FSL,Bengaluru FSL,False
8253,2771,Hard Disk,2023-06-12,Sent to FSL,Bengaluru FSL,False
8254,2771,Laptop,2023-06-12,Pending Analysis,Mangaluru FSL,True
8255,2772,Firearm,2026-05-14,Pending Analysis,Mysuru FSL,False
8256,2772,SIM Card,2026-05-14,Sent to FSL,Mangaluru FSL,False
8257,2772,Laptop,2026-05-14,Rejected,Mysuru FSL,True
8258,2773,Clothing,2023-09-10,Sent to FSL,Mangaluru FSL,True
8259,2773,DNA Sample,2023-09-10,Sent to FSL,Mysuru FSL,True
8260,2774,Firearm,2023-12-06,Rejected,Mysuru FSL,True
8261,2774,USB Drive,2023-12-06,Sent to FSL,Mangaluru FSL,True
8262,2774,Vehicle,2023-12-06,Verified,Bengaluru FSL,False
8263,2774,SIM Card,2023-12-06,Collected,Mangaluru FSL,False
8264,2774,Fingerprint,2023-12-06,Sent to FSL,Mangaluru FSL,False
8265,2775,CCTV Footage,2024-04-23,Rejected,Bengaluru FSL,False
8266,2775,Firearm,2024-04-23,Pending Analysis,Mysuru FSL,False
8267,2775,Drug Sample,2024-04-23,Collected,Mangaluru FSL,True
8268,2775,Clothing,2024-04-23,Verified,Mysuru FSL,False
8269,2775,USB Drive,2024-04-23,Collected,Mangaluru FSL,True
8270,2776,Hard Disk,2025-09-25,Sent to FSL,Bengaluru FSL,True
8271,2776,Document,2025-09-25,Sent to FSL,Bengaluru FSL,True
8272,2776,Clothing,2025-09-25,Sent to FSL,Bengaluru FSL,False
8273,2776,Laptop,2025-09-25,Verified,Mysuru FSL,False
8274,2776,Vehicle,2025-09-25,Verified,Mangaluru FSL,True
8275,2777,Drug Sample,2022-11-11,Collected,Mangaluru FSL,False
8276,2777,Knife,2022-11-11,Verified,Mysuru FSL,False
8277,2777,Clothing,2022-11-11,Sent to FSL,Mangaluru FSL,True
8278,2778,Mobile Phone,2023-09-21,Collected,Mysuru FSL,False
8279,2778,Fingerprint,2023-09-21,Rejected,Bengaluru FSL,False
8280,2778,DNA Sample,2023-09-21,Pending Analysis,Bengaluru FSL,True
8281,2778,Knife,2023-09-21,Sent to FSL,Mysuru FSL,False
8282,2779,Mobile Phone,2024-05-08,Verified,Mysuru FSL,True
8283,2780,USB Drive,2026-05-02,Sent to FSL,Mysuru FSL,False
8284,2780,CCTV Footage,2026-05-02,Collected,Mangaluru FSL,False
8285,2780,Clothing,2026-05-02,Collected,Bengaluru FSL,True
8286,2780,Drug Sample,2026-05-02,Collected,Bengaluru FSL,True
8287,2781,Clothing,2022-10-05,Verified,Bengaluru FSL,False
8288,2782,Mobile Phone,2022-10-09,Collected,Mysuru FSL,True
8289,2782,USB Drive,2022-10-09,Sent to FSL,Mysuru FSL,False
8290,2782,Vehicle,2022-10-09,Verified,Bengaluru FSL,True
8291,2782,Fingerprint,2022-10-09,Sent to FSL,Mangaluru FSL,False
8292,2782,Clothing,2022-10-09,Verified,Mysuru FSL,True
8293,2783,Blood Sample,2024-01-16,Verified,Mysuru FSL,True
8294,2784,DNA Sample,2022-11-05,Collected,Mysuru FSL,False
8295,2784,Laptop,2022-11-05,Collected,Bengaluru FSL,True
8296,2784,USB Drive,2022-11-05,Collected,Bengaluru FSL,False
8297,2785,Vehicle,2026-02-01,Rejected,Bengaluru FSL,False
8298,2785,CCTV Footage,2026-02-01,Collected,Mangaluru FSL,True
8299,2785,Knife,2026-02-01,Sent to FSL,Bengaluru FSL,False
8300,2785,Clothing,2026-02-01,Verified,Mysuru FSL,True
8301,2785,Document,2026-02-01,Sent to FSL,Mysuru FSL,False
8302,2786,Document,2025-05-14,Pending Analysis,Bengaluru FSL,False
8303,2786,CCTV Footage,2025-05-14,Sent to FSL,Mysuru FSL,True
8304,2786,USB Drive,2025-05-14,Verified,Mangaluru FSL,False
8305,2786,SIM Card,2025-05-14,Sent to FSL,Mangaluru FSL,False
8306,2786,Knife,2025-05-14,Pending Analysis,Bengaluru FSL,False
8307,2787,Vehicle,2026-09-02,Verified,Mangaluru FSL,False
8308,2787,Drug Sample,2026-09-02,Verified,Bengaluru FSL,True
8309,2787,Fingerprint,2026-09-02,Pending Analysis,Bengaluru FSL,False
8310,2787,Hard Disk,2026-09-02,Collected,Mysuru FSL,False
8311,2788,Clothing,2026-03-27,Verified,Bengaluru FSL,False
8312,2788,Fingerprint,2026-03-27,Verified,Bengaluru FSL,True
8313,2788,USB Drive,2026-03-27,Verified,Mangaluru FSL,False
8314,2788,CCTV Footage,2026-03-27,Collected,Mysuru FSL,True
8315,2788,Hard Disk,2026-03-27,Sent to FSL,Mangaluru FSL,True
8316,2789,Mobile Phone,2025-05-29,Collected,Mangaluru FSL,False
8317,2789,SIM Card,2025-05-29,Rejected,Mysuru FSL,True
8318,2789,CCTV Footage,2025-05-29,Collected,Bengaluru FSL,False
8319,2789,DNA Sample,2025-05-29,Verified,Mangaluru FSL,True
8320,2789,Vehicle,2025-05-29,Rejected,Mangaluru FSL,False
8321,2790,Knife,2022-11-04,Sent to FSL,Mangaluru FSL,False
8322,2790,Document,2022-11-04,Sent to FSL,Mysuru FSL,True
8323,2791,Knife,2022-05-03,Sent to FSL,Mangaluru FSL,False
8324,2791,SIM Card,2022-05-03,Sent to FSL,Bengaluru FSL,True
8325,2792,SIM Card,2023-03-25,Pending Analysis,Mangaluru FSL,True
8326,2792,Clothing,2023-03-25,Sent to FSL,Mysuru FSL,False
8327,2793,DNA Sample,2024-07-31,Sent to FSL,Bengaluru FSL,True
8328,2793,Vehicle,2024-07-31,Rejected,Bengaluru FSL,False
8329,2793,CCTV Footage,2024-07-31,Rejected,Mysuru FSL,True
8330,2793,Laptop,2024-07-31,Sent to FSL,Bengaluru FSL,False
8331,2793,Clothing,2024-07-31,Sent to FSL,Mangaluru FSL,True
8332,2794,Vehicle,2023-11-28,Collected,Mangaluru FSL,False
8333,2795,Drug Sample,2023-07-30,Rejected,Bengaluru FSL,True
8334,2795,USB Drive,2023-07-30,Collected,Bengaluru FSL,False
8335,2795,Laptop,2023-07-30,Pending Analysis,Bengaluru FSL,False
8336,2795,Blood Sample,2023-07-30,Pending Analysis,Mangaluru FSL,True
8337,2795,Document,2023-07-30,Collected,Bengaluru FSL,False
8338,2796,DNA Sample,2025-09-08,Sent to FSL,Bengaluru FSL,False
8339,2797,Knife,2024-05-01,Pending Analysis,Mysuru FSL,True
8340,2797,Vehicle,2024-05-01,Collected,Bengaluru FSL,False
8341,2797,DNA Sample,2024-05-01,Sent to FSL,Mangaluru FSL,True
8342,2798,SIM Card,2023-05-04,Pending Analysis,Bengaluru FSL,True
8343,2798,Laptop,2023-05-04,Collected,Mysuru FSL,False
8344,2798,USB Drive,2023-05-04,Verified,Bengaluru FSL,True
8345,2798,Blood Sample,2023-05-04,Sent to FSL,Mangaluru FSL,False
8346,2798,Knife,2023-05-04,Pending Analysis,Mysuru FSL,True
8347,2799,Firearm,2024-02-21,Collected,Mysuru FSL,True
8348,2799,Mobile Phone,2024-02-21,Rejected,Mangaluru FSL,False
8349,2799,Fingerprint,2024-02-21,Pending Analysis,Mangaluru FSL,False
8350,2800,CCTV Footage,2025-11-08,Rejected,Mysuru FSL,False
8351,2800,DNA Sample,2025-11-08,Pending Analysis,Mysuru FSL,True
8352,2801,Drug Sample,2024-12-08,Sent to FSL,Bengaluru FSL,False
8353,2802,SIM Card,2026-01-27,Rejected,Bengaluru FSL,True
8354,2803,Vehicle,2025-01-28,Verified,Mysuru FSL,True
8355,2803,Fingerprint,2025-01-28,Verified,Bengaluru FSL,False
8356,2803,Blood Sample,2025-01-28,Pending Analysis,Mysuru FSL,False
8357,2803,Mobile Phone,2025-01-28,Rejected,Bengaluru FSL,True
8358,2804,DNA Sample,2024-01-30,Collected,Mysuru FSL,False
8359,2804,Laptop,2024-01-30,Sent to FSL,Bengaluru FSL,True
8360,2804,Drug Sample,2024-01-30,Pending Analysis,Mysuru FSL,True
8361,2805,Firearm,2024-02-07,Sent to FSL,Mangaluru FSL,True
8362,2806,Blood Sample,2022-03-04,Collected,Bengaluru FSL,False
8363,2806,CCTV Footage,2022-03-04,Verified,Bengaluru FSL,False
8364,2807,Drug Sample,2026-02-25,Pending Analysis,Mangaluru FSL,False
8365,2807,Laptop,2026-02-25,Rejected,Mangaluru FSL,False
8366,2808,Fingerprint,2026-02-06,Verified,Mangaluru FSL,True
8367,2809,Drug Sample,2024-01-22,Verified,Mangaluru FSL,True
8368,2809,Mobile Phone,2024-01-22,Pending Analysis,Bengaluru FSL,True
8369,2809,SIM Card,2024-01-22,Verified,Mangaluru FSL,False
8370,2809,Vehicle,2024-01-22,Verified,Mangaluru FSL,False
8371,2809,USB Drive,2024-01-22,Pending Analysis,Bengaluru FSL,True
8372,2810,SIM Card,2022-11-13,Collected,Bengaluru FSL,True
8373,2811,Vehicle,2024-07-07,Pending Analysis,Mysuru FSL,True
8374,2811,Drug Sample,2024-07-07,Collected,Mangaluru FSL,False
8375,2811,Clothing,2024-07-07,Verified,Mangaluru FSL,True
8376,2811,Hard Disk,2024-07-07,Pending Analysis,Bengaluru FSL,True
8377,2812,Clothing,2024-07-13,Pending Analysis,Bengaluru FSL,False
8378,2813,Hard Disk,2026-08-07,Pending Analysis,Bengaluru FSL,True
8379,2813,Blood Sample,2026-08-07,Pending Analysis,Mysuru FSL,True
8380,2813,Firearm,2026-08-07,Pending Analysis,Mangaluru FSL,True
8381,2813,Mobile Phone,2026-08-07,Sent to FSL,Mangaluru FSL,False
8382,2813,DNA Sample,2026-08-07,Rejected,Mysuru FSL,False
8383,2814,Laptop,2022-11-24,Pending Analysis,Bengaluru FSL,True
8384,2814,SIM Card,2022-11-24,Rejected,Bengaluru FSL,True
8385,2815,Firearm,2025-01-16,Rejected,Mangaluru FSL,True
8386,2815,DNA Sample,2025-01-16,Pending Analysis,Mangaluru FSL,False
8387,2815,Clothing,2025-01-16,Pending Analysis,Mangaluru FSL,True
8388,2815,Vehicle,2025-01-16,Rejected,Bengaluru FSL,True
8389,2816,CCTV Footage,2022-10-01,Sent to FSL,Mysuru FSL,True
8390,2816,Firearm,2022-10-01,Rejected,Mysuru FSL,True
8391,2816,USB Drive,2022-10-01,Sent to FSL,Bengaluru FSL,False
8392,2816,Fingerprint,2022-10-01,Rejected,Mangaluru FSL,True
8393,2816,Clothing,2022-10-01,Pending Analysis,Bengaluru FSL,False
8394,2817,SIM Card,2024-04-22,Collected,Bengaluru FSL,False
8395,2818,Vehicle,2024-08-16,Verified,Mysuru FSL,True
8396,2818,USB Drive,2024-08-16,Rejected,Mysuru FSL,False
8397,2818,Blood Sample,2024-08-16,Rejected,Mysuru FSL,False
8398,2818,SIM Card,2024-08-16,Rejected,Mysuru FSL,False
8399,2818,Drug Sample,2024-08-16,Verified,Mysuru FSL,False
8400,2819,SIM Card,2023-06-02,Verified,Mangaluru FSL,False
8401,2819,Firearm,2023-06-02,Pending Analysis,Mysuru FSL,True
8402,2819,Blood Sample,2023-06-02,Pending Analysis,Mangaluru FSL,False
8403,2820,CCTV Footage,2022-10-30,Verified,Mangaluru FSL,False
8404,2820,Clothing,2022-10-30,Pending Analysis,Bengaluru FSL,False
8405,2820,Laptop,2022-10-30,Sent to FSL,Mangaluru FSL,False
8406,2821,Hard Disk,2026-08-17,Sent to FSL,Mysuru FSL,False
8407,2822,Blood Sample,2024-01-03,Pending Analysis,Mysuru FSL,False
8408,2822,Mobile Phone,2024-01-03,Collected,Mysuru FSL,False
8409,2822,Document,2024-01-03,Verified,Mangaluru FSL,True
8410,2822,DNA Sample,2024-01-03,Verified,Mysuru FSL,True
8411,2822,Vehicle,2024-01-03,Verified,Bengaluru FSL,False
8412,2823,CCTV Footage,2022-10-02,Sent to FSL,Mysuru FSL,False
8413,2823,Vehicle,2022-10-02,Rejected,Bengaluru FSL,True
8414,2823,Document,2022-10-02,Collected,Mysuru FSL,True
8415,2824,Hard Disk,2026-01-02,Sent to FSL,Mysuru FSL,True
8416,2825,Blood Sample,2023-09-27,Collected,Bengaluru FSL,False
8417,2825,Vehicle,2023-09-27,Pending Analysis,Mangaluru FSL,True
8418,2826,Mobile Phone,2023-02-28,Rejected,Mysuru FSL,True
8419,2827,Clothing,2022-03-30,Verified,Mysuru FSL,False
8420,2828,USB Drive,2023-03-25,Pending Analysis,Mangaluru FSL,True
8421,2828,Knife,2023-03-25,Verified,Mysuru FSL,True
8422,2828,Hard Disk,2023-03-25,Collected,Mangaluru FSL,False
8423,2828,DNA Sample,2023-03-25,Rejected,Bengaluru FSL,True
8424,2829,Hard Disk,2026-03-12,Pending Analysis,Bengaluru FSL,False
8425,2829,Clothing,2026-03-12,Pending Analysis,Mysuru FSL,True
8426,2830,Drug Sample,2022-05-11,Collected,Mangaluru FSL,False
8427,2830,Knife,2022-05-11,Pending Analysis,Mangaluru FSL,False
8428,2830,SIM Card,2022-05-11,Sent to FSL,Mysuru FSL,False
8429,2830,Vehicle,2022-05-11,Rejected,Mysuru FSL,True
8430,2831,Vehicle,2023-11-12,Collected,Bengaluru FSL,True
8431,2831,Blood Sample,2023-11-12,Collected,Mysuru FSL,False
8432,2831,CCTV Footage,2023-11-12,Verified,Bengaluru FSL,True
8433,2831,Clothing,2023-11-12,Rejected,Mysuru FSL,False
8434,2832,Hard Disk,2024-12-19,Verified,Mysuru FSL,True
8435,2832,DNA Sample,2024-12-19,Collected,Mangaluru FSL,True
8436,2832,USB Drive,2024-12-19,Collected,Mangaluru FSL,False
8437,2832,Drug Sample,2024-12-19,Rejected,Mysuru FSL,False
8438,2832,CCTV Footage,2024-12-19,Collected,Mysuru FSL,True
8439,2833,Laptop,2022-06-27,Verified,Mysuru FSL,False
8440,2833,Clothing,2022-06-27,Collected,Mangaluru FSL,True
8441,2833,USB Drive,2022-06-27,Rejected,Mangaluru FSL,False
8442,2833,Document,2022-06-27,Pending Analysis,Mangaluru FSL,False
8443,2834,Fingerprint,2025-08-08,Rejected,Mysuru FSL,True
8444,2834,Firearm,2025-08-08,Rejected,Bengaluru FSL,False
8445,2834,DNA Sample,2025-08-08,Collected,Bengaluru FSL,True
8446,2834,SIM Card,2025-08-08,Sent to FSL,Mangaluru FSL,False
8447,2835,Laptop,2024-03-08,Collected,Mysuru FSL,True
8448,2835,Clothing,2024-03-08,Pending Analysis,Mangaluru FSL,False
8449,2835,USB Drive,2024-03-08,Sent to FSL,Bengaluru FSL,False
8450,2835,Fingerprint,2024-03-08,Pending Analysis,Mangaluru FSL,False
8451,2835,Hard Disk,2024-03-08,Verified,Mysuru FSL,False
8452,2836,Fingerprint,2023-12-31,Pending Analysis,Mysuru FSL,True
8453,2836,DNA Sample,2023-12-31,Rejected,Mysuru FSL,False
8454,2836,Laptop,2023-12-31,Verified,Mysuru FSL,True
8455,2837,Firearm,2025-12-10,Sent to FSL,Mysuru FSL,True
8456,2837,Document,2025-12-10,Collected,Mangaluru FSL,True
8457,2837,Hard Disk,2025-12-10,Sent to FSL,Mysuru FSL,True
8458,2837,Laptop,2025-12-10,Verified,Mangaluru FSL,False
8459,2838,CCTV Footage,2023-03-18,Collected,Mysuru FSL,True
8460,2838,Hard Disk,2023-03-18,Pending Analysis,Bengaluru FSL,True
8461,2839,Drug Sample,2025-07-02,Pending Analysis,Bengaluru FSL,True
8462,2839,DNA Sample,2025-07-02,Rejected,Bengaluru FSL,True
8463,2839,USB Drive,2025-07-02,Verified,Mysuru FSL,False
8464,2840,Blood Sample,2023-09-08,Rejected,Mysuru FSL,False
8465,2840,Vehicle,2023-09-08,Collected,Mysuru FSL,False
8466,2840,Laptop,2023-09-08,Rejected,Mangaluru FSL,False
8467,2840,Hard Disk,2023-09-08,Pending Analysis,Mysuru FSL,True
8468,2841,Fingerprint,2025-04-14,Verified,Mangaluru FSL,True
8469,2841,Mobile Phone,2025-04-14,Pending Analysis,Mangaluru FSL,True
8470,2841,Vehicle,2025-04-14,Verified,Mysuru FSL,True
8471,2841,Firearm,2025-04-14,Sent to FSL,Mysuru FSL,False
8472,2841,DNA Sample,2025-04-14,Rejected,Bengaluru FSL,True
8473,2842,Fingerprint,2023-06-16,Rejected,Mysuru FSL,False
8474,2842,Knife,2023-06-16,Rejected,Bengaluru FSL,True
8475,2843,Mobile Phone,2024-06-09,Sent to FSL,Mysuru FSL,True
8476,2843,DNA Sample,2024-06-09,Sent to FSL,Mangaluru FSL,False
8477,2843,USB Drive,2024-06-09,Rejected,Mysuru FSL,False
8478,2843,SIM Card,2024-06-09,Collected,Mysuru FSL,True
8479,2843,Blood Sample,2024-06-09,Verified,Bengaluru FSL,False
8480,2844,Knife,2022-10-25,Rejected,Mysuru FSL,True
8481,2844,Mobile Phone,2022-10-25,Collected,Mysuru FSL,False
8482,2844,Laptop,2022-10-25,Rejected,Mangaluru FSL,True
8483,2844,Drug Sample,2022-10-25,Sent to FSL,Mysuru FSL,False
8484,2845,USB Drive,2026-10-01,Collected,Bengaluru FSL,False
8485,2845,Drug Sample,2026-10-01,Rejected,Bengaluru FSL,False
8486,2846,Clothing,2022-04-25,Verified,Mangaluru FSL,False
8487,2846,Firearm,2022-04-25,Sent to FSL,Bengaluru FSL,True
8488,2846,Knife,2022-04-25,Verified,Bengaluru FSL,False
8489,2847,CCTV Footage,2024-02-14,Pending Analysis,Bengaluru FSL,False
8490,2847,Vehicle,2024-02-14,Pending Analysis,Mysuru FSL,False
8491,2847,Firearm,2024-02-14,Verified,Bengaluru FSL,True
8492,2847,DNA Sample,2024-02-14,Verified,Bengaluru FSL,False
8493,2848,Firearm,2025-11-24,Rejected,Bengaluru FSL,True
8494,2848,Knife,2025-11-24,Verified,Bengaluru FSL,True
8495,2848,Laptop,2025-11-24,Collected,Mysuru FSL,True
8496,2848,Vehicle,2025-11-24,Sent to FSL,Mysuru FSL,False
8497,2849,Blood Sample,2025-06-04,Verified,Mangaluru FSL,False
8498,2850,CCTV Footage,2022-10-13,Rejected,Bengaluru FSL,True
8499,2850,DNA Sample,2022-10-13,Collected,Mangaluru FSL,False
8500,2850,Clothing,2022-10-13,Collected,Mangaluru FSL,True
8501,2850,Blood Sample,2022-10-13,Pending Analysis,Bengaluru FSL,False
8502,2851,USB Drive,2024-06-09,Rejected,Mangaluru FSL,False
8503,2851,Clothing,2024-06-09,Pending Analysis,Mysuru FSL,True
8504,2851,Mobile Phone,2024-06-09,Sent to FSL,Mysuru FSL,False
8505,2851,Vehicle,2024-06-09,Collected,Bengaluru FSL,True
8506,2852,CCTV Footage,2024-11-06,Pending Analysis,Mangaluru FSL,False
8507,2853,Fingerprint,2025-01-05,Pending Analysis,Mangaluru FSL,True
8508,2853,Laptop,2025-01-05,Sent to FSL,Bengaluru FSL,False
8509,2853,Firearm,2025-01-05,Pending Analysis,Mysuru FSL,True
8510,2854,DNA Sample,2022-02-18,Verified,Bengaluru FSL,False
8511,2855,CCTV Footage,2026-02-02,Sent to FSL,Mysuru FSL,True
8512,2855,Firearm,2026-02-02,Verified,Mangaluru FSL,True
8513,2855,Drug Sample,2026-02-02,Sent to FSL,Bengaluru FSL,False
8514,2855,Hard Disk,2026-02-02,Collected,Mysuru FSL,True
8515,2856,Vehicle,2023-11-09,Sent to FSL,Bengaluru FSL,False
8516,2856,Fingerprint,2023-11-09,Sent to FSL,Mysuru FSL,True
8517,2856,Laptop,2023-11-09,Rejected,Mangaluru FSL,False
8518,2856,CCTV Footage,2023-11-09,Collected,Mangaluru FSL,True
8519,2857,USB Drive,2024-08-14,Sent to FSL,Mysuru FSL,False
8520,2857,Fingerprint,2024-08-14,Pending Analysis,Mysuru FSL,False
8521,2857,DNA Sample,2024-08-14,Sent to FSL,Bengaluru FSL,True
8522,2858,Laptop,2026-01-12,Collected,Mysuru FSL,True
8523,2858,Vehicle,2026-01-12,Verified,Bengaluru FSL,False
8524,2858,Knife,2026-01-12,Collected,Mysuru FSL,True
8525,2859,DNA Sample,2025-06-12,Rejected,Bengaluru FSL,True
8526,2860,DNA Sample,2024-07-18,Rejected,Bengaluru FSL,True
8527,2860,Blood Sample,2024-07-18,Verified,Bengaluru FSL,True
8528,2861,Drug Sample,2024-01-16,Verified,Mangaluru FSL,True
8529,2861,SIM Card,2024-01-16,Rejected,Mangaluru FSL,False
8530,2862,Hard Disk,2022-11-30,Sent to FSL,Mangaluru FSL,False
8531,2862,CCTV Footage,2022-11-30,Pending Analysis,Mysuru FSL,False
8532,2862,Firearm,2022-11-30,Sent to FSL,Mysuru FSL,True
8533,2863,DNA Sample,2026-07-11,Sent to FSL,Mysuru FSL,True
8534,2864,Firearm,2026-04-17,Rejected,Mysuru FSL,True
8535,2864,USB Drive,2026-04-17,Sent to FSL,Mangaluru FSL,True
8536,2864,Mobile Phone,2026-04-17,Sent to FSL,Bengaluru FSL,False
8537,2864,Clothing,2026-04-17,Verified,Mysuru FSL,True
8538,2864,Fingerprint,2026-04-17,Collected,Bengaluru FSL,False
8539,2865,SIM Card,2026-10-09,Collected,Mysuru FSL,False
8540,2865,Fingerprint,2026-10-09,Collected,Mysuru FSL,True
8541,2865,Hard Disk,2026-10-09,Collected,Mysuru FSL,False
8542,2865,CCTV Footage,2026-10-09,Collected,Mangaluru FSL,True
8543,2865,Mobile Phone,2026-10-09,Verified,Mangaluru FSL,False
8544,2866,Drug Sample,2026-01-05,Verified,Bengaluru FSL,False
8545,2866,Blood Sample,2026-01-05,Sent to FSL,Bengaluru FSL,False
8546,2866,CCTV Footage,2026-01-05,Verified,Mangaluru FSL,True
8547,2867,Hard Disk,2022-01-17,Rejected,Bengaluru FSL,False
8548,2867,USB Drive,2022-01-17,Collected,Mysuru FSL,False
8549,2867,Mobile Phone,2022-01-17,Sent to FSL,Mangaluru FSL,True
8550,2867,Blood Sample,2022-01-17,Pending Analysis,Bengaluru FSL,True
8551,2868,Drug Sample,2025-09-16,Rejected,Bengaluru FSL,True
8552,2868,SIM Card,2025-09-16,Sent to FSL,Mysuru FSL,False
8553,2868,Firearm,2025-09-16,Collected,Bengaluru FSL,True
8554,2868,Document,2025-09-16,Sent to FSL,Bengaluru FSL,False
8555,2869,Firearm,2024-08-30,Collected,Mysuru FSL,False
8556,2869,Hard Disk,2024-08-30,Rejected,Bengaluru FSL,False
8557,2869,DNA Sample,2024-08-30,Rejected,Bengaluru FSL,False
8558,2869,CCTV Footage,2024-08-30,Verified,Mysuru FSL,False
8559,2869,Clothing,2024-08-30,Sent to FSL,Mangaluru FSL,True
8560,2870,Vehicle,2025-12-19,Verified,Bengaluru FSL,True
8561,2870,Laptop,2025-12-19,Rejected,Bengaluru FSL,True
8562,2870,Mobile Phone,2025-12-19,Sent to FSL,Mangaluru FSL,False
8563,2871,Hard Disk,2022-01-30,Sent to FSL,Mysuru FSL,True
8564,2872,Hard Disk,2022-09-18,Verified,Mangaluru FSL,False
8565,2872,Laptop,2022-09-18,Collected,Bengaluru FSL,True
8566,2872,USB Drive,2022-09-18,Collected,Mysuru FSL,False
8567,2872,Knife,2022-09-18,Collected,Mysuru FSL,False
8568,2872,Document,2022-09-18,Pending Analysis,Mysuru FSL,True
8569,2873,Knife,2026-04-15,Rejected,Mangaluru FSL,False
8570,2873,Mobile Phone,2026-04-15,Verified,Bengaluru FSL,False
8571,2873,Fingerprint,2026-04-15,Sent to FSL,Mangaluru FSL,True
8572,2873,Laptop,2026-04-15,Collected,Bengaluru FSL,False
8573,2874,SIM Card,2022-02-16,Rejected,Mysuru FSL,False
8574,2874,Laptop,2022-02-16,Rejected,Mangaluru FSL,True
8575,2874,CCTV Footage,2022-02-16,Rejected,Mangaluru FSL,False
8576,2874,Blood Sample,2022-02-16,Sent to FSL,Mysuru FSL,True
8577,2874,Firearm,2022-02-16,Sent to FSL,Mysuru FSL,True
8578,2875,Document,2023-04-10,Rejected,Bengaluru FSL,False
8579,2876,USB Drive,2022-07-19,Rejected,Mysuru FSL,True
8580,2876,Vehicle,2022-07-19,Collected,Mangaluru FSL,True
8581,2876,Laptop,2022-07-19,Collected,Mysuru FSL,True
8582,2876,Knife,2022-07-19,Pending Analysis,Mysuru FSL,False
8583,2877,Fingerprint,2025-12-10,Verified,Mangaluru FSL,False
8584,2878,Clothing,2026-11-20,Rejected,Mysuru FSL,False
8585,2878,Vehicle,2026-11-20,Pending Analysis,Bengaluru FSL,True
8586,2878,SIM Card,2026-11-20,Pending Analysis,Mangaluru FSL,False
8587,2878,Hard Disk,2026-11-20,Sent to FSL,Mysuru FSL,False
8588,2878,Mobile Phone,2026-11-20,Verified,Bengaluru FSL,False
8589,2879,Vehicle,2023-09-21,Pending Analysis,Mysuru FSL,False
8590,2880,Knife,2026-12-21,Collected,Mangaluru FSL,True
8591,2881,Laptop,2026-06-04,Rejected,Mysuru FSL,False
8592,2881,Mobile Phone,2026-06-04,Verified,Bengaluru FSL,True
8593,2881,Vehicle,2026-06-04,Pending Analysis,Bengaluru FSL,True
8594,2881,Fingerprint,2026-06-04,Sent to FSL,Mysuru FSL,False
8595,2882,Fingerprint,2026-04-15,Sent to FSL,Mangaluru FSL,True
8596,2882,DNA Sample,2026-04-15,Rejected,Mangaluru FSL,True
8597,2882,Laptop,2026-04-15,Rejected,Bengaluru FSL,True
8598,2883,Drug Sample,2024-01-18,Rejected,Bengaluru FSL,True
8599,2883,SIM Card,2024-01-18,Verified,Bengaluru FSL,True
8600,2884,Fingerprint,2024-10-24,Pending Analysis,Mysuru FSL,True
8601,2884,USB Drive,2024-10-24,Collected,Mysuru FSL,True
8602,2885,USB Drive,2022-08-12,Collected,Bengaluru FSL,True
8603,2886,Fingerprint,2025-05-28,Collected,Bengaluru FSL,True
8604,2886,Blood Sample,2025-05-28,Rejected,Mangaluru FSL,True
8605,2886,CCTV Footage,2025-05-28,Rejected,Mysuru FSL,False
8606,2886,Hard Disk,2025-05-28,Pending Analysis,Bengaluru FSL,True
8607,2886,Document,2025-05-28,Collected,Mangaluru FSL,True
8608,2887,USB Drive,2022-03-10,Collected,Bengaluru FSL,False
8609,2888,USB Drive,2024-02-09,Rejected,Mangaluru FSL,False
8610,2888,Fingerprint,2024-02-09,Pending Analysis,Bengaluru FSL,True
8611,2889,DNA Sample,2025-09-01,Collected,Mysuru FSL,True
8612,2889,Fingerprint,2025-09-01,Sent to FSL,Bengaluru FSL,False
8613,2890,Fingerprint,2022-04-27,Rejected,Mysuru FSL,False
8614,2890,Document,2022-04-27,Pending Analysis,Bengaluru FSL,False
8615,2891,Document,2024-11-14,Pending Analysis,Mangaluru FSL,False
8616,2891,Hard Disk,2024-11-14,Collected,Bengaluru FSL,False
8617,2892,Hard Disk,2023-01-16,Verified,Bengaluru FSL,False
8618,2892,Blood Sample,2023-01-16,Sent to FSL,Mangaluru FSL,True
8619,2893,Laptop,2022-10-30,Sent to FSL,Mysuru FSL,False
8620,2893,Clothing,2022-10-30,Collected,Mysuru FSL,True
8621,2894,CCTV Footage,2025-10-12,Collected,Bengaluru FSL,False
8622,2894,Clothing,2025-10-12,Rejected,Bengaluru FSL,True
8623,2894,DNA Sample,2025-10-12,Pending Analysis,Mysuru FSL,True
8624,2895,USB Drive,2025-09-14,Sent to FSL,Mysuru FSL,False
8625,2895,Clothing,2025-09-14,Sent to FSL,Mangaluru FSL,False
8626,2895,Drug Sample,2025-09-14,Pending Analysis,Mysuru FSL,False
8627,2895,Laptop,2025-09-14,Verified,Bengaluru FSL,False
8628,2895,Mobile Phone,2025-09-14,Collected,Mysuru FSL,True
8629,2896,Hard Disk,2025-09-14,Verified,Mysuru FSL,True
8630,2896,Knife,2025-09-14,Rejected,Mysuru FSL,True
8631,2897,DNA Sample,2023-07-21,Rejected,Mangaluru FSL,False
8632,2897,Firearm,2023-07-21,Verified,Mangaluru FSL,False
8633,2898,USB Drive,2024-07-01,Verified,Bengaluru FSL,False
8634,2898,CCTV Footage,2024-07-01,Rejected,Bengaluru FSL,False
8635,2899,CCTV Footage,2026-12-17,Pending Analysis,Bengaluru FSL,True
8636,2899,Clothing,2026-12-17,Sent to FSL,Mangaluru FSL,True
8637,2899,Knife,2026-12-17,Rejected,Bengaluru FSL,False
8638,2899,Laptop,2026-12-17,Rejected,Mangaluru FSL,False
8639,2899,Mobile Phone,2026-12-17,Collected,Mangaluru FSL,False
8640,2900,Fingerprint,2025-06-02,Collected,Mangaluru FSL,False
8641,2900,Firearm,2025-06-02,Collected,Mangaluru FSL,False
8642,2900,Mobile Phone,2025-06-02,Pending Analysis,Mysuru FSL,False
8643,2900,Clothing,2025-06-02,Collected,Mysuru FSL,False
8644,2900,Knife,2025-06-02,Collected,Bengaluru FSL,True
8645,2901,USB Drive,2023-05-12,Pending Analysis,Bengaluru FSL,True
8646,2902,DNA Sample,2026-02-21,Verified,Bengaluru FSL,False
8647,2903,SIM Card,2024-04-12,Rejected,Bengaluru FSL,True
8648,2904,CCTV Footage,2024-01-10,Rejected,Mangaluru FSL,True
8649,2904,Knife,2024-01-10,Verified,Bengaluru FSL,False
8650,2904,DNA Sample,2024-01-10,Collected,Bengaluru FSL,True
8651,2904,Hard Disk,2024-01-10,Pending Analysis,Mysuru FSL,False
8652,2905,CCTV Footage,2026-01-21,Sent to FSL,Mysuru FSL,False
8653,2905,Firearm,2026-01-21,Rejected,Mangaluru FSL,True
8654,2905,Clothing,2026-01-21,Collected,Mangaluru FSL,False
8655,2905,Laptop,2026-01-21,Sent to FSL,Mangaluru FSL,True
8656,2906,USB Drive,2025-10-17,Verified,Bengaluru FSL,False
8657,2906,Laptop,2025-10-17,Collected,Bengaluru FSL,False
8658,2907,Vehicle,2024-09-05,Pending Analysis,Mysuru FSL,True
8659,2908,DNA Sample,2024-12-15,Pending Analysis,Mysuru FSL,True
8660,2908,Vehicle,2024-12-15,Sent to FSL,Bengaluru FSL,True
8661,2908,Mobile Phone,2024-12-15,Pending Analysis,Bengaluru FSL,True
8662,2909,Vehicle,2024-12-17,Verified,Mysuru FSL,True
8663,2910,Vehicle,2025-10-31,Pending Analysis,Mangaluru FSL,False
8664,2911,SIM Card,2023-12-28,Collected,Mangaluru FSL,False
8665,2912,USB Drive,2023-11-25,Rejected,Bengaluru FSL,True
8666,2912,Laptop,2023-11-25,Collected,Bengaluru FSL,False
8667,2912,SIM Card,2023-11-25,Collected,Mangaluru FSL,True
8668,2913,Blood Sample,2023-07-25,Pending Analysis,Mysuru FSL,False
8669,2913,Hard Disk,2023-07-25,Rejected,Mangaluru FSL,True
8670,2913,Clothing,2023-07-25,Sent to FSL,Bengaluru FSL,True
8671,2913,Fingerprint,2023-07-25,Collected,Mangaluru FSL,False
8672,2914,USB Drive,2025-08-22,Sent to FSL,Bengaluru FSL,True
8673,2914,Clothing,2025-08-22,Pending Analysis,Mysuru FSL,True
8674,2914,Knife,2025-08-22,Verified,Mysuru FSL,True
8675,2914,Blood Sample,2025-08-22,Pending Analysis,Bengaluru FSL,True
8676,2915,Fingerprint,2023-02-11,Sent to FSL,Mysuru FSL,False
8677,2915,USB Drive,2023-02-11,Pending Analysis,Mysuru FSL,True
8678,2915,DNA Sample,2023-02-11,Collected,Mangaluru FSL,False
8679,2915,Hard Disk,2023-02-11,Collected,Bengaluru FSL,True
8680,2916,Firearm,2026-07-21,Verified,Mangaluru FSL,True
8681,2916,CCTV Footage,2026-07-21,Verified,Mangaluru FSL,False
8682,2916,Clothing,2026-07-21,Rejected,Bengaluru FSL,True
8683,2916,DNA Sample,2026-07-21,Pending Analysis,Mysuru FSL,False
8684,2916,Document,2026-07-21,Pending Analysis,Bengaluru FSL,False
8685,2917,Vehicle,2024-01-17,Pending Analysis,Mysuru FSL,True
8686,2917,CCTV Footage,2024-01-17,Verified,Mysuru FSL,True
8687,2917,Drug Sample,2024-01-17,Sent to FSL,Mangaluru FSL,True
8688,2918,Hard Disk,2023-06-27,Sent to FSL,Mangaluru FSL,True
8689,2918,Firearm,2023-06-27,Rejected,Mangaluru FSL,True
8690,2918,Document,2023-06-27,Pending Analysis,Mangaluru FSL,False
8691,2919,DNA Sample,2026-01-28,Sent to FSL,Mangaluru FSL,True
8692,2919,Document,2026-01-28,Verified,Mangaluru FSL,True
8693,2919,Mobile Phone,2026-01-28,Pending Analysis,Mysuru FSL,False
8694,2920,SIM Card,2022-08-11,Verified,Mangaluru FSL,True
8695,2920,Vehicle,2022-08-11,Verified,Mysuru FSL,True
8696,2921,Mobile Phone,2024-06-26,Verified,Bengaluru FSL,True
8697,2922,Vehicle,2024-12-30,Collected,Mysuru FSL,False
8698,2922,Document,2024-12-30,Collected,Mangaluru FSL,False
8699,2922,CCTV Footage,2024-12-30,Pending Analysis,Bengaluru FSL,True
8700,2922,Clothing,2024-12-30,Pending Analysis,Mysuru FSL,False
8701,2923,Hard Disk,2024-09-09,Rejected,Bengaluru FSL,False
8702,2923,Firearm,2024-09-09,Verified,Bengaluru FSL,False
8703,2924,DNA Sample,2025-05-12,Collected,Mysuru FSL,False
8704,2925,DNA Sample,2026-05-29,Sent to FSL,Mysuru FSL,False
8705,2926,Blood Sample,2024-09-13,Pending Analysis,Mysuru FSL,False
8706,2926,Vehicle,2024-09-13,Verified,Bengaluru FSL,False
8707,2926,Mobile Phone,2024-09-13,Rejected,Mysuru FSL,True
8708,2927,Firearm,2023-07-31,Sent to FSL,Mysuru FSL,False
8709,2927,Blood Sample,2023-07-31,Rejected,Bengaluru FSL,True
8710,2927,Document,2023-07-31,Collected,Mangaluru FSL,False
8711,2928,Blood Sample,2025-10-15,Pending Analysis,Mangaluru FSL,True
8712,2929,USB Drive,2024-08-22,Collected,Mysuru FSL,True
8713,2929,CCTV Footage,2024-08-22,Rejected,Bengaluru FSL,False
8714,2929,Drug Sample,2024-08-22,Verified,Bengaluru FSL,False
8715,2929,Knife,2024-08-22,Collected,Mangaluru FSL,False
8716,2930,Document,2026-04-04,Verified,Mangaluru FSL,False
8717,2930,DNA Sample,2026-04-04,Pending Analysis,Mysuru FSL,False
8718,2930,Laptop,2026-04-04,Collected,Bengaluru FSL,False
8719,2930,USB Drive,2026-04-04,Collected,Mysuru FSL,False
8720,2930,CCTV Footage,2026-04-04,Sent to FSL,Mangaluru FSL,False
8721,2931,Laptop,2022-12-31,Verified,Mysuru FSL,True
8722,2931,Fingerprint,2022-12-31,Pending Analysis,Mangaluru FSL,False
8723,2931,Drug Sample,2022-12-31,Rejected,Bengaluru FSL,True
8724,2931,Document,2022-12-31,Sent to FSL,Mangaluru FSL,False
8725,2932,Laptop,2025-09-30,Pending Analysis,Mysuru FSL,False
8726,2933,Hard Disk,2023-09-16,Rejected,Mysuru FSL,True
8727,2933,DNA Sample,2023-09-16,Rejected,Bengaluru FSL,True
8728,2933,CCTV Footage,2023-09-16,Pending Analysis,Mysuru FSL,False
8729,2933,SIM Card,2023-09-16,Rejected,Mangaluru FSL,False
8730,2934,Knife,2023-11-10,Sent to FSL,Mangaluru FSL,True
8731,2935,Laptop,2023-08-29,Pending Analysis,Bengaluru FSL,False
8732,2936,SIM Card,2022-03-10,Collected,Bengaluru FSL,True
8733,2936,Drug Sample,2022-03-10,Pending Analysis,Mysuru FSL,True
8734,2936,Blood Sample,2022-03-10,Sent to FSL,Mysuru FSL,False
8735,2936,Fingerprint,2022-03-10,Rejected,Bengaluru FSL,True
8736,2936,Hard Disk,2022-03-10,Rejected,Mysuru FSL,True
8737,2937,Document,2023-12-05,Sent to FSL,Bengaluru FSL,False
8738,2937,Vehicle,2023-12-05,Verified,Mysuru FSL,False
8739,2937,Hard Disk,2023-12-05,Pending Analysis,Bengaluru FSL,True
8740,2937,Clothing,2023-12-05,Collected,Bengaluru FSL,False
8741,2937,Firearm,2023-12-05,Verified,Bengaluru FSL,True
8742,2938,USB Drive,2023-03-02,Verified,Bengaluru FSL,True
8743,2939,Blood Sample,2022-04-24,Collected,Bengaluru FSL,False
8744,2939,Document,2022-04-24,Rejected,Mysuru FSL,True
8745,2940,Vehicle,2023-01-25,Collected,Mangaluru FSL,True
8746,2940,Drug Sample,2023-01-25,Rejected,Bengaluru FSL,False
8747,2940,Knife,2023-01-25,Verified,Bengaluru FSL,False
8748,2941,Knife,2023-04-16,Pending Analysis,Bengaluru FSL,False
8749,2941,CCTV Footage,2023-04-16,Pending Analysis,Mangaluru FSL,True
8750,2942,Document,2025-11-26,Verified,Mysuru FSL,False
8751,2942,Vehicle,2025-11-26,Rejected,Bengaluru FSL,True
8752,2942,USB Drive,2025-11-26,Collected,Mangaluru FSL,False
8753,2942,Knife,2025-11-26,Pending Analysis,Bengaluru FSL,True
8754,2942,Hard Disk,2025-11-26,Collected,Bengaluru FSL,True
8755,2943,CCTV Footage,2024-02-04,Sent to FSL,Mangaluru FSL,False
8756,2943,Mobile Phone,2024-02-04,Rejected,Mysuru FSL,False
8757,2943,Laptop,2024-02-04,Sent to FSL,Mysuru FSL,False
8758,2944,Firearm,2024-11-05,Sent to FSL,Mysuru FSL,True
8759,2944,Blood Sample,2024-11-05,Pending Analysis,Mangaluru FSL,True
8760,2944,Clothing,2024-11-05,Verified,Mysuru FSL,True
8761,2945,DNA Sample,2025-10-02,Sent to FSL,Mysuru FSL,False
8762,2945,Document,2025-10-02,Verified,Mangaluru FSL,False
8763,2945,USB Drive,2025-10-02,Collected,Mangaluru FSL,True
8764,2945,Fingerprint,2025-10-02,Rejected,Bengaluru FSL,True
8765,2946,Mobile Phone,2024-08-13,Sent to FSL,Bengaluru FSL,False
8766,2946,Hard Disk,2024-08-13,Verified,Mangaluru FSL,True
8767,2947,CCTV Footage,2025-07-14,Sent to FSL,Mysuru FSL,True
8768,2947,Hard Disk,2025-07-14,Rejected,Mysuru FSL,False
8769,2947,Document,2025-07-14,Rejected,Bengaluru FSL,True
8770,2947,Clothing,2025-07-14,Pending Analysis,Mangaluru FSL,False
8771,2948,Firearm,2022-03-18,Pending Analysis,Mysuru FSL,True
8772,2948,Document,2022-03-18,Sent to FSL,Mangaluru FSL,True
8773,2949,Fingerprint,2023-07-01,Verified,Mysuru FSL,False
8774,2950,Mobile Phone,2022-12-01,Rejected,Mangaluru FSL,True
8775,2950,Blood Sample,2022-12-01,Rejected,Bengaluru FSL,False
8776,2951,Fingerprint,2026-03-05,Verified,Mysuru FSL,True
8777,2951,Blood Sample,2026-03-05,Rejected,Bengaluru FSL,False
8778,2951,Firearm,2026-03-05,Pending Analysis,Bengaluru FSL,False
8779,2951,Laptop,2026-03-05,Verified,Mysuru FSL,True
8780,2951,Vehicle,2026-03-05,Verified,Mysuru FSL,True
8781,2952,Knife,2022-06-21,Pending Analysis,Bengaluru FSL,True
8782,2953,Vehicle,2022-06-08,Pending Analysis,Mysuru FSL,False
8783,2953,Blood Sample,2022-06-08,Rejected,Bengaluru FSL,False
8784,2953,Drug Sample,2022-06-08,Collected,Mysuru FSL,True
8785,2953,Clothing,2022-06-08,Pending Analysis,Mysuru FSL,False
8786,2953,Document,2022-06-08,Pending Analysis,Mangaluru FSL,True
8787,2954,CCTV Footage,2023-08-19,Sent to FSL,Bengaluru FSL,False
8788,2954,Clothing,2023-08-19,Sent to FSL,Mysuru FSL,False
8789,2955,USB Drive,2025-10-25,Collected,Mysuru FSL,False
8790,2955,Fingerprint,2025-10-25,Rejected,Mangaluru FSL,True
8791,2956,Firearm,2026-12-11,Rejected,Mangaluru FSL,False
8792,2956,SIM Card,2026-12-11,Rejected,Mangaluru FSL,True
8793,2956,Clothing,2026-12-11,Pending Analysis,Bengaluru FSL,True
8794,2957,Knife,2022-03-17,Collected,Mangaluru FSL,False
8795,2957,Vehicle,2022-03-17,Sent to FSL,Mangaluru FSL,True
8796,2957,Drug Sample,2022-03-17,Pending Analysis,Mysuru FSL,False
8797,2957,CCTV Footage,2022-03-17,Rejected,Mysuru FSL,True
8798,2957,DNA Sample,2022-03-17,Pending Analysis,Mangaluru FSL,False
8799,2958,SIM Card,2023-09-03,Collected,Mysuru FSL,False
8800,2958,Clothing,2023-09-03,Collected,Bengaluru FSL,True
8801,2958,Drug Sample,2023-09-03,Pending Analysis,Mangaluru FSL,True
8802,2958,Mobile Phone,2023-09-03,Rejected,Mysuru FSL,False
8803,2958,Document,2023-09-03,Rejected,Mangaluru FSL,True
8804,2959,Vehicle,2023-04-21,Rejected,Mysuru FSL,True
8805,2959,USB Drive,2023-04-21,Pending Analysis,Mangaluru FSL,False
8806,2960,Vehicle,2025-09-29,Pending Analysis,Bengaluru FSL,True
8807,2961,Firearm,2024-04-18,Collected,Mangaluru FSL,False
8808,2961,Blood Sample,2024-04-18,Collected,Mangaluru FSL,True
8809,2961,CCTV Footage,2024-04-18,Collected,Mysuru FSL,True
8810,2961,Laptop,2024-04-18,Verified,Bengaluru FSL,True
8811,2962,USB Drive,2025-01-05,Pending Analysis,Mangaluru FSL,False
8812,2962,Firearm,2025-01-05,Pending Analysis,Mangaluru FSL,False
8813,2962,SIM Card,2025-01-05,Sent to FSL,Mysuru FSL,False
8814,2962,Blood Sample,2025-01-05,Collected,Mangaluru FSL,True
8815,2963,Firearm,2025-07-11,Pending Analysis,Bengaluru FSL,False
8816,2963,Mobile Phone,2025-07-11,Verified,Mysuru FSL,False
8817,2963,SIM Card,2025-07-11,Pending Analysis,Mangaluru FSL,True
8818,2963,CCTV Footage,2025-07-11,Sent to FSL,Mysuru FSL,False
8819,2964,Blood Sample,2026-09-12,Pending Analysis,Mangaluru FSL,False
8820,2964,Hard Disk,2026-09-12,Pending Analysis,Mangaluru FSL,False
8821,2965,Knife,2024-03-13,Rejected,Mysuru FSL,True
8822,2965,Clothing,2024-03-13,Sent to FSL,Mysuru FSL,False
8823,2965,Fingerprint,2024-03-13,Sent to FSL,Mangaluru FSL,True
8824,2966,Hard Disk,2022-06-25,Collected,Mangaluru FSL,True
8825,2966,Document,2022-06-25,Pending Analysis,Mangaluru FSL,True
8826,2966,Vehicle,2022-06-25,Verified,Mysuru FSL,False
8827,2966,Knife,2022-06-25,Sent to FSL,Bengaluru FSL,False
8828,2967,Hard Disk,2022-09-08,Sent to FSL,Mysuru FSL,True
8829,2968,Blood Sample,2026-10-10,Rejected,Mangaluru FSL,True
8830,2969,CCTV Footage,2026-03-28,Verified,Mangaluru FSL,True
8831,2970,Document,2026-01-12,Pending Analysis,Mangaluru FSL,True
8832,2971,Fingerprint,2025-06-30,Verified,Bengaluru FSL,False
8833,2971,USB Drive,2025-06-30,Pending Analysis,Bengaluru FSL,False
8834,2971,Drug Sample,2025-06-30,Rejected,Bengaluru FSL,False
8835,2972,Drug Sample,2024-03-02,Rejected,Mangaluru FSL,False
8836,2973,Blood Sample,2025-09-17,Pending Analysis,Bengaluru FSL,True
8837,2973,Mobile Phone,2025-09-17,Rejected,Mangaluru FSL,True
8838,2974,Clothing,2022-06-24,Rejected,Bengaluru FSL,False
8839,2974,Fingerprint,2022-06-24,Pending Analysis,Bengaluru FSL,False
8840,2974,Hard Disk,2022-06-24,Pending Analysis,Mangaluru FSL,False
8841,2975,Laptop,2022-06-16,Pending Analysis,Mysuru FSL,True
8842,2975,Fingerprint,2022-06-16,Rejected,Mangaluru FSL,True
8843,2976,USB Drive,2026-07-21,Pending Analysis,Bengaluru FSL,False
8844,2976,SIM Card,2026-07-21,Collected,Mangaluru FSL,False
8845,2976,Blood Sample,2026-07-21,Collected,Mysuru FSL,True
8846,2976,Firearm,2026-07-21,Pending Analysis,Mangaluru FSL,True
8847,2976,CCTV Footage,2026-07-21,Verified,Mangaluru FSL,True
8848,2977,Knife,2022-07-06,Pending Analysis,Mangaluru FSL,True
8849,2977,Mobile Phone,2022-07-06,Sent to FSL,Mysuru FSL,True
8850,2977,USB Drive,2022-07-06,Pending Analysis,Bengaluru FSL,False
8851,2977,Fingerprint,2022-07-06,Pending Analysis,Bengaluru FSL,True
8852,2978,Hard Disk,2025-05-19,Collected,Mangaluru FSL,False
8853,2978,Drug Sample,2025-05-19,Rejected,Mangaluru FSL,False
8854,2978,USB Drive,2025-05-19,Pending Analysis,Bengaluru FSL,True
8855,2978,Knife,2025-05-19,Sent to FSL,Bengaluru FSL,True
8856,2978,Firearm,2025-05-19,Collected,Bengaluru FSL,True
8857,2979,Fingerprint,2022-11-13,Verified,Bengaluru FSL,True
8858,2980,Firearm,2024-02-18,Sent to FSL,Mangaluru FSL,False
8859,2981,CCTV Footage,2024-12-02,Collected,Bengaluru FSL,True
8860,2981,Laptop,2024-12-02,Rejected,Bengaluru FSL,True
8861,2981,USB Drive,2024-12-02,Verified,Bengaluru FSL,True
8862,2981,Vehicle,2024-12-02,Sent to FSL,Bengaluru FSL,True
8863,2981,SIM Card,2024-12-02,Sent to FSL,Mangaluru FSL,False
8864,2982,Hard Disk,2023-01-10,Verified,Mysuru FSL,True
8865,2983,Drug Sample,2026-09-12,Pending Analysis,Mangaluru FSL,True
8866,2983,Document,2026-09-12,Sent to FSL,Mysuru FSL,True
8867,2983,SIM Card,2026-09-12,Pending Analysis,Bengaluru FSL,True
8868,2983,USB Drive,2026-09-12,Collected,Mysuru FSL,True
8869,2984,Blood Sample,2023-01-31,Rejected,Bengaluru FSL,False
8870,2984,Fingerprint,2023-01-31,Rejected,Bengaluru FSL,False
8871,2984,Hard Disk,2023-01-31,Collected,Bengaluru FSL,True
8872,2984,Knife,2023-01-31,Rejected,Mangaluru FSL,True
8873,2985,Clothing,2026-05-16,Verified,Bengaluru FSL,True
8874,2986,CCTV Footage,2023-12-07,Collected,Bengaluru FSL,True
8875,2986,Blood Sample,2023-12-07,Sent to FSL,Mysuru FSL,True
8876,2986,USB Drive,2023-12-07,Sent to FSL,Bengaluru FSL,False
8877,2986,Clothing,2023-12-07,Rejected,Mangaluru FSL,False
8878,2987,Mobile Phone,2023-12-29,Rejected,Mysuru FSL,True
8879,2987,DNA Sample,2023-12-29,Collected,Mysuru FSL,False
8880,2987,Blood Sample,2023-12-29,Collected,Mysuru FSL,False
8881,2987,Firearm,2023-12-29,Rejected,Bengaluru FSL,True
8882,2987,USB Drive,2023-12-29,Pending Analysis,Bengaluru FSL,False
8883,2988,Blood Sample,2025-04-18,Collected,Mysuru FSL,False
8884,2988,Mobile Phone,2025-04-18,Verified,Mysuru FSL,True
8885,2988,DNA Sample,2025-04-18,Rejected,Mysuru FSL,False
8886,2988,Laptop,2025-04-18,Rejected,Bengaluru FSL,False
8887,2988,Drug Sample,2025-04-18,Collected,Mysuru FSL,False
8888,2989,Mobile Phone,2025-07-08,Sent to FSL,Mangaluru FSL,True
8889,2990,Hard Disk,2023-10-15,Rejected,Mysuru FSL,True
8890,2990,Drug Sample,2023-10-15,Pending Analysis,Mysuru FSL,True
8891,2991,Mobile Phone,2022-02-18,Collected,Mysuru FSL,False
8892,2991,SIM Card,2022-02-18,Collected,Bengaluru FSL,True
8893,2991,Laptop,2022-02-18,Sent to FSL,Bengaluru FSL,True
8894,2991,Vehicle,2022-02-18,Collected,Mangaluru FSL,True
8895,2992,Firearm,2024-03-02,Collected,Mysuru FSL,True
8896,2992,USB Drive,2024-03-02,Verified,Mangaluru FSL,True
8897,2992,DNA Sample,2024-03-02,Rejected,Mangaluru FSL,True
8898,2992,Vehicle,2024-03-02,Sent to FSL,Mangaluru FSL,False
8899,2993,CCTV Footage,2025-11-04,Collected,Mysuru FSL,True
8900,2993,Hard Disk,2025-11-04,Collected,Mangaluru FSL,True
8901,2993,Laptop,2025-11-04,Sent to FSL,Mangaluru FSL,True
8902,2993,USB Drive,2025-11-04,Rejected,Bengaluru FSL,True
8903,2993,SIM Card,2025-11-04,Pending Analysis,Bengaluru FSL,True
8904,2994,Laptop,2024-02-24,Verified,Mysuru FSL,True
8905,2994,Fingerprint,2024-02-24,Sent to FSL,Mysuru FSL,True
8906,2995,Drug Sample,2024-04-21,Rejected,Mysuru FSL,False
8907,2995,Mobile Phone,2024-04-21,Rejected,Mangaluru FSL,True
8908,2995,Vehicle,2024-04-21,Sent to FSL,Bengaluru FSL,True
8909,2995,Hard Disk,2024-04-21,Rejected,Mangaluru FSL,True
8910,2995,DNA Sample,2024-04-21,Sent to FSL,Mangaluru FSL,True
8911,2996,Firearm,2022-08-11,Rejected,Mysuru FSL,False
8912,2996,Document,2022-08-11,Pending Analysis,Bengaluru FSL,True
8913,2996,CCTV Footage,2022-08-11,Rejected,Bengaluru FSL,True
8914,2996,Laptop,2022-08-11,Rejected,Mangaluru FSL,True
8915,2997,SIM Card,2025-07-21,Pending Analysis,Bengaluru FSL,True
8916,2998,Laptop,2026-07-21,Verified,Bengaluru FSL,False
8917,2998,Clothing,2026-07-21,Verified,Mysuru FSL,True
8918,2998,Firearm,2026-07-21,Pending Analysis,Mangaluru FSL,False
8919,2998,USB Drive,2026-07-21,Rejected,Mysuru FSL,False
8920,2999,DNA Sample,2026-10-09,Collected,Bengaluru FSL,True
8921,2999,Hard Disk,2026-10-09,Collected,Mangaluru FSL,True
8922,2999,Knife,2026-10-09,Rejected,Bengaluru FSL,False
8923,3000,Laptop,2025-03-22,Verified,Mysuru FSL,True
8924,3000,SIM Card,2025-03-22,Collected,Bengaluru FSL,False
8925,3000,Document,2025-03-22,Pending Analysis,Bengaluru FSL,False
8926,3001,Laptop,2024-10-13,Rejected,Bengaluru FSL,False
8927,3001,Knife,2024-10-13,Pending Analysis,Mangaluru FSL,True
8928,3001,Firearm,2024-10-13,Pending Analysis,Bengaluru FSL,False
8929,3001,Hard Disk,2024-10-13,Verified,Mysuru FSL,False
8930,3002,Vehicle,2023-10-10,Collected,Mangaluru FSL,False
8931,3002,Firearm,2023-10-10,Collected,Mysuru FSL,False
8932,3002,Mobile Phone,2023-10-10,Pending Analysis,Mangaluru FSL,True
8933,3002,USB Drive,2023-10-10,Verified,Mysuru FSL,True
8934,3003,Knife,2024-03-17,Pending Analysis,Mangaluru FSL,False
8935,3003,Drug Sample,2024-03-17,Collected,Mysuru FSL,False
8936,3004,Clothing,2022-05-21,Verified,Bengaluru FSL,False
8937,3005,Vehicle,2024-06-10,Pending Analysis,Mysuru FSL,False
8938,3005,CCTV Footage,2024-06-10,Collected,Mysuru FSL,True
8939,3005,USB Drive,2024-06-10,Pending Analysis,Bengaluru FSL,False
8940,3005,Firearm,2024-06-10,Sent to FSL,Mysuru FSL,False
8941,3006,Drug Sample,2025-02-26,Pending Analysis,Mangaluru FSL,False
8942,3006,Vehicle,2025-02-26,Sent to FSL,Mysuru FSL,False
8943,3006,Mobile Phone,2025-02-26,Verified,Bengaluru FSL,True
8944,3006,DNA Sample,2025-02-26,Sent to FSL,Mangaluru FSL,True
8945,3007,Firearm,2025-02-05,Collected,Bengaluru FSL,False
8946,3007,Clothing,2025-02-05,Verified,Mysuru FSL,True
8947,3007,Blood Sample,2025-02-05,Collected,Mysuru FSL,False
8948,3007,DNA Sample,2025-02-05,Rejected,Bengaluru FSL,True
8949,3008,Fingerprint,2022-01-07,Pending Analysis,Bengaluru FSL,False
8950,3008,CCTV Footage,2022-01-07,Rejected,Mysuru FSL,False
8951,3008,SIM Card,2022-01-07,Pending Analysis,Mangaluru FSL,False
8952,3009,Firearm,2026-06-19,Pending Analysis,Bengaluru FSL,True
8953,3009,Clothing,2026-06-19,Rejected,Mangaluru FSL,False
8954,3010,Hard Disk,2023-02-08,Sent to FSL,Mysuru FSL,True
8955,3010,USB Drive,2023-02-08,Rejected,Mangaluru FSL,False
8956,3010,Drug Sample,2023-02-08,Verified,Bengaluru FSL,False
8957,3010,Document,2023-02-08,Verified,Bengaluru FSL,True
8958,3010,Fingerprint,2023-02-08,Collected,Mangaluru FSL,True
8959,3011,Drug Sample,2026-12-16,Verified,Bengaluru FSL,False
8960,3011,Blood Sample,2026-12-16,Collected,Mangaluru FSL,False
8961,3011,SIM Card,2026-12-16,Collected,Mangaluru FSL,True
8962,3011,Fingerprint,2026-12-16,Rejected,Bengaluru FSL,False
8963,3012,Laptop,2026-07-21,Verified,Mysuru FSL,False
8964,3012,DNA Sample,2026-07-21,Collected,Bengaluru FSL,True
8965,3012,USB Drive,2026-07-21,Pending Analysis,Bengaluru FSL,False
8966,3012,Document,2026-07-21,Rejected,Bengaluru FSL,False
8967,3012,Hard Disk,2026-07-21,Sent to FSL,Mangaluru FSL,True
8968,3013,Mobile Phone,2025-11-09,Collected,Mysuru FSL,False
8969,3014,Laptop,2024-11-05,Pending Analysis,Mysuru FSL,False
8970,3014,Blood Sample,2024-11-05,Sent to FSL,Bengaluru FSL,True
8971,3014,Document,2024-11-05,Pending Analysis,Mangaluru FSL,False
8972,3014,DNA Sample,2024-11-05,Pending Analysis,Mangaluru FSL,False
8973,3015,Knife,2024-04-14,Rejected,Mysuru FSL,False
8974,3015,Mobile Phone,2024-04-14,Collected,Mangaluru FSL,False
8975,3015,Drug Sample,2024-04-14,Rejected,Mangaluru FSL,False
8976,3015,DNA Sample,2024-04-14,Rejected,Mangaluru FSL,False
8977,3015,Laptop,2024-04-14,Rejected,Mysuru FSL,True
8978,3016,Knife,2024-11-21,Pending Analysis,Mysuru FSL,False
8979,3016,SIM Card,2024-11-21,Verified,Mysuru FSL,False
8980,3016,Clothing,2024-11-21,Collected,Mysuru FSL,True
8981,3016,Drug Sample,2024-11-21,Verified,Bengaluru FSL,False
8982,3017,Vehicle,2024-04-29,Collected,Mangaluru FSL,True
8983,3017,SIM Card,2024-04-29,Collected,Mangaluru FSL,True
8984,3017,DNA Sample,2024-04-29,Sent to FSL,Bengaluru FSL,False
8985,3018,Drug Sample,2025-12-17,Collected,Bengaluru FSL,True
8986,3018,Firearm,2025-12-17,Sent to FSL,Bengaluru FSL,False
8987,3018,Laptop,2025-12-17,Pending Analysis,Mangaluru FSL,False
8988,3019,Blood Sample,2024-01-02,Verified,Bengaluru FSL,False
8989,3020,Clothing,2026-04-09,Collected,Mysuru FSL,False
8990,3020,Blood Sample,2026-04-09,Sent to FSL,Bengaluru FSL,False
8991,3020,Hard Disk,2026-04-09,Verified,Bengaluru FSL,True
8992,3020,DNA Sample,2026-04-09,Collected,Mangaluru FSL,False
8993,3020,SIM Card,2026-04-09,Verified,Mangaluru FSL,False
8994,3021,Document,2024-05-06,Pending Analysis,Mysuru FSL,True
8995,3022,USB Drive,2023-09-16,Rejected,Bengaluru FSL,True
8996,3022,Mobile Phone,2023-09-16,Sent to FSL,Bengaluru FSL,False
8997,3022,Laptop,2023-09-16,Sent to FSL,Bengaluru FSL,False
8998,3023,Mobile Phone,2024-12-29,Pending Analysis,Bengaluru FSL,True
8999,3024,DNA Sample,2025-03-19,Sent to FSL,Mangaluru FSL,True
9000,3025,Hard Disk,2024-04-30,Verified,Mysuru FSL,False
9001,3025,Firearm,2024-04-30,Verified,Mysuru FSL,True
9002,3026,Hard Disk,2026-03-07,Collected,Bengaluru FSL,True
9003,3026,Fingerprint,2026-03-07,Rejected,Mysuru FSL,False
9004,3026,Blood Sample,2026-03-07,Verified,Mangaluru FSL,True
9005,3026,Clothing,2026-03-07,Sent to FSL,Mangaluru FSL,True
9006,3026,Knife,2026-03-07,Verified,Mangaluru FSL,True
9007,3027,DNA Sample,2022-04-13,Collected,Mangaluru FSL,False
9008,3028,Vehicle,2022-09-17,Collected,Bengaluru FSL,False
9009,3028,Document,2022-09-17,Collected,Mysuru FSL,False
9010,3029,Clothing,2025-12-08,Sent to FSL,Mangaluru FSL,True
9011,3029,Fingerprint,2025-12-08,Rejected,Mysuru FSL,False
9012,3029,DNA Sample,2025-12-08,Collected,Mangaluru FSL,False
9013,3029,Vehicle,2025-12-08,Sent to FSL,Mangaluru FSL,True
9014,3029,Blood Sample,2025-12-08,Collected,Mysuru FSL,True
9015,3030,SIM Card,2023-05-15,Rejected,Bengaluru FSL,False
9016,3030,Drug Sample,2023-05-15,Sent to FSL,Mangaluru FSL,False
9017,3031,USB Drive,2024-06-25,Verified,Mangaluru FSL,False
9018,3031,Fingerprint,2024-06-25,Sent to FSL,Mysuru FSL,False
9019,3031,Drug Sample,2024-06-25,Pending Analysis,Bengaluru FSL,True
9020,3031,CCTV Footage,2024-06-25,Collected,Bengaluru FSL,False
9021,3032,Fingerprint,2022-08-14,Collected,Mangaluru FSL,False
9022,3032,Knife,2022-08-14,Collected,Bengaluru FSL,False
9023,3033,Vehicle,2025-04-12,Collected,Mysuru FSL,False
9024,3033,USB Drive,2025-04-12,Rejected,Mysuru FSL,False
9025,3034,Blood Sample,2026-08-25,Pending Analysis,Mysuru FSL,True
9026,3034,USB Drive,2026-08-25,Rejected,Bengaluru FSL,True
9027,3034,Laptop,2026-08-25,Sent to FSL,Mangaluru FSL,True
9028,3035,Knife,2026-12-30,Pending Analysis,Bengaluru FSL,False
9029,3035,Hard Disk,2026-12-30,Rejected,Mangaluru FSL,True
9030,3036,Fingerprint,2022-05-14,Verified,Mangaluru FSL,True
9031,3036,USB Drive,2022-05-14,Rejected,Mysuru FSL,True
9032,3037,Laptop,2023-10-14,Rejected,Bengaluru FSL,False
9033,3038,Mobile Phone,2024-07-14,Collected,Bengaluru FSL,False
9034,3039,Fingerprint,2023-01-30,Verified,Mysuru FSL,False
9035,3039,Document,2023-01-30,Pending Analysis,Bengaluru FSL,True
9036,3040,SIM Card,2025-12-20,Pending Analysis,Mysuru FSL,False
9037,3040,Laptop,2025-12-20,Pending Analysis,Mysuru FSL,True
9038,3040,Mobile Phone,2025-12-20,Sent to FSL,Mysuru FSL,True
9039,3041,Blood Sample,2022-02-20,Collected,Mangaluru FSL,True
9040,3042,Document,2025-12-03,Sent to FSL,Mysuru FSL,True
9041,3042,USB Drive,2025-12-03,Rejected,Mangaluru FSL,True
9042,3043,Drug Sample,2023-04-13,Verified,Bengaluru FSL,False
9043,3043,Document,2023-04-13,Sent to FSL,Bengaluru FSL,True
9044,3043,Knife,2023-04-13,Pending Analysis,Bengaluru FSL,True
9045,3043,Clothing,2023-04-13,Collected,Mysuru FSL,True
9046,3043,Mobile Phone,2023-04-13,Collected,Bengaluru FSL,False
9047,3044,USB Drive,2023-10-13,Collected,Mysuru FSL,False
9048,3044,Firearm,2023-10-13,Rejected,Mangaluru FSL,True
9049,3045,USB Drive,2025-01-21,Rejected,Bengaluru FSL,False
9050,3045,Firearm,2025-01-21,Pending Analysis,Mysuru FSL,True
9051,3045,Vehicle,2025-01-21,Collected,Mysuru FSL,False
9052,3045,Knife,2025-01-21,Verified,Mysuru FSL,True
9053,3045,Mobile Phone,2025-01-21,Rejected,Mysuru FSL,True
9054,3046,Firearm,2023-12-07,Sent to FSL,Mysuru FSL,False
9055,3046,SIM Card,2023-12-07,Verified,Mysuru FSL,True
9056,3046,Laptop,2023-12-07,Pending Analysis,Bengaluru FSL,False
9057,3047,Fingerprint,2026-05-05,Verified,Mysuru FSL,False
9058,3047,SIM Card,2026-05-05,Rejected,Mangaluru FSL,True
9059,3047,USB Drive,2026-05-05,Sent to FSL,Mangaluru FSL,True
9060,3047,DNA Sample,2026-05-05,Pending Analysis,Bengaluru FSL,False
9061,3047,Drug Sample,2026-05-05,Rejected,Bengaluru FSL,True
9062,3048,Laptop,2026-06-23,Sent to FSL,Mysuru FSL,False
9063,3048,Firearm,2026-06-23,Collected,Mysuru FSL,True
9064,3048,Clothing,2026-06-23,Pending Analysis,Bengaluru FSL,True
9065,3048,Hard Disk,2026-06-23,Pending Analysis,Mysuru FSL,True
9066,3049,Blood Sample,2024-11-19,Rejected,Mysuru FSL,False
9067,3049,Laptop,2024-11-19,Pending Analysis,Bengaluru FSL,False
9068,3049,SIM Card,2024-11-19,Collected,Bengaluru FSL,True
9069,3050,Vehicle,2024-08-17,Sent to FSL,Bengaluru FSL,False
9070,3050,Clothing,2024-08-17,Sent to FSL,Mangaluru FSL,True
9071,3051,Hard Disk,2022-11-15,Collected,Mangaluru FSL,False
9072,3051,Mobile Phone,2022-11-15,Rejected,Mangaluru FSL,False
9073,3051,Firearm,2022-11-15,Pending Analysis,Mangaluru FSL,True
9074,3051,Vehicle,2022-11-15,Collected,Mysuru FSL,False
9075,3051,Laptop,2022-11-15,Pending Analysis,Bengaluru FSL,True
9076,3052,Firearm,2024-06-02,Sent to FSL,Mysuru FSL,False
9077,3052,Laptop,2024-06-02,Verified,Bengaluru FSL,True
9078,3053,Fingerprint,2026-03-02,Pending Analysis,Bengaluru FSL,True
9079,3053,Hard Disk,2026-03-02,Pending Analysis,Mangaluru FSL,False
9080,3053,Blood Sample,2026-03-02,Verified,Mysuru FSL,True
9081,3054,Document,2022-07-26,Verified,Bengaluru FSL,True
9082,3054,Laptop,2022-07-26,Collected,Bengaluru FSL,True
9083,3055,Firearm,2025-02-16,Collected,Mangaluru FSL,True
9084,3056,Clothing,2024-04-06,Rejected,Mangaluru FSL,False
9085,3056,Knife,2024-04-06,Pending Analysis,Bengaluru FSL,True
9086,3056,Firearm,2024-04-06,Sent to FSL,Mysuru FSL,True
9087,3056,Drug Sample,2024-04-06,Pending Analysis,Bengaluru FSL,False
9088,3056,Laptop,2024-04-06,Pending Analysis,Mangaluru FSL,False
9089,3057,Clothing,2025-11-22,Pending Analysis,Mysuru FSL,True
9090,3057,Knife,2025-11-22,Rejected,Bengaluru FSL,True
9091,3057,SIM Card,2025-11-22,Pending Analysis,Bengaluru FSL,False
9092,3057,CCTV Footage,2025-11-22,Pending Analysis,Mysuru FSL,True
9093,3057,Vehicle,2025-11-22,Verified,Mysuru FSL,False
9094,3058,Knife,2025-03-31,Rejected,Mangaluru FSL,True
9095,3058,SIM Card,2025-03-31,Pending Analysis,Mangaluru FSL,False
9096,3059,Knife,2024-02-19,Rejected,Mangaluru FSL,False
9097,3059,Fingerprint,2024-02-19,Rejected,Mangaluru FSL,True
9098,3060,USB Drive,2022-01-07,Verified,Mysuru FSL,False
9099,3060,Document,2022-01-07,Rejected,Bengaluru FSL,False
9100,3061,USB Drive,2025-10-24,Sent to FSL,Mangaluru FSL,True
9101,3061,DNA Sample,2025-10-24,Verified,Mangaluru FSL,True
9102,3061,Drug Sample,2025-10-24,Collected,Mysuru FSL,False
9103,3062,Drug Sample,2023-04-30,Rejected,Mysuru FSL,False
9104,3062,CCTV Footage,2023-04-30,Collected,Bengaluru FSL,True
9105,3062,Blood Sample,2023-04-30,Sent to FSL,Bengaluru FSL,True
9106,3063,Vehicle,2023-12-16,Verified,Mangaluru FSL,False
9107,3063,Knife,2023-12-16,Rejected,Mangaluru FSL,False
9108,3064,Laptop,2025-08-02,Pending Analysis,Mangaluru FSL,False
9109,3064,Blood Sample,2025-08-02,Pending Analysis,Mangaluru FSL,False
9110,3064,DNA Sample,2025-08-02,Collected,Bengaluru FSL,True
9111,3064,SIM Card,2025-08-02,Verified,Mysuru FSL,False
9112,3064,Drug Sample,2025-08-02,Collected,Mangaluru FSL,False
9113,3065,Firearm,2022-03-14,Pending Analysis,Bengaluru FSL,True
9114,3065,Vehicle,2022-03-14,Pending Analysis,Mysuru FSL,True
9115,3065,DNA Sample,2022-03-14,Sent to FSL,Bengaluru FSL,True
9116,3065,Blood Sample,2022-03-14,Rejected,Mysuru FSL,False
9117,3066,Blood Sample,2026-09-05,Sent to FSL,Mangaluru FSL,True
9118,3066,USB Drive,2026-09-05,Pending Analysis,Bengaluru FSL,False
9119,3066,CCTV Footage,2026-09-05,Collected,Bengaluru FSL,False
9120,3066,Document,2026-09-05,Sent to FSL,Mysuru FSL,True
9121,3066,Fingerprint,2026-09-05,Pending Analysis,Mysuru FSL,True
9122,3067,USB Drive,2026-03-13,Collected,Mysuru FSL,True
9123,3067,Clothing,2026-03-13,Collected,Mangaluru FSL,True
9124,3067,Drug Sample,2026-03-13,Collected,Mysuru FSL,True
9125,3067,Document,2026-03-13,Collected,Mysuru FSL,True
9126,3067,Blood Sample,2026-03-13,Verified,Bengaluru FSL,True
9127,3068,SIM Card,2023-09-06,Verified,Bengaluru FSL,True
9128,3068,Laptop,2023-09-06,Rejected,Bengaluru FSL,True
9129,3068,Fingerprint,2023-09-06,Pending Analysis,Mysuru FSL,False
9130,3068,CCTV Footage,2023-09-06,Collected,Bengaluru FSL,False
9131,3069,Mobile Phone,2024-10-29,Rejected,Mangaluru FSL,False
9132,3069,CCTV Footage,2024-10-29,Collected,Bengaluru FSL,True
9133,3070,USB Drive,2024-01-01,Verified,Mysuru FSL,False
9134,3070,Document,2024-01-01,Verified,Mysuru FSL,False
9135,3070,Mobile Phone,2024-01-01,Rejected,Mysuru FSL,False
9136,3071,Hard Disk,2025-09-16,Pending Analysis,Mysuru FSL,True
9137,3072,Firearm,2024-11-20,Rejected,Bengaluru FSL,False
9138,3072,Document,2024-11-20,Verified,Mangaluru FSL,False
9139,3072,DNA Sample,2024-11-20,Rejected,Mangaluru FSL,True
9140,3073,CCTV Footage,2024-06-11,Sent to FSL,Mangaluru FSL,False
9141,3073,Blood Sample,2024-06-11,Collected,Mangaluru FSL,True
9142,3073,Clothing,2024-06-11,Verified,Bengaluru FSL,False
9143,3073,Drug Sample,2024-06-11,Sent to FSL,Bengaluru FSL,True
9144,3073,Hard Disk,2024-06-11,Rejected,Mangaluru FSL,True
9145,3074,CCTV Footage,2023-09-09,Collected,Bengaluru FSL,True
9146,3074,Fingerprint,2023-09-09,Pending Analysis,Mysuru FSL,True
9147,3074,Drug Sample,2023-09-09,Sent to FSL,Mysuru FSL,True
9148,3074,Document,2023-09-09,Verified,Mysuru FSL,False
9149,3075,Blood Sample,2022-12-14,Sent to FSL,Mysuru FSL,False
9150,3075,DNA Sample,2022-12-14,Pending Analysis,Bengaluru FSL,True
9151,3075,Fingerprint,2022-12-14,Verified,Mysuru FSL,False
9152,3076,CCTV Footage,2023-07-21,Pending Analysis,Mysuru FSL,False
9153,3076,Drug Sample,2023-07-21,Verified,Mangaluru FSL,False
9154,3076,Fingerprint,2023-07-21,Collected,Bengaluru FSL,False
9155,3077,Knife,2024-11-04,Sent to FSL,Mysuru FSL,True
9156,3077,Hard Disk,2024-11-04,Collected,Bengaluru FSL,False
9157,3077,Vehicle,2024-11-04,Sent to FSL,Mangaluru FSL,False
9158,3077,DNA Sample,2024-11-04,Sent to FSL,Mangaluru FSL,True
9159,3077,SIM Card,2024-11-04,Pending Analysis,Mangaluru FSL,True
9160,3078,Vehicle,2025-12-24,Collected,Mysuru FSL,False
9161,3079,SIM Card,2022-01-13,Collected,Mangaluru FSL,False
9162,3080,USB Drive,2024-09-22,Sent to FSL,Bengaluru FSL,False
9163,3080,Knife,2024-09-22,Collected,Bengaluru FSL,True
9164,3081,Clothing,2023-08-21,Pending Analysis,Mangaluru FSL,True
9165,3081,SIM Card,2023-08-21,Verified,Mangaluru FSL,True
9166,3081,Drug Sample,2023-08-21,Pending Analysis,Mysuru FSL,True
9167,3081,Knife,2023-08-21,Sent to FSL,Mysuru FSL,False
9168,3081,USB Drive,2023-08-21,Verified,Mangaluru FSL,True
9169,3082,Hard Disk,2024-12-11,Collected,Mangaluru FSL,True
9170,3083,Drug Sample,2023-11-16,Pending Analysis,Mangaluru FSL,False
9171,3083,SIM Card,2023-11-16,Verified,Mysuru FSL,True
9172,3083,Clothing,2023-11-16,Sent to FSL,Mysuru FSL,False
9173,3084,USB Drive,2025-09-03,Verified,Bengaluru FSL,True
9174,3084,Blood Sample,2025-09-03,Rejected,Mangaluru FSL,True
9175,3084,Drug Sample,2025-09-03,Pending Analysis,Mangaluru FSL,False
9176,3084,Hard Disk,2025-09-03,Collected,Mysuru FSL,True
9177,3085,Mobile Phone,2026-01-10,Collected,Bengaluru FSL,False
9178,3085,Firearm,2026-01-10,Rejected,Mangaluru FSL,False
9179,3085,Fingerprint,2026-01-10,Rejected,Mangaluru FSL,False
9180,3085,Document,2026-01-10,Sent to FSL,Bengaluru FSL,False
9181,3086,Blood Sample,2022-05-27,Rejected,Mysuru FSL,True
9182,3086,CCTV Footage,2022-05-27,Rejected,Mangaluru FSL,True
9183,3086,Fingerprint,2022-05-27,Collected,Bengaluru FSL,True
9184,3086,Document,2022-05-27,Verified,Bengaluru FSL,False
9185,3087,Hard Disk,2026-01-07,Rejected,Mysuru FSL,True
9186,3088,Document,2026-02-08,Sent to FSL,Mangaluru FSL,True
9187,3088,Fingerprint,2026-02-08,Pending Analysis,Mysuru FSL,False
9188,3089,Firearm,2024-12-28,Collected,Mangaluru FSL,False
9189,3089,Blood Sample,2024-12-28,Rejected,Mysuru FSL,False
9190,3090,Document,2026-04-21,Verified,Mysuru FSL,True
9191,3090,Firearm,2026-04-21,Sent to FSL,Bengaluru FSL,True
9192,3091,Mobile Phone,2022-08-10,Sent to FSL,Mysuru FSL,True
9193,3091,DNA Sample,2022-08-10,Collected,Mangaluru FSL,False
9194,3091,Fingerprint,2022-08-10,Pending Analysis,Mysuru FSL,False
9195,3092,SIM Card,2025-03-07,Rejected,Mangaluru FSL,False
9196,3092,CCTV Footage,2025-03-07,Rejected,Bengaluru FSL,True
9197,3093,Fingerprint,2026-06-11,Pending Analysis,Mysuru FSL,False
9198,3093,Blood Sample,2026-06-11,Rejected,Mysuru FSL,True
9199,3093,Clothing,2026-06-11,Collected,Mysuru FSL,True
9200,3094,CCTV Footage,2025-02-18,Pending Analysis,Mangaluru FSL,False
9201,3094,Hard Disk,2025-02-18,Collected,Mangaluru FSL,True
9202,3094,Laptop,2025-02-18,Pending Analysis,Mysuru FSL,True
9203,3094,Clothing,2025-02-18,Collected,Mysuru FSL,False
9204,3095,Laptop,2022-08-14,Collected,Bengaluru FSL,True
9205,3096,Hard Disk,2026-04-14,Verified,Mangaluru FSL,True
9206,3096,Clothing,2026-04-14,Pending Analysis,Mysuru FSL,False
9207,3096,Drug Sample,2026-04-14,Rejected,Mysuru FSL,True
9208,3096,Knife,2026-04-14,Pending Analysis,Mysuru FSL,True
9209,3096,USB Drive,2026-04-14,Pending Analysis,Mysuru FSL,True
9210,3097,Drug Sample,2023-06-14,Rejected,Mysuru FSL,True
9211,3097,Laptop,2023-06-14,Sent to FSL,Mangaluru FSL,False
9212,3097,DNA Sample,2023-06-14,Sent to FSL,Mysuru FSL,True
9213,3098,Laptop,2024-01-15,Rejected,Bengaluru FSL,False
9214,3098,Hard Disk,2024-01-15,Pending Analysis,Mysuru FSL,True
9215,3099,Document,2022-04-21,Verified,Mangaluru FSL,True
9216,3099,Vehicle,2022-04-21,Collected,Mysuru FSL,True
9217,3099,Firearm,2022-04-21,Collected,Mangaluru FSL,False
9218,3099,Laptop,2022-04-21,Sent to FSL,Bengaluru FSL,True
9219,3099,CCTV Footage,2022-04-21,Rejected,Bengaluru FSL,False
9220,3100,CCTV Footage,2025-03-30,Rejected,Bengaluru FSL,True
9221,3101,Drug Sample,2026-08-06,Collected,Mysuru FSL,False
9222,3101,Hard Disk,2026-08-06,Sent to FSL,Mysuru FSL,False
9223,3101,CCTV Footage,2026-08-06,Pending Analysis,Mysuru FSL,True
9224,3101,Firearm,2026-08-06,Sent to FSL,Bengaluru FSL,False
9225,3101,Fingerprint,2026-08-06,Pending Analysis,Bengaluru FSL,True
9226,3102,Fingerprint,2024-01-06,Sent to FSL,Mangaluru FSL,False
9227,3102,Document,2024-01-06,Sent to FSL,Bengaluru FSL,True
9228,3103,USB Drive,2023-04-23,Pending Analysis,Mysuru FSL,True
9229,3103,Fingerprint,2023-04-23,Pending Analysis,Mysuru FSL,False
9230,3103,Document,2023-04-23,Pending Analysis,Mysuru FSL,False
9231,3103,DNA Sample,2023-04-23,Collected,Bengaluru FSL,True
9232,3104,Document,2024-03-27,Sent to FSL,Bengaluru FSL,True
9233,3104,Vehicle,2024-03-27,Pending Analysis,Mangaluru FSL,True
9234,3104,Knife,2024-03-27,Rejected,Mysuru FSL,True
9235,3104,Fingerprint,2024-03-27,Collected,Mysuru FSL,True
9236,3104,DNA Sample,2024-03-27,Verified,Bengaluru FSL,True
9237,3105,Hard Disk,2022-01-08,Pending Analysis,Mysuru FSL,True
9238,3105,SIM Card,2022-01-08,Sent to FSL,Mysuru FSL,False
9239,3106,Mobile Phone,2022-07-12,Verified,Mangaluru FSL,False
9240,3106,Laptop,2022-07-12,Rejected,Bengaluru FSL,False
9241,3106,Clothing,2022-07-12,Rejected,Bengaluru FSL,True
9242,3106,Knife,2022-07-12,Collected,Mangaluru FSL,True
9243,3106,DNA Sample,2022-07-12,Collected,Mysuru FSL,False
9244,3107,Firearm,2023-06-01,Collected,Mysuru FSL,True
9245,3107,Document,2023-06-01,Pending Analysis,Mysuru FSL,True
9246,3107,Drug Sample,2023-06-01,Pending Analysis,Mysuru FSL,True
9247,3107,DNA Sample,2023-06-01,Pending Analysis,Bengaluru FSL,True
9248,3108,Fingerprint,2024-03-10,Collected,Bengaluru FSL,True
9249,3109,Hard Disk,2022-03-20,Collected,Mysuru FSL,True
9250,3109,Firearm,2022-03-20,Collected,Mangaluru FSL,False
9251,3110,Clothing,2023-10-10,Sent to FSL,Mysuru FSL,True
9252,3110,Knife,2023-10-10,Sent to FSL,Mysuru FSL,True
9253,3111,DNA Sample,2022-08-07,Rejected,Mangaluru FSL,True
9254,3111,Mobile Phone,2022-08-07,Verified,Bengaluru FSL,True
9255,3111,Hard Disk,2022-08-07,Pending Analysis,Bengaluru FSL,False
9256,3111,Fingerprint,2022-08-07,Rejected,Mangaluru FSL,False
9257,3111,Laptop,2022-08-07,Verified,Mangaluru FSL,False
9258,3112,Fingerprint,2023-03-09,Pending Analysis,Bengaluru FSL,True
9259,3112,Knife,2023-03-09,Collected,Mangaluru FSL,True
9260,3112,DNA Sample,2023-03-09,Collected,Mysuru FSL,False
9261,3112,Clothing,2023-03-09,Verified,Mysuru FSL,True
9262,3112,Drug Sample,2023-03-09,Pending Analysis,Mysuru FSL,True
9263,3113,Knife,2023-05-26,Pending Analysis,Bengaluru FSL,True
9264,3113,Firearm,2023-05-26,Verified,Bengaluru FSL,True
9265,3113,Fingerprint,2023-05-26,Sent to FSL,Mysuru FSL,True
9266,3113,Hard Disk,2023-05-26,Collected,Mangaluru FSL,False
9267,3113,SIM Card,2023-05-26,Sent to FSL,Mysuru FSL,False
9268,3114,SIM Card,2026-08-20,Sent to FSL,Mysuru FSL,True
9269,3114,Laptop,2026-08-20,Rejected,Mangaluru FSL,False
9270,3114,DNA Sample,2026-08-20,Verified,Mysuru FSL,False
9271,3114,USB Drive,2026-08-20,Rejected,Bengaluru FSL,False
9272,3115,Knife,2022-02-28,Collected,Mangaluru FSL,True
9273,3116,Blood Sample,2023-06-11,Verified,Mysuru FSL,False
9274,3116,Knife,2023-06-11,Rejected,Mangaluru FSL,False
9275,3117,Document,2024-12-28,Pending Analysis,Bengaluru FSL,False
9276,3117,USB Drive,2024-12-28,Verified,Bengaluru FSL,True
9277,3117,Fingerprint,2024-12-28,Sent to FSL,Mangaluru FSL,False
9278,3118,Document,2023-07-24,Sent to FSL,Mangaluru FSL,False
9279,3119,CCTV Footage,2022-01-06,Sent to FSL,Mangaluru FSL,False
9280,3119,Blood Sample,2022-01-06,Pending Analysis,Mysuru FSL,True
9281,3119,Mobile Phone,2022-01-06,Rejected,Bengaluru FSL,False
9282,3119,Hard Disk,2022-01-06,Verified,Mangaluru FSL,True
9283,3119,Document,2022-01-06,Rejected,Mangaluru FSL,True
9284,3120,Hard Disk,2026-06-07,Verified,Bengaluru FSL,False
9285,3120,Fingerprint,2026-06-07,Rejected,Bengaluru FSL,True
9286,3120,Mobile Phone,2026-06-07,Collected,Mysuru FSL,True
9287,3120,Document,2026-06-07,Pending Analysis,Mangaluru FSL,True
9288,3121,Document,2023-02-03,Collected,Mysuru FSL,True
9289,3122,Laptop,2022-02-06,Pending Analysis,Mysuru FSL,False
9290,3122,Vehicle,2022-02-06,Rejected,Mangaluru FSL,False
9291,3123,Mobile Phone,2026-01-29,Pending Analysis,Mysuru FSL,True
9292,3124,Fingerprint,2024-05-25,Collected,Mangaluru FSL,False
9293,3124,Laptop,2024-05-25,Collected,Bengaluru FSL,False
9294,3124,Knife,2024-05-25,Collected,Bengaluru FSL,True
9295,3125,SIM Card,2026-01-27,Rejected,Bengaluru FSL,False
9296,3125,Drug Sample,2026-01-27,Sent to FSL,Bengaluru FSL,True
9297,3125,Knife,2026-01-27,Verified,Mysuru FSL,False
9298,3125,Hard Disk,2026-01-27,Pending Analysis,Mangaluru FSL,True
9299,3126,USB Drive,2022-08-09,Pending Analysis,Mysuru FSL,False
9300,3127,Knife,2022-04-10,Verified,Mysuru FSL,True
9301,3127,Fingerprint,2022-04-10,Rejected,Mangaluru FSL,False
9302,3127,Document,2022-04-10,Pending Analysis,Bengaluru FSL,True
9303,3128,Blood Sample,2022-03-28,Pending Analysis,Mangaluru FSL,True
9304,3128,DNA Sample,2022-03-28,Sent to FSL,Bengaluru FSL,True
9305,3128,Vehicle,2022-03-28,Rejected,Bengaluru FSL,False
9306,3128,Document,2022-03-28,Rejected,Mangaluru FSL,True
9307,3129,SIM Card,2022-06-02,Pending Analysis,Mysuru FSL,True
9308,3129,Fingerprint,2022-06-02,Collected,Bengaluru FSL,True
9309,3129,Vehicle,2022-06-02,Sent to FSL,Mangaluru FSL,False
9310,3130,USB Drive,2025-03-03,Sent to FSL,Mangaluru FSL,False
9311,3130,Fingerprint,2025-03-03,Pending Analysis,Mangaluru FSL,True
9312,3131,Knife,2023-05-17,Pending Analysis,Bengaluru FSL,False
9313,3131,Hard Disk,2023-05-17,Pending Analysis,Bengaluru FSL,True
9314,3132,Firearm,2024-01-28,Pending Analysis,Bengaluru FSL,False
9315,3132,Vehicle,2024-01-28,Sent to FSL,Mangaluru FSL,True
9316,3132,Document,2024-01-28,Verified,Bengaluru FSL,False
9317,3132,SIM Card,2024-01-28,Verified,Mysuru FSL,True
9318,3132,Drug Sample,2024-01-28,Pending Analysis,Mangaluru FSL,True
9319,3133,Blood Sample,2023-07-31,Rejected,Bengaluru FSL,False
9320,3133,Document,2023-07-31,Collected,Bengaluru FSL,True
9321,3134,Mobile Phone,2025-02-09,Sent to FSL,Mangaluru FSL,False
9322,3134,DNA Sample,2025-02-09,Pending Analysis,Bengaluru FSL,False
9323,3135,Clothing,2024-10-23,Pending Analysis,Mysuru FSL,True
9324,3135,SIM Card,2024-10-23,Sent to FSL,Mysuru FSL,True
9325,3135,USB Drive,2024-10-23,Rejected,Mysuru FSL,False
9326,3135,Knife,2024-10-23,Verified,Mangaluru FSL,True
9327,3135,Hard Disk,2024-10-23,Collected,Mysuru FSL,True
9328,3136,Hard Disk,2024-11-13,Pending Analysis,Mysuru FSL,True
9329,3136,Blood Sample,2024-11-13,Verified,Bengaluru FSL,False
9330,3136,Firearm,2024-11-13,Collected,Bengaluru FSL,False
9331,3136,Drug Sample,2024-11-13,Rejected,Bengaluru FSL,True
9332,3136,Fingerprint,2024-11-13,Sent to FSL,Mysuru FSL,False
9333,3137,DNA Sample,2025-09-14,Pending Analysis,Mangaluru FSL,False
9334,3137,Blood Sample,2025-09-14,Rejected,Mysuru FSL,False
9335,3138,Blood Sample,2024-07-03,Collected,Mysuru FSL,False
9336,3138,Hard Disk,2024-07-03,Verified,Mysuru FSL,True
9337,3138,Knife,2024-07-03,Rejected,Bengaluru FSL,True
9338,3138,CCTV Footage,2024-07-03,Collected,Bengaluru FSL,False
9339,3138,Document,2024-07-03,Pending Analysis,Mysuru FSL,True
9340,3139,SIM Card,2023-09-19,Rejected,Mysuru FSL,False
9341,3139,Fingerprint,2023-09-19,Pending Analysis,Mysuru FSL,True
9342,3139,Vehicle,2023-09-19,Rejected,Mysuru FSL,False
9343,3140,Laptop,2025-09-14,Rejected,Bengaluru FSL,False
9344,3141,Hard Disk,2025-10-27,Pending Analysis,Bengaluru FSL,False
9345,3142,Drug Sample,2022-03-20,Collected,Mysuru FSL,True
9346,3142,Blood Sample,2022-03-20,Verified,Mangaluru FSL,True
9347,3142,Fingerprint,2022-03-20,Sent to FSL,Mangaluru FSL,False
9348,3142,Document,2022-03-20,Collected,Bengaluru FSL,False
9349,3142,Knife,2022-03-20,Verified,Mysuru FSL,False
9350,3143,Fingerprint,2026-05-29,Pending Analysis,Mysuru FSL,False
9351,3143,DNA Sample,2026-05-29,Pending Analysis,Mysuru FSL,False
9352,3144,Vehicle,2025-05-11,Rejected,Mangaluru FSL,False
9353,3144,SIM Card,2025-05-11,Sent to FSL,Mysuru FSL,False
9354,3145,Clothing,2023-03-01,Collected,Bengaluru FSL,True
9355,3145,Mobile Phone,2023-03-01,Verified,Mangaluru FSL,False
9356,3145,Laptop,2023-03-01,Rejected,Bengaluru FSL,True
9357,3146,CCTV Footage,2024-09-23,Pending Analysis,Mysuru FSL,True
9358,3146,Knife,2024-09-23,Pending Analysis,Bengaluru FSL,False
9359,3146,SIM Card,2024-09-23,Verified,Bengaluru FSL,True
9360,3146,Drug Sample,2024-09-23,Collected,Bengaluru FSL,True
9361,3147,Clothing,2024-03-03,Sent to FSL,Mangaluru FSL,True
9362,3147,Drug Sample,2024-03-03,Pending Analysis,Bengaluru FSL,False
9363,3147,Laptop,2024-03-03,Verified,Bengaluru FSL,False
9364,3147,Firearm,2024-03-03,Sent to FSL,Bengaluru FSL,False
9365,3148,Drug Sample,2026-11-03,Verified,Mysuru FSL,True
9366,3148,Fingerprint,2026-11-03,Collected,Mysuru FSL,False
9367,3149,SIM Card,2024-07-04,Rejected,Mangaluru FSL,False
9368,3149,Hard Disk,2024-07-04,Sent to FSL,Mysuru FSL,True
9369,3149,Clothing,2024-07-04,Verified,Mangaluru FSL,False
9370,3149,Fingerprint,2024-07-04,Sent to FSL,Mysuru FSL,False
9371,3150,Fingerprint,2025-12-27,Collected,Mysuru FSL,False
9372,3151,Drug Sample,2026-07-02,Verified,Bengaluru FSL,False
9373,3152,Laptop,2023-05-27,Rejected,Mysuru FSL,False
9374,3152,Blood Sample,2023-05-27,Rejected,Bengaluru FSL,False
9375,3152,Mobile Phone,2023-05-27,Verified,Bengaluru FSL,False
9376,3153,Knife,2023-10-30,Verified,Mysuru FSL,True
9377,3153,Mobile Phone,2023-10-30,Sent to FSL,Mangaluru FSL,True
9378,3153,CCTV Footage,2023-10-30,Collected,Bengaluru FSL,True
9379,3153,Blood Sample,2023-10-30,Collected,Mangaluru FSL,False
9380,3154,Firearm,2025-05-03,Rejected,Bengaluru FSL,False
9381,3154,USB Drive,2025-05-03,Pending Analysis,Bengaluru FSL,True
9382,3154,SIM Card,2025-05-03,Collected,Mysuru FSL,True
9383,3154,DNA Sample,2025-05-03,Pending Analysis,Mysuru FSL,False
9384,3154,Mobile Phone,2025-05-03,Verified,Mysuru FSL,True
9385,3155,Firearm,2025-02-23,Sent to FSL,Bengaluru FSL,True
9386,3156,CCTV Footage,2024-05-02,Collected,Mysuru FSL,True
9387,3156,USB Drive,2024-05-02,Verified,Mangaluru FSL,True
9388,3156,Clothing,2024-05-02,Rejected,Mangaluru FSL,True
9389,3156,Hard Disk,2024-05-02,Verified,Mysuru FSL,False
9390,3156,Blood Sample,2024-05-02,Pending Analysis,Bengaluru FSL,True
9391,3157,Hard Disk,2023-11-30,Collected,Mangaluru FSL,False
9392,3157,Document,2023-11-30,Collected,Mysuru FSL,True
9393,3157,Clothing,2023-11-30,Pending Analysis,Bengaluru FSL,False
9394,3157,Mobile Phone,2023-11-30,Pending Analysis,Mangaluru FSL,True
9395,3158,Drug Sample,2024-03-11,Sent to FSL,Mangaluru FSL,False
9396,3158,Hard Disk,2024-03-11,Collected,Bengaluru FSL,True
9397,3158,Mobile Phone,2024-03-11,Rejected,Mangaluru FSL,False
9398,3158,Knife,2024-03-11,Pending Analysis,Bengaluru FSL,True
9399,3158,DNA Sample,2024-03-11,Verified,Mangaluru FSL,False
9400,3159,Fingerprint,2025-03-10,Verified,Bengaluru FSL,False
9401,3159,Mobile Phone,2025-03-10,Rejected,Mangaluru FSL,True
9402,3159,Document,2025-03-10,Rejected,Mysuru FSL,False
9403,3159,Clothing,2025-03-10,Pending Analysis,Bengaluru FSL,False
9404,3159,CCTV Footage,2025-03-10,Sent to FSL,Mangaluru FSL,True
9405,3160,Firearm,2022-08-23,Verified,Mysuru FSL,False
9406,3160,Knife,2022-08-23,Sent to FSL,Bengaluru FSL,False
9407,3161,Hard Disk,2024-12-29,Collected,Mysuru FSL,True
9408,3161,Clothing,2024-12-29,Sent to FSL,Bengaluru FSL,True
9409,3161,Firearm,2024-12-29,Pending Analysis,Mangaluru FSL,True
9410,3162,SIM Card,2025-03-08,Collected,Mysuru FSL,False
9411,3162,Fingerprint,2025-03-08,Collected,Mangaluru FSL,False
9412,3162,Document,2025-03-08,Sent to FSL,Mangaluru FSL,True
9413,3163,Laptop,2024-03-14,Verified,Bengaluru FSL,False
9414,3163,Fingerprint,2024-03-14,Pending Analysis,Mysuru FSL,True
9415,3164,Mobile Phone,2023-07-16,Pending Analysis,Mangaluru FSL,True
9416,3164,Firearm,2023-07-16,Collected,Bengaluru FSL,True
9417,3165,Knife,2023-03-23,Sent to FSL,Mangaluru FSL,True
9418,3166,Hard Disk,2023-05-13,Collected,Bengaluru FSL,False
9419,3167,Mobile Phone,2022-11-15,Rejected,Mangaluru FSL,False
9420,3167,Laptop,2022-11-15,Pending Analysis,Mangaluru FSL,False
9421,3168,SIM Card,2022-07-20,Sent to FSL,Mysuru FSL,True
9422,3168,USB Drive,2022-07-20,Rejected,Bengaluru FSL,True
9423,3169,Blood Sample,2025-07-15,Rejected,Mysuru FSL,False
9424,3169,Firearm,2025-07-15,Verified,Bengaluru FSL,True
9425,3169,Clothing,2025-07-15,Rejected,Bengaluru FSL,True
9426,3170,Mobile Phone,2022-12-21,Collected,Mangaluru FSL,True
9427,3170,Clothing,2022-12-21,Rejected,Mangaluru FSL,False
9428,3170,Firearm,2022-12-21,Pending Analysis,Bengaluru FSL,False
9429,3170,USB Drive,2022-12-21,Collected,Bengaluru FSL,True
9430,3171,DNA Sample,2026-12-04,Sent to FSL,Mysuru FSL,False
9431,3172,Document,2022-07-17,Collected,Mangaluru FSL,False
9432,3172,Fingerprint,2022-07-17,Pending Analysis,Bengaluru FSL,True
9433,3172,SIM Card,2022-07-17,Pending Analysis,Mysuru FSL,False
9434,3172,Vehicle,2022-07-17,Verified,Mangaluru FSL,False
9435,3172,CCTV Footage,2022-07-17,Pending Analysis,Mysuru FSL,False
9436,3173,Fingerprint,2022-01-25,Pending Analysis,Mysuru FSL,True
9437,3173,Laptop,2022-01-25,Collected,Mysuru FSL,False
9438,3174,Drug Sample,2022-07-08,Collected,Mangaluru FSL,True
9439,3174,Laptop,2022-07-08,Collected,Bengaluru FSL,False
9440,3175,USB Drive,2023-09-15,Verified,Mangaluru FSL,True
9441,3175,CCTV Footage,2023-09-15,Pending Analysis,Bengaluru FSL,False
9442,3175,Vehicle,2023-09-15,Rejected,Bengaluru FSL,True
9443,3175,Knife,2023-09-15,Collected,Mysuru FSL,False
9444,3175,SIM Card,2023-09-15,Pending Analysis,Mysuru FSL,False
9445,3176,Knife,2024-05-23,Pending Analysis,Bengaluru FSL,False
9446,3176,USB Drive,2024-05-23,Rejected,Bengaluru FSL,False
9447,3176,Vehicle,2024-05-23,Verified,Mangaluru FSL,False
9448,3176,Drug Sample,2024-05-23,Collected,Mangaluru FSL,False
9449,3177,Fingerprint,2026-02-23,Verified,Mangaluru FSL,True
9450,3177,DNA Sample,2026-02-23,Verified,Bengaluru FSL,False
9451,3177,SIM Card,2026-02-23,Verified,Mysuru FSL,False
9452,3177,Laptop,2026-02-23,Sent to FSL,Bengaluru FSL,False
9453,3178,Document,2023-06-07,Sent to FSL,Mangaluru FSL,False
9454,3178,Firearm,2023-06-07,Collected,Mangaluru FSL,False
9455,3178,CCTV Footage,2023-06-07,Collected,Mysuru FSL,False
9456,3178,Drug Sample,2023-06-07,Sent to FSL,Mangaluru FSL,False
9457,3179,CCTV Footage,2025-06-02,Sent to FSL,Mangaluru FSL,True
9458,3179,Fingerprint,2025-06-02,Sent to FSL,Bengaluru FSL,False
9459,3179,Laptop,2025-06-02,Sent to FSL,Mangaluru FSL,False
9460,3180,Document,2022-01-07,Rejected,Mangaluru FSL,False
9461,3180,CCTV Footage,2022-01-07,Pending Analysis,Mangaluru FSL,False
9462,3181,Fingerprint,2023-11-16,Pending Analysis,Mysuru FSL,False
9463,3181,Hard Disk,2023-11-16,Rejected,Mysuru FSL,False
9464,3181,Vehicle,2023-11-16,Sent to FSL,Bengaluru FSL,True
9465,3182,Drug Sample,2023-11-16,Pending Analysis,Mysuru FSL,True
9466,3183,Mobile Phone,2026-04-05,Collected,Bengaluru FSL,False
9467,3183,SIM Card,2026-04-05,Rejected,Mangaluru FSL,False
9468,3183,Knife,2026-04-05,Pending Analysis,Mysuru FSL,True
9469,3184,SIM Card,2026-03-04,Sent to FSL,Bengaluru FSL,True
9470,3184,Fingerprint,2026-03-04,Rejected,Bengaluru FSL,True
9471,3184,CCTV Footage,2026-03-04,Collected,Bengaluru FSL,True
9472,3185,Knife,2025-11-19,Rejected,Mysuru FSL,True
9473,3185,Vehicle,2025-11-19,Verified,Mangaluru FSL,False
9474,3185,USB Drive,2025-11-19,Rejected,Mysuru FSL,False
9475,3185,Clothing,2025-11-19,Verified,Bengaluru FSL,False
9476,3185,Drug Sample,2025-11-19,Verified,Mysuru FSL,False
9477,3186,Firearm,2022-02-05,Collected,Mysuru FSL,True
9478,3187,Vehicle,2022-04-29,Sent to FSL,Mysuru FSL,True
9479,3187,Clothing,2022-04-29,Sent to FSL,Mangaluru FSL,False
9480,3188,Knife,2022-01-26,Rejected,Mysuru FSL,False
9481,3188,Fingerprint,2022-01-26,Pending Analysis,Mangaluru FSL,False
9482,3188,Drug Sample,2022-01-26,Collected,Bengaluru FSL,False
9483,3189,Drug Sample,2026-11-19,Collected,Mysuru FSL,False
9484,3190,Drug Sample,2026-09-13,Verified,Mysuru FSL,False
9485,3191,Fingerprint,2022-08-08,Collected,Mysuru FSL,True
9486,3191,Clothing,2022-08-08,Collected,Mangaluru FSL,True
9487,3192,Knife,2022-11-12,Sent to FSL,Mysuru FSL,False
9488,3193,Drug Sample,2023-06-09,Collected,Mangaluru FSL,True
9489,3193,SIM Card,2023-06-09,Pending Analysis,Mysuru FSL,True
9490,3193,Fingerprint,2023-06-09,Collected,Mysuru FSL,True
9491,3193,Clothing,2023-06-09,Rejected,Mangaluru FSL,True
9492,3193,CCTV Footage,2023-06-09,Sent to FSL,Mysuru FSL,False
9493,3194,Hard Disk,2024-08-11,Pending Analysis,Mangaluru FSL,True
9494,3194,Clothing,2024-08-11,Verified,Mangaluru FSL,False
9495,3194,Laptop,2024-08-11,Pending Analysis,Mysuru FSL,False
9496,3194,Document,2024-08-11,Verified,Mangaluru FSL,False
9497,3194,SIM Card,2024-08-11,Collected,Mysuru FSL,True
9498,3195,USB Drive,2023-04-11,Collected,Mysuru FSL,False
9499,3195,Blood Sample,2023-04-11,Verified,Mangaluru FSL,False
9500,3195,Document,2023-04-11,Sent to FSL,Mysuru FSL,False
9501,3195,SIM Card,2023-04-11,Rejected,Mangaluru FSL,True
9502,3195,Laptop,2023-04-11,Pending Analysis,Mysuru FSL,True
9503,3196,Drug Sample,2022-03-06,Collected,Mysuru FSL,True
9504,3196,Hard Disk,2022-03-06,Pending Analysis,Mysuru FSL,True
9505,3196,SIM Card,2022-03-06,Verified,Mysuru FSL,True
9506,3196,Knife,2022-03-06,Sent to FSL,Mangaluru FSL,False
9507,3197,Hard Disk,2026-11-29,Verified,Mangaluru FSL,True
9508,3198,Blood Sample,2022-03-07,Verified,Mangaluru FSL,True
9509,3199,Knife,2023-12-02,Collected,Mangaluru FSL,True
9510,3199,DNA Sample,2023-12-02,Pending Analysis,Bengaluru FSL,False
9511,3199,SIM Card,2023-12-02,Collected,Mangaluru FSL,False
9512,3199,Vehicle,2023-12-02,Pending Analysis,Bengaluru FSL,True
9513,3200,DNA Sample,2024-12-22,Verified,Mangaluru FSL,True
9514,3200,SIM Card,2024-12-22,Sent to FSL,Bengaluru FSL,True
9515,3200,Blood Sample,2024-12-22,Rejected,Mysuru FSL,True
9516,3200,Hard Disk,2024-12-22,Pending Analysis,Mangaluru FSL,True
9517,3200,USB Drive,2024-12-22,Collected,Mangaluru FSL,False
9518,3201,USB Drive,2024-07-31,Rejected,Mysuru FSL,True
9519,3201,DNA Sample,2024-07-31,Verified,Bengaluru FSL,False
9520,3201,Vehicle,2024-07-31,Pending Analysis,Mangaluru FSL,False
9521,3201,Drug Sample,2024-07-31,Verified,Bengaluru FSL,False
9522,3202,DNA Sample,2024-04-21,Sent to FSL,Mysuru FSL,True
9523,3202,Vehicle,2024-04-21,Rejected,Mangaluru FSL,False
9524,3202,USB Drive,2024-04-21,Verified,Mysuru FSL,True
9525,3202,Laptop,2024-04-21,Pending Analysis,Mangaluru FSL,False
9526,3202,Fingerprint,2024-04-21,Collected,Mysuru FSL,True
9527,3203,Vehicle,2024-11-13,Rejected,Mangaluru FSL,False
9528,3203,DNA Sample,2024-11-13,Rejected,Bengaluru FSL,False
9529,3204,Mobile Phone,2022-03-21,Rejected,Mangaluru FSL,False
9530,3204,USB Drive,2022-03-21,Sent to FSL,Mysuru FSL,False
9531,3204,SIM Card,2022-03-21,Verified,Mangaluru FSL,True
9532,3205,Fingerprint,2024-06-12,Sent to FSL,Mysuru FSL,True
9533,3206,Laptop,2025-12-23,Sent to FSL,Mysuru FSL,True
9534,3206,Hard Disk,2025-12-23,Pending Analysis,Mysuru FSL,True
9535,3206,Clothing,2025-12-23,Collected,Mangaluru FSL,True
9536,3206,Knife,2025-12-23,Collected,Bengaluru FSL,True
9537,3207,Hard Disk,2025-03-07,Collected,Mysuru FSL,True
9538,3207,Firearm,2025-03-07,Collected,Mysuru FSL,False
9539,3208,Blood Sample,2022-01-16,Verified,Mangaluru FSL,False
9540,3208,Document,2022-01-16,Rejected,Bengaluru FSL,True
9541,3208,SIM Card,2022-01-16,Collected,Mysuru FSL,True
9542,3208,Mobile Phone,2022-01-16,Pending Analysis,Mysuru FSL,False
9543,3209,Fingerprint,2025-10-28,Pending Analysis,Bengaluru FSL,True
9544,3209,CCTV Footage,2025-10-28,Verified,Mysuru FSL,True
9545,3209,Knife,2025-10-28,Verified,Mysuru FSL,False
9546,3209,DNA Sample,2025-10-28,Collected,Bengaluru FSL,False
9547,3210,Document,2023-02-05,Collected,Mysuru FSL,True
9548,3210,Blood Sample,2023-02-05,Collected,Mangaluru FSL,True
9549,3210,Clothing,2023-02-05,Verified,Mysuru FSL,True
9550,3211,SIM Card,2022-04-19,Rejected,Mysuru FSL,True
9551,3211,USB Drive,2022-04-19,Sent to FSL,Bengaluru FSL,True
9552,3211,Vehicle,2022-04-19,Collected,Mangaluru FSL,True
9553,3211,Knife,2022-04-19,Rejected,Bengaluru FSL,True
9554,3212,Laptop,2022-04-17,Rejected,Mysuru FSL,True
9555,3212,SIM Card,2022-04-17,Pending Analysis,Bengaluru FSL,True
9556,3212,Vehicle,2022-04-17,Pending Analysis,Bengaluru FSL,True
9557,3213,Drug Sample,2022-01-28,Rejected,Bengaluru FSL,False
9558,3213,Mobile Phone,2022-01-28,Rejected,Mysuru FSL,False
9559,3213,Laptop,2022-01-28,Verified,Mangaluru FSL,False
9560,3213,DNA Sample,2022-01-28,Verified,Bengaluru FSL,False
9561,3213,Firearm,2022-01-28,Verified,Bengaluru FSL,True
9562,3214,Document,2026-03-05,Sent to FSL,Bengaluru FSL,True
9563,3214,Clothing,2026-03-05,Verified,Mysuru FSL,False
9564,3215,Knife,2024-07-30,Collected,Mangaluru FSL,False
9565,3215,Drug Sample,2024-07-30,Collected,Bengaluru FSL,False
9566,3215,CCTV Footage,2024-07-30,Pending Analysis,Bengaluru FSL,False
9567,3215,DNA Sample,2024-07-30,Verified,Mangaluru FSL,False
9568,3216,Document,2026-07-18,Verified,Bengaluru FSL,False
9569,3216,Knife,2026-07-18,Collected,Bengaluru FSL,False
9570,3216,Clothing,2026-07-18,Sent to FSL,Mangaluru FSL,True
9571,3216,SIM Card,2026-07-18,Verified,Bengaluru FSL,False
9572,3216,CCTV Footage,2026-07-18,Sent to FSL,Mangaluru FSL,True
9573,3217,Mobile Phone,2026-05-16,Sent to FSL,Mangaluru FSL,True
9574,3217,CCTV Footage,2026-05-16,Pending Analysis,Mangaluru FSL,True
9575,3218,Knife,2026-08-14,Pending Analysis,Mysuru FSL,True
9576,3218,SIM Card,2026-08-14,Sent to FSL,Bengaluru FSL,True
9577,3218,CCTV Footage,2026-08-14,Sent to FSL,Mysuru FSL,False
9578,3219,Drug Sample,2025-10-10,Rejected,Bengaluru FSL,True
9579,3219,Clothing,2025-10-10,Collected,Bengaluru FSL,False
9580,3220,Firearm,2023-11-25,Pending Analysis,Mysuru FSL,False
9581,3220,Blood Sample,2023-11-25,Verified,Mysuru FSL,False
9582,3220,Mobile Phone,2023-11-25,Pending Analysis,Mangaluru FSL,False
9583,3220,Fingerprint,2023-11-25,Pending Analysis,Bengaluru FSL,True
9584,3220,Vehicle,2023-11-25,Collected,Mangaluru FSL,True
9585,3221,Vehicle,2025-04-28,Rejected,Mysuru FSL,False
9586,3221,Laptop,2025-04-28,Pending Analysis,Mysuru FSL,False
9587,3221,Mobile Phone,2025-04-28,Collected,Mysuru FSL,False
9588,3222,Knife,2026-06-30,Verified,Bengaluru FSL,False
9589,3223,Vehicle,2024-09-19,Collected,Mangaluru FSL,False
9590,3223,Hard Disk,2024-09-19,Rejected,Mysuru FSL,False
9591,3223,Laptop,2024-09-19,Collected,Mangaluru FSL,True
9592,3223,Fingerprint,2024-09-19,Collected,Mysuru FSL,False
9593,3224,Document,2022-05-23,Pending Analysis,Mangaluru FSL,False
9594,3225,Hard Disk,2023-06-14,Collected,Bengaluru FSL,True
9595,3225,Drug Sample,2023-06-14,Rejected,Bengaluru FSL,False
9596,3225,Laptop,2023-06-14,Collected,Bengaluru FSL,False
9597,3225,Vehicle,2023-06-14,Rejected,Mangaluru FSL,False
9598,3226,Firearm,2023-05-05,Rejected,Bengaluru FSL,False
9599,3226,Fingerprint,2023-05-05,Sent to FSL,Mysuru FSL,False
9600,3227,Vehicle,2026-02-13,Verified,Mysuru FSL,False
9601,3227,Blood Sample,2026-02-13,Collected,Mangaluru FSL,False
9602,3227,Document,2026-02-13,Pending Analysis,Bengaluru FSL,False
9603,3227,Laptop,2026-02-13,Pending Analysis,Mangaluru FSL,True
9604,3227,Mobile Phone,2026-02-13,Sent to FSL,Mangaluru FSL,True
9605,3228,DNA Sample,2022-10-07,Pending Analysis,Mysuru FSL,False
9606,3228,Blood Sample,2022-10-07,Rejected,Bengaluru FSL,True
9607,3228,USB Drive,2022-10-07,Sent to FSL,Bengaluru FSL,False
9608,3229,Vehicle,2025-11-05,Pending Analysis,Mysuru FSL,False
9609,3229,Firearm,2025-11-05,Rejected,Mangaluru FSL,False
9610,3229,Mobile Phone,2025-11-05,Collected,Bengaluru FSL,True
9611,3230,Mobile Phone,2025-08-03,Pending Analysis,Bengaluru FSL,True
9612,3230,Blood Sample,2025-08-03,Verified,Mangaluru FSL,True
9613,3230,USB Drive,2025-08-03,Pending Analysis,Bengaluru FSL,False
9614,3231,Vehicle,2024-05-16,Sent to FSL,Bengaluru FSL,True
9615,3232,Document,2025-11-06,Sent to FSL,Mysuru FSL,False
9616,3232,DNA Sample,2025-11-06,Pending Analysis,Mangaluru FSL,True
9617,3232,Hard Disk,2025-11-06,Pending Analysis,Bengaluru FSL,True
9618,3232,Blood Sample,2025-11-06,Verified,Bengaluru FSL,True
9619,3232,Clothing,2025-11-06,Verified,Mysuru FSL,True
9620,3233,Drug Sample,2022-11-21,Collected,Bengaluru FSL,True
9621,3234,Clothing,2025-10-09,Collected,Mysuru FSL,False
9622,3234,Fingerprint,2025-10-09,Sent to FSL,Mysuru FSL,True
9623,3234,Hard Disk,2025-10-09,Verified,Bengaluru FSL,False
9624,3234,Drug Sample,2025-10-09,Verified,Mangaluru FSL,True
9625,3234,Laptop,2025-10-09,Collected,Bengaluru FSL,True
9626,3235,SIM Card,2022-01-22,Rejected,Mangaluru FSL,True
9627,3235,DNA Sample,2022-01-22,Verified,Mangaluru FSL,False
9628,3235,Laptop,2022-01-22,Verified,Mysuru FSL,False
9629,3236,Document,2026-08-21,Collected,Mangaluru FSL,True
9630,3237,USB Drive,2022-10-07,Rejected,Mysuru FSL,True
9631,3238,Clothing,2022-07-08,Verified,Bengaluru FSL,True
9632,3238,Firearm,2022-07-08,Sent to FSL,Bengaluru FSL,True
9633,3238,Document,2022-07-08,Verified,Bengaluru FSL,True
9634,3238,CCTV Footage,2022-07-08,Collected,Mangaluru FSL,True
9635,3239,CCTV Footage,2023-03-07,Sent to FSL,Bengaluru FSL,False
9636,3239,Hard Disk,2023-03-07,Sent to FSL,Bengaluru FSL,False
9637,3239,SIM Card,2023-03-07,Rejected,Mysuru FSL,False
9638,3239,Document,2023-03-07,Rejected,Mysuru FSL,False
9639,3239,Knife,2023-03-07,Collected,Bengaluru FSL,True
9640,3240,Mobile Phone,2024-09-05,Collected,Mangaluru FSL,False
9641,3240,Drug Sample,2024-09-05,Pending Analysis,Mysuru FSL,False
9642,3240,CCTV Footage,2024-09-05,Verified,Mangaluru FSL,True
9643,3241,Drug Sample,2026-11-29,Collected,Mysuru FSL,True
9644,3241,DNA Sample,2026-11-29,Verified,Mangaluru FSL,False
9645,3241,CCTV Footage,2026-11-29,Verified,Mangaluru FSL,True
9646,3242,Document,2024-12-27,Collected,Mysuru FSL,False
9647,3242,Mobile Phone,2024-12-27,Collected,Mangaluru FSL,True
9648,3242,CCTV Footage,2024-12-27,Rejected,Mysuru FSL,True
9649,3242,Fingerprint,2024-12-27,Rejected,Bengaluru FSL,False
9650,3243,Clothing,2026-04-25,Verified,Bengaluru FSL,False
9651,3243,Vehicle,2026-04-25,Verified,Bengaluru FSL,False
9652,3244,Firearm,2025-07-09,Rejected,Mangaluru FSL,True
9653,3244,Drug Sample,2025-07-09,Rejected,Bengaluru FSL,False
9654,3244,Knife,2025-07-09,Rejected,Mangaluru FSL,False
9655,3244,SIM Card,2025-07-09,Collected,Mysuru FSL,False
9656,3245,CCTV Footage,2026-12-31,Collected,Bengaluru FSL,False
9657,3245,Drug Sample,2026-12-31,Sent to FSL,Bengaluru FSL,True
9658,3245,Clothing,2026-12-31,Sent to FSL,Bengaluru FSL,False
9659,3245,Fingerprint,2026-12-31,Rejected,Mysuru FSL,False
9660,3246,Hard Disk,2025-07-27,Verified,Bengaluru FSL,True
9661,3246,USB Drive,2025-07-27,Verified,Mangaluru FSL,False
9662,3246,Fingerprint,2025-07-27,Rejected,Mangaluru FSL,True
9663,3247,Mobile Phone,2026-12-09,Rejected,Mysuru FSL,True
9664,3247,CCTV Footage,2026-12-09,Rejected,Bengaluru FSL,False
9665,3248,Fingerprint,2024-07-21,Sent to FSL,Mangaluru FSL,True
9666,3248,Drug Sample,2024-07-21,Sent to FSL,Mangaluru FSL,True
9667,3249,USB Drive,2023-12-21,Pending Analysis,Mysuru FSL,False
9668,3249,Mobile Phone,2023-12-21,Collected,Bengaluru FSL,False
9669,3249,Knife,2023-12-21,Sent to FSL,Mysuru FSL,False
9670,3250,Document,2026-07-29,Collected,Bengaluru FSL,True
9671,3251,Fingerprint,2026-01-18,Rejected,Mangaluru FSL,False
9672,3251,Mobile Phone,2026-01-18,Collected,Bengaluru FSL,False
9673,3252,CCTV Footage,2025-09-11,Collected,Bengaluru FSL,False
9674,3252,Mobile Phone,2025-09-11,Collected,Mysuru FSL,True
9675,3252,Laptop,2025-09-11,Sent to FSL,Mangaluru FSL,True
9676,3252,Vehicle,2025-09-11,Sent to FSL,Mangaluru FSL,True
9677,3253,Mobile Phone,2025-12-10,Sent to FSL,Mysuru FSL,False
9678,3253,SIM Card,2025-12-10,Sent to FSL,Mysuru FSL,True
9679,3253,CCTV Footage,2025-12-10,Verified,Mysuru FSL,True
9680,3253,Blood Sample,2025-12-10,Pending Analysis,Bengaluru FSL,True
9681,3254,USB Drive,2023-07-11,Sent to FSL,Mangaluru FSL,False
9682,3254,Document,2023-07-11,Pending Analysis,Mysuru FSL,True
9683,3254,SIM Card,2023-07-11,Collected,Bengaluru FSL,True
9684,3255,USB Drive,2022-05-20,Verified,Bengaluru FSL,False
9685,3255,Knife,2022-05-20,Rejected,Bengaluru FSL,False
9686,3255,Fingerprint,2022-05-20,Collected,Mangaluru FSL,True
9687,3256,Hard Disk,2025-12-25,Rejected,Bengaluru FSL,True
9688,3256,DNA Sample,2025-12-25,Sent to FSL,Bengaluru FSL,False
9689,3256,Document,2025-12-25,Sent to FSL,Mangaluru FSL,True
9690,3256,Firearm,2025-12-25,Sent to FSL,Mangaluru FSL,False
9691,3256,Knife,2025-12-25,Pending Analysis,Mangaluru FSL,True
9692,3257,DNA Sample,2026-01-26,Rejected,Mangaluru FSL,False
9693,3257,Drug Sample,2026-01-26,Verified,Bengaluru FSL,True
9694,3257,SIM Card,2026-01-26,Verified,Mysuru FSL,False
9695,3257,CCTV Footage,2026-01-26,Sent to FSL,Mangaluru FSL,False
9696,3258,Blood Sample,2026-05-13,Verified,Bengaluru FSL,False
9697,3258,USB Drive,2026-05-13,Pending Analysis,Bengaluru FSL,False
9698,3258,Drug Sample,2026-05-13,Rejected,Bengaluru FSL,False
9699,3258,Mobile Phone,2026-05-13,Verified,Mangaluru FSL,False
9700,3259,Document,2023-10-22,Sent to FSL,Mysuru FSL,True
9701,3259,Firearm,2023-10-22,Sent to FSL,Mangaluru FSL,True
9702,3259,Mobile Phone,2023-10-22,Collected,Mysuru FSL,True
9703,3259,CCTV Footage,2023-10-22,Collected,Mangaluru FSL,True
9704,3260,Vehicle,2025-08-19,Verified,Bengaluru FSL,False
9705,3260,Mobile Phone,2025-08-19,Rejected,Mangaluru FSL,False
9706,3260,Drug Sample,2025-08-19,Rejected,Bengaluru FSL,True
9707,3261,Mobile Phone,2022-11-19,Collected,Mysuru FSL,True
9708,3261,Knife,2022-11-19,Verified,Mangaluru FSL,True
9709,3262,Knife,2023-04-01,Rejected,Mangaluru FSL,True
9710,3262,USB Drive,2023-04-01,Sent to FSL,Mysuru FSL,False
9711,3263,Vehicle,2024-09-07,Verified,Bengaluru FSL,False
9712,3263,Clothing,2024-09-07,Verified,Mysuru FSL,False
9713,3264,Fingerprint,2023-11-07,Pending Analysis,Mangaluru FSL,True
9714,3264,DNA Sample,2023-11-07,Verified,Mysuru FSL,False
9715,3264,Document,2023-11-07,Pending Analysis,Bengaluru FSL,True
9716,3264,Knife,2023-11-07,Pending Analysis,Mysuru FSL,False
9717,3265,Firearm,2026-02-28,Verified,Mangaluru FSL,True
9718,3265,Clothing,2026-02-28,Collected,Mysuru FSL,True
9719,3266,Hard Disk,2022-11-17,Rejected,Bengaluru FSL,False
9720,3266,Knife,2022-11-17,Rejected,Bengaluru FSL,False
9721,3267,SIM Card,2024-05-27,Verified,Mangaluru FSL,True
9722,3267,Document,2024-05-27,Pending Analysis,Bengaluru FSL,True
9723,3268,CCTV Footage,2022-09-01,Verified,Mysuru FSL,False
9724,3268,Laptop,2022-09-01,Pending Analysis,Bengaluru FSL,False
9725,3268,Blood Sample,2022-09-01,Verified,Mysuru FSL,False
9726,3268,Drug Sample,2022-09-01,Collected,Mysuru FSL,False
9727,3268,Firearm,2022-09-01,Verified,Mysuru FSL,True
9728,3269,USB Drive,2023-07-27,Sent to FSL,Mysuru FSL,True
9729,3269,SIM Card,2023-07-27,Collected,Mysuru FSL,True
9730,3269,Drug Sample,2023-07-27,Collected,Bengaluru FSL,False
9731,3270,Drug Sample,2023-08-02,Collected,Bengaluru FSL,False
9732,3270,Clothing,2023-08-02,Collected,Bengaluru FSL,False
9733,3270,Document,2023-08-02,Pending Analysis,Bengaluru FSL,False
9734,3270,Knife,2023-08-02,Collected,Mysuru FSL,True
9735,3270,Mobile Phone,2023-08-02,Sent to FSL,Mangaluru FSL,True
9736,3271,Clothing,2023-09-06,Pending Analysis,Mangaluru FSL,False
9737,3272,Blood Sample,2023-11-26,Verified,Mysuru FSL,True
9738,3272,Laptop,2023-11-26,Verified,Mangaluru FSL,True
9739,3272,Knife,2023-11-26,Sent to FSL,Bengaluru FSL,True
9740,3273,Document,2024-08-02,Rejected,Mangaluru FSL,False
9741,3273,Clothing,2024-08-02,Verified,Mysuru FSL,True
9742,3274,Hard Disk,2026-06-08,Sent to FSL,Bengaluru FSL,True
9743,3274,USB Drive,2026-06-08,Collected,Mangaluru FSL,False
9744,3274,Document,2026-06-08,Pending Analysis,Mysuru FSL,True
9745,3274,CCTV Footage,2026-06-08,Verified,Bengaluru FSL,False
9746,3275,DNA Sample,2024-07-14,Verified,Mysuru FSL,True
9747,3275,Drug Sample,2024-07-14,Verified,Mangaluru FSL,True
9748,3275,Laptop,2024-07-14,Sent to FSL,Bengaluru FSL,True
9749,3275,Fingerprint,2024-07-14,Pending Analysis,Mangaluru FSL,False
9750,3276,CCTV Footage,2024-07-12,Pending Analysis,Bengaluru FSL,True
9751,3276,Drug Sample,2024-07-12,Sent to FSL,Bengaluru FSL,False
9752,3276,USB Drive,2024-07-12,Rejected,Mangaluru FSL,False
9753,3277,Mobile Phone,2026-01-26,Sent to FSL,Bengaluru FSL,True
9754,3277,Fingerprint,2026-01-26,Collected,Mangaluru FSL,True
9755,3277,USB Drive,2026-01-26,Sent to FSL,Bengaluru FSL,True
9756,3277,Vehicle,2026-01-26,Sent to FSL,Mysuru FSL,False
9757,3278,Knife,2025-10-06,Sent to FSL,Mangaluru FSL,False
9758,3278,Blood Sample,2025-10-06,Verified,Mangaluru FSL,False
9759,3278,Laptop,2025-10-06,Verified,Bengaluru FSL,True
9760,3278,Hard Disk,2025-10-06,Verified,Mysuru FSL,False
9761,3279,DNA Sample,2026-03-01,Collected,Bengaluru FSL,True
9762,3279,SIM Card,2026-03-01,Pending Analysis,Mangaluru FSL,False
9763,3279,Knife,2026-03-01,Verified,Bengaluru FSL,True
9764,3279,Laptop,2026-03-01,Sent to FSL,Mysuru FSL,False
9765,3279,Vehicle,2026-03-01,Collected,Bengaluru FSL,True
9766,3280,Document,2022-06-18,Rejected,Mysuru FSL,True
9767,3280,Vehicle,2022-06-18,Collected,Mangaluru FSL,False
9768,3280,Drug Sample,2022-06-18,Collected,Bengaluru FSL,False
9769,3280,Laptop,2022-06-18,Pending Analysis,Mysuru FSL,False
9770,3281,DNA Sample,2025-12-02,Pending Analysis,Bengaluru FSL,False
9771,3281,Drug Sample,2025-12-02,Sent to FSL,Mangaluru FSL,True
9772,3281,Clothing,2025-12-02,Rejected,Mysuru FSL,False
9773,3281,Blood Sample,2025-12-02,Pending Analysis,Mysuru FSL,False
9774,3282,Document,2026-01-15,Collected,Mangaluru FSL,False
9775,3283,USB Drive,2025-01-19,Rejected,Mangaluru FSL,False
9776,3284,USB Drive,2025-09-28,Sent to FSL,Mangaluru FSL,False
9777,3285,Firearm,2025-09-27,Pending Analysis,Mangaluru FSL,True
9778,3285,Fingerprint,2025-09-27,Sent to FSL,Bengaluru FSL,False
9779,3285,Knife,2025-09-27,Rejected,Bengaluru FSL,False
9780,3286,SIM Card,2025-09-08,Sent to FSL,Bengaluru FSL,True
9781,3286,Document,2025-09-08,Collected,Mysuru FSL,True
9782,3286,Vehicle,2025-09-08,Rejected,Mysuru FSL,True
9783,3287,Clothing,2023-04-04,Verified,Mangaluru FSL,False
9784,3287,Firearm,2023-04-04,Rejected,Mangaluru FSL,False
9785,3287,Vehicle,2023-04-04,Verified,Mangaluru FSL,False
9786,3287,Document,2023-04-04,Sent to FSL,Mangaluru FSL,False
9787,3287,Drug Sample,2023-04-04,Pending Analysis,Mangaluru FSL,True
9788,3288,Clothing,2024-04-23,Verified,Mysuru FSL,False
9789,3288,Fingerprint,2024-04-23,Rejected,Mangaluru FSL,True
9790,3289,Clothing,2026-02-18,Verified,Mysuru FSL,True
9791,3289,Vehicle,2026-02-18,Rejected,Mangaluru FSL,True
9792,3289,Knife,2026-02-18,Verified,Mysuru FSL,False
9793,3290,Mobile Phone,2025-02-15,Collected,Mysuru FSL,True
9794,3290,Clothing,2025-02-15,Sent to FSL,Bengaluru FSL,True
9795,3290,SIM Card,2025-02-15,Verified,Mangaluru FSL,False
9796,3290,DNA Sample,2025-02-15,Sent to FSL,Mangaluru FSL,True
9797,3291,Vehicle,2026-04-20,Collected,Mangaluru FSL,False
9798,3291,Firearm,2026-04-20,Collected,Mangaluru FSL,False
9799,3291,Mobile Phone,2026-04-20,Pending Analysis,Mysuru FSL,True
9800,3292,Clothing,2022-10-01,Verified,Bengaluru FSL,True
9801,3292,CCTV Footage,2022-10-01,Collected,Mangaluru FSL,False
9802,3292,Blood Sample,2022-10-01,Pending Analysis,Mangaluru FSL,False
9803,3292,Document,2022-10-01,Rejected,Mysuru FSL,False
9804,3293,USB Drive,2022-02-07,Rejected,Mangaluru FSL,False
9805,3294,USB Drive,2026-06-05,Pending Analysis,Bengaluru FSL,True
9806,3294,SIM Card,2026-06-05,Rejected,Mangaluru FSL,False
9807,3295,Hard Disk,2025-06-05,Sent to FSL,Bengaluru FSL,True
9808,3296,Firearm,2022-10-13,Verified,Mangaluru FSL,True
9809,3296,USB Drive,2022-10-13,Verified,Mysuru FSL,False
9810,3297,DNA Sample,2025-10-08,Rejected,Bengaluru FSL,False
9811,3297,Blood Sample,2025-10-08,Sent to FSL,Mangaluru FSL,False
9812,3297,Knife,2025-10-08,Rejected,Mangaluru FSL,True
9813,3297,Firearm,2025-10-08,Rejected,Mysuru FSL,True
9814,3298,Blood Sample,2026-04-14,Sent to FSL,Mangaluru FSL,True
9815,3298,Clothing,2026-04-14,Pending Analysis,Bengaluru FSL,False
9816,3298,SIM Card,2026-04-14,Verified,Bengaluru FSL,True
9817,3298,Firearm,2026-04-14,Collected,Mangaluru FSL,True
9818,3299,Blood Sample,2022-07-25,Collected,Bengaluru FSL,False
9819,3299,Firearm,2022-07-25,Pending Analysis,Mangaluru FSL,False
9820,3299,Drug Sample,2022-07-25,Sent to FSL,Mysuru FSL,True
9821,3299,Hard Disk,2022-07-25,Rejected,Mangaluru FSL,True
9822,3300,CCTV Footage,2023-09-12,Collected,Bengaluru FSL,True
9823,3300,DNA Sample,2023-09-12,Rejected,Bengaluru FSL,False
9824,3300,Hard Disk,2023-09-12,Collected,Bengaluru FSL,False
9825,3301,Firearm,2022-11-30,Collected,Mysuru FSL,False
9826,3302,DNA Sample,2023-01-05,Rejected,Bengaluru FSL,True
9827,3302,Hard Disk,2023-01-05,Rejected,Mysuru FSL,True
9828,3302,CCTV Footage,2023-01-05,Verified,Mangaluru FSL,False
9829,3302,Laptop,2023-01-05,Pending Analysis,Bengaluru FSL,False
9830,3302,Clothing,2023-01-05,Sent to FSL,Mangaluru FSL,False
9831,3303,Laptop,2025-04-24,Pending Analysis,Mysuru FSL,False
9832,3303,Knife,2025-04-24,Rejected,Mangaluru FSL,False
9833,3304,Document,2025-03-02,Sent to FSL,Bengaluru FSL,True
9834,3304,Mobile Phone,2025-03-02,Sent to FSL,Bengaluru FSL,True
9835,3304,Blood Sample,2025-03-02,Verified,Mangaluru FSL,False
9836,3304,CCTV Footage,2025-03-02,Collected,Mysuru FSL,True
9837,3304,Laptop,2025-03-02,Rejected,Mysuru FSL,False
9838,3305,Firearm,2024-02-13,Verified,Mangaluru FSL,True
9839,3305,Fingerprint,2024-02-13,Sent to FSL,Mangaluru FSL,True
9840,3305,Drug Sample,2024-02-13,Rejected,Mysuru FSL,False
9841,3306,Firearm,2022-06-27,Rejected,Bengaluru FSL,True
9842,3306,Laptop,2022-06-27,Rejected,Mysuru FSL,True
9843,3306,Hard Disk,2022-06-27,Sent to FSL,Mysuru FSL,True
9844,3307,Blood Sample,2023-07-04,Pending Analysis,Bengaluru FSL,False
9845,3307,Document,2023-07-04,Verified,Mangaluru FSL,False
9846,3307,Firearm,2023-07-04,Verified,Mysuru FSL,True
9847,3308,Firearm,2026-08-25,Verified,Bengaluru FSL,False
9848,3308,Fingerprint,2026-08-25,Verified,Mangaluru FSL,False
9849,3309,Laptop,2023-02-18,Verified,Mysuru FSL,True
9850,3310,USB Drive,2022-10-03,Rejected,Mysuru FSL,True
9851,3310,Laptop,2022-10-03,Verified,Bengaluru FSL,False
9852,3311,Firearm,2023-12-15,Collected,Mysuru FSL,True
9853,3311,Clothing,2023-12-15,Pending Analysis,Bengaluru FSL,False
9854,3312,Knife,2022-07-06,Sent to FSL,Mysuru FSL,False
9855,3312,Clothing,2022-07-06,Sent to FSL,Bengaluru FSL,False
9856,3313,Clothing,2022-05-08,Rejected,Mysuru FSL,True
9857,3314,Firearm,2025-02-02,Verified,Mysuru FSL,True
9858,3314,Mobile Phone,2025-02-02,Rejected,Mysuru FSL,True
9859,3315,Document,2023-10-02,Pending Analysis,Mysuru FSL,True
9860,3315,Mobile Phone,2023-10-02,Verified,Mangaluru FSL,True
9861,3315,Laptop,2023-10-02,Rejected,Bengaluru FSL,True
9862,3316,Clothing,2022-01-21,Sent to FSL,Mangaluru FSL,True
9863,3316,Drug Sample,2022-01-21,Pending Analysis,Bengaluru FSL,False
9864,3316,USB Drive,2022-01-21,Rejected,Bengaluru FSL,True
9865,3316,Knife,2022-01-21,Sent to FSL,Mysuru FSL,False
9866,3317,Clothing,2022-06-30,Sent to FSL,Bengaluru FSL,True
9867,3317,Hard Disk,2022-06-30,Pending Analysis,Mangaluru FSL,False
9868,3318,Hard Disk,2025-08-31,Collected,Mangaluru FSL,True
9869,3319,Vehicle,2024-01-13,Sent to FSL,Mangaluru FSL,True
9870,3319,Laptop,2024-01-13,Collected,Bengaluru FSL,True
9871,3319,CCTV Footage,2024-01-13,Sent to FSL,Bengaluru FSL,False
9872,3319,Mobile Phone,2024-01-13,Pending Analysis,Mysuru FSL,True
9873,3319,Clothing,2024-01-13,Collected,Mysuru FSL,False
9874,3320,Mobile Phone,2023-01-27,Collected,Mangaluru FSL,False
9875,3321,Laptop,2022-07-14,Rejected,Mangaluru FSL,True
9876,3321,Blood Sample,2022-07-14,Sent to FSL,Mysuru FSL,True
9877,3321,SIM Card,2022-07-14,Verified,Mangaluru FSL,False
9878,3321,Clothing,2022-07-14,Pending Analysis,Mangaluru FSL,True
9879,3322,Laptop,2026-07-27,Sent to FSL,Mysuru FSL,True
9880,3322,USB Drive,2026-07-27,Collected,Mangaluru FSL,True
9881,3323,Drug Sample,2022-05-25,Sent to FSL,Bengaluru FSL,False
9882,3323,Laptop,2022-05-25,Rejected,Bengaluru FSL,False
9883,3323,Hard Disk,2022-05-25,Rejected,Mangaluru FSL,False
9884,3324,DNA Sample,2024-12-08,Rejected,Bengaluru FSL,False
9885,3324,USB Drive,2024-12-08,Sent to FSL,Mysuru FSL,True
9886,3324,SIM Card,2024-12-08,Rejected,Mysuru FSL,False
9887,3324,Document,2024-12-08,Rejected,Bengaluru FSL,False
9888,3324,Drug Sample,2024-12-08,Collected,Bengaluru FSL,True
9889,3325,DNA Sample,2023-11-20,Sent to FSL,Mysuru FSL,False
9890,3325,Knife,2023-11-20,Sent to FSL,Mysuru FSL,False
9891,3325,Laptop,2023-11-20,Verified,Mangaluru FSL,True
9892,3326,Mobile Phone,2026-04-21,Sent to FSL,Mysuru FSL,True
9893,3327,Document,2026-01-06,Verified,Bengaluru FSL,False
9894,3327,Clothing,2026-01-06,Collected,Mangaluru FSL,False
9895,3327,SIM Card,2026-01-06,Rejected,Mangaluru FSL,True
9896,3328,USB Drive,2024-01-19,Rejected,Mangaluru FSL,True
9897,3328,SIM Card,2024-01-19,Sent to FSL,Bengaluru FSL,True
9898,3328,Vehicle,2024-01-19,Verified,Bengaluru FSL,True
9899,3328,Drug Sample,2024-01-19,Rejected,Bengaluru FSL,True
9900,3329,Laptop,2023-10-27,Rejected,Mysuru FSL,True
9901,3329,Document,2023-10-27,Verified,Mysuru FSL,True
9902,3329,Blood Sample,2023-10-27,Rejected,Bengaluru FSL,False
9903,3329,Knife,2023-10-27,Rejected,Mysuru FSL,True
9904,3330,CCTV Footage,2023-12-01,Collected,Mangaluru FSL,False
9905,3330,SIM Card,2023-12-01,Pending Analysis,Mangaluru FSL,False
9906,3330,Mobile Phone,2023-12-01,Collected,Bengaluru FSL,True
9907,3330,USB Drive,2023-12-01,Sent to FSL,Bengaluru FSL,False
9908,3330,Knife,2023-12-01,Sent to FSL,Mysuru FSL,True
9909,3331,Clothing,2022-11-20,Sent to FSL,Mysuru FSL,True
9910,3332,CCTV Footage,2022-07-22,Collected,Mangaluru FSL,True
9911,3332,Hard Disk,2022-07-22,Verified,Bengaluru FSL,True
9912,3332,USB Drive,2022-07-22,Rejected,Mangaluru FSL,True
9913,3332,Document,2022-07-22,Verified,Mysuru FSL,True
9914,3333,Clothing,2022-11-04,Pending Analysis,Mysuru FSL,False
9915,3333,CCTV Footage,2022-11-04,Sent to FSL,Mysuru FSL,False
9916,3334,Vehicle,2026-01-06,Verified,Mysuru FSL,False
9917,3335,Blood Sample,2024-02-11,Verified,Mangaluru FSL,True
9918,3335,Knife,2024-02-11,Verified,Mysuru FSL,False
9919,3335,Vehicle,2024-02-11,Sent to FSL,Bengaluru FSL,False
9920,3336,Mobile Phone,2024-08-24,Pending Analysis,Mysuru FSL,True
9921,3336,Drug Sample,2024-08-24,Collected,Mysuru FSL,False
9922,3337,Fingerprint,2024-04-15,Verified,Bengaluru FSL,True
9923,3337,Hard Disk,2024-04-15,Pending Analysis,Mangaluru FSL,False
9924,3337,Drug Sample,2024-04-15,Collected,Bengaluru FSL,False
9925,3338,Document,2026-08-07,Collected,Bengaluru FSL,False
9926,3338,DNA Sample,2026-08-07,Pending Analysis,Bengaluru FSL,True
9927,3339,Hard Disk,2024-10-11,Collected,Mysuru FSL,False
9928,3339,USB Drive,2024-10-11,Collected,Mysuru FSL,False
9929,3339,CCTV Footage,2024-10-11,Rejected,Bengaluru FSL,False
9930,3340,Vehicle,2025-02-12,Verified,Mangaluru FSL,False
9931,3341,DNA Sample,2024-09-16,Rejected,Mysuru FSL,True
9932,3341,Mobile Phone,2024-09-16,Collected,Mysuru FSL,True
9933,3341,CCTV Footage,2024-09-16,Sent to FSL,Mangaluru FSL,True
9934,3341,Blood Sample,2024-09-16,Rejected,Mysuru FSL,True
9935,3341,Hard Disk,2024-09-16,Pending Analysis,Mysuru FSL,True
9936,3342,Document,2023-02-18,Verified,Mysuru FSL,False
9937,3343,Drug Sample,2024-11-07,Pending Analysis,Bengaluru FSL,False
9938,3343,Knife,2024-11-07,Rejected,Bengaluru FSL,False
9939,3343,Vehicle,2024-11-07,Pending Analysis,Mysuru FSL,True
9940,3343,SIM Card,2024-11-07,Verified,Mangaluru FSL,False
9941,3343,USB Drive,2024-11-07,Pending Analysis,Bengaluru FSL,True
9942,3344,Clothing,2022-12-21,Rejected,Mangaluru FSL,False
9943,3344,Hard Disk,2022-12-21,Collected,Mysuru FSL,True
9944,3344,Knife,2022-12-21,Rejected,Mysuru FSL,True
9945,3344,Drug Sample,2022-12-21,Pending Analysis,Mysuru FSL,False
9946,3345,DNA Sample,2022-08-24,Verified,Mysuru FSL,True
9947,3346,USB Drive,2025-04-27,Pending Analysis,Mangaluru FSL,True
9948,3347,Blood Sample,2022-12-18,Pending Analysis,Bengaluru FSL,True
9949,3347,Laptop,2022-12-18,Rejected,Bengaluru FSL,True
9950,3347,Vehicle,2022-12-18,Verified,Mangaluru FSL,False
9951,3347,Clothing,2022-12-18,Sent to FSL,Mysuru FSL,False
9952,3348,Firearm,2022-12-20,Pending Analysis,Mangaluru FSL,False
9953,3348,Vehicle,2022-12-20,Rejected,Bengaluru FSL,True
9954,3348,Drug Sample,2022-12-20,Sent to FSL,Mysuru FSL,False
9955,3348,Laptop,2022-12-20,Collected,Mangaluru FSL,True
9956,3348,DNA Sample,2022-12-20,Collected,Bengaluru FSL,True
9957,3349,CCTV Footage,2023-06-03,Pending Analysis,Mangaluru FSL,True
9958,3349,Hard Disk,2023-06-03,Pending Analysis,Mangaluru FSL,False
9959,3349,Laptop,2023-06-03,Rejected,Mysuru FSL,True
9960,3349,Vehicle,2023-06-03,Sent to FSL,Mysuru FSL,True
9961,3349,DNA Sample,2023-06-03,Sent to FSL,Bengaluru FSL,True
9962,3350,Document,2024-04-26,Collected,Mysuru FSL,False
9963,3350,Firearm,2024-04-26,Pending Analysis,Mysuru FSL,False
9964,3351,Laptop,2022-11-21,Sent to FSL,Mangaluru FSL,True
9965,3351,Knife,2022-11-21,Verified,Mysuru FSL,True
9966,3351,USB Drive,2022-11-21,Collected,Mysuru FSL,True
9967,3352,Laptop,2026-08-12,Rejected,Bengaluru FSL,False
9968,3353,Fingerprint,2025-05-03,Collected,Mangaluru FSL,False
9969,3353,Firearm,2025-05-03,Sent to FSL,Bengaluru FSL,True
9970,3353,SIM Card,2025-05-03,Collected,Mangaluru FSL,False
9971,3353,Knife,2025-05-03,Rejected,Mangaluru FSL,True
9972,3354,USB Drive,2022-01-04,Collected,Mangaluru FSL,False
9973,3354,Firearm,2022-01-04,Pending Analysis,Bengaluru FSL,True
9974,3355,Blood Sample,2023-04-08,Sent to FSL,Mysuru FSL,False
9975,3355,Laptop,2023-04-08,Rejected,Bengaluru FSL,False
9976,3355,Document,2023-04-08,Rejected,Mangaluru FSL,True
9977,3355,USB Drive,2023-04-08,Sent to FSL,Mysuru FSL,False
9978,3355,Mobile Phone,2023-04-08,Rejected,Mangaluru FSL,False
9979,3356,Firearm,2024-09-07,Rejected,Mangaluru FSL,True
9980,3356,Document,2024-09-07,Rejected,Mangaluru FSL,False
9981,3356,Clothing,2024-09-07,Rejected,Mysuru FSL,True
9982,3357,Hard Disk,2025-03-01,Rejected,Mysuru FSL,True
9983,3358,Vehicle,2025-10-27,Collected,Mangaluru FSL,True
9984,3359,Knife,2024-07-19,Rejected,Mangaluru FSL,False
9985,3359,Vehicle,2024-07-19,Pending Analysis,Mysuru FSL,False
9986,3359,Fingerprint,2024-07-19,Rejected,Bengaluru FSL,False
9987,3359,Blood Sample,2024-07-19,Rejected,Mysuru FSL,True
9988,3360,Document,2026-09-17,Collected,Bengaluru FSL,True
9989,3360,Clothing,2026-09-17,Pending Analysis,Mysuru FSL,False
9990,3360,Blood Sample,2026-09-17,Sent to FSL,Mysuru FSL,False
9991,3360,Drug Sample,2026-09-17,Collected,Bengaluru FSL,True
9992,3360,SIM Card,2026-09-17,Rejected,Bengaluru FSL,False
9993,3361,Blood Sample,2022-06-20,Sent to FSL,Mysuru FSL,True
9994,3361,CCTV Footage,2022-06-20,Collected,Mysuru FSL,False
9995,3361,Hard Disk,2022-06-20,Rejected,Bengaluru FSL,False
9996,3361,Clothing,2022-06-20,Sent to FSL,Bengaluru FSL,False
9997,3361,DNA Sample,2022-06-20,Sent to FSL,Mysuru FSL,True
9998,3362,Blood Sample,2026-07-13,Rejected,Mysuru FSL,False
9999,3362,Drug Sample,2026-07-13,Collected,Mysuru FSL,True
10000,3362,Knife,2026-07-13,Sent to FSL,Mysuru FSL,False
10001,3362,Hard Disk,2026-07-13,Pending Analysis,Mangaluru FSL,False
10002,3362,Clothing,2026-07-13,Collected,Mysuru FSL,True
10003,3363,CCTV Footage,2024-08-02,Rejected,Mysuru FSL,False
10004,3363,Knife,2024-08-02,Pending Analysis,Bengaluru FSL,True
10005,3363,Laptop,2024-08-02,Collected,Mangaluru FSL,True
10006,3363,Firearm,2024-08-02,Pending Analysis,Bengaluru FSL,False
10007,3363,Blood Sample,2024-08-02,Pending Analysis,Bengaluru FSL,False
10008,3364,SIM Card,2022-12-30,Pending Analysis,Mysuru FSL,False
10009,3365,DNA Sample,2026-01-08,Verified,Mangaluru FSL,False
10010,3365,Clothing,2026-01-08,Verified,Mangaluru FSL,True
10011,3365,SIM Card,2026-01-08,Verified,Mysuru FSL,False
10012,3365,Fingerprint,2026-01-08,Rejected,Bengaluru FSL,True
10013,3365,Mobile Phone,2026-01-08,Sent to FSL,Bengaluru FSL,True
10014,3366,Laptop,2025-10-05,Verified,Mysuru FSL,True
10015,3366,SIM Card,2025-10-05,Verified,Mangaluru FSL,True
10016,3366,Hard Disk,2025-10-05,Rejected,Mangaluru FSL,False
10017,3367,Document,2025-08-16,Collected,Bengaluru FSL,False
10018,3367,Clothing,2025-08-16,Rejected,Bengaluru FSL,True
10019,3367,Firearm,2025-08-16,Pending Analysis,Mangaluru FSL,True
10020,3367,Drug Sample,2025-08-16,Verified,Mysuru FSL,False
10021,3368,Mobile Phone,2025-07-21,Sent to FSL,Mysuru FSL,False
10022,3368,CCTV Footage,2025-07-21,Rejected,Bengaluru FSL,True
10023,3368,SIM Card,2025-07-21,Sent to FSL,Mysuru FSL,False
10024,3368,Document,2025-07-21,Pending Analysis,Mangaluru FSL,True
10025,3368,Fingerprint,2025-07-21,Sent to FSL,Mysuru FSL,False
10026,3369,DNA Sample,2026-03-26,Sent to FSL,Bengaluru FSL,False
10027,3369,Blood Sample,2026-03-26,Verified,Bengaluru FSL,False
10028,3369,Fingerprint,2026-03-26,Sent to FSL,Bengaluru FSL,True
10029,3369,CCTV Footage,2026-03-26,Collected,Mangaluru FSL,True
10030,3369,Knife,2026-03-26,Verified,Mysuru FSL,True
10031,3370,SIM Card,2026-07-01,Rejected,Mangaluru FSL,False
10032,3370,Fingerprint,2026-07-01,Sent to FSL,Mangaluru FSL,True
10033,3371,DNA Sample,2022-06-09,Rejected,Mysuru FSL,False
10034,3371,Firearm,2022-06-09,Sent to FSL,Mangaluru FSL,False
10035,3371,Drug Sample,2022-06-09,Rejected,Mysuru FSL,True
10036,3372,Document,2024-12-30,Pending Analysis,Mysuru FSL,False
10037,3372,Hard Disk,2024-12-30,Collected,Bengaluru FSL,True
10038,3372,SIM Card,2024-12-30,Pending Analysis,Mysuru FSL,False
10039,3373,Vehicle,2025-08-16,Sent to FSL,Mysuru FSL,True
10040,3373,DNA Sample,2025-08-16,Pending Analysis,Mangaluru FSL,True
10041,3373,USB Drive,2025-08-16,Collected,Bengaluru FSL,True
10042,3373,Firearm,2025-08-16,Rejected,Bengaluru FSL,False
10043,3373,Blood Sample,2025-08-16,Pending Analysis,Mangaluru FSL,True
10044,3374,Laptop,2026-09-05,Pending Analysis,Bengaluru FSL,True
10045,3374,USB Drive,2026-09-05,Sent to FSL,Mangaluru FSL,False
10046,3374,Document,2026-09-05,Verified,Mangaluru FSL,False
10047,3374,Drug Sample,2026-09-05,Rejected,Mangaluru FSL,False
10048,3375,Firearm,2025-01-01,Verified,Bengaluru FSL,True
10049,3375,Blood Sample,2025-01-01,Pending Analysis,Mysuru FSL,True
10050,3376,Hard Disk,2025-12-08,Pending Analysis,Mysuru FSL,False
10051,3377,SIM Card,2025-05-25,Verified,Mysuru FSL,True
10052,3378,Drug Sample,2023-12-18,Verified,Mysuru FSL,False
10053,3378,CCTV Footage,2023-12-18,Pending Analysis,Bengaluru FSL,True
10054,3379,Firearm,2024-06-01,Verified,Mysuru FSL,True
10055,3379,Mobile Phone,2024-06-01,Verified,Bengaluru FSL,False
10056,3379,Document,2024-06-01,Sent to FSL,Mysuru FSL,False
10057,3379,Vehicle,2024-06-01,Sent to FSL,Bengaluru FSL,False
10058,3380,USB Drive,2023-07-11,Verified,Mangaluru FSL,True
10059,3380,CCTV Footage,2023-07-11,Sent to FSL,Mysuru FSL,False
10060,3380,Hard Disk,2023-07-11,Pending Analysis,Mangaluru FSL,True
10061,3380,Knife,2023-07-11,Collected,Bengaluru FSL,True
10062,3380,DNA Sample,2023-07-11,Verified,Bengaluru FSL,False
10063,3381,Laptop,2025-03-08,Verified,Mangaluru FSL,False
10064,3381,Fingerprint,2025-03-08,Verified,Mangaluru FSL,False
10065,3381,Vehicle,2025-03-08,Sent to FSL,Mysuru FSL,True
10066,3381,CCTV Footage,2025-03-08,Rejected,Mysuru FSL,True
10067,3381,Knife,2025-03-08,Rejected,Mangaluru FSL,False
10068,3382,Drug Sample,2023-02-22,Verified,Mysuru FSL,True
10069,3382,Clothing,2023-02-22,Collected,Mysuru FSL,True
10070,3382,Fingerprint,2023-02-22,Collected,Mysuru FSL,False
10071,3383,Document,2023-03-15,Pending Analysis,Mysuru FSL,True
10072,3384,Fingerprint,2023-11-01,Rejected,Mangaluru FSL,True
10073,3385,Drug Sample,2026-09-26,Verified,Bengaluru FSL,True
10074,3385,SIM Card,2026-09-26,Sent to FSL,Mysuru FSL,False
10075,3385,CCTV Footage,2026-09-26,Collected,Bengaluru FSL,False
10076,3385,Blood Sample,2026-09-26,Rejected,Mysuru FSL,False
10077,3385,Mobile Phone,2026-09-26,Collected,Mysuru FSL,True
10078,3386,Hard Disk,2024-02-21,Sent to FSL,Mangaluru FSL,False
10079,3386,Mobile Phone,2024-02-21,Verified,Mangaluru FSL,True
10080,3387,Mobile Phone,2025-07-02,Collected,Bengaluru FSL,True
10081,3387,Clothing,2025-07-02,Collected,Mysuru FSL,True
10082,3388,Fingerprint,2023-08-19,Rejected,Bengaluru FSL,True
10083,3388,Laptop,2023-08-19,Collected,Mangaluru FSL,False
10084,3388,Vehicle,2023-08-19,Pending Analysis,Mysuru FSL,False
10085,3388,USB Drive,2023-08-19,Collected,Mangaluru FSL,False
10086,3389,Fingerprint,2022-08-27,Rejected,Mangaluru FSL,False
10087,3389,Knife,2022-08-27,Pending Analysis,Mysuru FSL,True
10088,3389,Vehicle,2022-08-27,Sent to FSL,Mysuru FSL,True
10089,3390,Hard Disk,2024-09-23,Collected,Bengaluru FSL,True
10090,3390,Mobile Phone,2024-09-23,Collected,Mangaluru FSL,False
10091,3390,USB Drive,2024-09-23,Verified,Mangaluru FSL,False
10092,3390,Drug Sample,2024-09-23,Verified,Mysuru FSL,False
10093,3390,CCTV Footage,2024-09-23,Verified,Mysuru FSL,False
10094,3391,Firearm,2023-06-02,Sent to FSL,Mysuru FSL,False
10095,3391,SIM Card,2023-06-02,Collected,Bengaluru FSL,True
10096,3392,CCTV Footage,2024-06-14,Sent to FSL,Mysuru FSL,False
10097,3392,SIM Card,2024-06-14,Verified,Bengaluru FSL,True
10098,3392,Blood Sample,2024-06-14,Rejected,Mangaluru FSL,False
10099,3392,Document,2024-06-14,Verified,Bengaluru FSL,True
10100,3392,Clothing,2024-06-14,Rejected,Mysuru FSL,True
10101,3393,Mobile Phone,2023-09-06,Sent to FSL,Bengaluru FSL,True
10102,3393,SIM Card,2023-09-06,Pending Analysis,Mangaluru FSL,True
10103,3393,USB Drive,2023-09-06,Sent to FSL,Mangaluru FSL,False
10104,3393,Knife,2023-09-06,Rejected,Mysuru FSL,True
10105,3393,Hard Disk,2023-09-06,Pending Analysis,Mysuru FSL,False
10106,3394,Blood Sample,2023-01-30,Pending Analysis,Mysuru FSL,True
10107,3394,Mobile Phone,2023-01-30,Pending Analysis,Mysuru FSL,True
10108,3394,Drug Sample,2023-01-30,Rejected,Mangaluru FSL,True
10109,3394,SIM Card,2023-01-30,Sent to FSL,Mysuru FSL,True
10110,3395,Clothing,2026-12-31,Sent to FSL,Mysuru FSL,False
10111,3395,Mobile Phone,2026-12-31,Verified,Mangaluru FSL,True
10112,3395,USB Drive,2026-12-31,Sent to FSL,Mangaluru FSL,True
10113,3396,Knife,2025-02-04,Rejected,Mangaluru FSL,True
10114,3396,DNA Sample,2025-02-04,Verified,Bengaluru FSL,True
10115,3397,Laptop,2024-02-01,Verified,Mysuru FSL,True
10116,3397,Drug Sample,2024-02-01,Rejected,Mangaluru FSL,True
10117,3398,Fingerprint,2024-08-25,Pending Analysis,Mangaluru FSL,False
10118,3398,DNA Sample,2024-08-25,Rejected,Mangaluru FSL,False
10119,3398,USB Drive,2024-08-25,Pending Analysis,Mysuru FSL,False
10120,3398,Firearm,2024-08-25,Verified,Mangaluru FSL,True
10121,3399,DNA Sample,2022-01-17,Rejected,Bengaluru FSL,False
10122,3400,Laptop,2022-03-13,Sent to FSL,Mangaluru FSL,False
10123,3400,Fingerprint,2022-03-13,Sent to FSL,Bengaluru FSL,False
10124,3400,Document,2022-03-13,Rejected,Mysuru FSL,False
10125,3400,Hard Disk,2022-03-13,Sent to FSL,Mysuru FSL,False
10126,3401,Mobile Phone,2022-04-29,Verified,Mysuru FSL,True
10127,3401,CCTV Footage,2022-04-29,Pending Analysis,Mangaluru FSL,False
10128,3401,Laptop,2022-04-29,Collected,Bengaluru FSL,True
10129,3401,USB Drive,2022-04-29,Pending Analysis,Mysuru FSL,False
10130,3402,Laptop,2023-02-06,Pending Analysis,Mysuru FSL,False
10131,3402,Clothing,2023-02-06,Rejected,Mangaluru FSL,False
10132,3403,Knife,2026-07-16,Rejected,Bengaluru FSL,True
10133,3404,Laptop,2025-10-31,Collected,Bengaluru FSL,False
10134,3404,Mobile Phone,2025-10-31,Verified,Bengaluru FSL,False
10135,3404,DNA Sample,2025-10-31,Collected,Mysuru FSL,True
10136,3404,Document,2025-10-31,Rejected,Bengaluru FSL,True
10137,3404,Knife,2025-10-31,Sent to FSL,Mangaluru FSL,False
10138,3405,Mobile Phone,2026-03-28,Pending Analysis,Bengaluru FSL,True
10139,3405,Vehicle,2026-03-28,Pending Analysis,Bengaluru FSL,True
10140,3406,Laptop,2023-08-18,Rejected,Mysuru FSL,True
10141,3406,USB Drive,2023-08-18,Rejected,Mysuru FSL,True
10142,3406,Clothing,2023-08-18,Collected,Bengaluru FSL,False
10143,3407,DNA Sample,2024-06-17,Collected,Bengaluru FSL,False
10144,3407,Vehicle,2024-06-17,Sent to FSL,Mysuru FSL,False
10145,3407,Mobile Phone,2024-06-17,Verified,Mysuru FSL,True
10146,3407,Clothing,2024-06-17,Rejected,Mysuru FSL,True
10147,3407,Hard Disk,2024-06-17,Rejected,Bengaluru FSL,True
10148,3408,USB Drive,2025-06-29,Collected,Mysuru FSL,False
10149,3409,Laptop,2022-10-02,Pending Analysis,Mysuru FSL,False
10150,3409,CCTV Footage,2022-10-02,Collected,Bengaluru FSL,False
10151,3409,USB Drive,2022-10-02,Pending Analysis,Mangaluru FSL,False
10152,3409,Document,2022-10-02,Collected,Bengaluru FSL,True
10153,3409,DNA Sample,2022-10-02,Pending Analysis,Mysuru FSL,False
10154,3410,DNA Sample,2026-09-17,Rejected,Mysuru FSL,True
10155,3410,USB Drive,2026-09-17,Verified,Mangaluru FSL,True
10156,3410,Vehicle,2026-09-17,Collected,Bengaluru FSL,True
10157,3410,CCTV Footage,2026-09-17,Collected,Mysuru FSL,True
10158,3410,Fingerprint,2026-09-17,Rejected,Bengaluru FSL,False
10159,3411,USB Drive,2022-04-12,Collected,Mangaluru FSL,False
10160,3412,Hard Disk,2022-05-21,Sent to FSL,Mysuru FSL,False
10161,3413,Document,2022-12-14,Rejected,Mysuru FSL,False
10162,3413,Vehicle,2022-12-14,Pending Analysis,Mysuru FSL,True
10163,3414,Laptop,2024-07-16,Sent to FSL,Mysuru FSL,False
10164,3414,Clothing,2024-07-16,Pending Analysis,Mysuru FSL,True
10165,3414,Document,2024-07-16,Collected,Bengaluru FSL,True
10166,3415,Drug Sample,2023-11-02,Pending Analysis,Bengaluru FSL,False
10167,3415,Mobile Phone,2023-11-02,Rejected,Mangaluru FSL,True
10168,3416,Laptop,2026-04-22,Collected,Mangaluru FSL,False
10169,3416,DNA Sample,2026-04-22,Collected,Mangaluru FSL,False
10170,3417,DNA Sample,2022-04-12,Verified,Mangaluru FSL,False
10171,3417,Clothing,2022-04-12,Collected,Mangaluru FSL,True
10172,3417,Drug Sample,2022-04-12,Sent to FSL,Mangaluru FSL,False
10173,3417,SIM Card,2022-04-12,Rejected,Mangaluru FSL,True
10174,3418,Clothing,2023-04-06,Verified,Mangaluru FSL,False
10175,3418,Mobile Phone,2023-04-06,Verified,Bengaluru FSL,True
10176,3418,Document,2023-04-06,Rejected,Bengaluru FSL,False
10177,3418,Drug Sample,2023-04-06,Sent to FSL,Bengaluru FSL,True
10178,3418,Firearm,2023-04-06,Rejected,Bengaluru FSL,False
10179,3419,Fingerprint,2022-09-15,Rejected,Mysuru FSL,False
10180,3419,Mobile Phone,2022-09-15,Pending Analysis,Mangaluru FSL,False
10181,3420,Firearm,2026-02-15,Verified,Bengaluru FSL,False
10182,3420,Drug Sample,2026-02-15,Collected,Mysuru FSL,False
10183,3420,Vehicle,2026-02-15,Sent to FSL,Mysuru FSL,True
10184,3420,CCTV Footage,2026-02-15,Pending Analysis,Mangaluru FSL,False
10185,3421,Vehicle,2026-12-18,Collected,Mysuru FSL,True
10186,3422,Laptop,2023-12-04,Rejected,Bengaluru FSL,False
10187,3422,USB Drive,2023-12-04,Collected,Mysuru FSL,False
10188,3423,Vehicle,2023-10-09,Verified,Mysuru FSL,True
10189,3423,Hard Disk,2023-10-09,Sent to FSL,Mangaluru FSL,True
10190,3423,Firearm,2023-10-09,Pending Analysis,Mangaluru FSL,True
10191,3423,Fingerprint,2023-10-09,Verified,Mysuru FSL,True
10192,3423,USB Drive,2023-10-09,Rejected,Bengaluru FSL,True
10193,3424,USB Drive,2025-01-01,Verified,Mysuru FSL,False
10194,3424,Fingerprint,2025-01-01,Verified,Mangaluru FSL,True
10195,3424,Document,2025-01-01,Sent to FSL,Bengaluru FSL,False
10196,3424,Mobile Phone,2025-01-01,Rejected,Bengaluru FSL,True
10197,3424,Laptop,2025-01-01,Verified,Mangaluru FSL,False
10198,3425,Vehicle,2022-12-01,Verified,Bengaluru FSL,True
10199,3425,USB Drive,2022-12-01,Collected,Mangaluru FSL,True
10200,3425,Clothing,2022-12-01,Verified,Mangaluru FSL,True
10201,3425,DNA Sample,2022-12-01,Verified,Mangaluru FSL,False
10202,3426,SIM Card,2024-10-11,Verified,Mysuru FSL,False
10203,3426,Hard Disk,2024-10-11,Sent to FSL,Bengaluru FSL,False
10204,3427,Vehicle,2024-09-04,Pending Analysis,Mysuru FSL,True
10205,3427,Blood Sample,2024-09-04,Collected,Bengaluru FSL,True
10206,3428,Firearm,2024-06-07,Sent to FSL,Mysuru FSL,False
10207,3428,Knife,2024-06-07,Pending Analysis,Mysuru FSL,True
10208,3429,DNA Sample,2023-09-18,Verified,Mysuru FSL,False
10209,3429,CCTV Footage,2023-09-18,Sent to FSL,Mangaluru FSL,True
10210,3430,Hard Disk,2023-12-24,Sent to FSL,Bengaluru FSL,True
10211,3430,Firearm,2023-12-24,Sent to FSL,Bengaluru FSL,True
10212,3430,Laptop,2023-12-24,Sent to FSL,Mysuru FSL,False
10213,3430,DNA Sample,2023-12-24,Pending Analysis,Mysuru FSL,False
10214,3430,Blood Sample,2023-12-24,Collected,Mysuru FSL,True
10215,3431,Firearm,2024-02-07,Verified,Bengaluru FSL,True
10216,3431,Document,2024-02-07,Collected,Mangaluru FSL,False
10217,3432,Fingerprint,2022-04-25,Sent to FSL,Bengaluru FSL,False
10218,3432,Firearm,2022-04-25,Pending Analysis,Mysuru FSL,False
10219,3433,SIM Card,2026-12-24,Rejected,Mangaluru FSL,True
10220,3433,Knife,2026-12-24,Collected,Bengaluru FSL,False
10221,3433,DNA Sample,2026-12-24,Verified,Bengaluru FSL,False
10222,3433,Fingerprint,2026-12-24,Rejected,Bengaluru FSL,False
10223,3433,Drug Sample,2026-12-24,Sent to FSL,Bengaluru FSL,False
10224,3434,Hard Disk,2026-07-02,Verified,Mysuru FSL,False
10225,3434,Fingerprint,2026-07-02,Pending Analysis,Mangaluru FSL,True
10226,3434,USB Drive,2026-07-02,Pending Analysis,Bengaluru FSL,False
10227,3434,Document,2026-07-02,Rejected,Bengaluru FSL,True
10228,3435,DNA Sample,2025-09-19,Verified,Mangaluru FSL,True
10229,3435,Knife,2025-09-19,Rejected,Mysuru FSL,True
10230,3436,Knife,2023-06-28,Pending Analysis,Mysuru FSL,False
10231,3436,Hard Disk,2023-06-28,Pending Analysis,Mysuru FSL,True
10232,3436,Clothing,2023-06-28,Pending Analysis,Mangaluru FSL,True
10233,3436,CCTV Footage,2023-06-28,Verified,Mangaluru FSL,True
10234,3437,Blood Sample,2025-07-18,Sent to FSL,Mysuru FSL,False
10235,3437,SIM Card,2025-07-18,Pending Analysis,Mangaluru FSL,False
10236,3437,Clothing,2025-07-18,Collected,Mangaluru FSL,True
10237,3438,Fingerprint,2024-05-24,Sent to FSL,Bengaluru FSL,False
10238,3438,Mobile Phone,2024-05-24,Collected,Mangaluru FSL,False
10239,3438,Hard Disk,2024-05-24,Sent to FSL,Bengaluru FSL,True
10240,3438,SIM Card,2024-05-24,Collected,Mangaluru FSL,False
10241,3438,Clothing,2024-05-24,Rejected,Mangaluru FSL,False
10242,3439,Knife,2024-09-09,Rejected,Mangaluru FSL,False
10243,3439,SIM Card,2024-09-09,Collected,Bengaluru FSL,False
10244,3440,SIM Card,2026-03-16,Collected,Mangaluru FSL,True
10245,3440,USB Drive,2026-03-16,Sent to FSL,Mysuru FSL,True
10246,3440,Drug Sample,2026-03-16,Rejected,Mangaluru FSL,True
10247,3440,DNA Sample,2026-03-16,Verified,Bengaluru FSL,False
10248,3441,Hard Disk,2022-05-26,Rejected,Bengaluru FSL,True
10249,3441,Clothing,2022-05-26,Verified,Mangaluru FSL,True
10250,3441,Fingerprint,2022-05-26,Rejected,Mysuru FSL,True
10251,3441,Vehicle,2022-05-26,Sent to FSL,Bengaluru FSL,False
10252,3442,USB Drive,2022-02-01,Pending Analysis,Mangaluru FSL,False
10253,3442,DNA Sample,2022-02-01,Verified,Bengaluru FSL,True
10254,3443,USB Drive,2026-09-28,Collected,Mysuru FSL,True
10255,3443,Document,2026-09-28,Sent to FSL,Mysuru FSL,False
10256,3444,Document,2023-04-27,Sent to FSL,Bengaluru FSL,False
10257,3444,Knife,2023-04-27,Verified,Bengaluru FSL,False
10258,3444,Laptop,2023-04-27,Sent to FSL,Mangaluru FSL,False
10259,3445,Firearm,2022-01-18,Collected,Mysuru FSL,True
10260,3445,Document,2022-01-18,Pending Analysis,Mysuru FSL,True
10261,3445,CCTV Footage,2022-01-18,Sent to FSL,Mangaluru FSL,True
10262,3445,Clothing,2022-01-18,Pending Analysis,Bengaluru FSL,True
10263,3445,Vehicle,2022-01-18,Verified,Bengaluru FSL,True
10264,3446,DNA Sample,2023-06-20,Pending Analysis,Mangaluru FSL,False
10265,3447,CCTV Footage,2024-02-27,Pending Analysis,Mysuru FSL,False
10266,3447,SIM Card,2024-02-27,Pending Analysis,Bengaluru FSL,False
10267,3447,Firearm,2024-02-27,Collected,Bengaluru FSL,True
10268,3448,USB Drive,2026-02-18,Verified,Mangaluru FSL,False
10269,3449,Laptop,2022-06-12,Rejected,Mysuru FSL,False
10270,3449,Document,2022-06-12,Sent to FSL,Bengaluru FSL,True
10271,3449,Vehicle,2022-06-12,Rejected,Bengaluru FSL,True
10272,3449,Firearm,2022-06-12,Pending Analysis,Bengaluru FSL,True
10273,3450,Hard Disk,2025-06-15,Verified,Mysuru FSL,True
10274,3450,Fingerprint,2025-06-15,Pending Analysis,Mangaluru FSL,True
10275,3451,CCTV Footage,2026-04-25,Pending Analysis,Bengaluru FSL,False
10276,3451,Drug Sample,2026-04-25,Pending Analysis,Bengaluru FSL,True
10277,3452,DNA Sample,2025-11-21,Collected,Bengaluru FSL,True
10278,3452,CCTV Footage,2025-11-21,Pending Analysis,Mangaluru FSL,True
10279,3452,Drug Sample,2025-11-21,Verified,Bengaluru FSL,True
10280,3452,Clothing,2025-11-21,Sent to FSL,Mangaluru FSL,False
10281,3453,CCTV Footage,2024-11-29,Sent to FSL,Mangaluru FSL,True
10282,3453,Laptop,2024-11-29,Collected,Bengaluru FSL,True
10283,3453,Mobile Phone,2024-11-29,Sent to FSL,Mangaluru FSL,True
10284,3453,Knife,2024-11-29,Verified,Bengaluru FSL,True
10285,3454,Laptop,2024-09-07,Pending Analysis,Mysuru FSL,True
10286,3454,USB Drive,2024-09-07,Collected,Mangaluru FSL,False
10287,3454,Vehicle,2024-09-07,Verified,Bengaluru FSL,False
10288,3455,Knife,2023-07-01,Collected,Bengaluru FSL,False
10289,3455,Drug Sample,2023-07-01,Pending Analysis,Bengaluru FSL,True
10290,3455,USB Drive,2023-07-01,Verified,Mangaluru FSL,True
10291,3456,Blood Sample,2026-12-03,Sent to FSL,Mangaluru FSL,False
10292,3456,Knife,2026-12-03,Collected,Mysuru FSL,True
10293,3457,USB Drive,2025-10-16,Collected,Mangaluru FSL,True
10294,3457,Fingerprint,2025-10-16,Verified,Mysuru FSL,True
10295,3457,CCTV Footage,2025-10-16,Verified,Mangaluru FSL,True
10296,3457,Vehicle,2025-10-16,Collected,Mangaluru FSL,True
10297,3458,Blood Sample,2024-11-03,Rejected,Mysuru FSL,False
10298,3459,Document,2022-01-17,Rejected,Mysuru FSL,True
10299,3459,Laptop,2022-01-17,Rejected,Mysuru FSL,False
10300,3460,Mobile Phone,2024-03-05,Pending Analysis,Bengaluru FSL,True
10301,3460,Document,2024-03-05,Sent to FSL,Mysuru FSL,False
10302,3460,CCTV Footage,2024-03-05,Sent to FSL,Mangaluru FSL,False
10303,3461,Vehicle,2025-07-24,Pending Analysis,Mangaluru FSL,False
10304,3461,Drug Sample,2025-07-24,Sent to FSL,Bengaluru FSL,True
10305,3461,Knife,2025-07-24,Verified,Mysuru FSL,True
10306,3462,DNA Sample,2023-03-14,Rejected,Mangaluru FSL,False
10307,3462,SIM Card,2023-03-14,Rejected,Bengaluru FSL,True
10308,3462,Mobile Phone,2023-03-14,Rejected,Mangaluru FSL,True
10309,3463,CCTV Footage,2025-12-02,Collected,Mangaluru FSL,False
10310,3463,Hard Disk,2025-12-02,Rejected,Mangaluru FSL,True
10311,3463,Firearm,2025-12-02,Collected,Bengaluru FSL,True
10312,3463,USB Drive,2025-12-02,Sent to FSL,Mysuru FSL,False
10313,3464,Fingerprint,2023-03-31,Rejected,Mangaluru FSL,True
10314,3464,Laptop,2023-03-31,Pending Analysis,Mangaluru FSL,True
10315,3464,Document,2023-03-31,Verified,Mysuru FSL,False
10316,3464,SIM Card,2023-03-31,Sent to FSL,Mysuru FSL,True
10317,3464,Clothing,2023-03-31,Collected,Mysuru FSL,True
10318,3465,Fingerprint,2022-06-19,Rejected,Bengaluru FSL,True
10319,3465,Hard Disk,2022-06-19,Sent to FSL,Mangaluru FSL,True
10320,3465,Knife,2022-06-19,Sent to FSL,Mangaluru FSL,True
10321,3465,Clothing,2022-06-19,Collected,Mangaluru FSL,False
10322,3465,USB Drive,2022-06-19,Pending Analysis,Bengaluru FSL,False
10323,3466,DNA Sample,2024-12-17,Pending Analysis,Bengaluru FSL,True
10324,3467,USB Drive,2022-06-02,Sent to FSL,Mysuru FSL,True
10325,3467,Document,2022-06-02,Sent to FSL,Mangaluru FSL,True
10326,3467,Laptop,2022-06-02,Verified,Mangaluru FSL,True
10327,3467,SIM Card,2022-06-02,Collected,Bengaluru FSL,True
10328,3468,Document,2022-08-06,Verified,Mysuru FSL,False
10329,3468,Hard Disk,2022-08-06,Verified,Mangaluru FSL,True
10330,3468,Clothing,2022-08-06,Rejected,Mysuru FSL,False
10331,3468,Knife,2022-08-06,Rejected,Mysuru FSL,False
10332,3468,Firearm,2022-08-06,Verified,Bengaluru FSL,True
10333,3469,Fingerprint,2026-05-31,Verified,Bengaluru FSL,True
10334,3470,SIM Card,2026-05-17,Collected,Mangaluru FSL,False
10335,3470,Knife,2026-05-17,Verified,Bengaluru FSL,True
10336,3470,Vehicle,2026-05-17,Pending Analysis,Mangaluru FSL,False
10337,3470,Firearm,2026-05-17,Pending Analysis,Bengaluru FSL,False
10338,3470,Blood Sample,2026-05-17,Pending Analysis,Mysuru FSL,True
10339,3471,Mobile Phone,2025-02-22,Rejected,Bengaluru FSL,False
10340,3471,Fingerprint,2025-02-22,Verified,Bengaluru FSL,True
10341,3472,Drug Sample,2026-11-08,Pending Analysis,Mysuru FSL,False
10342,3473,Blood Sample,2024-10-13,Collected,Bengaluru FSL,False
10343,3473,Laptop,2024-10-13,Pending Analysis,Mysuru FSL,False
10344,3474,CCTV Footage,2026-05-27,Rejected,Mysuru FSL,False
10345,3474,Knife,2026-05-27,Collected,Bengaluru FSL,True
10346,3475,Fingerprint,2024-12-08,Collected,Bengaluru FSL,True
10347,3476,Blood Sample,2023-09-19,Pending Analysis,Mangaluru FSL,True
10348,3476,Laptop,2023-09-19,Verified,Bengaluru FSL,False
10349,3477,Knife,2025-09-27,Collected,Mysuru FSL,False
10350,3477,Vehicle,2025-09-27,Pending Analysis,Mangaluru FSL,False
10351,3477,USB Drive,2025-09-27,Sent to FSL,Mangaluru FSL,True
10352,3477,Mobile Phone,2025-09-27,Collected,Mangaluru FSL,False
10353,3478,Blood Sample,2025-04-12,Verified,Bengaluru FSL,True
10354,3479,Vehicle,2025-02-10,Rejected,Mysuru FSL,True
10355,3479,Drug Sample,2025-02-10,Sent to FSL,Mangaluru FSL,False
10356,3479,Hard Disk,2025-02-10,Sent to FSL,Mysuru FSL,False
10357,3479,Document,2025-02-10,Rejected,Bengaluru FSL,False
10358,3479,Laptop,2025-02-10,Sent to FSL,Mangaluru FSL,True
10359,3480,Drug Sample,2025-05-16,Rejected,Bengaluru FSL,False
10360,3481,Blood Sample,2026-02-04,Collected,Bengaluru FSL,False
10361,3481,Hard Disk,2026-02-04,Rejected,Bengaluru FSL,True
10362,3482,Document,2026-09-29,Collected,Mysuru FSL,True
10363,3483,DNA Sample,2025-12-10,Rejected,Bengaluru FSL,True
10364,3483,Firearm,2025-12-10,Pending Analysis,Mangaluru FSL,False
10365,3484,Knife,2022-08-12,Sent to FSL,Mangaluru FSL,True
10366,3485,Knife,2025-10-27,Collected,Mysuru FSL,False
10367,3485,Mobile Phone,2025-10-27,Pending Analysis,Bengaluru FSL,True
10368,3485,Vehicle,2025-10-27,Pending Analysis,Bengaluru FSL,True
10369,3485,Laptop,2025-10-27,Rejected,Mysuru FSL,False
10370,3485,Firearm,2025-10-27,Pending Analysis,Bengaluru FSL,False
10371,3486,Firearm,2023-05-09,Sent to FSL,Mangaluru FSL,False
10372,3486,DNA Sample,2023-05-09,Rejected,Bengaluru FSL,False
10373,3487,Laptop,2026-03-05,Collected,Mysuru FSL,False
10374,3487,Vehicle,2026-03-05,Rejected,Mangaluru FSL,True
10375,3487,Document,2026-03-05,Pending Analysis,Mysuru FSL,False
10376,3487,Knife,2026-03-05,Verified,Mysuru FSL,True
10377,3487,SIM Card,2026-03-05,Verified,Mysuru FSL,False
10378,3488,SIM Card,2022-09-17,Pending Analysis,Bengaluru FSL,False
10379,3488,Document,2022-09-17,Verified,Bengaluru FSL,False
10380,3488,CCTV Footage,2022-09-17,Rejected,Mangaluru FSL,True
10381,3489,Drug Sample,2026-11-06,Pending Analysis,Mysuru FSL,False
10382,3489,Laptop,2026-11-06,Sent to FSL,Bengaluru FSL,True
10383,3489,Knife,2026-11-06,Pending Analysis,Mysuru FSL,True
10384,3490,DNA Sample,2024-07-01,Sent to FSL,Mangaluru FSL,False
10385,3490,Fingerprint,2024-07-01,Collected,Bengaluru FSL,False
10386,3490,Clothing,2024-07-01,Sent to FSL,Mangaluru FSL,False
10387,3491,Mobile Phone,2024-12-03,Collected,Mysuru FSL,False
10388,3492,Document,2024-03-13,Pending Analysis,Bengaluru FSL,True
10389,3492,DNA Sample,2024-03-13,Pending Analysis,Mysuru FSL,True
10390,3492,Fingerprint,2024-03-13,Pending Analysis,Mangaluru FSL,True
10391,3493,Vehicle,2025-02-25,Collected,Mangaluru FSL,True
10392,3493,Knife,2025-02-25,Rejected,Mysuru FSL,True
10393,3493,Hard Disk,2025-02-25,Sent to FSL,Mysuru FSL,True
10394,3493,Drug Sample,2025-02-25,Pending Analysis,Mysuru FSL,True
10395,3493,CCTV Footage,2025-02-25,Sent to FSL,Mysuru FSL,True
10396,3494,USB Drive,2023-10-03,Rejected,Mysuru FSL,True
10397,3494,CCTV Footage,2023-10-03,Pending Analysis,Bengaluru FSL,True
10398,3494,Clothing,2023-10-03,Collected,Mangaluru FSL,True
10399,3494,Fingerprint,2023-10-03,Sent to FSL,Mysuru FSL,True
10400,3494,Vehicle,2023-10-03,Verified,Mysuru FSL,False
10401,3495,Fingerprint,2023-09-18,Pending Analysis,Mysuru FSL,False
10402,3495,SIM Card,2023-09-18,Verified,Mysuru FSL,False
10403,3496,DNA Sample,2025-08-03,Pending Analysis,Bengaluru FSL,True
10404,3496,USB Drive,2025-08-03,Collected,Mangaluru FSL,False
10405,3496,CCTV Footage,2025-08-03,Rejected,Mysuru FSL,False
10406,3496,Mobile Phone,2025-08-03,Pending Analysis,Mangaluru FSL,True
10407,3497,Knife,2023-08-01,Verified,Bengaluru FSL,True
10408,3497,SIM Card,2023-08-01,Collected,Mysuru FSL,True
10409,3498,USB Drive,2025-01-31,Pending Analysis,Mangaluru FSL,False
10410,3498,Blood Sample,2025-01-31,Sent to FSL,Mangaluru FSL,False
10411,3498,Clothing,2025-01-31,Rejected,Mangaluru FSL,False
10412,3498,CCTV Footage,2025-01-31,Pending Analysis,Bengaluru FSL,False
10413,3498,DNA Sample,2025-01-31,Rejected,Bengaluru FSL,False
10414,3499,CCTV Footage,2025-02-18,Sent to FSL,Bengaluru FSL,False
10415,3499,Vehicle,2025-02-18,Pending Analysis,Mysuru FSL,False
10416,3500,Firearm,2026-11-05,Pending Analysis,Bengaluru FSL,True
10417,3500,Hard Disk,2026-11-05,Collected,Bengaluru FSL,True
10418,3500,Knife,2026-11-05,Sent to FSL,Mysuru FSL,False
10419,3500,Vehicle,2026-11-05,Sent to FSL,Mangaluru FSL,False
10420,3501,Laptop,2022-02-22,Pending Analysis,Mysuru FSL,True
10421,3502,CCTV Footage,2023-11-18,Verified,Mysuru FSL,False
10422,3502,Laptop,2023-11-18,Collected,Bengaluru FSL,False
10423,3502,Clothing,2023-11-18,Collected,Mysuru FSL,False
10424,3502,Hard Disk,2023-11-18,Collected,Bengaluru FSL,False
10425,3503,Vehicle,2023-07-07,Pending Analysis,Mangaluru FSL,True
10426,3503,Document,2023-07-07,Pending Analysis,Mangaluru FSL,False
10427,3503,Clothing,2023-07-07,Verified,Bengaluru FSL,False
10428,3503,Knife,2023-07-07,Verified,Mangaluru FSL,True
10429,3503,Fingerprint,2023-07-07,Rejected,Bengaluru FSL,False
10430,3504,SIM Card,2023-12-05,Sent to FSL,Bengaluru FSL,False
10431,3504,Vehicle,2023-12-05,Collected,Mysuru FSL,True
10432,3504,Hard Disk,2023-12-05,Rejected,Bengaluru FSL,False
10433,3504,Mobile Phone,2023-12-05,Verified,Bengaluru FSL,False
10434,3504,Clothing,2023-12-05,Pending Analysis,Mysuru FSL,True
10435,3505,Knife,2024-06-16,Rejected,Mysuru FSL,False
10436,3505,Vehicle,2024-06-16,Sent to FSL,Mysuru FSL,True
10437,3505,DNA Sample,2024-06-16,Sent to FSL,Bengaluru FSL,True
10438,3506,Firearm,2025-10-10,Collected,Bengaluru FSL,False
10439,3506,Clothing,2025-10-10,Collected,Mysuru FSL,False
10440,3506,Blood Sample,2025-10-10,Verified,Bengaluru FSL,True
10441,3506,Hard Disk,2025-10-10,Rejected,Mangaluru FSL,True
10442,3506,Drug Sample,2025-10-10,Rejected,Bengaluru FSL,True
10443,3507,Laptop,2024-02-03,Rejected,Mysuru FSL,False
10444,3507,Firearm,2024-02-03,Rejected,Mysuru FSL,False
10445,3507,USB Drive,2024-02-03,Rejected,Mangaluru FSL,True
10446,3508,Mobile Phone,2023-03-11,Verified,Mysuru FSL,False
10447,3508,CCTV Footage,2023-03-11,Rejected,Mangaluru FSL,True
10448,3508,Hard Disk,2023-03-11,Pending Analysis,Mysuru FSL,True
10449,3509,SIM Card,2026-08-19,Sent to FSL,Mysuru FSL,False
10450,3509,Clothing,2026-08-19,Pending Analysis,Mysuru FSL,True
10451,3509,Hard Disk,2026-08-19,Verified,Mangaluru FSL,True
10452,3510,Fingerprint,2022-12-21,Rejected,Bengaluru FSL,True
10453,3510,DNA Sample,2022-12-21,Pending Analysis,Mangaluru FSL,False
10454,3510,Hard Disk,2022-12-21,Pending Analysis,Bengaluru FSL,True
10455,3511,Knife,2026-11-27,Rejected,Mysuru FSL,True
10456,3511,Hard Disk,2026-11-27,Collected,Bengaluru FSL,False
10457,3511,USB Drive,2026-11-27,Verified,Mangaluru FSL,False
10458,3512,Knife,2023-09-04,Pending Analysis,Mangaluru FSL,False
10459,3512,Blood Sample,2023-09-04,Pending Analysis,Bengaluru FSL,False
10460,3512,CCTV Footage,2023-09-04,Verified,Bengaluru FSL,False
10461,3512,USB Drive,2023-09-04,Verified,Mysuru FSL,True
10462,3512,Vehicle,2023-09-04,Collected,Mangaluru FSL,True
10463,3513,USB Drive,2023-06-15,Collected,Mysuru FSL,False
10464,3513,SIM Card,2023-06-15,Rejected,Mysuru FSL,True
10465,3514,Laptop,2025-02-26,Pending Analysis,Mangaluru FSL,True
10466,3514,Hard Disk,2025-02-26,Verified,Mysuru FSL,True
10467,3514,USB Drive,2025-02-26,Sent to FSL,Bengaluru FSL,True
10468,3515,Blood Sample,2023-01-16,Rejected,Bengaluru FSL,True
10469,3515,Mobile Phone,2023-01-16,Pending Analysis,Mysuru FSL,True
10470,3515,Firearm,2023-01-16,Collected,Mangaluru FSL,False
10471,3516,Clothing,2024-10-04,Pending Analysis,Mysuru FSL,True
10472,3516,Drug Sample,2024-10-04,Sent to FSL,Mysuru FSL,False
10473,3516,USB Drive,2024-10-04,Verified,Mysuru FSL,True
10474,3516,Blood Sample,2024-10-04,Verified,Bengaluru FSL,True
10475,3517,Clothing,2022-02-07,Rejected,Mangaluru FSL,True
10476,3517,Firearm,2022-02-07,Pending Analysis,Mysuru FSL,False
10477,3517,Vehicle,2022-02-07,Sent to FSL,Mysuru FSL,True
10478,3517,USB Drive,2022-02-07,Collected,Mangaluru FSL,True
10479,3517,Drug Sample,2022-02-07,Collected,Bengaluru FSL,False
10480,3518,Laptop,2026-01-21,Pending Analysis,Bengaluru FSL,True
10481,3519,USB Drive,2023-03-17,Verified,Mangaluru FSL,False
10482,3519,Hard Disk,2023-03-17,Pending Analysis,Mangaluru FSL,True
10483,3519,DNA Sample,2023-03-17,Sent to FSL,Mysuru FSL,True
10484,3519,Laptop,2023-03-17,Sent to FSL,Mysuru FSL,False
10485,3519,Vehicle,2023-03-17,Rejected,Bengaluru FSL,False
10486,3520,Fingerprint,2024-12-24,Sent to FSL,Mangaluru FSL,True
10487,3520,Clothing,2024-12-24,Collected,Bengaluru FSL,True
10488,3521,Blood Sample,2024-09-05,Rejected,Mangaluru FSL,False
10489,3521,USB Drive,2024-09-05,Sent to FSL,Bengaluru FSL,False
10490,3521,Fingerprint,2024-09-05,Verified,Mysuru FSL,False
10491,3521,CCTV Footage,2024-09-05,Sent to FSL,Mangaluru FSL,False
10492,3521,Drug Sample,2024-09-05,Pending Analysis,Mangaluru FSL,True
10493,3522,USB Drive,2026-10-16,Sent to FSL,Bengaluru FSL,True
10494,3522,Clothing,2026-10-16,Pending Analysis,Mangaluru FSL,True
10495,3522,Vehicle,2026-10-16,Sent to FSL,Mangaluru FSL,False
10496,3522,Mobile Phone,2026-10-16,Sent to FSL,Bengaluru FSL,False
10497,3523,Mobile Phone,2026-02-06,Rejected,Mysuru FSL,False
10498,3524,SIM Card,2026-03-10,Verified,Bengaluru FSL,True
10499,3524,Drug Sample,2026-03-10,Sent to FSL,Mangaluru FSL,True
10500,3525,Clothing,2022-12-21,Verified,Bengaluru FSL,True
10501,3525,Firearm,2022-12-21,Pending Analysis,Bengaluru FSL,True
10502,3525,Blood Sample,2022-12-21,Sent to FSL,Bengaluru FSL,False
10503,3525,Knife,2022-12-21,Rejected,Mangaluru FSL,True
10504,3525,SIM Card,2022-12-21,Pending Analysis,Mysuru FSL,True
10505,3526,Firearm,2023-07-19,Pending Analysis,Bengaluru FSL,True
10506,3527,Vehicle,2023-08-21,Rejected,Mysuru FSL,True
10507,3528,SIM Card,2023-11-10,Collected,Bengaluru FSL,False
10508,3528,USB Drive,2023-11-10,Sent to FSL,Bengaluru FSL,False
10509,3529,Blood Sample,2023-11-21,Sent to FSL,Mysuru FSL,False
10510,3529,Fingerprint,2023-11-21,Sent to FSL,Mangaluru FSL,False
10511,3529,CCTV Footage,2023-11-21,Sent to FSL,Bengaluru FSL,False
10512,3529,SIM Card,2023-11-21,Collected,Bengaluru FSL,False
10513,3530,Laptop,2026-09-11,Verified,Mangaluru FSL,True
10514,3530,Mobile Phone,2026-09-11,Sent to FSL,Mysuru FSL,True
10515,3530,Fingerprint,2026-09-11,Rejected,Bengaluru FSL,False
10516,3530,Knife,2026-09-11,Collected,Bengaluru FSL,False
10517,3531,Firearm,2023-11-22,Pending Analysis,Bengaluru FSL,True
10518,3531,CCTV Footage,2023-11-22,Verified,Mangaluru FSL,False
10519,3531,Clothing,2023-11-22,Pending Analysis,Bengaluru FSL,True
10520,3531,Vehicle,2023-11-22,Collected,Mysuru FSL,False
10521,3532,Knife,2022-06-09,Sent to FSL,Bengaluru FSL,True
10522,3533,Mobile Phone,2025-04-26,Collected,Mysuru FSL,False
10523,3533,Vehicle,2025-04-26,Rejected,Mysuru FSL,False
10524,3533,USB Drive,2025-04-26,Verified,Mangaluru FSL,True
10525,3533,Blood Sample,2025-04-26,Rejected,Mysuru FSL,True
10526,3534,SIM Card,2024-02-16,Sent to FSL,Mysuru FSL,False
10527,3534,Firearm,2024-02-16,Rejected,Mangaluru FSL,True
10528,3534,Mobile Phone,2024-02-16,Sent to FSL,Mangaluru FSL,True
10529,3534,Drug Sample,2024-02-16,Verified,Bengaluru FSL,True
10530,3534,Clothing,2024-02-16,Rejected,Mangaluru FSL,False
10531,3535,SIM Card,2022-12-21,Collected,Bengaluru FSL,True
10532,3536,Knife,2026-08-17,Pending Analysis,Mangaluru FSL,True
10533,3537,Clothing,2024-07-31,Rejected,Bengaluru FSL,True
10534,3537,USB Drive,2024-07-31,Rejected,Bengaluru FSL,True
10535,3538,USB Drive,2026-12-27,Verified,Mysuru FSL,True
10536,3538,Mobile Phone,2026-12-27,Rejected,Mangaluru FSL,True
10537,3538,Blood Sample,2026-12-27,Rejected,Mysuru FSL,True
10538,3539,DNA Sample,2025-11-04,Pending Analysis,Bengaluru FSL,True
10539,3539,Vehicle,2025-11-04,Collected,Mangaluru FSL,True
10540,3539,USB Drive,2025-11-04,Pending Analysis,Mangaluru FSL,False
10541,3540,Vehicle,2023-12-07,Rejected,Bengaluru FSL,False
10542,3540,DNA Sample,2023-12-07,Pending Analysis,Mangaluru FSL,False
10543,3540,USB Drive,2023-12-07,Collected,Mangaluru FSL,False
10544,3540,SIM Card,2023-12-07,Rejected,Bengaluru FSL,True
10545,3540,Hard Disk,2023-12-07,Rejected,Mangaluru FSL,True
10546,3541,SIM Card,2026-09-29,Rejected,Bengaluru FSL,True
10547,3541,DNA Sample,2026-09-29,Rejected,Mysuru FSL,True
10548,3541,Knife,2026-09-29,Verified,Bengaluru FSL,False
10549,3541,Document,2026-09-29,Verified,Bengaluru FSL,True
10550,3542,Knife,2026-02-09,Collected,Bengaluru FSL,False
10551,3543,Knife,2024-10-21,Sent to FSL,Mangaluru FSL,False
10552,3543,Hard Disk,2024-10-21,Rejected,Mangaluru FSL,False
10553,3543,Mobile Phone,2024-10-21,Collected,Mangaluru FSL,True
10554,3544,Document,2026-09-23,Pending Analysis,Bengaluru FSL,False
10555,3544,Laptop,2026-09-23,Pending Analysis,Mysuru FSL,False
10556,3544,DNA Sample,2026-09-23,Collected,Mysuru FSL,True
10557,3545,CCTV Footage,2025-06-11,Sent to FSL,Bengaluru FSL,False
10558,3545,Drug Sample,2025-06-11,Verified,Mangaluru FSL,False
10559,3546,CCTV Footage,2023-07-20,Collected,Bengaluru FSL,False
10560,3546,Blood Sample,2023-07-20,Collected,Mangaluru FSL,True
10561,3546,Vehicle,2023-07-20,Rejected,Mysuru FSL,False
10562,3546,Firearm,2023-07-20,Collected,Mysuru FSL,True
10563,3546,Mobile Phone,2023-07-20,Rejected,Mangaluru FSL,False
10564,3547,Document,2022-06-06,Pending Analysis,Bengaluru FSL,False
10565,3547,Blood Sample,2022-06-06,Sent to FSL,Mysuru FSL,True
10566,3547,Mobile Phone,2022-06-06,Collected,Mangaluru FSL,True
10567,3548,Mobile Phone,2022-07-19,Verified,Mysuru FSL,False
10568,3548,DNA Sample,2022-07-19,Pending Analysis,Bengaluru FSL,False
10569,3548,Document,2022-07-19,Collected,Mangaluru FSL,True
10570,3548,CCTV Footage,2022-07-19,Collected,Mangaluru FSL,False
10571,3549,Document,2024-07-08,Sent to FSL,Mangaluru FSL,True
10572,3550,Mobile Phone,2023-03-02,Sent to FSL,Mysuru FSL,False
10573,3550,Blood Sample,2023-03-02,Rejected,Mangaluru FSL,False
10574,3550,Vehicle,2023-03-02,Sent to FSL,Mysuru FSL,True
10575,3550,USB Drive,2023-03-02,Pending Analysis,Bengaluru FSL,False
10576,3551,CCTV Footage,2024-02-24,Rejected,Mysuru FSL,False
10577,3551,Knife,2024-02-24,Rejected,Mysuru FSL,True
10578,3551,Fingerprint,2024-02-24,Verified,Mangaluru FSL,True
10579,3551,Mobile Phone,2024-02-24,Sent to FSL,Mangaluru FSL,True
10580,3552,Laptop,2024-05-24,Collected,Mysuru FSL,True
10581,3552,Mobile Phone,2024-05-24,Sent to FSL,Bengaluru FSL,True
10582,3552,Blood Sample,2024-05-24,Sent to FSL,Mysuru FSL,True
10583,3552,Document,2024-05-24,Sent to FSL,Bengaluru FSL,True
10584,3553,Fingerprint,2024-11-20,Rejected,Mangaluru FSL,False
10585,3553,CCTV Footage,2024-11-20,Rejected,Mangaluru FSL,True
10586,3553,Laptop,2024-11-20,Verified,Mangaluru FSL,False
10587,3553,Vehicle,2024-11-20,Pending Analysis,Bengaluru FSL,False
10588,3554,USB Drive,2024-01-26,Verified,Mangaluru FSL,False
10589,3554,Clothing,2024-01-26,Rejected,Mysuru FSL,False
10590,3554,Knife,2024-01-26,Pending Analysis,Mysuru FSL,True
10591,3554,Vehicle,2024-01-26,Verified,Bengaluru FSL,True
10592,3554,SIM Card,2024-01-26,Pending Analysis,Bengaluru FSL,False
10593,3555,Mobile Phone,2024-06-05,Sent to FSL,Bengaluru FSL,False
10594,3555,CCTV Footage,2024-06-05,Sent to FSL,Mysuru FSL,False
10595,3555,Firearm,2024-06-05,Rejected,Mysuru FSL,False
10596,3555,Blood Sample,2024-06-05,Sent to FSL,Bengaluru FSL,False
10597,3555,Drug Sample,2024-06-05,Sent to FSL,Bengaluru FSL,False
10598,3556,Document,2026-01-10,Collected,Bengaluru FSL,False
10599,3556,SIM Card,2026-01-10,Collected,Bengaluru FSL,True
10600,3556,USB Drive,2026-01-10,Collected,Mangaluru FSL,False
10601,3556,Fingerprint,2026-01-10,Rejected,Bengaluru FSL,False
10602,3557,Clothing,2026-05-20,Sent to FSL,Bengaluru FSL,True
10603,3557,Fingerprint,2026-05-20,Rejected,Bengaluru FSL,True
10604,3558,Mobile Phone,2023-12-04,Sent to FSL,Bengaluru FSL,True
10605,3558,Clothing,2023-12-04,Sent to FSL,Mysuru FSL,False
10606,3558,USB Drive,2023-12-04,Pending Analysis,Mangaluru FSL,False
10607,3558,Fingerprint,2023-12-04,Collected,Mysuru FSL,True
10608,3559,Vehicle,2023-04-28,Pending Analysis,Mangaluru FSL,True
10609,3559,Mobile Phone,2023-04-28,Pending Analysis,Bengaluru FSL,False
10610,3560,Drug Sample,2024-09-21,Collected,Bengaluru FSL,True
10611,3561,Vehicle,2023-10-06,Verified,Bengaluru FSL,True
10612,3561,Clothing,2023-10-06,Rejected,Mysuru FSL,True
10613,3561,Drug Sample,2023-10-06,Collected,Bengaluru FSL,False
10614,3561,USB Drive,2023-10-06,Pending Analysis,Mangaluru FSL,False
10615,3561,Laptop,2023-10-06,Collected,Mysuru FSL,False
10616,3562,Document,2026-03-01,Rejected,Mysuru FSL,False
10617,3562,CCTV Footage,2026-03-01,Collected,Bengaluru FSL,False
10618,3563,CCTV Footage,2026-08-07,Collected,Bengaluru FSL,False
10619,3563,Vehicle,2026-08-07,Rejected,Mysuru FSL,False
10620,3563,USB Drive,2026-08-07,Verified,Mangaluru FSL,False
10621,3564,Clothing,2025-10-12,Rejected,Mangaluru FSL,False
10622,3564,Firearm,2025-10-12,Collected,Bengaluru FSL,True
10623,3565,Firearm,2024-07-15,Verified,Mysuru FSL,True
10624,3566,Fingerprint,2022-05-24,Rejected,Bengaluru FSL,True
10625,3566,Blood Sample,2022-05-24,Rejected,Mangaluru FSL,True
10626,3566,DNA Sample,2022-05-24,Collected,Bengaluru FSL,False
10627,3566,Firearm,2022-05-24,Rejected,Mangaluru FSL,True
10628,3567,Drug Sample,2023-04-18,Verified,Bengaluru FSL,False
10629,3567,Hard Disk,2023-04-18,Verified,Bengaluru FSL,True
10630,3568,SIM Card,2024-12-11,Sent to FSL,Mysuru FSL,True
10631,3568,Vehicle,2024-12-11,Pending Analysis,Mangaluru FSL,True
10632,3569,CCTV Footage,2022-07-21,Pending Analysis,Mysuru FSL,True
10633,3569,Drug Sample,2022-07-21,Sent to FSL,Bengaluru FSL,True
10634,3569,Clothing,2022-07-21,Sent to FSL,Bengaluru FSL,False
10635,3569,Document,2022-07-21,Verified,Mangaluru FSL,True
10636,3570,Mobile Phone,2025-05-04,Pending Analysis,Bengaluru FSL,True
10637,3570,Blood Sample,2025-05-04,Rejected,Bengaluru FSL,True
10638,3570,Document,2025-05-04,Rejected,Mangaluru FSL,False
10639,3570,SIM Card,2025-05-04,Verified,Mysuru FSL,True
10640,3571,DNA Sample,2024-06-07,Rejected,Bengaluru FSL,False
10641,3571,Hard Disk,2024-06-07,Collected,Bengaluru FSL,False
10642,3571,Clothing,2024-06-07,Rejected,Bengaluru FSL,True
10643,3571,Firearm,2024-06-07,Verified,Mysuru FSL,True
10644,3572,Blood Sample,2024-04-16,Pending Analysis,Mysuru FSL,True
10645,3572,Knife,2024-04-16,Collected,Mangaluru FSL,True
10646,3572,SIM Card,2024-04-16,Pending Analysis,Mysuru FSL,True
10647,3572,Document,2024-04-16,Collected,Mangaluru FSL,False
10648,3573,Fingerprint,2026-07-26,Collected,Mysuru FSL,False
10649,3573,CCTV Footage,2026-07-26,Pending Analysis,Mangaluru FSL,True
10650,3573,SIM Card,2026-07-26,Pending Analysis,Mangaluru FSL,True
10651,3574,Mobile Phone,2025-07-22,Verified,Mangaluru FSL,True
10652,3574,Knife,2025-07-22,Sent to FSL,Mysuru FSL,True
10653,3574,DNA Sample,2025-07-22,Sent to FSL,Mysuru FSL,True
10654,3574,USB Drive,2025-07-22,Verified,Bengaluru FSL,False
10655,3574,Blood Sample,2025-07-22,Rejected,Mysuru FSL,True
10656,3575,Hard Disk,2022-11-29,Collected,Bengaluru FSL,False
10657,3575,Laptop,2022-11-29,Collected,Mysuru FSL,False
10658,3575,Blood Sample,2022-11-29,Verified,Mangaluru FSL,True
10659,3575,SIM Card,2022-11-29,Sent to FSL,Bengaluru FSL,False
10660,3576,Hard Disk,2026-01-01,Verified,Mysuru FSL,False
10661,3576,Fingerprint,2026-01-01,Collected,Mangaluru FSL,True
10662,3577,Drug Sample,2024-04-12,Verified,Mysuru FSL,True
10663,3577,Document,2024-04-12,Sent to FSL,Mangaluru FSL,True
10664,3577,CCTV Footage,2024-04-12,Verified,Bengaluru FSL,False
10665,3578,SIM Card,2022-03-30,Verified,Mysuru FSL,False
10666,3578,Fingerprint,2022-03-30,Rejected,Mysuru FSL,True
10667,3579,Fingerprint,2023-11-19,Collected,Mangaluru FSL,False
10668,3579,Hard Disk,2023-11-19,Verified,Mangaluru FSL,False
10669,3579,Knife,2023-11-19,Verified,Mysuru FSL,False
10670,3579,Drug Sample,2023-11-19,Collected,Mysuru FSL,False
10671,3580,Blood Sample,2025-11-01,Collected,Mangaluru FSL,True
10672,3580,USB Drive,2025-11-01,Collected,Mysuru FSL,False
10673,3581,CCTV Footage,2024-05-18,Pending Analysis,Mangaluru FSL,True
10674,3581,Hard Disk,2024-05-18,Pending Analysis,Bengaluru FSL,True
10675,3581,Fingerprint,2024-05-18,Sent to FSL,Mangaluru FSL,True
10676,3581,Vehicle,2024-05-18,Verified,Mysuru FSL,False
10677,3581,Knife,2024-05-18,Pending Analysis,Mangaluru FSL,True
10678,3582,SIM Card,2024-04-03,Rejected,Mysuru FSL,True
10679,3583,Clothing,2024-06-08,Rejected,Mangaluru FSL,True
10680,3583,Mobile Phone,2024-06-08,Collected,Mysuru FSL,False
10681,3584,Fingerprint,2025-03-29,Verified,Mangaluru FSL,False
10682,3584,DNA Sample,2025-03-29,Rejected,Bengaluru FSL,True
10683,3584,Mobile Phone,2025-03-29,Rejected,Mysuru FSL,False
10684,3584,Clothing,2025-03-29,Sent to FSL,Mangaluru FSL,False
10685,3585,Drug Sample,2024-06-16,Verified,Bengaluru FSL,False
10686,3586,CCTV Footage,2025-03-12,Rejected,Mysuru FSL,False
10687,3586,Drug Sample,2025-03-12,Sent to FSL,Mangaluru FSL,False
10688,3587,DNA Sample,2023-06-12,Sent to FSL,Bengaluru FSL,True
10689,3588,Fingerprint,2024-12-26,Verified,Bengaluru FSL,True
10690,3589,Laptop,2023-04-18,Collected,Mysuru FSL,False
10691,3589,Knife,2023-04-18,Sent to FSL,Mysuru FSL,False
10692,3589,Hard Disk,2023-04-18,Verified,Mangaluru FSL,False
10693,3589,Vehicle,2023-04-18,Collected,Mangaluru FSL,True
10694,3589,Clothing,2023-04-18,Collected,Mangaluru FSL,True
10695,3590,Knife,2026-11-18,Verified,Mysuru FSL,False
10696,3590,Fingerprint,2026-11-18,Collected,Mysuru FSL,False
10697,3591,USB Drive,2023-01-30,Rejected,Mysuru FSL,False
10698,3591,Drug Sample,2023-01-30,Verified,Mangaluru FSL,False
10699,3592,Drug Sample,2024-07-22,Collected,Mysuru FSL,False
10700,3592,Hard Disk,2024-07-22,Rejected,Mangaluru FSL,True
10701,3592,SIM Card,2024-07-22,Sent to FSL,Mysuru FSL,False
10702,3593,Clothing,2023-09-11,Collected,Mangaluru FSL,True
10703,3593,Hard Disk,2023-09-11,Pending Analysis,Mangaluru FSL,False
10704,3594,SIM Card,2023-05-28,Collected,Mangaluru FSL,True
10705,3594,Laptop,2023-05-28,Pending Analysis,Mangaluru FSL,True
10706,3595,CCTV Footage,2024-06-05,Rejected,Mysuru FSL,False
10707,3595,Drug Sample,2024-06-05,Rejected,Bengaluru FSL,True
10708,3596,Knife,2024-01-16,Sent to FSL,Bengaluru FSL,False
10709,3596,CCTV Footage,2024-01-16,Pending Analysis,Bengaluru FSL,False
10710,3597,Hard Disk,2026-05-04,Verified,Bengaluru FSL,False
10711,3597,Drug Sample,2026-05-04,Pending Analysis,Mysuru FSL,False
10712,3597,Firearm,2026-05-04,Sent to FSL,Mangaluru FSL,False
10713,3597,Laptop,2026-05-04,Sent to FSL,Mangaluru FSL,False
10714,3597,SIM Card,2026-05-04,Rejected,Bengaluru FSL,True
10715,3598,Blood Sample,2023-11-28,Sent to FSL,Mangaluru FSL,False
10716,3599,Knife,2025-08-11,Rejected,Bengaluru FSL,True
10717,3600,CCTV Footage,2023-12-31,Collected,Mangaluru FSL,True
10718,3600,DNA Sample,2023-12-31,Verified,Bengaluru FSL,False
10719,3600,Hard Disk,2023-12-31,Sent to FSL,Mangaluru FSL,False
10720,3601,SIM Card,2023-11-05,Pending Analysis,Mangaluru FSL,True
10721,3601,Clothing,2023-11-05,Verified,Mangaluru FSL,False
10722,3601,DNA Sample,2023-11-05,Collected,Bengaluru FSL,False
10723,3601,Mobile Phone,2023-11-05,Verified,Mangaluru FSL,False
10724,3601,Laptop,2023-11-05,Verified,Mangaluru FSL,True
10725,3602,Drug Sample,2026-06-20,Collected,Mysuru FSL,False
10726,3602,Mobile Phone,2026-06-20,Rejected,Bengaluru FSL,True
10727,3602,Hard Disk,2026-06-20,Collected,Mysuru FSL,False
10728,3603,Firearm,2024-01-26,Sent to FSL,Bengaluru FSL,True
10729,3603,Mobile Phone,2024-01-26,Sent to FSL,Mysuru FSL,False
10730,3603,USB Drive,2024-01-26,Verified,Mysuru FSL,True
10731,3604,SIM Card,2025-08-21,Sent to FSL,Mangaluru FSL,True
10732,3604,Mobile Phone,2025-08-21,Pending Analysis,Mysuru FSL,False
10733,3604,Drug Sample,2025-08-21,Sent to FSL,Bengaluru FSL,False
10734,3604,Laptop,2025-08-21,Pending Analysis,Mangaluru FSL,True
10735,3605,USB Drive,2026-10-27,Verified,Mangaluru FSL,True
10736,3605,Hard Disk,2026-10-27,Verified,Mysuru FSL,False
10737,3605,Document,2026-10-27,Pending Analysis,Mangaluru FSL,False
10738,3605,Fingerprint,2026-10-27,Sent to FSL,Mangaluru FSL,False
10739,3606,Document,2024-01-18,Verified,Mysuru FSL,False
10740,3606,Fingerprint,2024-01-18,Collected,Mysuru FSL,True
10741,3606,Hard Disk,2024-01-18,Rejected,Mangaluru FSL,False
10742,3606,Firearm,2024-01-18,Collected,Mysuru FSL,True
10743,3606,DNA Sample,2024-01-18,Sent to FSL,Mysuru FSL,True
10744,3607,CCTV Footage,2025-04-06,Verified,Mysuru FSL,False
10745,3607,Mobile Phone,2025-04-06,Sent to FSL,Mangaluru FSL,True
10746,3607,Fingerprint,2025-04-06,Rejected,Mangaluru FSL,False
10747,3608,SIM Card,2024-09-17,Pending Analysis,Bengaluru FSL,False
10748,3608,DNA Sample,2024-09-17,Sent to FSL,Mangaluru FSL,False
10749,3608,CCTV Footage,2024-09-17,Rejected,Mysuru FSL,False
10750,3608,Document,2024-09-17,Sent to FSL,Bengaluru FSL,True
10751,3609,Vehicle,2024-03-14,Verified,Bengaluru FSL,False
10752,3609,CCTV Footage,2024-03-14,Collected,Mysuru FSL,False
10753,3609,SIM Card,2024-03-14,Rejected,Mangaluru FSL,True
10754,3610,Knife,2025-10-21,Verified,Bengaluru FSL,False
10755,3610,Clothing,2025-10-21,Pending Analysis,Mangaluru FSL,False
10756,3611,DNA Sample,2023-01-18,Pending Analysis,Bengaluru FSL,False
10757,3612,Vehicle,2023-10-17,Rejected,Mysuru FSL,True
10758,3613,Fingerprint,2026-05-20,Sent to FSL,Mangaluru FSL,True
10759,3613,Laptop,2026-05-20,Verified,Bengaluru FSL,False
10760,3613,Hard Disk,2026-05-20,Pending Analysis,Bengaluru FSL,False
10761,3613,CCTV Footage,2026-05-20,Pending Analysis,Bengaluru FSL,False
10762,3613,Document,2026-05-20,Pending Analysis,Mangaluru FSL,True
10763,3614,DNA Sample,2022-12-24,Rejected,Mysuru FSL,False
10764,3614,Clothing,2022-12-24,Sent to FSL,Bengaluru FSL,True
10765,3614,USB Drive,2022-12-24,Sent to FSL,Mysuru FSL,False
10766,3614,Firearm,2022-12-24,Collected,Mysuru FSL,True
10767,3614,Fingerprint,2022-12-24,Rejected,Mangaluru FSL,False
10768,3615,Document,2022-02-25,Verified,Bengaluru FSL,False
10769,3615,CCTV Footage,2022-02-25,Rejected,Mysuru FSL,True
10770,3616,Clothing,2026-11-21,Pending Analysis,Bengaluru FSL,False
10771,3616,Mobile Phone,2026-11-21,Collected,Mangaluru FSL,True
10772,3617,CCTV Footage,2024-02-13,Pending Analysis,Bengaluru FSL,False
10773,3617,Firearm,2024-02-13,Rejected,Mysuru FSL,True
10774,3618,Firearm,2023-09-07,Pending Analysis,Bengaluru FSL,True
10775,3618,Vehicle,2023-09-07,Pending Analysis,Mangaluru FSL,False
10776,3618,Fingerprint,2023-09-07,Sent to FSL,Mysuru FSL,True
10777,3619,SIM Card,2023-08-10,Collected,Bengaluru FSL,False
10778,3619,Knife,2023-08-10,Verified,Bengaluru FSL,True
10779,3620,CCTV Footage,2022-10-18,Verified,Bengaluru FSL,False
10780,3621,Knife,2026-12-24,Pending Analysis,Bengaluru FSL,True
10781,3622,Vehicle,2024-02-19,Verified,Bengaluru FSL,True
10782,3622,CCTV Footage,2024-02-19,Rejected,Mangaluru FSL,True
10783,3622,DNA Sample,2024-02-19,Sent to FSL,Bengaluru FSL,True
10784,3623,Vehicle,2022-09-12,Sent to FSL,Mangaluru FSL,True
10785,3624,Laptop,2023-11-13,Sent to FSL,Bengaluru FSL,True
10786,3625,Laptop,2022-03-02,Pending Analysis,Mangaluru FSL,False
10787,3625,CCTV Footage,2022-03-02,Sent to FSL,Bengaluru FSL,False
10788,3625,Blood Sample,2022-03-02,Rejected,Bengaluru FSL,False
10789,3625,Knife,2022-03-02,Collected,Bengaluru FSL,True
10790,3626,Document,2026-06-05,Verified,Mangaluru FSL,True
10791,3626,USB Drive,2026-06-05,Verified,Mangaluru FSL,True
10792,3626,Mobile Phone,2026-06-05,Rejected,Mysuru FSL,False
10793,3626,Firearm,2026-06-05,Collected,Bengaluru FSL,True
10794,3627,Vehicle,2022-11-05,Sent to FSL,Mysuru FSL,True
10795,3627,DNA Sample,2022-11-05,Pending Analysis,Mysuru FSL,False
10796,3627,Firearm,2022-11-05,Sent to FSL,Mysuru FSL,False
10797,3628,Laptop,2025-08-30,Rejected,Mysuru FSL,True
10798,3628,Document,2025-08-30,Collected,Mangaluru FSL,True
10799,3628,Clothing,2025-08-30,Rejected,Bengaluru FSL,True
10800,3628,SIM Card,2025-08-30,Rejected,Bengaluru FSL,True
10801,3628,Hard Disk,2025-08-30,Collected,Mysuru FSL,True
10802,3629,Mobile Phone,2022-11-05,Sent to FSL,Mysuru FSL,False
10803,3629,Blood Sample,2022-11-05,Collected,Mysuru FSL,False
10804,3629,Knife,2022-11-05,Sent to FSL,Mysuru FSL,False
10805,3630,SIM Card,2026-10-07,Verified,Bengaluru FSL,False
10806,3630,Document,2026-10-07,Pending Analysis,Bengaluru FSL,True
10807,3630,Vehicle,2026-10-07,Rejected,Bengaluru FSL,False
10808,3630,Fingerprint,2026-10-07,Rejected,Mysuru FSL,False
10809,3631,Blood Sample,2023-06-13,Rejected,Bengaluru FSL,False
10810,3632,USB Drive,2023-04-02,Pending Analysis,Mangaluru FSL,True
10811,3633,Clothing,2024-06-11,Rejected,Mangaluru FSL,False
10812,3633,Fingerprint,2024-06-11,Sent to FSL,Mysuru FSL,True
10813,3633,Knife,2024-06-11,Pending Analysis,Mysuru FSL,True
10814,3633,Drug Sample,2024-06-11,Sent to FSL,Mysuru FSL,True
10815,3633,Hard Disk,2024-06-11,Sent to FSL,Mysuru FSL,False
10816,3634,Laptop,2025-07-21,Pending Analysis,Mangaluru FSL,True
10817,3634,USB Drive,2025-07-21,Pending Analysis,Bengaluru FSL,False
10818,3634,Hard Disk,2025-07-21,Collected,Mangaluru FSL,False
10819,3634,Blood Sample,2025-07-21,Rejected,Mysuru FSL,False
10820,3634,Mobile Phone,2025-07-21,Collected,Mangaluru FSL,False
10821,3635,Drug Sample,2025-12-28,Rejected,Mangaluru FSL,True
10822,3635,Clothing,2025-12-28,Collected,Mangaluru FSL,True
10823,3635,Hard Disk,2025-12-28,Pending Analysis,Mangaluru FSL,False
10824,3635,CCTV Footage,2025-12-28,Pending Analysis,Mysuru FSL,False
10825,3635,USB Drive,2025-12-28,Verified,Bengaluru FSL,True
10826,3636,CCTV Footage,2023-04-22,Verified,Bengaluru FSL,True
10827,3636,SIM Card,2023-04-22,Verified,Mangaluru FSL,True
10828,3636,Firearm,2023-04-22,Verified,Mangaluru FSL,False
10829,3636,Hard Disk,2023-04-22,Rejected,Mysuru FSL,True
10830,3636,Fingerprint,2023-04-22,Rejected,Bengaluru FSL,False
10831,3637,Laptop,2026-04-07,Pending Analysis,Bengaluru FSL,True
10832,3637,Mobile Phone,2026-04-07,Verified,Bengaluru FSL,False
10833,3637,Clothing,2026-04-07,Sent to FSL,Mysuru FSL,True
10834,3638,DNA Sample,2025-12-26,Rejected,Mysuru FSL,False
10835,3638,Fingerprint,2025-12-26,Sent to FSL,Mysuru FSL,True
10836,3638,USB Drive,2025-12-26,Sent to FSL,Bengaluru FSL,False
10837,3638,SIM Card,2025-12-26,Pending Analysis,Bengaluru FSL,True
10838,3639,DNA Sample,2024-08-08,Verified,Bengaluru FSL,False
10839,3639,Mobile Phone,2024-08-08,Collected,Mangaluru FSL,True
10840,3639,Laptop,2024-08-08,Verified,Bengaluru FSL,False
10841,3639,Firearm,2024-08-08,Verified,Mangaluru FSL,False
10842,3639,Blood Sample,2024-08-08,Collected,Mangaluru FSL,True
10843,3640,Drug Sample,2022-05-14,Sent to FSL,Mysuru FSL,True
10844,3640,Clothing,2022-05-14,Rejected,Bengaluru FSL,True
10845,3640,Blood Sample,2022-05-14,Sent to FSL,Mangaluru FSL,False
10846,3640,Knife,2022-05-14,Rejected,Mangaluru FSL,True
10847,3641,Blood Sample,2024-01-05,Collected,Bengaluru FSL,False
10848,3641,Drug Sample,2024-01-05,Rejected,Mysuru FSL,True
10849,3641,Document,2024-01-05,Pending Analysis,Mysuru FSL,True
10850,3641,USB Drive,2024-01-05,Pending Analysis,Mangaluru FSL,True
10851,3642,Firearm,2025-05-28,Pending Analysis,Mangaluru FSL,True
10852,3642,Laptop,2025-05-28,Pending Analysis,Bengaluru FSL,True
10853,3642,Vehicle,2025-05-28,Rejected,Bengaluru FSL,True
10854,3642,Knife,2025-05-28,Verified,Bengaluru FSL,False
10855,3642,Mobile Phone,2025-05-28,Sent to FSL,Mysuru FSL,False
10856,3643,Document,2026-07-03,Sent to FSL,Mangaluru FSL,True
10857,3643,Drug Sample,2026-07-03,Pending Analysis,Mysuru FSL,False
10858,3644,Firearm,2023-03-19,Pending Analysis,Bengaluru FSL,True
10859,3644,Document,2023-03-19,Verified,Mangaluru FSL,False
10860,3644,CCTV Footage,2023-03-19,Collected,Bengaluru FSL,True
10861,3644,Knife,2023-03-19,Sent to FSL,Bengaluru FSL,True
10862,3644,USB Drive,2023-03-19,Collected,Bengaluru FSL,True
10863,3645,DNA Sample,2022-01-04,Collected,Mangaluru FSL,False
10864,3645,CCTV Footage,2022-01-04,Verified,Mysuru FSL,True
10865,3646,DNA Sample,2024-05-17,Pending Analysis,Mangaluru FSL,True
10866,3647,Knife,2025-03-18,Rejected,Mangaluru FSL,False
10867,3647,USB Drive,2025-03-18,Collected,Mysuru FSL,False
10868,3647,DNA Sample,2025-03-18,Sent to FSL,Mangaluru FSL,True
10869,3647,Drug Sample,2025-03-18,Pending Analysis,Mysuru FSL,True
10870,3648,DNA Sample,2026-01-04,Verified,Bengaluru FSL,False
10871,3648,SIM Card,2026-01-04,Collected,Bengaluru FSL,False
10872,3649,Laptop,2023-11-18,Sent to FSL,Mysuru FSL,True
10873,3649,Fingerprint,2023-11-18,Rejected,Mangaluru FSL,False
10874,3649,Mobile Phone,2023-11-18,Sent to FSL,Mangaluru FSL,True
10875,3649,SIM Card,2023-11-18,Collected,Mangaluru FSL,True
10876,3649,Clothing,2023-11-18,Sent to FSL,Mangaluru FSL,True
10877,3650,Clothing,2022-12-03,Sent to FSL,Mysuru FSL,True
10878,3650,Mobile Phone,2022-12-03,Sent to FSL,Bengaluru FSL,True
10879,3650,USB Drive,2022-12-03,Sent to FSL,Mysuru FSL,True
10880,3650,Laptop,2022-12-03,Collected,Bengaluru FSL,True
10881,3651,Fingerprint,2026-11-19,Rejected,Mangaluru FSL,False
10882,3652,Clothing,2026-09-26,Collected,Bengaluru FSL,False
10883,3652,Fingerprint,2026-09-26,Sent to FSL,Bengaluru FSL,True
10884,3653,Fingerprint,2026-07-01,Sent to FSL,Mysuru FSL,True
10885,3653,Laptop,2026-07-01,Pending Analysis,Bengaluru FSL,True
10886,3654,Hard Disk,2025-11-07,Rejected,Bengaluru FSL,False
10887,3654,Document,2025-11-07,Verified,Bengaluru FSL,True
10888,3655,Laptop,2026-05-24,Verified,Mangaluru FSL,True
10889,3655,Vehicle,2026-05-24,Pending Analysis,Mangaluru FSL,True
10890,3656,CCTV Footage,2026-05-06,Rejected,Mysuru FSL,False
10891,3656,Blood Sample,2026-05-06,Rejected,Mysuru FSL,True
10892,3656,Mobile Phone,2026-05-06,Pending Analysis,Mangaluru FSL,True
10893,3656,Laptop,2026-05-06,Rejected,Mangaluru FSL,True
10894,3657,DNA Sample,2026-08-20,Collected,Mangaluru FSL,False
10895,3657,CCTV Footage,2026-08-20,Rejected,Mangaluru FSL,True
10896,3657,Knife,2026-08-20,Pending Analysis,Mangaluru FSL,True
10897,3658,Fingerprint,2023-08-19,Sent to FSL,Mangaluru FSL,True
10898,3658,Knife,2023-08-19,Rejected,Mysuru FSL,True
10899,3658,Firearm,2023-08-19,Verified,Bengaluru FSL,False
10900,3658,USB Drive,2023-08-19,Pending Analysis,Mysuru FSL,False
10901,3658,CCTV Footage,2023-08-19,Rejected,Bengaluru FSL,False
10902,3659,Knife,2023-02-24,Rejected,Mysuru FSL,True
10903,3659,Laptop,2023-02-24,Collected,Mysuru FSL,True
10904,3659,Vehicle,2023-02-24,Pending Analysis,Mysuru FSL,True
10905,3660,Knife,2023-04-06,Pending Analysis,Mangaluru FSL,False
10906,3661,Knife,2026-08-16,Verified,Bengaluru FSL,False
10907,3661,USB Drive,2026-08-16,Collected,Mysuru FSL,True
10908,3661,Vehicle,2026-08-16,Verified,Mysuru FSL,False
10909,3661,Fingerprint,2026-08-16,Collected,Bengaluru FSL,True
10910,3662,Fingerprint,2026-09-17,Rejected,Mysuru FSL,True
10911,3662,Mobile Phone,2026-09-17,Sent to FSL,Bengaluru FSL,True
10912,3663,Document,2026-04-15,Collected,Mangaluru FSL,True
10913,3663,USB Drive,2026-04-15,Sent to FSL,Mangaluru FSL,False
10914,3663,CCTV Footage,2026-04-15,Pending Analysis,Mysuru FSL,False
10915,3663,Hard Disk,2026-04-15,Collected,Mangaluru FSL,False
10916,3663,Knife,2026-04-15,Verified,Bengaluru FSL,True
10917,3664,DNA Sample,2025-02-18,Verified,Bengaluru FSL,False
10918,3665,Hard Disk,2024-03-19,Sent to FSL,Bengaluru FSL,True
10919,3665,USB Drive,2024-03-19,Rejected,Mangaluru FSL,True
10920,3666,DNA Sample,2023-11-06,Collected,Bengaluru FSL,False
10921,3666,Fingerprint,2023-11-06,Rejected,Bengaluru FSL,False
10922,3666,Laptop,2023-11-06,Pending Analysis,Mangaluru FSL,False
10923,3667,Firearm,2023-12-02,Collected,Bengaluru FSL,True
10924,3667,Drug Sample,2023-12-02,Collected,Bengaluru FSL,False
10925,3667,Knife,2023-12-02,Sent to FSL,Mysuru FSL,False
10926,3668,CCTV Footage,2022-03-12,Rejected,Bengaluru FSL,True
10927,3668,Hard Disk,2022-03-12,Verified,Mysuru FSL,True
10928,3669,Clothing,2023-10-06,Rejected,Mysuru FSL,True
10929,3669,Fingerprint,2023-10-06,Rejected,Bengaluru FSL,True
10930,3669,SIM Card,2023-10-06,Verified,Bengaluru FSL,True
10931,3670,Fingerprint,2022-07-12,Pending Analysis,Mysuru FSL,False
10932,3670,Clothing,2022-07-12,Pending Analysis,Bengaluru FSL,False
10933,3670,Vehicle,2022-07-12,Verified,Bengaluru FSL,True
10934,3671,USB Drive,2026-07-06,Pending Analysis,Mysuru FSL,True
10935,3671,Clothing,2026-07-06,Pending Analysis,Mangaluru FSL,True
10936,3671,Fingerprint,2026-07-06,Pending Analysis,Mangaluru FSL,True
10937,3671,Laptop,2026-07-06,Sent to FSL,Bengaluru FSL,False
10938,3672,Firearm,2025-05-21,Sent to FSL,Bengaluru FSL,True
10939,3672,DNA Sample,2025-05-21,Rejected,Mangaluru FSL,True
10940,3672,Vehicle,2025-05-21,Rejected,Mysuru FSL,False
10941,3673,Document,2026-11-10,Pending Analysis,Mysuru FSL,True
10942,3674,Laptop,2022-04-15,Sent to FSL,Mysuru FSL,True
10943,3675,Vehicle,2022-09-26,Collected,Mysuru FSL,False
10944,3675,Fingerprint,2022-09-26,Verified,Mysuru FSL,False
10945,3675,CCTV Footage,2022-09-26,Pending Analysis,Bengaluru FSL,True
10946,3675,Hard Disk,2022-09-26,Sent to FSL,Mangaluru FSL,True
10947,3675,Drug Sample,2022-09-26,Rejected,Mangaluru FSL,True
10948,3676,Hard Disk,2024-03-25,Sent to FSL,Mysuru FSL,True
10949,3677,Knife,2023-09-06,Rejected,Mangaluru FSL,True
10950,3677,Clothing,2023-09-06,Rejected,Bengaluru FSL,True
10951,3677,Laptop,2023-09-06,Rejected,Mysuru FSL,False
10952,3677,DNA Sample,2023-09-06,Collected,Bengaluru FSL,True
10953,3678,Document,2025-01-06,Pending Analysis,Bengaluru FSL,False
10954,3678,Knife,2025-01-06,Collected,Mangaluru FSL,True
10955,3678,Blood Sample,2025-01-06,Rejected,Mangaluru FSL,False
10956,3679,Laptop,2022-10-14,Verified,Mangaluru FSL,True
10957,3679,SIM Card,2022-10-14,Collected,Mangaluru FSL,True
10958,3680,DNA Sample,2026-12-16,Collected,Mysuru FSL,True
10959,3680,Knife,2026-12-16,Collected,Mysuru FSL,True
10960,3681,Document,2022-06-24,Verified,Mangaluru FSL,False
10961,3682,Knife,2022-09-27,Sent to FSL,Bengaluru FSL,False
10962,3682,Vehicle,2022-09-27,Collected,Bengaluru FSL,True
10963,3682,Blood Sample,2022-09-27,Pending Analysis,Bengaluru FSL,True
10964,3683,Laptop,2022-03-23,Sent to FSL,Mangaluru FSL,False
10965,3683,Firearm,2022-03-23,Collected,Mysuru FSL,False
10966,3683,Document,2022-03-23,Pending Analysis,Mysuru FSL,True
10967,3683,Hard Disk,2022-03-23,Sent to FSL,Mangaluru FSL,False
10968,3684,Vehicle,2025-01-15,Sent to FSL,Mangaluru FSL,False
10969,3684,Drug Sample,2025-01-15,Sent to FSL,Bengaluru FSL,False
10970,3685,Knife,2024-03-19,Pending Analysis,Mangaluru FSL,False
10971,3686,Knife,2022-10-12,Verified,Mangaluru FSL,False
10972,3686,Mobile Phone,2022-10-12,Sent to FSL,Bengaluru FSL,False
10973,3686,SIM Card,2022-10-12,Rejected,Mangaluru FSL,True
10974,3687,Clothing,2022-06-17,Verified,Bengaluru FSL,True
10975,3688,Mobile Phone,2026-04-09,Collected,Bengaluru FSL,True
10976,3688,Firearm,2026-04-09,Collected,Bengaluru FSL,False
10977,3688,DNA Sample,2026-04-09,Collected,Bengaluru FSL,False
10978,3688,Hard Disk,2026-04-09,Sent to FSL,Mangaluru FSL,False
10979,3689,Laptop,2025-02-20,Rejected,Mysuru FSL,False
10980,3690,Document,2023-04-28,Verified,Mysuru FSL,True
10981,3691,DNA Sample,2026-10-10,Pending Analysis,Bengaluru FSL,True
10982,3691,Vehicle,2026-10-10,Sent to FSL,Mangaluru FSL,True
10983,3691,Mobile Phone,2026-10-10,Verified,Mysuru FSL,False
10984,3692,Vehicle,2024-08-24,Pending Analysis,Bengaluru FSL,True
10985,3692,Mobile Phone,2024-08-24,Sent to FSL,Bengaluru FSL,False
10986,3693,Clothing,2022-12-09,Collected,Bengaluru FSL,True
10987,3694,Vehicle,2026-06-16,Rejected,Mangaluru FSL,True
10988,3694,Laptop,2026-06-16,Sent to FSL,Mysuru FSL,False
10989,3694,DNA Sample,2026-06-16,Verified,Bengaluru FSL,False
10990,3694,Mobile Phone,2026-06-16,Sent to FSL,Mysuru FSL,True
10991,3694,Fingerprint,2026-06-16,Rejected,Mysuru FSL,True
10992,3695,DNA Sample,2022-02-17,Collected,Bengaluru FSL,False
10993,3695,Clothing,2022-02-17,Collected,Bengaluru FSL,False
10994,3695,Vehicle,2022-02-17,Sent to FSL,Mangaluru FSL,True
10995,3695,Mobile Phone,2022-02-17,Verified,Mangaluru FSL,False
10996,3695,Blood Sample,2022-02-17,Verified,Bengaluru FSL,False
10997,3696,DNA Sample,2024-06-29,Rejected,Bengaluru FSL,True
10998,3697,CCTV Footage,2024-04-01,Sent to FSL,Mangaluru FSL,False
10999,3697,SIM Card,2024-04-01,Sent to FSL,Bengaluru FSL,True
11000,3697,Drug Sample,2024-04-01,Collected,Mysuru FSL,True
11001,3697,DNA Sample,2024-04-01,Pending Analysis,Mangaluru FSL,True
11002,3697,Firearm,2024-04-01,Pending Analysis,Mysuru FSL,True
11003,3698,Vehicle,2022-08-01,Rejected,Mangaluru FSL,True
11004,3698,Drug Sample,2022-08-01,Rejected,Mangaluru FSL,False
11005,3699,Hard Disk,2023-07-10,Pending Analysis,Bengaluru FSL,True
11006,3699,Knife,2023-07-10,Rejected,Mangaluru FSL,False
11007,3699,USB Drive,2023-07-10,Pending Analysis,Mangaluru FSL,True
11008,3699,SIM Card,2023-07-10,Rejected,Mysuru FSL,True
11009,3700,Mobile Phone,2023-03-03,Collected,Mangaluru FSL,True
11010,3701,CCTV Footage,2022-06-24,Sent to FSL,Bengaluru FSL,True
11011,3702,Mobile Phone,2023-01-25,Rejected,Mysuru FSL,False
11012,3702,Document,2023-01-25,Sent to FSL,Bengaluru FSL,True
11013,3702,CCTV Footage,2023-01-25,Verified,Mangaluru FSL,True
11014,3702,USB Drive,2023-01-25,Pending Analysis,Mangaluru FSL,True
11015,3702,Knife,2023-01-25,Pending Analysis,Mangaluru FSL,True
11016,3703,Knife,2024-09-03,Verified,Mangaluru FSL,False
11017,3703,CCTV Footage,2024-09-03,Pending Analysis,Mangaluru FSL,True
11018,3703,Hard Disk,2024-09-03,Pending Analysis,Mysuru FSL,True
11019,3703,USB Drive,2024-09-03,Collected,Bengaluru FSL,True
11020,3704,USB Drive,2026-10-21,Sent to FSL,Bengaluru FSL,False
11021,3704,Mobile Phone,2026-10-21,Pending Analysis,Mysuru FSL,True
11022,3704,DNA Sample,2026-10-21,Sent to FSL,Mysuru FSL,False
11023,3704,SIM Card,2026-10-21,Pending Analysis,Bengaluru FSL,True
11024,3704,Vehicle,2026-10-21,Sent to FSL,Mysuru FSL,False
11025,3705,Knife,2024-06-30,Verified,Bengaluru FSL,True
11026,3705,Mobile Phone,2024-06-30,Verified,Bengaluru FSL,True
11027,3705,CCTV Footage,2024-06-30,Pending Analysis,Mysuru FSL,True
11028,3706,USB Drive,2026-11-09,Rejected,Mangaluru FSL,False
11029,3706,Hard Disk,2026-11-09,Rejected,Bengaluru FSL,False
11030,3706,Firearm,2026-11-09,Collected,Bengaluru FSL,False
11031,3706,SIM Card,2026-11-09,Rejected,Mangaluru FSL,True
11032,3707,USB Drive,2022-02-15,Pending Analysis,Mangaluru FSL,False
11033,3708,CCTV Footage,2022-08-24,Verified,Bengaluru FSL,True
11034,3708,Laptop,2022-08-24,Collected,Mangaluru FSL,True
11035,3708,Firearm,2022-08-24,Pending Analysis,Mysuru FSL,False
11036,3708,Hard Disk,2022-08-24,Rejected,Mysuru FSL,True
11037,3708,Document,2022-08-24,Pending Analysis,Mangaluru FSL,False
11038,3709,DNA Sample,2024-04-07,Rejected,Bengaluru FSL,False
11039,3710,CCTV Footage,2026-03-16,Verified,Mysuru FSL,False
11040,3710,Laptop,2026-03-16,Verified,Bengaluru FSL,True
11041,3710,Fingerprint,2026-03-16,Collected,Bengaluru FSL,False
11042,3710,Mobile Phone,2026-03-16,Sent to FSL,Bengaluru FSL,True
11043,3710,Document,2026-03-16,Pending Analysis,Mangaluru FSL,False
11044,3711,DNA Sample,2026-05-17,Collected,Mysuru FSL,False
11045,3711,Vehicle,2026-05-17,Pending Analysis,Bengaluru FSL,False
11046,3711,USB Drive,2026-05-17,Rejected,Bengaluru FSL,False
11047,3712,Laptop,2022-03-03,Sent to FSL,Mangaluru FSL,True
11048,3713,Drug Sample,2025-11-26,Pending Analysis,Mangaluru FSL,True
11049,3714,Blood Sample,2023-07-21,Collected,Bengaluru FSL,True
11050,3714,Firearm,2023-07-21,Pending Analysis,Mysuru FSL,False
11051,3715,Hard Disk,2023-11-15,Pending Analysis,Mangaluru FSL,False
11052,3715,DNA Sample,2023-11-15,Verified,Mysuru FSL,False
11053,3715,Laptop,2023-11-15,Pending Analysis,Bengaluru FSL,True
11054,3715,Clothing,2023-11-15,Collected,Mangaluru FSL,True
11055,3715,Vehicle,2023-11-15,Pending Analysis,Mangaluru FSL,False
11056,3716,DNA Sample,2025-09-03,Pending Analysis,Bengaluru FSL,False
11057,3717,Laptop,2026-11-22,Collected,Mangaluru FSL,False
11058,3717,Vehicle,2026-11-22,Sent to FSL,Mysuru FSL,True
11059,3717,Fingerprint,2026-11-22,Collected,Bengaluru FSL,False
11060,3718,Drug Sample,2022-07-02,Rejected,Mysuru FSL,False
11061,3718,Laptop,2022-07-02,Pending Analysis,Mangaluru FSL,True
11062,3718,CCTV Footage,2022-07-02,Collected,Bengaluru FSL,True
11063,3719,Mobile Phone,2023-08-05,Pending Analysis,Mangaluru FSL,True
11064,3720,Firearm,2023-05-03,Pending Analysis,Mysuru FSL,True
11065,3720,Drug Sample,2023-05-03,Verified,Bengaluru FSL,True
11066,3720,Document,2023-05-03,Verified,Mysuru FSL,True
11067,3721,Blood Sample,2023-09-29,Rejected,Mysuru FSL,False
11068,3721,Firearm,2023-09-29,Collected,Mangaluru FSL,False
11069,3722,Laptop,2023-07-21,Rejected,Mysuru FSL,True
11070,3722,SIM Card,2023-07-21,Pending Analysis,Bengaluru FSL,False
11071,3722,Blood Sample,2023-07-21,Sent to FSL,Bengaluru FSL,False
11072,3722,Fingerprint,2023-07-21,Pending Analysis,Mangaluru FSL,False
11073,3723,Document,2023-02-03,Collected,Bengaluru FSL,True
11074,3723,Fingerprint,2023-02-03,Rejected,Bengaluru FSL,True
11075,3724,Vehicle,2026-11-26,Collected,Mangaluru FSL,False
11076,3724,Blood Sample,2026-11-26,Sent to FSL,Mangaluru FSL,False
11077,3724,CCTV Footage,2026-11-26,Rejected,Bengaluru FSL,True
11078,3724,Knife,2026-11-26,Collected,Mysuru FSL,False
11079,3725,DNA Sample,2026-09-21,Pending Analysis,Mangaluru FSL,True
11080,3725,Blood Sample,2026-09-21,Rejected,Mysuru FSL,False
11081,3725,Vehicle,2026-09-21,Collected,Bengaluru FSL,False
11082,3725,Hard Disk,2026-09-21,Pending Analysis,Mangaluru FSL,True
11083,3726,DNA Sample,2023-03-07,Rejected,Mangaluru FSL,True
11084,3726,Vehicle,2023-03-07,Rejected,Mysuru FSL,True
11085,3726,SIM Card,2023-03-07,Collected,Mangaluru FSL,False
11086,3727,Blood Sample,2024-07-14,Rejected,Bengaluru FSL,False
11087,3727,Mobile Phone,2024-07-14,Collected,Mangaluru FSL,True
11088,3727,Firearm,2024-07-14,Collected,Bengaluru FSL,False
11089,3728,USB Drive,2025-03-24,Rejected,Mangaluru FSL,True
11090,3728,DNA Sample,2025-03-24,Rejected,Mysuru FSL,True
11091,3728,Vehicle,2025-03-24,Sent to FSL,Bengaluru FSL,True
11092,3728,Document,2025-03-24,Verified,Bengaluru FSL,False
11093,3729,Fingerprint,2025-04-09,Collected,Mangaluru FSL,False
11094,3730,Document,2022-07-02,Rejected,Mysuru FSL,True
11095,3730,Laptop,2022-07-02,Collected,Mysuru FSL,True
11096,3730,Firearm,2022-07-02,Sent to FSL,Mysuru FSL,False
11097,3731,Hard Disk,2026-08-13,Rejected,Mysuru FSL,True
11098,3731,Drug Sample,2026-08-13,Collected,Mysuru FSL,False
11099,3731,Knife,2026-08-13,Collected,Mysuru FSL,False
11100,3731,Blood Sample,2026-08-13,Pending Analysis,Bengaluru FSL,True
11101,3732,Hard Disk,2023-12-04,Sent to FSL,Mangaluru FSL,True
11102,3732,Firearm,2023-12-04,Verified,Mysuru FSL,True
11103,3733,Clothing,2025-10-28,Verified,Bengaluru FSL,True
11104,3733,Vehicle,2025-10-28,Sent to FSL,Mangaluru FSL,False
11105,3733,CCTV Footage,2025-10-28,Sent to FSL,Mangaluru FSL,True
11106,3733,USB Drive,2025-10-28,Rejected,Mangaluru FSL,True
11107,3734,Drug Sample,2026-04-28,Verified,Mysuru FSL,True
11108,3735,USB Drive,2024-06-15,Rejected,Bengaluru FSL,True
11109,3735,Clothing,2024-06-15,Sent to FSL,Bengaluru FSL,True
11110,3735,Hard Disk,2024-06-15,Rejected,Mangaluru FSL,True
11111,3736,SIM Card,2026-07-01,Collected,Mysuru FSL,True
11112,3737,Clothing,2022-06-01,Verified,Mangaluru FSL,False
11113,3738,CCTV Footage,2025-02-23,Verified,Mysuru FSL,True
11114,3738,Drug Sample,2025-02-23,Sent to FSL,Mysuru FSL,True
11115,3738,Fingerprint,2025-02-23,Sent to FSL,Bengaluru FSL,False
11116,3738,Mobile Phone,2025-02-23,Verified,Bengaluru FSL,False
11117,3739,DNA Sample,2026-10-13,Rejected,Mangaluru FSL,False
11118,3739,Blood Sample,2026-10-13,Collected,Bengaluru FSL,True
11119,3739,Knife,2026-10-13,Verified,Mysuru FSL,True
11120,3739,Vehicle,2026-10-13,Rejected,Mangaluru FSL,False
11121,3740,SIM Card,2022-04-03,Verified,Bengaluru FSL,False
11122,3740,Fingerprint,2022-04-03,Sent to FSL,Mangaluru FSL,False
11123,3740,Mobile Phone,2022-04-03,Collected,Mangaluru FSL,False
11124,3741,Document,2025-03-23,Pending Analysis,Bengaluru FSL,False
11125,3741,Knife,2025-03-23,Collected,Mangaluru FSL,False
11126,3741,USB Drive,2025-03-23,Pending Analysis,Mysuru FSL,False
11127,3741,Firearm,2025-03-23,Rejected,Mysuru FSL,True
11128,3742,Mobile Phone,2025-02-10,Pending Analysis,Mangaluru FSL,False
11129,3742,Document,2025-02-10,Sent to FSL,Mangaluru FSL,False
11130,3742,SIM Card,2025-02-10,Collected,Mangaluru FSL,False
11131,3742,Laptop,2025-02-10,Collected,Bengaluru FSL,True
11132,3743,Clothing,2025-08-19,Sent to FSL,Mangaluru FSL,True
11133,3743,Laptop,2025-08-19,Collected,Mangaluru FSL,False
11134,3743,Vehicle,2025-08-19,Pending Analysis,Bengaluru FSL,False
11135,3744,USB Drive,2025-11-21,Rejected,Mysuru FSL,False
11136,3744,Laptop,2025-11-21,Pending Analysis,Mangaluru FSL,False
11137,3745,Mobile Phone,2022-09-15,Verified,Bengaluru FSL,True
11138,3745,USB Drive,2022-09-15,Collected,Bengaluru FSL,False
11139,3745,Drug Sample,2022-09-15,Sent to FSL,Mysuru FSL,True
11140,3745,SIM Card,2022-09-15,Pending Analysis,Bengaluru FSL,True
11141,3745,Document,2022-09-15,Collected,Mangaluru FSL,False
11142,3746,Hard Disk,2022-01-14,Sent to FSL,Mysuru FSL,True
11143,3747,SIM Card,2026-09-13,Rejected,Bengaluru FSL,True
11144,3747,CCTV Footage,2026-09-13,Collected,Bengaluru FSL,True
11145,3747,Blood Sample,2026-09-13,Sent to FSL,Mysuru FSL,True
11146,3748,Fingerprint,2023-03-04,Verified,Bengaluru FSL,True
11147,3748,CCTV Footage,2023-03-04,Collected,Mangaluru FSL,True
11148,3748,Vehicle,2023-03-04,Pending Analysis,Bengaluru FSL,False
11149,3748,Hard Disk,2023-03-04,Sent to FSL,Mysuru FSL,False
11150,3749,DNA Sample,2026-02-26,Pending Analysis,Bengaluru FSL,False
11151,3750,USB Drive,2024-03-24,Pending Analysis,Mangaluru FSL,False
11152,3750,Vehicle,2024-03-24,Sent to FSL,Bengaluru FSL,False
11153,3751,Knife,2025-11-13,Sent to FSL,Mangaluru FSL,True
11154,3751,Hard Disk,2025-11-13,Pending Analysis,Bengaluru FSL,False
11155,3752,CCTV Footage,2026-09-17,Sent to FSL,Mangaluru FSL,False
11156,3752,Clothing,2026-09-17,Verified,Bengaluru FSL,False
11157,3752,Knife,2026-09-17,Rejected,Mysuru FSL,True
11158,3753,SIM Card,2026-12-14,Collected,Bengaluru FSL,True
11159,3753,Mobile Phone,2026-12-14,Collected,Mysuru FSL,False
11160,3753,Laptop,2026-12-14,Collected,Mysuru FSL,False
11161,3754,Document,2023-05-03,Sent to FSL,Bengaluru FSL,True
11162,3754,Hard Disk,2023-05-03,Sent to FSL,Bengaluru FSL,True
11163,3754,Mobile Phone,2023-05-03,Collected,Bengaluru FSL,True
11164,3754,Vehicle,2023-05-03,Sent to FSL,Bengaluru FSL,True
11165,3755,CCTV Footage,2025-06-12,Verified,Mangaluru FSL,False
11166,3755,Hard Disk,2025-06-12,Pending Analysis,Mysuru FSL,True
11167,3755,Fingerprint,2025-06-12,Collected,Mangaluru FSL,False
11168,3755,SIM Card,2025-06-12,Sent to FSL,Mysuru FSL,False
11169,3755,Clothing,2025-06-12,Rejected,Mysuru FSL,False
11170,3756,DNA Sample,2025-08-30,Pending Analysis,Mangaluru FSL,False
11171,3756,Mobile Phone,2025-08-30,Sent to FSL,Bengaluru FSL,True
11172,3756,CCTV Footage,2025-08-30,Rejected,Mangaluru FSL,False
11173,3756,Hard Disk,2025-08-30,Verified,Mangaluru FSL,False
11174,3756,Document,2025-08-30,Pending Analysis,Mangaluru FSL,True
11175,3757,Blood Sample,2026-11-01,Sent to FSL,Mysuru FSL,True
11176,3758,Document,2024-01-12,Rejected,Bengaluru FSL,False
11177,3758,Knife,2024-01-12,Collected,Bengaluru FSL,True
11178,3758,Firearm,2024-01-12,Pending Analysis,Mangaluru FSL,True
11179,3758,Blood Sample,2024-01-12,Sent to FSL,Mangaluru FSL,True
11180,3759,Firearm,2024-12-02,Verified,Bengaluru FSL,True
11181,3759,Laptop,2024-12-02,Collected,Bengaluru FSL,False
11182,3759,Vehicle,2024-12-02,Collected,Bengaluru FSL,False
11183,3760,Document,2025-08-25,Rejected,Mysuru FSL,False
11184,3761,Clothing,2024-03-28,Sent to FSL,Mysuru FSL,False
11185,3762,Vehicle,2026-11-03,Collected,Bengaluru FSL,False
11186,3762,Firearm,2026-11-03,Collected,Bengaluru FSL,True
11187,3762,CCTV Footage,2026-11-03,Pending Analysis,Mysuru FSL,False
11188,3763,Vehicle,2023-09-06,Rejected,Mysuru FSL,False
11189,3763,Drug Sample,2023-09-06,Verified,Bengaluru FSL,False
11190,3763,Fingerprint,2023-09-06,Verified,Bengaluru FSL,True
11191,3764,Drug Sample,2026-11-29,Pending Analysis,Mysuru FSL,True
11192,3764,DNA Sample,2026-11-29,Pending Analysis,Bengaluru FSL,True
11193,3764,Blood Sample,2026-11-29,Collected,Mangaluru FSL,False
11194,3764,SIM Card,2026-11-29,Sent to FSL,Mysuru FSL,False
11195,3765,SIM Card,2022-01-27,Pending Analysis,Mysuru FSL,True
11196,3765,Firearm,2022-01-27,Verified,Mysuru FSL,True
11197,3765,Clothing,2022-01-27,Sent to FSL,Mangaluru FSL,False
11198,3766,Hard Disk,2024-01-02,Rejected,Mysuru FSL,False
11199,3766,Clothing,2024-01-02,Sent to FSL,Mysuru FSL,False
11200,3766,Drug Sample,2024-01-02,Sent to FSL,Bengaluru FSL,False
11201,3766,Blood Sample,2024-01-02,Collected,Mangaluru FSL,True
11202,3766,Vehicle,2024-01-02,Pending Analysis,Mangaluru FSL,True
11203,3767,Laptop,2024-12-20,Sent to FSL,Mysuru FSL,True
11204,3767,USB Drive,2024-12-20,Collected,Mangaluru FSL,False
11205,3767,CCTV Footage,2024-12-20,Sent to FSL,Mangaluru FSL,False
11206,3767,DNA Sample,2024-12-20,Sent to FSL,Bengaluru FSL,True
11207,3768,Hard Disk,2024-06-12,Pending Analysis,Bengaluru FSL,True
11208,3768,Laptop,2024-06-12,Verified,Mysuru FSL,False
11209,3768,Clothing,2024-06-12,Collected,Bengaluru FSL,False
11210,3768,Knife,2024-06-12,Pending Analysis,Mysuru FSL,False
11211,3768,Blood Sample,2024-06-12,Rejected,Bengaluru FSL,True
11212,3769,DNA Sample,2026-09-03,Collected,Mangaluru FSL,False
11213,3769,Vehicle,2026-09-03,Rejected,Mangaluru FSL,True
11214,3769,Clothing,2026-09-03,Verified,Bengaluru FSL,False
11215,3770,Laptop,2024-04-27,Verified,Bengaluru FSL,False
11216,3770,Mobile Phone,2024-04-27,Pending Analysis,Mysuru FSL,False
11217,3770,Clothing,2024-04-27,Rejected,Mangaluru FSL,False
11218,3770,Firearm,2024-04-27,Collected,Mysuru FSL,True
11219,3771,Drug Sample,2023-02-22,Pending Analysis,Bengaluru FSL,True
11220,3771,Fingerprint,2023-02-22,Verified,Mysuru FSL,True
11221,3771,USB Drive,2023-02-22,Verified,Mysuru FSL,True
11222,3771,SIM Card,2023-02-22,Collected,Mysuru FSL,True
11223,3771,DNA Sample,2023-02-22,Rejected,Mysuru FSL,True
11224,3772,Vehicle,2025-10-09,Verified,Bengaluru FSL,False
11225,3772,Clothing,2025-10-09,Collected,Bengaluru FSL,True
11226,3772,Drug Sample,2025-10-09,Collected,Mangaluru FSL,False
11227,3772,Firearm,2025-10-09,Collected,Bengaluru FSL,False
11228,3773,Clothing,2024-09-08,Sent to FSL,Mangaluru FSL,False
11229,3774,CCTV Footage,2022-03-01,Rejected,Mysuru FSL,False
11230,3774,Drug Sample,2022-03-01,Verified,Bengaluru FSL,True
11231,3774,Blood Sample,2022-03-01,Verified,Mangaluru FSL,True
11232,3774,DNA Sample,2022-03-01,Sent to FSL,Mysuru FSL,False
11233,3774,Fingerprint,2022-03-01,Collected,Mangaluru FSL,False
11234,3775,Clothing,2025-10-26,Verified,Bengaluru FSL,False
11235,3775,Laptop,2025-10-26,Verified,Bengaluru FSL,False
11236,3775,CCTV Footage,2025-10-26,Sent to FSL,Bengaluru FSL,True
11237,3776,USB Drive,2026-12-07,Collected,Mangaluru FSL,False
11238,3776,Hard Disk,2026-12-07,Rejected,Mysuru FSL,True
11239,3776,Clothing,2026-12-07,Collected,Bengaluru FSL,False
11240,3776,Drug Sample,2026-12-07,Verified,Bengaluru FSL,True
11241,3777,SIM Card,2026-04-01,Rejected,Mysuru FSL,True
11242,3778,USB Drive,2026-06-09,Collected,Mysuru FSL,False
11243,3778,Laptop,2026-06-09,Verified,Mangaluru FSL,True
11244,3778,Fingerprint,2026-06-09,Verified,Mysuru FSL,False
11245,3778,DNA Sample,2026-06-09,Rejected,Mysuru FSL,True
11246,3778,Firearm,2026-06-09,Rejected,Bengaluru FSL,True
11247,3779,Clothing,2024-12-28,Sent to FSL,Mangaluru FSL,True
11248,3779,USB Drive,2024-12-28,Rejected,Mangaluru FSL,True
11249,3779,Document,2024-12-28,Rejected,Mysuru FSL,False
11250,3779,Knife,2024-12-28,Pending Analysis,Mysuru FSL,True
11251,3779,Drug Sample,2024-12-28,Pending Analysis,Mysuru FSL,True
11252,3780,CCTV Footage,2025-11-17,Sent to FSL,Mangaluru FSL,True
11253,3780,Fingerprint,2025-11-17,Collected,Mysuru FSL,True
11254,3780,Laptop,2025-11-17,Collected,Bengaluru FSL,True
11255,3780,Vehicle,2025-11-17,Sent to FSL,Mangaluru FSL,False
11256,3781,Document,2025-11-29,Rejected,Mangaluru FSL,True
11257,3781,SIM Card,2025-11-29,Rejected,Bengaluru FSL,True
11258,3781,DNA Sample,2025-11-29,Sent to FSL,Mangaluru FSL,True
11259,3782,Laptop,2022-04-02,Pending Analysis,Mysuru FSL,True
11260,3782,Clothing,2022-04-02,Sent to FSL,Mysuru FSL,False
11261,3782,CCTV Footage,2022-04-02,Rejected,Mangaluru FSL,True
11262,3782,SIM Card,2022-04-02,Rejected,Mysuru FSL,True
11263,3783,USB Drive,2026-05-25,Collected,Bengaluru FSL,True
11264,3784,USB Drive,2024-12-24,Rejected,Mangaluru FSL,True
11265,3785,Vehicle,2026-08-27,Verified,Mangaluru FSL,False
11266,3785,Fingerprint,2026-08-27,Sent to FSL,Mysuru FSL,False
11267,3785,SIM Card,2026-08-27,Pending Analysis,Mysuru FSL,False
11268,3785,Laptop,2026-08-27,Rejected,Mysuru FSL,True
11269,3786,Knife,2026-05-05,Rejected,Mangaluru FSL,False
11270,3786,Fingerprint,2026-05-05,Pending Analysis,Mangaluru FSL,True
11271,3786,Mobile Phone,2026-05-05,Pending Analysis,Mangaluru FSL,False
11272,3786,Document,2026-05-05,Sent to FSL,Bengaluru FSL,False
11273,3787,CCTV Footage,2025-07-08,Rejected,Mangaluru FSL,False
11274,3787,DNA Sample,2025-07-08,Collected,Bengaluru FSL,False
11275,3787,Clothing,2025-07-08,Verified,Mangaluru FSL,True
11276,3787,Blood Sample,2025-07-08,Pending Analysis,Bengaluru FSL,True
11277,3788,Clothing,2024-07-19,Pending Analysis,Bengaluru FSL,True
11278,3788,DNA Sample,2024-07-19,Collected,Mangaluru FSL,True
11279,3788,Vehicle,2024-07-19,Pending Analysis,Mangaluru FSL,False
11280,3788,Document,2024-07-19,Sent to FSL,Mysuru FSL,True
11281,3789,Knife,2026-06-09,Sent to FSL,Bengaluru FSL,True
11282,3790,Knife,2023-09-27,Sent to FSL,Bengaluru FSL,False
11283,3791,Document,2025-05-23,Pending Analysis,Mangaluru FSL,False
11284,3792,CCTV Footage,2025-12-01,Pending Analysis,Mysuru FSL,True
11285,3792,Laptop,2025-12-01,Rejected,Mangaluru FSL,False
11286,3793,Laptop,2024-04-03,Sent to FSL,Mangaluru FSL,False
11287,3793,SIM Card,2024-04-03,Rejected,Bengaluru FSL,True
11288,3793,Fingerprint,2024-04-03,Pending Analysis,Mangaluru FSL,False
11289,3794,Mobile Phone,2026-05-27,Rejected,Mysuru FSL,False
11290,3794,Clothing,2026-05-27,Verified,Bengaluru FSL,True
11291,3795,Hard Disk,2026-02-13,Collected,Bengaluru FSL,True
11292,3796,Hard Disk,2023-12-22,Sent to FSL,Bengaluru FSL,True
11293,3796,Fingerprint,2023-12-22,Sent to FSL,Bengaluru FSL,False
11294,3796,CCTV Footage,2023-12-22,Verified,Bengaluru FSL,False
11295,3796,Clothing,2023-12-22,Verified,Bengaluru FSL,False
11296,3797,SIM Card,2025-05-15,Sent to FSL,Mysuru FSL,False
11297,3797,DNA Sample,2025-05-15,Sent to FSL,Mangaluru FSL,True
11298,3797,CCTV Footage,2025-05-15,Sent to FSL,Mysuru FSL,False
11299,3798,Blood Sample,2026-06-24,Verified,Bengaluru FSL,True
11300,3799,Vehicle,2026-07-05,Pending Analysis,Mysuru FSL,True
11301,3800,Laptop,2025-02-02,Sent to FSL,Mysuru FSL,False
11302,3801,Vehicle,2022-04-28,Verified,Mysuru FSL,False
11303,3801,CCTV Footage,2022-04-28,Pending Analysis,Mysuru FSL,False
11304,3801,Knife,2022-04-28,Pending Analysis,Mangaluru FSL,False
11305,3801,Document,2022-04-28,Verified,Mangaluru FSL,True
11306,3802,CCTV Footage,2024-07-18,Sent to FSL,Mysuru FSL,False
11307,3802,Clothing,2024-07-18,Rejected,Mangaluru FSL,True
11308,3802,USB Drive,2024-07-18,Collected,Mangaluru FSL,False
11309,3803,Drug Sample,2022-05-17,Rejected,Bengaluru FSL,True
11310,3803,Blood Sample,2022-05-17,Verified,Mysuru FSL,True
11311,3803,CCTV Footage,2022-05-17,Verified,Mysuru FSL,True
11312,3804,Knife,2025-07-23,Collected,Bengaluru FSL,True
11313,3805,SIM Card,2024-06-29,Collected,Mangaluru FSL,True
11314,3805,Clothing,2024-06-29,Pending Analysis,Mangaluru FSL,False
11315,3806,SIM Card,2026-08-04,Pending Analysis,Bengaluru FSL,False
11316,3806,Firearm,2026-08-04,Verified,Mysuru FSL,True
11317,3806,CCTV Footage,2026-08-04,Collected,Mangaluru FSL,True
11318,3807,Document,2025-05-14,Verified,Mangaluru FSL,False
11319,3807,Hard Disk,2025-05-14,Verified,Mysuru FSL,True
11320,3807,Drug Sample,2025-05-14,Verified,Mangaluru FSL,True
11321,3807,Firearm,2025-05-14,Collected,Mysuru FSL,False
11322,3807,USB Drive,2025-05-14,Verified,Mangaluru FSL,True
11323,3808,Document,2022-06-14,Rejected,Mangaluru FSL,False
11324,3808,Laptop,2022-06-14,Pending Analysis,Mangaluru FSL,True
11325,3808,Knife,2022-06-14,Sent to FSL,Mangaluru FSL,False
11326,3809,CCTV Footage,2025-01-13,Sent to FSL,Mangaluru FSL,True
11327,3809,Fingerprint,2025-01-13,Sent to FSL,Mysuru FSL,True
11328,3809,Blood Sample,2025-01-13,Rejected,Mysuru FSL,True
11329,3810,Drug Sample,2025-12-08,Pending Analysis,Mysuru FSL,False
11330,3810,USB Drive,2025-12-08,Collected,Mysuru FSL,True
11331,3810,Blood Sample,2025-12-08,Sent to FSL,Bengaluru FSL,True
11332,3810,Mobile Phone,2025-12-08,Collected,Mysuru FSL,False
11333,3811,USB Drive,2024-10-09,Collected,Mangaluru FSL,True
11334,3811,Clothing,2024-10-09,Sent to FSL,Bengaluru FSL,True
11335,3811,Mobile Phone,2024-10-09,Sent to FSL,Mangaluru FSL,False
11336,3811,Fingerprint,2024-10-09,Pending Analysis,Bengaluru FSL,False
11337,3811,Hard Disk,2024-10-09,Collected,Mangaluru FSL,True
11338,3812,Fingerprint,2023-11-29,Sent to FSL,Bengaluru FSL,True
11339,3812,USB Drive,2023-11-29,Collected,Mysuru FSL,False
11340,3812,SIM Card,2023-11-29,Sent to FSL,Mangaluru FSL,True
11341,3812,Document,2023-11-29,Rejected,Mangaluru FSL,False
11342,3813,Firearm,2025-09-27,Pending Analysis,Mangaluru FSL,False
11343,3813,Mobile Phone,2025-09-27,Rejected,Mangaluru FSL,True
11344,3813,Vehicle,2025-09-27,Pending Analysis,Bengaluru FSL,False
11345,3814,Firearm,2023-03-16,Pending Analysis,Mangaluru FSL,False
11346,3814,Mobile Phone,2023-03-16,Rejected,Mangaluru FSL,True
11347,3814,USB Drive,2023-03-16,Verified,Mysuru FSL,False
11348,3815,Firearm,2023-09-22,Rejected,Mysuru FSL,True
11349,3815,DNA Sample,2023-09-22,Rejected,Bengaluru FSL,True
11350,3815,Hard Disk,2023-09-22,Verified,Mysuru FSL,False
11351,3815,Drug Sample,2023-09-22,Verified,Bengaluru FSL,True
11352,3815,USB Drive,2023-09-22,Collected,Mangaluru FSL,False
11353,3816,Document,2022-01-12,Collected,Bengaluru FSL,True
11354,3816,DNA Sample,2022-01-12,Collected,Bengaluru FSL,False
11355,3817,Hard Disk,2022-07-16,Sent to FSL,Mangaluru FSL,False
11356,3817,Document,2022-07-16,Pending Analysis,Mangaluru FSL,True
11357,3817,SIM Card,2022-07-16,Sent to FSL,Bengaluru FSL,False
11358,3818,SIM Card,2023-08-13,Collected,Mysuru FSL,False
11359,3818,Document,2023-08-13,Verified,Mangaluru FSL,True
11360,3818,Laptop,2023-08-13,Sent to FSL,Bengaluru FSL,True
11361,3819,Vehicle,2023-02-21,Rejected,Mysuru FSL,True
11362,3819,Laptop,2023-02-21,Pending Analysis,Bengaluru FSL,True
11363,3820,Mobile Phone,2026-03-01,Verified,Mysuru FSL,True
11364,3820,USB Drive,2026-03-01,Sent to FSL,Mysuru FSL,False
11365,3820,Drug Sample,2026-03-01,Verified,Mysuru FSL,False
11366,3820,Firearm,2026-03-01,Collected,Mysuru FSL,True
11367,3821,CCTV Footage,2022-09-13,Rejected,Bengaluru FSL,True
11368,3822,CCTV Footage,2022-08-04,Rejected,Mangaluru FSL,False
11369,3822,Blood Sample,2022-08-04,Sent to FSL,Mysuru FSL,False
11370,3822,DNA Sample,2022-08-04,Rejected,Mysuru FSL,False
11371,3822,Drug Sample,2022-08-04,Sent to FSL,Mangaluru FSL,True
11372,3823,Vehicle,2022-07-15,Collected,Mangaluru FSL,False
11373,3824,Hard Disk,2024-04-08,Rejected,Bengaluru FSL,True
11374,3824,CCTV Footage,2024-04-08,Pending Analysis,Mysuru FSL,True
11375,3824,Blood Sample,2024-04-08,Verified,Mysuru FSL,False
11376,3825,CCTV Footage,2025-12-30,Pending Analysis,Mysuru FSL,True
11377,3825,Firearm,2025-12-30,Sent to FSL,Mangaluru FSL,True
11378,3825,Document,2025-12-30,Sent to FSL,Mysuru FSL,False
11379,3825,USB Drive,2025-12-30,Rejected,Bengaluru FSL,False
11380,3826,USB Drive,2022-05-01,Pending Analysis,Mangaluru FSL,True
11381,3826,Mobile Phone,2022-05-01,Rejected,Mysuru FSL,False
11382,3826,Blood Sample,2022-05-01,Sent to FSL,Mysuru FSL,False
11383,3827,Document,2026-11-10,Collected,Mangaluru FSL,True
11384,3827,CCTV Footage,2026-11-10,Pending Analysis,Bengaluru FSL,True
11385,3827,Mobile Phone,2026-11-10,Sent to FSL,Mangaluru FSL,True
11386,3827,Firearm,2026-11-10,Collected,Mangaluru FSL,True
11387,3827,Fingerprint,2026-11-10,Pending Analysis,Mangaluru FSL,False
11388,3828,Mobile Phone,2024-10-12,Rejected,Bengaluru FSL,True
11389,3828,Clothing,2024-10-12,Collected,Mysuru FSL,True
11390,3828,Hard Disk,2024-10-12,Collected,Mangaluru FSL,True
11391,3829,Mobile Phone,2025-10-15,Sent to FSL,Mysuru FSL,True
11392,3829,USB Drive,2025-10-15,Collected,Mysuru FSL,False
11393,3829,DNA Sample,2025-10-15,Pending Analysis,Mysuru FSL,False
11394,3830,Clothing,2025-04-22,Pending Analysis,Mysuru FSL,True
11395,3830,USB Drive,2025-04-22,Verified,Mangaluru FSL,False
11396,3830,Blood Sample,2025-04-22,Sent to FSL,Mysuru FSL,False
11397,3830,CCTV Footage,2025-04-22,Collected,Mysuru FSL,False
11398,3830,Knife,2025-04-22,Verified,Bengaluru FSL,False
11399,3831,Document,2024-06-17,Sent to FSL,Mangaluru FSL,False
11400,3831,Drug Sample,2024-06-17,Pending Analysis,Mysuru FSL,False
11401,3831,CCTV Footage,2024-06-17,Pending Analysis,Bengaluru FSL,False
11402,3832,CCTV Footage,2022-12-18,Collected,Bengaluru FSL,True
11403,3833,USB Drive,2023-07-18,Rejected,Mangaluru FSL,True
11404,3833,Firearm,2023-07-18,Rejected,Mangaluru FSL,False
11405,3834,Laptop,2026-09-14,Pending Analysis,Mangaluru FSL,True
11406,3834,Mobile Phone,2026-09-14,Sent to FSL,Mangaluru FSL,False
11407,3834,Vehicle,2026-09-14,Sent to FSL,Mangaluru FSL,False
11408,3835,Hard Disk,2026-08-04,Sent to FSL,Mysuru FSL,True
11409,3835,CCTV Footage,2026-08-04,Sent to FSL,Mysuru FSL,True
11410,3835,Vehicle,2026-08-04,Verified,Mysuru FSL,False
11411,3835,Clothing,2026-08-04,Verified,Mysuru FSL,True
11412,3836,Firearm,2025-06-30,Collected,Mysuru FSL,True
11413,3836,USB Drive,2025-06-30,Verified,Mangaluru FSL,True
11414,3837,SIM Card,2022-09-21,Rejected,Mysuru FSL,True
11415,3837,Blood Sample,2022-09-21,Sent to FSL,Mysuru FSL,False
11416,3837,CCTV Footage,2022-09-21,Verified,Mysuru FSL,True
11417,3837,Fingerprint,2022-09-21,Pending Analysis,Mysuru FSL,False
11418,3838,Vehicle,2025-06-09,Verified,Mysuru FSL,False
11419,3838,DNA Sample,2025-06-09,Collected,Mysuru FSL,True
11420,3838,Knife,2025-06-09,Rejected,Mangaluru FSL,False
11421,3839,Document,2026-07-18,Pending Analysis,Mysuru FSL,True
11422,3839,USB Drive,2026-07-18,Rejected,Mysuru FSL,False
11423,3840,Laptop,2022-01-12,Pending Analysis,Mangaluru FSL,True
11424,3841,Blood Sample,2022-02-06,Pending Analysis,Mysuru FSL,True
11425,3841,USB Drive,2022-02-06,Collected,Mysuru FSL,True
11426,3841,SIM Card,2022-02-06,Sent to FSL,Bengaluru FSL,False
11427,3841,Knife,2022-02-06,Rejected,Bengaluru FSL,True
11428,3842,Laptop,2025-12-09,Verified,Bengaluru FSL,False
11429,3842,CCTV Footage,2025-12-09,Sent to FSL,Bengaluru FSL,True
11430,3842,SIM Card,2025-12-09,Pending Analysis,Bengaluru FSL,True
11431,3842,DNA Sample,2025-12-09,Collected,Bengaluru FSL,False
11432,3842,USB Drive,2025-12-09,Pending Analysis,Bengaluru FSL,True
11433,3843,Vehicle,2023-04-21,Verified,Bengaluru FSL,True
11434,3843,DNA Sample,2023-04-21,Verified,Mangaluru FSL,True
11435,3843,CCTV Footage,2023-04-21,Pending Analysis,Bengaluru FSL,False
11436,3844,Knife,2024-02-02,Sent to FSL,Bengaluru FSL,True
11437,3844,Firearm,2024-02-02,Collected,Mysuru FSL,True
11438,3844,DNA Sample,2024-02-02,Sent to FSL,Mangaluru FSL,False
11439,3845,Hard Disk,2023-05-14,Rejected,Bengaluru FSL,True
11440,3845,Vehicle,2023-05-14,Rejected,Mangaluru FSL,True
11441,3845,Mobile Phone,2023-05-14,Pending Analysis,Bengaluru FSL,True
11442,3845,USB Drive,2023-05-14,Verified,Mysuru FSL,False
11443,3846,Fingerprint,2023-04-12,Verified,Mysuru FSL,True
11444,3847,Mobile Phone,2023-05-10,Rejected,Mangaluru FSL,True
11445,3848,Firearm,2025-03-15,Rejected,Bengaluru FSL,True
11446,3848,Document,2025-03-15,Verified,Mangaluru FSL,False
11447,3848,Blood Sample,2025-03-15,Pending Analysis,Bengaluru FSL,True
11448,3848,Drug Sample,2025-03-15,Rejected,Mangaluru FSL,False
11449,3849,Firearm,2024-11-08,Sent to FSL,Bengaluru FSL,True
11450,3850,Mobile Phone,2024-04-11,Rejected,Bengaluru FSL,False
11451,3850,Blood Sample,2024-04-11,Verified,Mysuru FSL,True
11452,3850,Hard Disk,2024-04-11,Sent to FSL,Mangaluru FSL,True
11453,3851,CCTV Footage,2025-08-14,Sent to FSL,Mangaluru FSL,True
11454,3851,Vehicle,2025-08-14,Rejected,Mysuru FSL,True
11455,3852,Vehicle,2026-06-06,Sent to FSL,Mangaluru FSL,False
11456,3852,Firearm,2026-06-06,Pending Analysis,Mysuru FSL,False
11457,3852,Drug Sample,2026-06-06,Rejected,Mangaluru FSL,True
11458,3852,Fingerprint,2026-06-06,Verified,Mangaluru FSL,False
11459,3853,Mobile Phone,2022-08-27,Rejected,Mangaluru FSL,True
11460,3853,Blood Sample,2022-08-27,Collected,Bengaluru FSL,False
11461,3853,DNA Sample,2022-08-27,Collected,Bengaluru FSL,False
11462,3853,SIM Card,2022-08-27,Pending Analysis,Mangaluru FSL,False
11463,3854,USB Drive,2026-08-22,Rejected,Mangaluru FSL,True
11464,3854,Mobile Phone,2026-08-22,Rejected,Bengaluru FSL,True
11465,3854,Document,2026-08-22,Verified,Mysuru FSL,False
11466,3854,CCTV Footage,2026-08-22,Rejected,Mysuru FSL,False
11467,3855,DNA Sample,2025-10-20,Pending Analysis,Mangaluru FSL,True
11468,3855,Blood Sample,2025-10-20,Rejected,Bengaluru FSL,True
11469,3856,Laptop,2025-08-08,Sent to FSL,Bengaluru FSL,False
11470,3856,Mobile Phone,2025-08-08,Verified,Mysuru FSL,False
11471,3857,Knife,2026-10-31,Sent to FSL,Mangaluru FSL,True
11472,3857,Firearm,2026-10-31,Rejected,Bengaluru FSL,False
11473,3857,USB Drive,2026-10-31,Sent to FSL,Mangaluru FSL,True
11474,3858,Document,2025-03-13,Collected,Mysuru FSL,True
11475,3858,Knife,2025-03-13,Sent to FSL,Mangaluru FSL,False
11476,3859,Laptop,2025-06-20,Pending Analysis,Mysuru FSL,True
11477,3859,Document,2025-06-20,Collected,Mangaluru FSL,False
11478,3859,Blood Sample,2025-06-20,Pending Analysis,Mysuru FSL,False
11479,3860,Knife,2022-02-06,Rejected,Mysuru FSL,True
11480,3860,Firearm,2022-02-06,Verified,Mangaluru FSL,True
11481,3860,SIM Card,2022-02-06,Rejected,Mangaluru FSL,False
11482,3860,Fingerprint,2022-02-06,Collected,Bengaluru FSL,True
11483,3861,Fingerprint,2024-10-21,Collected,Bengaluru FSL,True
11484,3861,Vehicle,2024-10-21,Pending Analysis,Mysuru FSL,False
11485,3861,Clothing,2024-10-21,Verified,Bengaluru FSL,True
11486,3861,Mobile Phone,2024-10-21,Verified,Bengaluru FSL,False
11487,3861,Knife,2024-10-21,Collected,Mysuru FSL,True
11488,3862,Hard Disk,2025-02-26,Pending Analysis,Mangaluru FSL,True
11489,3862,SIM Card,2025-02-26,Sent to FSL,Mangaluru FSL,True
11490,3862,Blood Sample,2025-02-26,Collected,Mysuru FSL,False
11491,3862,Mobile Phone,2025-02-26,Sent to FSL,Mangaluru FSL,True
11492,3863,Hard Disk,2023-05-30,Collected,Bengaluru FSL,True
11493,3863,Drug Sample,2023-05-30,Collected,Mangaluru FSL,False
11494,3863,Laptop,2023-05-30,Rejected,Mangaluru FSL,True
11495,3864,Laptop,2026-01-04,Collected,Mangaluru FSL,True
11496,3865,DNA Sample,2024-01-21,Collected,Mangaluru FSL,True
11497,3865,Mobile Phone,2024-01-21,Pending Analysis,Mangaluru FSL,True
11498,3865,CCTV Footage,2024-01-21,Collected,Mysuru FSL,True
11499,3865,Clothing,2024-01-21,Rejected,Mysuru FSL,False
11500,3865,Hard Disk,2024-01-21,Pending Analysis,Bengaluru FSL,True
11501,3866,Fingerprint,2022-08-10,Sent to FSL,Bengaluru FSL,True
11502,3866,USB Drive,2022-08-10,Collected,Bengaluru FSL,False
11503,3867,USB Drive,2023-06-13,Verified,Mangaluru FSL,True
11504,3867,Fingerprint,2023-06-13,Verified,Mysuru FSL,False
11505,3868,Document,2024-01-13,Pending Analysis,Mysuru FSL,False
11506,3868,Blood Sample,2024-01-13,Collected,Bengaluru FSL,False
11507,3868,Firearm,2024-01-13,Pending Analysis,Bengaluru FSL,False
11508,3868,Laptop,2024-01-13,Pending Analysis,Mysuru FSL,False
11509,3869,Mobile Phone,2026-06-07,Verified,Mangaluru FSL,False
11510,3869,Blood Sample,2026-06-07,Sent to FSL,Mangaluru FSL,True
11511,3869,Firearm,2026-06-07,Pending Analysis,Bengaluru FSL,False
11512,3869,Hard Disk,2026-06-07,Collected,Bengaluru FSL,False
11513,3870,Fingerprint,2024-10-16,Pending Analysis,Mangaluru FSL,True
11514,3870,Vehicle,2024-10-16,Verified,Mangaluru FSL,False
11515,3870,Blood Sample,2024-10-16,Pending Analysis,Mangaluru FSL,False
11516,3871,Fingerprint,2022-06-11,Pending Analysis,Bengaluru FSL,False
11517,3871,Vehicle,2022-06-11,Rejected,Mysuru FSL,True
11518,3872,CCTV Footage,2024-03-30,Collected,Bengaluru FSL,False
11519,3872,Fingerprint,2024-03-30,Rejected,Bengaluru FSL,False
11520,3873,Fingerprint,2024-07-22,Sent to FSL,Bengaluru FSL,True
11521,3873,Mobile Phone,2024-07-22,Sent to FSL,Mysuru FSL,False
11522,3874,Firearm,2023-10-16,Collected,Bengaluru FSL,True
11523,3874,Blood Sample,2023-10-16,Collected,Mysuru FSL,False
11524,3874,Knife,2023-10-16,Rejected,Mysuru FSL,True
11525,3874,CCTV Footage,2023-10-16,Verified,Mangaluru FSL,True
11526,3875,Document,2023-02-04,Rejected,Mysuru FSL,True
11527,3875,Firearm,2023-02-04,Verified,Mysuru FSL,False
11528,3875,Mobile Phone,2023-02-04,Collected,Mangaluru FSL,True
11529,3876,Fingerprint,2023-05-23,Sent to FSL,Mangaluru FSL,True
11530,3876,Mobile Phone,2023-05-23,Verified,Bengaluru FSL,False
11531,3876,Firearm,2023-05-23,Collected,Mysuru FSL,False
11532,3876,Document,2023-05-23,Verified,Mangaluru FSL,True
11533,3876,Vehicle,2023-05-23,Pending Analysis,Mysuru FSL,False
11534,3877,Vehicle,2024-05-18,Collected,Bengaluru FSL,False
11535,3878,Mobile Phone,2022-02-12,Collected,Mysuru FSL,False
11536,3879,Laptop,2022-11-21,Rejected,Bengaluru FSL,False
11537,3879,Document,2022-11-21,Verified,Bengaluru FSL,False
11538,3879,DNA Sample,2022-11-21,Rejected,Mangaluru FSL,True
11539,3879,Firearm,2022-11-21,Verified,Mysuru FSL,False
11540,3880,DNA Sample,2024-08-27,Sent to FSL,Mangaluru FSL,False
11541,3880,Firearm,2024-08-27,Rejected,Mysuru FSL,True
11542,3880,Laptop,2024-08-27,Sent to FSL,Mysuru FSL,True
11543,3880,Hard Disk,2024-08-27,Collected,Mangaluru FSL,True
11544,3881,Document,2023-11-21,Pending Analysis,Bengaluru FSL,True
11545,3881,DNA Sample,2023-11-21,Rejected,Mangaluru FSL,False
11546,3881,Mobile Phone,2023-11-21,Pending Analysis,Bengaluru FSL,False
11547,3881,Laptop,2023-11-21,Pending Analysis,Mangaluru FSL,True
11548,3881,Fingerprint,2023-11-21,Rejected,Mangaluru FSL,True
11549,3882,Blood Sample,2023-04-11,Rejected,Mysuru FSL,False
11550,3883,SIM Card,2022-08-16,Verified,Bengaluru FSL,False
11551,3883,Vehicle,2022-08-16,Verified,Mangaluru FSL,False
11552,3884,Mobile Phone,2024-12-19,Verified,Bengaluru FSL,True
11553,3885,Clothing,2025-08-04,Rejected,Bengaluru FSL,False
11554,3885,USB Drive,2025-08-04,Sent to FSL,Mysuru FSL,True
11555,3886,Blood Sample,2023-07-12,Verified,Bengaluru FSL,True
11556,3886,Drug Sample,2023-07-12,Sent to FSL,Mangaluru FSL,False
11557,3886,Fingerprint,2023-07-12,Collected,Mangaluru FSL,True
11558,3887,Laptop,2023-01-01,Collected,Mangaluru FSL,False
11559,3887,Clothing,2023-01-01,Verified,Mangaluru FSL,True
11560,3887,Vehicle,2023-01-01,Sent to FSL,Mangaluru FSL,False
11561,3887,Document,2023-01-01,Pending Analysis,Mysuru FSL,True
11562,3888,SIM Card,2022-03-30,Sent to FSL,Mysuru FSL,False
11563,3888,DNA Sample,2022-03-30,Rejected,Mangaluru FSL,True
11564,3889,Hard Disk,2023-12-10,Rejected,Mangaluru FSL,True
11565,3889,DNA Sample,2023-12-10,Pending Analysis,Mysuru FSL,True
11566,3889,Clothing,2023-12-10,Sent to FSL,Bengaluru FSL,False
11567,3890,Vehicle,2025-03-13,Rejected,Mysuru FSL,False
11568,3890,DNA Sample,2025-03-13,Pending Analysis,Mysuru FSL,False
11569,3890,Fingerprint,2025-03-13,Pending Analysis,Mysuru FSL,False
11570,3890,Firearm,2025-03-13,Verified,Bengaluru FSL,False
11571,3890,SIM Card,2025-03-13,Sent to FSL,Mysuru FSL,False
11572,3891,Knife,2026-01-18,Rejected,Mangaluru FSL,True
11573,3891,Document,2026-01-18,Sent to FSL,Mangaluru FSL,False
11574,3892,Drug Sample,2026-12-13,Sent to FSL,Mysuru FSL,False
11575,3892,USB Drive,2026-12-13,Rejected,Mangaluru FSL,True
11576,3892,Knife,2026-12-13,Rejected,Mysuru FSL,False
11577,3893,Firearm,2024-02-01,Verified,Mangaluru FSL,True
11578,3893,Blood Sample,2024-02-01,Pending Analysis,Mangaluru FSL,False
11579,3893,Document,2024-02-01,Rejected,Mysuru FSL,False
11580,3893,Drug Sample,2024-02-01,Verified,Bengaluru FSL,True
11581,3893,Knife,2024-02-01,Collected,Bengaluru FSL,True
11582,3894,Firearm,2023-07-23,Pending Analysis,Mangaluru FSL,False
11583,3894,DNA Sample,2023-07-23,Collected,Mysuru FSL,True
11584,3894,Blood Sample,2023-07-23,Pending Analysis,Mysuru FSL,True
11585,3894,USB Drive,2023-07-23,Verified,Bengaluru FSL,False
11586,3894,CCTV Footage,2023-07-23,Verified,Bengaluru FSL,True
11587,3895,Clothing,2025-10-10,Sent to FSL,Mangaluru FSL,True
11588,3895,DNA Sample,2025-10-10,Collected,Mysuru FSL,False
11589,3895,Drug Sample,2025-10-10,Pending Analysis,Mysuru FSL,False
11590,3896,DNA Sample,2022-01-27,Rejected,Mysuru FSL,True
11591,3896,Mobile Phone,2022-01-27,Collected,Mangaluru FSL,False
11592,3896,Drug Sample,2022-01-27,Verified,Mangaluru FSL,True
11593,3897,Mobile Phone,2025-02-20,Rejected,Mangaluru FSL,False
11594,3897,DNA Sample,2025-02-20,Pending Analysis,Mysuru FSL,False
11595,3897,Knife,2025-02-20,Verified,Mangaluru FSL,False
11596,3897,SIM Card,2025-02-20,Collected,Mangaluru FSL,False
11597,3897,Drug Sample,2025-02-20,Verified,Mysuru FSL,True
11598,3898,SIM Card,2026-09-11,Sent to FSL,Bengaluru FSL,False
11599,3898,Vehicle,2026-09-11,Collected,Bengaluru FSL,False
11600,3898,Drug Sample,2026-09-11,Pending Analysis,Mysuru FSL,True
11601,3898,CCTV Footage,2026-09-11,Sent to FSL,Bengaluru FSL,False
11602,3899,Vehicle,2025-12-27,Collected,Mangaluru FSL,False
11603,3899,USB Drive,2025-12-27,Verified,Mangaluru FSL,False
11604,3900,Firearm,2024-03-15,Verified,Bengaluru FSL,False
11605,3901,SIM Card,2024-09-08,Verified,Bengaluru FSL,True
11606,3901,Clothing,2024-09-08,Collected,Mysuru FSL,True
11607,3901,Mobile Phone,2024-09-08,Verified,Mysuru FSL,True
11608,3902,Document,2022-12-12,Pending Analysis,Mangaluru FSL,False
11609,3902,Blood Sample,2022-12-12,Collected,Mangaluru FSL,False
11610,3903,Laptop,2026-01-05,Rejected,Mangaluru FSL,False
11611,3903,Vehicle,2026-01-05,Pending Analysis,Mysuru FSL,False
11612,3903,Document,2026-01-05,Pending Analysis,Mangaluru FSL,True
11613,3903,Mobile Phone,2026-01-05,Rejected,Mangaluru FSL,True
11614,3904,Fingerprint,2024-01-15,Collected,Mangaluru FSL,False
11615,3904,Knife,2024-01-15,Verified,Mysuru FSL,True
11616,3904,Blood Sample,2024-01-15,Verified,Mangaluru FSL,False
11617,3904,Document,2024-01-15,Verified,Mangaluru FSL,True
11618,3904,Firearm,2024-01-15,Pending Analysis,Mangaluru FSL,True
11619,3905,SIM Card,2026-12-08,Sent to FSL,Mysuru FSL,True
11620,3905,Firearm,2026-12-08,Rejected,Mysuru FSL,True
11621,3905,Document,2026-12-08,Collected,Bengaluru FSL,False
11622,3905,Blood Sample,2026-12-08,Rejected,Bengaluru FSL,True
11623,3905,Knife,2026-12-08,Collected,Mysuru FSL,False
11624,3906,DNA Sample,2023-03-07,Rejected,Mangaluru FSL,False
11625,3906,USB Drive,2023-03-07,Verified,Mysuru FSL,True
11626,3906,Blood Sample,2023-03-07,Rejected,Mysuru FSL,False
11627,3907,Fingerprint,2026-04-02,Rejected,Mysuru FSL,True
11628,3907,Firearm,2026-04-02,Sent to FSL,Bengaluru FSL,False
11629,3907,Laptop,2026-04-02,Collected,Mangaluru FSL,True
11630,3907,Clothing,2026-04-02,Pending Analysis,Bengaluru FSL,False
11631,3907,Mobile Phone,2026-04-02,Collected,Mangaluru FSL,False
11632,3908,Fingerprint,2023-05-27,Collected,Mysuru FSL,False
11633,3908,Laptop,2023-05-27,Sent to FSL,Mysuru FSL,False
11634,3908,Firearm,2023-05-27,Sent to FSL,Mangaluru FSL,False
11635,3908,CCTV Footage,2023-05-27,Rejected,Mangaluru FSL,False
11636,3909,Hard Disk,2022-06-22,Sent to FSL,Mysuru FSL,True
11637,3909,Vehicle,2022-06-22,Sent to FSL,Mysuru FSL,False
11638,3909,Drug Sample,2022-06-22,Pending Analysis,Mangaluru FSL,True
11639,3909,Blood Sample,2022-06-22,Sent to FSL,Bengaluru FSL,True
11640,3909,Clothing,2022-06-22,Rejected,Mysuru FSL,False
11641,3910,Fingerprint,2023-08-26,Pending Analysis,Bengaluru FSL,False
11642,3910,USB Drive,2023-08-26,Pending Analysis,Mangaluru FSL,True
11643,3910,Vehicle,2023-08-26,Collected,Bengaluru FSL,False
11644,3910,Firearm,2023-08-26,Verified,Mangaluru FSL,False
11645,3910,CCTV Footage,2023-08-26,Collected,Mangaluru FSL,False
11646,3911,SIM Card,2023-08-31,Pending Analysis,Bengaluru FSL,False
11647,3911,Fingerprint,2023-08-31,Sent to FSL,Mangaluru FSL,False
11648,3911,Vehicle,2023-08-31,Collected,Mysuru FSL,False
11649,3911,USB Drive,2023-08-31,Sent to FSL,Bengaluru FSL,True
11650,3911,Drug Sample,2023-08-31,Collected,Mangaluru FSL,True
11651,3912,Firearm,2024-05-04,Pending Analysis,Bengaluru FSL,False
11652,3912,Fingerprint,2024-05-04,Verified,Mysuru FSL,True
11653,3912,Blood Sample,2024-05-04,Rejected,Mysuru FSL,True
11654,3913,Fingerprint,2025-05-20,Rejected,Bengaluru FSL,True
11655,3913,Knife,2025-05-20,Collected,Mangaluru FSL,True
11656,3913,Document,2025-05-20,Sent to FSL,Mysuru FSL,True
11657,3913,DNA Sample,2025-05-20,Verified,Mangaluru FSL,False
11658,3913,CCTV Footage,2025-05-20,Rejected,Mangaluru FSL,False
11659,3914,Drug Sample,2022-05-25,Rejected,Bengaluru FSL,False
11660,3914,Fingerprint,2022-05-25,Verified,Bengaluru FSL,True
11661,3914,CCTV Footage,2022-05-25,Sent to FSL,Mysuru FSL,False
11662,3914,Firearm,2022-05-25,Sent to FSL,Mysuru FSL,False
11663,3915,Clothing,2022-03-19,Pending Analysis,Bengaluru FSL,True
11664,3915,Vehicle,2022-03-19,Rejected,Mangaluru FSL,False
11665,3916,CCTV Footage,2025-10-05,Sent to FSL,Mangaluru FSL,False
11666,3916,Laptop,2025-10-05,Collected,Mysuru FSL,True
11667,3916,Fingerprint,2025-10-05,Collected,Mangaluru FSL,False
11668,3917,Firearm,2023-03-23,Rejected,Mysuru FSL,False
11669,3917,SIM Card,2023-03-23,Collected,Mysuru FSL,False
11670,3917,Knife,2023-03-23,Rejected,Bengaluru FSL,True
11671,3918,Fingerprint,2023-10-23,Pending Analysis,Mangaluru FSL,True
11672,3918,Clothing,2023-10-23,Collected,Bengaluru FSL,False
11673,3918,SIM Card,2023-10-23,Rejected,Mangaluru FSL,False
11674,3919,Laptop,2025-03-19,Verified,Mangaluru FSL,True
11675,3919,Firearm,2025-03-19,Verified,Mysuru FSL,False
11676,3919,DNA Sample,2025-03-19,Rejected,Mangaluru FSL,True
11677,3919,Clothing,2025-03-19,Pending Analysis,Mangaluru FSL,True
11678,3920,USB Drive,2026-01-25,Verified,Bengaluru FSL,False
11679,3920,Vehicle,2026-01-25,Rejected,Mangaluru FSL,False
11680,3921,Knife,2023-02-13,Sent to FSL,Bengaluru FSL,True
11681,3921,Firearm,2023-02-13,Collected,Mysuru FSL,True
11682,3921,Document,2023-02-13,Sent to FSL,Mangaluru FSL,True
11683,3921,USB Drive,2023-02-13,Pending Analysis,Bengaluru FSL,False
11684,3921,Blood Sample,2023-02-13,Sent to FSL,Mangaluru FSL,False
11685,3922,Laptop,2025-08-30,Sent to FSL,Mangaluru FSL,True
11686,3923,SIM Card,2023-11-07,Collected,Mangaluru FSL,True
11687,3923,Blood Sample,2023-11-07,Sent to FSL,Mangaluru FSL,True
11688,3923,Knife,2023-11-07,Sent to FSL,Mysuru FSL,True
11689,3924,DNA Sample,2026-07-15,Pending Analysis,Mysuru FSL,False
11690,3924,Document,2026-07-15,Sent to FSL,Bengaluru FSL,True
11691,3925,Document,2023-10-01,Rejected,Mangaluru FSL,False
11692,3926,Vehicle,2022-11-25,Rejected,Mysuru FSL,False
11693,3927,Drug Sample,2026-08-02,Pending Analysis,Bengaluru FSL,False
11694,3927,Hard Disk,2026-08-02,Verified,Mysuru FSL,True
11695,3928,Fingerprint,2022-07-10,Rejected,Bengaluru FSL,True
11696,3929,Document,2025-08-13,Rejected,Bengaluru FSL,False
11697,3930,CCTV Footage,2024-08-27,Pending Analysis,Bengaluru FSL,False
11698,3931,Fingerprint,2025-09-15,Verified,Mysuru FSL,True
11699,3931,Mobile Phone,2025-09-15,Sent to FSL,Mysuru FSL,True
11700,3932,Hard Disk,2026-09-17,Sent to FSL,Mangaluru FSL,False
11701,3932,Knife,2026-09-17,Pending Analysis,Mangaluru FSL,False
11702,3932,Vehicle,2026-09-17,Collected,Bengaluru FSL,False
11703,3933,Fingerprint,2024-12-26,Rejected,Bengaluru FSL,True
11704,3933,Mobile Phone,2024-12-26,Verified,Mysuru FSL,True
11705,3934,Knife,2025-12-22,Pending Analysis,Mysuru FSL,True
11706,3934,Mobile Phone,2025-12-22,Pending Analysis,Bengaluru FSL,False
11707,3934,Clothing,2025-12-22,Collected,Bengaluru FSL,False
11708,3935,Drug Sample,2022-12-08,Pending Analysis,Mangaluru FSL,False
11709,3935,Clothing,2022-12-08,Rejected,Mangaluru FSL,True
11710,3935,Hard Disk,2022-12-08,Sent to FSL,Bengaluru FSL,False
11711,3936,USB Drive,2024-12-22,Verified,Mangaluru FSL,True
11712,3936,Vehicle,2024-12-22,Pending Analysis,Mysuru FSL,True
11713,3936,CCTV Footage,2024-12-22,Sent to FSL,Mysuru FSL,False
11714,3937,Clothing,2025-08-23,Sent to FSL,Mangaluru FSL,True
11715,3937,Firearm,2025-08-23,Rejected,Mangaluru FSL,True
11716,3937,Knife,2025-08-23,Pending Analysis,Mangaluru FSL,True
11717,3938,Mobile Phone,2024-11-10,Rejected,Mangaluru FSL,False
11718,3938,Laptop,2024-11-10,Rejected,Bengaluru FSL,False
11719,3938,USB Drive,2024-11-10,Pending Analysis,Bengaluru FSL,True
11720,3939,Vehicle,2022-10-05,Pending Analysis,Mysuru FSL,True
11721,3939,DNA Sample,2022-10-05,Collected,Bengaluru FSL,False
11722,3939,Drug Sample,2022-10-05,Pending Analysis,Mysuru FSL,False
11723,3940,SIM Card,2022-03-22,Rejected,Bengaluru FSL,True
11724,3940,Laptop,2022-03-22,Verified,Mysuru FSL,False
11725,3940,DNA Sample,2022-03-22,Pending Analysis,Mysuru FSL,True
11726,3941,SIM Card,2022-04-30,Sent to FSL,Mangaluru FSL,True
11727,3941,Fingerprint,2022-04-30,Collected,Mysuru FSL,True
11728,3941,DNA Sample,2022-04-30,Verified,Bengaluru FSL,False
11729,3941,Hard Disk,2022-04-30,Verified,Mangaluru FSL,False
11730,3941,Blood Sample,2022-04-30,Collected,Mangaluru FSL,False
11731,3942,CCTV Footage,2023-07-29,Sent to FSL,Mysuru FSL,True
11732,3942,Blood Sample,2023-07-29,Collected,Mangaluru FSL,False
11733,3942,SIM Card,2023-07-29,Pending Analysis,Mysuru FSL,True
11734,3943,CCTV Footage,2022-12-05,Pending Analysis,Mysuru FSL,False
11735,3943,Clothing,2022-12-05,Verified,Bengaluru FSL,False
11736,3943,Mobile Phone,2022-12-05,Collected,Mysuru FSL,False
11737,3944,Document,2023-12-16,Rejected,Bengaluru FSL,True
11738,3944,Drug Sample,2023-12-16,Verified,Bengaluru FSL,False
11739,3944,SIM Card,2023-12-16,Rejected,Mysuru FSL,True
11740,3944,Laptop,2023-12-16,Verified,Bengaluru FSL,False
11741,3945,Knife,2023-08-09,Sent to FSL,Mysuru FSL,True
11742,3945,Blood Sample,2023-08-09,Collected,Bengaluru FSL,False
11743,3946,DNA Sample,2026-12-17,Verified,Mysuru FSL,False
11744,3947,Knife,2024-11-07,Pending Analysis,Bengaluru FSL,False
11745,3947,Firearm,2024-11-07,Pending Analysis,Mysuru FSL,False
11746,3947,Fingerprint,2024-11-07,Rejected,Mysuru FSL,True
11747,3947,Blood Sample,2024-11-07,Pending Analysis,Bengaluru FSL,False
11748,3948,Knife,2025-09-05,Verified,Mangaluru FSL,True
11749,3948,Fingerprint,2025-09-05,Collected,Bengaluru FSL,False
11750,3948,Hard Disk,2025-09-05,Verified,Mysuru FSL,False
11751,3948,SIM Card,2025-09-05,Sent to FSL,Mysuru FSL,False
11752,3949,Fingerprint,2022-12-10,Pending Analysis,Mysuru FSL,False
11753,3949,Vehicle,2022-12-10,Sent to FSL,Bengaluru FSL,False
11754,3949,Hard Disk,2022-12-10,Verified,Mangaluru FSL,True
11755,3950,Hard Disk,2026-04-08,Verified,Mysuru FSL,True
11756,3950,USB Drive,2026-04-08,Collected,Bengaluru FSL,True
11757,3950,Document,2026-04-08,Verified,Bengaluru FSL,True
11758,3950,Blood Sample,2026-04-08,Collected,Bengaluru FSL,True
11759,3951,Firearm,2024-04-13,Rejected,Bengaluru FSL,False
11760,3951,Fingerprint,2024-04-13,Rejected,Bengaluru FSL,False
11761,3951,Document,2024-04-13,Collected,Bengaluru FSL,False
11762,3951,Vehicle,2024-04-13,Pending Analysis,Bengaluru FSL,True
11763,3951,USB Drive,2024-04-13,Verified,Mysuru FSL,False
11764,3952,Blood Sample,2026-09-07,Collected,Mysuru FSL,False
11765,3952,Vehicle,2026-09-07,Rejected,Mangaluru FSL,False
11766,3952,CCTV Footage,2026-09-07,Collected,Mysuru FSL,False
11767,3952,Hard Disk,2026-09-07,Pending Analysis,Mysuru FSL,True
11768,3953,Drug Sample,2024-04-24,Pending Analysis,Mysuru FSL,True
11769,3953,Knife,2024-04-24,Pending Analysis,Mangaluru FSL,False
11770,3953,Firearm,2024-04-24,Pending Analysis,Mysuru FSL,False
11771,3953,Blood Sample,2024-04-24,Sent to FSL,Mysuru FSL,True
11772,3954,Laptop,2026-02-17,Verified,Mangaluru FSL,True
11773,3954,Hard Disk,2026-02-17,Verified,Bengaluru FSL,False
11774,3954,Clothing,2026-02-17,Rejected,Bengaluru FSL,True
11775,3955,USB Drive,2026-09-05,Pending Analysis,Bengaluru FSL,True
11776,3955,Laptop,2026-09-05,Pending Analysis,Mysuru FSL,False
11777,3956,Fingerprint,2026-09-08,Sent to FSL,Mangaluru FSL,False
11778,3957,Drug Sample,2024-02-26,Verified,Mysuru FSL,True
11779,3958,SIM Card,2024-10-25,Rejected,Mangaluru FSL,True
11780,3958,Clothing,2024-10-25,Rejected,Bengaluru FSL,True
11781,3959,Laptop,2026-08-14,Rejected,Mysuru FSL,False
11782,3959,Vehicle,2026-08-14,Verified,Mangaluru FSL,False
11783,3959,USB Drive,2026-08-14,Rejected,Mysuru FSL,False
11784,3960,SIM Card,2026-03-23,Verified,Mysuru FSL,True
11785,3960,Laptop,2026-03-23,Collected,Bengaluru FSL,True
11786,3960,Fingerprint,2026-03-23,Rejected,Mysuru FSL,False
11787,3960,USB Drive,2026-03-23,Rejected,Mangaluru FSL,True
11788,3960,Blood Sample,2026-03-23,Collected,Bengaluru FSL,True
11789,3961,Firearm,2025-11-07,Sent to FSL,Bengaluru FSL,True
11790,3961,Vehicle,2025-11-07,Collected,Bengaluru FSL,True
11791,3961,Laptop,2025-11-07,Collected,Mysuru FSL,True
11792,3962,Clothing,2023-11-14,Collected,Mangaluru FSL,True
11793,3962,USB Drive,2023-11-14,Rejected,Mangaluru FSL,True
11794,3962,Blood Sample,2023-11-14,Rejected,Mangaluru FSL,True
11795,3963,DNA Sample,2022-04-28,Pending Analysis,Mysuru FSL,True
11796,3964,DNA Sample,2022-01-26,Sent to FSL,Mysuru FSL,True
11797,3964,Vehicle,2022-01-26,Pending Analysis,Bengaluru FSL,True
11798,3964,Drug Sample,2022-01-26,Collected,Mangaluru FSL,False
11799,3964,USB Drive,2022-01-26,Pending Analysis,Mangaluru FSL,True
11800,3964,Firearm,2022-01-26,Sent to FSL,Mangaluru FSL,False
11801,3965,Clothing,2026-10-06,Pending Analysis,Mysuru FSL,False
11802,3965,Mobile Phone,2026-10-06,Sent to FSL,Mysuru FSL,True
11803,3965,Document,2026-10-06,Verified,Mysuru FSL,True
11804,3965,Knife,2026-10-06,Rejected,Bengaluru FSL,False
11805,3965,DNA Sample,2026-10-06,Rejected,Mangaluru FSL,True
11806,3966,USB Drive,2023-11-09,Pending Analysis,Bengaluru FSL,True
11807,3967,Hard Disk,2022-04-18,Pending Analysis,Bengaluru FSL,False
11808,3967,CCTV Footage,2022-04-18,Verified,Mysuru FSL,True
11809,3967,USB Drive,2022-04-18,Rejected,Mysuru FSL,False
11810,3968,Drug Sample,2023-05-09,Sent to FSL,Mangaluru FSL,False
11811,3969,Drug Sample,2022-07-18,Verified,Mysuru FSL,True
11812,3969,DNA Sample,2022-07-18,Collected,Mysuru FSL,False
11813,3969,Vehicle,2022-07-18,Rejected,Mangaluru FSL,True
11814,3970,Document,2024-11-18,Verified,Mangaluru FSL,False
11815,3970,Clothing,2024-11-18,Collected,Bengaluru FSL,False
11816,3970,DNA Sample,2024-11-18,Verified,Bengaluru FSL,False
11817,3971,Firearm,2025-07-16,Sent to FSL,Bengaluru FSL,True
11818,3971,SIM Card,2025-07-16,Pending Analysis,Bengaluru FSL,False
11819,3972,Knife,2026-10-09,Collected,Mysuru FSL,True
11820,3973,USB Drive,2025-07-07,Collected,Bengaluru FSL,True
11821,3973,Firearm,2025-07-07,Sent to FSL,Bengaluru FSL,False
11822,3973,Document,2025-07-07,Pending Analysis,Mangaluru FSL,False
11823,3973,Drug Sample,2025-07-07,Pending Analysis,Bengaluru FSL,False
11824,3974,Document,2023-06-07,Pending Analysis,Mysuru FSL,True
11825,3974,SIM Card,2023-06-07,Collected,Mangaluru FSL,True
11826,3974,Fingerprint,2023-06-07,Sent to FSL,Bengaluru FSL,True
11827,3974,DNA Sample,2023-06-07,Sent to FSL,Bengaluru FSL,False
11828,3974,Clothing,2023-06-07,Collected,Mysuru FSL,False
11829,3975,Drug Sample,2024-04-06,Rejected,Mangaluru FSL,False
11830,3976,USB Drive,2024-02-20,Rejected,Mysuru FSL,True
11831,3976,Blood Sample,2024-02-20,Collected,Mysuru FSL,True
11832,3976,SIM Card,2024-02-20,Verified,Mangaluru FSL,False
11833,3976,Document,2024-02-20,Sent to FSL,Bengaluru FSL,True
11834,3976,Vehicle,2024-02-20,Verified,Bengaluru FSL,True
11835,3977,Drug Sample,2026-07-05,Verified,Bengaluru FSL,True
11836,3978,SIM Card,2026-03-11,Rejected,Bengaluru FSL,True
11837,3978,USB Drive,2026-03-11,Sent to FSL,Mysuru FSL,True
11838,3979,DNA Sample,2023-06-19,Pending Analysis,Bengaluru FSL,True
11839,3979,Firearm,2023-06-19,Sent to FSL,Bengaluru FSL,True
11840,3980,Blood Sample,2023-06-24,Sent to FSL,Mysuru FSL,True
11841,3980,DNA Sample,2023-06-24,Rejected,Mysuru FSL,True
11842,3980,SIM Card,2023-06-24,Sent to FSL,Mysuru FSL,False
11843,3980,Mobile Phone,2023-06-24,Pending Analysis,Mangaluru FSL,False
11844,3980,Firearm,2023-06-24,Pending Analysis,Mangaluru FSL,True
11845,3981,Fingerprint,2022-07-12,Verified,Mysuru FSL,False
11846,3981,Blood Sample,2022-07-12,Collected,Mysuru FSL,False
11847,3982,Knife,2022-01-26,Collected,Bengaluru FSL,True
11848,3982,Mobile Phone,2022-01-26,Rejected,Mysuru FSL,False
11849,3982,CCTV Footage,2022-01-26,Verified,Mysuru FSL,False
11850,3982,SIM Card,2022-01-26,Collected,Mangaluru FSL,False
11851,3983,CCTV Footage,2024-03-04,Verified,Bengaluru FSL,False
11852,3983,Fingerprint,2024-03-04,Rejected,Bengaluru FSL,True
11853,3983,Vehicle,2024-03-04,Pending Analysis,Mangaluru FSL,True
11854,3983,DNA Sample,2024-03-04,Verified,Bengaluru FSL,False
11855,3983,USB Drive,2024-03-04,Verified,Mangaluru FSL,False
11856,3984,Firearm,2024-09-25,Verified,Bengaluru FSL,True
11857,3984,Hard Disk,2024-09-25,Pending Analysis,Mangaluru FSL,True
11858,3984,Mobile Phone,2024-09-25,Rejected,Mangaluru FSL,False
11859,3984,Laptop,2024-09-25,Collected,Mangaluru FSL,False
11860,3985,Document,2024-02-12,Sent to FSL,Mangaluru FSL,True
11861,3985,Laptop,2024-02-12,Rejected,Mysuru FSL,False
11862,3985,SIM Card,2024-02-12,Pending Analysis,Mysuru FSL,False
11863,3986,Hard Disk,2022-03-05,Collected,Bengaluru FSL,True
11864,3986,CCTV Footage,2022-03-05,Verified,Bengaluru FSL,True
11865,3986,Blood Sample,2022-03-05,Verified,Mysuru FSL,False
11866,3986,Document,2022-03-05,Verified,Mangaluru FSL,False
11867,3987,Drug Sample,2023-12-11,Rejected,Mangaluru FSL,True
11868,3987,Mobile Phone,2023-12-11,Collected,Mangaluru FSL,True
11869,3987,USB Drive,2023-12-11,Pending Analysis,Mangaluru FSL,False
11870,3988,Hard Disk,2025-10-07,Rejected,Mysuru FSL,True
11871,3989,Drug Sample,2024-03-27,Verified,Mysuru FSL,True
11872,3989,Document,2024-03-27,Collected,Mysuru FSL,False
11873,3989,SIM Card,2024-03-27,Pending Analysis,Mangaluru FSL,True
11874,3989,Hard Disk,2024-03-27,Verified,Bengaluru FSL,True
11875,3989,Clothing,2024-03-27,Sent to FSL,Mangaluru FSL,True
11876,3990,Drug Sample,2022-11-01,Verified,Mysuru FSL,True
11877,3990,DNA Sample,2022-11-01,Collected,Mysuru FSL,False
11878,3991,Blood Sample,2024-06-23,Pending Analysis,Mysuru FSL,False
11879,3991,Fingerprint,2024-06-23,Pending Analysis,Bengaluru FSL,False
11880,3991,Document,2024-06-23,Verified,Mysuru FSL,True
11881,3991,Hard Disk,2024-06-23,Pending Analysis,Mangaluru FSL,True
11882,3992,Vehicle,2023-12-08,Rejected,Mysuru FSL,False
11883,3992,Fingerprint,2023-12-08,Rejected,Bengaluru FSL,True
11884,3992,Hard Disk,2023-12-08,Sent to FSL,Mangaluru FSL,False
11885,3992,Firearm,2023-12-08,Collected,Mangaluru FSL,True
11886,3992,Knife,2023-12-08,Collected,Bengaluru FSL,True
11887,3993,Hard Disk,2023-10-02,Verified,Mangaluru FSL,False
11888,3993,Fingerprint,2023-10-02,Verified,Mysuru FSL,False
11889,3993,Drug Sample,2023-10-02,Sent to FSL,Mangaluru FSL,False
11890,3994,Document,2025-05-08,Verified,Bengaluru FSL,True
11891,3994,Mobile Phone,2025-05-08,Verified,Mangaluru FSL,False
11892,3994,Clothing,2025-05-08,Sent to FSL,Mysuru FSL,True
11893,3994,SIM Card,2025-05-08,Rejected,Bengaluru FSL,False
11894,3995,Laptop,2024-11-14,Pending Analysis,Bengaluru FSL,False
11895,3996,Blood Sample,2025-02-15,Sent to FSL,Mysuru FSL,True
11896,3996,DNA Sample,2025-02-15,Verified,Bengaluru FSL,False
11897,3996,SIM Card,2025-02-15,Pending Analysis,Bengaluru FSL,True
11898,3996,Vehicle,2025-02-15,Verified,Bengaluru FSL,False
11899,3996,Drug Sample,2025-02-15,Verified,Mysuru FSL,True
11900,3997,Firearm,2023-06-10,Sent to FSL,Mysuru FSL,False
11901,3997,USB Drive,2023-06-10,Sent to FSL,Bengaluru FSL,False
11902,3997,Blood Sample,2023-06-10,Sent to FSL,Mysuru FSL,False
11903,3998,Vehicle,2025-09-09,Sent to FSL,Mysuru FSL,False
11904,3998,Clothing,2025-09-09,Rejected,Mangaluru FSL,False
11905,3998,Hard Disk,2025-09-09,Verified,Mangaluru FSL,True
11906,3998,Knife,2025-09-09,Sent to FSL,Bengaluru FSL,True
11907,3999,SIM Card,2026-05-18,Verified,Mangaluru FSL,True
11908,3999,Hard Disk,2026-05-18,Verified,Mangaluru FSL,True
11909,4000,Mobile Phone,2024-02-12,Pending Analysis,Mangaluru FSL,True
11910,4001,CCTV Footage,2023-05-06,Pending Analysis,Mangaluru FSL,True
11911,4001,USB Drive,2023-05-06,Sent to FSL,Mangaluru FSL,True
11912,4001,SIM Card,2023-05-06,Verified,Mangaluru FSL,True
11913,4002,Fingerprint,2022-12-17,Rejected,Mysuru FSL,False
11914,4002,DNA Sample,2022-12-17,Verified,Mangaluru FSL,True
11915,4002,CCTV Footage,2022-12-17,Verified,Bengaluru FSL,True
11916,4002,Hard Disk,2022-12-17,Sent to FSL,Mysuru FSL,True
11917,4003,SIM Card,2025-08-30,Verified,Mysuru FSL,False
11918,4004,Fingerprint,2022-04-23,Verified,Bengaluru FSL,False
11919,4005,Drug Sample,2023-09-06,Sent to FSL,Mangaluru FSL,False
11920,4005,Laptop,2023-09-06,Rejected,Mangaluru FSL,False
11921,4005,Fingerprint,2023-09-06,Rejected,Bengaluru FSL,True
11922,4006,DNA Sample,2026-07-13,Pending Analysis,Mangaluru FSL,True
11923,4006,Blood Sample,2026-07-13,Collected,Mysuru FSL,True
11924,4006,Laptop,2026-07-13,Pending Analysis,Bengaluru FSL,True
11925,4006,Fingerprint,2026-07-13,Sent to FSL,Mysuru FSL,False
11926,4006,Clothing,2026-07-13,Verified,Bengaluru FSL,True
11927,4007,Fingerprint,2026-04-03,Pending Analysis,Mysuru FSL,False
11928,4008,Hard Disk,2025-01-15,Rejected,Bengaluru FSL,False
11929,4009,Clothing,2025-09-18,Collected,Mysuru FSL,True
11930,4009,Mobile Phone,2025-09-18,Sent to FSL,Bengaluru FSL,True
11931,4009,CCTV Footage,2025-09-18,Sent to FSL,Mysuru FSL,False
11932,4009,Laptop,2025-09-18,Sent to FSL,Mysuru FSL,False
11933,4009,Vehicle,2025-09-18,Verified,Mysuru FSL,False
11934,4010,Mobile Phone,2023-12-05,Pending Analysis,Bengaluru FSL,True
11935,4010,Fingerprint,2023-12-05,Collected,Mangaluru FSL,True
11936,4011,Knife,2023-06-12,Rejected,Mangaluru FSL,False
11937,4011,SIM Card,2023-06-12,Verified,Bengaluru FSL,False
11938,4011,Drug Sample,2023-06-12,Collected,Bengaluru FSL,True
11939,4012,Document,2022-07-10,Collected,Mangaluru FSL,True
11940,4012,Blood Sample,2022-07-10,Collected,Mangaluru FSL,True
11941,4012,Fingerprint,2022-07-10,Collected,Mangaluru FSL,True
11942,4012,Firearm,2022-07-10,Rejected,Bengaluru FSL,True
11943,4013,USB Drive,2024-04-29,Collected,Mysuru FSL,True
11944,4013,Vehicle,2024-04-29,Sent to FSL,Bengaluru FSL,True
11945,4013,Laptop,2024-04-29,Pending Analysis,Bengaluru FSL,False
11946,4014,Vehicle,2026-03-30,Rejected,Mysuru FSL,False
11947,4014,Knife,2026-03-30,Rejected,Bengaluru FSL,False
11948,4014,Clothing,2026-03-30,Rejected,Bengaluru FSL,False
11949,4015,Mobile Phone,2023-10-17,Sent to FSL,Mysuru FSL,True
11950,4015,Document,2023-10-17,Collected,Mangaluru FSL,False
11951,4015,Knife,2023-10-17,Sent to FSL,Bengaluru FSL,True
11952,4015,Laptop,2023-10-17,Rejected,Mangaluru FSL,True
11953,4016,Fingerprint,2023-01-13,Collected,Bengaluru FSL,True
11954,4017,Knife,2025-07-03,Collected,Mysuru FSL,False
11955,4017,Drug Sample,2025-07-03,Verified,Mangaluru FSL,False
11956,4018,Laptop,2023-11-19,Collected,Mysuru FSL,False
11957,4019,Blood Sample,2025-10-08,Rejected,Mysuru FSL,True
11958,4020,USB Drive,2023-05-21,Rejected,Bengaluru FSL,False
11959,4020,Vehicle,2023-05-21,Rejected,Bengaluru FSL,False
11960,4020,Fingerprint,2023-05-21,Pending Analysis,Bengaluru FSL,False
11961,4021,Fingerprint,2023-10-20,Collected,Bengaluru FSL,True
11962,4021,SIM Card,2023-10-20,Verified,Bengaluru FSL,True
11963,4021,USB Drive,2023-10-20,Pending Analysis,Mysuru FSL,False
11964,4021,Laptop,2023-10-20,Rejected,Bengaluru FSL,False
11965,4022,SIM Card,2023-06-26,Rejected,Bengaluru FSL,False
11966,4022,Drug Sample,2023-06-26,Sent to FSL,Mangaluru FSL,False
11967,4022,Firearm,2023-06-26,Pending Analysis,Mysuru FSL,True
11968,4022,Knife,2023-06-26,Sent to FSL,Mangaluru FSL,True
11969,4022,Fingerprint,2023-06-26,Pending Analysis,Mysuru FSL,True
11970,4023,Clothing,2025-11-25,Rejected,Mangaluru FSL,True
11971,4023,Firearm,2025-11-25,Rejected,Mangaluru FSL,False
11972,4023,SIM Card,2025-11-25,Sent to FSL,Mangaluru FSL,False
11973,4024,Hard Disk,2022-06-10,Collected,Mangaluru FSL,False
11974,4025,Firearm,2025-11-07,Rejected,Mysuru FSL,False
11975,4025,DNA Sample,2025-11-07,Sent to FSL,Mysuru FSL,False
11976,4026,Mobile Phone,2023-11-16,Sent to FSL,Bengaluru FSL,True
11977,4027,CCTV Footage,2025-12-22,Rejected,Bengaluru FSL,True
11978,4028,Drug Sample,2022-01-03,Pending Analysis,Mangaluru FSL,False
11979,4029,Mobile Phone,2023-08-02,Verified,Mysuru FSL,True
11980,4029,Vehicle,2023-08-02,Pending Analysis,Bengaluru FSL,False
11981,4029,CCTV Footage,2023-08-02,Pending Analysis,Bengaluru FSL,False
11982,4029,Blood Sample,2023-08-02,Collected,Mysuru FSL,True
11983,4029,Knife,2023-08-02,Sent to FSL,Mangaluru FSL,True
11984,4030,DNA Sample,2022-09-20,Collected,Bengaluru FSL,True
11985,4030,Vehicle,2022-09-20,Sent to FSL,Bengaluru FSL,False
11986,4030,Knife,2022-09-20,Rejected,Bengaluru FSL,True
11987,4031,Vehicle,2022-12-31,Collected,Mangaluru FSL,False
11988,4032,CCTV Footage,2026-03-02,Verified,Bengaluru FSL,True
11989,4032,Blood Sample,2026-03-02,Collected,Bengaluru FSL,False
11990,4032,Fingerprint,2026-03-02,Pending Analysis,Mangaluru FSL,False
11991,4033,CCTV Footage,2026-06-05,Verified,Mysuru FSL,True
11992,4033,SIM Card,2026-06-05,Verified,Mangaluru FSL,True
11993,4034,DNA Sample,2023-06-26,Rejected,Mangaluru FSL,False
11994,4034,Clothing,2023-06-26,Pending Analysis,Mysuru FSL,True
11995,4034,Document,2023-06-26,Rejected,Mysuru FSL,False
11996,4034,USB Drive,2023-06-26,Verified,Mangaluru FSL,True
11997,4035,DNA Sample,2025-02-12,Pending Analysis,Mysuru FSL,False
11998,4035,Knife,2025-02-12,Sent to FSL,Mysuru FSL,False
11999,4035,SIM Card,2025-02-12,Rejected,Bengaluru FSL,True
12000,4035,Clothing,2025-02-12,Rejected,Bengaluru FSL,True
12001,4036,USB Drive,2026-12-06,Verified,Mangaluru FSL,False
12002,4036,CCTV Footage,2026-12-06,Rejected,Bengaluru FSL,False
12003,4036,Fingerprint,2026-12-06,Sent to FSL,Mangaluru FSL,False
12004,4036,Firearm,2026-12-06,Rejected,Bengaluru FSL,True
12005,4037,Laptop,2023-03-31,Rejected,Bengaluru FSL,False
12006,4038,Clothing,2025-11-02,Sent to FSL,Mysuru FSL,True
12007,4038,CCTV Footage,2025-11-02,Collected,Mangaluru FSL,True
12008,4038,SIM Card,2025-11-02,Rejected,Mysuru FSL,False
12009,4039,Drug Sample,2022-01-28,Collected,Bengaluru FSL,False
12010,4040,Laptop,2024-12-02,Rejected,Mysuru FSL,True
12011,4040,Clothing,2024-12-02,Sent to FSL,Bengaluru FSL,True
12012,4041,Clothing,2022-12-01,Sent to FSL,Bengaluru FSL,True
12013,4041,SIM Card,2022-12-01,Pending Analysis,Mysuru FSL,False
12014,4041,Fingerprint,2022-12-01,Verified,Mangaluru FSL,True
12015,4041,USB Drive,2022-12-01,Pending Analysis,Mysuru FSL,False
12016,4041,Vehicle,2022-12-01,Verified,Mangaluru FSL,True
12017,4042,Firearm,2023-05-10,Collected,Mangaluru FSL,False
12018,4042,DNA Sample,2023-05-10,Rejected,Bengaluru FSL,False
12019,4042,SIM Card,2023-05-10,Pending Analysis,Mysuru FSL,False
12020,4042,Document,2023-05-10,Verified,Mysuru FSL,False
12021,4042,Laptop,2023-05-10,Verified,Bengaluru FSL,True
12022,4043,DNA Sample,2023-11-20,Pending Analysis,Bengaluru FSL,False
12023,4043,Drug Sample,2023-11-20,Collected,Mangaluru FSL,True
12024,4044,Clothing,2025-07-26,Sent to FSL,Mangaluru FSL,False
12025,4045,CCTV Footage,2023-01-11,Rejected,Mangaluru FSL,True
12026,4046,Fingerprint,2022-10-26,Collected,Mysuru FSL,False
12027,4046,Blood Sample,2022-10-26,Collected,Mangaluru FSL,True
12028,4046,Clothing,2022-10-26,Pending Analysis,Bengaluru FSL,True
12029,4047,USB Drive,2026-11-23,Collected,Mysuru FSL,True
12030,4048,Laptop,2024-02-18,Rejected,Mysuru FSL,False
12031,4048,Firearm,2024-02-18,Pending Analysis,Mangaluru FSL,False
12032,4048,Hard Disk,2024-02-18,Verified,Mangaluru FSL,False
12033,4048,Document,2024-02-18,Rejected,Mysuru FSL,False
12034,4049,Laptop,2023-08-31,Sent to FSL,Bengaluru FSL,False
12035,4049,Clothing,2023-08-31,Verified,Bengaluru FSL,True
12036,4050,Drug Sample,2023-09-21,Verified,Bengaluru FSL,False
12037,4051,USB Drive,2023-08-05,Sent to FSL,Bengaluru FSL,True
12038,4051,CCTV Footage,2023-08-05,Collected,Mysuru FSL,False
12039,4051,Mobile Phone,2023-08-05,Rejected,Mangaluru FSL,True
12040,4051,Hard Disk,2023-08-05,Pending Analysis,Mangaluru FSL,True
12041,4051,Vehicle,2023-08-05,Collected,Bengaluru FSL,True
12042,4052,DNA Sample,2024-10-07,Sent to FSL,Bengaluru FSL,True
12043,4052,Fingerprint,2024-10-07,Sent to FSL,Mysuru FSL,True
12044,4052,Vehicle,2024-10-07,Rejected,Mangaluru FSL,True
12045,4052,SIM Card,2024-10-07,Collected,Bengaluru FSL,False
12046,4052,Mobile Phone,2024-10-07,Rejected,Mangaluru FSL,True
12047,4053,Mobile Phone,2025-11-09,Pending Analysis,Mysuru FSL,False
12048,4054,Fingerprint,2022-06-09,Pending Analysis,Mangaluru FSL,True
12049,4054,Firearm,2022-06-09,Verified,Bengaluru FSL,False
12050,4054,CCTV Footage,2022-06-09,Sent to FSL,Bengaluru FSL,False
12051,4054,Clothing,2022-06-09,Sent to FSL,Bengaluru FSL,True
12052,4055,CCTV Footage,2024-08-05,Pending Analysis,Mysuru FSL,True
12053,4056,Mobile Phone,2023-03-13,Sent to FSL,Mysuru FSL,True
12054,4056,Vehicle,2023-03-13,Sent to FSL,Bengaluru FSL,True
12055,4056,USB Drive,2023-03-13,Sent to FSL,Mangaluru FSL,False
12056,4057,Laptop,2023-02-26,Pending Analysis,Mysuru FSL,False
12057,4057,Fingerprint,2023-02-26,Collected,Bengaluru FSL,True
12058,4057,Mobile Phone,2023-02-26,Rejected,Bengaluru FSL,False
12059,4057,USB Drive,2023-02-26,Pending Analysis,Mysuru FSL,True
12060,4058,Mobile Phone,2024-02-13,Verified,Bengaluru FSL,False
12061,4059,Laptop,2024-03-31,Pending Analysis,Bengaluru FSL,False
12062,4059,Drug Sample,2024-03-31,Collected,Mysuru FSL,True
12063,4059,Knife,2024-03-31,Sent to FSL,Mysuru FSL,False
12064,4059,SIM Card,2024-03-31,Collected,Mysuru FSL,False
12065,4059,Fingerprint,2024-03-31,Pending Analysis,Mysuru FSL,False
12066,4060,CCTV Footage,2022-07-26,Collected,Mangaluru FSL,True
12067,4060,USB Drive,2022-07-26,Verified,Bengaluru FSL,False
12068,4060,Knife,2022-07-26,Verified,Bengaluru FSL,True
12069,4060,Vehicle,2022-07-26,Verified,Bengaluru FSL,True
12070,4061,USB Drive,2026-07-09,Verified,Mysuru FSL,True
12071,4061,SIM Card,2026-07-09,Verified,Bengaluru FSL,True
12072,4062,Vehicle,2025-07-26,Pending Analysis,Mysuru FSL,True
12073,4062,DNA Sample,2025-07-26,Verified,Mangaluru FSL,False
12074,4062,Knife,2025-07-26,Pending Analysis,Mangaluru FSL,False
12075,4062,Fingerprint,2025-07-26,Pending Analysis,Mysuru FSL,False
12076,4062,SIM Card,2025-07-26,Verified,Bengaluru FSL,False
12077,4063,Firearm,2023-06-19,Rejected,Bengaluru FSL,True
12078,4063,SIM Card,2023-06-19,Pending Analysis,Mangaluru FSL,True
12079,4064,Blood Sample,2023-11-18,Collected,Mysuru FSL,False
12080,4064,Document,2023-11-18,Collected,Bengaluru FSL,False
12081,4064,Clothing,2023-11-18,Collected,Bengaluru FSL,True
12082,4065,Firearm,2022-12-24,Sent to FSL,Bengaluru FSL,True
12083,4065,Fingerprint,2022-12-24,Sent to FSL,Mysuru FSL,False
12084,4065,SIM Card,2022-12-24,Pending Analysis,Bengaluru FSL,True
12085,4066,Document,2026-10-14,Collected,Bengaluru FSL,True
12086,4066,Fingerprint,2026-10-14,Sent to FSL,Mysuru FSL,False
12087,4066,Mobile Phone,2026-10-14,Pending Analysis,Mysuru FSL,True
12088,4066,SIM Card,2026-10-14,Collected,Mysuru FSL,False
12089,4067,Document,2025-07-16,Rejected,Bengaluru FSL,False
12090,4067,Knife,2025-07-16,Collected,Mangaluru FSL,False
12091,4067,Firearm,2025-07-16,Pending Analysis,Bengaluru FSL,False
12092,4068,SIM Card,2026-12-28,Sent to FSL,Bengaluru FSL,False
12093,4069,Blood Sample,2023-08-30,Pending Analysis,Mangaluru FSL,False
12094,4069,Document,2023-08-30,Verified,Bengaluru FSL,True
12095,4069,Hard Disk,2023-08-30,Verified,Mysuru FSL,False
12096,4069,Vehicle,2023-08-30,Verified,Mysuru FSL,False
12097,4070,Clothing,2026-10-27,Verified,Mysuru FSL,True
12098,4070,Blood Sample,2026-10-27,Collected,Mangaluru FSL,True
12099,4070,CCTV Footage,2026-10-27,Pending Analysis,Mysuru FSL,True
12100,4070,Firearm,2026-10-27,Sent to FSL,Mysuru FSL,False
12101,4070,Drug Sample,2026-10-27,Collected,Mysuru FSL,True
12102,4071,CCTV Footage,2022-05-26,Pending Analysis,Bengaluru FSL,True
12103,4072,Clothing,2026-08-13,Pending Analysis,Bengaluru FSL,True
12104,4072,Fingerprint,2026-08-13,Collected,Mangaluru FSL,True
12105,4072,CCTV Footage,2026-08-13,Rejected,Mysuru FSL,True
12106,4072,Laptop,2026-08-13,Collected,Mangaluru FSL,False
12107,4072,Vehicle,2026-08-13,Pending Analysis,Mangaluru FSL,True
12108,4073,Clothing,2023-02-04,Rejected,Mangaluru FSL,True
12109,4073,SIM Card,2023-02-04,Collected,Bengaluru FSL,False
12110,4073,Hard Disk,2023-02-04,Collected,Mysuru FSL,True
12111,4073,CCTV Footage,2023-02-04,Sent to FSL,Mysuru FSL,False
12112,4074,Document,2026-03-02,Pending Analysis,Mangaluru FSL,True
12113,4074,SIM Card,2026-03-02,Rejected,Mysuru FSL,False
12114,4074,Hard Disk,2026-03-02,Rejected,Mangaluru FSL,True
12115,4075,Firearm,2024-01-20,Sent to FSL,Bengaluru FSL,False
12116,4075,Drug Sample,2024-01-20,Verified,Mysuru FSL,True
12117,4075,SIM Card,2024-01-20,Collected,Mysuru FSL,False
12118,4075,Laptop,2024-01-20,Verified,Mysuru FSL,True
12119,4076,DNA Sample,2025-03-15,Collected,Bengaluru FSL,False
12120,4076,Hard Disk,2025-03-15,Pending Analysis,Mysuru FSL,True
12121,4076,Document,2025-03-15,Pending Analysis,Bengaluru FSL,True
12122,4077,Firearm,2022-08-12,Sent to FSL,Bengaluru FSL,False
12123,4077,Document,2022-08-12,Sent to FSL,Bengaluru FSL,False
12124,4078,Hard Disk,2022-11-21,Sent to FSL,Mangaluru FSL,False
12125,4078,Clothing,2022-11-21,Pending Analysis,Mysuru FSL,False
12126,4078,Knife,2022-11-21,Rejected,Bengaluru FSL,True
12127,4079,Laptop,2025-05-25,Collected,Mysuru FSL,True
12128,4079,Document,2025-05-25,Verified,Bengaluru FSL,False
12129,4079,Vehicle,2025-05-25,Collected,Bengaluru FSL,False
12130,4079,Hard Disk,2025-05-25,Verified,Bengaluru FSL,False
12131,4080,DNA Sample,2024-12-07,Rejected,Mysuru FSL,True
12132,4080,SIM Card,2024-12-07,Sent to FSL,Bengaluru FSL,False
12133,4080,CCTV Footage,2024-12-07,Verified,Mangaluru FSL,True
12134,4080,Vehicle,2024-12-07,Rejected,Bengaluru FSL,False
12135,4080,Laptop,2024-12-07,Verified,Bengaluru FSL,False
12136,4081,Laptop,2025-06-22,Sent to FSL,Mangaluru FSL,False
12137,4081,Vehicle,2025-06-22,Pending Analysis,Bengaluru FSL,False
12138,4082,CCTV Footage,2026-03-17,Sent to FSL,Mysuru FSL,False
12139,4082,Hard Disk,2026-03-17,Verified,Bengaluru FSL,False
12140,4082,Vehicle,2026-03-17,Sent to FSL,Mangaluru FSL,False
12141,4082,Fingerprint,2026-03-17,Sent to FSL,Mangaluru FSL,True
12142,4083,Knife,2026-09-12,Collected,Mangaluru FSL,False
12143,4083,Drug Sample,2026-09-12,Collected,Mangaluru FSL,True
12144,4083,Firearm,2026-09-12,Sent to FSL,Bengaluru FSL,True
12145,4083,Mobile Phone,2026-09-12,Verified,Bengaluru FSL,True
12146,4083,CCTV Footage,2026-09-12,Pending Analysis,Mysuru FSL,True
12147,4084,Clothing,2022-12-11,Pending Analysis,Mysuru FSL,True
12148,4084,Laptop,2022-12-11,Pending Analysis,Mysuru FSL,False
12149,4085,Drug Sample,2024-04-07,Rejected,Bengaluru FSL,False
12150,4085,Clothing,2024-04-07,Rejected,Mangaluru FSL,True
12151,4086,USB Drive,2026-06-17,Rejected,Mysuru FSL,True
12152,4086,CCTV Footage,2026-06-17,Verified,Mangaluru FSL,False
12153,4086,SIM Card,2026-06-17,Pending Analysis,Mangaluru FSL,False
12154,4086,Drug Sample,2026-06-17,Rejected,Mangaluru FSL,True
12155,4086,Firearm,2026-06-17,Collected,Mysuru FSL,True
12156,4087,Laptop,2024-04-17,Rejected,Mysuru FSL,True
12157,4087,Vehicle,2024-04-17,Collected,Mysuru FSL,False
12158,4087,CCTV Footage,2024-04-17,Collected,Bengaluru FSL,True
12159,4087,Fingerprint,2024-04-17,Verified,Bengaluru FSL,False
12160,4087,Drug Sample,2024-04-17,Collected,Mangaluru FSL,True
12161,4088,USB Drive,2022-01-31,Rejected,Mangaluru FSL,False
12162,4088,Hard Disk,2022-01-31,Pending Analysis,Mangaluru FSL,False
12163,4088,Clothing,2022-01-31,Sent to FSL,Mysuru FSL,False
12164,4088,Document,2022-01-31,Rejected,Mangaluru FSL,True
12165,4088,DNA Sample,2022-01-31,Verified,Bengaluru FSL,False
12166,4089,CCTV Footage,2023-10-13,Verified,Mangaluru FSL,True
12167,4090,DNA Sample,2024-11-13,Collected,Mysuru FSL,False
12168,4090,Mobile Phone,2024-11-13,Verified,Bengaluru FSL,False
12169,4090,Hard Disk,2024-11-13,Rejected,Mangaluru FSL,True
12170,4090,CCTV Footage,2024-11-13,Rejected,Mysuru FSL,True
12171,4091,CCTV Footage,2023-06-25,Verified,Mangaluru FSL,True
12172,4091,Hard Disk,2023-06-25,Verified,Mysuru FSL,False
12173,4091,Laptop,2023-06-25,Verified,Bengaluru FSL,False
12174,4091,SIM Card,2023-06-25,Sent to FSL,Bengaluru FSL,False
12175,4092,Laptop,2024-08-03,Sent to FSL,Mysuru FSL,True
12176,4092,Clothing,2024-08-03,Collected,Mangaluru FSL,True
12177,4093,CCTV Footage,2022-02-25,Sent to FSL,Bengaluru FSL,False
12178,4093,Blood Sample,2022-02-25,Collected,Mangaluru FSL,True
12179,4093,Firearm,2022-02-25,Pending Analysis,Mangaluru FSL,True
12180,4093,Mobile Phone,2022-02-25,Rejected,Bengaluru FSL,False
12181,4094,Vehicle,2025-01-29,Sent to FSL,Bengaluru FSL,False
12182,4094,Mobile Phone,2025-01-29,Pending Analysis,Mysuru FSL,False
12183,4094,Laptop,2025-01-29,Verified,Mysuru FSL,True
12184,4094,Clothing,2025-01-29,Pending Analysis,Mysuru FSL,False
12185,4094,CCTV Footage,2025-01-29,Pending Analysis,Bengaluru FSL,False
12186,4095,CCTV Footage,2025-02-24,Collected,Mysuru FSL,True
12187,4095,Blood Sample,2025-02-24,Verified,Mangaluru FSL,True
12188,4095,Document,2025-02-24,Pending Analysis,Mysuru FSL,True
12189,4095,Hard Disk,2025-02-24,Verified,Bengaluru FSL,True
12190,4095,SIM Card,2025-02-24,Verified,Mysuru FSL,False
12191,4096,Mobile Phone,2024-11-02,Sent to FSL,Bengaluru FSL,True
12192,4096,Firearm,2024-11-02,Pending Analysis,Bengaluru FSL,True
12193,4096,Clothing,2024-11-02,Verified,Mysuru FSL,True
12194,4096,CCTV Footage,2024-11-02,Pending Analysis,Bengaluru FSL,True
12195,4097,Drug Sample,2023-02-06,Collected,Mysuru FSL,False
12196,4098,Laptop,2023-12-06,Collected,Mysuru FSL,True
12197,4098,CCTV Footage,2023-12-06,Pending Analysis,Bengaluru FSL,False
12198,4098,Fingerprint,2023-12-06,Verified,Mysuru FSL,True
12199,4098,Blood Sample,2023-12-06,Pending Analysis,Mysuru FSL,False
12200,4098,DNA Sample,2023-12-06,Sent to FSL,Bengaluru FSL,True
12201,4099,Knife,2022-03-17,Verified,Mangaluru FSL,False
12202,4100,Mobile Phone,2022-03-24,Pending Analysis,Mysuru FSL,True
12203,4100,Clothing,2022-03-24,Sent to FSL,Mysuru FSL,True
12204,4100,SIM Card,2022-03-24,Rejected,Mangaluru FSL,False
12205,4101,CCTV Footage,2024-11-15,Collected,Mangaluru FSL,False
12206,4101,Knife,2024-11-15,Verified,Bengaluru FSL,False
12207,4101,Mobile Phone,2024-11-15,Rejected,Mangaluru FSL,False
12208,4101,Document,2024-11-15,Rejected,Mysuru FSL,False
12209,4101,SIM Card,2024-11-15,Collected,Mangaluru FSL,False
12210,4102,Fingerprint,2022-08-21,Rejected,Mangaluru FSL,False
12211,4103,Hard Disk,2023-08-13,Sent to FSL,Mangaluru FSL,False
12212,4103,Document,2023-08-13,Rejected,Mysuru FSL,True
12213,4103,SIM Card,2023-08-13,Sent to FSL,Mangaluru FSL,False
12214,4103,Firearm,2023-08-13,Collected,Mangaluru FSL,True
12215,4103,DNA Sample,2023-08-13,Sent to FSL,Mangaluru FSL,True
12216,4104,Vehicle,2024-02-15,Pending Analysis,Mysuru FSL,False
12217,4104,Knife,2024-02-15,Verified,Mangaluru FSL,False
12218,4104,Document,2024-02-15,Verified,Mangaluru FSL,True
12219,4105,Firearm,2022-12-03,Collected,Mysuru FSL,False
12220,4105,Hard Disk,2022-12-03,Pending Analysis,Mysuru FSL,True
12221,4105,DNA Sample,2022-12-03,Verified,Mysuru FSL,True
12222,4105,Knife,2022-12-03,Sent to FSL,Mysuru FSL,False
12223,4106,Mobile Phone,2025-07-22,Verified,Mangaluru FSL,True
12224,4106,Firearm,2025-07-22,Sent to FSL,Mangaluru FSL,True
12225,4107,Drug Sample,2022-11-16,Collected,Bengaluru FSL,False
12226,4107,Hard Disk,2022-11-16,Pending Analysis,Bengaluru FSL,True
12227,4107,Fingerprint,2022-11-16,Sent to FSL,Bengaluru FSL,False
12228,4107,SIM Card,2022-11-16,Sent to FSL,Bengaluru FSL,True
12229,4107,DNA Sample,2022-11-16,Verified,Bengaluru FSL,False
12230,4108,DNA Sample,2024-05-31,Collected,Mangaluru FSL,False
12231,4108,Drug Sample,2024-05-31,Rejected,Bengaluru FSL,True
12232,4108,Mobile Phone,2024-05-31,Collected,Bengaluru FSL,True
12233,4108,Laptop,2024-05-31,Collected,Bengaluru FSL,False
12234,4108,SIM Card,2024-05-31,Rejected,Mangaluru FSL,False
12235,4109,Drug Sample,2026-02-27,Sent to FSL,Mangaluru FSL,False
12236,4109,Vehicle,2026-02-27,Verified,Mangaluru FSL,False
12237,4109,Clothing,2026-02-27,Verified,Mangaluru FSL,True
12238,4109,Fingerprint,2026-02-27,Sent to FSL,Mysuru FSL,True
12239,4109,SIM Card,2026-02-27,Rejected,Bengaluru FSL,False
12240,4110,Laptop,2025-06-17,Pending Analysis,Mysuru FSL,False
12241,4111,Hard Disk,2022-02-14,Pending Analysis,Mysuru FSL,False
12242,4111,SIM Card,2022-02-14,Collected,Bengaluru FSL,False
12243,4111,Mobile Phone,2022-02-14,Rejected,Mysuru FSL,False
12244,4111,Fingerprint,2022-02-14,Collected,Bengaluru FSL,True
12245,4112,Fingerprint,2024-09-11,Rejected,Mangaluru FSL,True
12246,4112,Clothing,2024-09-11,Sent to FSL,Mysuru FSL,False
12247,4112,Blood Sample,2024-09-11,Rejected,Mysuru FSL,False
12248,4112,Laptop,2024-09-11,Pending Analysis,Mangaluru FSL,True
12249,4113,USB Drive,2023-04-04,Pending Analysis,Bengaluru FSL,True
12250,4114,Fingerprint,2026-10-27,Sent to FSL,Mysuru FSL,True
12251,4114,USB Drive,2026-10-27,Sent to FSL,Mysuru FSL,True
12252,4114,Document,2026-10-27,Verified,Mangaluru FSL,False
12253,4114,DNA Sample,2026-10-27,Rejected,Mangaluru FSL,True
12254,4114,Mobile Phone,2026-10-27,Pending Analysis,Mysuru FSL,False
12255,4115,Vehicle,2025-07-10,Collected,Bengaluru FSL,True
12256,4116,Vehicle,2026-10-23,Sent to FSL,Bengaluru FSL,True
12257,4116,Firearm,2026-10-23,Rejected,Bengaluru FSL,True
12258,4116,Clothing,2026-10-23,Collected,Mangaluru FSL,False
12259,4117,Clothing,2024-09-27,Sent to FSL,Bengaluru FSL,False
12260,4117,Document,2024-09-27,Verified,Bengaluru FSL,True
12261,4117,CCTV Footage,2024-09-27,Rejected,Mysuru FSL,True
12262,4117,SIM Card,2024-09-27,Collected,Bengaluru FSL,True
12263,4118,Clothing,2024-04-02,Rejected,Bengaluru FSL,True
12264,4118,Laptop,2024-04-02,Pending Analysis,Bengaluru FSL,False
12265,4118,SIM Card,2024-04-02,Collected,Mysuru FSL,False
12266,4118,Mobile Phone,2024-04-02,Rejected,Bengaluru FSL,True
12267,4118,Drug Sample,2024-04-02,Rejected,Mysuru FSL,True
12268,4119,Laptop,2023-08-27,Collected,Mysuru FSL,True
12269,4119,Firearm,2023-08-27,Collected,Mysuru FSL,False
12270,4119,Knife,2023-08-27,Rejected,Bengaluru FSL,False
12271,4120,Vehicle,2026-05-16,Collected,Mangaluru FSL,True
12272,4121,Clothing,2026-03-27,Collected,Mangaluru FSL,True
12273,4121,Firearm,2026-03-27,Collected,Bengaluru FSL,True
12274,4121,Blood Sample,2026-03-27,Collected,Mangaluru FSL,False
12275,4121,Laptop,2026-03-27,Rejected,Mangaluru FSL,False
12276,4121,Mobile Phone,2026-03-27,Rejected,Bengaluru FSL,False
12277,4122,Mobile Phone,2026-09-10,Rejected,Bengaluru FSL,False
12278,4122,Firearm,2026-09-10,Collected,Mysuru FSL,True
12279,4122,Fingerprint,2026-09-10,Rejected,Mysuru FSL,True
12280,4122,DNA Sample,2026-09-10,Verified,Bengaluru FSL,False
12281,4123,Mobile Phone,2023-04-19,Verified,Mangaluru FSL,False
12282,4123,Drug Sample,2023-04-19,Rejected,Mysuru FSL,False
12283,4123,Firearm,2023-04-19,Sent to FSL,Mangaluru FSL,True
12284,4124,Laptop,2022-05-02,Collected,Mangaluru FSL,False
12285,4124,Fingerprint,2022-05-02,Collected,Bengaluru FSL,True
12286,4124,SIM Card,2022-05-02,Sent to FSL,Mangaluru FSL,False
12287,4124,Blood Sample,2022-05-02,Pending Analysis,Bengaluru FSL,True
12288,4125,Drug Sample,2025-12-24,Pending Analysis,Bengaluru FSL,False
12289,4125,Laptop,2025-12-24,Pending Analysis,Mysuru FSL,False
12290,4125,Mobile Phone,2025-12-24,Rejected,Mangaluru FSL,False
12291,4125,Vehicle,2025-12-24,Verified,Mangaluru FSL,False
12292,4126,Knife,2023-08-15,Verified,Mysuru FSL,True
12293,4126,Hard Disk,2023-08-15,Rejected,Bengaluru FSL,True
12294,4126,SIM Card,2023-08-15,Rejected,Mangaluru FSL,False
12295,4126,Laptop,2023-08-15,Verified,Bengaluru FSL,True
12296,4126,Document,2023-08-15,Pending Analysis,Bengaluru FSL,True
12297,4127,Laptop,2023-06-27,Verified,Mysuru FSL,False
12298,4127,DNA Sample,2023-06-27,Collected,Bengaluru FSL,True
12299,4127,Knife,2023-06-27,Pending Analysis,Mangaluru FSL,True
12300,4128,Firearm,2026-09-03,Collected,Mysuru FSL,False
12301,4129,Document,2022-12-29,Pending Analysis,Mangaluru FSL,False
12302,4129,Drug Sample,2022-12-29,Pending Analysis,Mysuru FSL,False
12303,4129,Laptop,2022-12-29,Sent to FSL,Mysuru FSL,True
12304,4129,SIM Card,2022-12-29,Sent to FSL,Mysuru FSL,True
12305,4129,Blood Sample,2022-12-29,Rejected,Mysuru FSL,True
12306,4130,Clothing,2024-08-30,Pending Analysis,Bengaluru FSL,False
12307,4130,Fingerprint,2024-08-30,Sent to FSL,Bengaluru FSL,True
12308,4130,Document,2024-08-30,Sent to FSL,Mysuru FSL,True
12309,4130,SIM Card,2024-08-30,Sent to FSL,Bengaluru FSL,True
12310,4130,Blood Sample,2024-08-30,Pending Analysis,Mysuru FSL,True
12311,4131,Firearm,2026-10-26,Rejected,Mangaluru FSL,True
12312,4131,SIM Card,2026-10-26,Sent to FSL,Mangaluru FSL,True
12313,4131,Drug Sample,2026-10-26,Sent to FSL,Mysuru FSL,True
12314,4131,DNA Sample,2026-10-26,Sent to FSL,Mangaluru FSL,False
12315,4132,Blood Sample,2026-12-14,Collected,Bengaluru FSL,False
12316,4133,Knife,2024-10-24,Collected,Mysuru FSL,True
12317,4133,USB Drive,2024-10-24,Collected,Bengaluru FSL,False
12318,4133,Blood Sample,2024-10-24,Verified,Bengaluru FSL,True
12319,4133,SIM Card,2024-10-24,Collected,Mysuru FSL,False
12320,4134,SIM Card,2026-12-31,Pending Analysis,Mangaluru FSL,True
12321,4134,CCTV Footage,2026-12-31,Pending Analysis,Bengaluru FSL,True
12322,4134,Clothing,2026-12-31,Rejected,Mysuru FSL,True
12323,4134,Blood Sample,2026-12-31,Collected,Mysuru FSL,False
12324,4134,Fingerprint,2026-12-31,Pending Analysis,Mysuru FSL,True
12325,4135,Blood Sample,2022-10-04,Collected,Bengaluru FSL,True
12326,4135,Laptop,2022-10-04,Sent to FSL,Mysuru FSL,True
12327,4135,Vehicle,2022-10-04,Sent to FSL,Mysuru FSL,True
12328,4136,Clothing,2022-09-09,Rejected,Mangaluru FSL,True
12329,4137,Hard Disk,2025-10-12,Collected,Mysuru FSL,False
12330,4137,Drug Sample,2025-10-12,Rejected,Mysuru FSL,False
12331,4138,Blood Sample,2024-09-20,Sent to FSL,Bengaluru FSL,False
12332,4139,Fingerprint,2022-02-27,Rejected,Bengaluru FSL,True
12333,4140,Hard Disk,2022-08-05,Rejected,Mysuru FSL,True
12334,4140,SIM Card,2022-08-05,Verified,Mangaluru FSL,False
12335,4140,Blood Sample,2022-08-05,Collected,Mysuru FSL,True
12336,4140,Fingerprint,2022-08-05,Rejected,Bengaluru FSL,False
12337,4140,Clothing,2022-08-05,Sent to FSL,Bengaluru FSL,False
12338,4141,Blood Sample,2025-09-12,Verified,Bengaluru FSL,False
12339,4141,USB Drive,2025-09-12,Pending Analysis,Mangaluru FSL,True
12340,4141,CCTV Footage,2025-09-12,Sent to FSL,Mysuru FSL,False
12341,4141,Firearm,2025-09-12,Rejected,Mangaluru FSL,False
12342,4141,Hard Disk,2025-09-12,Pending Analysis,Mysuru FSL,True
12343,4142,Mobile Phone,2023-07-17,Rejected,Mysuru FSL,False
12344,4142,USB Drive,2023-07-17,Collected,Mysuru FSL,True
12345,4142,Firearm,2023-07-17,Sent to FSL,Mysuru FSL,False
12346,4143,USB Drive,2022-06-13,Sent to FSL,Mangaluru FSL,False
12347,4143,Knife,2022-06-13,Sent to FSL,Mangaluru FSL,True
12348,4143,Drug Sample,2022-06-13,Pending Analysis,Bengaluru FSL,False
12349,4144,Knife,2023-09-16,Verified,Bengaluru FSL,False
12350,4145,Blood Sample,2023-05-28,Sent to FSL,Mangaluru FSL,False
12351,4145,SIM Card,2023-05-28,Collected,Bengaluru FSL,False
12352,4145,Document,2023-05-28,Rejected,Mangaluru FSL,True
12353,4145,Mobile Phone,2023-05-28,Collected,Mysuru FSL,False
12354,4146,DNA Sample,2022-06-30,Sent to FSL,Mysuru FSL,False
12355,4146,SIM Card,2022-06-30,Rejected,Bengaluru FSL,False
12356,4147,Firearm,2024-03-07,Collected,Mangaluru FSL,False
12357,4148,Mobile Phone,2024-08-29,Collected,Mysuru FSL,False
12358,4149,Firearm,2025-08-18,Verified,Mysuru FSL,True
12359,4150,Mobile Phone,2022-07-06,Verified,Mysuru FSL,False
12360,4150,Blood Sample,2022-07-06,Verified,Bengaluru FSL,True
12361,4150,Knife,2022-07-06,Rejected,Mysuru FSL,False
12362,4151,Document,2023-07-15,Sent to FSL,Bengaluru FSL,False
12363,4151,CCTV Footage,2023-07-15,Rejected,Mysuru FSL,False
12364,4151,DNA Sample,2023-07-15,Sent to FSL,Bengaluru FSL,True
12365,4152,SIM Card,2022-04-02,Verified,Mysuru FSL,True
12366,4153,Knife,2024-04-30,Pending Analysis,Bengaluru FSL,False
12367,4153,Blood Sample,2024-04-30,Rejected,Mangaluru FSL,False
12368,4153,CCTV Footage,2024-04-30,Collected,Mangaluru FSL,True
12369,4153,Document,2024-04-30,Sent to FSL,Bengaluru FSL,True
12370,4154,Clothing,2025-08-30,Sent to FSL,Mysuru FSL,False
12371,4154,USB Drive,2025-08-30,Verified,Mangaluru FSL,False
12372,4154,Laptop,2025-08-30,Collected,Mysuru FSL,False
12373,4154,Document,2025-08-30,Collected,Mangaluru FSL,False
12374,4154,Mobile Phone,2025-08-30,Verified,Mysuru FSL,False
12375,4155,Blood Sample,2025-02-24,Rejected,Mysuru FSL,True
12376,4156,Document,2024-07-17,Pending Analysis,Mysuru FSL,False
12377,4156,CCTV Footage,2024-07-17,Pending Analysis,Mysuru FSL,False
12378,4156,Laptop,2024-07-17,Verified,Mangaluru FSL,True
12379,4157,Knife,2022-10-26,Collected,Bengaluru FSL,True
12380,4157,Mobile Phone,2022-10-26,Sent to FSL,Mysuru FSL,False
12381,4157,Clothing,2022-10-26,Verified,Mysuru FSL,False
12382,4157,Document,2022-10-26,Collected,Bengaluru FSL,False
12383,4158,USB Drive,2024-08-17,Pending Analysis,Mangaluru FSL,True
12384,4158,Vehicle,2024-08-17,Sent to FSL,Mysuru FSL,True
12385,4158,Laptop,2024-08-17,Rejected,Bengaluru FSL,False
12386,4159,Firearm,2022-03-12,Verified,Mysuru FSL,True
12387,4159,Fingerprint,2022-03-12,Collected,Bengaluru FSL,False
12388,4159,Drug Sample,2022-03-12,Rejected,Mangaluru FSL,True
12389,4160,CCTV Footage,2024-07-16,Rejected,Bengaluru FSL,True
12390,4160,Clothing,2024-07-16,Rejected,Bengaluru FSL,False
12391,4161,Hard Disk,2022-12-22,Rejected,Mangaluru FSL,False
12392,4161,Document,2022-12-22,Collected,Bengaluru FSL,True
12393,4161,USB Drive,2022-12-22,Rejected,Mangaluru FSL,False
12394,4161,Vehicle,2022-12-22,Collected,Bengaluru FSL,False
12395,4162,Firearm,2026-08-28,Collected,Bengaluru FSL,True
12396,4162,Clothing,2026-08-28,Verified,Mangaluru FSL,False
12397,4162,Drug Sample,2026-08-28,Verified,Mangaluru FSL,False
12398,4162,Mobile Phone,2026-08-28,Collected,Bengaluru FSL,False
12399,4162,SIM Card,2026-08-28,Collected,Mysuru FSL,False
12400,4163,Hard Disk,2024-10-29,Pending Analysis,Bengaluru FSL,True
12401,4163,Firearm,2024-10-29,Rejected,Bengaluru FSL,True
12402,4164,Firearm,2024-11-21,Verified,Mysuru FSL,True
12403,4164,Fingerprint,2024-11-21,Rejected,Bengaluru FSL,False
12404,4165,USB Drive,2023-03-06,Sent to FSL,Bengaluru FSL,False
12405,4165,Mobile Phone,2023-03-06,Sent to FSL,Mangaluru FSL,True
12406,4165,Document,2023-03-06,Verified,Bengaluru FSL,True
12407,4165,CCTV Footage,2023-03-06,Pending Analysis,Bengaluru FSL,True
12408,4165,DNA Sample,2023-03-06,Rejected,Bengaluru FSL,True
12409,4166,Laptop,2026-06-28,Pending Analysis,Mysuru FSL,False
12410,4166,SIM Card,2026-06-28,Collected,Mangaluru FSL,True
12411,4166,Knife,2026-06-28,Rejected,Bengaluru FSL,True
12412,4166,Blood Sample,2026-06-28,Sent to FSL,Mangaluru FSL,True
12413,4167,Knife,2024-03-12,Pending Analysis,Mysuru FSL,False
12414,4167,Vehicle,2024-03-12,Sent to FSL,Bengaluru FSL,True
12415,4167,Hard Disk,2024-03-12,Pending Analysis,Mysuru FSL,False
12416,4167,SIM Card,2024-03-12,Rejected,Mangaluru FSL,True
12417,4167,Laptop,2024-03-12,Collected,Mysuru FSL,False
12418,4168,SIM Card,2024-11-17,Rejected,Mangaluru FSL,False
12419,4168,Blood Sample,2024-11-17,Collected,Mysuru FSL,False
12420,4169,Laptop,2026-01-23,Pending Analysis,Mangaluru FSL,True
12421,4170,Blood Sample,2022-10-18,Sent to FSL,Mysuru FSL,False
12422,4170,Firearm,2022-10-18,Pending Analysis,Bengaluru FSL,False
12423,4171,CCTV Footage,2026-07-06,Verified,Mysuru FSL,False
12424,4171,Laptop,2026-07-06,Rejected,Mysuru FSL,False
12425,4171,Blood Sample,2026-07-06,Pending Analysis,Mysuru FSL,False
12426,4172,Clothing,2022-03-11,Verified,Mysuru FSL,False
12427,4172,Drug Sample,2022-03-11,Verified,Mangaluru FSL,False
12428,4173,CCTV Footage,2026-10-11,Verified,Mangaluru FSL,False
12429,4173,SIM Card,2026-10-11,Verified,Bengaluru FSL,False
12430,4173,DNA Sample,2026-10-11,Collected,Bengaluru FSL,True
12431,4173,Laptop,2026-10-11,Pending Analysis,Mysuru FSL,True
12432,4173,Firearm,2026-10-11,Collected,Mangaluru FSL,False
12433,4174,Blood Sample,2025-09-05,Pending Analysis,Mangaluru FSL,True
12434,4174,Laptop,2025-09-05,Verified,Bengaluru FSL,True
12435,4175,Knife,2022-10-26,Sent to FSL,Bengaluru FSL,True
12436,4175,Clothing,2022-10-26,Sent to FSL,Mangaluru FSL,True
12437,4175,USB Drive,2022-10-26,Collected,Mangaluru FSL,False
12438,4175,Vehicle,2022-10-26,Rejected,Mysuru FSL,True
12439,4176,Knife,2024-12-10,Collected,Mangaluru FSL,True
12440,4176,Mobile Phone,2024-12-10,Rejected,Bengaluru FSL,True
12441,4176,Clothing,2024-12-10,Verified,Mysuru FSL,False
12442,4176,CCTV Footage,2024-12-10,Sent to FSL,Mysuru FSL,False
12443,4177,Hard Disk,2026-07-03,Rejected,Bengaluru FSL,False
12444,4178,Mobile Phone,2025-08-02,Rejected,Bengaluru FSL,False
12445,4179,DNA Sample,2024-06-21,Collected,Mangaluru FSL,False
12446,4180,Blood Sample,2023-01-27,Verified,Bengaluru FSL,False
12447,4180,USB Drive,2023-01-27,Pending Analysis,Bengaluru FSL,False
12448,4181,Blood Sample,2025-10-19,Verified,Mangaluru FSL,True
12449,4181,Clothing,2025-10-19,Rejected,Mangaluru FSL,True
12450,4181,Hard Disk,2025-10-19,Verified,Mysuru FSL,True
12451,4181,Mobile Phone,2025-10-19,Pending Analysis,Mangaluru FSL,True
12452,4181,Knife,2025-10-19,Pending Analysis,Mysuru FSL,False
12453,4182,CCTV Footage,2026-06-17,Sent to FSL,Mangaluru FSL,True
12454,4182,Vehicle,2026-06-17,Rejected,Mysuru FSL,False
12455,4182,Knife,2026-06-17,Sent to FSL,Mysuru FSL,False
12456,4182,Mobile Phone,2026-06-17,Sent to FSL,Bengaluru FSL,False
12457,4182,Firearm,2026-06-17,Sent to FSL,Mysuru FSL,True
12458,4183,Mobile Phone,2025-05-03,Pending Analysis,Mysuru FSL,False
12459,4183,CCTV Footage,2025-05-03,Rejected,Mysuru FSL,False
12460,4183,Vehicle,2025-05-03,Rejected,Bengaluru FSL,True
12461,4183,Drug Sample,2025-05-03,Sent to FSL,Mangaluru FSL,False
12462,4184,USB Drive,2025-12-20,Pending Analysis,Mysuru FSL,True
12463,4184,Fingerprint,2025-12-20,Pending Analysis,Mangaluru FSL,True
12464,4184,CCTV Footage,2025-12-20,Sent to FSL,Mysuru FSL,True
12465,4184,Drug Sample,2025-12-20,Verified,Mysuru FSL,False
12466,4185,SIM Card,2022-06-04,Rejected,Mysuru FSL,False
12467,4185,Document,2022-06-04,Sent to FSL,Mysuru FSL,True
12468,4185,Drug Sample,2022-06-04,Rejected,Bengaluru FSL,True
12469,4185,USB Drive,2022-06-04,Rejected,Mysuru FSL,False
12470,4186,Blood Sample,2025-10-24,Sent to FSL,Mangaluru FSL,True
12471,4186,Knife,2025-10-24,Pending Analysis,Mangaluru FSL,False
12472,4187,Firearm,2022-07-02,Collected,Mangaluru FSL,True
12473,4187,Knife,2022-07-02,Rejected,Mysuru FSL,True
12474,4187,DNA Sample,2022-07-02,Sent to FSL,Bengaluru FSL,True
12475,4187,USB Drive,2022-07-02,Sent to FSL,Bengaluru FSL,True
12476,4188,DNA Sample,2026-10-13,Verified,Bengaluru FSL,False
12477,4189,Document,2022-04-26,Verified,Mangaluru FSL,True
12478,4189,Drug Sample,2022-04-26,Sent to FSL,Bengaluru FSL,True
12479,4189,Vehicle,2022-04-26,Pending Analysis,Mangaluru FSL,True
12480,4189,Firearm,2022-04-26,Pending Analysis,Bengaluru FSL,False
12481,4189,DNA Sample,2022-04-26,Pending Analysis,Mangaluru FSL,True
12482,4190,Blood Sample,2022-11-01,Rejected,Mangaluru FSL,False
12483,4190,Clothing,2022-11-01,Rejected,Mangaluru FSL,False
12484,4190,USB Drive,2022-11-01,Collected,Bengaluru FSL,True
12485,4190,Laptop,2022-11-01,Pending Analysis,Bengaluru FSL,False
12486,4191,SIM Card,2022-10-23,Verified,Mangaluru FSL,False
12487,4191,Document,2022-10-23,Verified,Mangaluru FSL,True
12488,4191,Vehicle,2022-10-23,Sent to FSL,Mangaluru FSL,True
12489,4191,Laptop,2022-10-23,Sent to FSL,Bengaluru FSL,True
12490,4192,Laptop,2025-02-04,Rejected,Bengaluru FSL,True
12491,4193,USB Drive,2026-03-08,Sent to FSL,Bengaluru FSL,True
12492,4193,Hard Disk,2026-03-08,Sent to FSL,Mysuru FSL,True
12493,4193,Mobile Phone,2026-03-08,Pending Analysis,Mysuru FSL,False
12494,4193,Document,2026-03-08,Pending Analysis,Mysuru FSL,True
12495,4194,Vehicle,2024-03-23,Rejected,Bengaluru FSL,True
12496,4194,Mobile Phone,2024-03-23,Verified,Bengaluru FSL,False
12497,4194,DNA Sample,2024-03-23,Collected,Bengaluru FSL,False
12498,4194,Drug Sample,2024-03-23,Verified,Mangaluru FSL,True
12499,4195,USB Drive,2022-11-25,Verified,Mysuru FSL,False
12500,4195,Fingerprint,2022-11-25,Collected,Bengaluru FSL,False
12501,4195,Clothing,2022-11-25,Rejected,Mysuru FSL,True
12502,4195,Laptop,2022-11-25,Rejected,Bengaluru FSL,False
12503,4195,DNA Sample,2022-11-25,Sent to FSL,Bengaluru FSL,True
12504,4196,Clothing,2026-12-31,Pending Analysis,Mangaluru FSL,True
12505,4196,CCTV Footage,2026-12-31,Pending Analysis,Mangaluru FSL,True
12506,4196,Blood Sample,2026-12-31,Rejected,Bengaluru FSL,False
12507,4196,Firearm,2026-12-31,Rejected,Mysuru FSL,False
12508,4196,Fingerprint,2026-12-31,Collected,Bengaluru FSL,False
12509,4197,Clothing,2022-08-26,Pending Analysis,Mangaluru FSL,True
12510,4197,Fingerprint,2022-08-26,Sent to FSL,Bengaluru FSL,False
12511,4197,SIM Card,2022-08-26,Sent to FSL,Mangaluru FSL,False
12512,4197,Blood Sample,2022-08-26,Rejected,Mysuru FSL,True
12513,4197,CCTV Footage,2022-08-26,Pending Analysis,Mangaluru FSL,False
12514,4198,DNA Sample,2023-08-05,Sent to FSL,Bengaluru FSL,False
12515,4198,Vehicle,2023-08-05,Collected,Bengaluru FSL,False
12516,4198,Blood Sample,2023-08-05,Verified,Mangaluru FSL,False
12517,4198,Knife,2023-08-05,Collected,Mysuru FSL,True
12518,4199,Firearm,2026-01-27,Rejected,Mangaluru FSL,False
12519,4199,SIM Card,2026-01-27,Pending Analysis,Bengaluru FSL,False
12520,4199,Clothing,2026-01-27,Pending Analysis,Mangaluru FSL,False
12521,4199,Document,2026-01-27,Pending Analysis,Mysuru FSL,False
12522,4199,Hard Disk,2026-01-27,Verified,Mangaluru FSL,True
12523,4200,SIM Card,2026-01-28,Sent to FSL,Mysuru FSL,True
12524,4200,Blood Sample,2026-01-28,Sent to FSL,Mysuru FSL,True
12525,4200,USB Drive,2026-01-28,Pending Analysis,Bengaluru FSL,True
12526,4201,Vehicle,2025-01-23,Rejected,Mysuru FSL,False
12527,4202,Hard Disk,2026-05-22,Collected,Mangaluru FSL,True
12528,4203,Firearm,2022-10-31,Collected,Bengaluru FSL,True
12529,4203,Fingerprint,2022-10-31,Verified,Mysuru FSL,False
12530,4203,USB Drive,2022-10-31,Collected,Mangaluru FSL,False
12531,4204,DNA Sample,2023-07-27,Verified,Mangaluru FSL,True
12532,4204,Blood Sample,2023-07-27,Collected,Bengaluru FSL,True
12533,4205,Knife,2024-04-03,Verified,Bengaluru FSL,True
12534,4205,Document,2024-04-03,Collected,Bengaluru FSL,True
12535,4205,Drug Sample,2024-04-03,Rejected,Bengaluru FSL,True
12536,4205,Firearm,2024-04-03,Pending Analysis,Mysuru FSL,True
12537,4205,DNA Sample,2024-04-03,Sent to FSL,Mangaluru FSL,False
12538,4206,SIM Card,2023-11-01,Verified,Mangaluru FSL,True
12539,4207,Fingerprint,2026-04-23,Pending Analysis,Bengaluru FSL,False
12540,4207,Laptop,2026-04-23,Rejected,Bengaluru FSL,True
12541,4207,SIM Card,2026-04-23,Collected,Mangaluru FSL,True
12542,4208,Laptop,2022-10-16,Rejected,Bengaluru FSL,True
12543,4209,Laptop,2025-12-08,Verified,Mangaluru FSL,True
12544,4209,USB Drive,2025-12-08,Rejected,Bengaluru FSL,True
12545,4210,Clothing,2024-06-16,Sent to FSL,Bengaluru FSL,False
12546,4210,DNA Sample,2024-06-16,Rejected,Mysuru FSL,True
12547,4211,Document,2023-09-04,Collected,Bengaluru FSL,False
12548,4211,Mobile Phone,2023-09-04,Rejected,Bengaluru FSL,False
12549,4211,Laptop,2023-09-04,Verified,Mysuru FSL,False
12550,4211,Knife,2023-09-04,Collected,Mysuru FSL,False
12551,4212,CCTV Footage,2025-08-15,Rejected,Bengaluru FSL,False
12552,4212,Document,2025-08-15,Sent to FSL,Mangaluru FSL,False
12553,4212,SIM Card,2025-08-15,Pending Analysis,Mangaluru FSL,False
12554,4212,Clothing,2025-08-15,Rejected,Mangaluru FSL,True
12555,4213,Document,2022-01-16,Pending Analysis,Bengaluru FSL,True
12556,4213,Vehicle,2022-01-16,Sent to FSL,Mangaluru FSL,False
12557,4214,Clothing,2026-07-06,Collected,Mangaluru FSL,False
12558,4214,Fingerprint,2026-07-06,Rejected,Mysuru FSL,True
12559,4214,Vehicle,2026-07-06,Sent to FSL,Bengaluru FSL,True
12560,4214,Drug Sample,2026-07-06,Sent to FSL,Mangaluru FSL,True
12561,4214,Document,2026-07-06,Collected,Mysuru FSL,False
12562,4215,Fingerprint,2024-03-29,Rejected,Mangaluru FSL,True
12563,4215,DNA Sample,2024-03-29,Verified,Mysuru FSL,True
12564,4215,Document,2024-03-29,Sent to FSL,Mangaluru FSL,False
12565,4215,Knife,2024-03-29,Sent to FSL,Mysuru FSL,False
12566,4216,Drug Sample,2022-02-27,Collected,Mysuru FSL,True
12567,4217,DNA Sample,2023-06-20,Verified,Mysuru FSL,False
12568,4217,SIM Card,2023-06-20,Collected,Bengaluru FSL,False
12569,4217,Hard Disk,2023-06-20,Verified,Mysuru FSL,True
12570,4217,Vehicle,2023-06-20,Sent to FSL,Mangaluru FSL,False
12571,4217,Mobile Phone,2023-06-20,Collected,Mysuru FSL,False
12572,4218,Clothing,2022-05-22,Rejected,Bengaluru FSL,True
12573,4218,Blood Sample,2022-05-22,Pending Analysis,Mysuru FSL,True
12574,4218,Drug Sample,2022-05-22,Collected,Mangaluru FSL,False
12575,4218,Fingerprint,2022-05-22,Collected,Bengaluru FSL,True
12576,4218,Laptop,2022-05-22,Rejected,Mangaluru FSL,True
12577,4219,Knife,2024-08-09,Pending Analysis,Mangaluru FSL,True
12578,4219,USB Drive,2024-08-09,Sent to FSL,Mysuru FSL,False
12579,4219,Clothing,2024-08-09,Collected,Mysuru FSL,True
12580,4220,DNA Sample,2025-11-28,Pending Analysis,Bengaluru FSL,True
12581,4220,Clothing,2025-11-28,Collected,Mysuru FSL,False
12582,4220,SIM Card,2025-11-28,Verified,Bengaluru FSL,False
12583,4220,Hard Disk,2025-11-28,Rejected,Mysuru FSL,False
12584,4221,Laptop,2024-01-19,Rejected,Mysuru FSL,True
12585,4221,Fingerprint,2024-01-19,Verified,Bengaluru FSL,True
12586,4221,Mobile Phone,2024-01-19,Collected,Mysuru FSL,True
12587,4221,Hard Disk,2024-01-19,Verified,Bengaluru FSL,True
12588,4222,Drug Sample,2022-02-21,Sent to FSL,Mangaluru FSL,False
12589,4222,Clothing,2022-02-21,Pending Analysis,Bengaluru FSL,False
12590,4222,Fingerprint,2022-02-21,Sent to FSL,Mangaluru FSL,False
12591,4223,Fingerprint,2024-01-07,Rejected,Mangaluru FSL,True
12592,4223,USB Drive,2024-01-07,Verified,Mysuru FSL,True
12593,4223,Clothing,2024-01-07,Rejected,Mysuru FSL,False
12594,4223,CCTV Footage,2024-01-07,Collected,Mysuru FSL,False
12595,4224,Knife,2022-09-17,Rejected,Mysuru FSL,False
12596,4224,Vehicle,2022-09-17,Sent to FSL,Mangaluru FSL,True
12597,4224,Fingerprint,2022-09-17,Collected,Mangaluru FSL,False
12598,4225,Mobile Phone,2023-10-25,Rejected,Mangaluru FSL,True
12599,4225,Laptop,2023-10-25,Sent to FSL,Mangaluru FSL,False
12600,4226,Firearm,2022-09-26,Rejected,Bengaluru FSL,True
12601,4226,Vehicle,2022-09-26,Collected,Mysuru FSL,True
12602,4226,DNA Sample,2022-09-26,Collected,Bengaluru FSL,False
12603,4227,Mobile Phone,2024-01-07,Sent to FSL,Mysuru FSL,True
12604,4227,Clothing,2024-01-07,Sent to FSL,Mysuru FSL,True
12605,4227,SIM Card,2024-01-07,Collected,Bengaluru FSL,True
12606,4228,USB Drive,2022-09-08,Collected,Mysuru FSL,False
12607,4228,Document,2022-09-08,Rejected,Mangaluru FSL,False
12608,4229,CCTV Footage,2026-04-10,Verified,Mangaluru FSL,False
12609,4229,Fingerprint,2026-04-10,Rejected,Bengaluru FSL,True
12610,4229,USB Drive,2026-04-10,Rejected,Mangaluru FSL,False
12611,4229,Mobile Phone,2026-04-10,Rejected,Mangaluru FSL,True
12612,4230,Blood Sample,2025-03-21,Rejected,Mysuru FSL,True
12613,4231,Knife,2026-11-28,Rejected,Mysuru FSL,True
12614,4231,Laptop,2026-11-28,Collected,Mangaluru FSL,False
12615,4232,Vehicle,2023-08-24,Collected,Mangaluru FSL,True
12616,4233,Blood Sample,2023-10-16,Rejected,Mysuru FSL,True
12617,4234,Laptop,2024-10-22,Pending Analysis,Mysuru FSL,True
12618,4234,CCTV Footage,2024-10-22,Rejected,Mangaluru FSL,False
12619,4234,SIM Card,2024-10-22,Sent to FSL,Bengaluru FSL,False
12620,4234,Mobile Phone,2024-10-22,Collected,Mangaluru FSL,True
12621,4234,Fingerprint,2024-10-22,Collected,Mangaluru FSL,True
12622,4235,CCTV Footage,2024-06-16,Pending Analysis,Mysuru FSL,True
12623,4235,Laptop,2024-06-16,Rejected,Mysuru FSL,False
12624,4235,SIM Card,2024-06-16,Rejected,Mangaluru FSL,False
12625,4235,Clothing,2024-06-16,Rejected,Bengaluru FSL,False
12626,4236,Clothing,2023-11-10,Pending Analysis,Bengaluru FSL,False
12627,4236,Mobile Phone,2023-11-10,Collected,Mysuru FSL,True
12628,4236,DNA Sample,2023-11-10,Pending Analysis,Mysuru FSL,True
12629,4236,SIM Card,2023-11-10,Rejected,Bengaluru FSL,True
12630,4236,USB Drive,2023-11-10,Sent to FSL,Mysuru FSL,True
12631,4237,Laptop,2023-04-29,Verified,Mysuru FSL,False
12632,4238,Laptop,2025-07-05,Verified,Mangaluru FSL,False
12633,4238,Drug Sample,2025-07-05,Rejected,Mysuru FSL,False
12634,4238,Firearm,2025-07-05,Sent to FSL,Mysuru FSL,False
12635,4238,Document,2025-07-05,Sent to FSL,Bengaluru FSL,False
12636,4238,SIM Card,2025-07-05,Pending Analysis,Mangaluru FSL,False
12637,4239,Clothing,2025-03-11,Pending Analysis,Mysuru FSL,True
12638,4240,Vehicle,2024-12-01,Collected,Bengaluru FSL,True
12639,4240,USB Drive,2024-12-01,Verified,Bengaluru FSL,True
12640,4240,Mobile Phone,2024-12-01,Verified,Mysuru FSL,False
12641,4240,Fingerprint,2024-12-01,Verified,Bengaluru FSL,True
12642,4240,Knife,2024-12-01,Sent to FSL,Mysuru FSL,True
12643,4241,Fingerprint,2025-12-03,Sent to FSL,Bengaluru FSL,True
12644,4241,CCTV Footage,2025-12-03,Sent to FSL,Bengaluru FSL,True
12645,4241,Vehicle,2025-12-03,Pending Analysis,Mysuru FSL,False
12646,4242,USB Drive,2024-02-18,Verified,Bengaluru FSL,True
12647,4243,USB Drive,2022-11-11,Rejected,Bengaluru FSL,True
12648,4243,Fingerprint,2022-11-11,Rejected,Mangaluru FSL,True
12649,4243,Clothing,2022-11-11,Verified,Mysuru FSL,True
12650,4243,DNA Sample,2022-11-11,Verified,Mysuru FSL,True
12651,4243,Firearm,2022-11-11,Sent to FSL,Mysuru FSL,False
12652,4244,Hard Disk,2023-02-12,Pending Analysis,Bengaluru FSL,False
12653,4244,Document,2023-02-12,Collected,Mangaluru FSL,True
12654,4244,USB Drive,2023-02-12,Sent to FSL,Mysuru FSL,False
12655,4244,Clothing,2023-02-12,Verified,Mangaluru FSL,True
12656,4244,Drug Sample,2023-02-12,Collected,Mangaluru FSL,False
12657,4245,CCTV Footage,2024-02-03,Sent to FSL,Bengaluru FSL,False
12658,4245,Laptop,2024-02-03,Rejected,Mysuru FSL,False
12659,4245,DNA Sample,2024-02-03,Sent to FSL,Mysuru FSL,True
12660,4246,Blood Sample,2023-09-02,Collected,Bengaluru FSL,False
12661,4246,Hard Disk,2023-09-02,Verified,Mysuru FSL,True
12662,4246,Mobile Phone,2023-09-02,Rejected,Mysuru FSL,False
12663,4246,SIM Card,2023-09-02,Collected,Mysuru FSL,False
12664,4246,Fingerprint,2023-09-02,Sent to FSL,Bengaluru FSL,False
12665,4247,SIM Card,2026-08-17,Pending Analysis,Bengaluru FSL,True
12666,4247,Vehicle,2026-08-17,Sent to FSL,Mysuru FSL,True
12667,4248,Mobile Phone,2022-02-02,Collected,Mysuru FSL,False
12668,4248,Vehicle,2022-02-02,Collected,Bengaluru FSL,True
12669,4248,Hard Disk,2022-02-02,Verified,Bengaluru FSL,True
12670,4248,Blood Sample,2022-02-02,Pending Analysis,Mangaluru FSL,False
12671,4248,Clothing,2022-02-02,Pending Analysis,Bengaluru FSL,True
12672,4249,Vehicle,2025-03-27,Collected,Bengaluru FSL,True
12673,4249,Fingerprint,2025-03-27,Verified,Mysuru FSL,True
12674,4249,Firearm,2025-03-27,Rejected,Mysuru FSL,True
12675,4249,Knife,2025-03-27,Pending Analysis,Mysuru FSL,True
12676,4250,USB Drive,2023-07-17,Sent to FSL,Mangaluru FSL,False
12677,4250,Drug Sample,2023-07-17,Pending Analysis,Mysuru FSL,True
12678,4250,Fingerprint,2023-07-17,Rejected,Mysuru FSL,False
12679,4250,SIM Card,2023-07-17,Sent to FSL,Mangaluru FSL,True
12680,4251,Vehicle,2022-12-09,Pending Analysis,Bengaluru FSL,True
12681,4251,Hard Disk,2022-12-09,Sent to FSL,Mangaluru FSL,False
12682,4252,Firearm,2022-05-17,Verified,Mysuru FSL,False
12683,4253,Blood Sample,2023-10-17,Sent to FSL,Bengaluru FSL,False
12684,4254,Document,2024-10-08,Collected,Bengaluru FSL,False
12685,4254,SIM Card,2024-10-08,Collected,Mysuru FSL,False
12686,4254,Clothing,2024-10-08,Sent to FSL,Mysuru FSL,True
12687,4254,Firearm,2024-10-08,Verified,Mangaluru FSL,True
12688,4254,Fingerprint,2024-10-08,Rejected,Mysuru FSL,True
12689,4255,Vehicle,2023-10-18,Collected,Bengaluru FSL,False
12690,4255,Mobile Phone,2023-10-18,Rejected,Mangaluru FSL,True
12691,4256,Vehicle,2023-03-21,Collected,Mangaluru FSL,True
12692,4256,Firearm,2023-03-21,Pending Analysis,Mangaluru FSL,False
12693,4256,Mobile Phone,2023-03-21,Collected,Bengaluru FSL,False
12694,4256,Drug Sample,2023-03-21,Verified,Mysuru FSL,True
12695,4257,Drug Sample,2025-02-20,Collected,Mangaluru FSL,True
12696,4258,Firearm,2023-12-09,Pending Analysis,Bengaluru FSL,True
12697,4258,Blood Sample,2023-12-09,Sent to FSL,Bengaluru FSL,True
12698,4258,Mobile Phone,2023-12-09,Verified,Bengaluru FSL,False
12699,4259,Drug Sample,2024-01-02,Sent to FSL,Mangaluru FSL,False
12700,4259,Blood Sample,2024-01-02,Rejected,Mysuru FSL,True
12701,4259,Knife,2024-01-02,Pending Analysis,Bengaluru FSL,False
12702,4259,Document,2024-01-02,Verified,Bengaluru FSL,True
12703,4260,Knife,2023-02-26,Collected,Bengaluru FSL,False
12704,4260,Laptop,2023-02-26,Pending Analysis,Mangaluru FSL,True
12705,4260,Mobile Phone,2023-02-26,Verified,Mysuru FSL,True
12706,4260,DNA Sample,2023-02-26,Pending Analysis,Mangaluru FSL,False
12707,4260,Vehicle,2023-02-26,Pending Analysis,Bengaluru FSL,False
12708,4261,CCTV Footage,2024-01-18,Verified,Mangaluru FSL,True
12709,4262,CCTV Footage,2023-10-07,Pending Analysis,Bengaluru FSL,True
12710,4263,Document,2024-09-02,Rejected,Mangaluru FSL,True
12711,4263,Hard Disk,2024-09-02,Pending Analysis,Mysuru FSL,True
12712,4263,CCTV Footage,2024-09-02,Pending Analysis,Mysuru FSL,False
12713,4263,USB Drive,2024-09-02,Collected,Mangaluru FSL,True
12714,4264,Drug Sample,2025-04-13,Collected,Mangaluru FSL,False
12715,4264,Blood Sample,2025-04-13,Sent to FSL,Mysuru FSL,True
12716,4265,CCTV Footage,2022-04-21,Collected,Mysuru FSL,False
12717,4265,Knife,2022-04-21,Sent to FSL,Mangaluru FSL,False
12718,4266,SIM Card,2023-07-28,Verified,Mangaluru FSL,False
12719,4266,Blood Sample,2023-07-28,Pending Analysis,Bengaluru FSL,True
12720,4266,DNA Sample,2023-07-28,Collected,Mangaluru FSL,True
12721,4267,Drug Sample,2025-12-15,Collected,Mangaluru FSL,True
12722,4267,Document,2025-12-15,Verified,Mangaluru FSL,True
12723,4267,Vehicle,2025-12-15,Verified,Mangaluru FSL,False
12724,4268,Drug Sample,2024-07-29,Collected,Mangaluru FSL,False
12725,4268,Fingerprint,2024-07-29,Collected,Bengaluru FSL,False
12726,4268,Vehicle,2024-07-29,Collected,Mysuru FSL,True
12727,4268,Laptop,2024-07-29,Pending Analysis,Mangaluru FSL,False
12728,4268,Hard Disk,2024-07-29,Pending Analysis,Mysuru FSL,True
12729,4269,Blood Sample,2022-03-24,Verified,Mangaluru FSL,True
12730,4269,Drug Sample,2022-03-24,Verified,Bengaluru FSL,True
12731,4269,Mobile Phone,2022-03-24,Verified,Mangaluru FSL,True
12732,4270,Document,2025-08-31,Pending Analysis,Mysuru FSL,True
12733,4270,USB Drive,2025-08-31,Verified,Mysuru FSL,True
12734,4271,DNA Sample,2024-10-01,Rejected,Mangaluru FSL,False
12735,4271,Knife,2024-10-01,Verified,Mysuru FSL,False
12736,4271,Hard Disk,2024-10-01,Rejected,Mysuru FSL,True
12737,4271,Fingerprint,2024-10-01,Rejected,Mysuru FSL,False
12738,4272,DNA Sample,2022-08-04,Verified,Mangaluru FSL,True
12739,4273,Knife,2024-03-02,Pending Analysis,Bengaluru FSL,False
12740,4273,Blood Sample,2024-03-02,Rejected,Mysuru FSL,True
12741,4273,Document,2024-03-02,Rejected,Mysuru FSL,False
12742,4274,Clothing,2023-07-02,Collected,Mangaluru FSL,False
12743,4274,Firearm,2023-07-02,Sent to FSL,Bengaluru FSL,False
12744,4274,Knife,2023-07-02,Verified,Bengaluru FSL,True
12745,4274,Drug Sample,2023-07-02,Collected,Mangaluru FSL,False
12746,4275,Hard Disk,2024-12-21,Rejected,Mysuru FSL,True
12747,4275,Knife,2024-12-21,Sent to FSL,Mangaluru FSL,True
12748,4275,Drug Sample,2024-12-21,Verified,Mangaluru FSL,False
12749,4275,CCTV Footage,2024-12-21,Collected,Mysuru FSL,True
12750,4275,Fingerprint,2024-12-21,Collected,Bengaluru FSL,True
12751,4276,Blood Sample,2025-05-09,Verified,Mangaluru FSL,False
12752,4276,Vehicle,2025-05-09,Rejected,Mysuru FSL,True
12753,4276,USB Drive,2025-05-09,Sent to FSL,Mangaluru FSL,False
12754,4276,Clothing,2025-05-09,Sent to FSL,Mysuru FSL,True
12755,4277,Hard Disk,2025-07-04,Rejected,Mangaluru FSL,False
12756,4277,Fingerprint,2025-07-04,Sent to FSL,Mangaluru FSL,False
12757,4277,Clothing,2025-07-04,Pending Analysis,Mysuru FSL,True
12758,4278,Document,2026-11-11,Verified,Bengaluru FSL,False
12759,4279,Document,2023-01-27,Sent to FSL,Mangaluru FSL,True
12760,4280,USB Drive,2022-11-11,Pending Analysis,Bengaluru FSL,True
12761,4280,Firearm,2022-11-11,Sent to FSL,Mysuru FSL,True
12762,4280,CCTV Footage,2022-11-11,Rejected,Mangaluru FSL,False
12763,4280,Laptop,2022-11-11,Sent to FSL,Bengaluru FSL,True
12764,4280,Knife,2022-11-11,Collected,Mysuru FSL,True
12765,4281,Laptop,2024-11-10,Pending Analysis,Mysuru FSL,False
12766,4281,Document,2024-11-10,Rejected,Mysuru FSL,False
12767,4281,Fingerprint,2024-11-10,Sent to FSL,Bengaluru FSL,True
12768,4281,Drug Sample,2024-11-10,Sent to FSL,Mysuru FSL,False
12769,4282,Fingerprint,2026-08-10,Verified,Mangaluru FSL,True
12770,4283,DNA Sample,2024-11-14,Rejected,Mysuru FSL,False
12771,4283,Firearm,2024-11-14,Verified,Mangaluru FSL,False
12772,4284,Hard Disk,2024-03-12,Sent to FSL,Mangaluru FSL,False
12773,4285,Fingerprint,2023-10-14,Sent to FSL,Mangaluru FSL,True
12774,4285,SIM Card,2023-10-14,Rejected,Bengaluru FSL,True
12775,4286,CCTV Footage,2023-10-24,Pending Analysis,Mysuru FSL,True
12776,4286,Firearm,2023-10-24,Sent to FSL,Bengaluru FSL,False
12777,4287,Fingerprint,2024-09-17,Sent to FSL,Bengaluru FSL,False
12778,4287,Blood Sample,2024-09-17,Pending Analysis,Bengaluru FSL,True
12779,4288,Blood Sample,2022-04-24,Pending Analysis,Mangaluru FSL,True
12780,4288,Document,2022-04-24,Pending Analysis,Bengaluru FSL,True
12781,4289,SIM Card,2026-02-09,Pending Analysis,Mysuru FSL,False
12782,4289,DNA Sample,2026-02-09,Pending Analysis,Mangaluru FSL,True
12783,4289,Laptop,2026-02-09,Sent to FSL,Mysuru FSL,False
12784,4289,Vehicle,2026-02-09,Rejected,Bengaluru FSL,True
12785,4290,Drug Sample,2022-12-21,Pending Analysis,Mangaluru FSL,False
12786,4290,Blood Sample,2022-12-21,Sent to FSL,Mangaluru FSL,True
12787,4290,CCTV Footage,2022-12-21,Pending Analysis,Bengaluru FSL,False
12788,4291,DNA Sample,2023-05-21,Pending Analysis,Bengaluru FSL,True
12789,4291,Hard Disk,2023-05-21,Verified,Mangaluru FSL,True
12790,4291,Firearm,2023-05-21,Verified,Bengaluru FSL,True
12791,4291,Document,2023-05-21,Sent to FSL,Mysuru FSL,True
12792,4291,CCTV Footage,2023-05-21,Collected,Mysuru FSL,True
12793,4292,Drug Sample,2022-03-24,Pending Analysis,Mangaluru FSL,True
12794,4292,Vehicle,2022-03-24,Pending Analysis,Mangaluru FSL,True
12795,4293,DNA Sample,2023-07-29,Verified,Bengaluru FSL,True
12796,4293,SIM Card,2023-07-29,Collected,Mangaluru FSL,False
12797,4293,Drug Sample,2023-07-29,Sent to FSL,Mangaluru FSL,True
12798,4293,Blood Sample,2023-07-29,Rejected,Mangaluru FSL,True
12799,4294,Document,2023-06-13,Verified,Mangaluru FSL,True
12800,4294,USB Drive,2023-06-13,Rejected,Mangaluru FSL,False
12801,4295,CCTV Footage,2024-04-09,Pending Analysis,Mysuru FSL,False
12802,4295,Document,2024-04-09,Verified,Mangaluru FSL,True
12803,4296,USB Drive,2026-09-05,Collected,Mysuru FSL,False
12804,4296,Clothing,2026-09-05,Pending Analysis,Bengaluru FSL,False
12805,4296,Document,2026-09-05,Collected,Mysuru FSL,True
12806,4297,CCTV Footage,2022-11-03,Collected,Bengaluru FSL,False
12807,4297,Clothing,2022-11-03,Collected,Mysuru FSL,True
12808,4297,Document,2022-11-03,Verified,Mangaluru FSL,True
12809,4297,Blood Sample,2022-11-03,Pending Analysis,Bengaluru FSL,True
12810,4297,Hard Disk,2022-11-03,Pending Analysis,Mangaluru FSL,True
12811,4298,Drug Sample,2025-01-04,Verified,Mangaluru FSL,False
12812,4298,USB Drive,2025-01-04,Collected,Mangaluru FSL,False
12813,4298,Fingerprint,2025-01-04,Sent to FSL,Mysuru FSL,True
12814,4298,SIM Card,2025-01-04,Rejected,Mysuru FSL,False
12815,4299,Fingerprint,2025-07-13,Collected,Mysuru FSL,True
12816,4299,CCTV Footage,2025-07-13,Rejected,Bengaluru FSL,True
12817,4300,Fingerprint,2025-03-14,Collected,Bengaluru FSL,True
12818,4300,CCTV Footage,2025-03-14,Collected,Bengaluru FSL,True
12819,4300,Firearm,2025-03-14,Rejected,Mangaluru FSL,False
12820,4301,Laptop,2023-03-16,Verified,Bengaluru FSL,True
12821,4301,CCTV Footage,2023-03-16,Pending Analysis,Mangaluru FSL,False
12822,4302,Knife,2024-01-11,Pending Analysis,Mangaluru FSL,False
12823,4302,Blood Sample,2024-01-11,Verified,Mangaluru FSL,True
12824,4302,USB Drive,2024-01-11,Pending Analysis,Bengaluru FSL,True
12825,4302,CCTV Footage,2024-01-11,Verified,Mangaluru FSL,False
12826,4303,Knife,2026-04-17,Collected,Mysuru FSL,True
12827,4304,Fingerprint,2022-01-13,Collected,Bengaluru FSL,True
12828,4304,Document,2022-01-13,Pending Analysis,Bengaluru FSL,True
12829,4305,Drug Sample,2024-04-21,Rejected,Bengaluru FSL,False
12830,4305,USB Drive,2024-04-21,Collected,Bengaluru FSL,False
12831,4306,Fingerprint,2024-10-06,Pending Analysis,Bengaluru FSL,True
12832,4306,CCTV Footage,2024-10-06,Rejected,Bengaluru FSL,True
12833,4307,USB Drive,2025-02-01,Sent to FSL,Mysuru FSL,False
12834,4307,Drug Sample,2025-02-01,Pending Analysis,Bengaluru FSL,False
12835,4308,Drug Sample,2024-09-02,Sent to FSL,Bengaluru FSL,False
12836,4309,Mobile Phone,2026-02-17,Collected,Mangaluru FSL,False
12837,4309,Laptop,2026-02-17,Rejected,Bengaluru FSL,False
12838,4309,USB Drive,2026-02-17,Pending Analysis,Mangaluru FSL,True
12839,4309,Fingerprint,2026-02-17,Sent to FSL,Mysuru FSL,False
12840,4309,Drug Sample,2026-02-17,Rejected,Mangaluru FSL,True
12841,4310,DNA Sample,2022-01-14,Pending Analysis,Mangaluru FSL,False
12842,4310,Fingerprint,2022-01-14,Collected,Bengaluru FSL,True
12843,4310,Drug Sample,2022-01-14,Verified,Bengaluru FSL,False
12844,4310,USB Drive,2022-01-14,Collected,Mangaluru FSL,True
12845,4311,Blood Sample,2025-05-04,Rejected,Bengaluru FSL,False
12846,4311,Drug Sample,2025-05-04,Rejected,Mangaluru FSL,False
12847,4311,USB Drive,2025-05-04,Rejected,Mangaluru FSL,True
12848,4311,DNA Sample,2025-05-04,Pending Analysis,Mangaluru FSL,False
12849,4311,Mobile Phone,2025-05-04,Verified,Bengaluru FSL,True
12850,4312,Hard Disk,2025-08-28,Sent to FSL,Mangaluru FSL,False
12851,4313,Mobile Phone,2024-10-07,Sent to FSL,Mangaluru FSL,True
12852,4313,CCTV Footage,2024-10-07,Rejected,Mangaluru FSL,True
12853,4314,Clothing,2024-08-03,Sent to FSL,Bengaluru FSL,True
12854,4315,Hard Disk,2022-03-10,Pending Analysis,Mangaluru FSL,False
12855,4315,Mobile Phone,2022-03-10,Pending Analysis,Mysuru FSL,False
12856,4315,CCTV Footage,2022-03-10,Pending Analysis,Bengaluru FSL,True
12857,4316,Knife,2022-05-07,Pending Analysis,Mangaluru FSL,True
12858,4316,DNA Sample,2022-05-07,Sent to FSL,Mysuru FSL,True
12859,4316,Document,2022-05-07,Rejected,Mysuru FSL,False
12860,4316,Hard Disk,2022-05-07,Pending Analysis,Mangaluru FSL,True
12861,4317,USB Drive,2022-03-03,Verified,Bengaluru FSL,True
12862,4317,Laptop,2022-03-03,Verified,Mangaluru FSL,True
12863,4317,Mobile Phone,2022-03-03,Pending Analysis,Bengaluru FSL,True
12864,4318,Firearm,2022-10-09,Collected,Bengaluru FSL,True
12865,4318,Mobile Phone,2022-10-09,Sent to FSL,Mysuru FSL,False
12866,4319,Clothing,2024-01-15,Rejected,Mangaluru FSL,False
12867,4320,Hard Disk,2025-09-09,Sent to FSL,Bengaluru FSL,False
12868,4320,Knife,2025-09-09,Pending Analysis,Mangaluru FSL,True
12869,4320,USB Drive,2025-09-09,Pending Analysis,Bengaluru FSL,True
12870,4320,Blood Sample,2025-09-09,Rejected,Bengaluru FSL,True
12871,4320,Fingerprint,2025-09-09,Sent to FSL,Bengaluru FSL,True
12872,4321,Laptop,2023-10-21,Collected,Mangaluru FSL,True
12873,4321,Drug Sample,2023-10-21,Rejected,Mangaluru FSL,True
12874,4321,Clothing,2023-10-21,Pending Analysis,Mangaluru FSL,False
12875,4321,Mobile Phone,2023-10-21,Collected,Mangaluru FSL,False
12876,4322,Hard Disk,2022-02-27,Verified,Mangaluru FSL,False
12877,4322,SIM Card,2022-02-27,Verified,Mangaluru FSL,True
12878,4323,CCTV Footage,2024-03-16,Verified,Mangaluru FSL,False
12879,4323,Blood Sample,2024-03-16,Verified,Bengaluru FSL,True
12880,4323,Drug Sample,2024-03-16,Rejected,Mangaluru FSL,False
12881,4323,Laptop,2024-03-16,Pending Analysis,Mangaluru FSL,False
12882,4323,USB Drive,2024-03-16,Rejected,Mangaluru FSL,True
12883,4324,USB Drive,2024-03-02,Pending Analysis,Bengaluru FSL,True
12884,4325,Drug Sample,2024-07-08,Collected,Mangaluru FSL,True
12885,4325,Blood Sample,2024-07-08,Collected,Bengaluru FSL,True
12886,4325,Knife,2024-07-08,Rejected,Mysuru FSL,False
12887,4326,Hard Disk,2024-02-15,Rejected,Mysuru FSL,True
12888,4327,Drug Sample,2024-02-21,Sent to FSL,Bengaluru FSL,False
12889,4327,USB Drive,2024-02-21,Sent to FSL,Bengaluru FSL,False
12890,4328,DNA Sample,2022-12-21,Verified,Mysuru FSL,False
12891,4328,Mobile Phone,2022-12-21,Collected,Mangaluru FSL,True
12892,4328,Fingerprint,2022-12-21,Sent to FSL,Bengaluru FSL,False
12893,4329,CCTV Footage,2024-06-02,Collected,Mangaluru FSL,False
12894,4329,Drug Sample,2024-06-02,Collected,Bengaluru FSL,False
12895,4329,Blood Sample,2024-06-02,Sent to FSL,Bengaluru FSL,True
12896,4329,Vehicle,2024-06-02,Pending Analysis,Mysuru FSL,False
12897,4330,Mobile Phone,2026-08-25,Rejected,Mangaluru FSL,True
12898,4330,Vehicle,2026-08-25,Collected,Bengaluru FSL,True
12899,4330,Fingerprint,2026-08-25,Collected,Mangaluru FSL,False
12900,4330,Firearm,2026-08-25,Rejected,Mysuru FSL,True
12901,4331,Document,2024-12-04,Pending Analysis,Mangaluru FSL,True
12902,4331,Laptop,2024-12-04,Verified,Mysuru FSL,False
12903,4331,Blood Sample,2024-12-04,Rejected,Mysuru FSL,False
12904,4332,USB Drive,2022-02-17,Sent to FSL,Mysuru FSL,False
12905,4332,Knife,2022-02-17,Verified,Mangaluru FSL,True
12906,4332,Hard Disk,2022-02-17,Pending Analysis,Mysuru FSL,True
12907,4333,Mobile Phone,2023-04-25,Verified,Mangaluru FSL,False
12908,4333,Blood Sample,2023-04-25,Collected,Mangaluru FSL,True
12909,4334,Fingerprint,2023-01-28,Collected,Mangaluru FSL,False
12910,4335,Hard Disk,2024-09-05,Collected,Mysuru FSL,True
12911,4335,Document,2024-09-05,Rejected,Bengaluru FSL,True
12912,4335,Fingerprint,2024-09-05,Pending Analysis,Bengaluru FSL,True
12913,4336,DNA Sample,2023-11-07,Sent to FSL,Mysuru FSL,False
12914,4336,Firearm,2023-11-07,Sent to FSL,Bengaluru FSL,False
12915,4336,CCTV Footage,2023-11-07,Pending Analysis,Mangaluru FSL,True
12916,4336,Mobile Phone,2023-11-07,Rejected,Mysuru FSL,False
12917,4336,Laptop,2023-11-07,Collected,Bengaluru FSL,False
12918,4337,Mobile Phone,2025-11-04,Verified,Bengaluru FSL,False
12919,4337,Blood Sample,2025-11-04,Sent to FSL,Bengaluru FSL,True
12920,4338,Clothing,2025-12-26,Verified,Mangaluru FSL,False
12921,4339,SIM Card,2022-07-15,Verified,Mangaluru FSL,False
12922,4339,Vehicle,2022-07-15,Rejected,Mysuru FSL,True
12923,4339,DNA Sample,2022-07-15,Sent to FSL,Mangaluru FSL,False
12924,4339,Hard Disk,2022-07-15,Pending Analysis,Mangaluru FSL,True
12925,4340,Mobile Phone,2022-12-02,Collected,Mysuru FSL,False
12926,4340,Fingerprint,2022-12-02,Verified,Mysuru FSL,False
12927,4340,Drug Sample,2022-12-02,Pending Analysis,Mysuru FSL,True
12928,4341,Knife,2022-04-06,Sent to FSL,Mysuru FSL,False
12929,4341,DNA Sample,2022-04-06,Verified,Mangaluru FSL,True
12930,4341,Vehicle,2022-04-06,Sent to FSL,Mysuru FSL,False
12931,4341,Mobile Phone,2022-04-06,Verified,Bengaluru FSL,True
12932,4342,Mobile Phone,2022-10-05,Verified,Bengaluru FSL,False
12933,4342,Clothing,2022-10-05,Sent to FSL,Bengaluru FSL,False
12934,4342,Vehicle,2022-10-05,Pending Analysis,Mangaluru FSL,True
12935,4342,Hard Disk,2022-10-05,Rejected,Mysuru FSL,True
12936,4343,USB Drive,2025-06-21,Collected,Mysuru FSL,False
12937,4343,Mobile Phone,2025-06-21,Rejected,Bengaluru FSL,True
12938,4343,DNA Sample,2025-06-21,Pending Analysis,Mangaluru FSL,False
12939,4344,Knife,2026-10-25,Verified,Mangaluru FSL,False
12940,4344,Mobile Phone,2026-10-25,Sent to FSL,Mangaluru FSL,False
12941,4344,Document,2026-10-25,Rejected,Mysuru FSL,True
12942,4344,CCTV Footage,2026-10-25,Verified,Mangaluru FSL,True
12943,4345,DNA Sample,2022-04-06,Sent to FSL,Bengaluru FSL,False
12944,4345,Vehicle,2022-04-06,Pending Analysis,Mangaluru FSL,False
12945,4345,CCTV Footage,2022-04-06,Collected,Mysuru FSL,True
12946,4345,Fingerprint,2022-04-06,Verified,Mysuru FSL,True
12947,4346,CCTV Footage,2026-11-18,Rejected,Mangaluru FSL,False
12948,4346,Clothing,2026-11-18,Sent to FSL,Mangaluru FSL,False
12949,4346,Blood Sample,2026-11-18,Sent to FSL,Mangaluru FSL,True
12950,4346,Fingerprint,2026-11-18,Collected,Mangaluru FSL,True
12951,4346,Drug Sample,2026-11-18,Rejected,Mysuru FSL,True
12952,4347,Document,2026-09-26,Pending Analysis,Bengaluru FSL,False
12953,4348,Blood Sample,2024-07-26,Rejected,Bengaluru FSL,False
12954,4348,Vehicle,2024-07-26,Collected,Bengaluru FSL,True
12955,4348,DNA Sample,2024-07-26,Sent to FSL,Bengaluru FSL,False
12956,4348,Mobile Phone,2024-07-26,Pending Analysis,Mysuru FSL,False
12957,4348,Clothing,2024-07-26,Rejected,Bengaluru FSL,False
12958,4349,Hard Disk,2022-07-14,Verified,Mangaluru FSL,False
12959,4349,DNA Sample,2022-07-14,Rejected,Bengaluru FSL,False
12960,4349,Laptop,2022-07-14,Collected,Bengaluru FSL,True
12961,4350,Drug Sample,2025-11-07,Sent to FSL,Mysuru FSL,True
12962,4350,USB Drive,2025-11-07,Rejected,Mysuru FSL,True
12963,4350,Vehicle,2025-11-07,Verified,Mangaluru FSL,False
12964,4350,Document,2025-11-07,Collected,Bengaluru FSL,True
12965,4350,DNA Sample,2025-11-07,Sent to FSL,Mysuru FSL,False
12966,4351,CCTV Footage,2023-08-30,Verified,Mangaluru FSL,False
12967,4351,Clothing,2023-08-30,Pending Analysis,Mysuru FSL,True
12968,4351,Knife,2023-08-30,Sent to FSL,Bengaluru FSL,False
12969,4351,SIM Card,2023-08-30,Pending Analysis,Mysuru FSL,True
12970,4351,Vehicle,2023-08-30,Pending Analysis,Bengaluru FSL,False
12971,4352,Blood Sample,2025-12-05,Collected,Mangaluru FSL,False
12972,4353,DNA Sample,2022-04-04,Sent to FSL,Mysuru FSL,False
12973,4353,CCTV Footage,2022-04-04,Rejected,Mysuru FSL,False
12974,4353,Blood Sample,2022-04-04,Verified,Mangaluru FSL,False
12975,4353,Drug Sample,2022-04-04,Verified,Bengaluru FSL,False
12976,4353,Mobile Phone,2022-04-04,Rejected,Bengaluru FSL,True
12977,4354,Drug Sample,2023-11-04,Rejected,Mangaluru FSL,True
12978,4354,Fingerprint,2023-11-04,Verified,Mangaluru FSL,True
12979,4354,SIM Card,2023-11-04,Sent to FSL,Mysuru FSL,False
12980,4354,Knife,2023-11-04,Collected,Bengaluru FSL,False
12981,4355,Fingerprint,2023-08-24,Collected,Mangaluru FSL,False
12982,4355,CCTV Footage,2023-08-24,Verified,Mysuru FSL,True
12983,4355,DNA Sample,2023-08-24,Pending Analysis,Mysuru FSL,False
12984,4355,Drug Sample,2023-08-24,Sent to FSL,Mysuru FSL,True
12985,4356,SIM Card,2024-02-03,Pending Analysis,Mangaluru FSL,False
12986,4356,Laptop,2024-02-03,Verified,Mysuru FSL,True
12987,4356,Drug Sample,2024-02-03,Collected,Mysuru FSL,False
12988,4357,Knife,2022-08-29,Pending Analysis,Bengaluru FSL,False
12989,4357,Document,2022-08-29,Verified,Mangaluru FSL,False
12990,4357,Vehicle,2022-08-29,Collected,Mangaluru FSL,False
12991,4358,Drug Sample,2022-02-23,Rejected,Mangaluru FSL,False
12992,4358,CCTV Footage,2022-02-23,Pending Analysis,Mangaluru FSL,True
12993,4358,Firearm,2022-02-23,Pending Analysis,Bengaluru FSL,True
12994,4359,DNA Sample,2026-05-12,Pending Analysis,Mangaluru FSL,True
12995,4360,Drug Sample,2024-01-01,Rejected,Mangaluru FSL,True
12996,4360,CCTV Footage,2024-01-01,Rejected,Mangaluru FSL,False
12997,4360,Laptop,2024-01-01,Pending Analysis,Bengaluru FSL,True
12998,4361,Fingerprint,2022-11-04,Rejected,Mysuru FSL,True
12999,4362,Vehicle,2025-11-08,Collected,Mysuru FSL,True
13000,4362,Firearm,2025-11-08,Collected,Bengaluru FSL,True
13001,4362,Hard Disk,2025-11-08,Collected,Mangaluru FSL,True
13002,4362,Document,2025-11-08,Verified,Bengaluru FSL,False
13003,4363,Drug Sample,2024-12-23,Collected,Mysuru FSL,True
13004,4363,USB Drive,2024-12-23,Collected,Mangaluru FSL,False
13005,4363,CCTV Footage,2024-12-23,Pending Analysis,Mysuru FSL,False
13006,4363,Clothing,2024-12-23,Verified,Mangaluru FSL,True
13007,4364,Document,2023-04-05,Pending Analysis,Mangaluru FSL,False
13008,4364,Clothing,2023-04-05,Sent to FSL,Bengaluru FSL,True
13009,4364,DNA Sample,2023-04-05,Rejected,Bengaluru FSL,True
13010,4365,Drug Sample,2023-04-15,Verified,Mysuru FSL,False
13011,4365,Hard Disk,2023-04-15,Pending Analysis,Bengaluru FSL,False
13012,4366,Drug Sample,2023-01-19,Verified,Mangaluru FSL,False
13013,4366,Laptop,2023-01-19,Rejected,Bengaluru FSL,False
13014,4366,CCTV Footage,2023-01-19,Collected,Mysuru FSL,False
13015,4367,Blood Sample,2026-12-25,Collected,Mysuru FSL,True
13016,4367,CCTV Footage,2026-12-25,Sent to FSL,Mangaluru FSL,False
13017,4368,Blood Sample,2025-08-24,Collected,Bengaluru FSL,True
13018,4368,Knife,2025-08-24,Sent to FSL,Bengaluru FSL,False
13019,4369,SIM Card,2026-04-07,Verified,Mysuru FSL,False
13020,4370,Document,2025-10-01,Rejected,Mysuru FSL,True
13021,4370,DNA Sample,2025-10-01,Pending Analysis,Mysuru FSL,False
13022,4370,SIM Card,2025-10-01,Sent to FSL,Mangaluru FSL,False
13023,4371,USB Drive,2022-01-18,Rejected,Bengaluru FSL,False
13024,4371,DNA Sample,2022-01-18,Verified,Mysuru FSL,False
13025,4371,CCTV Footage,2022-01-18,Rejected,Mangaluru FSL,True
13026,4371,Fingerprint,2022-01-18,Rejected,Bengaluru FSL,False
13027,4371,Clothing,2022-01-18,Verified,Mangaluru FSL,False
13028,4372,Blood Sample,2024-12-19,Verified,Mangaluru FSL,False
13029,4372,Knife,2024-12-19,Pending Analysis,Bengaluru FSL,False
13030,4372,Vehicle,2024-12-19,Sent to FSL,Bengaluru FSL,True
13031,4372,Fingerprint,2024-12-19,Sent to FSL,Mysuru FSL,True
13032,4372,SIM Card,2024-12-19,Collected,Bengaluru FSL,True
13033,4373,Blood Sample,2024-10-31,Verified,Bengaluru FSL,False
13034,4373,Clothing,2024-10-31,Pending Analysis,Bengaluru FSL,False
13035,4373,Knife,2024-10-31,Collected,Mangaluru FSL,False
13036,4373,Vehicle,2024-10-31,Rejected,Mysuru FSL,True
13037,4374,SIM Card,2022-12-02,Collected,Mangaluru FSL,False
13038,4374,Laptop,2022-12-02,Collected,Mangaluru FSL,True
13039,4374,Blood Sample,2022-12-02,Rejected,Bengaluru FSL,True
13040,4375,Fingerprint,2023-07-29,Verified,Mysuru FSL,True
13041,4375,Firearm,2023-07-29,Pending Analysis,Mysuru FSL,True
13042,4375,SIM Card,2023-07-29,Verified,Mangaluru FSL,False
13043,4375,CCTV Footage,2023-07-29,Pending Analysis,Bengaluru FSL,False
13044,4375,Vehicle,2023-07-29,Pending Analysis,Mysuru FSL,True
13045,4376,Blood Sample,2025-04-08,Collected,Mangaluru FSL,True
13046,4376,CCTV Footage,2025-04-08,Verified,Bengaluru FSL,True
13047,4376,Fingerprint,2025-04-08,Verified,Mangaluru FSL,False
13048,4376,Drug Sample,2025-04-08,Verified,Bengaluru FSL,True
13049,4376,Knife,2025-04-08,Verified,Bengaluru FSL,True
13050,4377,Mobile Phone,2022-08-17,Verified,Mangaluru FSL,True
13051,4377,CCTV Footage,2022-08-17,Pending Analysis,Bengaluru FSL,True
13052,4378,Drug Sample,2023-04-13,Pending Analysis,Bengaluru FSL,True
13053,4378,DNA Sample,2023-04-13,Pending Analysis,Bengaluru FSL,False
13054,4378,Blood Sample,2023-04-13,Pending Analysis,Mangaluru FSL,True
13055,4378,Fingerprint,2023-04-13,Verified,Mysuru FSL,False
13056,4379,USB Drive,2023-02-22,Sent to FSL,Mangaluru FSL,True
13057,4379,Document,2023-02-22,Collected,Mysuru FSL,True
13058,4380,Blood Sample,2025-12-20,Verified,Mangaluru FSL,False
13059,4380,CCTV Footage,2025-12-20,Sent to FSL,Bengaluru FSL,True
13060,4380,Knife,2025-12-20,Pending Analysis,Mangaluru FSL,False
13061,4381,Knife,2022-09-29,Verified,Mysuru FSL,False
13062,4382,Vehicle,2023-11-01,Collected,Mangaluru FSL,False
13063,4383,CCTV Footage,2022-08-18,Verified,Mysuru FSL,True
13064,4383,SIM Card,2022-08-18,Collected,Mangaluru FSL,True
13065,4384,SIM Card,2022-12-13,Pending Analysis,Mangaluru FSL,True
13066,4384,Firearm,2022-12-13,Rejected,Mysuru FSL,False
13067,4384,DNA Sample,2022-12-13,Collected,Bengaluru FSL,True
13068,4385,Drug Sample,2023-03-10,Sent to FSL,Mysuru FSL,True
13069,4385,Firearm,2023-03-10,Rejected,Bengaluru FSL,True
13070,4385,Clothing,2023-03-10,Collected,Mysuru FSL,False
13071,4386,Drug Sample,2026-04-25,Verified,Mysuru FSL,True
13072,4386,Knife,2026-04-25,Verified,Mangaluru FSL,False
13073,4386,Hard Disk,2026-04-25,Verified,Bengaluru FSL,True
13074,4386,CCTV Footage,2026-04-25,Collected,Bengaluru FSL,True
13075,4386,SIM Card,2026-04-25,Verified,Bengaluru FSL,False
13076,4387,Fingerprint,2023-08-17,Collected,Mangaluru FSL,False
13077,4387,Laptop,2023-08-17,Rejected,Mangaluru FSL,False
13078,4387,Hard Disk,2023-08-17,Sent to FSL,Mangaluru FSL,True
13079,4388,Clothing,2023-07-16,Verified,Mangaluru FSL,False
13080,4388,SIM Card,2023-07-16,Collected,Mysuru FSL,False
13081,4388,Fingerprint,2023-07-16,Verified,Mangaluru FSL,False
13082,4388,Blood Sample,2023-07-16,Collected,Mangaluru FSL,True
13083,4389,Drug Sample,2026-04-27,Pending Analysis,Bengaluru FSL,False
13084,4390,USB Drive,2025-11-23,Sent to FSL,Bengaluru FSL,False
13085,4391,Clothing,2025-02-15,Collected,Mysuru FSL,False
13086,4391,Drug Sample,2025-02-15,Verified,Mysuru FSL,False
13087,4391,Hard Disk,2025-02-15,Collected,Mysuru FSL,True
13088,4392,CCTV Footage,2026-09-13,Collected,Bengaluru FSL,True
13089,4392,Document,2026-09-13,Sent to FSL,Mangaluru FSL,False
13090,4392,DNA Sample,2026-09-13,Verified,Bengaluru FSL,False
13091,4393,Fingerprint,2026-07-08,Rejected,Mysuru FSL,True
13092,4393,Hard Disk,2026-07-08,Rejected,Mangaluru FSL,True
13093,4393,Blood Sample,2026-07-08,Verified,Bengaluru FSL,False
13094,4393,Knife,2026-07-08,Collected,Bengaluru FSL,True
13095,4393,DNA Sample,2026-07-08,Rejected,Mysuru FSL,True
13096,4394,Hard Disk,2026-12-02,Rejected,Mysuru FSL,False
13097,4395,Blood Sample,2022-12-30,Collected,Mangaluru FSL,False
13098,4395,CCTV Footage,2022-12-30,Pending Analysis,Mysuru FSL,True
13099,4396,Drug Sample,2022-12-20,Rejected,Bengaluru FSL,False
13100,4396,DNA Sample,2022-12-20,Rejected,Mysuru FSL,False
13101,4396,CCTV Footage,2022-12-20,Verified,Bengaluru FSL,True
13102,4397,Fingerprint,2026-01-27,Sent to FSL,Bengaluru FSL,False
13103,4397,SIM Card,2026-01-27,Verified,Mysuru FSL,True
13104,4397,Vehicle,2026-01-27,Verified,Mangaluru FSL,True
13105,4397,Blood Sample,2026-01-27,Verified,Bengaluru FSL,True
13106,4397,USB Drive,2026-01-27,Collected,Mysuru FSL,False
13107,4398,SIM Card,2024-09-14,Rejected,Mangaluru FSL,False
13108,4398,Vehicle,2024-09-14,Verified,Mysuru FSL,True
13109,4399,Clothing,2023-01-07,Sent to FSL,Mysuru FSL,True
13110,4399,USB Drive,2023-01-07,Collected,Mangaluru FSL,True
13111,4399,Firearm,2023-01-07,Rejected,Bengaluru FSL,True
13112,4399,Blood Sample,2023-01-07,Collected,Bengaluru FSL,False
13113,4399,Laptop,2023-01-07,Pending Analysis,Mangaluru FSL,True
13114,4400,SIM Card,2023-10-07,Pending Analysis,Mysuru FSL,True
13115,4400,Document,2023-10-07,Sent to FSL,Bengaluru FSL,True
13116,4400,CCTV Footage,2023-10-07,Pending Analysis,Mysuru FSL,True
13117,4401,Clothing,2023-02-26,Verified,Mangaluru FSL,True
13118,4401,Fingerprint,2023-02-26,Sent to FSL,Bengaluru FSL,True
13119,4401,Hard Disk,2023-02-26,Sent to FSL,Bengaluru FSL,False
13120,4402,Clothing,2024-01-13,Collected,Mangaluru FSL,False
13121,4402,Blood Sample,2024-01-13,Rejected,Mangaluru FSL,True
13122,4402,Laptop,2024-01-13,Rejected,Bengaluru FSL,True
13123,4403,Document,2026-07-27,Pending Analysis,Mangaluru FSL,True
13124,4404,Laptop,2026-09-25,Sent to FSL,Bengaluru FSL,False
13125,4404,USB Drive,2026-09-25,Sent to FSL,Bengaluru FSL,True
13126,4405,SIM Card,2025-06-01,Verified,Mangaluru FSL,False
13127,4405,Laptop,2025-06-01,Sent to FSL,Mysuru FSL,True
13128,4405,Drug Sample,2025-06-01,Collected,Bengaluru FSL,True
13129,4406,Fingerprint,2025-07-07,Sent to FSL,Mangaluru FSL,True
13130,4406,DNA Sample,2025-07-07,Pending Analysis,Mysuru FSL,True
13131,4406,Mobile Phone,2025-07-07,Collected,Bengaluru FSL,True
13132,4406,CCTV Footage,2025-07-07,Rejected,Bengaluru FSL,False
13133,4407,Drug Sample,2025-05-11,Sent to FSL,Mangaluru FSL,False
13134,4407,CCTV Footage,2025-05-11,Rejected,Bengaluru FSL,True
13135,4408,Vehicle,2024-08-28,Sent to FSL,Mysuru FSL,True
13136,4408,Blood Sample,2024-08-28,Rejected,Bengaluru FSL,True
13137,4408,Fingerprint,2024-08-28,Pending Analysis,Bengaluru FSL,False
13138,4408,Knife,2024-08-28,Rejected,Mangaluru FSL,False
13139,4409,Fingerprint,2023-07-02,Rejected,Bengaluru FSL,False
13140,4409,Laptop,2023-07-02,Pending Analysis,Bengaluru FSL,True
13141,4409,Knife,2023-07-02,Verified,Bengaluru FSL,False
13142,4409,Blood Sample,2023-07-02,Rejected,Mangaluru FSL,True
13143,4410,Firearm,2022-04-22,Verified,Bengaluru FSL,True
13144,4410,Blood Sample,2022-04-22,Pending Analysis,Bengaluru FSL,True
13145,4410,Drug Sample,2022-04-22,Rejected,Bengaluru FSL,True
13146,4410,SIM Card,2022-04-22,Sent to FSL,Mysuru FSL,True
13147,4410,CCTV Footage,2022-04-22,Rejected,Mangaluru FSL,False
13148,4411,Hard Disk,2024-03-03,Rejected,Mangaluru FSL,False
13149,4412,Mobile Phone,2022-02-21,Pending Analysis,Mangaluru FSL,False
13150,4412,Vehicle,2022-02-21,Pending Analysis,Mangaluru FSL,True
13151,4412,Blood Sample,2022-02-21,Collected,Bengaluru FSL,False
13152,4413,DNA Sample,2022-10-13,Verified,Bengaluru FSL,True
13153,4413,Blood Sample,2022-10-13,Verified,Bengaluru FSL,False
13154,4413,Drug Sample,2022-10-13,Rejected,Mangaluru FSL,False
13155,4414,Mobile Phone,2022-05-25,Verified,Bengaluru FSL,False
13156,4414,Clothing,2022-05-25,Collected,Bengaluru FSL,True
13157,4414,DNA Sample,2022-05-25,Collected,Mangaluru FSL,False
13158,4414,Firearm,2022-05-25,Collected,Bengaluru FSL,True
13159,4415,Hard Disk,2024-02-13,Rejected,Mysuru FSL,True
13160,4415,Clothing,2024-02-13,Verified,Mangaluru FSL,True
13161,4415,Mobile Phone,2024-02-13,Sent to FSL,Mysuru FSL,True
13162,4415,Blood Sample,2024-02-13,Collected,Mangaluru FSL,True
13163,4416,Mobile Phone,2023-03-17,Rejected,Mangaluru FSL,True
13164,4416,Firearm,2023-03-17,Verified,Bengaluru FSL,True
13165,4416,Laptop,2023-03-17,Verified,Mysuru FSL,True
13166,4416,CCTV Footage,2023-03-17,Sent to FSL,Mysuru FSL,True
13167,4417,USB Drive,2022-09-17,Verified,Mysuru FSL,False
13168,4417,Firearm,2022-09-17,Collected,Mysuru FSL,False
13169,4417,Fingerprint,2022-09-17,Sent to FSL,Mysuru FSL,False
13170,4417,Knife,2022-09-17,Sent to FSL,Bengaluru FSL,True
13171,4418,USB Drive,2023-10-21,Verified,Mangaluru FSL,True
13172,4418,Fingerprint,2023-10-21,Rejected,Mysuru FSL,False
13173,4419,Document,2026-03-03,Pending Analysis,Mysuru FSL,False
13174,4419,USB Drive,2026-03-03,Pending Analysis,Mysuru FSL,True
13175,4419,Knife,2026-03-03,Rejected,Mangaluru FSL,False
13176,4419,Fingerprint,2026-03-03,Collected,Mysuru FSL,False
13177,4420,CCTV Footage,2024-05-13,Collected,Mangaluru FSL,False
13178,4420,Hard Disk,2024-05-13,Sent to FSL,Mangaluru FSL,False
13179,4420,DNA Sample,2024-05-13,Sent to FSL,Mangaluru FSL,False
13180,4421,Laptop,2025-10-06,Sent to FSL,Mangaluru FSL,False
13181,4421,Document,2025-10-06,Sent to FSL,Mysuru FSL,False
13182,4421,CCTV Footage,2025-10-06,Collected,Bengaluru FSL,False
13183,4422,Blood Sample,2025-08-12,Rejected,Mangaluru FSL,True
13184,4422,DNA Sample,2025-08-12,Pending Analysis,Mangaluru FSL,True
13185,4422,Firearm,2025-08-12,Verified,Mangaluru FSL,False
13186,4422,Vehicle,2025-08-12,Rejected,Mangaluru FSL,False
13187,4423,Laptop,2026-10-10,Verified,Mangaluru FSL,False
13188,4423,Knife,2026-10-10,Pending Analysis,Mangaluru FSL,False
13189,4423,Clothing,2026-10-10,Verified,Mangaluru FSL,True
13190,4423,Fingerprint,2026-10-10,Rejected,Mysuru FSL,True
13191,4424,Blood Sample,2023-07-30,Rejected,Mysuru FSL,False
13192,4425,Fingerprint,2023-11-17,Collected,Bengaluru FSL,False
13193,4425,Mobile Phone,2023-11-17,Verified,Mysuru FSL,False
13194,4425,SIM Card,2023-11-17,Verified,Bengaluru FSL,True
13195,4425,DNA Sample,2023-11-17,Pending Analysis,Mangaluru FSL,True
13196,4426,Mobile Phone,2025-05-07,Pending Analysis,Mysuru FSL,False
13197,4426,Knife,2025-05-07,Verified,Bengaluru FSL,False
13198,4426,USB Drive,2025-05-07,Verified,Mysuru FSL,True
13199,4426,Hard Disk,2025-05-07,Pending Analysis,Mangaluru FSL,True
13200,4427,Knife,2026-02-13,Sent to FSL,Mysuru FSL,False
13201,4427,Document,2026-02-13,Rejected,Mangaluru FSL,False
13202,4427,USB Drive,2026-02-13,Verified,Mysuru FSL,False
13203,4428,Fingerprint,2024-07-08,Rejected,Mysuru FSL,False
13204,4428,DNA Sample,2024-07-08,Collected,Bengaluru FSL,False
13205,4428,USB Drive,2024-07-08,Collected,Mysuru FSL,True
13206,4428,Drug Sample,2024-07-08,Collected,Mangaluru FSL,True
13207,4429,USB Drive,2024-10-07,Collected,Mysuru FSL,True
13208,4429,Document,2024-10-07,Sent to FSL,Bengaluru FSL,False
13209,4429,SIM Card,2024-10-07,Verified,Bengaluru FSL,True
13210,4430,Knife,2025-06-23,Rejected,Bengaluru FSL,False
13211,4431,Clothing,2024-10-25,Verified,Bengaluru FSL,False
13212,4431,CCTV Footage,2024-10-25,Verified,Mangaluru FSL,True
13213,4431,SIM Card,2024-10-25,Verified,Mysuru FSL,True
13214,4431,Vehicle,2024-10-25,Sent to FSL,Mangaluru FSL,True
13215,4431,Drug Sample,2024-10-25,Pending Analysis,Mysuru FSL,True
13216,4432,Hard Disk,2025-08-18,Rejected,Mangaluru FSL,False
13217,4432,CCTV Footage,2025-08-18,Verified,Bengaluru FSL,False
13218,4433,Knife,2023-11-29,Pending Analysis,Mangaluru FSL,False
13219,4433,Vehicle,2023-11-29,Collected,Mangaluru FSL,True
13220,4433,Drug Sample,2023-11-29,Pending Analysis,Mysuru FSL,False
13221,4433,Mobile Phone,2023-11-29,Pending Analysis,Mangaluru FSL,True
13222,4433,Clothing,2023-11-29,Pending Analysis,Bengaluru FSL,False
13223,4434,Knife,2023-08-08,Collected,Mysuru FSL,True
13224,4435,Firearm,2026-11-21,Sent to FSL,Mysuru FSL,False
13225,4435,Laptop,2026-11-21,Verified,Mysuru FSL,True
13226,4435,Clothing,2026-11-21,Verified,Mangaluru FSL,False
13227,4435,Knife,2026-11-21,Rejected,Mangaluru FSL,True
13228,4435,Hard Disk,2026-11-21,Pending Analysis,Bengaluru FSL,False
13229,4436,Hard Disk,2024-11-13,Rejected,Bengaluru FSL,True
13230,4436,Vehicle,2024-11-13,Collected,Mangaluru FSL,True
13231,4436,Document,2024-11-13,Sent to FSL,Bengaluru FSL,True
13232,4436,Knife,2024-11-13,Rejected,Mysuru FSL,False
13233,4437,Knife,2023-09-15,Collected,Bengaluru FSL,False
13234,4437,USB Drive,2023-09-15,Sent to FSL,Bengaluru FSL,True
13235,4437,CCTV Footage,2023-09-15,Collected,Mangaluru FSL,True
13236,4438,CCTV Footage,2024-05-27,Sent to FSL,Mysuru FSL,True
13237,4439,Vehicle,2024-05-19,Verified,Mysuru FSL,True
13238,4439,DNA Sample,2024-05-19,Rejected,Mangaluru FSL,True
13239,4439,Knife,2024-05-19,Verified,Bengaluru FSL,False
13240,4439,Firearm,2024-05-19,Pending Analysis,Mysuru FSL,False
13241,4439,Blood Sample,2024-05-19,Pending Analysis,Mangaluru FSL,False
13242,4440,Vehicle,2022-04-29,Verified,Bengaluru FSL,False
13243,4441,USB Drive,2023-07-17,Collected,Mysuru FSL,False
13244,4441,Document,2023-07-17,Collected,Bengaluru FSL,False
13245,4441,Vehicle,2023-07-17,Collected,Bengaluru FSL,True
13246,4441,DNA Sample,2023-07-17,Sent to FSL,Mangaluru FSL,True
13247,4441,Fingerprint,2023-07-17,Collected,Bengaluru FSL,False
13248,4442,Laptop,2024-10-24,Sent to FSL,Mangaluru FSL,True
13249,4442,Knife,2024-10-24,Verified,Mysuru FSL,False
13250,4442,CCTV Footage,2024-10-24,Verified,Bengaluru FSL,True
13251,4442,Firearm,2024-10-24,Verified,Mangaluru FSL,True
13252,4443,Knife,2023-06-29,Collected,Bengaluru FSL,True
13253,4443,Hard Disk,2023-06-29,Pending Analysis,Mysuru FSL,False
13254,4443,Clothing,2023-06-29,Pending Analysis,Mysuru FSL,False
13255,4443,CCTV Footage,2023-06-29,Pending Analysis,Mysuru FSL,False
13256,4443,SIM Card,2023-06-29,Collected,Mysuru FSL,True
13257,4444,USB Drive,2024-05-11,Sent to FSL,Bengaluru FSL,False
13258,4444,Vehicle,2024-05-11,Rejected,Bengaluru FSL,False
13259,4445,Laptop,2026-06-13,Sent to FSL,Mysuru FSL,True
13260,4446,Firearm,2024-03-05,Sent to FSL,Mysuru FSL,False
13261,4446,Clothing,2024-03-05,Pending Analysis,Mangaluru FSL,True
13262,4446,SIM Card,2024-03-05,Sent to FSL,Bengaluru FSL,False
13263,4446,CCTV Footage,2024-03-05,Collected,Bengaluru FSL,False
13264,4446,Mobile Phone,2024-03-05,Rejected,Mysuru FSL,True
13265,4447,SIM Card,2023-06-22,Pending Analysis,Bengaluru FSL,False
13266,4447,Laptop,2023-06-22,Pending Analysis,Mangaluru FSL,True
13267,4447,Clothing,2023-06-22,Rejected,Mysuru FSL,True
13268,4447,Document,2023-06-22,Pending Analysis,Mysuru FSL,False
13269,4448,DNA Sample,2025-08-06,Collected,Mysuru FSL,True
13270,4448,Mobile Phone,2025-08-06,Sent to FSL,Mysuru FSL,False
13271,4448,Knife,2025-08-06,Sent to FSL,Bengaluru FSL,True
13272,4448,Drug Sample,2025-08-06,Rejected,Mangaluru FSL,True
13273,4449,CCTV Footage,2024-06-14,Rejected,Bengaluru FSL,False
13274,4450,CCTV Footage,2025-09-20,Pending Analysis,Bengaluru FSL,False
13275,4450,USB Drive,2025-09-20,Rejected,Mangaluru FSL,False
13276,4450,Firearm,2025-09-20,Collected,Bengaluru FSL,True
13277,4451,Clothing,2025-10-24,Collected,Bengaluru FSL,False
13278,4452,Hard Disk,2022-12-08,Pending Analysis,Mangaluru FSL,True
13279,4452,USB Drive,2022-12-08,Sent to FSL,Bengaluru FSL,True
13280,4452,Blood Sample,2022-12-08,Verified,Mysuru FSL,True
13281,4453,SIM Card,2023-02-26,Pending Analysis,Mysuru FSL,False
13282,4453,Blood Sample,2023-02-26,Rejected,Mysuru FSL,False
13283,4453,Laptop,2023-02-26,Sent to FSL,Mangaluru FSL,False
13284,4453,Vehicle,2023-02-26,Pending Analysis,Mangaluru FSL,True
13285,4454,Drug Sample,2025-10-15,Collected,Bengaluru FSL,True
13286,4454,USB Drive,2025-10-15,Sent to FSL,Bengaluru FSL,False
13287,4454,DNA Sample,2025-10-15,Verified,Bengaluru FSL,False
13288,4455,DNA Sample,2025-02-20,Collected,Mysuru FSL,True
13289,4455,Firearm,2025-02-20,Pending Analysis,Mangaluru FSL,True
13290,4455,Fingerprint,2025-02-20,Pending Analysis,Bengaluru FSL,True
13291,4456,Fingerprint,2023-03-31,Collected,Bengaluru FSL,True
13292,4456,Firearm,2023-03-31,Collected,Mysuru FSL,False
13293,4457,Hard Disk,2026-11-03,Verified,Bengaluru FSL,True
13294,4457,Clothing,2026-11-03,Verified,Bengaluru FSL,True
13295,4457,CCTV Footage,2026-11-03,Verified,Bengaluru FSL,False
13296,4457,Document,2026-11-03,Pending Analysis,Mangaluru FSL,True
13297,4457,Drug Sample,2026-11-03,Collected,Mysuru FSL,True
13298,4458,USB Drive,2024-12-17,Sent to FSL,Mangaluru FSL,False
13299,4458,Firearm,2024-12-17,Verified,Mysuru FSL,True
13300,4458,Document,2024-12-17,Pending Analysis,Mangaluru FSL,False
13301,4459,Hard Disk,2024-10-31,Rejected,Bengaluru FSL,False
13302,4459,Document,2024-10-31,Sent to FSL,Mysuru FSL,False
13303,4459,USB Drive,2024-10-31,Rejected,Mangaluru FSL,True
13304,4459,Clothing,2024-10-31,Pending Analysis,Mangaluru FSL,False
13305,4459,CCTV Footage,2024-10-31,Rejected,Bengaluru FSL,False
13306,4460,Firearm,2026-09-06,Rejected,Mysuru FSL,False
13307,4460,Document,2026-09-06,Collected,Bengaluru FSL,True
13308,4460,USB Drive,2026-09-06,Sent to FSL,Mysuru FSL,True
13309,4460,Hard Disk,2026-09-06,Collected,Mangaluru FSL,True
13310,4460,Fingerprint,2026-09-06,Sent to FSL,Mysuru FSL,True
13311,4461,USB Drive,2026-01-28,Sent to FSL,Mysuru FSL,False
13312,4461,Fingerprint,2026-01-28,Collected,Mysuru FSL,False
13313,4461,Laptop,2026-01-28,Verified,Mysuru FSL,True
13314,4462,SIM Card,2023-03-10,Pending Analysis,Bengaluru FSL,False
13315,4463,Clothing,2026-08-28,Collected,Bengaluru FSL,False
13316,4463,DNA Sample,2026-08-28,Sent to FSL,Mysuru FSL,True
13317,4464,Vehicle,2026-02-17,Verified,Mysuru FSL,True
13318,4465,Knife,2024-04-03,Rejected,Bengaluru FSL,False
13319,4465,Drug Sample,2024-04-03,Rejected,Bengaluru FSL,True
13320,4465,Clothing,2024-04-03,Collected,Mysuru FSL,False
13321,4466,SIM Card,2025-09-02,Sent to FSL,Bengaluru FSL,True
13322,4466,Firearm,2025-09-02,Pending Analysis,Bengaluru FSL,True
13323,4466,Fingerprint,2025-09-02,Rejected,Mangaluru FSL,False
13324,4466,Drug Sample,2025-09-02,Sent to FSL,Mangaluru FSL,False
13325,4466,Vehicle,2025-09-02,Collected,Mangaluru FSL,True
13326,4467,Hard Disk,2024-12-29,Sent to FSL,Mysuru FSL,True
13327,4467,Laptop,2024-12-29,Rejected,Mysuru FSL,True
13328,4468,Hard Disk,2023-02-18,Pending Analysis,Mysuru FSL,True
13329,4468,Fingerprint,2023-02-18,Rejected,Bengaluru FSL,True
13330,4468,Vehicle,2023-02-18,Collected,Mangaluru FSL,False
13331,4468,Drug Sample,2023-02-18,Rejected,Mangaluru FSL,True
13332,4469,Blood Sample,2024-01-08,Sent to FSL,Bengaluru FSL,False
13333,4469,Mobile Phone,2024-01-08,Rejected,Bengaluru FSL,False
13334,4470,Drug Sample,2024-09-24,Collected,Mysuru FSL,True
13335,4470,SIM Card,2024-09-24,Rejected,Mangaluru FSL,True
13336,4470,Blood Sample,2024-09-24,Sent to FSL,Mysuru FSL,True
13337,4470,Document,2024-09-24,Collected,Mysuru FSL,True
13338,4470,DNA Sample,2024-09-24,Verified,Mysuru FSL,True
13339,4471,Knife,2026-01-15,Sent to FSL,Mysuru FSL,True
13340,4471,DNA Sample,2026-01-15,Pending Analysis,Mangaluru FSL,True
13341,4471,Drug Sample,2026-01-15,Rejected,Bengaluru FSL,False
13342,4472,SIM Card,2023-07-30,Sent to FSL,Mangaluru FSL,True
13343,4472,Clothing,2023-07-30,Pending Analysis,Mysuru FSL,False
13344,4472,DNA Sample,2023-07-30,Sent to FSL,Mangaluru FSL,False
13345,4472,USB Drive,2023-07-30,Pending Analysis,Bengaluru FSL,True
13346,4472,CCTV Footage,2023-07-30,Collected,Mysuru FSL,False
13347,4473,Firearm,2024-10-20,Pending Analysis,Bengaluru FSL,False
13348,4473,Vehicle,2024-10-20,Pending Analysis,Bengaluru FSL,True
13349,4473,Clothing,2024-10-20,Sent to FSL,Mangaluru FSL,False
13350,4473,CCTV Footage,2024-10-20,Sent to FSL,Mangaluru FSL,False
13351,4474,Clothing,2024-03-16,Sent to FSL,Mangaluru FSL,True
13352,4475,Laptop,2025-11-25,Pending Analysis,Mangaluru FSL,True
13353,4475,Document,2025-11-25,Collected,Mysuru FSL,True
13354,4475,Fingerprint,2025-11-25,Sent to FSL,Mangaluru FSL,True
13355,4476,Clothing,2022-11-15,Collected,Mangaluru FSL,False
13356,4476,Hard Disk,2022-11-15,Rejected,Bengaluru FSL,False
13357,4476,Vehicle,2022-11-15,Pending Analysis,Mangaluru FSL,True
13358,4476,Knife,2022-11-15,Rejected,Bengaluru FSL,True
13359,4476,Document,2022-11-15,Pending Analysis,Mysuru FSL,True
13360,4477,Mobile Phone,2025-02-24,Collected,Bengaluru FSL,True
13361,4477,Hard Disk,2025-02-24,Collected,Mysuru FSL,False
13362,4478,DNA Sample,2022-04-19,Pending Analysis,Mysuru FSL,True
13363,4478,Hard Disk,2022-04-19,Collected,Mysuru FSL,True
13364,4478,Document,2022-04-19,Verified,Mangaluru FSL,True
13365,4479,USB Drive,2024-12-27,Collected,Mysuru FSL,False
13366,4479,Knife,2024-12-27,Verified,Mangaluru FSL,False
13367,4479,Laptop,2024-12-27,Verified,Mysuru FSL,False
13368,4480,Clothing,2022-03-08,Collected,Mangaluru FSL,False
13369,4480,Drug Sample,2022-03-08,Pending Analysis,Mysuru FSL,False
13370,4481,DNA Sample,2022-01-30,Collected,Mangaluru FSL,True
13371,4481,Mobile Phone,2022-01-30,Collected,Bengaluru FSL,False
13372,4481,Drug Sample,2022-01-30,Rejected,Bengaluru FSL,True
13373,4481,Vehicle,2022-01-30,Verified,Bengaluru FSL,False
13374,4481,SIM Card,2022-01-30,Pending Analysis,Mangaluru FSL,True
13375,4482,DNA Sample,2026-09-02,Collected,Mysuru FSL,False
13376,4482,Knife,2026-09-02,Rejected,Mysuru FSL,True
13377,4482,Hard Disk,2026-09-02,Rejected,Bengaluru FSL,False
13378,4483,DNA Sample,2025-12-28,Pending Analysis,Mysuru FSL,True
13379,4483,Hard Disk,2025-12-28,Verified,Mangaluru FSL,False
13380,4483,Vehicle,2025-12-28,Sent to FSL,Mysuru FSL,True
13381,4483,Mobile Phone,2025-12-28,Sent to FSL,Bengaluru FSL,True
13382,4483,Drug Sample,2025-12-28,Collected,Bengaluru FSL,True
13383,4484,Firearm,2026-07-02,Sent to FSL,Bengaluru FSL,False
13384,4484,Blood Sample,2026-07-02,Sent to FSL,Mysuru FSL,False
13385,4485,DNA Sample,2024-08-15,Rejected,Mangaluru FSL,False
13386,4485,CCTV Footage,2024-08-15,Pending Analysis,Mysuru FSL,True
13387,4485,USB Drive,2024-08-15,Verified,Mysuru FSL,False
13388,4486,CCTV Footage,2025-01-27,Pending Analysis,Mysuru FSL,False
13389,4486,Mobile Phone,2025-01-27,Verified,Mangaluru FSL,True
13390,4487,Blood Sample,2026-09-05,Verified,Bengaluru FSL,True
13391,4488,USB Drive,2024-02-22,Rejected,Bengaluru FSL,True
13392,4488,DNA Sample,2024-02-22,Verified,Bengaluru FSL,False
13393,4488,Drug Sample,2024-02-22,Verified,Mysuru FSL,False
13394,4489,Vehicle,2025-10-07,Sent to FSL,Mysuru FSL,False
13395,4490,Laptop,2024-09-25,Sent to FSL,Bengaluru FSL,False
13396,4491,Document,2023-05-31,Rejected,Bengaluru FSL,True
13397,4491,USB Drive,2023-05-31,Verified,Mysuru FSL,False
13398,4491,Hard Disk,2023-05-31,Rejected,Bengaluru FSL,False
13399,4491,Drug Sample,2023-05-31,Sent to FSL,Bengaluru FSL,False
13400,4492,Drug Sample,2022-03-02,Verified,Mysuru FSL,True
13401,4492,SIM Card,2022-03-02,Pending Analysis,Mangaluru FSL,True
13402,4492,Hard Disk,2022-03-02,Pending Analysis,Mangaluru FSL,True
13403,4492,Blood Sample,2022-03-02,Collected,Mangaluru FSL,True
13404,4493,SIM Card,2025-08-31,Collected,Bengaluru FSL,False
13405,4493,Firearm,2025-08-31,Collected,Mangaluru FSL,False
13406,4493,DNA Sample,2025-08-31,Verified,Mangaluru FSL,False
13407,4493,Vehicle,2025-08-31,Sent to FSL,Mangaluru FSL,True
13408,4494,Vehicle,2023-05-06,Verified,Mysuru FSL,False
13409,4494,DNA Sample,2023-05-06,Pending Analysis,Mangaluru FSL,False
13410,4494,Fingerprint,2023-05-06,Pending Analysis,Mysuru FSL,False
13411,4494,Document,2023-05-06,Sent to FSL,Mysuru FSL,True
13412,4495,Mobile Phone,2024-07-24,Sent to FSL,Mysuru FSL,True
13413,4495,Fingerprint,2024-07-24,Rejected,Bengaluru FSL,False
13414,4496,Fingerprint,2025-11-08,Pending Analysis,Mysuru FSL,True
13415,4496,SIM Card,2025-11-08,Collected,Mysuru FSL,True
13416,4496,CCTV Footage,2025-11-08,Verified,Mysuru FSL,False
13417,4496,Firearm,2025-11-08,Pending Analysis,Mysuru FSL,False
13418,4497,Vehicle,2022-06-25,Pending Analysis,Mysuru FSL,False
13419,4498,Hard Disk,2022-07-30,Pending Analysis,Mysuru FSL,True
13420,4499,USB Drive,2026-04-15,Sent to FSL,Mysuru FSL,False
13421,4500,Clothing,2022-06-20,Collected,Bengaluru FSL,True
13422,4500,Knife,2022-06-20,Sent to FSL,Mysuru FSL,True
13423,4500,Blood Sample,2022-06-20,Collected,Mysuru FSL,False
13424,4501,Firearm,2023-11-15,Collected,Mysuru FSL,False
13425,4501,Knife,2023-11-15,Pending Analysis,Mysuru FSL,True
13426,4501,Laptop,2023-11-15,Verified,Bengaluru FSL,False
13427,4501,CCTV Footage,2023-11-15,Verified,Mysuru FSL,False
13428,4502,CCTV Footage,2022-03-31,Verified,Mysuru FSL,True
13429,4502,Document,2022-03-31,Collected,Mysuru FSL,False
13430,4503,USB Drive,2023-09-24,Pending Analysis,Mangaluru FSL,False
13431,4504,Document,2024-09-26,Collected,Mangaluru FSL,True
13432,4504,DNA Sample,2024-09-26,Sent to FSL,Mysuru FSL,True
13433,4504,Knife,2024-09-26,Rejected,Mysuru FSL,True
13434,4504,Fingerprint,2024-09-26,Collected,Mysuru FSL,False
13435,4505,Laptop,2023-08-20,Verified,Mangaluru FSL,False
13436,4505,USB Drive,2023-08-20,Rejected,Bengaluru FSL,False
13437,4505,Firearm,2023-08-20,Collected,Mangaluru FSL,False
13438,4505,SIM Card,2023-08-20,Sent to FSL,Mysuru FSL,False
13439,4505,Blood Sample,2023-08-20,Pending Analysis,Mangaluru FSL,False
13440,4506,Knife,2023-12-31,Collected,Mangaluru FSL,False
13441,4506,Firearm,2023-12-31,Pending Analysis,Bengaluru FSL,False
13442,4506,Document,2023-12-31,Pending Analysis,Bengaluru FSL,False
13443,4506,Blood Sample,2023-12-31,Collected,Mysuru FSL,False
13444,4507,DNA Sample,2023-12-14,Collected,Bengaluru FSL,False
13445,4507,USB Drive,2023-12-14,Verified,Mangaluru FSL,True
13446,4507,Knife,2023-12-14,Rejected,Mysuru FSL,True
13447,4507,Document,2023-12-14,Sent to FSL,Mangaluru FSL,True
13448,4508,Mobile Phone,2024-12-12,Pending Analysis,Mysuru FSL,True
13449,4509,DNA Sample,2024-04-05,Pending Analysis,Mangaluru FSL,True
13450,4509,Drug Sample,2024-04-05,Pending Analysis,Bengaluru FSL,True
13451,4509,Clothing,2024-04-05,Sent to FSL,Bengaluru FSL,True
13452,4510,Clothing,2025-04-02,Pending Analysis,Bengaluru FSL,True
13453,4510,Document,2025-04-02,Pending Analysis,Mangaluru FSL,False
13454,4510,CCTV Footage,2025-04-02,Rejected,Mysuru FSL,False
13455,4510,Firearm,2025-04-02,Collected,Bengaluru FSL,False
13456,4511,Firearm,2026-07-01,Rejected,Bengaluru FSL,True
13457,4511,USB Drive,2026-07-01,Sent to FSL,Bengaluru FSL,False
13458,4511,Blood Sample,2026-07-01,Pending Analysis,Mysuru FSL,True
13459,4511,Hard Disk,2026-07-01,Rejected,Mangaluru FSL,False
13460,4511,Vehicle,2026-07-01,Sent to FSL,Mysuru FSL,True
13461,4512,Hard Disk,2025-03-14,Collected,Mysuru FSL,True
13462,4512,Fingerprint,2025-03-14,Rejected,Bengaluru FSL,False
13463,4513,DNA Sample,2026-01-05,Sent to FSL,Mysuru FSL,False
13464,4513,Fingerprint,2026-01-05,Pending Analysis,Mysuru FSL,False
13465,4514,Document,2026-08-12,Pending Analysis,Bengaluru FSL,True
13466,4514,SIM Card,2026-08-12,Pending Analysis,Mangaluru FSL,False
13467,4515,Hard Disk,2026-02-19,Pending Analysis,Bengaluru FSL,False
13468,4516,Hard Disk,2026-04-20,Pending Analysis,Mysuru FSL,False
13469,4516,Drug Sample,2026-04-20,Pending Analysis,Mangaluru FSL,False
13470,4517,Hard Disk,2024-12-27,Collected,Bengaluru FSL,False
13471,4518,Knife,2023-10-08,Verified,Mangaluru FSL,False
13472,4518,SIM Card,2023-10-08,Collected,Mysuru FSL,False
13473,4518,CCTV Footage,2023-10-08,Rejected,Mangaluru FSL,True
13474,4518,Mobile Phone,2023-10-08,Verified,Mysuru FSL,False
13475,4519,Vehicle,2024-10-27,Verified,Bengaluru FSL,False
13476,4520,Document,2023-10-02,Verified,Mangaluru FSL,False
13477,4520,Vehicle,2023-10-02,Collected,Mysuru FSL,True
13478,4521,DNA Sample,2024-02-14,Pending Analysis,Bengaluru FSL,True
13479,4522,Knife,2025-01-16,Rejected,Mysuru FSL,True
13480,4522,SIM Card,2025-01-16,Collected,Bengaluru FSL,False
13481,4522,Document,2025-01-16,Collected,Mysuru FSL,True
13482,4522,CCTV Footage,2025-01-16,Collected,Mysuru FSL,False
13483,4523,Hard Disk,2022-10-29,Collected,Bengaluru FSL,True
13484,4523,Clothing,2022-10-29,Verified,Mysuru FSL,True
13485,4524,Firearm,2024-04-02,Verified,Bengaluru FSL,False
13486,4524,Mobile Phone,2024-04-02,Sent to FSL,Mysuru FSL,False
13487,4524,Drug Sample,2024-04-02,Pending Analysis,Mysuru FSL,True
13488,4525,Hard Disk,2025-11-29,Rejected,Bengaluru FSL,True
13489,4525,Mobile Phone,2025-11-29,Pending Analysis,Bengaluru FSL,True
13490,4526,Mobile Phone,2024-03-29,Verified,Bengaluru FSL,True
13491,4526,Vehicle,2024-03-29,Sent to FSL,Bengaluru FSL,True
13492,4527,USB Drive,2026-01-24,Collected,Mysuru FSL,False
13493,4527,SIM Card,2026-01-24,Rejected,Bengaluru FSL,True
13494,4528,SIM Card,2026-02-18,Pending Analysis,Mysuru FSL,False
13495,4528,Clothing,2026-02-18,Verified,Bengaluru FSL,True
13496,4528,Vehicle,2026-02-18,Sent to FSL,Mangaluru FSL,False
13497,4529,Knife,2025-01-21,Verified,Mangaluru FSL,True
13498,4529,Clothing,2025-01-21,Rejected,Mangaluru FSL,True
13499,4529,Vehicle,2025-01-21,Verified,Mangaluru FSL,False
13500,4529,Laptop,2025-01-21,Rejected,Mysuru FSL,True
13501,4529,Fingerprint,2025-01-21,Rejected,Bengaluru FSL,True
13502,4530,Fingerprint,2025-04-01,Rejected,Mangaluru FSL,True
13503,4530,Drug Sample,2025-04-01,Rejected,Bengaluru FSL,True
13504,4530,Vehicle,2025-04-01,Collected,Mysuru FSL,False
13505,4530,Mobile Phone,2025-04-01,Verified,Mysuru FSL,False
13506,4530,Firearm,2025-04-01,Rejected,Mysuru FSL,False
13507,4531,Document,2025-03-19,Pending Analysis,Mangaluru FSL,False
13508,4531,Clothing,2025-03-19,Rejected,Bengaluru FSL,True
13509,4532,Laptop,2023-03-09,Pending Analysis,Mangaluru FSL,True
13510,4532,Drug Sample,2023-03-09,Verified,Mysuru FSL,True
13511,4533,Drug Sample,2026-06-02,Pending Analysis,Bengaluru FSL,False
13512,4533,Hard Disk,2026-06-02,Verified,Mysuru FSL,True
13513,4533,DNA Sample,2026-06-02,Pending Analysis,Bengaluru FSL,True
13514,4533,Fingerprint,2026-06-02,Collected,Bengaluru FSL,False
13515,4533,SIM Card,2026-06-02,Pending Analysis,Mysuru FSL,False
13516,4534,Drug Sample,2026-12-15,Rejected,Mangaluru FSL,False
13517,4534,Mobile Phone,2026-12-15,Rejected,Bengaluru FSL,True
13518,4534,Firearm,2026-12-15,Pending Analysis,Bengaluru FSL,False
13519,4535,Hard Disk,2023-10-25,Verified,Mangaluru FSL,False
13520,4536,Hard Disk,2022-08-23,Rejected,Mangaluru FSL,False
13521,4536,Vehicle,2022-08-23,Sent to FSL,Mysuru FSL,False
13522,4536,Clothing,2022-08-23,Collected,Mysuru FSL,True
13523,4536,USB Drive,2022-08-23,Collected,Mangaluru FSL,False
13524,4537,SIM Card,2024-11-29,Sent to FSL,Bengaluru FSL,True
13525,4537,Laptop,2024-11-29,Collected,Bengaluru FSL,False
13526,4538,Fingerprint,2025-06-04,Pending Analysis,Bengaluru FSL,True
13527,4538,Hard Disk,2025-06-04,Verified,Mangaluru FSL,True
13528,4539,Knife,2025-09-18,Sent to FSL,Mysuru FSL,True
13529,4539,CCTV Footage,2025-09-18,Rejected,Mysuru FSL,False
13530,4539,Drug Sample,2025-09-18,Verified,Mangaluru FSL,False
13531,4539,DNA Sample,2025-09-18,Pending Analysis,Bengaluru FSL,True
13532,4539,Clothing,2025-09-18,Verified,Mysuru FSL,False
13533,4540,Vehicle,2024-06-18,Sent to FSL,Mangaluru FSL,False
13534,4540,Hard Disk,2024-06-18,Rejected,Mysuru FSL,True
13535,4540,CCTV Footage,2024-06-18,Verified,Bengaluru FSL,True
13536,4541,Knife,2025-06-28,Verified,Mysuru FSL,False
13537,4541,Laptop,2025-06-28,Pending Analysis,Bengaluru FSL,True
13538,4542,Vehicle,2026-02-26,Sent to FSL,Bengaluru FSL,True
13539,4542,Mobile Phone,2026-02-26,Sent to FSL,Mangaluru FSL,False
13540,4542,Knife,2026-02-26,Sent to FSL,Mysuru FSL,True
13541,4542,Hard Disk,2026-02-26,Sent to FSL,Bengaluru FSL,False
13542,4543,Document,2023-04-22,Collected,Mysuru FSL,True
13543,4543,Fingerprint,2023-04-22,Rejected,Mangaluru FSL,False
13544,4544,Drug Sample,2026-04-11,Pending Analysis,Mangaluru FSL,False
13545,4544,Knife,2026-04-11,Pending Analysis,Mangaluru FSL,True
13546,4544,Fingerprint,2026-04-11,Verified,Bengaluru FSL,False
13547,4544,CCTV Footage,2026-04-11,Pending Analysis,Bengaluru FSL,False
13548,4545,DNA Sample,2022-01-14,Rejected,Bengaluru FSL,True
13549,4545,Document,2022-01-14,Rejected,Mysuru FSL,True
13550,4545,Vehicle,2022-01-14,Collected,Mysuru FSL,True
13551,4546,CCTV Footage,2022-11-13,Verified,Mysuru FSL,True
13552,4546,Fingerprint,2022-11-13,Rejected,Bengaluru FSL,False
13553,4546,Mobile Phone,2022-11-13,Sent to FSL,Mangaluru FSL,False
13554,4547,Fingerprint,2023-03-19,Sent to FSL,Mangaluru FSL,False
13555,4548,Laptop,2026-05-06,Rejected,Mysuru FSL,False
13556,4548,Blood Sample,2026-05-06,Sent to FSL,Mangaluru FSL,True
13557,4548,Fingerprint,2026-05-06,Rejected,Bengaluru FSL,False
13558,4548,Knife,2026-05-06,Verified,Bengaluru FSL,False
13559,4548,Hard Disk,2026-05-06,Sent to FSL,Mysuru FSL,False
13560,4549,Blood Sample,2026-04-09,Verified,Mysuru FSL,False
13561,4549,Knife,2026-04-09,Pending Analysis,Mysuru FSL,False
13562,4550,Mobile Phone,2022-06-23,Verified,Mysuru FSL,False
13563,4550,USB Drive,2022-06-23,Collected,Mysuru FSL,False
13564,4550,SIM Card,2022-06-23,Collected,Mangaluru FSL,True
13565,4550,Firearm,2022-06-23,Verified,Bengaluru FSL,True
13566,4551,SIM Card,2022-05-11,Rejected,Mysuru FSL,False
13567,4552,Laptop,2024-03-18,Collected,Bengaluru FSL,False
13568,4552,CCTV Footage,2024-03-18,Rejected,Mysuru FSL,False
13569,4552,SIM Card,2024-03-18,Rejected,Mangaluru FSL,False
13570,4553,DNA Sample,2026-02-10,Verified,Mysuru FSL,False
13571,4553,Blood Sample,2026-02-10,Rejected,Mangaluru FSL,False
13572,4553,SIM Card,2026-02-10,Pending Analysis,Bengaluru FSL,False
13573,4554,Hard Disk,2026-03-07,Sent to FSL,Bengaluru FSL,False
13574,4554,Drug Sample,2026-03-07,Sent to FSL,Bengaluru FSL,False
13575,4554,Knife,2026-03-07,Rejected,Bengaluru FSL,True
13576,4555,Drug Sample,2025-07-02,Pending Analysis,Mangaluru FSL,False
13577,4555,Hard Disk,2025-07-02,Pending Analysis,Bengaluru FSL,True
13578,4556,Firearm,2025-01-09,Rejected,Mysuru FSL,True
13579,4556,Hard Disk,2025-01-09,Collected,Mangaluru FSL,False
13580,4556,CCTV Footage,2025-01-09,Verified,Mysuru FSL,False
13581,4557,Knife,2025-04-30,Collected,Bengaluru FSL,False
13582,4557,Blood Sample,2025-04-30,Verified,Bengaluru FSL,False
13583,4557,Fingerprint,2025-04-30,Rejected,Mysuru FSL,False
13584,4558,Knife,2023-01-31,Pending Analysis,Mangaluru FSL,True
13585,4559,Vehicle,2025-12-21,Rejected,Bengaluru FSL,False
13586,4559,Firearm,2025-12-21,Pending Analysis,Mysuru FSL,True
13587,4559,Hard Disk,2025-12-21,Pending Analysis,Bengaluru FSL,False
13588,4559,Laptop,2025-12-21,Verified,Mysuru FSL,True
13589,4559,CCTV Footage,2025-12-21,Rejected,Bengaluru FSL,True
13590,4560,Knife,2026-07-19,Rejected,Bengaluru FSL,False
13591,4560,Fingerprint,2026-07-19,Sent to FSL,Bengaluru FSL,False
13592,4560,DNA Sample,2026-07-19,Rejected,Mangaluru FSL,False
13593,4560,Clothing,2026-07-19,Rejected,Bengaluru FSL,False
13594,4560,Firearm,2026-07-19,Collected,Bengaluru FSL,True
13595,4561,Blood Sample,2023-04-10,Rejected,Bengaluru FSL,True
13596,4561,Knife,2023-04-10,Pending Analysis,Mysuru FSL,True
13597,4562,Vehicle,2024-03-20,Verified,Mysuru FSL,True
13598,4563,Document,2022-01-12,Pending Analysis,Mangaluru FSL,True
13599,4563,SIM Card,2022-01-12,Collected,Mangaluru FSL,False
13600,4563,Knife,2022-01-12,Verified,Mangaluru FSL,True
13601,4563,Mobile Phone,2022-01-12,Pending Analysis,Mysuru FSL,False
13602,4564,Mobile Phone,2025-11-20,Collected,Mysuru FSL,True
13603,4564,Hard Disk,2025-11-20,Sent to FSL,Mangaluru FSL,True
13604,4564,DNA Sample,2025-11-20,Pending Analysis,Bengaluru FSL,True
13605,4564,Vehicle,2025-11-20,Collected,Bengaluru FSL,True
13606,4564,Firearm,2025-11-20,Collected,Mysuru FSL,True
13607,4565,Mobile Phone,2022-06-24,Sent to FSL,Bengaluru FSL,False
13608,4565,Laptop,2022-06-24,Collected,Mangaluru FSL,False
13609,4565,Firearm,2022-06-24,Pending Analysis,Bengaluru FSL,False
13610,4566,CCTV Footage,2022-06-03,Sent to FSL,Mysuru FSL,False
13611,4567,CCTV Footage,2023-12-22,Pending Analysis,Mysuru FSL,True
13612,4567,Drug Sample,2023-12-22,Collected,Mysuru FSL,True
13613,4568,Mobile Phone,2026-10-13,Collected,Mangaluru FSL,False
13614,4568,Laptop,2026-10-13,Pending Analysis,Bengaluru FSL,False
13615,4568,CCTV Footage,2026-10-13,Pending Analysis,Mysuru FSL,True
13616,4568,Fingerprint,2026-10-13,Collected,Mysuru FSL,True
13617,4569,CCTV Footage,2026-06-14,Verified,Mysuru FSL,False
13618,4569,Knife,2026-06-14,Collected,Mysuru FSL,True
13619,4569,Laptop,2026-06-14,Sent to FSL,Mysuru FSL,False
13620,4569,Clothing,2026-06-14,Collected,Bengaluru FSL,False
13621,4569,Firearm,2026-06-14,Verified,Bengaluru FSL,False
13622,4570,SIM Card,2026-04-12,Verified,Mysuru FSL,False
13623,4571,Laptop,2025-01-11,Verified,Mangaluru FSL,False
13624,4572,Drug Sample,2022-04-20,Sent to FSL,Bengaluru FSL,True
13625,4572,Knife,2022-04-20,Collected,Mysuru FSL,True
13626,4572,Firearm,2022-04-20,Collected,Mangaluru FSL,False
13627,4573,Drug Sample,2026-06-12,Pending Analysis,Mangaluru FSL,False
13628,4573,Mobile Phone,2026-06-12,Verified,Mangaluru FSL,False
13629,4573,Vehicle,2026-06-12,Rejected,Mysuru FSL,False
13630,4573,CCTV Footage,2026-06-12,Collected,Mangaluru FSL,False
13631,4573,Knife,2026-06-12,Verified,Mysuru FSL,False
13632,4574,Hard Disk,2025-02-15,Verified,Mysuru FSL,False
13633,4574,DNA Sample,2025-02-15,Pending Analysis,Mysuru FSL,True
13634,4574,Document,2025-02-15,Collected,Mangaluru FSL,False
13635,4574,USB Drive,2025-02-15,Rejected,Bengaluru FSL,False
13636,4575,Vehicle,2022-06-23,Pending Analysis,Mangaluru FSL,True
13637,4575,DNA Sample,2022-06-23,Verified,Bengaluru FSL,False
13638,4575,Laptop,2022-06-23,Pending Analysis,Mangaluru FSL,True
13639,4575,Hard Disk,2022-06-23,Collected,Mangaluru FSL,True
13640,4576,Fingerprint,2023-09-04,Pending Analysis,Bengaluru FSL,True
13641,4577,Laptop,2026-04-02,Verified,Bengaluru FSL,True
13642,4577,USB Drive,2026-04-02,Collected,Mysuru FSL,False
13643,4577,Clothing,2026-04-02,Pending Analysis,Mysuru FSL,False
13644,4577,Document,2026-04-02,Verified,Mysuru FSL,True
13645,4578,USB Drive,2025-04-08,Rejected,Mangaluru FSL,True
13646,4578,Mobile Phone,2025-04-08,Rejected,Mangaluru FSL,False
13647,4578,Document,2025-04-08,Sent to FSL,Bengaluru FSL,True
13648,4579,CCTV Footage,2025-10-28,Collected,Mangaluru FSL,False
13649,4579,Drug Sample,2025-10-28,Verified,Bengaluru FSL,False
13650,4579,Laptop,2025-10-28,Sent to FSL,Mysuru FSL,True
13651,4580,CCTV Footage,2024-07-08,Verified,Mangaluru FSL,True
13652,4580,Hard Disk,2024-07-08,Verified,Bengaluru FSL,True
13653,4580,Clothing,2024-07-08,Verified,Mangaluru FSL,False
13654,4580,SIM Card,2024-07-08,Collected,Mangaluru FSL,True
13655,4581,DNA Sample,2026-07-13,Rejected,Mysuru FSL,True
13656,4582,Document,2025-09-14,Rejected,Mangaluru FSL,True
13657,4583,Firearm,2025-04-25,Sent to FSL,Mangaluru FSL,False
13658,4583,SIM Card,2025-04-25,Verified,Mysuru FSL,True
13659,4583,Vehicle,2025-04-25,Sent to FSL,Mangaluru FSL,False
13660,4583,DNA Sample,2025-04-25,Rejected,Bengaluru FSL,False
13661,4583,Clothing,2025-04-25,Collected,Mysuru FSL,True
13662,4584,Laptop,2022-03-14,Rejected,Mangaluru FSL,True
13663,4585,Knife,2024-03-22,Verified,Mangaluru FSL,False
13664,4585,Firearm,2024-03-22,Rejected,Mangaluru FSL,True
13665,4585,Hard Disk,2024-03-22,Collected,Bengaluru FSL,True
13666,4585,Clothing,2024-03-22,Rejected,Mysuru FSL,True
13667,4585,Vehicle,2024-03-22,Pending Analysis,Mysuru FSL,True
13668,4586,Blood Sample,2025-02-20,Verified,Mysuru FSL,False
13669,4587,Laptop,2023-08-31,Rejected,Mangaluru FSL,True
13670,4587,CCTV Footage,2023-08-31,Collected,Mysuru FSL,True
13671,4587,Clothing,2023-08-31,Pending Analysis,Mangaluru FSL,False
13672,4588,Vehicle,2024-06-04,Pending Analysis,Mangaluru FSL,False
13673,4589,Fingerprint,2025-04-08,Verified,Mysuru FSL,True
13674,4589,Blood Sample,2025-04-08,Rejected,Mysuru FSL,False
13675,4589,Clothing,2025-04-08,Pending Analysis,Mysuru FSL,False
13676,4590,Laptop,2023-05-25,Pending Analysis,Mysuru FSL,False
13677,4590,Knife,2023-05-25,Sent to FSL,Mysuru FSL,True
13678,4590,Drug Sample,2023-05-25,Rejected,Mysuru FSL,False
13679,4590,Fingerprint,2023-05-25,Pending Analysis,Bengaluru FSL,True
13680,4591,Clothing,2024-09-10,Rejected,Mangaluru FSL,False
13681,4591,DNA Sample,2024-09-10,Collected,Mangaluru FSL,True
13682,4591,SIM Card,2024-09-10,Verified,Mangaluru FSL,True
13683,4591,Document,2024-09-10,Pending Analysis,Bengaluru FSL,True
13684,4592,USB Drive,2022-09-16,Pending Analysis,Bengaluru FSL,False
13685,4592,Fingerprint,2022-09-16,Pending Analysis,Bengaluru FSL,True
13686,4593,Fingerprint,2022-10-27,Pending Analysis,Bengaluru FSL,True
13687,4593,Laptop,2022-10-27,Collected,Mysuru FSL,False
13688,4593,Knife,2022-10-27,Sent to FSL,Mysuru FSL,True
13689,4593,Mobile Phone,2022-10-27,Pending Analysis,Mysuru FSL,True
13690,4593,Drug Sample,2022-10-27,Rejected,Mangaluru FSL,False
13691,4594,Clothing,2025-07-07,Sent to FSL,Mysuru FSL,True
13692,4595,DNA Sample,2023-02-18,Pending Analysis,Bengaluru FSL,False
13693,4595,Hard Disk,2023-02-18,Rejected,Mysuru FSL,True
13694,4595,Laptop,2023-02-18,Sent to FSL,Bengaluru FSL,False
13695,4595,Document,2023-02-18,Pending Analysis,Mangaluru FSL,False
13696,4595,Knife,2023-02-18,Collected,Mysuru FSL,False
13697,4596,Hard Disk,2023-07-22,Sent to FSL,Mysuru FSL,False
13698,4596,Clothing,2023-07-22,Sent to FSL,Mysuru FSL,False
13699,4596,Blood Sample,2023-07-22,Sent to FSL,Bengaluru FSL,False
13700,4596,Mobile Phone,2023-07-22,Verified,Mysuru FSL,True
13701,4596,Knife,2023-07-22,Collected,Bengaluru FSL,True
13702,4597,USB Drive,2025-03-02,Pending Analysis,Mangaluru FSL,False
13703,4597,Fingerprint,2025-03-02,Sent to FSL,Mysuru FSL,False
13704,4598,CCTV Footage,2022-07-08,Collected,Mangaluru FSL,True
13705,4599,Firearm,2022-07-24,Pending Analysis,Mysuru FSL,False
13706,4600,Blood Sample,2023-03-29,Collected,Mangaluru FSL,True
13707,4600,Drug Sample,2023-03-29,Pending Analysis,Mangaluru FSL,True
13708,4600,Laptop,2023-03-29,Rejected,Bengaluru FSL,False
13709,4600,Vehicle,2023-03-29,Pending Analysis,Mysuru FSL,True
13710,4601,Hard Disk,2024-04-25,Collected,Bengaluru FSL,False
13711,4601,Knife,2024-04-25,Collected,Mysuru FSL,True
13712,4602,USB Drive,2022-03-17,Collected,Bengaluru FSL,False
13713,4602,Fingerprint,2022-03-17,Rejected,Mysuru FSL,False
13714,4603,Drug Sample,2026-07-04,Pending Analysis,Mangaluru FSL,True
13715,4604,Vehicle,2023-10-04,Sent to FSL,Mangaluru FSL,True
13716,4604,CCTV Footage,2023-10-04,Collected,Bengaluru FSL,False
13717,4604,Fingerprint,2023-10-04,Sent to FSL,Bengaluru FSL,False
13718,4604,DNA Sample,2023-10-04,Collected,Mangaluru FSL,True
13719,4604,Document,2023-10-04,Verified,Mangaluru FSL,False
13720,4605,Laptop,2025-02-15,Rejected,Mangaluru FSL,False
13721,4605,Hard Disk,2025-02-15,Pending Analysis,Mangaluru FSL,True
13722,4605,CCTV Footage,2025-02-15,Verified,Bengaluru FSL,False
13723,4605,Drug Sample,2025-02-15,Sent to FSL,Mysuru FSL,False
13724,4605,Clothing,2025-02-15,Sent to FSL,Mysuru FSL,True
13725,4606,Firearm,2022-01-27,Verified,Mangaluru FSL,True
13726,4606,Hard Disk,2022-01-27,Verified,Mangaluru FSL,True
13727,4607,Firearm,2022-12-21,Collected,Mangaluru FSL,False
13728,4607,Fingerprint,2022-12-21,Sent to FSL,Bengaluru FSL,True
13729,4607,DNA Sample,2022-12-21,Collected,Mysuru FSL,False
13730,4608,Clothing,2022-02-11,Pending Analysis,Mangaluru FSL,True
13731,4609,Firearm,2024-08-16,Pending Analysis,Bengaluru FSL,False
13732,4610,Firearm,2023-09-16,Collected,Bengaluru FSL,False
13733,4611,Laptop,2026-06-25,Rejected,Mysuru FSL,True
13734,4611,Hard Disk,2026-06-25,Sent to FSL,Mangaluru FSL,True
13735,4611,Drug Sample,2026-06-25,Rejected,Bengaluru FSL,False
13736,4611,USB Drive,2026-06-25,Sent to FSL,Bengaluru FSL,True
13737,4611,Knife,2026-06-25,Pending Analysis,Mysuru FSL,True
13738,4612,Document,2025-05-09,Verified,Mysuru FSL,True
13739,4612,Clothing,2025-05-09,Verified,Mysuru FSL,True
13740,4613,Vehicle,2025-04-20,Verified,Bengaluru FSL,False
13741,4613,Clothing,2025-04-20,Sent to FSL,Mangaluru FSL,False
13742,4614,Firearm,2022-11-14,Rejected,Bengaluru FSL,False
13743,4614,USB Drive,2022-11-14,Verified,Mysuru FSL,False
13744,4614,Laptop,2022-11-14,Collected,Bengaluru FSL,True
13745,4615,Blood Sample,2026-09-06,Sent to FSL,Mysuru FSL,True
13746,4615,Drug Sample,2026-09-06,Sent to FSL,Mangaluru FSL,True
13747,4616,Document,2025-02-20,Verified,Mysuru FSL,True
13748,4616,USB Drive,2025-02-20,Rejected,Mangaluru FSL,True
13749,4616,Hard Disk,2025-02-20,Pending Analysis,Mysuru FSL,False
13750,4617,SIM Card,2022-01-11,Sent to FSL,Mysuru FSL,True
13751,4617,Laptop,2022-01-11,Rejected,Mysuru FSL,False
13752,4618,Document,2023-07-06,Collected,Mysuru FSL,True
13753,4618,USB Drive,2023-07-06,Pending Analysis,Mangaluru FSL,True
13754,4618,CCTV Footage,2023-07-06,Collected,Mysuru FSL,True
13755,4618,Laptop,2023-07-06,Rejected,Mysuru FSL,True
13756,4618,Firearm,2023-07-06,Collected,Bengaluru FSL,False
13757,4619,CCTV Footage,2025-08-05,Sent to FSL,Mysuru FSL,False
13758,4619,DNA Sample,2025-08-05,Sent to FSL,Mysuru FSL,False
13759,4620,Blood Sample,2026-10-10,Pending Analysis,Bengaluru FSL,True
13760,4620,Knife,2026-10-10,Sent to FSL,Mysuru FSL,True
13761,4620,Firearm,2026-10-10,Verified,Mangaluru FSL,False
13762,4621,Mobile Phone,2024-12-14,Verified,Bengaluru FSL,True
13763,4622,Mobile Phone,2022-10-18,Verified,Mysuru FSL,True
13764,4622,Vehicle,2022-10-18,Pending Analysis,Bengaluru FSL,False
13765,4622,USB Drive,2022-10-18,Rejected,Mysuru FSL,False
13766,4622,Fingerprint,2022-10-18,Verified,Mangaluru FSL,True
13767,4622,Firearm,2022-10-18,Rejected,Bengaluru FSL,True
13768,4623,USB Drive,2022-10-19,Collected,Mysuru FSL,True
13769,4623,Document,2022-10-19,Sent to FSL,Mangaluru FSL,True
13770,4623,Mobile Phone,2022-10-19,Rejected,Mangaluru FSL,True
13771,4623,SIM Card,2022-10-19,Sent to FSL,Mysuru FSL,False
13772,4623,Drug Sample,2022-10-19,Rejected,Mangaluru FSL,True
13773,4624,Document,2026-05-10,Rejected,Mysuru FSL,False
13774,4624,DNA Sample,2026-05-10,Sent to FSL,Mysuru FSL,False
13775,4625,CCTV Footage,2023-01-24,Sent to FSL,Mangaluru FSL,False
13776,4626,USB Drive,2024-01-06,Collected,Bengaluru FSL,True
13777,4626,CCTV Footage,2024-01-06,Rejected,Mangaluru FSL,False
13778,4627,SIM Card,2023-12-29,Rejected,Mysuru FSL,True
13779,4627,Knife,2023-12-29,Pending Analysis,Mysuru FSL,True
13780,4627,Vehicle,2023-12-29,Pending Analysis,Bengaluru FSL,True
13781,4627,DNA Sample,2023-12-29,Rejected,Mysuru FSL,False
13782,4627,Laptop,2023-12-29,Rejected,Bengaluru FSL,False
13783,4628,DNA Sample,2026-07-31,Pending Analysis,Mangaluru FSL,True
13784,4628,Mobile Phone,2026-07-31,Verified,Mysuru FSL,False
13785,4628,Knife,2026-07-31,Verified,Bengaluru FSL,True
13786,4628,USB Drive,2026-07-31,Verified,Mysuru FSL,False
13787,4628,Vehicle,2026-07-31,Collected,Bengaluru FSL,False
13788,4629,DNA Sample,2025-12-17,Rejected,Bengaluru FSL,False
13789,4629,Vehicle,2025-12-17,Collected,Mangaluru FSL,False
13790,4630,Drug Sample,2022-10-11,Sent to FSL,Bengaluru FSL,True
13791,4630,Knife,2022-10-11,Pending Analysis,Bengaluru FSL,True
13792,4630,SIM Card,2022-10-11,Rejected,Mysuru FSL,False
13793,4631,DNA Sample,2023-08-28,Verified,Mangaluru FSL,True
13794,4631,Fingerprint,2023-08-28,Pending Analysis,Bengaluru FSL,True
13795,4632,Clothing,2022-04-24,Pending Analysis,Mangaluru FSL,True
13796,4632,DNA Sample,2022-04-24,Collected,Mysuru FSL,True
13797,4632,Blood Sample,2022-04-24,Collected,Mangaluru FSL,False
13798,4633,DNA Sample,2022-12-10,Verified,Mangaluru FSL,False
13799,4633,Drug Sample,2022-12-10,Pending Analysis,Mangaluru FSL,True
13800,4633,Vehicle,2022-12-10,Sent to FSL,Mangaluru FSL,False
13801,4633,Knife,2022-12-10,Pending Analysis,Bengaluru FSL,False
13802,4634,Blood Sample,2026-01-11,Sent to FSL,Mysuru FSL,True
13803,4634,Firearm,2026-01-11,Pending Analysis,Bengaluru FSL,True
13804,4634,Document,2026-01-11,Verified,Mangaluru FSL,True
13805,4634,Mobile Phone,2026-01-11,Rejected,Bengaluru FSL,False
13806,4634,Clothing,2026-01-11,Pending Analysis,Mangaluru FSL,True
13807,4635,DNA Sample,2024-11-16,Pending Analysis,Mangaluru FSL,False
13808,4635,Fingerprint,2024-11-16,Verified,Mangaluru FSL,False
13809,4635,USB Drive,2024-11-16,Verified,Mysuru FSL,True
13810,4635,Blood Sample,2024-11-16,Pending Analysis,Mysuru FSL,True
13811,4636,DNA Sample,2022-02-13,Collected,Mysuru FSL,True
13812,4636,Clothing,2022-02-13,Pending Analysis,Bengaluru FSL,True
13813,4636,Document,2022-02-13,Verified,Mysuru FSL,True
13814,4636,USB Drive,2022-02-13,Pending Analysis,Mysuru FSL,False
13815,4637,Document,2026-07-24,Rejected,Mangaluru FSL,False
13816,4637,Hard Disk,2026-07-24,Collected,Bengaluru FSL,False
13817,4637,USB Drive,2026-07-24,Collected,Bengaluru FSL,True
13818,4637,CCTV Footage,2026-07-24,Verified,Mangaluru FSL,False
13819,4637,SIM Card,2026-07-24,Pending Analysis,Bengaluru FSL,False
13820,4638,Document,2023-01-09,Sent to FSL,Mangaluru FSL,True
13821,4638,Vehicle,2023-01-09,Collected,Bengaluru FSL,True
13822,4638,Hard Disk,2023-01-09,Pending Analysis,Mysuru FSL,False
13823,4639,Firearm,2024-08-23,Sent to FSL,Mysuru FSL,False
13824,4639,Knife,2024-08-23,Verified,Mysuru FSL,False
13825,4640,Hard Disk,2023-08-14,Pending Analysis,Mysuru FSL,False
13826,4640,USB Drive,2023-08-14,Collected,Mysuru FSL,False
13827,4640,SIM Card,2023-08-14,Collected,Mysuru FSL,True
13828,4640,Firearm,2023-08-14,Sent to FSL,Mangaluru FSL,True
13829,4641,Laptop,2025-10-09,Collected,Mangaluru FSL,True
13830,4641,SIM Card,2025-10-09,Pending Analysis,Bengaluru FSL,True
13831,4642,Fingerprint,2024-07-10,Sent to FSL,Mangaluru FSL,True
13832,4643,Laptop,2024-06-01,Verified,Mangaluru FSL,True
13833,4643,Hard Disk,2024-06-01,Rejected,Mangaluru FSL,False
13834,4643,Firearm,2024-06-01,Pending Analysis,Bengaluru FSL,False
13835,4643,Blood Sample,2024-06-01,Pending Analysis,Mangaluru FSL,True
13836,4644,Mobile Phone,2024-06-13,Verified,Mangaluru FSL,False
13837,4644,CCTV Footage,2024-06-13,Rejected,Bengaluru FSL,True
13838,4644,Firearm,2024-06-13,Sent to FSL,Bengaluru FSL,True
13839,4645,Knife,2022-11-20,Collected,Mangaluru FSL,False
13840,4646,Firearm,2026-07-08,Pending Analysis,Mysuru FSL,True
13841,4646,CCTV Footage,2026-07-08,Rejected,Bengaluru FSL,True
13842,4646,Drug Sample,2026-07-08,Rejected,Mysuru FSL,True
13843,4646,Document,2026-07-08,Sent to FSL,Bengaluru FSL,True
13844,4647,Hard Disk,2024-04-20,Verified,Bengaluru FSL,False
13845,4648,Knife,2025-08-10,Verified,Bengaluru FSL,True
13846,4648,Document,2025-08-10,Verified,Mangaluru FSL,False
13847,4648,SIM Card,2025-08-10,Verified,Bengaluru FSL,False
13848,4648,DNA Sample,2025-08-10,Collected,Bengaluru FSL,True
13849,4648,Blood Sample,2025-08-10,Collected,Mysuru FSL,False
13850,4649,Mobile Phone,2024-03-27,Pending Analysis,Mysuru FSL,False
13851,4649,Vehicle,2024-03-27,Rejected,Mysuru FSL,True
13852,4649,SIM Card,2024-03-27,Pending Analysis,Mysuru FSL,True
13853,4649,Firearm,2024-03-27,Verified,Bengaluru FSL,True
13854,4649,Blood Sample,2024-03-27,Sent to FSL,Mysuru FSL,False
13855,4650,Document,2024-03-08,Sent to FSL,Mysuru FSL,True
13856,4650,USB Drive,2024-03-08,Verified,Mangaluru FSL,True
13857,4650,Mobile Phone,2024-03-08,Sent to FSL,Mysuru FSL,True
13858,4650,Hard Disk,2024-03-08,Sent to FSL,Bengaluru FSL,False
13859,4651,Fingerprint,2024-11-25,Sent to FSL,Mangaluru FSL,True
13860,4651,Mobile Phone,2024-11-25,Pending Analysis,Mysuru FSL,True
13861,4651,Knife,2024-11-25,Sent to FSL,Bengaluru FSL,False
13862,4651,CCTV Footage,2024-11-25,Verified,Mysuru FSL,False
13863,4652,Laptop,2026-01-22,Pending Analysis,Mysuru FSL,True
13864,4652,CCTV Footage,2026-01-22,Sent to FSL,Bengaluru FSL,True
13865,4652,Vehicle,2026-01-22,Rejected,Mangaluru FSL,True
13866,4653,Vehicle,2022-06-06,Verified,Mysuru FSL,False
13867,4653,Laptop,2022-06-06,Rejected,Bengaluru FSL,True
13868,4653,Knife,2022-06-06,Rejected,Mysuru FSL,False
13869,4653,Hard Disk,2022-06-06,Pending Analysis,Mysuru FSL,False
13870,4654,Drug Sample,2022-03-10,Rejected,Mysuru FSL,False
13871,4654,CCTV Footage,2022-03-10,Sent to FSL,Mysuru FSL,False
13872,4654,SIM Card,2022-03-10,Rejected,Bengaluru FSL,False
13873,4654,Laptop,2022-03-10,Pending Analysis,Mysuru FSL,True
13874,4655,SIM Card,2024-05-01,Rejected,Mangaluru FSL,True
13875,4655,DNA Sample,2024-05-01,Rejected,Bengaluru FSL,True
13876,4655,Firearm,2024-05-01,Rejected,Bengaluru FSL,False
13877,4655,Hard Disk,2024-05-01,Rejected,Bengaluru FSL,False
13878,4656,Firearm,2022-11-23,Pending Analysis,Mangaluru FSL,False
13879,4656,Drug Sample,2022-11-23,Verified,Mysuru FSL,False
13880,4657,Document,2022-10-24,Rejected,Mangaluru FSL,False
13881,4657,Blood Sample,2022-10-24,Verified,Mysuru FSL,False
13882,4657,Vehicle,2022-10-24,Verified,Bengaluru FSL,False
13883,4658,Vehicle,2026-05-14,Verified,Bengaluru FSL,True
13884,4658,Drug Sample,2026-05-14,Collected,Bengaluru FSL,False
13885,4658,CCTV Footage,2026-05-14,Rejected,Mangaluru FSL,True
13886,4658,Clothing,2026-05-14,Pending Analysis,Bengaluru FSL,False
13887,4659,Clothing,2023-05-17,Sent to FSL,Bengaluru FSL,False
13888,4660,Document,2024-11-20,Verified,Mysuru FSL,True
13889,4661,Clothing,2024-03-05,Pending Analysis,Mangaluru FSL,True
13890,4662,Fingerprint,2024-12-06,Rejected,Bengaluru FSL,False
13891,4663,Vehicle,2026-11-21,Rejected,Mangaluru FSL,False
13892,4664,Knife,2022-10-06,Verified,Mangaluru FSL,True
13893,4664,Mobile Phone,2022-10-06,Sent to FSL,Mysuru FSL,False
13894,4665,Drug Sample,2025-10-31,Verified,Mysuru FSL,True
13895,4666,Blood Sample,2024-10-14,Pending Analysis,Mangaluru FSL,False
13896,4666,Laptop,2024-10-14,Rejected,Mangaluru FSL,False
13897,4666,Document,2024-10-14,Collected,Mysuru FSL,True
13898,4666,CCTV Footage,2024-10-14,Collected,Mysuru FSL,False
13899,4666,Mobile Phone,2024-10-14,Collected,Mangaluru FSL,True
13900,4667,Firearm,2025-07-02,Verified,Mysuru FSL,True
13901,4667,SIM Card,2025-07-02,Rejected,Mangaluru FSL,True
13902,4667,CCTV Footage,2025-07-02,Collected,Bengaluru FSL,False
13903,4667,Vehicle,2025-07-02,Collected,Mangaluru FSL,False
13904,4668,Laptop,2022-10-11,Verified,Bengaluru FSL,True
13905,4668,Drug Sample,2022-10-11,Collected,Bengaluru FSL,False
13906,4668,CCTV Footage,2022-10-11,Pending Analysis,Mangaluru FSL,False
13907,4669,Hard Disk,2023-04-19,Verified,Mangaluru FSL,False
13908,4669,Drug Sample,2023-04-19,Sent to FSL,Mysuru FSL,False
13909,4669,Clothing,2023-04-19,Verified,Mysuru FSL,True
13910,4669,Blood Sample,2023-04-19,Pending Analysis,Mysuru FSL,False
13911,4669,Firearm,2023-04-19,Verified,Mysuru FSL,True
13912,4670,Vehicle,2023-10-18,Pending Analysis,Mysuru FSL,False
13913,4670,Hard Disk,2023-10-18,Sent to FSL,Bengaluru FSL,False
13914,4670,USB Drive,2023-10-18,Sent to FSL,Mysuru FSL,False
13915,4671,SIM Card,2025-09-22,Sent to FSL,Mangaluru FSL,True
13916,4672,Clothing,2023-02-18,Pending Analysis,Mysuru FSL,False
13917,4672,Firearm,2023-02-18,Rejected,Bengaluru FSL,False
13918,4672,Blood Sample,2023-02-18,Rejected,Mysuru FSL,True
13919,4672,DNA Sample,2023-02-18,Pending Analysis,Mangaluru FSL,False
13920,4672,Document,2023-02-18,Pending Analysis,Bengaluru FSL,True
13921,4673,CCTV Footage,2023-06-05,Pending Analysis,Bengaluru FSL,False
13922,4673,Clothing,2023-06-05,Verified,Bengaluru FSL,False
13923,4673,DNA Sample,2023-06-05,Rejected,Mangaluru FSL,False
13924,4673,Laptop,2023-06-05,Verified,Mangaluru FSL,False
13925,4674,Firearm,2022-11-24,Verified,Mangaluru FSL,True
13926,4674,Blood Sample,2022-11-24,Sent to FSL,Mysuru FSL,True
13927,4675,Clothing,2023-05-16,Pending Analysis,Mysuru FSL,True
13928,4675,CCTV Footage,2023-05-16,Sent to FSL,Bengaluru FSL,False
13929,4675,Mobile Phone,2023-05-16,Sent to FSL,Bengaluru FSL,False
13930,4675,DNA Sample,2023-05-16,Sent to FSL,Bengaluru FSL,True
13931,4676,Fingerprint,2025-03-22,Verified,Mangaluru FSL,True
13932,4676,Knife,2025-03-22,Rejected,Mysuru FSL,False
13933,4677,Blood Sample,2026-05-05,Sent to FSL,Mangaluru FSL,True
13934,4677,Clothing,2026-05-05,Pending Analysis,Mangaluru FSL,False
13935,4677,SIM Card,2026-05-05,Pending Analysis,Bengaluru FSL,False
13936,4678,Firearm,2025-09-25,Sent to FSL,Bengaluru FSL,False
13937,4678,Mobile Phone,2025-09-25,Collected,Mangaluru FSL,False
13938,4678,USB Drive,2025-09-25,Pending Analysis,Bengaluru FSL,True
13939,4679,Drug Sample,2022-12-18,Sent to FSL,Bengaluru FSL,True
13940,4679,Blood Sample,2022-12-18,Sent to FSL,Mangaluru FSL,False
13941,4680,Blood Sample,2022-10-25,Verified,Mangaluru FSL,False
13942,4680,Laptop,2022-10-25,Rejected,Bengaluru FSL,False
13943,4680,Document,2022-10-25,Pending Analysis,Bengaluru FSL,False
13944,4680,SIM Card,2022-10-25,Collected,Bengaluru FSL,False
13945,4681,Clothing,2023-11-24,Rejected,Bengaluru FSL,True
13946,4681,Firearm,2023-11-24,Pending Analysis,Bengaluru FSL,True
13947,4682,Fingerprint,2025-06-16,Pending Analysis,Bengaluru FSL,False
13948,4682,Blood Sample,2025-06-16,Verified,Bengaluru FSL,False
13949,4682,SIM Card,2025-06-16,Sent to FSL,Bengaluru FSL,True
13950,4683,DNA Sample,2023-07-08,Pending Analysis,Bengaluru FSL,True
13951,4683,Document,2023-07-08,Sent to FSL,Bengaluru FSL,True
13952,4683,Drug Sample,2023-07-08,Rejected,Mysuru FSL,False
13953,4683,SIM Card,2023-07-08,Collected,Mangaluru FSL,False
13954,4683,CCTV Footage,2023-07-08,Verified,Mangaluru FSL,True
13955,4684,Fingerprint,2025-08-15,Rejected,Mysuru FSL,False
13956,4685,Blood Sample,2022-07-10,Sent to FSL,Mysuru FSL,False
13957,4685,Firearm,2022-07-10,Verified,Mangaluru FSL,True
13958,4685,Drug Sample,2022-07-10,Pending Analysis,Bengaluru FSL,False
13959,4686,Laptop,2023-12-29,Sent to FSL,Bengaluru FSL,True
13960,4686,Document,2023-12-29,Rejected,Mysuru FSL,False
13961,4687,Knife,2022-11-14,Rejected,Mangaluru FSL,False
13962,4688,Firearm,2024-05-07,Collected,Mysuru FSL,True
13963,4688,Laptop,2024-05-07,Collected,Mangaluru FSL,True
13964,4689,Clothing,2023-09-22,Verified,Mysuru FSL,True
13965,4689,Drug Sample,2023-09-22,Verified,Mysuru FSL,True
13966,4689,Laptop,2023-09-22,Rejected,Bengaluru FSL,False
13967,4689,Mobile Phone,2023-09-22,Sent to FSL,Mangaluru FSL,False
13968,4689,Knife,2023-09-22,Rejected,Mysuru FSL,False
13969,4690,Drug Sample,2026-01-11,Collected,Mangaluru FSL,True
13970,4690,Fingerprint,2026-01-11,Verified,Mangaluru FSL,False
13971,4691,USB Drive,2022-08-15,Collected,Mangaluru FSL,True
13972,4691,Vehicle,2022-08-15,Pending Analysis,Bengaluru FSL,True
13973,4691,DNA Sample,2022-08-15,Pending Analysis,Mysuru FSL,True
13974,4691,Mobile Phone,2022-08-15,Sent to FSL,Bengaluru FSL,False
13975,4692,Mobile Phone,2023-09-20,Verified,Mangaluru FSL,True
13976,4692,Drug Sample,2023-09-20,Sent to FSL,Mangaluru FSL,False
13977,4692,CCTV Footage,2023-09-20,Pending Analysis,Mangaluru FSL,False
13978,4692,Firearm,2023-09-20,Pending Analysis,Bengaluru FSL,False
13979,4692,Clothing,2023-09-20,Verified,Mangaluru FSL,False
13980,4693,USB Drive,2024-04-24,Verified,Mangaluru FSL,True
13981,4693,Laptop,2024-04-24,Rejected,Bengaluru FSL,True
13982,4693,Clothing,2024-04-24,Rejected,Mysuru FSL,True
13983,4693,Knife,2024-04-24,Sent to FSL,Mangaluru FSL,True
13984,4693,Firearm,2024-04-24,Sent to FSL,Mysuru FSL,True
13985,4694,Mobile Phone,2023-09-25,Verified,Mangaluru FSL,False
13986,4694,DNA Sample,2023-09-25,Rejected,Mangaluru FSL,True
13987,4694,Firearm,2023-09-25,Rejected,Mysuru FSL,False
13988,4694,Clothing,2023-09-25,Sent to FSL,Mysuru FSL,False
13989,4694,SIM Card,2023-09-25,Rejected,Mysuru FSL,False
13990,4695,Knife,2022-02-08,Collected,Bengaluru FSL,True
13991,4695,Firearm,2022-02-08,Rejected,Mangaluru FSL,False
13992,4695,SIM Card,2022-02-08,Collected,Mysuru FSL,True
13993,4696,Firearm,2025-03-15,Pending Analysis,Mangaluru FSL,True
13994,4696,Clothing,2025-03-15,Collected,Bengaluru FSL,True
13995,4696,Document,2025-03-15,Rejected,Mysuru FSL,True
13996,4696,Laptop,2025-03-15,Verified,Mysuru FSL,True
13997,4697,Blood Sample,2022-12-21,Verified,Bengaluru FSL,False
13998,4697,CCTV Footage,2022-12-21,Rejected,Mysuru FSL,False
13999,4697,Hard Disk,2022-12-21,Verified,Bengaluru FSL,False
14000,4698,Clothing,2024-05-07,Verified,Mysuru FSL,False
14001,4698,USB Drive,2024-05-07,Rejected,Mangaluru FSL,False
14002,4698,Firearm,2024-05-07,Collected,Bengaluru FSL,True
14003,4698,Fingerprint,2024-05-07,Verified,Mangaluru FSL,False
14004,4699,Mobile Phone,2023-01-24,Sent to FSL,Bengaluru FSL,True
14005,4699,Fingerprint,2023-01-24,Pending Analysis,Mangaluru FSL,True
14006,4699,CCTV Footage,2023-01-24,Verified,Bengaluru FSL,True
14007,4699,SIM Card,2023-01-24,Verified,Mangaluru FSL,False
14008,4699,Blood Sample,2023-01-24,Collected,Bengaluru FSL,False
14009,4700,USB Drive,2024-04-20,Pending Analysis,Mangaluru FSL,False
14010,4700,Blood Sample,2024-04-20,Collected,Mysuru FSL,False
14011,4700,Laptop,2024-04-20,Collected,Bengaluru FSL,True
14012,4701,DNA Sample,2022-12-02,Collected,Mysuru FSL,False
14013,4701,Laptop,2022-12-02,Verified,Bengaluru FSL,True
14014,4701,SIM Card,2022-12-02,Sent to FSL,Bengaluru FSL,False
14015,4701,Fingerprint,2022-12-02,Verified,Mangaluru FSL,True
14016,4701,Mobile Phone,2022-12-02,Pending Analysis,Mysuru FSL,False
14017,4702,Blood Sample,2023-12-27,Pending Analysis,Mangaluru FSL,True
14018,4702,CCTV Footage,2023-12-27,Verified,Bengaluru FSL,False
14019,4702,SIM Card,2023-12-27,Sent to FSL,Mangaluru FSL,True
14020,4702,Document,2023-12-27,Collected,Mysuru FSL,True
14021,4702,Hard Disk,2023-12-27,Collected,Mangaluru FSL,False
14022,4703,Drug Sample,2022-02-02,Collected,Mysuru FSL,False
14023,4703,Mobile Phone,2022-02-02,Sent to FSL,Bengaluru FSL,False
14024,4703,Fingerprint,2022-02-02,Sent to FSL,Mangaluru FSL,False
14025,4704,Fingerprint,2024-09-19,Sent to FSL,Mangaluru FSL,True
14026,4704,Mobile Phone,2024-09-19,Verified,Mysuru FSL,True
14027,4704,Laptop,2024-09-19,Collected,Bengaluru FSL,False
14028,4704,DNA Sample,2024-09-19,Sent to FSL,Mangaluru FSL,False
14029,4704,Vehicle,2024-09-19,Verified,Bengaluru FSL,False
14030,4705,USB Drive,2024-07-26,Verified,Mangaluru FSL,True
14031,4705,DNA Sample,2024-07-26,Sent to FSL,Mysuru FSL,True
14032,4705,SIM Card,2024-07-26,Pending Analysis,Mysuru FSL,True
14033,4705,Drug Sample,2024-07-26,Verified,Mysuru FSL,False
14034,4705,Firearm,2024-07-26,Collected,Mysuru FSL,False
14035,4706,CCTV Footage,2023-12-08,Verified,Bengaluru FSL,False
14036,4706,Clothing,2023-12-08,Rejected,Mangaluru FSL,True
14037,4706,Hard Disk,2023-12-08,Rejected,Mysuru FSL,True
14038,4706,Laptop,2023-12-08,Verified,Mysuru FSL,True
14039,4707,Laptop,2022-11-10,Verified,Mysuru FSL,False
14040,4707,Drug Sample,2022-11-10,Sent to FSL,Bengaluru FSL,True
14041,4708,SIM Card,2026-04-06,Rejected,Mysuru FSL,False
14042,4708,Mobile Phone,2026-04-06,Collected,Bengaluru FSL,True
14043,4708,Document,2026-04-06,Rejected,Bengaluru FSL,True
14044,4709,Blood Sample,2026-10-28,Rejected,Mysuru FSL,True
14045,4709,CCTV Footage,2026-10-28,Verified,Bengaluru FSL,True
14046,4709,SIM Card,2026-10-28,Collected,Mangaluru FSL,True
14047,4709,Fingerprint,2026-10-28,Verified,Bengaluru FSL,True
14048,4709,Laptop,2026-10-28,Rejected,Mysuru FSL,False
14049,4710,SIM Card,2024-12-01,Collected,Bengaluru FSL,True
14050,4710,Knife,2024-12-01,Sent to FSL,Bengaluru FSL,True
14051,4710,Document,2024-12-01,Pending Analysis,Mysuru FSL,True
14052,4710,Hard Disk,2024-12-01,Sent to FSL,Mysuru FSL,True
14053,4710,Firearm,2024-12-01,Sent to FSL,Bengaluru FSL,False
14054,4711,Vehicle,2026-08-03,Sent to FSL,Mysuru FSL,True
14055,4711,Knife,2026-08-03,Sent to FSL,Bengaluru FSL,True
14056,4711,DNA Sample,2026-08-03,Pending Analysis,Mangaluru FSL,True
14057,4712,Vehicle,2024-07-19,Verified,Bengaluru FSL,True
14058,4712,Fingerprint,2024-07-19,Sent to FSL,Mysuru FSL,True
14059,4712,Drug Sample,2024-07-19,Collected,Bengaluru FSL,True
14060,4713,DNA Sample,2023-01-21,Sent to FSL,Mysuru FSL,False
14061,4713,Clothing,2023-01-21,Sent to FSL,Bengaluru FSL,True
14062,4713,Blood Sample,2023-01-21,Rejected,Bengaluru FSL,True
14063,4713,USB Drive,2023-01-21,Verified,Mangaluru FSL,False
14064,4713,CCTV Footage,2023-01-21,Collected,Mysuru FSL,False
14065,4714,Fingerprint,2025-12-11,Verified,Mysuru FSL,True
14066,4714,Document,2025-12-11,Pending Analysis,Bengaluru FSL,True
14067,4714,Blood Sample,2025-12-11,Rejected,Mangaluru FSL,True
14068,4714,Clothing,2025-12-11,Collected,Bengaluru FSL,True
14069,4714,Drug Sample,2025-12-11,Collected,Mysuru FSL,False
14070,4715,Firearm,2025-12-08,Rejected,Bengaluru FSL,True
14071,4716,Clothing,2026-12-30,Sent to FSL,Mangaluru FSL,False
14072,4716,Knife,2026-12-30,Collected,Bengaluru FSL,False
14073,4716,Laptop,2026-12-30,Pending Analysis,Mysuru FSL,True
14074,4716,Fingerprint,2026-12-30,Rejected,Mangaluru FSL,False
14075,4717,SIM Card,2022-10-14,Verified,Mangaluru FSL,False
14076,4717,Knife,2022-10-14,Rejected,Mysuru FSL,False
14077,4718,Vehicle,2024-05-09,Pending Analysis,Bengaluru FSL,False
14078,4718,DNA Sample,2024-05-09,Rejected,Mangaluru FSL,True
14079,4718,Fingerprint,2024-05-09,Sent to FSL,Mysuru FSL,True
14080,4718,SIM Card,2024-05-09,Pending Analysis,Mangaluru FSL,True
14081,4719,Mobile Phone,2026-06-12,Verified,Mysuru FSL,True
14082,4719,Clothing,2026-06-12,Sent to FSL,Bengaluru FSL,False
14083,4720,DNA Sample,2022-04-01,Verified,Mysuru FSL,True
14084,4720,USB Drive,2022-04-01,Pending Analysis,Mangaluru FSL,False
14085,4720,Clothing,2022-04-01,Rejected,Bengaluru FSL,True
14086,4721,Laptop,2024-08-29,Pending Analysis,Mysuru FSL,False
14087,4721,Mobile Phone,2024-08-29,Verified,Mangaluru FSL,True
14088,4722,USB Drive,2022-02-12,Rejected,Mysuru FSL,False
14089,4722,Mobile Phone,2022-02-12,Rejected,Mysuru FSL,True
14090,4722,Document,2022-02-12,Verified,Mysuru FSL,True
14091,4723,DNA Sample,2023-12-05,Rejected,Mysuru FSL,False
14092,4723,Clothing,2023-12-05,Collected,Mangaluru FSL,False
14093,4723,Fingerprint,2023-12-05,Verified,Mysuru FSL,False
14094,4723,SIM Card,2023-12-05,Collected,Bengaluru FSL,True
14095,4724,Laptop,2022-10-02,Verified,Mysuru FSL,False
14096,4725,Vehicle,2023-04-15,Sent to FSL,Bengaluru FSL,False
14097,4725,SIM Card,2023-04-15,Rejected,Mysuru FSL,True
14098,4725,Fingerprint,2023-04-15,Rejected,Mangaluru FSL,True
14099,4726,Document,2023-12-16,Verified,Mangaluru FSL,False
14100,4726,Knife,2023-12-16,Pending Analysis,Mysuru FSL,True
14101,4726,Vehicle,2023-12-16,Pending Analysis,Mangaluru FSL,False
14102,4726,Clothing,2023-12-16,Pending Analysis,Mangaluru FSL,True
14103,4726,Hard Disk,2023-12-16,Rejected,Bengaluru FSL,False
14104,4727,Knife,2022-03-09,Collected,Bengaluru FSL,False
14105,4727,USB Drive,2022-03-09,Sent to FSL,Mangaluru FSL,False
14106,4727,Document,2022-03-09,Rejected,Mangaluru FSL,True
14107,4727,DNA Sample,2022-03-09,Verified,Bengaluru FSL,True
14108,4728,Mobile Phone,2023-12-01,Sent to FSL,Bengaluru FSL,False
14109,4729,Fingerprint,2026-10-06,Rejected,Mysuru FSL,False
14110,4729,Knife,2026-10-06,Verified,Mangaluru FSL,False
14111,4729,Hard Disk,2026-10-06,Verified,Mangaluru FSL,False
14112,4729,CCTV Footage,2026-10-06,Verified,Mangaluru FSL,True
14113,4729,DNA Sample,2026-10-06,Sent to FSL,Bengaluru FSL,True
14114,4730,Document,2026-05-22,Verified,Mangaluru FSL,True
14115,4730,Drug Sample,2026-05-22,Pending Analysis,Mangaluru FSL,False
14116,4730,Knife,2026-05-22,Rejected,Bengaluru FSL,False
14117,4731,Clothing,2025-10-01,Sent to FSL,Bengaluru FSL,True
14118,4732,Drug Sample,2024-05-30,Collected,Mysuru FSL,True
14119,4733,Fingerprint,2025-12-29,Sent to FSL,Bengaluru FSL,False
14120,4733,Knife,2025-12-29,Pending Analysis,Mangaluru FSL,True
14121,4733,Document,2025-12-29,Collected,Bengaluru FSL,False
14122,4734,Laptop,2022-01-19,Sent to FSL,Bengaluru FSL,False
14123,4734,Mobile Phone,2022-01-19,Verified,Mysuru FSL,True
14124,4735,Mobile Phone,2023-05-22,Pending Analysis,Mysuru FSL,True
14125,4736,Drug Sample,2022-03-22,Rejected,Mangaluru FSL,False
14126,4736,Firearm,2022-03-22,Verified,Mangaluru FSL,False
14127,4736,Fingerprint,2022-03-22,Collected,Bengaluru FSL,False
14128,4736,Document,2022-03-22,Collected,Mysuru FSL,False
14129,4737,Knife,2026-04-30,Sent to FSL,Mysuru FSL,True
14130,4737,Fingerprint,2026-04-30,Pending Analysis,Bengaluru FSL,False
14131,4738,SIM Card,2022-03-16,Rejected,Bengaluru FSL,True
14132,4738,Blood Sample,2022-03-16,Collected,Mysuru FSL,False
14133,4738,USB Drive,2022-03-16,Verified,Mangaluru FSL,False
14134,4739,Blood Sample,2022-04-28,Pending Analysis,Bengaluru FSL,True
14135,4739,Document,2022-04-28,Verified,Mangaluru FSL,False
14136,4740,Firearm,2022-09-09,Verified,Bengaluru FSL,False
14137,4740,Clothing,2022-09-09,Pending Analysis,Bengaluru FSL,False
14138,4741,SIM Card,2023-05-05,Collected,Bengaluru FSL,False
14139,4742,DNA Sample,2025-09-12,Sent to FSL,Mangaluru FSL,False
14140,4742,Vehicle,2025-09-12,Pending Analysis,Bengaluru FSL,False
14141,4742,Clothing,2025-09-12,Sent to FSL,Mangaluru FSL,False
14142,4742,Mobile Phone,2025-09-12,Rejected,Bengaluru FSL,True
14143,4742,CCTV Footage,2025-09-12,Rejected,Mangaluru FSL,False
14144,4743,Fingerprint,2026-06-06,Verified,Mangaluru FSL,True
14145,4743,Hard Disk,2026-06-06,Collected,Mangaluru FSL,True
14146,4744,USB Drive,2026-04-30,Rejected,Mysuru FSL,True
14147,4744,Clothing,2026-04-30,Pending Analysis,Mysuru FSL,False
14148,4745,SIM Card,2026-12-29,Sent to FSL,Mysuru FSL,True
14149,4745,Document,2026-12-29,Pending Analysis,Mysuru FSL,True
14150,4745,Hard Disk,2026-12-29,Sent to FSL,Bengaluru FSL,False
14151,4746,Knife,2022-03-27,Pending Analysis,Mangaluru FSL,False
14152,4746,Laptop,2022-03-27,Collected,Mysuru FSL,False
14153,4746,Fingerprint,2022-03-27,Pending Analysis,Mysuru FSL,True
14154,4746,Clothing,2022-03-27,Sent to FSL,Mangaluru FSL,True
14155,4746,SIM Card,2022-03-27,Collected,Mysuru FSL,True
14156,4747,Firearm,2023-03-10,Sent to FSL,Mysuru FSL,True
14157,4748,CCTV Footage,2026-09-23,Rejected,Mysuru FSL,False
14158,4748,Knife,2026-09-23,Pending Analysis,Mangaluru FSL,False
14159,4748,Hard Disk,2026-09-23,Collected,Bengaluru FSL,True
14160,4748,Laptop,2026-09-23,Pending Analysis,Mysuru FSL,True
14161,4749,Knife,2023-05-21,Collected,Bengaluru FSL,True
14162,4749,Vehicle,2023-05-21,Rejected,Bengaluru FSL,False
14163,4749,Drug Sample,2023-05-21,Pending Analysis,Mangaluru FSL,True
14164,4750,Laptop,2024-09-26,Sent to FSL,Mysuru FSL,False
14165,4751,Fingerprint,2023-11-01,Rejected,Bengaluru FSL,False
14166,4751,Document,2023-11-01,Pending Analysis,Mysuru FSL,False
14167,4752,Knife,2022-10-14,Collected,Mysuru FSL,False
14168,4752,SIM Card,2022-10-14,Pending Analysis,Bengaluru FSL,False
14169,4752,CCTV Footage,2022-10-14,Pending Analysis,Mangaluru FSL,True
14170,4752,Document,2022-10-14,Collected,Mangaluru FSL,False
14171,4753,DNA Sample,2023-09-21,Rejected,Mysuru FSL,False
14172,4753,Drug Sample,2023-09-21,Rejected,Mangaluru FSL,True
14173,4753,CCTV Footage,2023-09-21,Rejected,Bengaluru FSL,True
14174,4753,Knife,2023-09-21,Rejected,Mysuru FSL,False
14175,4753,Document,2023-09-21,Pending Analysis,Bengaluru FSL,True
14176,4754,Blood Sample,2026-11-27,Collected,Mysuru FSL,False
14177,4755,Document,2025-07-22,Collected,Bengaluru FSL,True
14178,4755,Knife,2025-07-22,Verified,Bengaluru FSL,False
14179,4756,CCTV Footage,2025-02-22,Verified,Mangaluru FSL,False
14180,4756,Vehicle,2025-02-22,Pending Analysis,Mangaluru FSL,True
14181,4756,Blood Sample,2025-02-22,Rejected,Mysuru FSL,False
14182,4757,DNA Sample,2023-04-11,Pending Analysis,Bengaluru FSL,True
14183,4757,Hard Disk,2023-04-11,Verified,Mysuru FSL,True
14184,4758,Hard Disk,2025-06-25,Rejected,Mangaluru FSL,False
14185,4758,SIM Card,2025-06-25,Verified,Mysuru FSL,True
14186,4759,Drug Sample,2025-09-11,Pending Analysis,Bengaluru FSL,True
14187,4760,Blood Sample,2024-07-18,Collected,Mangaluru FSL,False
14188,4760,Vehicle,2024-07-18,Pending Analysis,Mangaluru FSL,False
14189,4760,Drug Sample,2024-07-18,Sent to FSL,Bengaluru FSL,False
14190,4760,USB Drive,2024-07-18,Verified,Bengaluru FSL,False
14191,4761,Blood Sample,2025-10-27,Collected,Mangaluru FSL,False
14192,4762,Hard Disk,2025-09-17,Sent to FSL,Mysuru FSL,False
14193,4762,Vehicle,2025-09-17,Rejected,Bengaluru FSL,True
14194,4762,Document,2025-09-17,Collected,Mangaluru FSL,False
14195,4762,Blood Sample,2025-09-17,Collected,Mysuru FSL,True
14196,4762,DNA Sample,2025-09-17,Verified,Bengaluru FSL,True
14197,4763,Fingerprint,2024-10-05,Verified,Mangaluru FSL,True
14198,4764,USB Drive,2025-10-23,Collected,Bengaluru FSL,False
14199,4764,Clothing,2025-10-23,Collected,Mysuru FSL,False
14200,4764,Fingerprint,2025-10-23,Collected,Mysuru FSL,True
14201,4764,Document,2025-10-23,Rejected,Bengaluru FSL,False
14202,4764,Drug Sample,2025-10-23,Verified,Mysuru FSL,False
14203,4765,Document,2024-09-05,Verified,Mangaluru FSL,False
14204,4765,Laptop,2024-09-05,Collected,Mysuru FSL,False
14205,4765,Mobile Phone,2024-09-05,Verified,Mysuru FSL,False
14206,4766,DNA Sample,2023-03-11,Verified,Mysuru FSL,False
14207,4766,Fingerprint,2023-03-11,Rejected,Bengaluru FSL,False
14208,4766,Clothing,2023-03-11,Pending Analysis,Mangaluru FSL,True
14209,4766,Document,2023-03-11,Collected,Mangaluru FSL,False
14210,4766,Mobile Phone,2023-03-11,Rejected,Mangaluru FSL,True
14211,4767,USB Drive,2026-06-20,Rejected,Bengaluru FSL,True
14212,4767,Drug Sample,2026-06-20,Verified,Mysuru FSL,True
14213,4767,Fingerprint,2026-06-20,Collected,Bengaluru FSL,True
14214,4767,Hard Disk,2026-06-20,Sent to FSL,Mysuru FSL,False
14215,4768,Knife,2022-04-19,Rejected,Bengaluru FSL,False
14216,4768,Fingerprint,2022-04-19,Verified,Bengaluru FSL,False
14217,4768,Drug Sample,2022-04-19,Rejected,Bengaluru FSL,True
14218,4768,CCTV Footage,2022-04-19,Pending Analysis,Mangaluru FSL,False
14219,4768,Blood Sample,2022-04-19,Pending Analysis,Mangaluru FSL,True
14220,4769,Knife,2026-12-18,Collected,Mysuru FSL,False
14221,4769,Hard Disk,2026-12-18,Pending Analysis,Mangaluru FSL,False
14222,4769,SIM Card,2026-12-18,Collected,Mangaluru FSL,True
14223,4769,CCTV Footage,2026-12-18,Pending Analysis,Mysuru FSL,True
14224,4769,Clothing,2026-12-18,Pending Analysis,Mangaluru FSL,False
14225,4770,Knife,2025-12-23,Collected,Bengaluru FSL,False
14226,4770,Document,2025-12-23,Collected,Bengaluru FSL,True
14227,4771,SIM Card,2024-08-15,Sent to FSL,Bengaluru FSL,False
14228,4771,Vehicle,2024-08-15,Sent to FSL,Mangaluru FSL,True
14229,4771,Mobile Phone,2024-08-15,Pending Analysis,Bengaluru FSL,False
14230,4771,Clothing,2024-08-15,Pending Analysis,Mysuru FSL,True
14231,4771,USB Drive,2024-08-15,Verified,Mysuru FSL,True
14232,4772,Laptop,2026-04-03,Collected,Mysuru FSL,True
14233,4772,Vehicle,2026-04-03,Rejected,Mangaluru FSL,False
14234,4772,CCTV Footage,2026-04-03,Sent to FSL,Mysuru FSL,True
14235,4773,Mobile Phone,2025-10-14,Sent to FSL,Mysuru FSL,False
14236,4773,Drug Sample,2025-10-14,Rejected,Bengaluru FSL,True
14237,4773,Hard Disk,2025-10-14,Rejected,Mysuru FSL,True
14238,4773,Blood Sample,2025-10-14,Pending Analysis,Mangaluru FSL,False
14239,4773,DNA Sample,2025-10-14,Rejected,Mangaluru FSL,False
14240,4774,CCTV Footage,2025-08-16,Collected,Bengaluru FSL,False
14241,4774,Clothing,2025-08-16,Pending Analysis,Bengaluru FSL,True
14242,4774,SIM Card,2025-08-16,Sent to FSL,Mysuru FSL,False
14243,4775,Hard Disk,2023-11-24,Collected,Mysuru FSL,False
14244,4775,Mobile Phone,2023-11-24,Collected,Mangaluru FSL,True
14245,4775,Laptop,2023-11-24,Collected,Bengaluru FSL,True
14246,4775,DNA Sample,2023-11-24,Verified,Mangaluru FSL,False
14247,4776,DNA Sample,2022-01-07,Pending Analysis,Bengaluru FSL,False
14248,4776,CCTV Footage,2022-01-07,Verified,Mysuru FSL,True
14249,4776,Clothing,2022-01-07,Rejected,Mangaluru FSL,True
14250,4776,Vehicle,2022-01-07,Rejected,Bengaluru FSL,True
14251,4777,Document,2026-02-24,Pending Analysis,Bengaluru FSL,False
14252,4777,USB Drive,2026-02-24,Verified,Bengaluru FSL,True
14253,4777,Drug Sample,2026-02-24,Rejected,Mysuru FSL,True
14254,4777,Vehicle,2026-02-24,Collected,Mangaluru FSL,True
14255,4777,CCTV Footage,2026-02-24,Rejected,Mysuru FSL,True
14256,4778,Firearm,2022-06-19,Rejected,Bengaluru FSL,False
14257,4778,DNA Sample,2022-06-19,Rejected,Mysuru FSL,False
14258,4779,Firearm,2022-08-28,Verified,Mysuru FSL,True
14259,4780,DNA Sample,2023-02-23,Pending Analysis,Bengaluru FSL,True
14260,4780,Vehicle,2023-02-23,Sent to FSL,Mangaluru FSL,True
14261,4780,Hard Disk,2023-02-23,Collected,Mangaluru FSL,False
14262,4780,Document,2023-02-23,Pending Analysis,Mysuru FSL,False
14263,4781,USB Drive,2026-12-13,Sent to FSL,Bengaluru FSL,False
14264,4781,Fingerprint,2026-12-13,Verified,Mysuru FSL,False
14265,4781,CCTV Footage,2026-12-13,Rejected,Mysuru FSL,False
14266,4781,Mobile Phone,2026-12-13,Pending Analysis,Bengaluru FSL,True
14267,4781,Laptop,2026-12-13,Verified,Mysuru FSL,False
14268,4782,Drug Sample,2026-09-19,Verified,Mangaluru FSL,False
14269,4782,DNA Sample,2026-09-19,Sent to FSL,Mangaluru FSL,False
14270,4782,Blood Sample,2026-09-19,Pending Analysis,Mysuru FSL,False
14271,4782,Mobile Phone,2026-09-19,Sent to FSL,Mysuru FSL,False
14272,4782,Vehicle,2026-09-19,Verified,Bengaluru FSL,True
14273,4783,Blood Sample,2023-04-13,Collected,Mangaluru FSL,True
14274,4783,Mobile Phone,2023-04-13,Rejected,Mangaluru FSL,False
14275,4783,Knife,2023-04-13,Verified,Bengaluru FSL,False
14276,4783,Vehicle,2023-04-13,Sent to FSL,Mysuru FSL,False
14277,4783,Hard Disk,2023-04-13,Sent to FSL,Mangaluru FSL,True
14278,4784,Vehicle,2026-07-19,Pending Analysis,Mangaluru FSL,True
14279,4784,Hard Disk,2026-07-19,Rejected,Bengaluru FSL,True
14280,4784,CCTV Footage,2026-07-19,Sent to FSL,Mangaluru FSL,True
14281,4785,Hard Disk,2025-09-10,Sent to FSL,Mysuru FSL,False
14282,4785,Blood Sample,2025-09-10,Verified,Mysuru FSL,False
14283,4785,Fingerprint,2025-09-10,Pending Analysis,Mangaluru FSL,True
14284,4786,Drug Sample,2026-07-29,Verified,Mangaluru FSL,True
14285,4786,Laptop,2026-07-29,Pending Analysis,Bengaluru FSL,True
14286,4787,Laptop,2026-09-12,Pending Analysis,Mysuru FSL,True
14287,4787,Document,2026-09-12,Rejected,Bengaluru FSL,True
14288,4787,Fingerprint,2026-09-12,Pending Analysis,Mangaluru FSL,False
14289,4788,Clothing,2022-11-16,Collected,Mangaluru FSL,False
14290,4788,USB Drive,2022-11-16,Rejected,Mysuru FSL,False
14291,4788,SIM Card,2022-11-16,Verified,Bengaluru FSL,True
14292,4789,Vehicle,2026-05-04,Verified,Mysuru FSL,False
14293,4789,Hard Disk,2026-05-04,Sent to FSL,Mysuru FSL,False
14294,4789,Fingerprint,2026-05-04,Pending Analysis,Mangaluru FSL,True
14295,4789,Clothing,2026-05-04,Verified,Bengaluru FSL,False
14296,4789,SIM Card,2026-05-04,Rejected,Mangaluru FSL,True
14297,4790,Clothing,2023-08-13,Verified,Mysuru FSL,False
14298,4790,Knife,2023-08-13,Collected,Mysuru FSL,True
14299,4790,Drug Sample,2023-08-13,Collected,Mangaluru FSL,False
14300,4790,SIM Card,2023-08-13,Rejected,Mangaluru FSL,False
14301,4791,Drug Sample,2025-03-03,Rejected,Mysuru FSL,False
14302,4791,Mobile Phone,2025-03-03,Pending Analysis,Mysuru FSL,False
14303,4792,Document,2024-10-26,Rejected,Mysuru FSL,True
14304,4792,Vehicle,2024-10-26,Rejected,Bengaluru FSL,True
14305,4792,Drug Sample,2024-10-26,Collected,Bengaluru FSL,False
14306,4793,Knife,2026-04-08,Collected,Mysuru FSL,True
14307,4793,Blood Sample,2026-04-08,Verified,Bengaluru FSL,False
14308,4793,Laptop,2026-04-08,Sent to FSL,Mangaluru FSL,True
14309,4793,Document,2026-04-08,Rejected,Bengaluru FSL,False
14310,4794,CCTV Footage,2024-10-16,Rejected,Bengaluru FSL,False
14311,4794,Blood Sample,2024-10-16,Rejected,Mysuru FSL,False
14312,4794,DNA Sample,2024-10-16,Pending Analysis,Mysuru FSL,False
14313,4794,Clothing,2024-10-16,Sent to FSL,Mangaluru FSL,True
14314,4795,Document,2026-01-31,Verified,Mangaluru FSL,False
14315,4795,Knife,2026-01-31,Pending Analysis,Bengaluru FSL,False
14316,4795,Fingerprint,2026-01-31,Rejected,Mangaluru FSL,False
14317,4796,Document,2025-07-26,Verified,Bengaluru FSL,True
14318,4796,Laptop,2025-07-26,Sent to FSL,Mysuru FSL,False
14319,4796,CCTV Footage,2025-07-26,Rejected,Mysuru FSL,True
14320,4796,Blood Sample,2025-07-26,Sent to FSL,Bengaluru FSL,True
14321,4796,DNA Sample,2025-07-26,Sent to FSL,Bengaluru FSL,False
14322,4797,SIM Card,2025-11-19,Sent to FSL,Mangaluru FSL,False
14323,4797,CCTV Footage,2025-11-19,Rejected,Mangaluru FSL,False
14324,4798,Drug Sample,2024-04-30,Collected,Mysuru FSL,False
14325,4798,Firearm,2024-04-30,Pending Analysis,Mangaluru FSL,False
14326,4799,Hard Disk,2023-08-04,Verified,Mysuru FSL,False
14327,4800,Blood Sample,2026-01-09,Sent to FSL,Mangaluru FSL,True
14328,4800,Hard Disk,2026-01-09,Sent to FSL,Mangaluru FSL,False
14329,4800,Document,2026-01-09,Pending Analysis,Mangaluru FSL,True
14330,4800,Fingerprint,2026-01-09,Sent to FSL,Bengaluru FSL,False
14331,4801,Vehicle,2023-06-20,Verified,Mysuru FSL,False
14332,4801,DNA Sample,2023-06-20,Rejected,Bengaluru FSL,True
14333,4801,Firearm,2023-06-20,Pending Analysis,Mangaluru FSL,True
14334,4801,Blood Sample,2023-06-20,Verified,Bengaluru FSL,False
14335,4802,Knife,2025-01-11,Verified,Mangaluru FSL,True
14336,4802,Firearm,2025-01-11,Pending Analysis,Mangaluru FSL,True
14337,4802,DNA Sample,2025-01-11,Collected,Mysuru FSL,True
14338,4803,SIM Card,2024-11-29,Collected,Mysuru FSL,True
14339,4803,Hard Disk,2024-11-29,Pending Analysis,Mysuru FSL,True
14340,4804,Drug Sample,2024-05-25,Verified,Bengaluru FSL,True
14341,4804,Knife,2024-05-25,Rejected,Mangaluru FSL,False
14342,4804,Vehicle,2024-05-25,Collected,Bengaluru FSL,True
14343,4804,DNA Sample,2024-05-25,Pending Analysis,Mysuru FSL,False
14344,4804,SIM Card,2024-05-25,Sent to FSL,Bengaluru FSL,False
14345,4805,Clothing,2022-04-12,Rejected,Mangaluru FSL,True
14346,4805,Mobile Phone,2022-04-12,Rejected,Mysuru FSL,True
14347,4805,Blood Sample,2022-04-12,Sent to FSL,Mangaluru FSL,True
14348,4806,USB Drive,2024-12-05,Verified,Mangaluru FSL,False
14349,4806,Blood Sample,2024-12-05,Sent to FSL,Mangaluru FSL,True
14350,4806,SIM Card,2024-12-05,Collected,Mysuru FSL,False
14351,4806,CCTV Footage,2024-12-05,Collected,Mysuru FSL,True
14352,4806,DNA Sample,2024-12-05,Pending Analysis,Mysuru FSL,False
14353,4807,Hard Disk,2024-02-07,Collected,Bengaluru FSL,False
14354,4807,Vehicle,2024-02-07,Sent to FSL,Bengaluru FSL,False
14355,4807,SIM Card,2024-02-07,Collected,Mangaluru FSL,False
14356,4807,Knife,2024-02-07,Collected,Mysuru FSL,True
14357,4808,Document,2022-07-01,Verified,Mysuru FSL,True
14358,4809,Drug Sample,2026-02-11,Sent to FSL,Mangaluru FSL,True
14359,4809,Document,2026-02-11,Sent to FSL,Mangaluru FSL,True
14360,4809,SIM Card,2026-02-11,Sent to FSL,Mysuru FSL,True
14361,4809,Blood Sample,2026-02-11,Collected,Mysuru FSL,True
14362,4809,Fingerprint,2026-02-11,Pending Analysis,Mysuru FSL,True
14363,4810,DNA Sample,2022-10-07,Rejected,Bengaluru FSL,False
14364,4810,Blood Sample,2022-10-07,Sent to FSL,Mysuru FSL,True
14365,4811,DNA Sample,2022-08-21,Sent to FSL,Mysuru FSL,False
14366,4811,Fingerprint,2022-08-21,Collected,Mangaluru FSL,True
14367,4811,USB Drive,2022-08-21,Pending Analysis,Mangaluru FSL,False
14368,4811,Mobile Phone,2022-08-21,Sent to FSL,Mysuru FSL,False
14369,4812,USB Drive,2022-08-15,Collected,Mysuru FSL,True
14370,4812,Hard Disk,2022-08-15,Rejected,Mysuru FSL,False
14371,4812,Laptop,2022-08-15,Pending Analysis,Bengaluru FSL,True
14372,4813,Blood Sample,2022-07-13,Sent to FSL,Mysuru FSL,True
14373,4813,DNA Sample,2022-07-13,Rejected,Bengaluru FSL,False
14374,4813,Vehicle,2022-07-13,Verified,Mangaluru FSL,True
14375,4813,Knife,2022-07-13,Sent to FSL,Mangaluru FSL,True
14376,4813,Laptop,2022-07-13,Verified,Bengaluru FSL,True
14377,4814,SIM Card,2025-04-13,Rejected,Mangaluru FSL,False
14378,4815,Document,2025-09-12,Rejected,Bengaluru FSL,True
14379,4815,Hard Disk,2025-09-12,Sent to FSL,Bengaluru FSL,False
14380,4815,SIM Card,2025-09-12,Rejected,Bengaluru FSL,True
14381,4816,SIM Card,2022-09-30,Collected,Mysuru FSL,True
14382,4816,Firearm,2022-09-30,Verified,Mysuru FSL,True
14383,4817,Document,2023-06-23,Rejected,Bengaluru FSL,True
14384,4817,Fingerprint,2023-06-23,Collected,Mangaluru FSL,False
14385,4817,SIM Card,2023-06-23,Pending Analysis,Bengaluru FSL,False
14386,4818,DNA Sample,2026-07-08,Collected,Mysuru FSL,False
14387,4819,Clothing,2024-10-08,Sent to FSL,Mysuru FSL,True
14388,4819,Drug Sample,2024-10-08,Collected,Mangaluru FSL,False
14389,4819,Firearm,2024-10-08,Collected,Mangaluru FSL,True
14390,4819,SIM Card,2024-10-08,Pending Analysis,Mysuru FSL,False
14391,4820,Document,2025-06-15,Collected,Mangaluru FSL,False
14392,4820,Drug Sample,2025-06-15,Rejected,Mangaluru FSL,True
14393,4820,USB Drive,2025-06-15,Collected,Mangaluru FSL,False
14394,4820,Fingerprint,2025-06-15,Rejected,Mysuru FSL,False
14395,4821,Mobile Phone,2023-03-29,Rejected,Bengaluru FSL,True
14396,4821,Clothing,2023-03-29,Pending Analysis,Mangaluru FSL,False
14397,4821,USB Drive,2023-03-29,Pending Analysis,Mysuru FSL,False
14398,4822,SIM Card,2024-12-15,Rejected,Mangaluru FSL,True
14399,4822,Drug Sample,2024-12-15,Pending Analysis,Bengaluru FSL,False
14400,4822,Laptop,2024-12-15,Collected,Mangaluru FSL,False
14401,4822,Firearm,2024-12-15,Rejected,Mysuru FSL,True
14402,4823,Document,2023-12-17,Sent to FSL,Mangaluru FSL,False
14403,4823,Blood Sample,2023-12-17,Verified,Bengaluru FSL,False
14404,4823,DNA Sample,2023-12-17,Collected,Mysuru FSL,False
14405,4823,CCTV Footage,2023-12-17,Rejected,Mysuru FSL,False
14406,4823,SIM Card,2023-12-17,Pending Analysis,Mysuru FSL,False
14407,4824,Document,2024-06-02,Sent to FSL,Bengaluru FSL,True
14408,4824,USB Drive,2024-06-02,Pending Analysis,Bengaluru FSL,True
14409,4824,Blood Sample,2024-06-02,Verified,Bengaluru FSL,True
14410,4824,CCTV Footage,2024-06-02,Pending Analysis,Mangaluru FSL,False
14411,4825,Hard Disk,2023-09-09,Sent to FSL,Mangaluru FSL,False
14412,4825,CCTV Footage,2023-09-09,Sent to FSL,Bengaluru FSL,False
14413,4825,DNA Sample,2023-09-09,Sent to FSL,Mysuru FSL,True
14414,4825,Blood Sample,2023-09-09,Collected,Mysuru FSL,False
14415,4826,Laptop,2025-04-07,Verified,Bengaluru FSL,True
14416,4826,Mobile Phone,2025-04-07,Collected,Mysuru FSL,True
14417,4826,SIM Card,2025-04-07,Rejected,Bengaluru FSL,True
14418,4826,Knife,2025-04-07,Sent to FSL,Mangaluru FSL,False
14419,4826,Clothing,2025-04-07,Rejected,Mangaluru FSL,True
14420,4827,Fingerprint,2022-09-17,Pending Analysis,Mangaluru FSL,True
14421,4827,Blood Sample,2022-09-17,Verified,Mangaluru FSL,True
14422,4827,Drug Sample,2022-09-17,Collected,Bengaluru FSL,True
14423,4827,Knife,2022-09-17,Sent to FSL,Mangaluru FSL,True
14424,4827,Document,2022-09-17,Collected,Bengaluru FSL,True
14425,4828,Mobile Phone,2026-08-08,Collected,Bengaluru FSL,True
14426,4828,SIM Card,2026-08-08,Rejected,Mysuru FSL,True
14427,4828,USB Drive,2026-08-08,Pending Analysis,Mysuru FSL,True
14428,4829,Firearm,2023-11-26,Pending Analysis,Mysuru FSL,False
14429,4829,Hard Disk,2023-11-26,Collected,Bengaluru FSL,True
14430,4829,Document,2023-11-26,Pending Analysis,Bengaluru FSL,True
14431,4829,Knife,2023-11-26,Collected,Mangaluru FSL,False
14432,4830,Vehicle,2024-11-12,Verified,Bengaluru FSL,True
14433,4830,Knife,2024-11-12,Verified,Mangaluru FSL,True
14434,4830,CCTV Footage,2024-11-12,Verified,Mangaluru FSL,False
14435,4831,Mobile Phone,2025-08-01,Verified,Bengaluru FSL,True
14436,4831,Hard Disk,2025-08-01,Sent to FSL,Mysuru FSL,False
14437,4831,DNA Sample,2025-08-01,Pending Analysis,Mangaluru FSL,True
14438,4831,Drug Sample,2025-08-01,Collected,Mangaluru FSL,True
14439,4832,Fingerprint,2024-09-21,Pending Analysis,Mangaluru FSL,False
14440,4832,CCTV Footage,2024-09-21,Pending Analysis,Bengaluru FSL,True
14441,4832,Mobile Phone,2024-09-21,Verified,Bengaluru FSL,False
14442,4832,Hard Disk,2024-09-21,Pending Analysis,Mysuru FSL,True
14443,4832,SIM Card,2024-09-21,Rejected,Bengaluru FSL,False
14444,4833,SIM Card,2026-12-17,Collected,Mangaluru FSL,True
14445,4833,Fingerprint,2026-12-17,Verified,Mangaluru FSL,False
14446,4833,Firearm,2026-12-17,Sent to FSL,Mangaluru FSL,True
14447,4834,Mobile Phone,2023-10-08,Verified,Bengaluru FSL,True
14448,4834,Knife,2023-10-08,Sent to FSL,Bengaluru FSL,True
14449,4834,Laptop,2023-10-08,Sent to FSL,Bengaluru FSL,False
14450,4834,Document,2023-10-08,Collected,Bengaluru FSL,False
14451,4835,Firearm,2025-02-10,Collected,Bengaluru FSL,False
14452,4836,Drug Sample,2026-12-31,Rejected,Mangaluru FSL,False
14453,4836,Vehicle,2026-12-31,Pending Analysis,Mysuru FSL,False
14454,4837,DNA Sample,2026-10-13,Sent to FSL,Mangaluru FSL,False
14455,4837,Knife,2026-10-13,Sent to FSL,Mangaluru FSL,False
14456,4837,Vehicle,2026-10-13,Collected,Bengaluru FSL,True
14457,4838,Drug Sample,2022-01-29,Sent to FSL,Mangaluru FSL,False
14458,4838,Mobile Phone,2022-01-29,Rejected,Mysuru FSL,False
14459,4838,Laptop,2022-01-29,Pending Analysis,Mysuru FSL,True
14460,4839,Blood Sample,2024-04-12,Sent to FSL,Mysuru FSL,False
14461,4839,CCTV Footage,2024-04-12,Pending Analysis,Bengaluru FSL,True
14462,4839,SIM Card,2024-04-12,Sent to FSL,Bengaluru FSL,True
14463,4839,Knife,2024-04-12,Verified,Bengaluru FSL,False
14464,4839,Firearm,2024-04-12,Sent to FSL,Mangaluru FSL,False
14465,4840,Blood Sample,2023-08-09,Collected,Bengaluru FSL,False
14466,4840,SIM Card,2023-08-09,Collected,Mysuru FSL,True
14467,4840,Fingerprint,2023-08-09,Pending Analysis,Mangaluru FSL,True
14468,4840,Firearm,2023-08-09,Rejected,Bengaluru FSL,True
14469,4840,CCTV Footage,2023-08-09,Rejected,Bengaluru FSL,True
14470,4841,Document,2024-10-20,Pending Analysis,Bengaluru FSL,True
14471,4842,USB Drive,2025-12-08,Sent to FSL,Mysuru FSL,False
14472,4843,Blood Sample,2025-01-03,Verified,Mangaluru FSL,False
14473,4843,Mobile Phone,2025-01-03,Sent to FSL,Bengaluru FSL,True
14474,4843,Knife,2025-01-03,Rejected,Mysuru FSL,True
14475,4843,Clothing,2025-01-03,Collected,Bengaluru FSL,False
14476,4843,Fingerprint,2025-01-03,Collected,Mangaluru FSL,False
14477,4844,Document,2024-11-08,Rejected,Bengaluru FSL,False
14478,4844,DNA Sample,2024-11-08,Verified,Mysuru FSL,True
14479,4844,Blood Sample,2024-11-08,Rejected,Bengaluru FSL,False
14480,4845,Drug Sample,2024-11-04,Verified,Mangaluru FSL,False
14481,4845,Mobile Phone,2024-11-04,Sent to FSL,Mangaluru FSL,False
14482,4846,Mobile Phone,2022-04-21,Verified,Mangaluru FSL,False
14483,4846,Drug Sample,2022-04-21,Collected,Bengaluru FSL,True
14484,4847,CCTV Footage,2022-06-03,Verified,Bengaluru FSL,True
14485,4847,Laptop,2022-06-03,Rejected,Mysuru FSL,False
14486,4847,Mobile Phone,2022-06-03,Sent to FSL,Bengaluru FSL,False
14487,4848,Blood Sample,2023-08-09,Rejected,Mangaluru FSL,True
14488,4848,Hard Disk,2023-08-09,Sent to FSL,Mangaluru FSL,True
14489,4849,Mobile Phone,2022-06-03,Verified,Bengaluru FSL,True
14490,4849,DNA Sample,2022-06-03,Sent to FSL,Mysuru FSL,False
14491,4849,Firearm,2022-06-03,Collected,Mangaluru FSL,False
14492,4849,Knife,2022-06-03,Rejected,Mangaluru FSL,True
14493,4850,Fingerprint,2026-12-16,Collected,Mangaluru FSL,False
14494,4850,Vehicle,2026-12-16,Verified,Mysuru FSL,False
14495,4850,Knife,2026-12-16,Sent to FSL,Mangaluru FSL,False
14496,4850,Document,2026-12-16,Collected,Mysuru FSL,False
14497,4850,DNA Sample,2026-12-16,Rejected,Mangaluru FSL,False
14498,4851,Knife,2025-06-08,Verified,Bengaluru FSL,False
14499,4852,Hard Disk,2022-08-01,Sent to FSL,Bengaluru FSL,False
14500,4852,Laptop,2022-08-01,Verified,Bengaluru FSL,True
14501,4852,DNA Sample,2022-08-01,Rejected,Mangaluru FSL,True
14502,4852,Firearm,2022-08-01,Pending Analysis,Mysuru FSL,True
14503,4852,Clothing,2022-08-01,Sent to FSL,Mangaluru FSL,True
14504,4853,DNA Sample,2022-07-21,Pending Analysis,Mangaluru FSL,True
14505,4853,Laptop,2022-07-21,Collected,Bengaluru FSL,False
14506,4853,Vehicle,2022-07-21,Verified,Mysuru FSL,False
14507,4853,Clothing,2022-07-21,Rejected,Mangaluru FSL,False
14508,4854,Clothing,2024-04-05,Collected,Mangaluru FSL,False
14509,4855,Clothing,2024-07-09,Verified,Mysuru FSL,True
14510,4855,DNA Sample,2024-07-09,Pending Analysis,Mysuru FSL,True
14511,4855,Hard Disk,2024-07-09,Rejected,Mangaluru FSL,True
14512,4855,SIM Card,2024-07-09,Verified,Mangaluru FSL,True
14513,4855,USB Drive,2024-07-09,Collected,Bengaluru FSL,False
14514,4856,Laptop,2026-12-14,Pending Analysis,Mangaluru FSL,False
14515,4856,Mobile Phone,2026-12-14,Collected,Bengaluru FSL,True
14516,4857,DNA Sample,2026-03-04,Verified,Mysuru FSL,True
14517,4857,SIM Card,2026-03-04,Sent to FSL,Bengaluru FSL,True
14518,4857,USB Drive,2026-03-04,Verified,Mangaluru FSL,True
14519,4858,Drug Sample,2024-03-15,Collected,Mangaluru FSL,True
14520,4858,Laptop,2024-03-15,Collected,Bengaluru FSL,False
14521,4858,Blood Sample,2024-03-15,Pending Analysis,Mysuru FSL,True
14522,4858,Vehicle,2024-03-15,Verified,Mysuru FSL,True
14523,4859,Firearm,2023-10-25,Collected,Bengaluru FSL,False
14524,4859,Knife,2023-10-25,Verified,Bengaluru FSL,True
14525,4859,SIM Card,2023-10-25,Pending Analysis,Bengaluru FSL,False
14526,4859,Hard Disk,2023-10-25,Sent to FSL,Mysuru FSL,True
14527,4859,Mobile Phone,2023-10-25,Collected,Mysuru FSL,True
14528,4860,DNA Sample,2025-04-07,Rejected,Mangaluru FSL,True
14529,4860,Knife,2025-04-07,Collected,Bengaluru FSL,True
14530,4860,Vehicle,2025-04-07,Rejected,Mangaluru FSL,True
14531,4860,USB Drive,2025-04-07,Collected,Mangaluru FSL,False
14532,4861,Knife,2025-07-12,Verified,Mangaluru FSL,True
14533,4862,Mobile Phone,2026-02-08,Verified,Mysuru FSL,False
14534,4863,Fingerprint,2025-02-16,Rejected,Mangaluru FSL,False
14535,4863,Laptop,2025-02-16,Collected,Mangaluru FSL,True
14536,4864,Laptop,2026-06-03,Pending Analysis,Mangaluru FSL,False
14537,4864,Knife,2026-06-03,Collected,Bengaluru FSL,False
14538,4864,SIM Card,2026-06-03,Pending Analysis,Mangaluru FSL,False
14539,4864,Hard Disk,2026-06-03,Rejected,Mangaluru FSL,False
14540,4864,USB Drive,2026-06-03,Pending Analysis,Mangaluru FSL,False
14541,4865,Mobile Phone,2025-02-19,Pending Analysis,Mysuru FSL,True
14542,4865,Knife,2025-02-19,Sent to FSL,Mangaluru FSL,True
14543,4865,DNA Sample,2025-02-19,Pending Analysis,Mysuru FSL,True
14544,4865,SIM Card,2025-02-19,Pending Analysis,Bengaluru FSL,True
14545,4866,Knife,2023-03-05,Rejected,Mangaluru FSL,True
14546,4866,Vehicle,2023-03-05,Sent to FSL,Mysuru FSL,True
14547,4867,CCTV Footage,2026-10-01,Pending Analysis,Mysuru FSL,True
14548,4867,Mobile Phone,2026-10-01,Rejected,Bengaluru FSL,True
14549,4867,Laptop,2026-10-01,Rejected,Mangaluru FSL,False
14550,4867,Hard Disk,2026-10-01,Verified,Mysuru FSL,False
14551,4867,USB Drive,2026-10-01,Sent to FSL,Mangaluru FSL,True
14552,4868,Laptop,2022-10-07,Sent to FSL,Mysuru FSL,False
14553,4868,Clothing,2022-10-07,Rejected,Mangaluru FSL,True
14554,4868,DNA Sample,2022-10-07,Verified,Mysuru FSL,False
14555,4868,Mobile Phone,2022-10-07,Rejected,Mysuru FSL,False
14556,4868,Fingerprint,2022-10-07,Pending Analysis,Mangaluru FSL,True
14557,4869,Document,2023-08-14,Verified,Mysuru FSL,False
14558,4869,Fingerprint,2023-08-14,Collected,Mangaluru FSL,True
14559,4869,Mobile Phone,2023-08-14,Collected,Mysuru FSL,True
14560,4869,Firearm,2023-08-14,Sent to FSL,Bengaluru FSL,False
14561,4870,Hard Disk,2026-02-12,Verified,Mangaluru FSL,True
14562,4870,Blood Sample,2026-02-12,Verified,Mangaluru FSL,False
14563,4871,CCTV Footage,2023-11-15,Collected,Mysuru FSL,False
14564,4871,Laptop,2023-11-15,Collected,Mangaluru FSL,False
14565,4871,Knife,2023-11-15,Collected,Mysuru FSL,True
14566,4871,USB Drive,2023-11-15,Verified,Mysuru FSL,False
14567,4871,Blood Sample,2023-11-15,Pending Analysis,Mangaluru FSL,True
14568,4872,Firearm,2023-03-11,Collected,Mysuru FSL,True
14569,4872,USB Drive,2023-03-11,Verified,Mangaluru FSL,False
14570,4873,CCTV Footage,2022-06-14,Pending Analysis,Bengaluru FSL,False
14571,4873,USB Drive,2022-06-14,Pending Analysis,Mangaluru FSL,True
14572,4873,Blood Sample,2022-06-14,Collected,Mangaluru FSL,True
14573,4873,Clothing,2022-06-14,Verified,Bengaluru FSL,False
14574,4873,Mobile Phone,2022-06-14,Collected,Mysuru FSL,True
14575,4874,Document,2024-11-08,Pending Analysis,Mangaluru FSL,False
14576,4874,Clothing,2024-11-08,Collected,Mangaluru FSL,False
14577,4874,DNA Sample,2024-11-08,Rejected,Mangaluru FSL,True
14578,4874,SIM Card,2024-11-08,Rejected,Bengaluru FSL,False
14579,4874,Vehicle,2024-11-08,Collected,Mysuru FSL,True
14580,4875,SIM Card,2026-07-25,Rejected,Mangaluru FSL,True
14581,4875,Fingerprint,2026-07-25,Pending Analysis,Bengaluru FSL,True
14582,4875,Drug Sample,2026-07-25,Rejected,Bengaluru FSL,True
14583,4876,Blood Sample,2024-12-25,Pending Analysis,Bengaluru FSL,False
14584,4876,Document,2024-12-25,Rejected,Mangaluru FSL,True
14585,4876,Mobile Phone,2024-12-25,Rejected,Bengaluru FSL,True
14586,4876,SIM Card,2024-12-25,Sent to FSL,Bengaluru FSL,False
14587,4877,USB Drive,2026-10-04,Verified,Mangaluru FSL,False
14588,4878,Fingerprint,2023-04-16,Pending Analysis,Mangaluru FSL,True
14589,4878,Vehicle,2023-04-16,Collected,Mysuru FSL,True
14590,4878,Firearm,2023-04-16,Sent to FSL,Bengaluru FSL,False
14591,4878,Laptop,2023-04-16,Pending Analysis,Bengaluru FSL,True
14592,4879,Fingerprint,2024-10-24,Pending Analysis,Mangaluru FSL,False
14593,4879,Vehicle,2024-10-24,Pending Analysis,Bengaluru FSL,True
14594,4879,USB Drive,2024-10-24,Pending Analysis,Mysuru FSL,True
14595,4879,Laptop,2024-10-24,Rejected,Mysuru FSL,False
14596,4880,Laptop,2022-11-06,Sent to FSL,Bengaluru FSL,True
14597,4880,Fingerprint,2022-11-06,Rejected,Bengaluru FSL,True
14598,4880,Firearm,2022-11-06,Sent to FSL,Bengaluru FSL,False
14599,4880,Drug Sample,2022-11-06,Sent to FSL,Mysuru FSL,True
14600,4881,Mobile Phone,2023-01-25,Pending Analysis,Bengaluru FSL,False
14601,4881,Drug Sample,2023-01-25,Pending Analysis,Mangaluru FSL,True
14602,4881,DNA Sample,2023-01-25,Collected,Bengaluru FSL,True
14603,4881,Knife,2023-01-25,Rejected,Mysuru FSL,True
14604,4881,Laptop,2023-01-25,Pending Analysis,Mangaluru FSL,False
14605,4882,Blood Sample,2024-10-30,Sent to FSL,Mysuru FSL,False
14606,4882,Hard Disk,2024-10-30,Sent to FSL,Bengaluru FSL,True
14607,4883,USB Drive,2022-10-28,Pending Analysis,Mangaluru FSL,True
14608,4883,SIM Card,2022-10-28,Collected,Mysuru FSL,False
14609,4883,Hard Disk,2022-10-28,Rejected,Mysuru FSL,False
14610,4884,SIM Card,2026-01-18,Collected,Bengaluru FSL,True
14611,4885,Firearm,2022-05-01,Verified,Bengaluru FSL,True
14612,4885,USB Drive,2022-05-01,Collected,Mysuru FSL,False
14613,4885,Laptop,2022-05-01,Verified,Bengaluru FSL,False
14614,4885,Fingerprint,2022-05-01,Pending Analysis,Mangaluru FSL,False
14615,4886,Drug Sample,2025-09-09,Rejected,Mangaluru FSL,True
14616,4887,Firearm,2022-04-10,Sent to FSL,Mysuru FSL,False
14617,4887,Knife,2022-04-10,Pending Analysis,Mangaluru FSL,True
14618,4887,SIM Card,2022-04-10,Pending Analysis,Mangaluru FSL,True
14619,4888,Drug Sample,2026-07-13,Rejected,Mysuru FSL,True
14620,4888,Document,2026-07-13,Pending Analysis,Bengaluru FSL,True
14621,4888,Vehicle,2026-07-13,Verified,Mangaluru FSL,True
14622,4889,SIM Card,2024-11-11,Collected,Bengaluru FSL,True
14623,4889,CCTV Footage,2024-11-11,Collected,Bengaluru FSL,True
14624,4889,Blood Sample,2024-11-11,Verified,Mysuru FSL,False
14625,4889,Hard Disk,2024-11-11,Sent to FSL,Mysuru FSL,False
14626,4889,Knife,2024-11-11,Verified,Bengaluru FSL,False
14627,4890,Drug Sample,2025-09-22,Pending Analysis,Bengaluru FSL,True
14628,4891,Document,2023-10-21,Sent to FSL,Mysuru FSL,True
14629,4892,Document,2026-01-31,Verified,Bengaluru FSL,False
14630,4892,Blood Sample,2026-01-31,Verified,Mysuru FSL,True
14631,4892,USB Drive,2026-01-31,Rejected,Mangaluru FSL,False
14632,4892,Laptop,2026-01-31,Collected,Mangaluru FSL,True
14633,4893,Vehicle,2026-07-04,Verified,Mangaluru FSL,False
14634,4893,Laptop,2026-07-04,Pending Analysis,Mysuru FSL,False
14635,4894,Knife,2023-01-10,Collected,Bengaluru FSL,False
14636,4894,Fingerprint,2023-01-10,Pending Analysis,Mysuru FSL,True
14637,4895,Hard Disk,2022-01-30,Pending Analysis,Mysuru FSL,True
14638,4895,Clothing,2022-01-30,Rejected,Bengaluru FSL,False
14639,4896,Knife,2022-11-16,Sent to FSL,Bengaluru FSL,True
14640,4896,Document,2022-11-16,Rejected,Bengaluru FSL,False
14641,4897,Document,2022-11-09,Rejected,Mangaluru FSL,True
14642,4897,USB Drive,2022-11-09,Rejected,Bengaluru FSL,False
14643,4897,Clothing,2022-11-09,Verified,Mysuru FSL,True
14644,4898,Laptop,2022-07-14,Verified,Mangaluru FSL,False
14645,4898,SIM Card,2022-07-14,Verified,Mangaluru FSL,True
14646,4898,DNA Sample,2022-07-14,Collected,Mysuru FSL,True
14647,4899,Knife,2023-07-04,Pending Analysis,Bengaluru FSL,True
14648,4899,Document,2023-07-04,Pending Analysis,Bengaluru FSL,True
14649,4899,SIM Card,2023-07-04,Rejected,Mysuru FSL,True
14650,4900,Laptop,2025-03-16,Collected,Bengaluru FSL,True
14651,4901,Vehicle,2025-11-30,Rejected,Bengaluru FSL,True
14652,4901,Firearm,2025-11-30,Verified,Mysuru FSL,False
14653,4901,CCTV Footage,2025-11-30,Verified,Bengaluru FSL,True
14654,4902,Blood Sample,2023-08-02,Pending Analysis,Mangaluru FSL,False
14655,4902,Fingerprint,2023-08-02,Verified,Bengaluru FSL,True
14656,4902,CCTV Footage,2023-08-02,Sent to FSL,Bengaluru FSL,True
14657,4902,DNA Sample,2023-08-02,Verified,Mysuru FSL,False
14658,4902,Drug Sample,2023-08-02,Sent to FSL,Mangaluru FSL,True
14659,4903,Vehicle,2025-03-02,Verified,Bengaluru FSL,True
14660,4903,Knife,2025-03-02,Rejected,Bengaluru FSL,True
14661,4903,Blood Sample,2025-03-02,Sent to FSL,Bengaluru FSL,True
14662,4903,Clothing,2025-03-02,Pending Analysis,Bengaluru FSL,True
14663,4903,DNA Sample,2025-03-02,Pending Analysis,Mangaluru FSL,False
14664,4904,Vehicle,2022-08-17,Collected,Bengaluru FSL,False
14665,4905,Knife,2026-07-20,Collected,Mangaluru FSL,False
14666,4906,Document,2024-07-03,Verified,Mysuru FSL,False
14667,4906,CCTV Footage,2024-07-03,Rejected,Bengaluru FSL,True
14668,4906,Fingerprint,2024-07-03,Verified,Mysuru FSL,False
14669,4907,DNA Sample,2023-05-03,Pending Analysis,Mangaluru FSL,True
14670,4907,Document,2023-05-03,Sent to FSL,Mysuru FSL,True
14671,4908,Fingerprint,2024-08-03,Verified,Bengaluru FSL,True
14672,4908,Firearm,2024-08-03,Collected,Bengaluru FSL,True
14673,4909,Laptop,2025-12-18,Verified,Mangaluru FSL,True
14674,4909,CCTV Footage,2025-12-18,Rejected,Mangaluru FSL,True
14675,4909,DNA Sample,2025-12-18,Collected,Bengaluru FSL,False
14676,4909,Firearm,2025-12-18,Sent to FSL,Mysuru FSL,False
14677,4909,Document,2025-12-18,Rejected,Bengaluru FSL,True
14678,4910,Firearm,2023-02-20,Rejected,Mangaluru FSL,True
14679,4910,Hard Disk,2023-02-20,Rejected,Bengaluru FSL,True
14680,4910,Document,2023-02-20,Collected,Mysuru FSL,True
14681,4910,Fingerprint,2023-02-20,Sent to FSL,Bengaluru FSL,False
14682,4911,Document,2026-06-19,Pending Analysis,Bengaluru FSL,False
14683,4911,Drug Sample,2026-06-19,Rejected,Mangaluru FSL,False
14684,4911,SIM Card,2026-06-19,Verified,Mysuru FSL,True
14685,4911,Vehicle,2026-06-19,Collected,Mangaluru FSL,False
14686,4911,Knife,2026-06-19,Rejected,Bengaluru FSL,True
14687,4912,Fingerprint,2026-07-11,Pending Analysis,Mysuru FSL,False
14688,4913,Blood Sample,2024-12-24,Verified,Mysuru FSL,False
14689,4913,DNA Sample,2024-12-24,Verified,Mangaluru FSL,True
14690,4913,USB Drive,2024-12-24,Verified,Bengaluru FSL,False
14691,4914,CCTV Footage,2023-08-10,Pending Analysis,Mysuru FSL,True
14692,4914,DNA Sample,2023-08-10,Rejected,Mysuru FSL,True
14693,4914,USB Drive,2023-08-10,Pending Analysis,Mangaluru FSL,False
14694,4915,SIM Card,2023-06-09,Collected,Bengaluru FSL,False
14695,4916,DNA Sample,2026-12-23,Pending Analysis,Mysuru FSL,True
14696,4917,Hard Disk,2022-10-30,Verified,Bengaluru FSL,False
14697,4917,DNA Sample,2022-10-30,Collected,Mysuru FSL,False
14698,4917,Laptop,2022-10-30,Rejected,Mysuru FSL,True
14699,4917,Clothing,2022-10-30,Rejected,Bengaluru FSL,True
14700,4918,Firearm,2025-03-14,Rejected,Bengaluru FSL,True
14701,4918,CCTV Footage,2025-03-14,Collected,Mangaluru FSL,False
14702,4918,Hard Disk,2025-03-14,Rejected,Mysuru FSL,False
14703,4918,DNA Sample,2025-03-14,Rejected,Bengaluru FSL,True
14704,4919,Document,2025-06-10,Pending Analysis,Mangaluru FSL,True
14705,4920,Document,2026-03-26,Pending Analysis,Mysuru FSL,False
14706,4920,SIM Card,2026-03-26,Collected,Mysuru FSL,True
14707,4920,DNA Sample,2026-03-26,Collected,Bengaluru FSL,False
14708,4921,Document,2025-01-08,Verified,Mangaluru FSL,True
14709,4921,Clothing,2025-01-08,Verified,Mysuru FSL,True
14710,4922,SIM Card,2022-10-29,Collected,Mysuru FSL,True
14711,4922,Fingerprint,2022-10-29,Pending Analysis,Mangaluru FSL,False
14712,4922,Mobile Phone,2022-10-29,Verified,Mysuru FSL,True
14713,4922,Document,2022-10-29,Collected,Mangaluru FSL,True
14714,4922,CCTV Footage,2022-10-29,Sent to FSL,Bengaluru FSL,False
14715,4923,Clothing,2022-10-08,Collected,Mangaluru FSL,True
14716,4923,Fingerprint,2022-10-08,Verified,Mangaluru FSL,False
14717,4923,Blood Sample,2022-10-08,Pending Analysis,Mysuru FSL,True
14718,4924,CCTV Footage,2026-02-28,Pending Analysis,Bengaluru FSL,True
14719,4924,Mobile Phone,2026-02-28,Collected,Mangaluru FSL,False
14720,4924,Hard Disk,2026-02-28,Verified,Mysuru FSL,True
14721,4924,Firearm,2026-02-28,Sent to FSL,Bengaluru FSL,False
14722,4925,Document,2025-10-12,Pending Analysis,Bengaluru FSL,True
14723,4925,Hard Disk,2025-10-12,Verified,Mysuru FSL,False
14724,4925,Laptop,2025-10-12,Collected,Mangaluru FSL,False
14725,4925,CCTV Footage,2025-10-12,Verified,Bengaluru FSL,False
14726,4925,Blood Sample,2025-10-12,Rejected,Bengaluru FSL,False
14727,4926,CCTV Footage,2022-04-20,Pending Analysis,Mysuru FSL,True
14728,4927,SIM Card,2023-09-02,Pending Analysis,Bengaluru FSL,False
14729,4927,Knife,2023-09-02,Rejected,Mysuru FSL,True
14730,4927,Drug Sample,2023-09-02,Sent to FSL,Bengaluru FSL,False
14731,4928,Knife,2022-09-13,Sent to FSL,Mysuru FSL,True
14732,4928,Vehicle,2022-09-13,Verified,Mangaluru FSL,False
14733,4928,Firearm,2022-09-13,Pending Analysis,Mangaluru FSL,False
14734,4928,Hard Disk,2022-09-13,Collected,Mangaluru FSL,False
14735,4929,Fingerprint,2022-09-29,Verified,Mysuru FSL,True
14736,4929,Laptop,2022-09-29,Sent to FSL,Mangaluru FSL,True
14737,4929,USB Drive,2022-09-29,Collected,Mangaluru FSL,True
14738,4930,USB Drive,2026-12-12,Verified,Mangaluru FSL,False
14739,4931,Clothing,2025-10-22,Rejected,Mysuru FSL,True
14740,4932,DNA Sample,2026-06-18,Verified,Mangaluru FSL,True
14741,4932,Blood Sample,2026-06-18,Verified,Bengaluru FSL,True
14742,4932,Firearm,2026-06-18,Verified,Mangaluru FSL,True
14743,4933,CCTV Footage,2022-07-17,Verified,Mangaluru FSL,False
14744,4933,Laptop,2022-07-17,Collected,Bengaluru FSL,True
14745,4933,Knife,2022-07-17,Verified,Mangaluru FSL,False
14746,4933,Blood Sample,2022-07-17,Verified,Mysuru FSL,False
14747,4933,Firearm,2022-07-17,Rejected,Mangaluru FSL,False
14748,4934,Knife,2022-10-09,Collected,Mangaluru FSL,True
14749,4934,Firearm,2022-10-09,Rejected,Mangaluru FSL,False
14750,4935,Laptop,2025-11-26,Pending Analysis,Bengaluru FSL,False
14751,4935,Fingerprint,2025-11-26,Pending Analysis,Mangaluru FSL,False
14752,4935,Vehicle,2025-11-26,Rejected,Mangaluru FSL,True
14753,4935,USB Drive,2025-11-26,Verified,Mangaluru FSL,True
14754,4936,Firearm,2022-05-20,Rejected,Mangaluru FSL,False
14755,4936,Mobile Phone,2022-05-20,Collected,Bengaluru FSL,False
14756,4936,Vehicle,2022-05-20,Rejected,Mysuru FSL,False
14757,4936,Clothing,2022-05-20,Pending Analysis,Mangaluru FSL,True
14758,4936,Fingerprint,2022-05-20,Pending Analysis,Mangaluru FSL,False
14759,4937,Vehicle,2025-02-16,Collected,Mangaluru FSL,True
14760,4937,Hard Disk,2025-02-16,Pending Analysis,Mysuru FSL,False
14761,4937,Firearm,2025-02-16,Sent to FSL,Bengaluru FSL,False
14762,4937,Document,2025-02-16,Verified,Mysuru FSL,True
14763,4937,Blood Sample,2025-02-16,Verified,Mysuru FSL,False
14764,4938,Laptop,2022-06-14,Sent to FSL,Mangaluru FSL,True
14765,4938,Drug Sample,2022-06-14,Rejected,Mangaluru FSL,False
14766,4938,Mobile Phone,2022-06-14,Sent to FSL,Mysuru FSL,False
14767,4938,Clothing,2022-06-14,Sent to FSL,Mangaluru FSL,False
14768,4939,USB Drive,2025-11-16,Verified,Bengaluru FSL,True
14769,4939,Laptop,2025-11-16,Collected,Mysuru FSL,True
14770,4939,SIM Card,2025-11-16,Verified,Bengaluru FSL,False
14771,4939,Fingerprint,2025-11-16,Verified,Mysuru FSL,True
14772,4940,DNA Sample,2026-07-31,Verified,Mangaluru FSL,False
14773,4941,DNA Sample,2023-03-15,Pending Analysis,Mangaluru FSL,True
14774,4942,USB Drive,2025-04-29,Sent to FSL,Bengaluru FSL,False
14775,4942,Firearm,2025-04-29,Sent to FSL,Mysuru FSL,False
14776,4942,Fingerprint,2025-04-29,Rejected,Mangaluru FSL,False
14777,4942,SIM Card,2025-04-29,Verified,Mysuru FSL,True
14778,4943,Document,2025-06-28,Verified,Mysuru FSL,False
14779,4943,Mobile Phone,2025-06-28,Sent to FSL,Bengaluru FSL,True
14780,4943,Clothing,2025-06-28,Sent to FSL,Mangaluru FSL,False
14781,4944,Blood Sample,2026-05-24,Collected,Mangaluru FSL,False
14782,4945,Firearm,2022-12-19,Rejected,Mysuru FSL,True
14783,4945,Clothing,2022-12-19,Sent to FSL,Bengaluru FSL,True
14784,4946,Firearm,2022-04-26,Collected,Mangaluru FSL,False
14785,4946,Drug Sample,2022-04-26,Rejected,Mangaluru FSL,True
14786,4946,Mobile Phone,2022-04-26,Rejected,Mangaluru FSL,True
14787,4946,Vehicle,2022-04-26,Sent to FSL,Mysuru FSL,False
14788,4946,Hard Disk,2022-04-26,Pending Analysis,Bengaluru FSL,False
14789,4947,Mobile Phone,2026-09-07,Rejected,Bengaluru FSL,False
14790,4947,Document,2026-09-07,Sent to FSL,Mysuru FSL,False
14791,4947,USB Drive,2026-09-07,Collected,Mysuru FSL,False
14792,4947,Clothing,2026-09-07,Sent to FSL,Mysuru FSL,False
14793,4948,Clothing,2025-06-24,Pending Analysis,Bengaluru FSL,True
14794,4948,CCTV Footage,2025-06-24,Verified,Bengaluru FSL,False
14795,4948,Fingerprint,2025-06-24,Collected,Bengaluru FSL,True
14796,4948,Mobile Phone,2025-06-24,Sent to FSL,Bengaluru FSL,True
14797,4949,Blood Sample,2024-09-10,Rejected,Mysuru FSL,False
14798,4949,Knife,2024-09-10,Verified,Bengaluru FSL,False
14799,4949,SIM Card,2024-09-10,Collected,Mangaluru FSL,True
14800,4949,DNA Sample,2024-09-10,Rejected,Mangaluru FSL,False
14801,4949,USB Drive,2024-09-10,Sent to FSL,Bengaluru FSL,True
14802,4950,Document,2023-02-27,Pending Analysis,Mangaluru FSL,True
14803,4950,SIM Card,2023-02-27,Verified,Bengaluru FSL,True
14804,4950,CCTV Footage,2023-02-27,Rejected,Bengaluru FSL,True
14805,4950,Blood Sample,2023-02-27,Rejected,Bengaluru FSL,True
14806,4950,Hard Disk,2023-02-27,Sent to FSL,Mysuru FSL,True
14807,4951,Clothing,2022-02-12,Collected,Bengaluru FSL,True
14808,4951,Document,2022-02-12,Pending Analysis,Mysuru FSL,True
14809,4951,Knife,2022-02-12,Collected,Bengaluru FSL,False
14810,4951,Laptop,2022-02-12,Pending Analysis,Mangaluru FSL,True
14811,4951,Vehicle,2022-02-12,Pending Analysis,Mangaluru FSL,True
14812,4952,Blood Sample,2026-06-26,Rejected,Mysuru FSL,True
14813,4952,Mobile Phone,2026-06-26,Rejected,Mangaluru FSL,True
14814,4952,Hard Disk,2026-06-26,Collected,Mangaluru FSL,False
14815,4952,Firearm,2026-06-26,Rejected,Mysuru FSL,True
14816,4952,USB Drive,2026-06-26,Rejected,Mysuru FSL,True
14817,4953,SIM Card,2024-03-27,Rejected,Bengaluru FSL,True
14818,4953,USB Drive,2024-03-27,Collected,Bengaluru FSL,True
14819,4953,Firearm,2024-03-27,Collected,Mangaluru FSL,False
14820,4953,Knife,2024-03-27,Pending Analysis,Mangaluru FSL,True
14821,4954,Fingerprint,2022-12-17,Pending Analysis,Bengaluru FSL,True
14822,4954,DNA Sample,2022-12-17,Collected,Mangaluru FSL,True
14823,4954,Hard Disk,2022-12-17,Verified,Mangaluru FSL,True
14824,4954,SIM Card,2022-12-17,Rejected,Mysuru FSL,False
14825,4954,Firearm,2022-12-17,Pending Analysis,Mysuru FSL,True
14826,4955,SIM Card,2023-07-21,Verified,Mysuru FSL,False
14827,4956,DNA Sample,2026-02-13,Rejected,Bengaluru FSL,True
14828,4956,Knife,2026-02-13,Collected,Mysuru FSL,True
14829,4957,Fingerprint,2023-06-16,Rejected,Bengaluru FSL,False
14830,4957,Blood Sample,2023-06-16,Sent to FSL,Mangaluru FSL,True
14831,4957,Vehicle,2023-06-16,Collected,Mangaluru FSL,False
14832,4958,Drug Sample,2026-08-10,Rejected,Mysuru FSL,False
14833,4958,Mobile Phone,2026-08-10,Collected,Bengaluru FSL,False
14834,4959,Hard Disk,2026-05-10,Sent to FSL,Mysuru FSL,False
14835,4959,Fingerprint,2026-05-10,Verified,Mysuru FSL,True
14836,4959,Knife,2026-05-10,Sent to FSL,Mysuru FSL,False
14837,4960,Firearm,2025-09-23,Sent to FSL,Mangaluru FSL,True
14838,4960,Mobile Phone,2025-09-23,Collected,Bengaluru FSL,True
14839,4960,Vehicle,2025-09-23,Collected,Mysuru FSL,True
14840,4960,DNA Sample,2025-09-23,Rejected,Mangaluru FSL,False
14841,4961,Vehicle,2022-03-01,Pending Analysis,Mangaluru FSL,True
14842,4961,Laptop,2022-03-01,Pending Analysis,Mysuru FSL,False
14843,4961,Clothing,2022-03-01,Verified,Mysuru FSL,True
14844,4961,Document,2022-03-01,Pending Analysis,Mangaluru FSL,True
14845,4962,CCTV Footage,2022-05-26,Collected,Mysuru FSL,False
14846,4963,Laptop,2024-12-17,Verified,Mysuru FSL,True
14847,4963,USB Drive,2024-12-17,Pending Analysis,Mangaluru FSL,False
14848,4964,Drug Sample,2023-03-04,Sent to FSL,Mysuru FSL,False
14849,4964,USB Drive,2023-03-04,Rejected,Mysuru FSL,False
14850,4965,Mobile Phone,2022-02-07,Verified,Bengaluru FSL,True
14851,4965,Drug Sample,2022-02-07,Pending Analysis,Bengaluru FSL,True
14852,4966,SIM Card,2025-10-19,Rejected,Bengaluru FSL,True
14853,4966,Firearm,2025-10-19,Verified,Bengaluru FSL,False
14854,4966,Blood Sample,2025-10-19,Rejected,Mangaluru FSL,True
14855,4966,Knife,2025-10-19,Sent to FSL,Mysuru FSL,True
14856,4966,DNA Sample,2025-10-19,Sent to FSL,Mangaluru FSL,True
14857,4967,Firearm,2024-05-14,Verified,Bengaluru FSL,True
14858,4967,Hard Disk,2024-05-14,Verified,Bengaluru FSL,False
14859,4967,Mobile Phone,2024-05-14,Rejected,Bengaluru FSL,False
14860,4968,Fingerprint,2022-03-12,Collected,Bengaluru FSL,False
14861,4968,CCTV Footage,2022-03-12,Pending Analysis,Mysuru FSL,True
14862,4969,Knife,2023-08-04,Sent to FSL,Mangaluru FSL,True
14863,4969,CCTV Footage,2023-08-04,Collected,Bengaluru FSL,True
14864,4970,SIM Card,2023-09-16,Sent to FSL,Bengaluru FSL,False
14865,4970,Firearm,2023-09-16,Pending Analysis,Mangaluru FSL,False
14866,4970,Vehicle,2023-09-16,Sent to FSL,Mysuru FSL,True
14867,4971,Firearm,2026-10-31,Collected,Bengaluru FSL,False
14868,4971,USB Drive,2026-10-31,Collected,Bengaluru FSL,False
14869,4971,DNA Sample,2026-10-31,Collected,Mangaluru FSL,True
14870,4972,Firearm,2026-01-25,Rejected,Bengaluru FSL,True
14871,4972,CCTV Footage,2026-01-25,Rejected,Mangaluru FSL,False
14872,4973,Firearm,2024-03-05,Rejected,Bengaluru FSL,True
14873,4973,Laptop,2024-03-05,Verified,Mangaluru FSL,True
14874,4973,Drug Sample,2024-03-05,Sent to FSL,Mangaluru FSL,False
14875,4973,Hard Disk,2024-03-05,Collected,Bengaluru FSL,False
14876,4974,CCTV Footage,2024-12-25,Verified,Mysuru FSL,True
14877,4974,Fingerprint,2024-12-25,Pending Analysis,Mangaluru FSL,False
14878,4974,Document,2024-12-25,Collected,Bengaluru FSL,False
14879,4975,Clothing,2022-10-23,Pending Analysis,Mangaluru FSL,False
14880,4975,Knife,2022-10-23,Sent to FSL,Mysuru FSL,True
14881,4975,Laptop,2022-10-23,Sent to FSL,Mangaluru FSL,True
14882,4976,Firearm,2025-12-09,Pending Analysis,Bengaluru FSL,True
14883,4976,USB Drive,2025-12-09,Rejected,Bengaluru FSL,True
14884,4976,Fingerprint,2025-12-09,Sent to FSL,Mysuru FSL,False
14885,4977,Drug Sample,2024-03-04,Pending Analysis,Bengaluru FSL,True
14886,4978,Mobile Phone,2023-10-18,Rejected,Mysuru FSL,True
14887,4978,Drug Sample,2023-10-18,Pending Analysis,Mangaluru FSL,True
14888,4978,Document,2023-10-18,Rejected,Mangaluru FSL,False
14889,4978,Laptop,2023-10-18,Sent to FSL,Mysuru FSL,True
14890,4978,Blood Sample,2023-10-18,Sent to FSL,Mysuru FSL,True
14891,4979,Mobile Phone,2023-01-22,Verified,Mangaluru FSL,True
14892,4979,CCTV Footage,2023-01-22,Verified,Bengaluru FSL,False
14893,4979,Fingerprint,2023-01-22,Verified,Bengaluru FSL,False
14894,4979,DNA Sample,2023-01-22,Sent to FSL,Mysuru FSL,False
14895,4980,Clothing,2024-01-19,Verified,Mysuru FSL,False
14896,4980,SIM Card,2024-01-19,Verified,Bengaluru FSL,False
14897,4980,USB Drive,2024-01-19,Verified,Bengaluru FSL,True
14898,4980,Knife,2024-01-19,Sent to FSL,Mysuru FSL,True
14899,4980,Mobile Phone,2024-01-19,Collected,Bengaluru FSL,False
14900,4981,Knife,2026-05-13,Pending Analysis,Bengaluru FSL,True
14901,4981,CCTV Footage,2026-05-13,Rejected,Bengaluru FSL,False
14902,4981,SIM Card,2026-05-13,Pending Analysis,Mysuru FSL,False
14903,4981,DNA Sample,2026-05-13,Verified,Mangaluru FSL,True
14904,4982,Mobile Phone,2023-03-03,Collected,Mangaluru FSL,True
14905,4982,Laptop,2023-03-03,Rejected,Mangaluru FSL,True
14906,4982,Firearm,2023-03-03,Pending Analysis,Mysuru FSL,True
14907,4982,Document,2023-03-03,Rejected,Bengaluru FSL,True
14908,4983,Hard Disk,2025-03-27,Pending Analysis,Mangaluru FSL,False
14909,4983,Mobile Phone,2025-03-27,Collected,Mangaluru FSL,True
14910,4983,Fingerprint,2025-03-27,Pending Analysis,Bengaluru FSL,False
14911,4983,CCTV Footage,2025-03-27,Collected,Mangaluru FSL,True
14912,4984,Document,2025-04-08,Verified,Mysuru FSL,True
14913,4984,Blood Sample,2025-04-08,Sent to FSL,Mysuru FSL,False
14914,4984,Firearm,2025-04-08,Collected,Bengaluru FSL,False
14915,4984,CCTV Footage,2025-04-08,Verified,Mangaluru FSL,False
14916,4984,Mobile Phone,2025-04-08,Verified,Bengaluru FSL,True
14917,4985,Laptop,2023-03-19,Pending Analysis,Mysuru FSL,False
14918,4986,Hard Disk,2026-04-01,Sent to FSL,Mangaluru FSL,False
14919,4987,Hard Disk,2025-05-08,Sent to FSL,Mysuru FSL,True
14920,4988,SIM Card,2026-04-02,Sent to FSL,Bengaluru FSL,True
14921,4988,Fingerprint,2026-04-02,Pending Analysis,Mangaluru FSL,True
14922,4988,Mobile Phone,2026-04-02,Rejected,Mysuru FSL,True
14923,4988,Laptop,2026-04-02,Sent to FSL,Bengaluru FSL,False
14924,4988,CCTV Footage,2026-04-02,Pending Analysis,Mysuru FSL,False
14925,4989,Vehicle,2024-04-29,Pending Analysis,Mysuru FSL,True
14926,4989,Document,2024-04-29,Verified,Mysuru FSL,False
14927,4990,Blood Sample,2022-09-19,Verified,Bengaluru FSL,True
14928,4990,Drug Sample,2022-09-19,Verified,Mangaluru FSL,False
14929,4990,Vehicle,2022-09-19,Rejected,Bengaluru FSL,False
14930,4990,Clothing,2022-09-19,Sent to FSL,Bengaluru FSL,False
14931,4990,Hard Disk,2022-09-19,Sent to FSL,Bengaluru FSL,False
14932,4991,DNA Sample,2024-04-03,Sent to FSL,Mysuru FSL,False
14933,4991,Document,2024-04-03,Collected,Mangaluru FSL,True
14934,4991,Blood Sample,2024-04-03,Pending Analysis,Mangaluru FSL,False
14935,4991,Hard Disk,2024-04-03,Collected,Bengaluru FSL,True
14936,4991,Drug Sample,2024-04-03,Collected,Mysuru FSL,True
14937,4992,Fingerprint,2025-05-08,Verified,Mangaluru FSL,False
14938,4992,SIM Card,2025-05-08,Verified,Bengaluru FSL,False
14939,4992,Hard Disk,2025-05-08,Collected,Mysuru FSL,True
14940,4993,Knife,2026-09-07,Collected,Mysuru FSL,False
14941,4994,Laptop,2023-10-18,Rejected,Mangaluru FSL,False
14942,4995,CCTV Footage,2023-10-03,Verified,Mysuru FSL,False
14943,4996,Document,2023-02-10,Verified,Mysuru FSL,True
14944,4996,Vehicle,2023-02-10,Verified,Mysuru FSL,True
14945,4996,Knife,2023-02-10,Collected,Mangaluru FSL,False
14946,4997,SIM Card,2025-02-23,Rejected,Bengaluru FSL,True
14947,4998,Fingerprint,2024-10-25,Rejected,Mangaluru FSL,True
14948,4998,Drug Sample,2024-10-25,Sent to FSL,Mysuru FSL,True
14949,4998,Knife,2024-10-25,Pending Analysis,Mysuru FSL,True
14950,4998,Blood Sample,2024-10-25,Pending Analysis,Mysuru FSL,True
14951,4999,DNA Sample,2023-01-31,Verified,Mysuru FSL,False
14952,4999,Clothing,2023-01-31,Rejected,Mangaluru FSL,False
14953,4999,USB Drive,2023-01-31,Sent to FSL,Bengaluru FSL,False
14954,5000,Drug Sample,2026-02-17,Rejected,Bengaluru FSL,False
14955,5000,Laptop,2026-02-17,Verified,Bengaluru FSL,False
14956,5000,USB Drive,2026-02-17,Pending Analysis,Mysuru FSL,False
14957,5000,SIM Card,2026-02-17,Rejected,Mangaluru FSL,False
