WitnessID,CaseID,PersonID,WitnessType,StatementRecorded
1,1,501937,Circumstantial Witness,True
2,1,520951,Eye Witness,False
3,1,517322,Expert Witness,True
4,2,501366,Eye Witness,True
5,2,520332,Circumstantial Witness,True
6,2,505053,Eye Witness,False
7,2,515719,Eye Witness,True
8,4,501718,Circumstantial Witness,False
9,4,522936,Circumstantial Witness,False
10,4,502217,Eye Witness,False
11,5,507323,Circumstantial Witness,True
12,7,510840,Eye Witness,False
13,7,520249,Circumstantial Witness,False
14,8,518498,Circumstantial Witness,True
15,8,513229,Expert Witness,False
16,8,505395,Circumstantial Witness,False
17,8,502298,Eye Witness,False
18,9,513654,Circumstantial Witness,False
19,9,522067,Expert Witness,False
20,10,524027,Circumstantial Witness,True
21,11,506333,Circumstantial Witness,True
22,11,523477,Eye Witness,False
23,11,517085,Circumstantial Witness,True
24,13,520211,Eye Witness,False
25,14,518502,Eye Witness,False
26,14,505083,Eye Witness,True
27,14,520837,Expert Witness,False
28,18,523654,Expert Witness,True
29,18,506470,Eye Witness,True
30,19,508243,Expert Witness,False
31,19,524191,Eye Witness,True
32,19,513316,Circumstantial Witness,True
33,21,507201,Circumstantial Witness,False
34,23,520898,Eye Witness,True
35,23,517079,Circumstantial Witness,False
36,23,509651,Eye Witness,False
37,23,515449,Eye Witness,False
38,24,521117,Expert Witness,True
39,25,517527,Circumstantial Witness,False
40,25,522348,Expert Witness,False
41,25,521323,Eye Witness,True
42,25,505617,Expert Witness,False
43,27,502203,Circumstantial Witness,False
44,27,519688,Expert Witness,False
45,27,504483,Eye Witness,True
46,27,519507,Circumstantial Witness,False
47,28,503550,Expert Witness,True
48,28,504854,Expert Witness,False
49,28,510065,Circumstantial Witness,True
50,28,502069,Eye Witness,True
51,30,511758,Eye Witness,True
52,30,506000,Expert Witness,True
53,30,512413,Eye Witness,True
54,31,508152,Eye Witness,True
55,32,509195,Expert Witness,True
56,32,523911,Circumstantial Witness,True
57,32,524303,Eye Witness,False
58,33,512315,Expert Witness,False
59,33,524089,Circumstantial Witness,False
60,33,523092,Eye Witness,True
61,35,510454,Circumstantial Witness,False
62,35,504770,Eye Witness,False
63,36,507052,Expert Witness,False
64,36,520052,Eye Witness,True
65,37,520811,Eye Witness,True
66,39,522043,Eye Witness,True
67,39,512747,Expert Witness,True
68,39,519250,Eye Witness,False
69,40,513532,Expert Witness,True
70,40,507228,Circumstantial Witness,False
71,41,523156,Circumstantial Witness,False
72,41,509652,Expert Witness,False
73,41,512297,Eye Witness,True
74,43,519676,Expert Witness,False
75,44,517641,Eye Witness,True
76,44,504498,Eye Witness,True
77,46,522926,Circumstantial Witness,False
78,46,510305,Circumstantial Witness,False
79,46,520147,Circumstantial Witness,True
80,46,517646,Circumstantial Witness,True
81,47,507848,Expert Witness,True
82,47,508387,Expert Witness,False
83,47,500291,Circumstantial Witness,False
84,48,512126,Eye Witness,True
85,48,514106,Eye Witness,True
86,50,504273,Expert Witness,False
87,50,521493,Circumstantial Witness,False
88,50,501719,Expert Witness,False
89,51,504953,Expert Witness,True
90,51,524439,Circumstantial Witness,True
91,52,508465,Eye Witness,True
92,52,501076,Eye Witness,False
93,52,513044,Eye Witness,False
94,53,501385,Expert Witness,False
95,53,519568,Eye Witness,True
96,53,519817,Expert Witness,True
97,53,514380,Circumstantial Witness,True
98,54,508544,Expert Witness,False
99,54,500522,Circumstantial Witness,False
100,54,513681,Circumstantial Witness,False
101,54,515080,Circumstantial Witness,False
102,55,503081,Expert Witness,True
103,56,506416,Expert Witness,True
104,59,515970,Expert Witness,False
105,59,506782,Circumstantial Witness,True
106,60,524201,Expert Witness,False
107,60,513602,Eye Witness,False
108,60,518478,Eye Witness,True
109,61,524010,Eye Witness,False
110,61,513733,Circumstantial Witness,True
111,62,522795,Circumstantial Witness,True
112,62,500895,Expert Witness,False
113,63,502673,Expert Witness,True
114,63,519423,Expert Witness,False
115,63,516670,Eye Witness,False
116,63,523471,Expert Witness,False
117,65,501864,Circumstantial Witness,True
118,66,512260,Expert Witness,False
119,66,515403,Expert Witness,True
120,66,521962,Circumstantial Witness,False
121,68,521265,Circumstantial Witness,True
122,69,506441,Expert Witness,False
123,70,513032,Expert Witness,True
124,70,507602,Eye Witness,False
125,70,505686,Circumstantial Witness,False
126,70,513710,Eye Witness,False
127,71,523818,Circumstantial Witness,True
128,73,512304,Eye Witness,True
129,73,520856,Expert Witness,True
130,73,508126,Eye Witness,True
131,74,500989,Circumstantial Witness,True
132,76,504637,Circumstantial Witness,False
133,76,504927,Eye Witness,False
134,76,518271,Circumstantial Witness,False
135,76,524513,Expert Witness,True
136,77,524430,Eye Witness,True
137,77,514111,Circumstantial Witness,False
138,77,520782,Expert Witness,True
139,78,517007,Expert Witness,True
140,78,502236,Eye Witness,True
141,80,508559,Expert Witness,False
142,80,516751,Expert Witness,False
143,80,501921,Eye Witness,True
144,81,522740,Circumstantial Witness,False
145,81,507310,Circumstantial Witness,True
146,81,503467,Eye Witness,True
147,81,504783,Circumstantial Witness,False
148,83,519689,Eye Witness,False
149,83,522222,Expert Witness,False
150,84,524261,Expert Witness,True
151,84,508092,Circumstantial Witness,False
152,84,509253,Circumstantial Witness,True
153,84,521566,Eye Witness,False
154,85,511942,Eye Witness,False
155,86,524631,Circumstantial Witness,True
156,86,513660,Eye Witness,False
157,86,502224,Circumstantial Witness,True
158,87,522708,Eye Witness,False
159,87,512322,Eye Witness,True
160,88,521486,Expert Witness,False
161,88,505892,Circumstantial Witness,True
162,91,515859,Circumstantial Witness,True
163,92,513134,Expert Witness,False
164,92,505423,Expert Witness,False
165,92,521274,Expert Witness,True
166,93,506242,Circumstantial Witness,False
167,93,523391,Circumstantial Witness,False
168,94,503585,Circumstantial Witness,False
169,94,502723,Expert Witness,True
170,94,511864,Expert Witness,True
171,95,502949,Circumstantial Witness,True
172,95,521410,Circumstantial Witness,False
173,96,506922,Eye Witness,True
174,98,514452,Expert Witness,False
175,98,518039,Circumstantial Witness,True
176,98,507211,Expert Witness,True
177,99,517812,Expert Witness,False
178,99,500330,Circumstantial Witness,True
179,99,516429,Expert Witness,True
180,101,510005,Expert Witness,True
181,102,500423,Eye Witness,False
182,102,513764,Eye Witness,True
183,102,510755,Eye Witness,False
184,103,506309,Eye Witness,False
185,104,521761,Expert Witness,False
186,105,501802,Expert Witness,False
187,106,514061,Eye Witness,True
188,106,521782,Eye Witness,False
189,106,520789,Circumstantial Witness,True
190,107,517514,Eye Witness,False
191,107,520030,Expert Witness,True
192,107,510737,Eye Witness,False
193,107,509000,Circumstantial Witness,False
194,108,511913,Circumstantial Witness,True
195,108,515333,Expert Witness,True
196,108,510101,Circumstantial Witness,True
197,112,509540,Expert Witness,True
198,112,518081,Expert Witness,True
199,114,520547,Eye Witness,True
200,114,518157,Expert Witness,False
201,116,508975,Expert Witness,True
202,116,517686,Expert Witness,False
203,117,502191,Circumstantial Witness,True
204,117,504250,Eye Witness,False
205,117,504831,Circumstantial Witness,True
206,118,514149,Eye Witness,False
207,118,515198,Eye Witness,False
208,119,513366,Expert Witness,False
209,120,505392,Circumstantial Witness,True
210,121,502743,Circumstantial Witness,True
211,121,517178,Eye Witness,True
212,121,512224,Eye Witness,False
213,122,506262,Eye Witness,True
214,122,520812,Circumstantial Witness,False
215,122,515557,Circumstantial Witness,False
216,123,512184,Circumstantial Witness,True
217,123,511682,Eye Witness,True
218,124,507933,Eye Witness,True
219,124,513800,Eye Witness,True
220,124,506971,Expert Witness,False
221,124,524575,Circumstantial Witness,False
222,125,510623,Expert Witness,False
223,125,504321,Circumstantial Witness,False
224,125,520367,Expert Witness,False
225,125,513899,Eye Witness,True
226,126,515447,Eye Witness,False
227,126,515975,Eye Witness,True
228,126,509000,Expert Witness,True
229,127,511123,Expert Witness,True
230,127,508367,Circumstantial Witness,True
231,127,509911,Circumstantial Witness,False
232,128,515927,Circumstantial Witness,True
233,128,516237,Expert Witness,True
234,128,502875,Eye Witness,False
235,129,511475,Circumstantial Witness,True
236,133,501441,Expert Witness,False
237,133,519964,Eye Witness,False
238,134,516796,Expert Witness,False
239,134,513202,Expert Witness,True
240,134,509022,Eye Witness,False
241,134,505183,Circumstantial Witness,False
242,135,516198,Circumstantial Witness,False
243,135,506240,Circumstantial Witness,True
244,135,520480,Eye Witness,True
245,137,504498,Expert Witness,True
246,138,514179,Circumstantial Witness,False
247,138,500587,Circumstantial Witness,True
248,138,503954,Expert Witness,False
249,138,504574,Expert Witness,True
250,139,502364,Eye Witness,True
251,139,524284,Eye Witness,True
252,139,517650,Circumstantial Witness,True
253,140,508694,Circumstantial Witness,True
254,142,517488,Eye Witness,False
255,142,519763,Circumstantial Witness,False
256,142,523792,Eye Witness,True
257,142,503943,Expert Witness,False
258,143,523721,Circumstantial Witness,False
259,147,512950,Eye Witness,True
260,148,511738,Eye Witness,False
261,148,504013,Circumstantial Witness,False
262,149,510550,Expert Witness,True
263,149,504297,Expert Witness,True
264,149,519074,Expert Witness,False
265,149,508405,Eye Witness,True
266,150,503798,Expert Witness,False
267,150,522659,Eye Witness,False
268,150,510456,Eye Witness,True
269,150,513101,Eye Witness,True
270,151,523210,Expert Witness,True
271,152,501723,Expert Witness,True
272,152,523572,Expert Witness,True
273,153,500697,Circumstantial Witness,False
274,153,511236,Circumstantial Witness,False
275,153,524410,Eye Witness,False
276,153,516810,Expert Witness,True
277,154,523928,Circumstantial Witness,False
278,154,524245,Eye Witness,True
279,155,516938,Circumstantial Witness,False
280,156,524174,Expert Witness,False
281,156,510092,Circumstantial Witness,True
282,156,516368,Eye Witness,False
283,157,511042,Eye Witness,True
284,157,523708,Eye Witness,True
285,158,511761,Eye Witness,True
286,159,500154,Eye Witness,True
287,159,504773,Circumstantial Witness,True
288,162,512002,Circumstantial Witness,True
289,162,518414,Eye Witness,False
290,162,522155,Circumstantial Witness,False
291,162,503404,Eye Witness,False
292,163,517219,Expert Witness,True
293,164,504025,Circumstantial Witness,False
294,164,523976,Circumstantial Witness,True
295,164,515756,Expert Witness,False
296,164,517417,Eye Witness,True
297,165,507804,Eye Witness,False
298,165,514396,Eye Witness,True
299,165,511130,Circumstantial Witness,False
300,166,504437,Eye Witness,False
301,166,518060,Circumstantial Witness,False
302,166,509530,Eye Witness,False
303,166,507089,Expert Witness,True
304,167,520753,Eye Witness,True
305,167,504122,Circumstantial Witness,True
306,167,524494,Eye Witness,False
307,168,507323,Circumstantial Witness,True
308,168,519201,Circumstantial Witness,True
309,168,520151,Circumstantial Witness,True
310,169,502759,Expert Witness,True
311,170,504834,Circumstantial Witness,True
312,170,519720,Expert Witness,False
313,170,509635,Circumstantial Witness,True
314,171,507886,Expert Witness,False
315,171,501196,Expert Witness,True
316,172,516276,Eye Witness,False
317,172,518810,Circumstantial Witness,True
318,174,519249,Circumstantial Witness,True
319,174,508893,Circumstantial Witness,False
320,175,513524,Expert Witness,True
321,175,511796,Circumstantial Witness,True
322,175,502711,Eye Witness,False
323,175,524846,Circumstantial Witness,True
324,176,507725,Circumstantial Witness,True
325,176,503405,Circumstantial Witness,True
326,176,506464,Circumstantial Witness,True
327,176,501568,Expert Witness,False
328,177,507521,Expert Witness,True
329,177,504646,Expert Witness,True
330,177,517552,Circumstantial Witness,False
331,178,512232,Eye Witness,False
332,178,503376,Circumstantial Witness,False
333,178,519001,Eye Witness,False
334,179,522786,Eye Witness,False
335,179,522482,Expert Witness,True
336,179,506542,Expert Witness,True
337,181,513151,Circumstantial Witness,False
338,182,514906,Expert Witness,True
339,182,516938,Eye Witness,False
340,183,515216,Expert Witness,True
341,183,516429,Circumstantial Witness,True
342,183,505729,Circumstantial Witness,True
343,185,517775,Circumstantial Witness,True
344,185,512879,Circumstantial Witness,False
345,185,518463,Eye Witness,True
346,185,500268,Circumstantial Witness,True
347,186,512851,Expert Witness,True
348,186,520760,Expert Witness,False
349,186,522374,Eye Witness,False
350,187,506295,Circumstantial Witness,False
351,187,523481,Circumstantial Witness,False
352,187,519796,Expert Witness,True
353,189,520124,Circumstantial Witness,True
354,190,502772,Expert Witness,False
355,190,502676,Expert Witness,True
356,190,518378,Circumstantial Witness,True
357,190,518360,Expert Witness,True
358,191,508576,Expert Witness,True
359,191,514361,Circumstantial Witness,True
360,191,520853,Circumstantial Witness,False
361,191,504513,Eye Witness,True
362,192,513783,Expert Witness,True
363,193,503274,Circumstantial Witness,True
364,193,516961,Eye Witness,True
365,194,519344,Circumstantial Witness,True
366,194,503428,Circumstantial Witness,False
367,195,519339,Expert Witness,True
368,195,501899,Expert Witness,True
369,195,519714,Circumstantial Witness,False
370,195,504710,Eye Witness,False
371,196,516061,Eye Witness,False
372,196,512420,Circumstantial Witness,True
373,198,500418,Eye Witness,True
374,198,521933,Circumstantial Witness,True
375,198,509349,Eye Witness,True
376,199,503630,Circumstantial Witness,False
377,199,506843,Expert Witness,False
378,199,500486,Expert Witness,False
379,200,507327,Eye Witness,False
380,202,516280,Circumstantial Witness,False
381,202,520895,Expert Witness,False
382,202,508247,Eye Witness,True
383,202,519298,Circumstantial Witness,True
384,203,513054,Expert Witness,True
385,203,511474,Expert Witness,True
386,203,516290,Circumstantial Witness,True
387,204,521290,Expert Witness,False
388,205,504109,Expert Witness,True
389,205,502040,Expert Witness,False
390,206,501895,Expert Witness,True
391,206,510176,Eye Witness,True
392,206,507804,Eye Witness,True
393,206,518154,Eye Witness,True
394,207,512661,Eye Witness,True
395,207,505507,Expert Witness,False
396,208,508890,Circumstantial Witness,False
397,208,518213,Eye Witness,True
398,208,516115,Expert Witness,False
399,210,502464,Expert Witness,False
400,210,520884,Circumstantial Witness,False
401,210,520367,Eye Witness,True
402,210,509737,Circumstantial Witness,True
403,211,523266,Eye Witness,True
404,211,511613,Circumstantial Witness,False
405,212,519640,Expert Witness,False
406,212,521369,Expert Witness,True
407,212,511686,Expert Witness,False
408,213,514075,Eye Witness,False
409,213,510767,Circumstantial Witness,True
410,213,505536,Expert Witness,True
411,214,517500,Expert Witness,False
412,214,524511,Circumstantial Witness,False
413,214,502839,Circumstantial Witness,False
414,215,523959,Expert Witness,True
415,215,509033,Eye Witness,False
416,215,505934,Circumstantial Witness,False
417,215,521181,Circumstantial Witness,True
418,216,506760,Circumstantial Witness,True
419,216,510560,Expert Witness,True
420,217,516777,Circumstantial Witness,True
421,217,516824,Expert Witness,False
422,218,521024,Circumstantial Witness,False
423,220,506646,Expert Witness,False
424,220,504649,Expert Witness,False
425,220,523933,Expert Witness,False
426,221,517131,Expert Witness,True
427,221,505658,Expert Witness,True
428,221,521755,Expert Witness,True
429,222,508834,Expert Witness,True
430,222,505139,Circumstantial Witness,True
431,222,512929,Eye Witness,True
432,224,509365,Eye Witness,False
433,224,505454,Expert Witness,False
434,225,506334,Circumstantial Witness,True
435,225,500146,Expert Witness,False
436,225,510907,Expert Witness,False
437,226,508542,Expert Witness,True
438,226,502261,Eye Witness,True
439,226,521376,Circumstantial Witness,False
440,226,500315,Expert Witness,False
441,227,516934,Circumstantial Witness,True
442,227,500047,Expert Witness,True
443,230,515700,Circumstantial Witness,True
444,230,520636,Eye Witness,False
445,230,502945,Circumstantial Witness,True
446,230,509574,Circumstantial Witness,False
447,231,503418,Circumstantial Witness,False
448,231,515118,Circumstantial Witness,True
449,232,511917,Eye Witness,True
450,232,520852,Expert Witness,False
451,232,507913,Eye Witness,False
452,232,501163,Expert Witness,False
453,233,510998,Circumstantial Witness,True
454,233,516955,Expert Witness,True
455,233,512967,Expert Witness,True
456,233,514643,Expert Witness,False
457,234,512883,Expert Witness,True
458,234,522580,Expert Witness,True
459,235,511861,Eye Witness,False
460,235,508345,Circumstantial Witness,False
461,235,500372,Circumstantial Witness,False
462,236,519498,Expert Witness,False
463,237,507707,Eye Witness,False
464,237,516738,Circumstantial Witness,True
465,237,510557,Circumstantial Witness,True
466,237,504974,Expert Witness,True
467,238,501831,Expert Witness,True
468,238,523683,Circumstantial Witness,True
469,238,511561,Circumstantial Witness,True
470,238,505617,Circumstantial Witness,False
471,241,508101,Circumstantial Witness,False
472,242,509755,Expert Witness,False
473,242,521480,Expert Witness,False
474,242,510543,Expert Witness,True
475,243,505086,Eye Witness,True
476,243,502692,Circumstantial Witness,False
477,243,514367,Expert Witness,False
478,244,510063,Expert Witness,True
479,244,502716,Eye Witness,True
480,244,505066,Eye Witness,True
481,244,503625,Circumstantial Witness,False
482,245,517849,Circumstantial Witness,True
483,245,513135,Eye Witness,True
484,245,524232,Eye Witness,True
485,245,519183,Eye Witness,False
486,246,519181,Eye Witness,False
487,247,522746,Expert Witness,False
488,247,515038,Circumstantial Witness,True
489,247,500032,Expert Witness,True
490,248,509846,Expert Witness,False
491,249,509246,Expert Witness,False
492,251,517016,Eye Witness,False
493,251,501817,Eye Witness,False
494,251,521563,Eye Witness,False
495,251,511708,Circumstantial Witness,True
496,252,516021,Expert Witness,False
497,253,508684,Eye Witness,True
498,253,506117,Circumstantial Witness,False
499,254,502454,Expert Witness,False
500,254,524584,Expert Witness,False
501,255,506585,Expert Witness,True
502,255,517330,Circumstantial Witness,True
503,255,514964,Expert Witness,True
504,256,516765,Circumstantial Witness,True
505,257,512758,Circumstantial Witness,False
506,257,506919,Eye Witness,True
507,257,511825,Expert Witness,False
508,257,523599,Expert Witness,True
509,258,522778,Expert Witness,True
510,258,507178,Circumstantial Witness,True
511,258,518463,Circumstantial Witness,True
512,258,520742,Expert Witness,True
513,259,510844,Expert Witness,False
514,259,509546,Eye Witness,True
515,260,514465,Eye Witness,False
516,260,520858,Eye Witness,True
517,261,518473,Eye Witness,True
518,261,504068,Circumstantial Witness,False
519,263,512272,Eye Witness,True
520,263,516457,Expert Witness,True
521,264,523215,Expert Witness,False
522,264,508931,Expert Witness,True
523,264,515634,Expert Witness,False
524,264,503342,Eye Witness,False
525,266,516241,Eye Witness,False
526,266,510683,Circumstantial Witness,False
527,266,518313,Eye Witness,False
528,267,502119,Expert Witness,False
529,268,515622,Eye Witness,False
530,269,511018,Circumstantial Witness,False
531,269,500945,Circumstantial Witness,True
532,271,524031,Expert Witness,True
533,271,524859,Expert Witness,True
534,272,515604,Circumstantial Witness,True
535,273,518788,Expert Witness,False
536,273,515528,Eye Witness,True
537,274,506104,Circumstantial Witness,False
538,275,524691,Eye Witness,False
539,276,522584,Expert Witness,False
540,276,511436,Eye Witness,False
541,276,504523,Eye Witness,True
542,277,508832,Eye Witness,False
543,280,513147,Eye Witness,True
544,281,523855,Expert Witness,True
545,281,506452,Expert Witness,True
546,282,521138,Circumstantial Witness,False
547,282,515843,Eye Witness,False
548,283,518589,Circumstantial Witness,False
549,283,506871,Expert Witness,True
550,284,510719,Circumstantial Witness,False
551,285,501695,Expert Witness,False
552,285,519846,Expert Witness,True
553,285,501013,Circumstantial Witness,False
554,286,523285,Circumstantial Witness,True
555,286,505189,Eye Witness,True
556,287,503564,Circumstantial Witness,True
557,287,500005,Circumstantial Witness,True
558,287,515115,Eye Witness,False
559,287,517723,Eye Witness,False
560,289,516587,Eye Witness,False
561,289,512788,Circumstantial Witness,True
562,289,503658,Circumstantial Witness,True
563,290,524483,Circumstantial Witness,True
564,290,522349,Circumstantial Witness,False
565,290,515218,Circumstantial Witness,True
566,291,518649,Expert Witness,True
567,292,515282,Expert Witness,False
568,292,504486,Expert Witness,True
569,292,508301,Expert Witness,False
570,292,523331,Eye Witness,True
571,294,522114,Eye Witness,False
572,295,507618,Circumstantial Witness,False
573,295,519375,Expert Witness,False
574,296,515319,Circumstantial Witness,True
575,296,500090,Circumstantial Witness,True
576,296,500627,Circumstantial Witness,True
577,297,518999,Eye Witness,True
578,298,518462,Eye Witness,True
579,298,522589,Eye Witness,True
580,298,501834,Expert Witness,False
581,299,507685,Circumstantial Witness,True
582,299,520750,Expert Witness,True
583,299,501566,Expert Witness,False
584,299,517533,Eye Witness,False
585,300,513050,Eye Witness,False
586,300,522574,Eye Witness,False
587,301,522638,Circumstantial Witness,False
588,302,519995,Eye Witness,True
589,302,500814,Eye Witness,False
590,302,505359,Eye Witness,False
591,302,521802,Expert Witness,False
592,303,522853,Eye Witness,True
593,303,507210,Circumstantial Witness,False
594,303,522052,Eye Witness,True
595,303,500976,Expert Witness,True
596,306,520343,Circumstantial Witness,False
597,307,516254,Circumstantial Witness,True
598,307,515223,Circumstantial Witness,True
599,307,504406,Eye Witness,False
600,307,522141,Eye Witness,False
601,309,523635,Circumstantial Witness,True
602,310,510867,Circumstantial Witness,False
603,310,508345,Expert Witness,False
604,310,502948,Expert Witness,True
605,311,515858,Eye Witness,False
606,311,511992,Circumstantial Witness,True
607,311,502444,Circumstantial Witness,False
608,312,513769,Expert Witness,True
609,313,513176,Circumstantial Witness,False
610,313,522572,Eye Witness,False
611,313,506231,Expert Witness,True
612,317,501237,Expert Witness,True
613,318,510017,Circumstantial Witness,False
614,318,514130,Circumstantial Witness,True
615,318,524138,Expert Witness,True
616,319,521976,Expert Witness,False
617,320,520281,Eye Witness,True
618,321,522764,Eye Witness,False
619,321,511413,Expert Witness,True
620,321,514903,Eye Witness,True
621,321,517679,Expert Witness,False
622,322,523675,Circumstantial Witness,False
623,322,522338,Expert Witness,False
624,322,513612,Circumstantial Witness,False
625,325,500625,Eye Witness,True
626,326,505360,Eye Witness,False
627,327,502337,Eye Witness,False
628,327,507849,Eye Witness,False
629,327,514145,Circumstantial Witness,True
630,329,518929,Eye Witness,True
631,329,500540,Circumstantial Witness,True
632,329,500705,Expert Witness,True
633,329,513060,Circumstantial Witness,False
634,330,518069,Expert Witness,False
635,330,521950,Circumstantial Witness,True
636,330,503285,Circumstantial Witness,False
637,330,518139,Circumstantial Witness,True
638,331,514804,Expert Witness,True
639,331,506791,Expert Witness,True
640,331,519683,Eye Witness,False
641,331,501857,Circumstantial Witness,False
642,332,505258,Circumstantial Witness,True
643,333,507081,Expert Witness,False
644,333,509552,Circumstantial Witness,True
645,333,502628,Expert Witness,True
646,335,510780,Expert Witness,True
647,335,501807,Eye Witness,False
648,335,524225,Circumstantial Witness,False
649,335,510185,Circumstantial Witness,True
650,336,519781,Circumstantial Witness,True
651,336,523273,Circumstantial Witness,False
652,336,506258,Expert Witness,True
653,337,517899,Circumstantial Witness,True
654,337,522527,Expert Witness,True
655,337,512916,Circumstantial Witness,False
656,337,520776,Circumstantial Witness,False
657,338,507813,Expert Witness,True
658,338,523120,Expert Witness,True
659,338,522199,Eye Witness,False
660,339,516093,Expert Witness,True
661,339,516810,Circumstantial Witness,False
662,339,505377,Expert Witness,False
663,339,521762,Circumstantial Witness,False
664,340,508682,Circumstantial Witness,True
665,340,509539,Eye Witness,False
666,341,500279,Expert Witness,False
667,341,513870,Eye Witness,True
668,341,508599,Circumstantial Witness,True
669,342,501694,Circumstantial Witness,False
670,342,512077,Circumstantial Witness,True
671,342,521240,Expert Witness,False
672,343,523494,Circumstantial Witness,False
673,344,503577,Expert Witness,False
674,345,523289,Eye Witness,False
675,346,518476,Expert Witness,False
676,346,510989,Eye Witness,True
677,346,508934,Eye Witness,False
678,348,505977,Eye Witness,True
679,348,501162,Eye Witness,False
680,348,502654,Circumstantial Witness,False
681,349,514197,Eye Witness,True
682,350,505080,Expert Witness,False
683,351,504160,Eye Witness,False
684,351,518939,Circumstantial Witness,False
685,351,522490,Expert Witness,False
686,351,519322,Eye Witness,False
687,352,506749,Circumstantial Witness,False
688,352,504057,Circumstantial Witness,False
689,352,510627,Circumstantial Witness,False
690,353,511669,Circumstantial Witness,True
691,353,513312,Eye Witness,False
692,354,521175,Circumstantial Witness,False
693,354,524286,Circumstantial Witness,True
694,354,524947,Eye Witness,True
695,354,514630,Expert Witness,False
696,355,505408,Expert Witness,True
697,356,502329,Expert Witness,False
698,356,522064,Eye Witness,True
699,356,500808,Expert Witness,True
700,356,521710,Expert Witness,False
701,357,500596,Expert Witness,True
702,357,521693,Circumstantial Witness,True
703,357,522011,Expert Witness,False
704,359,509636,Eye Witness,True
705,359,504887,Expert Witness,False
706,359,523963,Eye Witness,False
707,359,515170,Circumstantial Witness,True
708,360,512214,Expert Witness,False
709,362,500873,Circumstantial Witness,False
710,362,523547,Eye Witness,True
711,362,523735,Expert Witness,True
712,363,500473,Eye Witness,True
713,364,510057,Eye Witness,True
714,364,523775,Eye Witness,True
715,365,502244,Expert Witness,False
716,366,519230,Expert Witness,True
717,367,512296,Circumstantial Witness,True
718,367,501111,Eye Witness,False
719,368,522596,Circumstantial Witness,False
720,368,500666,Eye Witness,True
721,369,514015,Eye Witness,True
722,370,523942,Circumstantial Witness,True
723,372,518238,Circumstantial Witness,True
724,374,518000,Circumstantial Witness,False
725,375,519342,Eye Witness,False
726,375,520556,Expert Witness,True
727,375,517086,Eye Witness,False
728,375,501555,Expert Witness,True
729,376,516857,Circumstantial Witness,False
730,376,504083,Expert Witness,False
731,376,520509,Circumstantial Witness,False
732,377,521424,Expert Witness,True
733,377,502613,Expert Witness,False
734,377,518298,Expert Witness,True
735,377,523772,Circumstantial Witness,True
736,379,514492,Circumstantial Witness,True
737,379,521699,Expert Witness,True
738,379,519865,Circumstantial Witness,False
739,379,524610,Circumstantial Witness,True
740,380,516878,Expert Witness,True
741,380,501468,Eye Witness,False
742,380,524947,Circumstantial Witness,True
743,380,522233,Expert Witness,False
744,381,516038,Eye Witness,False
745,382,515163,Eye Witness,False
746,383,507247,Circumstantial Witness,False
747,383,512917,Expert Witness,True
748,383,523511,Circumstantial Witness,True
749,384,507482,Expert Witness,False
750,384,524610,Circumstantial Witness,False
751,384,518824,Circumstantial Witness,True
752,384,512474,Expert Witness,True
753,385,510987,Eye Witness,True
754,385,520459,Eye Witness,True
755,386,504903,Circumstantial Witness,False
756,386,510405,Expert Witness,False
757,386,509960,Circumstantial Witness,True
758,386,513983,Eye Witness,False
759,387,506435,Eye Witness,False
760,387,505940,Eye Witness,True
761,388,518725,Eye Witness,False
762,389,501351,Eye Witness,True
763,389,503118,Circumstantial Witness,True
764,389,505452,Eye Witness,False
765,389,521676,Circumstantial Witness,True
766,390,504624,Eye Witness,False
767,390,500294,Expert Witness,True
768,393,517186,Circumstantial Witness,True
769,393,511306,Eye Witness,False
770,393,507427,Circumstantial Witness,True
771,394,513613,Circumstantial Witness,True
772,394,503419,Expert Witness,True
773,394,505154,Eye Witness,False
774,395,515032,Expert Witness,False
775,395,501709,Circumstantial Witness,False
776,395,521993,Circumstantial Witness,False
777,396,522850,Eye Witness,False
778,396,502217,Expert Witness,True
779,396,504187,Circumstantial Witness,True
780,396,513089,Eye Witness,False
781,397,507342,Eye Witness,True
782,397,514208,Eye Witness,True
783,397,500405,Eye Witness,True
784,398,512760,Circumstantial Witness,True
785,398,516924,Eye Witness,False
786,399,505411,Circumstantial Witness,True
787,400,522906,Eye Witness,True
788,405,502463,Expert Witness,False
789,405,512305,Expert Witness,True
790,405,502103,Expert Witness,False
791,406,516762,Expert Witness,False
792,408,516925,Expert Witness,False
793,408,524515,Eye Witness,True
794,408,523425,Expert Witness,False
795,410,510259,Eye Witness,False
796,410,522548,Circumstantial Witness,True
797,410,514141,Eye Witness,True
798,410,514715,Expert Witness,True
799,413,510753,Expert Witness,True
800,413,500978,Eye Witness,True
801,413,514222,Circumstantial Witness,False
802,414,504728,Circumstantial Witness,False
803,414,512008,Expert Witness,True
804,416,507672,Eye Witness,False
805,416,519167,Circumstantial Witness,True
806,416,513639,Expert Witness,True
807,417,513243,Circumstantial Witness,False
808,418,517715,Circumstantial Witness,False
809,418,511254,Expert Witness,False
810,418,522958,Circumstantial Witness,True
811,419,518908,Circumstantial Witness,True
812,419,508783,Eye Witness,True
813,421,517638,Expert Witness,False
814,423,513406,Circumstantial Witness,False
815,423,519692,Eye Witness,True
816,423,510915,Expert Witness,True
817,423,511384,Eye Witness,False
818,424,521479,Eye Witness,True
819,426,505723,Circumstantial Witness,True
820,427,500731,Expert Witness,False
821,427,522987,Eye Witness,True
822,428,514662,Eye Witness,False
823,429,501541,Circumstantial Witness,False
824,429,515868,Expert Witness,True
825,429,506819,Circumstantial Witness,False
826,429,523609,Circumstantial Witness,False
827,430,501662,Circumstantial Witness,True
828,430,518511,Eye Witness,False
829,430,519936,Eye Witness,True
830,432,521291,Circumstantial Witness,True
831,432,513838,Eye Witness,False
832,432,501693,Expert Witness,True
833,432,513610,Circumstantial Witness,True
834,434,507914,Expert Witness,True
835,434,516228,Expert Witness,False
836,434,519670,Eye Witness,False
837,435,524910,Expert Witness,False
838,435,518160,Expert Witness,False
839,436,504270,Expert Witness,False
840,437,524235,Circumstantial Witness,True
841,437,512659,Expert Witness,True
842,439,511750,Expert Witness,False
843,439,520587,Eye Witness,False
844,439,517982,Circumstantial Witness,False
845,440,522128,Expert Witness,False
846,440,507384,Eye Witness,True
847,441,513965,Expert Witness,False
848,442,505391,Expert Witness,True
849,442,511259,Circumstantial Witness,False
850,442,520316,Eye Witness,True
851,444,522680,Eye Witness,False
852,444,524749,Circumstantial Witness,False
853,445,520505,Circumstantial Witness,True
854,445,503704,Eye Witness,False
855,445,500437,Eye Witness,False
856,446,513700,Circumstantial Witness,False
857,447,524885,Circumstantial Witness,True
858,447,514535,Eye Witness,False
859,447,514505,Circumstantial Witness,True
860,447,517156,Eye Witness,True
861,450,514500,Expert Witness,True
862,450,523544,Circumstantial Witness,False
863,450,517105,Expert Witness,True
864,451,521130,Expert Witness,True
865,451,504014,Circumstantial Witness,False
866,451,514339,Circumstantial Witness,False
867,451,520072,Circumstantial Witness,False
868,452,505877,Expert Witness,True
869,452,513716,Eye Witness,True
870,452,519979,Circumstantial Witness,False
871,453,518694,Eye Witness,False
872,454,503310,Eye Witness,True
873,454,501452,Eye Witness,True
874,455,506482,Expert Witness,False
875,455,523314,Expert Witness,False
876,455,505070,Circumstantial Witness,False
877,456,508718,Circumstantial Witness,True
878,457,524581,Circumstantial Witness,True
879,458,515342,Expert Witness,False
880,458,516666,Eye Witness,True
881,458,514966,Eye Witness,True
882,459,500766,Circumstantial Witness,True
883,459,507384,Expert Witness,True
884,459,515270,Eye Witness,False
885,459,502162,Eye Witness,False
886,460,523746,Eye Witness,False
887,460,515674,Circumstantial Witness,False
888,460,504543,Expert Witness,True
889,460,504060,Expert Witness,False
890,462,504243,Circumstantial Witness,False
891,463,517087,Eye Witness,True
892,463,510274,Eye Witness,True
893,464,511827,Expert Witness,True
894,465,500906,Circumstantial Witness,False
895,465,507040,Eye Witness,False
896,465,522354,Expert Witness,False
897,466,506877,Expert Witness,True
898,466,524804,Eye Witness,False
899,466,513059,Eye Witness,False
900,466,517081,Circumstantial Witness,False
901,467,510941,Expert Witness,False
902,467,507853,Circumstantial Witness,False
903,469,504206,Eye Witness,True
904,469,504904,Eye Witness,False
905,469,500620,Eye Witness,True
906,469,506293,Eye Witness,True
907,470,502977,Eye Witness,False
908,470,514113,Expert Witness,True
909,472,519756,Circumstantial Witness,False
910,472,522278,Eye Witness,True
911,473,523434,Circumstantial Witness,True
912,473,508757,Expert Witness,True
913,473,522790,Eye Witness,True
914,474,504259,Circumstantial Witness,True
915,475,508070,Circumstantial Witness,True
916,476,517211,Eye Witness,True
917,476,520291,Eye Witness,True
918,476,511259,Eye Witness,True
919,476,501383,Eye Witness,True
920,477,505518,Eye Witness,False
921,479,509645,Expert Witness,False
922,479,500408,Circumstantial Witness,False
923,482,515383,Expert Witness,True
924,482,519536,Circumstantial Witness,True
925,482,514732,Eye Witness,True
926,482,510232,Circumstantial Witness,False
927,483,519041,Eye Witness,True
928,483,517461,Expert Witness,False
929,484,517488,Eye Witness,True
930,485,503390,Circumstantial Witness,True
931,485,509321,Expert Witness,True
932,487,523072,Eye Witness,True
933,488,517361,Eye Witness,True
934,488,503641,Expert Witness,True
935,489,501517,Eye Witness,False
936,489,509288,Circumstantial Witness,False
937,489,512887,Expert Witness,False
938,490,515597,Circumstantial Witness,True
939,494,500094,Circumstantial Witness,True
940,494,515613,Expert Witness,False
941,494,521506,Eye Witness,False
942,495,514966,Expert Witness,True
943,496,508358,Eye Witness,True
944,496,516123,Eye Witness,False
945,497,502506,Circumstantial Witness,False
946,497,521307,Circumstantial Witness,False
947,497,521768,Expert Witness,True
948,497,521207,Circumstantial Witness,False
949,499,520092,Expert Witness,True
950,500,501932,Circumstantial Witness,True
951,501,513001,Expert Witness,False
952,501,510707,Eye Witness,False
953,503,513232,Expert Witness,False
954,505,513503,Eye Witness,True
955,506,524873,Circumstantial Witness,False
956,507,510759,Circumstantial Witness,False
957,507,515761,Expert Witness,False
958,507,503035,Eye Witness,True
959,507,521704,Eye Witness,False
960,508,502799,Expert Witness,True
961,508,508291,Circumstantial Witness,False
962,509,510549,Circumstantial Witness,False
963,510,521513,Eye Witness,True
964,510,518083,Circumstantial Witness,False
965,511,521010,Circumstantial Witness,True
966,511,521851,Circumstantial Witness,False
967,512,524809,Expert Witness,True
968,512,518295,Circumstantial Witness,True
969,512,518411,Expert Witness,False
970,512,517595,Eye Witness,True
971,513,507815,Eye Witness,True
972,513,521231,Eye Witness,False
973,513,502288,Expert Witness,True
974,513,511644,Eye Witness,False
975,514,524796,Circumstantial Witness,False
976,514,516383,Expert Witness,True
977,515,519697,Expert Witness,False
978,515,522389,Circumstantial Witness,False
979,515,521664,Eye Witness,False
980,516,523823,Eye Witness,True
981,517,501057,Expert Witness,False
982,517,512352,Circumstantial Witness,False
983,519,503202,Expert Witness,True
984,519,502038,Circumstantial Witness,True
985,521,502486,Expert Witness,True
986,522,506302,Eye Witness,False
987,523,523244,Eye Witness,False
988,524,508269,Expert Witness,True
989,525,523416,Circumstantial Witness,True
990,526,521358,Expert Witness,False
991,527,505973,Circumstantial Witness,True
992,527,513369,Circumstantial Witness,True
993,528,516867,Expert Witness,True
994,528,522944,Circumstantial Witness,True
995,528,508286,Eye Witness,True
996,529,509587,Eye Witness,True
997,529,524553,Eye Witness,True
998,529,508977,Expert Witness,False
999,529,506147,Circumstantial Witness,False
1000,531,524051,Circumstantial Witness,False
1001,531,503246,Circumstantial Witness,True
1002,532,510299,Expert Witness,True
1003,532,519567,Circumstantial Witness,False
1004,533,507747,Circumstantial Witness,False
1005,533,516353,Expert Witness,True
1006,533,500060,Expert Witness,False
1007,534,523980,Circumstantial Witness,True
1008,534,515998,Eye Witness,False
1009,534,500547,Expert Witness,False
1010,534,516763,Circumstantial Witness,True
1011,535,517958,Circumstantial Witness,False
1012,535,516196,Circumstantial Witness,True
1013,535,519523,Eye Witness,True
1014,536,500221,Expert Witness,False
1015,536,501462,Circumstantial Witness,True
1016,537,505823,Circumstantial Witness,False
1017,537,510171,Expert Witness,True
1018,539,513965,Circumstantial Witness,True
1019,540,504431,Expert Witness,False
1020,541,502985,Eye Witness,True
1021,541,502004,Eye Witness,True
1022,542,523908,Circumstantial Witness,False
1023,542,516854,Circumstantial Witness,False
1024,543,518814,Circumstantial Witness,False
1025,546,523249,Eye Witness,True
1026,547,504574,Eye Witness,True
1027,547,503414,Circumstantial Witness,True
1028,547,510684,Expert Witness,False
1029,548,508807,Eye Witness,False
1030,549,502863,Eye Witness,True
1031,549,516656,Expert Witness,False
1032,550,512814,Eye Witness,True
1033,550,506690,Expert Witness,True
1034,550,519587,Eye Witness,False
1035,553,510622,Circumstantial Witness,True
1036,553,500196,Eye Witness,False
1037,553,515391,Circumstantial Witness,False
1038,554,500823,Circumstantial Witness,True
1039,554,515720,Eye Witness,True
1040,554,510300,Expert Witness,False
1041,557,523870,Eye Witness,False
1042,557,507294,Expert Witness,True
1043,558,518625,Expert Witness,False
1044,559,506305,Circumstantial Witness,True
1045,560,522843,Expert Witness,False
1046,560,514330,Eye Witness,True
1047,561,516142,Expert Witness,True
1048,561,517551,Eye Witness,False
1049,563,510666,Eye Witness,False
1050,563,510080,Eye Witness,False
1051,563,510828,Circumstantial Witness,True
1052,563,519010,Eye Witness,True
1053,564,515061,Eye Witness,True
1054,564,508315,Expert Witness,True
1055,564,521932,Circumstantial Witness,True
1056,564,509552,Circumstantial Witness,False
1057,565,521063,Circumstantial Witness,False
1058,566,506580,Circumstantial Witness,False
1059,566,501127,Expert Witness,False
1060,566,517225,Eye Witness,True
1061,566,508749,Expert Witness,False
1062,567,515547,Circumstantial Witness,False
1063,567,511032,Circumstantial Witness,True
1064,567,517518,Expert Witness,True
1065,567,512898,Eye Witness,True
1066,568,524619,Eye Witness,False
1067,570,519498,Circumstantial Witness,False
1068,570,504450,Circumstantial Witness,False
1069,572,513167,Circumstantial Witness,True
1070,572,515517,Circumstantial Witness,True
1071,573,511257,Eye Witness,False
1072,573,519962,Expert Witness,False
1073,573,510040,Expert Witness,True
1074,573,505400,Expert Witness,False
1075,574,500167,Expert Witness,False
1076,574,506219,Expert Witness,True
1077,576,511175,Circumstantial Witness,True
1078,577,516369,Expert Witness,True
1079,578,501505,Circumstantial Witness,False
1080,578,503210,Eye Witness,False
1081,578,511792,Circumstantial Witness,True
1082,578,508587,Expert Witness,True
1083,579,501755,Circumstantial Witness,True
1084,580,521593,Expert Witness,True
1085,581,503035,Eye Witness,True
1086,581,502965,Circumstantial Witness,False
1087,582,513440,Eye Witness,True
1088,582,519207,Circumstantial Witness,False
1089,582,523631,Expert Witness,False
1090,583,503597,Circumstantial Witness,True
1091,583,500934,Expert Witness,False
1092,583,505749,Circumstantial Witness,True
1093,583,517900,Circumstantial Witness,True
1094,584,523745,Eye Witness,False
1095,585,520794,Eye Witness,False
1096,585,512923,Eye Witness,True
1097,585,508513,Expert Witness,True
1098,585,522903,Expert Witness,False
1099,587,506692,Eye Witness,False
1100,587,523573,Circumstantial Witness,True
1101,587,524772,Expert Witness,True
1102,588,509837,Eye Witness,False
1103,588,511969,Eye Witness,True
1104,588,511167,Expert Witness,False
1105,588,504874,Circumstantial Witness,True
1106,589,517135,Expert Witness,True
1107,589,508698,Expert Witness,False
1108,590,510603,Circumstantial Witness,False
1109,590,514354,Expert Witness,False
1110,591,520028,Circumstantial Witness,True
1111,591,507246,Expert Witness,True
1112,592,500657,Eye Witness,True
1113,593,511788,Expert Witness,True
1114,593,502224,Eye Witness,False
1115,593,515630,Eye Witness,False
1116,593,512294,Circumstantial Witness,False
1117,594,518673,Circumstantial Witness,True
1118,594,517996,Circumstantial Witness,False
1119,595,503545,Circumstantial Witness,True
1120,596,521644,Eye Witness,True
1121,597,514957,Eye Witness,False
1122,597,520412,Expert Witness,False
1123,597,515656,Eye Witness,False
1124,597,524899,Expert Witness,False
1125,598,518891,Circumstantial Witness,True
1126,600,506572,Expert Witness,True
1127,600,501656,Circumstantial Witness,True
1128,601,517436,Expert Witness,True
1129,602,509866,Circumstantial Witness,False
1130,604,522810,Circumstantial Witness,False
1131,604,517571,Eye Witness,True
1132,604,507482,Circumstantial Witness,True
1133,604,514093,Expert Witness,True
1134,605,508726,Expert Witness,False
1135,605,524200,Eye Witness,False
1136,606,515013,Circumstantial Witness,True
1137,606,502840,Circumstantial Witness,False
1138,606,512089,Expert Witness,False
1139,606,516648,Expert Witness,True
1140,607,505938,Eye Witness,True
1141,607,504001,Circumstantial Witness,True
1142,608,512686,Circumstantial Witness,True
1143,608,511365,Circumstantial Witness,True
1144,608,507623,Circumstantial Witness,False
1145,609,521695,Circumstantial Witness,True
1146,610,504803,Expert Witness,True
1147,611,505103,Circumstantial Witness,False
1148,611,520501,Eye Witness,True
1149,611,515233,Eye Witness,False
1150,612,521934,Circumstantial Witness,True
1151,612,523971,Circumstantial Witness,False
1152,615,509805,Circumstantial Witness,False
1153,615,523993,Expert Witness,True
1154,616,505463,Expert Witness,True
1155,616,508721,Expert Witness,True
1156,617,511238,Circumstantial Witness,False
1157,618,524266,Eye Witness,True
1158,618,500044,Circumstantial Witness,True
1159,618,515803,Eye Witness,True
1160,618,516315,Eye Witness,True
1161,619,508495,Expert Witness,False
1162,619,508729,Eye Witness,True
1163,619,514001,Expert Witness,True
1164,621,500153,Expert Witness,False
1165,624,505476,Eye Witness,True
1166,624,504090,Circumstantial Witness,True
1167,624,511202,Eye Witness,True
1168,624,510479,Circumstantial Witness,False
1169,625,517715,Eye Witness,False
1170,627,515175,Circumstantial Witness,False
1171,627,507288,Circumstantial Witness,True
1172,629,514087,Eye Witness,False
1173,629,523732,Expert Witness,True
1174,629,501196,Eye Witness,False
1175,630,518400,Eye Witness,True
1176,630,516714,Circumstantial Witness,False
1177,630,521933,Circumstantial Witness,True
1178,632,508526,Circumstantial Witness,True
1179,632,520996,Eye Witness,False
1180,632,520152,Eye Witness,True
1181,633,523104,Circumstantial Witness,True
1182,633,503003,Circumstantial Witness,True
1183,634,517796,Circumstantial Witness,True
1184,635,510479,Eye Witness,True
1185,636,503693,Eye Witness,False
1186,636,520378,Eye Witness,False
1187,636,506149,Circumstantial Witness,False
1188,636,524557,Eye Witness,True
1189,637,522659,Circumstantial Witness,False
1190,637,512817,Eye Witness,False
1191,638,523522,Eye Witness,False
1192,638,516450,Eye Witness,False
1193,638,522620,Eye Witness,True
1194,639,506666,Expert Witness,False
1195,640,515186,Circumstantial Witness,True
1196,640,506989,Eye Witness,False
1197,640,513359,Circumstantial Witness,False
1198,640,509314,Expert Witness,True
1199,641,521883,Eye Witness,False
1200,641,524767,Expert Witness,False
1201,642,507791,Eye Witness,False
1202,642,503630,Circumstantial Witness,False
1203,643,521659,Expert Witness,False
1204,643,508263,Eye Witness,True
1205,643,524501,Circumstantial Witness,False
1206,644,510087,Circumstantial Witness,False
1207,646,503362,Circumstantial Witness,False
1208,646,502338,Eye Witness,False
1209,647,515470,Circumstantial Witness,True
1210,647,513792,Circumstantial Witness,True
1211,647,505739,Circumstantial Witness,True
1212,647,508525,Expert Witness,True
1213,648,523680,Circumstantial Witness,True
1214,648,522794,Eye Witness,True
1215,648,504945,Circumstantial Witness,True
1216,649,510541,Expert Witness,True
1217,649,504266,Eye Witness,False
1218,649,518178,Eye Witness,True
1219,650,519624,Eye Witness,False
1220,650,524880,Circumstantial Witness,False
1221,650,521302,Expert Witness,False
1222,651,522306,Eye Witness,False
1223,651,524695,Circumstantial Witness,False
1224,651,523930,Eye Witness,False
1225,653,520219,Eye Witness,False
1226,653,516938,Circumstantial Witness,True
1227,653,508471,Eye Witness,True
1228,653,522519,Expert Witness,False
1229,655,513479,Expert Witness,True
1230,656,503366,Circumstantial Witness,False
1231,656,501749,Expert Witness,True
1232,657,520561,Expert Witness,True
1233,658,516912,Expert Witness,True
1234,658,519362,Circumstantial Witness,False
1235,658,500976,Eye Witness,True
1236,659,510789,Eye Witness,False
1237,659,519452,Eye Witness,True
1238,659,502673,Eye Witness,False
1239,659,513342,Circumstantial Witness,True
1240,660,522971,Circumstantial Witness,True
1241,660,504886,Circumstantial Witness,True
1242,661,523722,Expert Witness,False
1243,661,503535,Eye Witness,True
1244,662,500001,Circumstantial Witness,True
1245,662,522103,Expert Witness,False
1246,662,510222,Eye Witness,True
1247,663,504569,Expert Witness,False
1248,664,524182,Circumstantial Witness,False
1249,665,510002,Expert Witness,True
1250,665,522244,Expert Witness,False
1251,665,517513,Expert Witness,True
1252,665,503015,Eye Witness,True
1253,666,516564,Eye Witness,True
1254,666,515944,Expert Witness,True
1255,667,507275,Circumstantial Witness,True
1256,667,520256,Circumstantial Witness,True
1257,667,511538,Expert Witness,False
1258,669,512522,Expert Witness,False
1259,669,512639,Eye Witness,True
1260,669,508647,Eye Witness,False
1261,670,500227,Circumstantial Witness,False
1262,670,500415,Circumstantial Witness,False
1263,671,517572,Expert Witness,True
1264,671,515604,Expert Witness,True
1265,671,503462,Eye Witness,False
1266,671,513976,Circumstantial Witness,False
1267,672,524439,Circumstantial Witness,False
1268,672,513652,Eye Witness,False
1269,672,512401,Expert Witness,True
1270,672,515778,Circumstantial Witness,True
1271,673,509263,Expert Witness,True
1272,673,510675,Circumstantial Witness,False
1273,673,508691,Circumstantial Witness,False
1274,673,501840,Circumstantial Witness,True
1275,674,500726,Expert Witness,False
1276,674,511584,Expert Witness,True
1277,675,511813,Circumstantial Witness,True
1278,676,521230,Circumstantial Witness,True
1279,676,515626,Expert Witness,True
1280,676,519473,Expert Witness,True
1281,676,512072,Circumstantial Witness,True
1282,677,500878,Expert Witness,True
1283,677,503652,Expert Witness,False
1284,677,509553,Circumstantial Witness,False
1285,679,518571,Circumstantial Witness,True
1286,679,515015,Circumstantial Witness,True
1287,680,519097,Eye Witness,False
1288,681,506422,Expert Witness,True
1289,681,504096,Eye Witness,False
1290,681,521021,Circumstantial Witness,False
1291,682,512750,Circumstantial Witness,False
1292,683,519619,Circumstantial Witness,True
1293,683,500950,Circumstantial Witness,True
1294,684,505438,Eye Witness,True
1295,684,518858,Expert Witness,True
1296,685,517340,Eye Witness,False
1297,686,521701,Expert Witness,False
1298,686,506320,Expert Witness,True
1299,686,524178,Circumstantial Witness,False
1300,686,504580,Expert Witness,False
1301,687,524836,Eye Witness,True
1302,688,523265,Eye Witness,True
1303,690,506879,Circumstantial Witness,False
1304,690,516147,Circumstantial Witness,True
1305,690,511092,Eye Witness,False
1306,691,513851,Circumstantial Witness,True
1307,691,522505,Eye Witness,True
1308,693,500372,Expert Witness,True
1309,693,517548,Expert Witness,False
1310,693,501114,Circumstantial Witness,False
1311,693,520495,Circumstantial Witness,False
1312,694,518515,Expert Witness,True
1313,694,510277,Expert Witness,False
1314,695,504583,Expert Witness,False
1315,695,506255,Eye Witness,True
1316,695,507092,Circumstantial Witness,True
1317,696,500815,Eye Witness,False
1318,696,520613,Circumstantial Witness,True
1319,696,513830,Circumstantial Witness,False
1320,696,514585,Expert Witness,True
1321,697,507585,Expert Witness,False
1322,697,521643,Expert Witness,True
1323,697,514997,Eye Witness,False
1324,697,519844,Eye Witness,False
1325,698,509707,Circumstantial Witness,False
1326,699,522127,Circumstantial Witness,False
1327,699,508035,Circumstantial Witness,True
1328,701,521690,Circumstantial Witness,False
1329,702,518035,Expert Witness,False
1330,702,516112,Circumstantial Witness,False
1331,704,523365,Expert Witness,True
1332,704,519826,Eye Witness,False
1333,705,505393,Eye Witness,False
1334,705,522420,Eye Witness,True
1335,705,521058,Eye Witness,True
1336,706,523577,Eye Witness,True
1337,706,512160,Expert Witness,True
1338,709,522886,Circumstantial Witness,False
1339,709,523200,Eye Witness,True
1340,709,518074,Expert Witness,True
1341,709,513158,Eye Witness,True
1342,710,502016,Circumstantial Witness,False
1343,710,517927,Expert Witness,True
1344,710,513002,Eye Witness,False
1345,710,505670,Circumstantial Witness,False
1346,712,520846,Expert Witness,False
1347,712,500029,Expert Witness,True
1348,712,509064,Expert Witness,True
1349,712,514710,Expert Witness,False
1350,713,512013,Eye Witness,False
1351,715,515943,Expert Witness,True
1352,715,515332,Expert Witness,False
1353,715,502694,Circumstantial Witness,False
1354,716,501986,Eye Witness,False
1355,716,500176,Eye Witness,False
1356,717,516382,Expert Witness,False
1357,717,511491,Eye Witness,True
1358,718,509750,Expert Witness,True
1359,720,523331,Circumstantial Witness,True
1360,721,514088,Circumstantial Witness,False
1361,725,504855,Eye Witness,True
1362,725,507130,Expert Witness,True
1363,726,503024,Eye Witness,True
1364,726,500986,Eye Witness,False
1365,727,500969,Eye Witness,False
1366,727,517716,Eye Witness,True
1367,728,516593,Circumstantial Witness,True
1368,729,520633,Circumstantial Witness,False
1369,729,508482,Expert Witness,True
1370,729,506541,Circumstantial Witness,True
1371,729,519340,Circumstantial Witness,False
1372,730,517293,Expert Witness,False
1373,731,517537,Eye Witness,False
1374,732,511421,Expert Witness,True
1375,732,506561,Expert Witness,True
1376,732,508576,Circumstantial Witness,True
1377,733,505479,Circumstantial Witness,True
1378,733,516515,Circumstantial Witness,True
1379,733,510147,Circumstantial Witness,True
1380,733,508051,Expert Witness,True
1381,734,515929,Circumstantial Witness,True
1382,735,509635,Expert Witness,False
1383,736,513033,Expert Witness,False
1384,736,504650,Expert Witness,False
1385,736,511611,Expert Witness,False
1386,737,516971,Circumstantial Witness,False
1387,737,511164,Expert Witness,False
1388,737,510479,Circumstantial Witness,False
1389,737,510453,Expert Witness,True
1390,738,522307,Circumstantial Witness,True
1391,739,512841,Expert Witness,True
1392,739,517230,Expert Witness,True
1393,739,501408,Circumstantial Witness,False
1394,739,519584,Circumstantial Witness,False
1395,742,514437,Eye Witness,True
1396,742,513277,Expert Witness,False
1397,742,508036,Eye Witness,False
1398,742,501007,Eye Witness,False
1399,743,511953,Expert Witness,True
1400,743,515982,Expert Witness,False
1401,745,505583,Eye Witness,False
1402,745,507484,Eye Witness,False
1403,745,502924,Expert Witness,True
1404,745,502511,Expert Witness,False
1405,746,517207,Eye Witness,True
1406,746,517655,Eye Witness,False
1407,746,500233,Eye Witness,False
1408,746,509297,Circumstantial Witness,False
1409,747,505550,Circumstantial Witness,False
1410,747,501425,Expert Witness,True
1411,747,515272,Circumstantial Witness,False
1412,748,501819,Circumstantial Witness,True
1413,748,524283,Expert Witness,True
1414,749,500713,Expert Witness,True
1415,749,511440,Expert Witness,False
1416,749,501938,Eye Witness,True
1417,749,505516,Expert Witness,False
1418,750,514339,Eye Witness,True
1419,751,513817,Eye Witness,True
1420,751,505164,Expert Witness,True
1421,751,524459,Expert Witness,False
1422,752,524957,Circumstantial Witness,False
1423,752,505037,Eye Witness,False
1424,753,521022,Eye Witness,False
1425,753,521465,Circumstantial Witness,True
1426,754,506725,Circumstantial Witness,True
1427,754,514514,Eye Witness,False
1428,754,522262,Expert Witness,False
1429,755,521627,Eye Witness,True
1430,755,524428,Expert Witness,False
1431,755,513499,Circumstantial Witness,False
1432,755,513169,Eye Witness,True
1433,756,507972,Expert Witness,True
1434,756,503646,Expert Witness,True
1435,756,503318,Circumstantial Witness,True
1436,756,523268,Circumstantial Witness,False
1437,757,504183,Eye Witness,True
1438,757,508958,Eye Witness,False
1439,757,515072,Expert Witness,True
1440,759,518984,Expert Witness,False
1441,760,515182,Circumstantial Witness,True
1442,760,502792,Eye Witness,False
1443,760,501522,Circumstantial Witness,True
1444,762,523228,Eye Witness,False
1445,764,517977,Circumstantial Witness,False
1446,764,515783,Expert Witness,False
1447,764,524966,Eye Witness,False
1448,764,509382,Eye Witness,False
1449,765,521845,Eye Witness,False
1450,765,510068,Eye Witness,True
1451,765,517546,Expert Witness,False
1452,766,509835,Eye Witness,True
1453,766,507188,Expert Witness,True
1454,766,518165,Expert Witness,True
1455,767,517365,Circumstantial Witness,True
1456,767,501921,Circumstantial Witness,True
1457,767,502151,Circumstantial Witness,True
1458,767,505199,Circumstantial Witness,False
1459,768,507348,Expert Witness,True
1460,768,505101,Expert Witness,False
1461,769,520208,Eye Witness,False
1462,769,513664,Eye Witness,True
1463,769,512442,Eye Witness,True
1464,769,502883,Expert Witness,True
1465,770,506464,Eye Witness,True
1466,770,521171,Eye Witness,True
1467,770,511046,Circumstantial Witness,False
1468,771,523802,Circumstantial Witness,True
1469,772,518223,Expert Witness,False
1470,772,520859,Circumstantial Witness,True
1471,772,516710,Eye Witness,True
1472,772,500633,Circumstantial Witness,False
1473,773,501098,Eye Witness,False
1474,774,501199,Expert Witness,True
1475,774,505800,Expert Witness,False
1476,774,520682,Circumstantial Witness,False
1477,774,521215,Circumstantial Witness,True
1478,775,516393,Circumstantial Witness,False
1479,775,517255,Expert Witness,False
1480,775,506382,Circumstantial Witness,False
1481,776,519724,Expert Witness,False
1482,776,513822,Expert Witness,False
1483,776,501660,Expert Witness,True
1484,776,522500,Circumstantial Witness,False
1485,777,513414,Expert Witness,False
1486,778,502545,Expert Witness,True
1487,778,514129,Circumstantial Witness,True
1488,778,512333,Expert Witness,True
1489,779,522812,Eye Witness,True
1490,780,516299,Circumstantial Witness,True
1491,780,511170,Expert Witness,False
1492,781,519124,Eye Witness,False
1493,781,500264,Expert Witness,False
1494,782,507563,Eye Witness,False
1495,782,504270,Circumstantial Witness,True
1496,783,513817,Circumstantial Witness,True
1497,784,515012,Eye Witness,True
1498,784,514600,Eye Witness,True
1499,784,505088,Circumstantial Witness,False
1500,784,510173,Circumstantial Witness,False
1501,786,515613,Expert Witness,True
1502,787,514585,Circumstantial Witness,True
1503,788,500275,Expert Witness,True
1504,788,515045,Circumstantial Witness,False
1505,789,520869,Expert Witness,True
1506,789,516611,Circumstantial Witness,False
1507,789,512972,Expert Witness,False
1508,789,517098,Circumstantial Witness,True
1509,790,520328,Circumstantial Witness,True
1510,790,515328,Eye Witness,True
1511,791,522562,Expert Witness,False
1512,792,502024,Expert Witness,True
1513,792,524549,Expert Witness,True
1514,792,518466,Circumstantial Witness,False
1515,794,513731,Expert Witness,True
1516,795,522312,Eye Witness,True
1517,795,501002,Expert Witness,True
1518,796,505214,Expert Witness,True
1519,797,505656,Expert Witness,False
1520,797,513346,Eye Witness,False
1521,797,524685,Circumstantial Witness,False
1522,797,512515,Circumstantial Witness,False
1523,798,512496,Eye Witness,False
1524,798,509366,Circumstantial Witness,True
1525,800,508466,Expert Witness,True
1526,800,516560,Expert Witness,False
1527,800,500514,Eye Witness,True
1528,801,523061,Circumstantial Witness,True
1529,801,519090,Circumstantial Witness,True
1530,801,522805,Circumstantial Witness,False
1531,801,514018,Expert Witness,True
1532,802,523016,Eye Witness,True
1533,802,511881,Circumstantial Witness,True
1534,803,504933,Circumstantial Witness,False
1535,803,510578,Eye Witness,True
1536,804,502311,Eye Witness,True
1537,804,510037,Eye Witness,True
1538,804,519980,Expert Witness,True
1539,805,510357,Eye Witness,False
1540,805,524231,Circumstantial Witness,True
1541,805,500301,Circumstantial Witness,True
1542,805,508365,Expert Witness,False
1543,807,520181,Expert Witness,False
1544,807,505917,Circumstantial Witness,True
1545,807,516153,Expert Witness,False
1546,808,514369,Circumstantial Witness,True
1547,809,523593,Eye Witness,True
1548,809,512817,Expert Witness,True
1549,809,521443,Eye Witness,False
1550,809,522304,Circumstantial Witness,False
1551,810,501768,Circumstantial Witness,True
1552,810,505670,Eye Witness,False
1553,811,515642,Expert Witness,True
1554,811,515477,Eye Witness,True
1555,811,524452,Eye Witness,True
1556,811,519971,Circumstantial Witness,True
1557,812,504975,Expert Witness,False
1558,813,507852,Eye Witness,True
1559,813,513897,Circumstantial Witness,False
1560,814,509404,Circumstantial Witness,False
1561,814,518147,Eye Witness,True
1562,814,515970,Eye Witness,True
1563,816,505110,Eye Witness,True
1564,816,518280,Eye Witness,False
1565,817,512407,Circumstantial Witness,True
1566,817,509908,Expert Witness,True
1567,818,520330,Circumstantial Witness,True
1568,818,519187,Expert Witness,False
1569,818,513481,Expert Witness,True
1570,818,523488,Circumstantial Witness,True
1571,819,519027,Expert Witness,True
1572,819,511916,Expert Witness,True
1573,820,516179,Expert Witness,False
1574,820,523251,Eye Witness,True
1575,820,512684,Expert Witness,True
1576,821,511838,Eye Witness,False
1577,821,521269,Eye Witness,True
1578,821,519943,Circumstantial Witness,False
1579,822,508634,Expert Witness,False
1580,823,506003,Circumstantial Witness,True
1581,823,502207,Circumstantial Witness,False
1582,823,516022,Expert Witness,True
1583,823,522677,Circumstantial Witness,False
1584,824,500482,Circumstantial Witness,False
1585,824,522014,Circumstantial Witness,False
1586,825,507282,Circumstantial Witness,False
1587,825,503508,Eye Witness,True
1588,827,504286,Eye Witness,True
1589,827,502639,Eye Witness,False
1590,827,504783,Eye Witness,False
1591,827,512355,Eye Witness,False
1592,828,512677,Eye Witness,True
1593,829,508040,Expert Witness,False
1594,829,512662,Expert Witness,False
1595,829,516414,Circumstantial Witness,False
1596,829,505090,Expert Witness,True
1597,830,520531,Circumstantial Witness,False
1598,831,503035,Expert Witness,False
1599,831,524586,Expert Witness,True
1600,831,507789,Circumstantial Witness,True
1601,832,510108,Eye Witness,False
1602,832,513406,Expert Witness,True
1603,832,507563,Expert Witness,True
1604,833,506010,Eye Witness,False
1605,835,512727,Circumstantial Witness,True
1606,835,513845,Eye Witness,True
1607,835,506210,Expert Witness,False
1608,835,500971,Circumstantial Witness,True
1609,838,523432,Expert Witness,True
1610,838,507452,Expert Witness,True
1611,838,518913,Eye Witness,True
1612,839,514497,Expert Witness,True
1613,839,509187,Circumstantial Witness,False
1614,839,500142,Circumstantial Witness,True
1615,841,518415,Expert Witness,True
1616,841,506389,Eye Witness,True
1617,841,511305,Circumstantial Witness,False
1618,841,501584,Circumstantial Witness,False
1619,842,515825,Circumstantial Witness,True
1620,842,517508,Circumstantial Witness,True
1621,844,508457,Circumstantial Witness,True
1622,844,500205,Eye Witness,False
1623,844,519721,Circumstantial Witness,True
1624,846,520916,Eye Witness,True
1625,846,508292,Circumstantial Witness,True
1626,846,521712,Circumstantial Witness,True
1627,847,518564,Expert Witness,False
1628,847,504526,Expert Witness,True
1629,847,504681,Circumstantial Witness,False
1630,847,500037,Expert Witness,False
1631,848,524919,Circumstantial Witness,False
1632,849,512653,Eye Witness,True
1633,849,518999,Circumstantial Witness,True
1634,851,509803,Eye Witness,True
1635,851,510197,Circumstantial Witness,True
1636,851,503114,Eye Witness,False
1637,851,521869,Expert Witness,True
1638,852,514377,Eye Witness,False
1639,852,503966,Eye Witness,True
1640,852,514908,Expert Witness,False
1641,853,506386,Eye Witness,True
1642,855,520837,Circumstantial Witness,False
1643,855,510287,Eye Witness,True
1644,856,519659,Circumstantial Witness,False
1645,856,515602,Eye Witness,True
1646,856,507794,Expert Witness,True
1647,856,502106,Expert Witness,False
1648,857,514274,Expert Witness,True
1649,857,505873,Circumstantial Witness,False
1650,857,500131,Eye Witness,False
1651,857,508492,Eye Witness,False
1652,860,515995,Eye Witness,True
1653,860,518454,Circumstantial Witness,False
1654,861,524896,Expert Witness,True
1655,861,516998,Eye Witness,False
1656,861,517136,Circumstantial Witness,False
1657,862,502262,Expert Witness,True
1658,862,521630,Expert Witness,False
1659,862,507405,Circumstantial Witness,True
1660,863,514386,Circumstantial Witness,False
1661,863,504886,Circumstantial Witness,False
1662,863,521024,Expert Witness,False
1663,865,513239,Circumstantial Witness,True
1664,867,501529,Expert Witness,True
1665,867,523818,Circumstantial Witness,True
1666,867,518523,Expert Witness,True
1667,868,522231,Circumstantial Witness,False
1668,869,512247,Circumstantial Witness,False
1669,869,517283,Eye Witness,False
1670,870,515268,Circumstantial Witness,True
1671,870,517602,Expert Witness,False
1672,870,523961,Eye Witness,True
1673,870,505711,Circumstantial Witness,False
1674,871,518253,Expert Witness,False
1675,871,522291,Circumstantial Witness,True
1676,872,500223,Eye Witness,True
1677,873,512075,Expert Witness,True
1678,873,523928,Circumstantial Witness,True
1679,873,501370,Eye Witness,False
1680,873,506884,Eye Witness,True
1681,874,516801,Eye Witness,False
1682,874,516666,Expert Witness,True
1683,874,505635,Eye Witness,False
1684,874,524490,Circumstantial Witness,False
1685,875,509390,Circumstantial Witness,True
1686,875,517786,Eye Witness,False
1687,876,505726,Circumstantial Witness,True
1688,877,523532,Circumstantial Witness,False
1689,877,511288,Eye Witness,True
1690,878,516156,Eye Witness,True
1691,879,503545,Expert Witness,True
1692,879,510352,Eye Witness,True
1693,879,504243,Circumstantial Witness,True
1694,880,514469,Eye Witness,False
1695,880,523723,Expert Witness,False
1696,880,518357,Eye Witness,False
1697,881,500187,Expert Witness,True
1698,881,523691,Expert Witness,True
1699,881,516656,Expert Witness,True
1700,882,501699,Expert Witness,True
1701,882,505052,Expert Witness,True
1702,883,506668,Expert Witness,False
1703,885,519737,Expert Witness,True
1704,885,504512,Circumstantial Witness,True
1705,885,504828,Expert Witness,False
1706,885,512572,Circumstantial Witness,True
1707,886,515460,Circumstantial Witness,False
1708,886,524519,Circumstantial Witness,False
1709,886,506804,Expert Witness,True
1710,887,521328,Expert Witness,True
1711,887,517494,Circumstantial Witness,False
1712,887,508715,Expert Witness,False
1713,888,511448,Eye Witness,False
1714,888,505530,Eye Witness,True
1715,888,524955,Eye Witness,False
1716,888,522351,Expert Witness,True
1717,889,511553,Eye Witness,False
1718,889,505818,Expert Witness,False
1719,889,519475,Circumstantial Witness,False
1720,890,500223,Eye Witness,False
1721,890,504898,Circumstantial Witness,True
1722,891,524918,Circumstantial Witness,False
1723,891,506290,Eye Witness,False
1724,893,513826,Eye Witness,False
1725,893,521739,Eye Witness,False
1726,893,517428,Eye Witness,True
1727,894,506548,Circumstantial Witness,False
1728,894,522767,Eye Witness,False
1729,894,519355,Eye Witness,False
1730,895,522293,Expert Witness,True
1731,895,521221,Eye Witness,True
1732,895,502229,Eye Witness,True
1733,897,517313,Circumstantial Witness,False
1734,897,501197,Circumstantial Witness,True
1735,898,517255,Eye Witness,False
1736,898,524313,Expert Witness,True
1737,898,509718,Expert Witness,True
1738,898,507251,Expert Witness,True
1739,899,513931,Expert Witness,True
1740,899,512391,Circumstantial Witness,True
1741,899,506537,Circumstantial Witness,False
1742,899,514888,Eye Witness,True
1743,900,522181,Circumstantial Witness,True
1744,900,519230,Eye Witness,False
1745,900,521190,Eye Witness,False
1746,901,518641,Circumstantial Witness,False
1747,901,514071,Expert Witness,False
1748,901,503986,Circumstantial Witness,True
1749,901,509273,Expert Witness,True
1750,902,503625,Eye Witness,True
1751,902,503276,Expert Witness,True
1752,902,523302,Circumstantial Witness,False
1753,903,518922,Circumstantial Witness,True
1754,903,510067,Expert Witness,False
1755,903,516525,Circumstantial Witness,True
1756,903,513633,Expert Witness,False
1757,904,503917,Eye Witness,True
1758,905,521492,Circumstantial Witness,False
1759,905,501670,Expert Witness,False
1760,906,515816,Circumstantial Witness,False
1761,906,509974,Eye Witness,False
1762,906,501174,Eye Witness,True
1763,907,514847,Eye Witness,True
1764,907,524032,Eye Witness,False
1765,907,511897,Eye Witness,True
1766,907,502211,Circumstantial Witness,True
1767,908,512713,Expert Witness,False
1768,908,511395,Expert Witness,False
1769,908,512273,Eye Witness,True
1770,908,511699,Eye Witness,True
1771,909,501952,Eye Witness,True
1772,910,523104,Eye Witness,False
1773,910,519758,Eye Witness,False
1774,910,517647,Eye Witness,False
1775,911,509406,Circumstantial Witness,False
1776,911,502661,Eye Witness,False
1777,913,516457,Circumstantial Witness,True
1778,914,524293,Circumstantial Witness,False
1779,914,523601,Circumstantial Witness,True
1780,915,500057,Expert Witness,False
1781,915,509255,Expert Witness,True
1782,916,506477,Circumstantial Witness,False
1783,918,500912,Circumstantial Witness,False
1784,919,516663,Circumstantial Witness,False
1785,919,524642,Eye Witness,False
1786,919,523117,Expert Witness,True
1787,920,522517,Eye Witness,False
1788,920,521071,Expert Witness,True
1789,920,512040,Eye Witness,True
1790,920,501435,Expert Witness,True
1791,921,524461,Circumstantial Witness,False
1792,922,521406,Circumstantial Witness,True
1793,924,524023,Eye Witness,False
1794,924,518498,Eye Witness,False
1795,924,517336,Eye Witness,False
1796,925,509600,Circumstantial Witness,True
1797,925,516258,Expert Witness,False
1798,925,523328,Expert Witness,False
1799,928,510576,Eye Witness,False
1800,929,505731,Eye Witness,False
1801,929,522342,Expert Witness,False
1802,929,506161,Eye Witness,False
1803,930,510912,Circumstantial Witness,True
1804,931,507870,Circumstantial Witness,False
1805,931,515307,Expert Witness,True
1806,932,504806,Circumstantial Witness,False
1807,932,517285,Circumstantial Witness,True
1808,932,503984,Circumstantial Witness,False
1809,932,520461,Eye Witness,False
1810,933,517510,Circumstantial Witness,False
1811,933,521531,Circumstantial Witness,True
1812,935,500844,Eye Witness,True
1813,935,504925,Expert Witness,True
1814,936,517822,Expert Witness,False
1815,936,518272,Eye Witness,False
1816,936,501262,Circumstantial Witness,True
1817,937,517786,Expert Witness,True
1818,937,513026,Circumstantial Witness,False
1819,938,519077,Eye Witness,True
1820,939,506230,Circumstantial Witness,True
1821,939,515427,Circumstantial Witness,True
1822,939,513165,Circumstantial Witness,False
1823,940,500978,Eye Witness,True
1824,940,514325,Eye Witness,True
1825,940,514422,Eye Witness,True
1826,940,511825,Expert Witness,False
1827,941,521314,Eye Witness,False
1828,942,507849,Circumstantial Witness,False
1829,942,514743,Circumstantial Witness,True
1830,942,511275,Expert Witness,True
1831,942,509095,Expert Witness,False
1832,944,506681,Expert Witness,True
1833,944,524425,Expert Witness,True
1834,944,509257,Expert Witness,True
1835,945,522705,Eye Witness,True
1836,945,518832,Expert Witness,False
1837,945,500851,Eye Witness,True
1838,945,501092,Expert Witness,False
1839,946,524880,Expert Witness,True
1840,947,502835,Circumstantial Witness,False
1841,947,516301,Circumstantial Witness,True
1842,947,504112,Expert Witness,False
1843,948,505756,Eye Witness,True
1844,948,506535,Expert Witness,False
1845,948,513660,Circumstantial Witness,False
1846,949,503984,Eye Witness,True
1847,949,502586,Circumstantial Witness,True
1848,949,508030,Eye Witness,True
1849,950,513990,Circumstantial Witness,True
1850,950,508359,Eye Witness,False
1851,950,508709,Eye Witness,True
1852,950,506449,Expert Witness,False
1853,951,510899,Expert Witness,False
1854,951,503088,Circumstantial Witness,True
1855,951,502457,Expert Witness,False
1856,952,524618,Eye Witness,False
1857,952,523216,Circumstantial Witness,False
1858,952,516418,Circumstantial Witness,False
1859,953,522898,Circumstantial Witness,False
1860,954,500996,Circumstantial Witness,True
1861,954,500511,Eye Witness,False
1862,954,504012,Eye Witness,True
1863,954,514800,Expert Witness,True
1864,955,523051,Expert Witness,False
1865,955,511069,Expert Witness,False
1866,957,522581,Circumstantial Witness,True
1867,960,506521,Eye Witness,True
1868,960,509835,Circumstantial Witness,False
1869,960,513753,Circumstantial Witness,False
1870,960,510008,Circumstantial Witness,False
1871,961,516384,Eye Witness,True
1872,962,505216,Expert Witness,True
1873,962,514948,Circumstantial Witness,False
1874,962,510931,Expert Witness,False
1875,962,503822,Eye Witness,False
1876,963,510965,Eye Witness,False
1877,963,523951,Eye Witness,False
1878,963,521884,Eye Witness,False
1879,963,500718,Circumstantial Witness,False
1880,964,517873,Expert Witness,False
1881,965,500156,Expert Witness,False
1882,966,501820,Eye Witness,False
1883,966,503049,Eye Witness,False
1884,967,504527,Expert Witness,False
1885,967,524481,Circumstantial Witness,True
1886,968,518079,Expert Witness,True
1887,968,517758,Eye Witness,False
1888,968,514262,Eye Witness,True
1889,968,505048,Expert Witness,True
1890,969,501311,Circumstantial Witness,True
1891,970,507264,Eye Witness,True
1892,970,509074,Circumstantial Witness,True
1893,971,501430,Expert Witness,False
1894,972,524715,Eye Witness,False
1895,973,523870,Circumstantial Witness,True
1896,973,501916,Eye Witness,True
1897,974,509277,Circumstantial Witness,False
1898,974,508810,Circumstantial Witness,True
1899,974,510510,Eye Witness,False
1900,974,516299,Circumstantial Witness,True
1901,975,504723,Eye Witness,True
1902,975,524989,Expert Witness,False
1903,975,509421,Expert Witness,True
1904,976,504706,Eye Witness,False
1905,976,505740,Eye Witness,True
1906,976,509982,Circumstantial Witness,True
1907,976,514537,Circumstantial Witness,False
1908,977,500743,Eye Witness,True
1909,977,510133,Expert Witness,True
1910,977,506268,Circumstantial Witness,True
1911,977,519540,Circumstantial Witness,True
1912,978,516761,Expert Witness,True
1913,979,500490,Eye Witness,False
1914,979,500711,Eye Witness,False
1915,980,504941,Circumstantial Witness,False
1916,980,509902,Expert Witness,False
1917,980,516220,Circumstantial Witness,False
1918,981,507377,Eye Witness,False
1919,981,516773,Eye Witness,False
1920,982,517178,Circumstantial Witness,True
1921,982,509748,Eye Witness,False
1922,982,520322,Expert Witness,False
1923,982,514442,Expert Witness,False
1924,983,516984,Circumstantial Witness,False
1925,983,509488,Eye Witness,True
1926,985,517381,Circumstantial Witness,True
1927,985,517374,Expert Witness,True
1928,985,504333,Eye Witness,True
1929,985,516429,Expert Witness,False
1930,986,517295,Expert Witness,True
1931,987,501347,Expert Witness,False
1932,987,509117,Eye Witness,False
1933,987,502413,Expert Witness,True
1934,988,507465,Circumstantial Witness,False
1935,988,515797,Eye Witness,True
1936,988,500590,Circumstantial Witness,True
1937,989,504568,Expert Witness,False
1938,989,520046,Eye Witness,True
1939,989,518220,Eye Witness,True
1940,990,523373,Expert Witness,True
1941,990,518378,Circumstantial Witness,True
1942,990,505024,Eye Witness,True
1943,990,518748,Eye Witness,False
1944,991,519544,Circumstantial Witness,False
1945,991,509252,Circumstantial Witness,True
1946,992,522514,Eye Witness,False
1947,992,505263,Circumstantial Witness,False
1948,992,523277,Circumstantial Witness,True
1949,992,502001,Circumstantial Witness,False
1950,993,500293,Circumstantial Witness,True
1951,993,506381,Circumstantial Witness,True
1952,994,515183,Eye Witness,False
1953,994,505499,Eye Witness,True
1954,994,502934,Eye Witness,True
1955,995,509496,Expert Witness,False
1956,996,522234,Eye Witness,False
1957,996,524113,Eye Witness,False
1958,996,521560,Circumstantial Witness,False
1959,996,522273,Circumstantial Witness,True
1960,997,501633,Expert Witness,True
1961,997,509371,Circumstantial Witness,True
1962,997,502652,Eye Witness,True
1963,997,514469,Expert Witness,False
1964,998,524151,Circumstantial Witness,True
1965,998,524589,Eye Witness,False
1966,998,501507,Eye Witness,True
1967,999,510138,Expert Witness,True
1968,1000,524182,Eye Witness,True
1969,1000,502685,Eye Witness,True
1970,1000,503850,Expert Witness,False
1971,1001,508789,Eye Witness,True
1972,1001,524326,Eye Witness,False
1973,1001,509243,Eye Witness,False
1974,1002,515722,Eye Witness,False
1975,1002,510813,Expert Witness,True
1976,1002,506422,Circumstantial Witness,False
1977,1003,522878,Circumstantial Witness,False
1978,1004,522670,Circumstantial Witness,False
1979,1004,520623,Eye Witness,False
1980,1004,501161,Circumstantial Witness,True
1981,1005,507267,Circumstantial Witness,True
1982,1005,501024,Circumstantial Witness,False
1983,1006,506913,Eye Witness,True
1984,1006,508839,Circumstantial Witness,False
1985,1007,519045,Eye Witness,False
1986,1007,507673,Circumstantial Witness,True
1987,1007,501567,Expert Witness,True
1988,1008,515961,Expert Witness,True
1989,1008,518898,Expert Witness,True
1990,1009,521510,Eye Witness,False
1991,1010,522987,Eye Witness,True
1992,1010,521687,Eye Witness,True
1993,1010,521665,Circumstantial Witness,False
1994,1011,503753,Expert Witness,False
1995,1011,508408,Circumstantial Witness,True
1996,1011,513917,Expert Witness,False
1997,1013,503354,Eye Witness,True
1998,1013,523204,Circumstantial Witness,False
1999,1014,507416,Circumstantial Witness,False
2000,1015,501940,Eye Witness,True
2001,1015,507330,Expert Witness,True
2002,1016,504242,Eye Witness,True
2003,1016,513072,Circumstantial Witness,True
2004,1016,518559,Circumstantial Witness,False
2005,1017,511663,Eye Witness,True
2006,1017,500344,Expert Witness,True
2007,1018,518002,Circumstantial Witness,True
2008,1018,516193,Expert Witness,True
2009,1019,508447,Eye Witness,True
2010,1019,502749,Eye Witness,False
2011,1019,511442,Eye Witness,False
2012,1019,511088,Circumstantial Witness,False
2013,1020,503269,Eye Witness,True
2014,1022,519135,Circumstantial Witness,False
2015,1022,518504,Circumstantial Witness,True
2016,1022,501625,Eye Witness,True
2017,1022,500941,Expert Witness,True
2018,1024,506499,Eye Witness,False
2019,1024,506985,Eye Witness,True
2020,1026,518329,Eye Witness,True
2021,1026,522761,Eye Witness,True
2022,1027,520883,Circumstantial Witness,False
2023,1027,512306,Circumstantial Witness,False
2024,1027,512062,Eye Witness,True
2025,1027,512823,Circumstantial Witness,True
2026,1028,522524,Eye Witness,False
2027,1028,520380,Expert Witness,True
2028,1028,505626,Circumstantial Witness,True
2029,1029,511026,Expert Witness,False
2030,1029,503644,Expert Witness,True
2031,1029,501540,Eye Witness,False
2032,1029,513718,Circumstantial Witness,False
2033,1030,505980,Expert Witness,False
2034,1030,519600,Eye Witness,True
2035,1031,507858,Expert Witness,False
2036,1031,522131,Circumstantial Witness,False
2037,1031,524171,Expert Witness,True
2038,1033,518337,Circumstantial Witness,False
2039,1033,521814,Circumstantial Witness,False
2040,1033,522231,Circumstantial Witness,False
2041,1033,507516,Eye Witness,True
2042,1035,524591,Circumstantial Witness,True
2043,1035,512783,Eye Witness,False
2044,1035,503597,Eye Witness,False
2045,1036,503240,Expert Witness,True
2046,1036,500704,Expert Witness,True
2047,1036,521667,Expert Witness,False
2048,1038,522091,Circumstantial Witness,True
2049,1038,508345,Circumstantial Witness,False
2050,1039,523100,Expert Witness,False
2051,1039,523407,Expert Witness,True
2052,1040,514768,Eye Witness,False
2053,1040,512272,Circumstantial Witness,False
2054,1040,508314,Eye Witness,True
2055,1041,509270,Circumstantial Witness,False
2056,1041,511772,Expert Witness,False
2057,1042,524860,Expert Witness,True
2058,1042,523133,Expert Witness,True
2059,1042,519105,Eye Witness,False
2060,1043,522688,Eye Witness,True
2061,1046,519049,Circumstantial Witness,False
2062,1047,518099,Circumstantial Witness,True
2063,1048,513819,Expert Witness,True
2064,1048,501496,Expert Witness,True
2065,1048,519081,Circumstantial Witness,False
2066,1049,513852,Eye Witness,True
2067,1049,523867,Eye Witness,True
2068,1049,506949,Expert Witness,True
2069,1051,520385,Circumstantial Witness,False
2070,1052,519243,Eye Witness,False
2071,1052,505952,Eye Witness,True
2072,1052,500284,Eye Witness,True
2073,1053,500066,Eye Witness,True
2074,1053,514031,Circumstantial Witness,True
2075,1053,521943,Eye Witness,False
2076,1053,501788,Circumstantial Witness,True
2077,1054,521165,Eye Witness,True
2078,1054,512409,Eye Witness,True
2079,1054,507089,Eye Witness,True
2080,1056,524394,Eye Witness,True
2081,1056,503136,Expert Witness,True
2082,1056,505328,Expert Witness,False
2083,1057,503421,Expert Witness,False
2084,1057,507587,Circumstantial Witness,False
2085,1057,510316,Expert Witness,True
2086,1058,501743,Expert Witness,True
2087,1058,501117,Eye Witness,False
2088,1058,507074,Eye Witness,False
2089,1058,520618,Expert Witness,False
2090,1059,514871,Eye Witness,False
2091,1059,520487,Expert Witness,False
2092,1059,502116,Circumstantial Witness,False
2093,1059,501009,Expert Witness,True
2094,1060,506420,Eye Witness,False
2095,1061,522212,Expert Witness,True
2096,1061,502795,Expert Witness,True
2097,1061,505846,Circumstantial Witness,False
2098,1061,516061,Expert Witness,False
2099,1062,507780,Expert Witness,False
2100,1062,521424,Eye Witness,False
2101,1062,513409,Circumstantial Witness,True
2102,1062,514195,Expert Witness,False
2103,1063,504334,Circumstantial Witness,True
2104,1064,518804,Expert Witness,False
2105,1065,505687,Eye Witness,False
2106,1065,500768,Eye Witness,True
2107,1065,509851,Circumstantial Witness,True
2108,1065,519725,Circumstantial Witness,False
2109,1066,515571,Eye Witness,True
2110,1066,500341,Eye Witness,True
2111,1066,514202,Circumstantial Witness,True
2112,1066,517175,Circumstantial Witness,False
2113,1067,524761,Eye Witness,False
2114,1068,515242,Circumstantial Witness,False
2115,1068,517731,Circumstantial Witness,False
2116,1068,509884,Circumstantial Witness,True
2117,1069,519374,Expert Witness,True
2118,1069,511994,Expert Witness,True
2119,1069,507400,Eye Witness,True
2120,1069,515792,Eye Witness,False
2121,1070,516437,Expert Witness,False
2122,1070,505066,Expert Witness,True
2123,1070,509758,Expert Witness,False
2124,1071,510809,Eye Witness,False
2125,1073,518065,Circumstantial Witness,True
2126,1073,507277,Circumstantial Witness,True
2127,1073,519594,Circumstantial Witness,True
2128,1075,500941,Eye Witness,False
2129,1075,521141,Eye Witness,False
2130,1076,505840,Expert Witness,True
2131,1076,514994,Eye Witness,False
2132,1078,516543,Eye Witness,False
2133,1079,506569,Circumstantial Witness,True
2134,1079,521215,Expert Witness,False
2135,1079,505680,Eye Witness,False
2136,1079,522454,Circumstantial Witness,True
2137,1080,508033,Eye Witness,False
2138,1080,517556,Circumstantial Witness,False
2139,1080,502151,Eye Witness,False
2140,1080,515909,Circumstantial Witness,True
2141,1081,510605,Expert Witness,True
2142,1082,522713,Circumstantial Witness,False
2143,1082,521215,Eye Witness,False
2144,1082,516817,Expert Witness,True
2145,1082,517533,Circumstantial Witness,True
2146,1084,519951,Eye Witness,False
2147,1085,508874,Expert Witness,False
2148,1086,500228,Expert Witness,True
2149,1087,516481,Eye Witness,True
2150,1087,502464,Eye Witness,False
2151,1088,505190,Circumstantial Witness,True
2152,1088,521714,Circumstantial Witness,False
2153,1088,520481,Expert Witness,False
2154,1088,502007,Eye Witness,False
2155,1089,501828,Eye Witness,False
2156,1089,511760,Circumstantial Witness,True
2157,1090,507165,Eye Witness,False
2158,1092,500755,Circumstantial Witness,True
2159,1092,508479,Circumstantial Witness,False
2160,1093,505934,Circumstantial Witness,False
2161,1093,511357,Expert Witness,True
2162,1094,503275,Expert Witness,True
2163,1095,502587,Eye Witness,True
2164,1096,511529,Eye Witness,False
2165,1096,500322,Expert Witness,False
2166,1096,501605,Eye Witness,False
2167,1098,511290,Eye Witness,False
2168,1099,519385,Expert Witness,True
2169,1099,514876,Circumstantial Witness,True
2170,1099,519508,Circumstantial Witness,True
2171,1100,504464,Circumstantial Witness,True
2172,1100,514884,Eye Witness,False
2173,1101,509791,Eye Witness,False
2174,1102,504728,Expert Witness,False
2175,1102,513392,Circumstantial Witness,False
2176,1102,517688,Circumstantial Witness,True
2177,1102,502320,Expert Witness,False
2178,1103,514905,Eye Witness,False
2179,1103,502826,Eye Witness,True
2180,1103,514802,Expert Witness,False
2181,1103,519998,Eye Witness,False
2182,1104,513022,Expert Witness,True
2183,1105,512821,Expert Witness,False
2184,1105,523019,Expert Witness,True
2185,1106,509911,Circumstantial Witness,True
2186,1106,503906,Expert Witness,True
2187,1106,509135,Circumstantial Witness,False
2188,1106,515642,Expert Witness,False
2189,1107,502856,Eye Witness,True
2190,1107,509366,Eye Witness,True
2191,1107,504475,Circumstantial Witness,True
2192,1107,518738,Expert Witness,True
2193,1109,507276,Eye Witness,True
2194,1109,519608,Circumstantial Witness,True
2195,1109,504957,Circumstantial Witness,False
2196,1110,513417,Eye Witness,True
2197,1111,510420,Circumstantial Witness,True
2198,1111,504055,Eye Witness,True
2199,1111,507567,Expert Witness,False
2200,1111,501196,Expert Witness,True
2201,1112,504825,Circumstantial Witness,True
2202,1112,518155,Eye Witness,True
2203,1113,506682,Eye Witness,True
2204,1113,521559,Circumstantial Witness,False
2205,1114,500737,Circumstantial Witness,False
2206,1114,518657,Expert Witness,True
2207,1114,519570,Eye Witness,True
2208,1115,512786,Expert Witness,False
2209,1116,504952,Expert Witness,True
2210,1116,506796,Circumstantial Witness,True
2211,1116,505826,Eye Witness,False
2212,1117,515824,Eye Witness,True
2213,1117,513826,Circumstantial Witness,False
2214,1117,513085,Expert Witness,True
2215,1118,504238,Eye Witness,True
2216,1118,518640,Eye Witness,True
2217,1118,514061,Expert Witness,True
2218,1119,519353,Eye Witness,False
2219,1119,503362,Expert Witness,True
2220,1119,511269,Circumstantial Witness,True
2221,1120,512825,Expert Witness,True
2222,1120,517512,Eye Witness,False
2223,1120,519935,Expert Witness,False
2224,1121,511941,Expert Witness,True
2225,1121,523695,Expert Witness,False
2226,1121,513932,Eye Witness,True
2227,1122,523435,Expert Witness,False
2228,1122,522288,Expert Witness,False
2229,1122,502038,Circumstantial Witness,False
2230,1122,507018,Eye Witness,False
2231,1123,522367,Eye Witness,False
2232,1123,502735,Circumstantial Witness,False
2233,1123,503112,Expert Witness,True
2234,1125,516851,Eye Witness,False
2235,1128,506620,Eye Witness,False
2236,1128,506757,Eye Witness,False
2237,1128,508351,Circumstantial Witness,False
2238,1128,519765,Expert Witness,False
2239,1129,523440,Eye Witness,True
2240,1129,505034,Expert Witness,False
2241,1130,519148,Expert Witness,False
2242,1130,513391,Eye Witness,True
2243,1130,524890,Expert Witness,False
2244,1131,515981,Eye Witness,False
2245,1132,514927,Expert Witness,False
2246,1133,510863,Eye Witness,True
2247,1134,518216,Circumstantial Witness,True
2248,1135,516748,Eye Witness,False
2249,1135,502174,Expert Witness,False
2250,1135,507292,Circumstantial Witness,False
2251,1135,518597,Expert Witness,True
2252,1136,513522,Expert Witness,True
2253,1136,506011,Expert Witness,True
2254,1136,502333,Expert Witness,False
2255,1136,521711,Expert Witness,True
2256,1137,513135,Expert Witness,False
2257,1137,511877,Expert Witness,False
2258,1137,519085,Eye Witness,False
2259,1137,505427,Expert Witness,True
2260,1138,516959,Circumstantial Witness,True
2261,1138,514910,Circumstantial Witness,False
2262,1138,512996,Expert Witness,True
2263,1139,506061,Eye Witness,True
2264,1139,517455,Expert Witness,True
2265,1139,520716,Circumstantial Witness,False
2266,1140,511502,Eye Witness,False
2267,1140,502775,Eye Witness,True
2268,1140,506872,Expert Witness,True
2269,1140,518993,Eye Witness,False
2270,1141,522034,Circumstantial Witness,True
2271,1141,503035,Circumstantial Witness,True
2272,1141,522211,Circumstantial Witness,True
2273,1141,522023,Expert Witness,True
2274,1142,511653,Eye Witness,False
2275,1143,511216,Expert Witness,False
2276,1143,506847,Expert Witness,True
2277,1143,516890,Eye Witness,False
2278,1144,523958,Eye Witness,False
2279,1144,505942,Circumstantial Witness,True
2280,1144,513572,Circumstantial Witness,True
2281,1145,509525,Circumstantial Witness,False
2282,1145,517840,Circumstantial Witness,True
2283,1147,503948,Circumstantial Witness,False
2284,1147,503698,Expert Witness,True
2285,1148,521234,Circumstantial Witness,True
2286,1148,522847,Expert Witness,False
2287,1148,512253,Eye Witness,False
2288,1148,506287,Eye Witness,True
2289,1150,501188,Expert Witness,False
2290,1150,524159,Circumstantial Witness,True
2291,1152,500549,Eye Witness,True
2292,1152,519107,Eye Witness,False
2293,1152,504113,Circumstantial Witness,False
2294,1152,521732,Eye Witness,False
2295,1153,511076,Eye Witness,False
2296,1153,524056,Eye Witness,True
2297,1153,517098,Expert Witness,False
2298,1153,514425,Circumstantial Witness,False
2299,1154,519183,Circumstantial Witness,False
2300,1154,510847,Eye Witness,True
2301,1154,512071,Eye Witness,True
2302,1155,512804,Expert Witness,False
2303,1155,510574,Eye Witness,True
2304,1155,520248,Expert Witness,False
2305,1155,522835,Expert Witness,True
2306,1156,504578,Expert Witness,True
2307,1158,503346,Eye Witness,False
2308,1158,504326,Expert Witness,True
2309,1158,501669,Eye Witness,True
2310,1158,503221,Eye Witness,True
2311,1159,511339,Expert Witness,True
2312,1160,522027,Eye Witness,False
2313,1160,515050,Expert Witness,False
2314,1161,521864,Expert Witness,False
2315,1161,504320,Expert Witness,False
2316,1161,503013,Eye Witness,True
2317,1161,500412,Expert Witness,False
2318,1162,510804,Expert Witness,True
2319,1162,520326,Circumstantial Witness,False
2320,1163,520013,Expert Witness,True
2321,1163,514912,Expert Witness,True
2322,1163,500677,Eye Witness,False
2323,1164,522659,Expert Witness,True
2324,1165,517901,Circumstantial Witness,False
2325,1165,520669,Expert Witness,False
2326,1166,508920,Eye Witness,False
2327,1166,514138,Circumstantial Witness,False
2328,1166,520108,Circumstantial Witness,False
2329,1166,512464,Expert Witness,True
2330,1167,511435,Eye Witness,False
2331,1168,500109,Eye Witness,False
2332,1168,518696,Circumstantial Witness,False
2333,1171,512835,Circumstantial Witness,True
2334,1171,503726,Eye Witness,False
2335,1171,513172,Eye Witness,True
2336,1172,510083,Expert Witness,True
2337,1172,507345,Eye Witness,True
2338,1172,521476,Expert Witness,False
2339,1172,505408,Expert Witness,True
2340,1173,505803,Circumstantial Witness,True
2341,1173,501110,Expert Witness,True
2342,1174,515627,Circumstantial Witness,False
2343,1174,516027,Expert Witness,False
2344,1174,504088,Eye Witness,False
2345,1174,503622,Expert Witness,True
2346,1175,523214,Eye Witness,True
2347,1175,505616,Circumstantial Witness,False
2348,1175,520373,Expert Witness,False
2349,1175,515080,Expert Witness,True
2350,1176,515939,Circumstantial Witness,True
2351,1176,505477,Eye Witness,True
2352,1176,508957,Circumstantial Witness,False
2353,1177,505056,Circumstantial Witness,True
2354,1177,519816,Circumstantial Witness,True
2355,1177,514843,Expert Witness,True
2356,1177,504838,Expert Witness,True
2357,1178,523270,Eye Witness,True
2358,1178,504792,Expert Witness,False
2359,1178,524521,Eye Witness,False
2360,1179,523867,Circumstantial Witness,False
2361,1179,520558,Eye Witness,True
2362,1179,516458,Expert Witness,True
2363,1181,513612,Eye Witness,False
2364,1184,506455,Circumstantial Witness,True
2365,1184,523036,Eye Witness,True
2366,1184,515229,Circumstantial Witness,True
2367,1185,504071,Expert Witness,False
2368,1185,507746,Circumstantial Witness,True
2369,1186,503117,Expert Witness,True
2370,1186,506544,Eye Witness,False
2371,1186,502858,Eye Witness,False
2372,1186,517557,Eye Witness,False
2373,1187,507645,Expert Witness,True
2374,1187,521408,Expert Witness,False
2375,1188,502927,Eye Witness,True
2376,1189,518036,Eye Witness,False
2377,1189,504095,Eye Witness,True
2378,1189,521344,Expert Witness,False
2379,1189,504498,Eye Witness,False
2380,1190,522592,Circumstantial Witness,False
2381,1190,513135,Eye Witness,False
2382,1190,507349,Expert Witness,True
2383,1191,524573,Eye Witness,True
2384,1192,517858,Expert Witness,False
2385,1192,510382,Circumstantial Witness,True
2386,1192,517732,Eye Witness,True
2387,1192,511239,Circumstantial Witness,False
2388,1193,507775,Expert Witness,True
2389,1193,506326,Circumstantial Witness,True
2390,1193,501535,Circumstantial Witness,True
2391,1193,520469,Eye Witness,False
2392,1195,508777,Circumstantial Witness,False
2393,1195,517596,Circumstantial Witness,True
2394,1195,509847,Eye Witness,True
2395,1196,524053,Expert Witness,False
2396,1196,506413,Expert Witness,False
2397,1196,507197,Eye Witness,False
2398,1197,519367,Circumstantial Witness,True
2399,1197,513790,Circumstantial Witness,False
2400,1200,522735,Circumstantial Witness,False
2401,1200,522176,Eye Witness,False
2402,1200,519972,Circumstantial Witness,True
2403,1202,507878,Expert Witness,False
2404,1202,502970,Circumstantial Witness,True
2405,1202,517495,Expert Witness,False
2406,1202,500195,Expert Witness,True
2407,1203,514366,Expert Witness,True
2408,1204,503797,Circumstantial Witness,True
2409,1204,504773,Eye Witness,True
2410,1204,508318,Expert Witness,False
2411,1205,520491,Eye Witness,True
2412,1206,522870,Expert Witness,True
2413,1206,509668,Eye Witness,True
2414,1206,519544,Expert Witness,True
2415,1206,518533,Eye Witness,True
2416,1207,519292,Eye Witness,False
2417,1207,523574,Expert Witness,False
2418,1208,504320,Circumstantial Witness,True
2419,1208,501198,Circumstantial Witness,True
2420,1208,510119,Eye Witness,False
2421,1209,517321,Eye Witness,False
2422,1210,510503,Eye Witness,True
2423,1210,522819,Expert Witness,False
2424,1210,508706,Eye Witness,True
2425,1211,510004,Circumstantial Witness,False
2426,1212,512627,Eye Witness,True
2427,1212,522199,Expert Witness,False
2428,1215,507499,Expert Witness,False
2429,1215,515472,Expert Witness,False
2430,1215,501646,Expert Witness,False
2431,1216,511260,Eye Witness,False
2432,1217,517098,Circumstantial Witness,True
2433,1217,512354,Circumstantial Witness,True
2434,1217,512618,Eye Witness,True
2435,1218,523560,Eye Witness,False
2436,1218,500881,Expert Witness,False
2437,1219,518358,Circumstantial Witness,False
2438,1219,505174,Expert Witness,False
2439,1219,522455,Circumstantial Witness,False
2440,1219,504422,Expert Witness,False
2441,1220,505454,Circumstantial Witness,True
2442,1220,516887,Circumstantial Witness,False
2443,1221,520781,Eye Witness,True
2444,1222,511396,Expert Witness,False
2445,1222,510581,Circumstantial Witness,True
2446,1222,505105,Eye Witness,False
2447,1222,514254,Eye Witness,True
2448,1223,513407,Circumstantial Witness,True
2449,1223,524288,Expert Witness,False
2450,1223,501896,Eye Witness,False
2451,1225,515085,Circumstantial Witness,True
2452,1226,510049,Eye Witness,True
2453,1226,511040,Expert Witness,True
2454,1226,508977,Expert Witness,True
2455,1227,505979,Circumstantial Witness,False
2456,1227,501404,Expert Witness,True
2457,1228,512811,Expert Witness,True
2458,1228,505051,Eye Witness,False
2459,1228,509737,Expert Witness,True
2460,1229,511280,Expert Witness,False
2461,1229,515452,Expert Witness,False
2462,1231,509114,Circumstantial Witness,False
2463,1231,505432,Circumstantial Witness,False
2464,1231,524881,Circumstantial Witness,False
2465,1232,522797,Eye Witness,False
2466,1233,515336,Eye Witness,True
2467,1233,502078,Circumstantial Witness,False
2468,1234,521510,Circumstantial Witness,True
2469,1237,501108,Circumstantial Witness,False
2470,1238,502831,Eye Witness,True
2471,1240,500301,Expert Witness,True
2472,1240,522987,Expert Witness,False
2473,1240,504793,Circumstantial Witness,False
2474,1240,513590,Eye Witness,True
2475,1241,508771,Circumstantial Witness,True
2476,1241,510358,Circumstantial Witness,False
2477,1244,507873,Expert Witness,False
2478,1244,524892,Eye Witness,False
2479,1244,520538,Circumstantial Witness,False
2480,1245,521908,Eye Witness,False
2481,1246,514503,Expert Witness,False
2482,1247,514603,Circumstantial Witness,True
2483,1248,507235,Circumstantial Witness,False
2484,1248,520318,Eye Witness,True
2485,1248,513759,Eye Witness,False
2486,1249,520863,Eye Witness,False
2487,1249,521214,Expert Witness,True
2488,1249,518664,Expert Witness,False
2489,1249,521441,Expert Witness,True
2490,1250,524922,Eye Witness,True
2491,1250,517967,Eye Witness,True
2492,1250,519759,Expert Witness,True
2493,1250,502232,Eye Witness,True
2494,1251,508553,Expert Witness,True
2495,1251,506557,Eye Witness,True
2496,1252,513151,Eye Witness,False
2497,1252,523884,Circumstantial Witness,False
2498,1252,507562,Expert Witness,True
2499,1253,503838,Circumstantial Witness,False
2500,1253,508262,Eye Witness,False
2501,1253,521679,Eye Witness,True
2502,1253,521648,Circumstantial Witness,False
2503,1254,515169,Circumstantial Witness,True
2504,1254,500817,Eye Witness,False
2505,1254,516615,Circumstantial Witness,False
2506,1255,506443,Eye Witness,False
2507,1255,511179,Eye Witness,False
2508,1255,503489,Eye Witness,False
2509,1255,509513,Circumstantial Witness,False
2510,1256,511031,Expert Witness,False
2511,1256,513482,Expert Witness,False
2512,1256,520502,Eye Witness,False
2513,1257,524502,Circumstantial Witness,False
2514,1257,514857,Expert Witness,True
2515,1258,520896,Expert Witness,True
2516,1258,505727,Expert Witness,True
2517,1259,522443,Expert Witness,True
2518,1260,503389,Expert Witness,True
2519,1260,519545,Eye Witness,True
2520,1260,517603,Circumstantial Witness,True
2521,1260,508963,Circumstantial Witness,False
2522,1261,522860,Eye Witness,True
2523,1261,510062,Expert Witness,False
2524,1262,523250,Circumstantial Witness,True
2525,1262,518068,Expert Witness,False
2526,1262,509302,Circumstantial Witness,True
2527,1263,518860,Eye Witness,False
2528,1264,504381,Circumstantial Witness,False
2529,1264,511300,Eye Witness,True
2530,1264,513711,Eye Witness,False
2531,1264,519532,Circumstantial Witness,False
2532,1265,506140,Expert Witness,False
2533,1265,516944,Expert Witness,True
2534,1265,508216,Expert Witness,True
2535,1266,501965,Eye Witness,False
2536,1266,515244,Expert Witness,False
2537,1266,501899,Eye Witness,True
2538,1268,515816,Eye Witness,False
2539,1268,520371,Expert Witness,False
2540,1268,521759,Circumstantial Witness,False
2541,1269,502272,Eye Witness,False
2542,1269,514470,Expert Witness,False
2543,1270,504220,Expert Witness,False
2544,1270,518152,Circumstantial Witness,False
2545,1270,506177,Circumstantial Witness,True
2546,1271,501104,Circumstantial Witness,True
2547,1271,511639,Expert Witness,True
2548,1272,523625,Eye Witness,True
2549,1272,509095,Circumstantial Witness,False
2550,1273,520972,Circumstantial Witness,False
2551,1273,503234,Eye Witness,False
2552,1273,508197,Expert Witness,True
2553,1273,509664,Eye Witness,False
2554,1275,507044,Eye Witness,True
2555,1275,509946,Eye Witness,False
2556,1275,511221,Expert Witness,False
2557,1275,510205,Eye Witness,False
2558,1276,518969,Eye Witness,False
2559,1276,515665,Expert Witness,True
2560,1276,519200,Circumstantial Witness,True
2561,1277,513198,Circumstantial Witness,True
2562,1277,508966,Expert Witness,True
2563,1277,521874,Circumstantial Witness,True
2564,1277,511559,Circumstantial Witness,False
2565,1278,524944,Circumstantial Witness,True
2566,1278,514310,Expert Witness,False
2567,1278,523497,Circumstantial Witness,True
2568,1278,517870,Eye Witness,True
2569,1279,510424,Circumstantial Witness,True
2570,1279,519040,Circumstantial Witness,False
2571,1281,514524,Circumstantial Witness,True
2572,1281,524353,Circumstantial Witness,True
2573,1281,503363,Circumstantial Witness,False
2574,1282,517342,Expert Witness,False
2575,1284,515230,Expert Witness,False
2576,1284,508206,Circumstantial Witness,False
2577,1284,520313,Expert Witness,True
2578,1285,514804,Expert Witness,False
2579,1285,505947,Expert Witness,True
2580,1285,522896,Eye Witness,True
2581,1285,505057,Circumstantial Witness,False
2582,1286,505788,Expert Witness,True
2583,1286,514163,Circumstantial Witness,False
2584,1286,516501,Circumstantial Witness,False
2585,1286,522088,Expert Witness,False
2586,1288,522409,Circumstantial Witness,False
2587,1288,504936,Eye Witness,True
2588,1288,515152,Eye Witness,False
2589,1289,523960,Circumstantial Witness,True
2590,1289,506759,Expert Witness,True
2591,1291,515343,Circumstantial Witness,False
2592,1291,504562,Eye Witness,True
2593,1292,523053,Expert Witness,True
2594,1292,502648,Eye Witness,False
2595,1292,523775,Circumstantial Witness,True
2596,1293,509614,Eye Witness,False
2597,1293,513755,Expert Witness,True
2598,1294,500238,Expert Witness,False
2599,1294,523558,Eye Witness,True
2600,1296,510652,Eye Witness,False
2601,1296,506733,Expert Witness,True
2602,1298,501771,Eye Witness,True
2603,1298,511340,Eye Witness,False
2604,1298,502327,Circumstantial Witness,False
2605,1299,502732,Eye Witness,True
2606,1299,516559,Eye Witness,False
2607,1299,523118,Circumstantial Witness,False
2608,1300,513878,Circumstantial Witness,True
2609,1301,523848,Expert Witness,False
2610,1301,502536,Expert Witness,True
2611,1301,520357,Expert Witness,False
2612,1302,517436,Expert Witness,True
2613,1302,505335,Expert Witness,False
2614,1302,500691,Circumstantial Witness,False
2615,1303,516493,Circumstantial Witness,False
2616,1303,522537,Circumstantial Witness,False
2617,1303,514637,Eye Witness,True
2618,1304,510323,Expert Witness,True
2619,1305,521959,Expert Witness,False
2620,1305,505356,Eye Witness,False
2621,1307,504592,Expert Witness,True
2622,1307,511973,Eye Witness,False
2623,1307,503650,Eye Witness,False
2624,1307,515216,Expert Witness,False
2625,1308,518387,Expert Witness,False
2626,1308,510767,Circumstantial Witness,True
2627,1308,508317,Expert Witness,True
2628,1309,501199,Expert Witness,True
2629,1309,516496,Expert Witness,False
2630,1309,503714,Circumstantial Witness,True
2631,1309,522779,Circumstantial Witness,True
2632,1311,523529,Expert Witness,False
2633,1311,502888,Circumstantial Witness,True
2634,1311,506576,Eye Witness,False
2635,1311,518245,Circumstantial Witness,False
2636,1313,511818,Eye Witness,True
2637,1313,515397,Eye Witness,False
2638,1314,521106,Eye Witness,False
2639,1314,511628,Eye Witness,True
2640,1314,507514,Eye Witness,True
2641,1316,510837,Eye Witness,False
2642,1316,510584,Eye Witness,True
2643,1316,519324,Circumstantial Witness,True
2644,1316,513940,Eye Witness,False
2645,1318,515566,Circumstantial Witness,True
2646,1318,514938,Circumstantial Witness,False
2647,1318,503744,Eye Witness,False
2648,1318,514178,Expert Witness,True
2649,1319,515162,Expert Witness,False
2650,1320,510266,Circumstantial Witness,True
2651,1321,504048,Circumstantial Witness,True
2652,1321,503581,Circumstantial Witness,False
2653,1322,512796,Expert Witness,True
2654,1322,521827,Expert Witness,True
2655,1322,502350,Eye Witness,True
2656,1323,515216,Circumstantial Witness,False
2657,1323,509436,Expert Witness,True
2658,1323,517828,Circumstantial Witness,True
2659,1325,510642,Circumstantial Witness,True
2660,1325,520503,Expert Witness,False
2661,1325,509074,Circumstantial Witness,False
2662,1325,508839,Circumstantial Witness,True
2663,1326,509143,Expert Witness,True
2664,1327,517958,Eye Witness,False
2665,1328,503814,Circumstantial Witness,True
2666,1329,521830,Expert Witness,False
2667,1329,503274,Circumstantial Witness,False
2668,1331,502790,Eye Witness,False
2669,1333,505750,Eye Witness,False
2670,1333,519579,Expert Witness,False
2671,1333,519316,Circumstantial Witness,False
2672,1333,504678,Expert Witness,True
2673,1334,503755,Circumstantial Witness,False
2674,1334,511743,Circumstantial Witness,True
2675,1334,513848,Circumstantial Witness,True
2676,1335,514845,Eye Witness,True
2677,1335,510148,Circumstantial Witness,True
2678,1335,510214,Expert Witness,False
2679,1335,509700,Eye Witness,True
2680,1337,514048,Circumstantial Witness,False
2681,1337,509847,Circumstantial Witness,False
2682,1338,517241,Expert Witness,True
2683,1339,517323,Eye Witness,False
2684,1339,505795,Circumstantial Witness,True
2685,1339,500299,Eye Witness,True
2686,1339,517604,Expert Witness,True
2687,1341,524837,Eye Witness,True
2688,1341,509768,Expert Witness,False
2689,1343,516718,Eye Witness,True
2690,1345,516558,Eye Witness,False
2691,1345,522209,Eye Witness,True
2692,1345,517590,Circumstantial Witness,False
2693,1346,502887,Eye Witness,False
2694,1346,502714,Expert Witness,True
2695,1346,516141,Circumstantial Witness,True
2696,1346,505855,Expert Witness,False
2697,1347,501057,Eye Witness,False
2698,1347,508192,Circumstantial Witness,False
2699,1349,509902,Expert Witness,False
2700,1350,523804,Eye Witness,False
2701,1350,511985,Expert Witness,True
2702,1350,510011,Circumstantial Witness,False
2703,1351,514209,Circumstantial Witness,False
2704,1351,508164,Eye Witness,False
2705,1351,503116,Eye Witness,False
2706,1351,524592,Expert Witness,True
2707,1352,510766,Expert Witness,True
2708,1353,500856,Circumstantial Witness,False
2709,1353,514975,Eye Witness,False
2710,1354,520816,Expert Witness,False
2711,1354,523761,Eye Witness,False
2712,1354,519156,Circumstantial Witness,False
2713,1355,519216,Expert Witness,True
2714,1356,503904,Eye Witness,True
2715,1356,521952,Expert Witness,False
2716,1356,508680,Expert Witness,True
2717,1357,517513,Eye Witness,False
2718,1357,502536,Eye Witness,False
2719,1357,506588,Expert Witness,False
2720,1357,513954,Expert Witness,False
2721,1358,504137,Eye Witness,False
2722,1358,512048,Eye Witness,False
2723,1358,520383,Eye Witness,False
2724,1358,517198,Circumstantial Witness,False
2725,1359,507993,Eye Witness,True
2726,1359,524513,Eye Witness,True
2727,1359,522251,Eye Witness,True
2728,1360,502380,Circumstantial Witness,True
2729,1361,517134,Eye Witness,True
2730,1362,512052,Expert Witness,True
2731,1363,500244,Expert Witness,True
2732,1363,510782,Eye Witness,False
2733,1363,511669,Eye Witness,True
2734,1363,500308,Circumstantial Witness,False
2735,1366,500510,Expert Witness,False
2736,1367,505280,Eye Witness,True
2737,1367,521961,Eye Witness,False
2738,1368,510817,Eye Witness,True
2739,1368,515205,Circumstantial Witness,False
2740,1368,504160,Eye Witness,False
2741,1369,524444,Circumstantial Witness,True
2742,1369,516491,Eye Witness,False
2743,1369,501817,Circumstantial Witness,True
2744,1369,515014,Expert Witness,False
2745,1370,523959,Circumstantial Witness,True
2746,1373,516277,Circumstantial Witness,False
2747,1375,522137,Eye Witness,False
2748,1375,523527,Circumstantial Witness,False
2749,1375,509609,Circumstantial Witness,False
2750,1375,513477,Expert Witness,False
2751,1376,515763,Circumstantial Witness,True
2752,1376,523546,Circumstantial Witness,True
2753,1376,510888,Circumstantial Witness,True
2754,1376,502959,Eye Witness,True
2755,1377,514884,Circumstantial Witness,False
2756,1377,515063,Eye Witness,True
2757,1377,512253,Expert Witness,True
2758,1377,510628,Expert Witness,False
2759,1378,520999,Eye Witness,False
2760,1379,512491,Expert Witness,True
2761,1379,523976,Circumstantial Witness,False
2762,1379,515432,Eye Witness,False
2763,1380,524989,Eye Witness,False
2764,1381,511388,Circumstantial Witness,True
2765,1381,523518,Expert Witness,False
2766,1381,504439,Eye Witness,True
2767,1381,506114,Eye Witness,True
2768,1382,501034,Circumstantial Witness,True
2769,1382,514955,Circumstantial Witness,True
2770,1382,512791,Circumstantial Witness,True
2771,1382,501110,Eye Witness,False
2772,1383,505445,Expert Witness,False
2773,1383,507038,Circumstantial Witness,False
2774,1383,521107,Expert Witness,False
2775,1383,503638,Expert Witness,True
2776,1385,521201,Expert Witness,False
2777,1385,510490,Expert Witness,False
2778,1386,507599,Circumstantial Witness,True
2779,1386,504316,Circumstantial Witness,True
2780,1386,505474,Eye Witness,True
2781,1386,509239,Eye Witness,False
2782,1387,520598,Circumstantial Witness,True
2783,1387,513013,Circumstantial Witness,False
2784,1387,519170,Eye Witness,False
2785,1388,515954,Circumstantial Witness,True
2786,1388,524366,Expert Witness,False
2787,1389,504582,Expert Witness,True
2788,1389,503691,Eye Witness,True
2789,1389,505423,Eye Witness,False
2790,1389,514189,Circumstantial Witness,False
2791,1390,521081,Circumstantial Witness,False
2792,1390,522179,Circumstantial Witness,False
2793,1390,507030,Circumstantial Witness,True
2794,1390,505045,Circumstantial Witness,True
2795,1391,513069,Eye Witness,False
2796,1391,508930,Circumstantial Witness,False
2797,1391,514997,Eye Witness,False
2798,1391,515808,Circumstantial Witness,False
2799,1392,502532,Circumstantial Witness,True
2800,1392,514766,Eye Witness,False
2801,1392,521604,Eye Witness,True
2802,1393,512198,Eye Witness,True
2803,1393,521907,Expert Witness,False
2804,1395,516946,Circumstantial Witness,False
2805,1396,514324,Eye Witness,False
2806,1396,505529,Eye Witness,False
2807,1397,512643,Eye Witness,True
2808,1397,516084,Circumstantial Witness,True
2809,1397,507777,Eye Witness,False
2810,1398,512111,Expert Witness,True
2811,1398,517275,Eye Witness,True
2812,1398,509477,Expert Witness,False
2813,1398,506127,Expert Witness,True
2814,1400,519788,Circumstantial Witness,False
2815,1400,520984,Expert Witness,True
2816,1402,516487,Expert Witness,True
2817,1403,500519,Eye Witness,True
2818,1403,507652,Circumstantial Witness,True
2819,1403,502833,Eye Witness,False
2820,1403,514527,Expert Witness,False
2821,1404,522507,Circumstantial Witness,False
2822,1405,515002,Circumstantial Witness,True
2823,1405,502544,Eye Witness,False
2824,1405,507754,Circumstantial Witness,False
2825,1405,520897,Circumstantial Witness,True
2826,1408,514515,Expert Witness,True
2827,1408,510588,Expert Witness,True
2828,1409,505236,Expert Witness,False
2829,1409,515467,Expert Witness,False
2830,1409,514085,Eye Witness,False
2831,1409,515825,Expert Witness,True
2832,1410,502175,Eye Witness,True
2833,1411,517507,Circumstantial Witness,True
2834,1411,524871,Eye Witness,False
2835,1412,521285,Eye Witness,True
2836,1412,514876,Eye Witness,False
2837,1413,509379,Eye Witness,False
2838,1413,508291,Expert Witness,False
2839,1414,515585,Expert Witness,False
2840,1414,517932,Circumstantial Witness,True
2841,1414,516589,Expert Witness,True
2842,1415,520948,Eye Witness,True
2843,1416,503247,Eye Witness,True
2844,1416,504041,Expert Witness,False
2845,1416,513809,Expert Witness,False
2846,1416,514380,Expert Witness,False
2847,1418,521090,Eye Witness,True
2848,1418,514038,Expert Witness,False
2849,1418,502315,Expert Witness,True
2850,1419,515732,Expert Witness,True
2851,1419,512048,Circumstantial Witness,False
2852,1419,504876,Expert Witness,True
2853,1419,515147,Expert Witness,False
2854,1420,522973,Eye Witness,False
2855,1420,500119,Circumstantial Witness,True
2856,1421,505551,Expert Witness,False
2857,1422,514355,Eye Witness,False
2858,1422,504964,Eye Witness,False
2859,1422,501386,Expert Witness,False
2860,1422,523907,Circumstantial Witness,False
2861,1423,519228,Expert Witness,False
2862,1423,507040,Eye Witness,False
2863,1423,524711,Circumstantial Witness,False
2864,1423,522786,Eye Witness,True
2865,1424,501731,Circumstantial Witness,False
2866,1425,500351,Eye Witness,True
2867,1425,507215,Circumstantial Witness,True
2868,1425,504141,Expert Witness,False
2869,1426,521930,Expert Witness,True
2870,1427,519614,Circumstantial Witness,False
2871,1427,503487,Circumstantial Witness,True
2872,1427,523913,Expert Witness,False
2873,1427,509764,Circumstantial Witness,False
2874,1428,507405,Expert Witness,True
2875,1428,516223,Expert Witness,True
2876,1429,510125,Circumstantial Witness,False
2877,1430,517420,Expert Witness,True
2878,1430,501039,Expert Witness,False
2879,1430,513182,Expert Witness,True
2880,1431,505092,Circumstantial Witness,True
2881,1432,503505,Circumstantial Witness,True
2882,1432,506035,Eye Witness,True
2883,1432,502584,Eye Witness,False
2884,1432,522035,Circumstantial Witness,True
2885,1433,517138,Eye Witness,True
2886,1433,517700,Eye Witness,True
2887,1433,503858,Circumstantial Witness,True
2888,1433,510313,Circumstantial Witness,True
2889,1434,500695,Eye Witness,True
2890,1434,523962,Expert Witness,False
2891,1435,504233,Eye Witness,False
2892,1436,500844,Circumstantial Witness,False
2893,1436,502170,Expert Witness,True
2894,1437,517168,Expert Witness,False
2895,1437,510726,Circumstantial Witness,True
2896,1437,502899,Expert Witness,True
2897,1438,518870,Circumstantial Witness,True
2898,1438,511108,Circumstantial Witness,False
2899,1438,524091,Circumstantial Witness,True
2900,1439,518725,Circumstantial Witness,False
2901,1439,508861,Expert Witness,True
2902,1439,501185,Eye Witness,False
2903,1439,513544,Eye Witness,False
2904,1440,501871,Circumstantial Witness,False
2905,1440,523111,Circumstantial Witness,False
2906,1440,524908,Circumstantial Witness,False
2907,1442,516767,Eye Witness,True
2908,1442,518624,Expert Witness,True
2909,1443,519021,Circumstantial Witness,True
2910,1443,522214,Circumstantial Witness,True
2911,1443,503577,Expert Witness,False
2912,1445,506454,Circumstantial Witness,True
2913,1445,522662,Circumstantial Witness,True
2914,1445,513007,Expert Witness,False
2915,1445,510786,Circumstantial Witness,False
2916,1446,523255,Expert Witness,False
2917,1446,512737,Circumstantial Witness,False
2918,1446,518167,Circumstantial Witness,False
2919,1447,523345,Eye Witness,False
2920,1448,518176,Circumstantial Witness,True
2921,1448,512596,Expert Witness,False
2922,1448,505543,Expert Witness,False
2923,1452,510845,Expert Witness,True
2924,1452,524065,Circumstantial Witness,True
2925,1452,509051,Expert Witness,False
2926,1453,500070,Expert Witness,False
2927,1453,504830,Expert Witness,False
2928,1453,513872,Expert Witness,True
2929,1453,508035,Circumstantial Witness,True
2930,1454,517201,Circumstantial Witness,False
2931,1454,501204,Circumstantial Witness,False
2932,1454,508341,Expert Witness,True
2933,1455,506667,Expert Witness,False
2934,1455,501601,Circumstantial Witness,True
2935,1456,509550,Expert Witness,True
2936,1456,509691,Eye Witness,False
2937,1457,517482,Circumstantial Witness,False
2938,1458,516178,Expert Witness,False
2939,1458,506670,Circumstantial Witness,False
2940,1459,507745,Expert Witness,True
2941,1460,520703,Eye Witness,True
2942,1460,502087,Circumstantial Witness,True
2943,1460,509689,Eye Witness,False
2944,1460,512475,Eye Witness,False
2945,1462,517625,Eye Witness,False
2946,1462,504369,Expert Witness,False
2947,1463,523927,Circumstantial Witness,False
2948,1463,522142,Circumstantial Witness,False
2949,1463,507258,Eye Witness,True
2950,1463,520655,Circumstantial Witness,True
2951,1465,510205,Expert Witness,True
2952,1465,511749,Expert Witness,False
2953,1465,522109,Expert Witness,False
2954,1466,522762,Circumstantial Witness,True
2955,1466,506150,Circumstantial Witness,False
2956,1466,505995,Circumstantial Witness,True
2957,1467,522641,Expert Witness,False
2958,1469,502978,Eye Witness,False
2959,1469,513375,Expert Witness,True
2960,1469,513945,Eye Witness,True
2961,1469,501928,Circumstantial Witness,True
2962,1470,508498,Eye Witness,False
2963,1471,504489,Eye Witness,True
2964,1471,514525,Expert Witness,True
2965,1471,523335,Expert Witness,False
2966,1472,520198,Eye Witness,False
2967,1472,522732,Circumstantial Witness,True
2968,1472,524619,Circumstantial Witness,True
2969,1474,512465,Expert Witness,True
2970,1475,516551,Circumstantial Witness,False
2971,1475,503332,Eye Witness,False
2972,1475,503618,Eye Witness,True
2973,1475,513891,Eye Witness,True
2974,1476,510667,Eye Witness,True
2975,1477,508054,Eye Witness,False
2976,1477,515243,Eye Witness,True
2977,1478,510853,Expert Witness,True
2978,1478,517672,Eye Witness,False
2979,1478,511994,Expert Witness,True
2980,1479,523834,Circumstantial Witness,True
2981,1479,504013,Circumstantial Witness,False
2982,1479,510668,Circumstantial Witness,True
2983,1480,511862,Circumstantial Witness,False
2984,1480,520306,Expert Witness,True
2985,1480,503866,Eye Witness,True
2986,1481,524493,Eye Witness,False
2987,1481,513077,Circumstantial Witness,False
2988,1482,520167,Circumstantial Witness,False
2989,1483,506845,Eye Witness,False
2990,1483,523401,Expert Witness,True
2991,1484,502426,Eye Witness,True
2992,1484,521924,Circumstantial Witness,False
2993,1484,520617,Eye Witness,True
2994,1484,518982,Eye Witness,False
2995,1485,501419,Eye Witness,True
2996,1485,519817,Circumstantial Witness,False
2997,1485,508863,Expert Witness,True
2998,1486,503238,Eye Witness,False
2999,1486,508235,Expert Witness,False
3000,1486,516401,Expert Witness,False
3001,1486,522812,Circumstantial Witness,False
3002,1487,505136,Expert Witness,False
3003,1487,502057,Eye Witness,True
3004,1488,510961,Eye Witness,True
3005,1488,518443,Expert Witness,True
3006,1489,523192,Eye Witness,True
3007,1489,510038,Expert Witness,True
3008,1489,520857,Expert Witness,False
3009,1490,504475,Eye Witness,True
3010,1490,505623,Circumstantial Witness,True
3011,1491,511604,Eye Witness,True
3012,1491,518690,Eye Witness,True
3013,1491,514538,Expert Witness,False
3014,1492,521244,Circumstantial Witness,True
3015,1493,519127,Circumstantial Witness,True
3016,1493,522573,Eye Witness,True
3017,1493,517816,Circumstantial Witness,True
3018,1493,507481,Expert Witness,False
3019,1494,519420,Expert Witness,True
3020,1497,513775,Expert Witness,False
3021,1497,520870,Circumstantial Witness,True
3022,1497,504205,Eye Witness,False
3023,1497,501700,Expert Witness,False
3024,1498,504092,Eye Witness,False
3025,1499,512813,Eye Witness,True
3026,1499,500459,Circumstantial Witness,True
3027,1501,509745,Circumstantial Witness,False
3028,1501,510931,Expert Witness,True
3029,1502,519471,Expert Witness,True
3030,1502,500194,Circumstantial Witness,False
3031,1502,517435,Eye Witness,False
3032,1502,507648,Expert Witness,False
3033,1504,519263,Eye Witness,True
3034,1504,509099,Circumstantial Witness,True
3035,1504,519961,Eye Witness,True
3036,1504,521193,Eye Witness,False
3037,1505,521319,Expert Witness,True
3038,1505,521534,Expert Witness,True
3039,1507,514134,Expert Witness,False
3040,1507,507201,Expert Witness,True
3041,1508,509270,Circumstantial Witness,False
3042,1509,518280,Expert Witness,False
3043,1510,500259,Expert Witness,True
3044,1510,510979,Expert Witness,True
3045,1510,519490,Circumstantial Witness,False
3046,1511,504559,Eye Witness,False
3047,1511,509469,Expert Witness,False
3048,1511,507993,Eye Witness,False
3049,1511,506395,Expert Witness,False
3050,1512,505835,Circumstantial Witness,True
3051,1512,500345,Eye Witness,False
3052,1512,512848,Eye Witness,False
3053,1512,505903,Eye Witness,True
3054,1513,521631,Expert Witness,False
3055,1513,500180,Circumstantial Witness,True
3056,1515,510221,Eye Witness,False
3057,1515,523656,Expert Witness,False
3058,1515,521745,Expert Witness,False
3059,1516,505464,Eye Witness,True
3060,1516,524684,Eye Witness,False
3061,1516,517262,Expert Witness,True
3062,1517,519502,Eye Witness,False
3063,1517,523335,Circumstantial Witness,True
3064,1518,511179,Expert Witness,False
3065,1518,511540,Eye Witness,True
3066,1519,513773,Eye Witness,True
3067,1520,512885,Eye Witness,True
3068,1520,508090,Eye Witness,False
3069,1520,511877,Expert Witness,False
3070,1521,506059,Expert Witness,False
3071,1521,518059,Circumstantial Witness,True
3072,1521,503841,Expert Witness,False
3073,1521,502863,Expert Witness,True
3074,1522,501186,Circumstantial Witness,False
3075,1522,504994,Circumstantial Witness,False
3076,1522,506070,Circumstantial Witness,False
3077,1523,508251,Circumstantial Witness,False
3078,1524,517882,Circumstantial Witness,True
3079,1524,524852,Expert Witness,True
3080,1525,510846,Eye Witness,False
3081,1525,512688,Expert Witness,False
3082,1525,507493,Circumstantial Witness,False
3083,1525,506195,Expert Witness,False
3084,1526,511433,Circumstantial Witness,False
3085,1526,510082,Eye Witness,True
3086,1526,523443,Expert Witness,True
3087,1526,503450,Expert Witness,False
3088,1529,520086,Eye Witness,False
3089,1529,522224,Circumstantial Witness,True
3090,1530,522419,Eye Witness,False
3091,1531,502405,Eye Witness,True
3092,1533,501696,Circumstantial Witness,True
3093,1533,502856,Circumstantial Witness,False
3094,1533,516774,Circumstantial Witness,False
3095,1534,507524,Eye Witness,True
3096,1534,502250,Circumstantial Witness,False
3097,1534,506338,Circumstantial Witness,False
3098,1534,505040,Eye Witness,False
3099,1535,521341,Eye Witness,True
3100,1535,516353,Circumstantial Witness,True
3101,1535,524445,Circumstantial Witness,True
3102,1536,520861,Circumstantial Witness,True
3103,1536,500502,Circumstantial Witness,True
3104,1536,521907,Expert Witness,False
3105,1537,504383,Expert Witness,False
3106,1537,500074,Eye Witness,True
3107,1537,502576,Expert Witness,False
3108,1538,504604,Eye Witness,True
3109,1538,500014,Expert Witness,False
3110,1538,512448,Circumstantial Witness,True
3111,1538,514500,Circumstantial Witness,True
3112,1539,502314,Eye Witness,True
3113,1539,500575,Expert Witness,False
3114,1539,521712,Circumstantial Witness,True
3115,1539,504696,Eye Witness,True
3116,1540,517092,Circumstantial Witness,False
3117,1541,514782,Eye Witness,True
3118,1541,510765,Eye Witness,False
3119,1541,506289,Eye Witness,True
3120,1541,517138,Circumstantial Witness,False
3121,1542,517399,Expert Witness,True
3122,1542,505359,Expert Witness,True
3123,1542,507115,Circumstantial Witness,True
3124,1542,513971,Eye Witness,False
3125,1543,520455,Circumstantial Witness,True
3126,1543,518809,Expert Witness,True
3127,1543,509317,Expert Witness,False
3128,1544,518534,Circumstantial Witness,False
3129,1544,515092,Circumstantial Witness,False
3130,1545,503101,Circumstantial Witness,True
3131,1545,506565,Circumstantial Witness,True
3132,1545,515989,Expert Witness,True
3133,1546,523250,Eye Witness,False
3134,1547,524801,Expert Witness,True
3135,1548,511434,Circumstantial Witness,False
3136,1548,507554,Expert Witness,False
3137,1549,520484,Eye Witness,True
3138,1549,522233,Circumstantial Witness,False
3139,1549,521253,Expert Witness,True
3140,1550,507355,Circumstantial Witness,False
3141,1551,520695,Expert Witness,True
3142,1551,514074,Expert Witness,True
3143,1551,506202,Expert Witness,True
3144,1551,521719,Circumstantial Witness,False
3145,1553,524518,Circumstantial Witness,False
3146,1553,505473,Eye Witness,True
3147,1554,515488,Circumstantial Witness,True
3148,1554,516950,Circumstantial Witness,False
3149,1554,514354,Expert Witness,True
3150,1555,501369,Eye Witness,False
3151,1555,523508,Eye Witness,False
3152,1556,505908,Circumstantial Witness,False
3153,1557,523198,Circumstantial Witness,True
3154,1557,514803,Circumstantial Witness,True
3155,1557,522047,Circumstantial Witness,False
3156,1558,512883,Circumstantial Witness,True
3157,1558,507039,Circumstantial Witness,True
3158,1558,501807,Expert Witness,True
3159,1561,503916,Circumstantial Witness,True
3160,1561,500984,Eye Witness,True
3161,1561,514067,Eye Witness,False
3162,1562,516407,Eye Witness,True
3163,1562,521969,Circumstantial Witness,False
3164,1562,524289,Circumstantial Witness,False
3165,1564,516484,Circumstantial Witness,True
3166,1564,509538,Eye Witness,True
3167,1566,505991,Circumstantial Witness,True
3168,1566,524155,Expert Witness,True
3169,1566,508474,Expert Witness,True
3170,1567,516660,Circumstantial Witness,False
3171,1567,501154,Eye Witness,False
3172,1568,523062,Eye Witness,False
3173,1568,521480,Circumstantial Witness,True
3174,1569,513467,Expert Witness,True
3175,1569,524065,Eye Witness,False
3176,1570,523700,Eye Witness,True
3177,1571,510945,Circumstantial Witness,False
3178,1571,517282,Eye Witness,True
3179,1572,518003,Eye Witness,False
3180,1572,514072,Eye Witness,False
3181,1572,514359,Eye Witness,True
3182,1572,516901,Circumstantial Witness,True
3183,1573,516809,Expert Witness,True
3184,1576,511681,Eye Witness,False
3185,1576,509038,Expert Witness,False
3186,1579,500760,Eye Witness,True
3187,1579,522387,Expert Witness,False
3188,1580,523490,Expert Witness,False
3189,1580,515854,Expert Witness,False
3190,1580,502705,Expert Witness,False
3191,1580,512687,Eye Witness,True
3192,1582,521074,Expert Witness,False
3193,1582,519030,Expert Witness,True
3194,1582,505714,Expert Witness,False
3195,1583,521271,Circumstantial Witness,False
3196,1583,515456,Eye Witness,False
3197,1586,518978,Eye Witness,False
3198,1587,506201,Eye Witness,True
3199,1588,505925,Circumstantial Witness,True
3200,1588,513733,Expert Witness,True
3201,1588,501609,Eye Witness,True
3202,1588,504369,Expert Witness,True
3203,1589,509356,Eye Witness,True
3204,1589,516162,Circumstantial Witness,True
3205,1591,505492,Eye Witness,False
3206,1591,510546,Eye Witness,True
3207,1591,510603,Expert Witness,True
3208,1591,516866,Circumstantial Witness,False
3209,1593,512644,Expert Witness,True
3210,1593,524559,Eye Witness,True
3211,1593,515065,Circumstantial Witness,False
3212,1594,505988,Circumstantial Witness,False
3213,1595,520446,Expert Witness,False
3214,1596,501527,Circumstantial Witness,False
3215,1597,500301,Circumstantial Witness,False
3216,1597,521877,Circumstantial Witness,True
3217,1597,512318,Circumstantial Witness,False
3218,1597,501158,Eye Witness,True
3219,1598,514958,Eye Witness,True
3220,1598,513247,Eye Witness,True
3221,1598,515055,Eye Witness,True
3222,1599,522099,Circumstantial Witness,True
3223,1600,512581,Expert Witness,True
3224,1601,514076,Circumstantial Witness,False
3225,1603,511605,Circumstantial Witness,True
3226,1603,505516,Eye Witness,True
3227,1603,510407,Eye Witness,False
3228,1604,507834,Eye Witness,True
3229,1604,514589,Eye Witness,False
3230,1605,518552,Circumstantial Witness,True
3231,1605,521145,Eye Witness,True
3232,1605,516915,Eye Witness,True
3233,1606,503100,Expert Witness,True
3234,1606,522784,Eye Witness,False
3235,1606,510816,Eye Witness,True
3236,1606,508009,Circumstantial Witness,False
3237,1607,519722,Circumstantial Witness,True
3238,1607,510617,Eye Witness,True
3239,1608,521219,Circumstantial Witness,True
3240,1608,501804,Expert Witness,False
3241,1608,512978,Circumstantial Witness,True
3242,1611,502288,Eye Witness,True
3243,1611,500806,Expert Witness,True
3244,1611,518419,Expert Witness,True
3245,1612,508496,Circumstantial Witness,False
3246,1612,501096,Expert Witness,True
3247,1612,501854,Eye Witness,False
3248,1613,505102,Circumstantial Witness,False
3249,1613,500737,Expert Witness,False
3250,1614,508613,Eye Witness,False
3251,1614,506389,Expert Witness,True
3252,1614,502969,Expert Witness,True
3253,1614,517335,Expert Witness,True
3254,1615,501103,Expert Witness,True
3255,1615,520511,Circumstantial Witness,False
3256,1615,504548,Expert Witness,False
3257,1617,508892,Expert Witness,True
3258,1617,512040,Circumstantial Witness,False
3259,1618,508836,Expert Witness,True
3260,1618,516990,Circumstantial Witness,False
3261,1619,500761,Circumstantial Witness,False
3262,1619,514041,Eye Witness,True
3263,1620,509366,Circumstantial Witness,True
3264,1621,512449,Expert Witness,False
3265,1621,517573,Circumstantial Witness,True
3266,1622,509375,Expert Witness,True
3267,1622,510064,Circumstantial Witness,True
3268,1622,502288,Circumstantial Witness,True
3269,1623,516048,Expert Witness,False
3270,1623,512525,Expert Witness,False
3271,1623,504938,Eye Witness,False
3272,1623,514957,Eye Witness,True
3273,1625,523524,Circumstantial Witness,False
3274,1625,502811,Circumstantial Witness,False
3275,1626,513111,Circumstantial Witness,True
3276,1626,502959,Circumstantial Witness,True
3277,1626,509777,Eye Witness,False
3278,1626,520171,Eye Witness,False
3279,1627,524372,Expert Witness,False
3280,1627,507166,Circumstantial Witness,False
3281,1628,506380,Circumstantial Witness,True
3282,1628,508345,Expert Witness,True
3283,1629,518292,Circumstantial Witness,False
3284,1630,506584,Expert Witness,True
3285,1632,508036,Eye Witness,True
3286,1632,515166,Circumstantial Witness,True
3287,1633,523629,Expert Witness,True
3288,1633,518790,Eye Witness,True
3289,1634,505925,Expert Witness,True
3290,1635,505686,Circumstantial Witness,False
3291,1635,520282,Circumstantial Witness,True
3292,1635,510133,Eye Witness,True
3293,1635,509461,Circumstantial Witness,False
3294,1636,523339,Circumstantial Witness,True
3295,1637,505041,Eye Witness,False
3296,1638,513329,Circumstantial Witness,False
3297,1638,517252,Circumstantial Witness,True
3298,1638,518653,Expert Witness,False
3299,1638,509368,Eye Witness,True
3300,1639,504162,Circumstantial Witness,False
3301,1639,509973,Eye Witness,False
3302,1639,514171,Expert Witness,False
3303,1639,515567,Expert Witness,False
3304,1642,520376,Expert Witness,False
3305,1642,506307,Eye Witness,False
3306,1642,517488,Circumstantial Witness,True
3307,1642,504576,Expert Witness,False
3308,1643,518849,Eye Witness,False
3309,1643,511640,Expert Witness,False
3310,1643,505177,Circumstantial Witness,True
3311,1643,513820,Expert Witness,False
3312,1644,501048,Circumstantial Witness,False
3313,1644,520193,Eye Witness,True
3314,1644,507453,Eye Witness,False
3315,1644,508612,Expert Witness,True
3316,1646,505351,Eye Witness,False
3317,1646,505706,Eye Witness,True
3318,1647,516305,Circumstantial Witness,False
3319,1647,502926,Expert Witness,False
3320,1647,504602,Circumstantial Witness,False
3321,1648,514538,Eye Witness,False
3322,1648,508885,Eye Witness,False
3323,1648,504263,Eye Witness,True
3324,1648,519061,Circumstantial Witness,False
3325,1649,523466,Circumstantial Witness,True
3326,1649,519834,Eye Witness,True
3327,1650,502535,Circumstantial Witness,True
3328,1650,515416,Eye Witness,False
3329,1651,517215,Eye Witness,False
3330,1651,516230,Eye Witness,True
3331,1651,511325,Expert Witness,False
3332,1651,506911,Circumstantial Witness,False
3333,1652,511192,Expert Witness,True
3334,1652,520092,Eye Witness,True
3335,1652,523359,Circumstantial Witness,False
3336,1653,501967,Circumstantial Witness,False
3337,1653,522301,Eye Witness,True
3338,1653,501633,Circumstantial Witness,False
3339,1653,523620,Eye Witness,True
3340,1654,505727,Eye Witness,True
3341,1654,512294,Eye Witness,True
3342,1654,508698,Expert Witness,False
3343,1654,514693,Expert Witness,True
3344,1655,511862,Expert Witness,True
3345,1655,501686,Eye Witness,False
3346,1655,511555,Eye Witness,True
3347,1655,512941,Expert Witness,True
3348,1657,523019,Circumstantial Witness,False
3349,1657,507870,Eye Witness,False
3350,1658,508517,Circumstantial Witness,False
3351,1658,516795,Expert Witness,True
3352,1659,510931,Expert Witness,False
3353,1659,517401,Circumstantial Witness,True
3354,1659,504672,Eye Witness,False
3355,1660,522693,Expert Witness,True
3356,1663,516479,Eye Witness,False
3357,1663,500260,Expert Witness,True
3358,1663,515025,Eye Witness,False
3359,1663,508894,Eye Witness,True
3360,1664,510855,Expert Witness,True
3361,1664,523413,Circumstantial Witness,False
3362,1666,500963,Expert Witness,True
3363,1666,500921,Eye Witness,True
3364,1666,520296,Eye Witness,False
3365,1666,524129,Expert Witness,True
3366,1667,522087,Eye Witness,True
3367,1668,513932,Eye Witness,False
3368,1668,524044,Expert Witness,True
3369,1668,515161,Circumstantial Witness,False
3370,1669,519336,Expert Witness,True
3371,1669,517116,Expert Witness,True
3372,1670,503338,Circumstantial Witness,False
3373,1670,519253,Eye Witness,False
3374,1670,500604,Circumstantial Witness,False
3375,1671,511944,Expert Witness,True
3376,1671,518098,Eye Witness,True
3377,1671,509243,Eye Witness,False
3378,1671,514757,Expert Witness,False
3379,1673,523689,Circumstantial Witness,False
3380,1673,517436,Circumstantial Witness,False
3381,1673,512954,Circumstantial Witness,True
3382,1673,506676,Eye Witness,False
3383,1674,507221,Expert Witness,False
3384,1674,501245,Expert Witness,False
3385,1675,524880,Circumstantial Witness,True
3386,1675,508010,Circumstantial Witness,True
3387,1676,522433,Eye Witness,False
3388,1678,524009,Expert Witness,True
3389,1678,506945,Eye Witness,True
3390,1678,515512,Expert Witness,False
3391,1678,515735,Expert Witness,False
3392,1679,517114,Eye Witness,False
3393,1679,502338,Eye Witness,True
3394,1680,515136,Expert Witness,False
3395,1680,518902,Circumstantial Witness,True
3396,1680,506419,Eye Witness,True
3397,1680,504742,Eye Witness,False
3398,1681,515650,Expert Witness,False
3399,1681,516544,Expert Witness,False
3400,1681,500286,Eye Witness,True
3401,1683,521496,Circumstantial Witness,False
3402,1684,524143,Eye Witness,True
3403,1684,501923,Circumstantial Witness,True
3404,1684,524157,Circumstantial Witness,True
3405,1685,507281,Eye Witness,True
3406,1685,513420,Eye Witness,False
3407,1688,514716,Eye Witness,False
3408,1688,512518,Circumstantial Witness,False
3409,1688,501573,Expert Witness,True
3410,1688,512754,Expert Witness,False
3411,1689,524492,Eye Witness,True
3412,1689,518470,Eye Witness,True
3413,1689,523386,Circumstantial Witness,True
3414,1690,523743,Eye Witness,False
3415,1690,524026,Expert Witness,True
3416,1690,516485,Circumstantial Witness,False
3417,1690,515418,Circumstantial Witness,True
3418,1691,521037,Expert Witness,False
3419,1691,508448,Eye Witness,False
3420,1691,524109,Circumstantial Witness,False
3421,1692,508418,Circumstantial Witness,False
3422,1692,524283,Expert Witness,False
3423,1692,523670,Eye Witness,True
3424,1692,508940,Eye Witness,False
3425,1693,514213,Circumstantial Witness,False
3426,1693,505793,Circumstantial Witness,False
3427,1694,513270,Eye Witness,True
3428,1694,501153,Eye Witness,True
3429,1694,504246,Expert Witness,True
3430,1694,517673,Expert Witness,True
3431,1695,501075,Expert Witness,False
3432,1695,517381,Circumstantial Witness,True
3433,1696,500045,Expert Witness,False
3434,1696,515493,Expert Witness,False
3435,1697,517030,Eye Witness,False
3436,1697,519003,Expert Witness,False
3437,1697,510683,Eye Witness,False
3438,1699,506035,Circumstantial Witness,False
3439,1699,515692,Expert Witness,False
3440,1699,508841,Eye Witness,False
3441,1701,522040,Eye Witness,False
3442,1701,506643,Circumstantial Witness,False
3443,1701,515678,Circumstantial Witness,True
3444,1702,518637,Circumstantial Witness,False
3445,1702,511207,Expert Witness,False
3446,1702,517695,Circumstantial Witness,False
3447,1702,508341,Expert Witness,True
3448,1703,513774,Circumstantial Witness,True
3449,1703,507729,Expert Witness,False
3450,1703,520039,Circumstantial Witness,True
3451,1703,502446,Circumstantial Witness,True
3452,1704,516428,Expert Witness,True
3453,1705,519130,Eye Witness,True
3454,1706,519523,Circumstantial Witness,False
3455,1706,515904,Eye Witness,False
3456,1706,503544,Circumstantial Witness,False
3457,1706,500673,Expert Witness,True
3458,1708,514575,Circumstantial Witness,True
3459,1709,508792,Eye Witness,False
3460,1711,515922,Circumstantial Witness,False
3461,1711,516166,Eye Witness,True
3462,1713,512848,Eye Witness,True
3463,1713,500221,Expert Witness,True
3464,1713,518791,Expert Witness,True
3465,1713,513362,Circumstantial Witness,False
3466,1714,505425,Eye Witness,True
3467,1714,516852,Circumstantial Witness,False
3468,1716,503662,Eye Witness,True
3469,1716,501420,Circumstantial Witness,False
3470,1718,510328,Eye Witness,True
3471,1718,521331,Circumstantial Witness,False
3472,1718,521215,Eye Witness,False
3473,1719,516109,Expert Witness,False
3474,1719,505663,Eye Witness,True
3475,1719,500739,Eye Witness,False
3476,1720,507724,Circumstantial Witness,True
3477,1720,521015,Expert Witness,True
3478,1720,521384,Eye Witness,False
3479,1722,520701,Expert Witness,True
3480,1722,517915,Expert Witness,True
3481,1722,504201,Expert Witness,False
3482,1723,521349,Expert Witness,True
3483,1723,500335,Eye Witness,True
3484,1724,516979,Expert Witness,False
3485,1724,509106,Eye Witness,True
3486,1726,517504,Eye Witness,False
3487,1726,517583,Circumstantial Witness,False
3488,1726,521791,Circumstantial Witness,False
3489,1726,514892,Expert Witness,False
3490,1727,512669,Circumstantial Witness,False
3491,1730,510509,Expert Witness,True
3492,1732,504374,Circumstantial Witness,True
3493,1732,519230,Circumstantial Witness,False
3494,1733,519069,Circumstantial Witness,False
3495,1733,515905,Eye Witness,False
3496,1733,511672,Circumstantial Witness,False
3497,1735,514391,Eye Witness,True
3498,1735,502315,Eye Witness,False
3499,1736,515052,Eye Witness,False
3500,1736,502587,Expert Witness,False
3501,1737,508329,Circumstantial Witness,False
3502,1738,522396,Expert Witness,False
3503,1738,502017,Expert Witness,False
3504,1738,503488,Expert Witness,False
3505,1738,511048,Expert Witness,False
3506,1739,508401,Circumstantial Witness,False
3507,1739,519895,Circumstantial Witness,False
3508,1739,513965,Expert Witness,True
3509,1743,514101,Circumstantial Witness,True
3510,1743,519598,Expert Witness,True
3511,1743,517808,Eye Witness,True
3512,1743,511743,Eye Witness,True
3513,1745,521934,Circumstantial Witness,False
3514,1745,513578,Circumstantial Witness,False
3515,1745,522237,Eye Witness,False
3516,1745,507231,Eye Witness,False
3517,1746,505792,Eye Witness,True
3518,1746,524137,Circumstantial Witness,True
3519,1747,502956,Expert Witness,True
3520,1747,523056,Expert Witness,True
3521,1747,524298,Expert Witness,True
3522,1748,519670,Eye Witness,True
3523,1748,502892,Expert Witness,True
3524,1748,517502,Circumstantial Witness,True
3525,1749,512400,Eye Witness,False
3526,1749,522804,Expert Witness,False
3527,1749,504891,Circumstantial Witness,True
3528,1749,517253,Eye Witness,True
3529,1750,522577,Eye Witness,True
3530,1750,522113,Circumstantial Witness,True
3531,1751,521160,Circumstantial Witness,True
3532,1751,506703,Eye Witness,False
3533,1751,511099,Circumstantial Witness,False
3534,1751,518607,Circumstantial Witness,True
3535,1753,510678,Circumstantial Witness,True
3536,1753,504831,Circumstantial Witness,False
3537,1753,509837,Eye Witness,False
3538,1754,521645,Eye Witness,True
3539,1755,516890,Eye Witness,False
3540,1755,517508,Circumstantial Witness,True
3541,1755,501788,Circumstantial Witness,False
3542,1756,513559,Circumstantial Witness,True
3543,1757,509603,Expert Witness,False
3544,1757,521865,Expert Witness,False
3545,1757,517068,Expert Witness,False
3546,1759,522510,Eye Witness,True
3547,1759,502935,Circumstantial Witness,False
3548,1759,507891,Eye Witness,True
3549,1760,519142,Eye Witness,True
3550,1760,518517,Eye Witness,False
3551,1760,501987,Eye Witness,True
3552,1760,508525,Eye Witness,False
3553,1761,524989,Expert Witness,False
3554,1761,523398,Circumstantial Witness,True
3555,1762,514082,Circumstantial Witness,False
3556,1762,522803,Circumstantial Witness,False
3557,1762,516171,Expert Witness,True
3558,1762,501951,Circumstantial Witness,True
3559,1763,503514,Circumstantial Witness,True
3560,1763,512666,Eye Witness,False
3561,1764,500835,Expert Witness,False
3562,1764,519803,Expert Witness,False
3563,1764,501156,Circumstantial Witness,True
3564,1766,513586,Eye Witness,False
3565,1766,522519,Circumstantial Witness,True
3566,1766,517821,Circumstantial Witness,True
3567,1766,500825,Eye Witness,False
3568,1767,520476,Expert Witness,True
3569,1767,501009,Circumstantial Witness,True
3570,1767,521197,Eye Witness,True
3571,1769,505344,Eye Witness,False
3572,1769,515734,Expert Witness,True
3573,1769,521523,Circumstantial Witness,False
3574,1769,508574,Circumstantial Witness,True
3575,1770,508859,Circumstantial Witness,True
3576,1770,524665,Circumstantial Witness,True
3577,1770,517753,Circumstantial Witness,True
3578,1770,516258,Circumstantial Witness,True
3579,1771,501360,Circumstantial Witness,False
3580,1771,506368,Expert Witness,True
3581,1771,515676,Circumstantial Witness,True
3582,1771,514656,Expert Witness,False
3583,1772,523405,Expert Witness,False
3584,1772,504195,Expert Witness,False
3585,1773,507170,Circumstantial Witness,True
3586,1775,510931,Eye Witness,False
3587,1775,508073,Eye Witness,True
3588,1776,522691,Expert Witness,False
3589,1776,517868,Eye Witness,False
3590,1776,524090,Expert Witness,True
3591,1777,500336,Eye Witness,True
3592,1777,517684,Expert Witness,False
3593,1777,515158,Circumstantial Witness,True
3594,1778,514958,Circumstantial Witness,True
3595,1778,523832,Eye Witness,True
3596,1778,508535,Eye Witness,True
3597,1778,503327,Circumstantial Witness,True
3598,1781,500727,Eye Witness,True
3599,1781,508683,Eye Witness,True
3600,1782,510338,Eye Witness,False
3601,1782,512802,Expert Witness,True
3602,1782,506373,Eye Witness,True
3603,1783,500295,Expert Witness,True
3604,1783,519292,Expert Witness,False
3605,1783,502602,Circumstantial Witness,False
3606,1784,516349,Eye Witness,False
3607,1784,517331,Circumstantial Witness,True
3608,1784,508667,Expert Witness,True
3609,1784,509130,Eye Witness,True
3610,1785,511859,Eye Witness,False
3611,1785,520653,Eye Witness,True
3612,1785,520182,Circumstantial Witness,False
3613,1787,500955,Eye Witness,False
3614,1787,505178,Expert Witness,False
3615,1787,524449,Eye Witness,False
3616,1787,518832,Circumstantial Witness,False
3617,1788,522020,Circumstantial Witness,False
3618,1788,515084,Circumstantial Witness,False
3619,1788,524806,Expert Witness,False
3620,1790,509953,Expert Witness,True
3621,1790,508722,Circumstantial Witness,False
3622,1790,510271,Eye Witness,True
3623,1790,505862,Expert Witness,True
3624,1791,507349,Eye Witness,False
3625,1791,509214,Eye Witness,False
3626,1792,511631,Eye Witness,True
3627,1792,505935,Circumstantial Witness,True
3628,1792,517210,Circumstantial Witness,True
3629,1793,520166,Expert Witness,False
3630,1794,513504,Circumstantial Witness,True
3631,1795,503238,Circumstantial Witness,False
3632,1795,513739,Eye Witness,False
3633,1795,514949,Expert Witness,False
3634,1797,501747,Expert Witness,False
3635,1797,508035,Expert Witness,True
3636,1797,502103,Expert Witness,True
3637,1797,509213,Circumstantial Witness,False
3638,1798,504671,Circumstantial Witness,True
3639,1798,524476,Eye Witness,False
3640,1798,513657,Eye Witness,False
3641,1798,520894,Circumstantial Witness,False
3642,1799,519505,Eye Witness,True
3643,1799,508718,Circumstantial Witness,False
3644,1799,502468,Expert Witness,False
3645,1799,510686,Eye Witness,False
3646,1800,509503,Expert Witness,True
3647,1800,520713,Eye Witness,False
3648,1800,515273,Circumstantial Witness,True
3649,1800,500820,Circumstantial Witness,False
3650,1801,504756,Circumstantial Witness,True
3651,1801,506784,Circumstantial Witness,False
3652,1801,500864,Circumstantial Witness,True
3653,1802,503910,Circumstantial Witness,False
3654,1802,523096,Expert Witness,True
3655,1802,505330,Circumstantial Witness,False
3656,1803,519220,Eye Witness,True
3657,1803,504053,Eye Witness,True
3658,1806,517711,Expert Witness,True
3659,1806,514609,Eye Witness,False
3660,1806,509835,Circumstantial Witness,True
3661,1806,510596,Eye Witness,False
3662,1807,507962,Circumstantial Witness,False
3663,1807,519666,Eye Witness,False
3664,1807,524814,Eye Witness,False
3665,1808,518990,Circumstantial Witness,False
3666,1808,523810,Circumstantial Witness,False
3667,1809,502971,Eye Witness,True
3668,1810,523971,Expert Witness,True
3669,1812,510024,Circumstantial Witness,False
3670,1813,516526,Eye Witness,True
3671,1813,521249,Eye Witness,False
3672,1814,524765,Eye Witness,False
3673,1815,505070,Expert Witness,False
3674,1815,510653,Expert Witness,False
3675,1816,508891,Expert Witness,False
3676,1816,524149,Expert Witness,False
3677,1817,507594,Expert Witness,True
3678,1817,501581,Expert Witness,True
3679,1817,501906,Expert Witness,True
3680,1817,511754,Eye Witness,False
3681,1818,513773,Expert Witness,False
3682,1818,514206,Circumstantial Witness,True
3683,1820,521883,Expert Witness,True
3684,1822,524393,Expert Witness,True
3685,1823,522399,Circumstantial Witness,False
3686,1825,501081,Expert Witness,False
3687,1825,502926,Circumstantial Witness,False
3688,1825,520667,Circumstantial Witness,True
3689,1827,502878,Eye Witness,False
3690,1827,510616,Expert Witness,False
3691,1827,519386,Circumstantial Witness,True
3692,1828,515285,Eye Witness,True
3693,1828,504759,Expert Witness,False
3694,1828,500234,Expert Witness,False
3695,1829,524936,Expert Witness,False
3696,1829,505391,Circumstantial Witness,False
3697,1829,521180,Expert Witness,False
3698,1830,504840,Eye Witness,True
3699,1831,508632,Eye Witness,False
3700,1831,522120,Circumstantial Witness,True
3701,1831,504172,Expert Witness,False
3702,1831,511781,Circumstantial Witness,False
3703,1833,513696,Expert Witness,True
3704,1833,505513,Eye Witness,False
3705,1833,514951,Eye Witness,False
3706,1834,507032,Expert Witness,False
3707,1835,506881,Eye Witness,True
3708,1835,501222,Expert Witness,True
3709,1835,509265,Expert Witness,False
3710,1835,516025,Expert Witness,True
3711,1837,519581,Eye Witness,False
3712,1838,503058,Circumstantial Witness,False
3713,1840,521777,Circumstantial Witness,False
3714,1840,505387,Circumstantial Witness,True
3715,1840,504503,Eye Witness,True
3716,1840,524053,Expert Witness,True
3717,1842,500428,Expert Witness,True
3718,1842,510651,Expert Witness,False
3719,1844,522793,Expert Witness,False
3720,1844,515614,Eye Witness,False
3721,1845,517979,Eye Witness,False
3722,1845,524435,Circumstantial Witness,False
3723,1845,523208,Expert Witness,True
3724,1846,507379,Circumstantial Witness,False
3725,1846,524406,Eye Witness,False
3726,1846,506981,Circumstantial Witness,False
3727,1847,521806,Eye Witness,False
3728,1847,522889,Circumstantial Witness,False
3729,1848,517277,Circumstantial Witness,True
3730,1848,514500,Expert Witness,True
3731,1848,515235,Circumstantial Witness,True
3732,1848,504356,Expert Witness,False
3733,1850,500859,Eye Witness,True
3734,1850,508425,Eye Witness,False
3735,1851,515118,Expert Witness,False
3736,1851,522034,Eye Witness,False
3737,1852,502840,Circumstantial Witness,True
3738,1852,501655,Circumstantial Witness,True
3739,1854,509027,Circumstantial Witness,True
3740,1854,514864,Expert Witness,True
3741,1854,507563,Expert Witness,True
3742,1854,524737,Circumstantial Witness,False
3743,1855,519102,Circumstantial Witness,False
3744,1855,505634,Eye Witness,False
3745,1856,514858,Expert Witness,False
3746,1856,504846,Eye Witness,True
3747,1856,518930,Eye Witness,False
3748,1857,505405,Circumstantial Witness,True
3749,1857,521214,Eye Witness,True
3750,1857,503154,Eye Witness,True
3751,1857,520861,Expert Witness,True
3752,1858,500073,Eye Witness,False
3753,1859,507158,Expert Witness,False
3754,1859,519290,Expert Witness,False
3755,1859,520749,Eye Witness,False
3756,1859,502412,Eye Witness,False
3757,1860,510604,Eye Witness,True
3758,1860,516274,Expert Witness,False
3759,1860,510136,Eye Witness,False
3760,1860,503889,Eye Witness,True
3761,1861,514990,Expert Witness,False
3762,1861,504853,Expert Witness,True
3763,1861,503360,Expert Witness,False
3764,1862,523514,Eye Witness,True
3765,1862,514610,Circumstantial Witness,False
3766,1862,517298,Eye Witness,False
3767,1862,507642,Expert Witness,True
3768,1863,506023,Circumstantial Witness,True
3769,1863,502674,Expert Witness,True
3770,1863,500119,Expert Witness,True
3771,1864,508219,Circumstantial Witness,False
3772,1864,517587,Eye Witness,False
3773,1864,523912,Eye Witness,True
3774,1865,503515,Eye Witness,False
3775,1865,513845,Circumstantial Witness,False
3776,1865,508853,Expert Witness,False
3777,1865,500089,Expert Witness,True
3778,1867,501461,Circumstantial Witness,False
3779,1867,510696,Eye Witness,True
3780,1867,501484,Circumstantial Witness,False
3781,1867,510713,Eye Witness,False
3782,1868,520303,Circumstantial Witness,True
3783,1868,524420,Circumstantial Witness,False
3784,1868,522200,Eye Witness,False
3785,1868,504312,Eye Witness,False
3786,1869,524474,Circumstantial Witness,False
3787,1869,517522,Circumstantial Witness,True
3788,1869,505269,Expert Witness,True
3789,1869,513817,Eye Witness,False
3790,1870,524830,Expert Witness,False
3791,1871,513446,Eye Witness,False
3792,1872,505561,Expert Witness,True
3793,1873,518200,Expert Witness,True
3794,1873,502458,Eye Witness,False
3795,1873,506753,Expert Witness,False
3796,1873,522763,Eye Witness,False
3797,1874,513046,Circumstantial Witness,True
3798,1874,518838,Eye Witness,False
3799,1874,515456,Expert Witness,False
3800,1876,519071,Expert Witness,False
3801,1876,501435,Expert Witness,False
3802,1876,518185,Circumstantial Witness,False
3803,1876,500436,Circumstantial Witness,True
3804,1877,507462,Circumstantial Witness,True
3805,1877,509216,Expert Witness,False
3806,1878,521875,Expert Witness,False
3807,1878,519808,Expert Witness,False
3808,1879,501330,Expert Witness,True
3809,1879,509198,Expert Witness,False
3810,1880,515666,Expert Witness,False
3811,1880,521990,Eye Witness,True
3812,1881,510004,Expert Witness,False
3813,1881,519148,Circumstantial Witness,True
3814,1881,508520,Circumstantial Witness,True
3815,1881,519279,Eye Witness,True
3816,1882,523102,Eye Witness,True
3817,1882,520074,Expert Witness,False
3818,1882,514143,Circumstantial Witness,True
3819,1882,504617,Expert Witness,False
3820,1883,516861,Eye Witness,False
3821,1883,507953,Circumstantial Witness,False
3822,1883,513550,Expert Witness,False
3823,1883,522401,Expert Witness,True
3824,1884,501671,Circumstantial Witness,False
3825,1884,505251,Circumstantial Witness,False
3826,1884,502370,Eye Witness,False
3827,1884,503011,Eye Witness,True
3828,1885,520125,Expert Witness,True
3829,1886,524015,Circumstantial Witness,True
3830,1886,518465,Circumstantial Witness,True
3831,1886,502046,Expert Witness,False
3832,1886,510271,Eye Witness,False
3833,1888,517796,Expert Witness,False
3834,1888,518316,Eye Witness,True
3835,1889,503883,Expert Witness,False
3836,1889,514078,Expert Witness,False
3837,1890,522601,Eye Witness,True
3838,1891,515099,Expert Witness,True
3839,1892,512477,Eye Witness,False
3840,1892,515176,Eye Witness,True
3841,1892,511980,Eye Witness,True
3842,1895,517275,Circumstantial Witness,False
3843,1895,520303,Circumstantial Witness,True
3844,1895,515374,Expert Witness,False
3845,1896,507451,Expert Witness,True
3846,1896,500735,Eye Witness,True
3847,1896,500615,Eye Witness,True
3848,1897,517390,Circumstantial Witness,True
3849,1897,510211,Circumstantial Witness,True
3850,1898,502043,Circumstantial Witness,False
3851,1898,513139,Eye Witness,True
3852,1899,516049,Circumstantial Witness,True
3853,1901,522975,Eye Witness,False
3854,1902,515944,Circumstantial Witness,False
3855,1902,505703,Circumstantial Witness,True
3856,1902,517594,Eye Witness,False
3857,1902,516692,Expert Witness,False
3858,1903,508461,Expert Witness,False
3859,1903,521663,Circumstantial Witness,True
3860,1903,503040,Eye Witness,True
3861,1904,508470,Expert Witness,False
3862,1905,521664,Circumstantial Witness,False
3863,1905,521171,Eye Witness,False
3864,1906,501135,Eye Witness,False
3865,1906,504028,Eye Witness,False
3866,1907,513981,Expert Witness,True
3867,1907,523824,Eye Witness,False
3868,1907,500334,Circumstantial Witness,True
3869,1907,514048,Circumstantial Witness,True
3870,1908,509079,Eye Witness,True
3871,1908,519518,Expert Witness,False
3872,1909,508345,Eye Witness,True
3873,1910,519202,Expert Witness,False
3874,1910,520075,Expert Witness,False
3875,1910,520572,Expert Witness,False
3876,1910,513531,Expert Witness,False
3877,1913,502972,Circumstantial Witness,True
3878,1915,517334,Expert Witness,True
3879,1916,524516,Expert Witness,False
3880,1916,523275,Eye Witness,False
3881,1916,519013,Eye Witness,False
3882,1916,511637,Expert Witness,True
3883,1917,519336,Expert Witness,True
3884,1918,511170,Eye Witness,True
3885,1918,508446,Expert Witness,True
3886,1919,513170,Circumstantial Witness,True
3887,1919,513217,Circumstantial Witness,True
3888,1919,509531,Expert Witness,False
3889,1919,524074,Circumstantial Witness,True
3890,1920,510859,Expert Witness,True
3891,1920,519276,Expert Witness,True
3892,1920,521105,Eye Witness,True
3893,1920,516977,Expert Witness,False
3894,1921,510383,Expert Witness,True
3895,1921,500588,Circumstantial Witness,True
3896,1922,521744,Circumstantial Witness,False
3897,1922,501537,Expert Witness,True
3898,1922,516217,Circumstantial Witness,False
3899,1922,514434,Eye Witness,False
3900,1923,505532,Expert Witness,True
3901,1923,521766,Circumstantial Witness,True
3902,1923,521667,Expert Witness,False
3903,1923,520588,Eye Witness,True
3904,1924,503793,Expert Witness,True
3905,1924,515615,Expert Witness,False
3906,1925,524286,Eye Witness,False
3907,1925,516920,Eye Witness,False
3908,1925,523001,Expert Witness,True
3909,1926,516287,Expert Witness,True
3910,1926,501608,Circumstantial Witness,True
3911,1926,500558,Eye Witness,False
3912,1926,515219,Circumstantial Witness,False
3913,1927,521051,Expert Witness,True
3914,1927,501484,Eye Witness,True
3915,1927,505546,Circumstantial Witness,False
3916,1928,504076,Circumstantial Witness,False
3917,1928,519854,Circumstantial Witness,False
3918,1929,513975,Circumstantial Witness,False
3919,1930,505408,Expert Witness,True
3920,1931,511797,Eye Witness,True
3921,1931,509166,Eye Witness,True
3922,1931,512367,Circumstantial Witness,False
3923,1931,520141,Eye Witness,True
3924,1932,519986,Circumstantial Witness,True
3925,1932,512328,Expert Witness,False
3926,1932,524632,Expert Witness,True
3927,1933,516388,Expert Witness,True
3928,1933,522447,Circumstantial Witness,True
3929,1933,514964,Circumstantial Witness,True
3930,1933,506499,Expert Witness,True
3931,1934,518894,Circumstantial Witness,False
3932,1934,520924,Expert Witness,False
3933,1934,522104,Expert Witness,True
3934,1935,516231,Expert Witness,False
3935,1935,514205,Circumstantial Witness,False
3936,1935,522697,Expert Witness,False
3937,1935,521070,Expert Witness,False
3938,1936,505956,Expert Witness,False
3939,1936,521486,Eye Witness,True
3940,1937,503997,Expert Witness,True
3941,1937,504012,Expert Witness,True
3942,1937,514884,Expert Witness,True
3943,1937,510002,Circumstantial Witness,False
3944,1938,506040,Expert Witness,False
3945,1938,506867,Circumstantial Witness,False
3946,1938,521786,Circumstantial Witness,False
3947,1939,515034,Expert Witness,False
3948,1939,506086,Expert Witness,True
3949,1940,506031,Expert Witness,True
3950,1941,502831,Eye Witness,False
3951,1941,517931,Expert Witness,False
3952,1941,517542,Expert Witness,False
3953,1943,503200,Circumstantial Witness,True
3954,1943,511883,Circumstantial Witness,True
3955,1943,523231,Circumstantial Witness,True
3956,1943,514263,Circumstantial Witness,True
3957,1944,523923,Eye Witness,False
3958,1945,503458,Expert Witness,False
3959,1945,517807,Eye Witness,False
3960,1947,500654,Expert Witness,False
3961,1948,519779,Eye Witness,False
3962,1948,524864,Expert Witness,False
3963,1950,500527,Circumstantial Witness,True
3964,1950,523092,Circumstantial Witness,False
3965,1951,509207,Expert Witness,False
3966,1951,510898,Eye Witness,True
3967,1951,512463,Expert Witness,True
3968,1951,508028,Circumstantial Witness,False
3969,1954,507273,Circumstantial Witness,False
3970,1954,506561,Circumstantial Witness,True
3971,1955,517225,Eye Witness,True
3972,1955,500039,Circumstantial Witness,True
3973,1955,513625,Circumstantial Witness,True
3974,1956,520639,Circumstantial Witness,True
3975,1956,519089,Eye Witness,True
3976,1956,511018,Circumstantial Witness,False
3977,1957,508899,Circumstantial Witness,True
3978,1957,508240,Expert Witness,False
3979,1957,500109,Circumstantial Witness,True
3980,1957,515138,Eye Witness,True
3981,1958,511507,Eye Witness,True
3982,1959,514999,Eye Witness,True
3983,1959,505920,Circumstantial Witness,True
3984,1959,501724,Circumstantial Witness,True
3985,1959,524653,Expert Witness,True
3986,1960,502368,Expert Witness,False
3987,1960,511043,Expert Witness,False
3988,1960,515533,Circumstantial Witness,True
3989,1960,514672,Eye Witness,True
3990,1961,506883,Circumstantial Witness,False
3991,1961,513717,Eye Witness,False
3992,1962,521979,Eye Witness,True
3993,1962,506166,Eye Witness,True
3994,1962,519869,Expert Witness,True
3995,1963,507667,Expert Witness,True
3996,1963,509703,Expert Witness,False
3997,1964,503771,Expert Witness,False
3998,1964,523869,Expert Witness,False
3999,1964,505285,Circumstantial Witness,True
4000,1965,520407,Expert Witness,False
4001,1965,516562,Eye Witness,True
4002,1965,507463,Eye Witness,False
4003,1966,514008,Eye Witness,True
4004,1967,524867,Circumstantial Witness,False
4005,1967,510312,Eye Witness,False
4006,1968,507978,Circumstantial Witness,False
4007,1968,511233,Circumstantial Witness,True
4008,1968,515240,Circumstantial Witness,False
4009,1968,520801,Expert Witness,False
4010,1970,519178,Circumstantial Witness,True
4011,1970,503359,Eye Witness,True
4012,1970,501047,Eye Witness,False
4013,1971,524119,Circumstantial Witness,True
4014,1972,515697,Circumstantial Witness,True
4015,1973,507900,Eye Witness,True
4016,1973,522643,Eye Witness,False
4017,1973,521848,Circumstantial Witness,False
4018,1974,518532,Circumstantial Witness,False
4019,1974,500170,Expert Witness,False
4020,1975,516213,Circumstantial Witness,False
4021,1975,515771,Eye Witness,False
4022,1975,510012,Expert Witness,True
4023,1975,505903,Expert Witness,True
4024,1976,501212,Expert Witness,True
4025,1976,511343,Circumstantial Witness,True
4026,1977,504723,Eye Witness,False
4027,1978,519125,Circumstantial Witness,False
4028,1978,511105,Circumstantial Witness,False
4029,1979,512192,Expert Witness,False
4030,1979,517493,Expert Witness,False
4031,1979,517837,Eye Witness,False
4032,1980,512886,Circumstantial Witness,False
4033,1980,519095,Expert Witness,True
4034,1980,503892,Eye Witness,True
4035,1981,509355,Eye Witness,True
4036,1981,514125,Expert Witness,False
4037,1981,511541,Circumstantial Witness,True
4038,1981,524847,Expert Witness,False
4039,1982,500146,Expert Witness,True
4040,1982,513344,Circumstantial Witness,True
4041,1982,510180,Expert Witness,False
4042,1982,504750,Expert Witness,True
4043,1983,524201,Eye Witness,False
4044,1983,520064,Eye Witness,False
4045,1983,524481,Expert Witness,False
4046,1983,518938,Eye Witness,True
4047,1984,502131,Expert Witness,False
4048,1984,502676,Expert Witness,True
4049,1985,519154,Eye Witness,True
4050,1985,522303,Circumstantial Witness,False
4051,1985,518757,Expert Witness,True
4052,1985,524931,Eye Witness,True
4053,1986,519324,Expert Witness,True
4054,1986,514921,Circumstantial Witness,True
4055,1986,511565,Expert Witness,True
4056,1986,512864,Expert Witness,True
4057,1987,520975,Expert Witness,True
4058,1987,506802,Eye Witness,False
4059,1987,508573,Circumstantial Witness,True
4060,1987,520995,Eye Witness,False
4061,1988,523937,Expert Witness,False
4062,1988,508497,Expert Witness,True
4063,1988,500607,Expert Witness,True
4064,1988,517468,Circumstantial Witness,False
4065,1990,522299,Expert Witness,False
4066,1990,503628,Eye Witness,False
4067,1990,509067,Circumstantial Witness,True
4068,1992,513575,Eye Witness,False
4069,1994,515095,Circumstantial Witness,False
4070,1994,522248,Eye Witness,False
4071,1994,518602,Eye Witness,False
4072,1995,517858,Eye Witness,False
4073,1998,524880,Circumstantial Witness,False
4074,1998,509542,Circumstantial Witness,False
4075,1998,514295,Eye Witness,True
4076,1998,503792,Circumstantial Witness,False
4077,2000,511872,Expert Witness,False
4078,2000,524668,Expert Witness,True
4079,2001,511512,Eye Witness,False
4080,2001,504324,Circumstantial Witness,False
4081,2002,522734,Circumstantial Witness,False
4082,2004,500883,Eye Witness,False
4083,2004,501796,Eye Witness,False
4084,2005,501669,Expert Witness,False
4085,2006,506027,Expert Witness,False
4086,2006,519440,Expert Witness,True
4087,2006,515717,Eye Witness,False
4088,2007,518515,Expert Witness,False
4089,2007,516336,Expert Witness,False
4090,2008,519550,Eye Witness,False
4091,2008,524923,Eye Witness,True
4092,2009,513357,Expert Witness,True
4093,2010,523965,Expert Witness,False
4094,2010,501585,Eye Witness,False
4095,2010,501732,Expert Witness,True
4096,2010,522572,Eye Witness,False
4097,2011,514408,Expert Witness,True
4098,2011,504229,Eye Witness,False
4099,2011,501024,Circumstantial Witness,False
4100,2012,506527,Circumstantial Witness,False
4101,2012,501333,Eye Witness,False
4102,2012,506381,Circumstantial Witness,True
4103,2013,508479,Expert Witness,True
4104,2013,518290,Expert Witness,False
4105,2013,501387,Circumstantial Witness,True
4106,2013,513158,Expert Witness,True
4107,2015,524264,Expert Witness,True
4108,2015,521734,Circumstantial Witness,False
4109,2016,521611,Expert Witness,True
4110,2016,504968,Eye Witness,False
4111,2016,516661,Expert Witness,True
4112,2017,510873,Expert Witness,True
4113,2017,521303,Circumstantial Witness,True
4114,2017,507572,Eye Witness,False
4115,2018,505184,Eye Witness,False
4116,2018,505126,Expert Witness,True
4117,2018,503411,Eye Witness,True
4118,2018,501440,Expert Witness,False
4119,2019,506358,Circumstantial Witness,True
4120,2019,514814,Circumstantial Witness,True
4121,2020,515505,Eye Witness,False
4122,2020,507402,Eye Witness,True
4123,2021,500500,Circumstantial Witness,False
4124,2021,503390,Circumstantial Witness,True
4125,2021,524662,Circumstantial Witness,False
4126,2022,502846,Eye Witness,False
4127,2023,517295,Eye Witness,False
4128,2024,512912,Expert Witness,True
4129,2024,523671,Circumstantial Witness,False
4130,2024,503235,Circumstantial Witness,False
4131,2024,511308,Circumstantial Witness,False
4132,2025,512628,Expert Witness,True
4133,2025,503273,Expert Witness,False
4134,2025,518987,Circumstantial Witness,False
4135,2026,517113,Circumstantial Witness,True
4136,2026,512920,Eye Witness,True
4137,2028,518849,Expert Witness,True
4138,2028,516454,Circumstantial Witness,False
4139,2029,516747,Expert Witness,False
4140,2029,511150,Expert Witness,False
4141,2029,520233,Expert Witness,True
4142,2029,518748,Eye Witness,False
4143,2030,518495,Expert Witness,False
4144,2030,512595,Eye Witness,True
4145,2032,523048,Eye Witness,False
4146,2032,521895,Circumstantial Witness,False
4147,2033,523565,Circumstantial Witness,True
4148,2033,502103,Eye Witness,True
4149,2033,512536,Circumstantial Witness,True
4150,2034,506358,Eye Witness,False
4151,2034,519514,Eye Witness,True
4152,2034,500249,Eye Witness,False
4153,2035,516243,Circumstantial Witness,True
4154,2035,504418,Circumstantial Witness,False
4155,2035,507483,Eye Witness,False
4156,2036,507608,Eye Witness,True
4157,2036,513513,Circumstantial Witness,True
4158,2036,500107,Circumstantial Witness,False
4159,2036,519433,Circumstantial Witness,False
4160,2037,514167,Circumstantial Witness,False
4161,2038,516106,Expert Witness,False
4162,2038,514584,Eye Witness,False
4163,2038,510542,Eye Witness,True
4164,2039,510716,Eye Witness,False
4165,2040,514613,Expert Witness,True
4166,2040,510091,Circumstantial Witness,True
4167,2041,523343,Eye Witness,False
4168,2042,520259,Eye Witness,True
4169,2042,505765,Expert Witness,True
4170,2042,504281,Circumstantial Witness,True
4171,2043,518266,Expert Witness,True
4172,2044,514110,Expert Witness,True
4173,2044,521774,Circumstantial Witness,True
4174,2044,509455,Expert Witness,False
4175,2044,522087,Circumstantial Witness,True
4176,2045,512793,Eye Witness,False
4177,2045,523319,Circumstantial Witness,False
4178,2046,501719,Expert Witness,False
4179,2047,524258,Circumstantial Witness,True
4180,2047,506117,Circumstantial Witness,True
4181,2051,510064,Eye Witness,True
4182,2051,519042,Expert Witness,False
4183,2052,523163,Eye Witness,False
4184,2052,510333,Eye Witness,True
4185,2052,513948,Expert Witness,True
4186,2053,507276,Eye Witness,True
4187,2053,504765,Circumstantial Witness,True
4188,2054,512275,Eye Witness,True
4189,2054,520440,Expert Witness,True
4190,2054,503219,Expert Witness,False
4191,2055,502149,Circumstantial Witness,False
4192,2056,515836,Circumstantial Witness,False
4193,2056,502246,Eye Witness,True
4194,2056,507981,Circumstantial Witness,False
4195,2057,502741,Expert Witness,False
4196,2057,513114,Circumstantial Witness,False
4197,2058,515076,Expert Witness,False
4198,2058,520005,Eye Witness,True
4199,2059,516150,Eye Witness,True
4200,2059,509451,Circumstantial Witness,False
4201,2059,510470,Eye Witness,True
4202,2059,514440,Eye Witness,True
4203,2060,513297,Circumstantial Witness,True
4204,2061,504779,Circumstantial Witness,True
4205,2061,517250,Circumstantial Witness,True
4206,2062,503003,Circumstantial Witness,True
4207,2062,507652,Expert Witness,False
4208,2063,520043,Eye Witness,False
4209,2064,511855,Eye Witness,True
4210,2065,514337,Circumstantial Witness,True
4211,2066,504535,Circumstantial Witness,False
4212,2067,512498,Eye Witness,True
4213,2067,510887,Eye Witness,False
4214,2067,523500,Eye Witness,False
4215,2067,524130,Eye Witness,False
4216,2068,506538,Circumstantial Witness,False
4217,2069,510085,Circumstantial Witness,False
4218,2069,522032,Expert Witness,True
4219,2069,510267,Expert Witness,True
4220,2069,524097,Circumstantial Witness,True
4221,2070,519923,Expert Witness,False
4222,2070,522249,Eye Witness,True
4223,2070,514691,Circumstantial Witness,True
4224,2071,516201,Circumstantial Witness,False
4225,2071,504783,Eye Witness,False
4226,2071,517857,Eye Witness,True
4227,2072,519359,Expert Witness,True
4228,2072,520360,Expert Witness,False
4229,2074,508768,Expert Witness,True
4230,2074,507736,Eye Witness,False
4231,2076,513978,Expert Witness,False
4232,2076,519019,Circumstantial Witness,True
4233,2076,521549,Eye Witness,False
4234,2077,502483,Circumstantial Witness,False
4235,2077,500744,Expert Witness,True
4236,2077,520901,Eye Witness,True
4237,2077,500143,Circumstantial Witness,False
4238,2078,506440,Eye Witness,False
4239,2078,507413,Expert Witness,False
4240,2078,511108,Expert Witness,False
4241,2078,503781,Expert Witness,False
4242,2079,506178,Eye Witness,False
4243,2079,521878,Circumstantial Witness,False
4244,2079,517291,Eye Witness,False
4245,2079,507420,Expert Witness,False
4246,2081,523681,Eye Witness,False
4247,2081,506829,Expert Witness,True
4248,2082,520826,Eye Witness,True
4249,2082,524454,Eye Witness,False
4250,2082,523833,Expert Witness,True
4251,2083,502910,Eye Witness,True
4252,2084,503570,Circumstantial Witness,True
4253,2084,516723,Circumstantial Witness,False
4254,2084,514679,Circumstantial Witness,False
4255,2084,504355,Circumstantial Witness,True
4256,2085,518883,Circumstantial Witness,True
4257,2086,508083,Expert Witness,False
4258,2086,516470,Circumstantial Witness,False
4259,2086,502503,Circumstantial Witness,False
4260,2087,524433,Circumstantial Witness,False
4261,2088,504816,Expert Witness,True
4262,2088,514794,Circumstantial Witness,False
4263,2089,504660,Eye Witness,True
4264,2089,516355,Expert Witness,True
4265,2090,518869,Circumstantial Witness,False
4266,2090,515170,Eye Witness,True
4267,2090,502677,Expert Witness,True
4268,2091,522033,Eye Witness,False
4269,2091,523670,Eye Witness,True
4270,2093,513780,Circumstantial Witness,True
4271,2093,506449,Circumstantial Witness,False
4272,2093,505772,Expert Witness,True
4273,2095,517662,Circumstantial Witness,False
4274,2095,503477,Expert Witness,True
4275,2095,510624,Circumstantial Witness,False
4276,2095,521661,Expert Witness,False
4277,2096,513661,Eye Witness,False
4278,2096,509117,Expert Witness,True
4279,2096,524690,Circumstantial Witness,True
4280,2096,516484,Eye Witness,True
4281,2097,523856,Eye Witness,True
4282,2097,520475,Eye Witness,False
4283,2097,521622,Expert Witness,True
4284,2098,508353,Eye Witness,False
4285,2101,520870,Eye Witness,True
4286,2101,508055,Expert Witness,False
4287,2101,515721,Eye Witness,False
4288,2101,519153,Circumstantial Witness,True
4289,2103,501921,Expert Witness,False
4290,2104,513440,Expert Witness,False
4291,2104,515034,Eye Witness,True
4292,2104,508644,Circumstantial Witness,True
4293,2105,506245,Circumstantial Witness,True
4294,2106,507709,Circumstantial Witness,False
4295,2106,503978,Circumstantial Witness,False
4296,2106,512017,Expert Witness,True
4297,2106,512850,Circumstantial Witness,False
4298,2107,503842,Expert Witness,False
4299,2107,524896,Circumstantial Witness,False
4300,2107,512593,Eye Witness,False
4301,2107,511583,Eye Witness,False
4302,2108,505785,Circumstantial Witness,False
4303,2108,512420,Eye Witness,True
4304,2108,505346,Expert Witness,True
4305,2108,513872,Expert Witness,True
4306,2109,504405,Circumstantial Witness,True
4307,2109,505923,Expert Witness,False
4308,2113,524706,Eye Witness,False
4309,2113,502569,Circumstantial Witness,True
4310,2113,500899,Eye Witness,False
4311,2114,522879,Circumstantial Witness,False
4312,2114,500270,Circumstantial Witness,True
4313,2114,501220,Eye Witness,True
4314,2114,505233,Circumstantial Witness,False
4315,2115,505774,Circumstantial Witness,False
4316,2117,523865,Expert Witness,False
4317,2118,500286,Eye Witness,False
4318,2118,515822,Eye Witness,True
4319,2118,512080,Eye Witness,True
4320,2119,512524,Eye Witness,True
4321,2119,513012,Eye Witness,False
4322,2120,518194,Expert Witness,True
4323,2121,505123,Expert Witness,True
4324,2121,510482,Eye Witness,True
4325,2122,504134,Expert Witness,True
4326,2122,518593,Eye Witness,True
4327,2122,524991,Eye Witness,True
4328,2122,501217,Expert Witness,True
4329,2123,520740,Eye Witness,True
4330,2123,517633,Expert Witness,True
4331,2124,521602,Expert Witness,False
4332,2126,505462,Circumstantial Witness,False
4333,2126,505554,Eye Witness,False
4334,2126,509099,Expert Witness,True
4335,2126,514734,Circumstantial Witness,False
4336,2127,505898,Eye Witness,False
4337,2127,511066,Eye Witness,False
4338,2127,502524,Circumstantial Witness,True
4339,2127,524344,Expert Witness,False
4340,2128,523850,Circumstantial Witness,True
4341,2128,520663,Expert Witness,False
4342,2129,512596,Expert Witness,False
4343,2129,516790,Eye Witness,True
4344,2129,514566,Expert Witness,True
4345,2129,516179,Expert Witness,True
4346,2130,509577,Expert Witness,False
4347,2130,513570,Expert Witness,True
4348,2130,521678,Eye Witness,True
4349,2131,520374,Circumstantial Witness,False
4350,2133,521573,Eye Witness,False
4351,2133,503851,Expert Witness,True
4352,2135,519467,Expert Witness,False
4353,2135,522997,Eye Witness,True
4354,2135,509394,Eye Witness,False
4355,2136,520999,Expert Witness,True
4356,2136,502251,Expert Witness,False
4357,2136,503994,Expert Witness,False
4358,2137,502246,Circumstantial Witness,True
4359,2137,506690,Expert Witness,False
4360,2137,510611,Eye Witness,True
4361,2137,505647,Circumstantial Witness,True
4362,2139,521264,Circumstantial Witness,False
4363,2139,518306,Eye Witness,False
4364,2141,504380,Eye Witness,True
4365,2141,513769,Circumstantial Witness,True
4366,2141,518799,Circumstantial Witness,True
4367,2141,513179,Circumstantial Witness,False
4368,2143,502226,Circumstantial Witness,True
4369,2143,516517,Eye Witness,True
4370,2143,509044,Expert Witness,True
4371,2143,521585,Circumstantial Witness,False
4372,2144,506504,Expert Witness,False
4373,2144,515324,Circumstantial Witness,False
4374,2144,515311,Expert Witness,True
4375,2144,519867,Circumstantial Witness,False
4376,2145,511885,Eye Witness,True
4377,2145,505187,Circumstantial Witness,True
4378,2145,508460,Expert Witness,False
4379,2146,523894,Circumstantial Witness,False
4380,2147,505213,Circumstantial Witness,True
4381,2147,512441,Expert Witness,False
4382,2147,512347,Eye Witness,True
4383,2147,502971,Eye Witness,False
4384,2148,519326,Circumstantial Witness,True
4385,2148,512778,Circumstantial Witness,True
4386,2148,508643,Circumstantial Witness,False
4387,2149,507054,Circumstantial Witness,True
4388,2149,516130,Eye Witness,False
4389,2149,503715,Eye Witness,True
4390,2149,501930,Eye Witness,True
4391,2150,502338,Eye Witness,False
4392,2151,502042,Expert Witness,False
4393,2151,500748,Circumstantial Witness,True
4394,2152,513784,Circumstantial Witness,False
4395,2152,515890,Circumstantial Witness,False
4396,2152,500461,Eye Witness,True
4397,2153,508071,Expert Witness,False
4398,2153,515438,Expert Witness,False
4399,2155,511395,Expert Witness,False
4400,2155,522677,Eye Witness,False
4401,2155,513507,Expert Witness,False
4402,2156,515322,Eye Witness,True
4403,2157,511534,Expert Witness,False
4404,2157,508299,Eye Witness,True
4405,2158,521284,Circumstantial Witness,True
4406,2158,513900,Expert Witness,True
4407,2159,519686,Circumstantial Witness,False
4408,2159,514574,Eye Witness,True
4409,2159,518591,Expert Witness,True
4410,2159,519115,Circumstantial Witness,True
4411,2160,509643,Circumstantial Witness,False
4412,2160,505045,Expert Witness,True
4413,2162,520035,Circumstantial Witness,False
4414,2163,500541,Expert Witness,False
4415,2163,520348,Eye Witness,True
4416,2163,524261,Circumstantial Witness,False
4417,2165,513313,Eye Witness,True
4418,2165,500961,Eye Witness,True
4419,2165,506784,Expert Witness,False
4420,2165,508168,Expert Witness,True
4421,2166,502600,Eye Witness,True
4422,2166,523414,Circumstantial Witness,False
4423,2167,523942,Expert Witness,True
4424,2167,506490,Eye Witness,True
4425,2168,501180,Circumstantial Witness,False
4426,2168,511859,Eye Witness,False
4427,2168,504012,Eye Witness,True
4428,2169,504149,Circumstantial Witness,False
4429,2171,509682,Expert Witness,False
4430,2172,514698,Expert Witness,True
4431,2174,510937,Expert Witness,True
4432,2174,503669,Expert Witness,True
4433,2176,522559,Expert Witness,False
4434,2176,506044,Circumstantial Witness,False
4435,2176,524484,Expert Witness,True
4436,2177,503452,Expert Witness,False
4437,2177,502342,Eye Witness,True
4438,2178,511446,Expert Witness,True
4439,2178,500497,Eye Witness,True
4440,2178,507862,Expert Witness,False
4441,2180,514110,Expert Witness,True
4442,2181,515756,Expert Witness,False
4443,2181,515944,Circumstantial Witness,False
4444,2181,502702,Eye Witness,False
4445,2182,503940,Circumstantial Witness,True
4446,2183,520066,Expert Witness,True
4447,2183,523848,Circumstantial Witness,True
4448,2185,510321,Circumstantial Witness,True
4449,2187,505479,Circumstantial Witness,True
4450,2187,504863,Circumstantial Witness,True
4451,2187,510179,Circumstantial Witness,False
4452,2188,509735,Circumstantial Witness,True
4453,2188,508014,Expert Witness,False
4454,2190,512573,Expert Witness,False
4455,2191,505234,Expert Witness,False
4456,2191,504558,Eye Witness,True
4457,2191,511572,Eye Witness,False
4458,2192,503174,Circumstantial Witness,False
4459,2192,514251,Circumstantial Witness,True
4460,2192,523431,Eye Witness,True
4461,2192,524620,Circumstantial Witness,False
4462,2193,519724,Eye Witness,False
4463,2193,504343,Circumstantial Witness,False
4464,2193,519783,Eye Witness,False
4465,2193,510629,Expert Witness,False
4466,2194,520870,Circumstantial Witness,True
4467,2194,509587,Circumstantial Witness,False
4468,2194,524807,Expert Witness,False
4469,2194,503348,Eye Witness,False
4470,2195,509674,Expert Witness,False
4471,2195,512208,Circumstantial Witness,False
4472,2196,511588,Circumstantial Witness,False
4473,2196,523136,Eye Witness,False
4474,2196,512994,Circumstantial Witness,True
4475,2197,518620,Circumstantial Witness,True
4476,2197,520015,Circumstantial Witness,False
4477,2197,518947,Eye Witness,False
4478,2198,502536,Expert Witness,True
4479,2201,507081,Eye Witness,True
4480,2201,501571,Eye Witness,False
4481,2202,524758,Expert Witness,True
4482,2202,509198,Eye Witness,True
4483,2202,515846,Expert Witness,True
4484,2202,518344,Circumstantial Witness,False
4485,2205,520158,Eye Witness,False
4486,2205,516046,Circumstantial Witness,True
4487,2205,504493,Eye Witness,True
4488,2206,509262,Eye Witness,False
4489,2206,510408,Circumstantial Witness,False
4490,2207,503700,Eye Witness,False
4491,2208,500062,Circumstantial Witness,False
4492,2208,524620,Expert Witness,True
4493,2208,505534,Eye Witness,False
4494,2208,504445,Eye Witness,True
4495,2209,503636,Circumstantial Witness,True
4496,2210,519350,Expert Witness,True
4497,2211,513399,Circumstantial Witness,False
4498,2211,506320,Expert Witness,True
4499,2212,501035,Expert Witness,False
4500,2212,502977,Eye Witness,False
4501,2214,520185,Eye Witness,True
4502,2214,516509,Eye Witness,True
4503,2214,514811,Circumstantial Witness,True
4504,2214,519399,Expert Witness,True
4505,2215,511852,Circumstantial Witness,True
4506,2215,503076,Expert Witness,False
4507,2215,510866,Circumstantial Witness,False
4508,2215,508100,Eye Witness,False
4509,2216,520627,Circumstantial Witness,True
4510,2216,517002,Eye Witness,True
4511,2216,514666,Eye Witness,False
4512,2217,512233,Circumstantial Witness,True
4513,2219,518165,Expert Witness,True
4514,2222,513586,Expert Witness,False
4515,2222,516639,Eye Witness,True
4516,2225,508051,Expert Witness,True
4517,2225,500374,Expert Witness,False
4518,2225,505020,Circumstantial Witness,True
4519,2226,508856,Expert Witness,False
4520,2227,520025,Expert Witness,False
4521,2227,502170,Circumstantial Witness,False
4522,2227,501986,Expert Witness,True
4523,2227,513562,Circumstantial Witness,False
4524,2228,518476,Expert Witness,False
4525,2228,509833,Circumstantial Witness,True
4526,2228,519954,Eye Witness,True
4527,2228,524154,Eye Witness,False
4528,2229,522367,Circumstantial Witness,False
4529,2229,503866,Expert Witness,False
4530,2229,518766,Eye Witness,False
4531,2229,514920,Expert Witness,True
4532,2230,506610,Circumstantial Witness,False
4533,2230,515669,Eye Witness,False
4534,2230,501483,Expert Witness,False
4535,2232,508972,Expert Witness,True
4536,2232,516756,Expert Witness,True
4537,2233,512232,Circumstantial Witness,True
4538,2233,523309,Circumstantial Witness,True
4539,2233,504316,Eye Witness,False
4540,2234,521743,Eye Witness,False
4541,2234,508214,Eye Witness,False
4542,2234,523078,Circumstantial Witness,True
4543,2235,508546,Expert Witness,False
4544,2235,518257,Expert Witness,False
4545,2236,501554,Eye Witness,True
4546,2236,517874,Eye Witness,False
4547,2236,515240,Circumstantial Witness,True
4548,2237,503454,Eye Witness,True
4549,2237,520383,Circumstantial Witness,True
4550,2237,513737,Eye Witness,True
4551,2237,520884,Eye Witness,False
4552,2238,522648,Expert Witness,True
4553,2238,524823,Expert Witness,True
4554,2238,516432,Expert Witness,True
4555,2239,517681,Expert Witness,False
4556,2239,504335,Circumstantial Witness,False
4557,2239,504838,Expert Witness,True
4558,2240,503912,Eye Witness,True
4559,2241,519547,Circumstantial Witness,True
4560,2242,506765,Expert Witness,False
4561,2242,517687,Eye Witness,False
4562,2243,517402,Circumstantial Witness,True
4563,2244,507555,Eye Witness,False
4564,2244,515047,Eye Witness,False
4565,2244,505361,Circumstantial Witness,False
4566,2244,523776,Expert Witness,False
4567,2245,510223,Eye Witness,False
4568,2245,510851,Expert Witness,True
4569,2245,510359,Expert Witness,False
4570,2245,508410,Circumstantial Witness,True
4571,2246,502736,Circumstantial Witness,False
4572,2246,517995,Eye Witness,True
4573,2246,503000,Eye Witness,False
4574,2247,502214,Circumstantial Witness,True
4575,2248,517938,Eye Witness,True
4576,2249,509936,Eye Witness,True
4577,2249,524156,Eye Witness,False
4578,2249,504546,Expert Witness,False
4579,2249,524302,Eye Witness,True
4580,2250,518365,Expert Witness,True
4581,2250,500133,Expert Witness,False
4582,2250,513247,Eye Witness,True
4583,2251,504082,Eye Witness,True
4584,2251,524053,Eye Witness,False
4585,2251,520078,Circumstantial Witness,True
4586,2252,500054,Eye Witness,True
4587,2252,507855,Expert Witness,True
4588,2252,501846,Expert Witness,True
4589,2252,512073,Eye Witness,False
4590,2253,522436,Expert Witness,True
4591,2254,503566,Expert Witness,False
4592,2255,519726,Eye Witness,True
4593,2255,522353,Circumstantial Witness,False
4594,2255,521658,Eye Witness,False
4595,2255,502135,Expert Witness,True
4596,2256,500800,Circumstantial Witness,True
4597,2257,500882,Expert Witness,True
4598,2260,514414,Expert Witness,False
4599,2260,512572,Eye Witness,True
4600,2260,518908,Eye Witness,True
4601,2261,522446,Circumstantial Witness,True
4602,2261,510120,Expert Witness,True
4603,2261,515172,Eye Witness,True
4604,2261,512519,Expert Witness,False
4605,2262,500696,Eye Witness,True
4606,2263,521046,Eye Witness,True
4607,2264,520550,Circumstantial Witness,False
4608,2264,512224,Circumstantial Witness,True
4609,2267,523827,Expert Witness,True
4610,2267,518207,Expert Witness,False
4611,2268,506522,Eye Witness,True
4612,2268,522894,Eye Witness,False
4613,2268,518747,Circumstantial Witness,True
4614,2269,508355,Circumstantial Witness,True
4615,2269,521278,Expert Witness,False
4616,2269,518842,Eye Witness,True
4617,2270,513676,Eye Witness,True
4618,2270,513415,Circumstantial Witness,True
4619,2270,511608,Circumstantial Witness,True
4620,2272,514802,Eye Witness,True
4621,2273,524386,Circumstantial Witness,True
4622,2273,514422,Circumstantial Witness,True
4623,2273,513876,Circumstantial Witness,True
4624,2274,521887,Eye Witness,True
4625,2274,521330,Expert Witness,False
4626,2274,502961,Expert Witness,True
4627,2276,519862,Circumstantial Witness,True
4628,2277,503902,Eye Witness,False
4629,2277,518177,Circumstantial Witness,True
4630,2279,502490,Expert Witness,True
4631,2279,514081,Eye Witness,False
4632,2279,511135,Eye Witness,False
4633,2279,505569,Expert Witness,True
4634,2281,508361,Eye Witness,False
4635,2282,502960,Expert Witness,True
4636,2283,524432,Expert Witness,True
4637,2283,523078,Circumstantial Witness,True
4638,2284,520479,Expert Witness,True
4639,2285,517693,Circumstantial Witness,False
4640,2285,506220,Expert Witness,True
4641,2286,500287,Expert Witness,False
4642,2286,521445,Expert Witness,True
4643,2287,519489,Eye Witness,True
4644,2288,500145,Circumstantial Witness,False
4645,2288,503546,Circumstantial Witness,False
4646,2288,519852,Circumstantial Witness,True
4647,2289,507965,Expert Witness,False
4648,2289,505097,Expert Witness,True
4649,2292,515471,Eye Witness,False
4650,2292,507111,Circumstantial Witness,True
4651,2292,522054,Circumstantial Witness,True
4652,2293,502424,Circumstantial Witness,False
4653,2293,520857,Eye Witness,False
4654,2293,500784,Expert Witness,False
4655,2294,515784,Circumstantial Witness,True
4656,2294,503126,Eye Witness,False
4657,2294,505278,Expert Witness,True
4658,2294,524457,Circumstantial Witness,True
4659,2295,515542,Expert Witness,True
4660,2296,520712,Expert Witness,True
4661,2299,507091,Expert Witness,True
4662,2299,512961,Expert Witness,False
4663,2299,512476,Circumstantial Witness,True
4664,2300,514654,Circumstantial Witness,False
4665,2302,510219,Expert Witness,True
4666,2303,500136,Circumstantial Witness,False
4667,2303,510056,Expert Witness,True
4668,2303,509476,Circumstantial Witness,True
4669,2303,510588,Circumstantial Witness,True
4670,2304,522358,Eye Witness,True
4671,2304,510512,Eye Witness,False
4672,2305,524282,Expert Witness,True
4673,2306,523859,Expert Witness,True
4674,2306,514140,Eye Witness,True
4675,2308,520650,Eye Witness,False
4676,2309,500900,Eye Witness,False
4677,2309,501561,Eye Witness,False
4678,2310,507675,Expert Witness,False
4679,2310,521401,Expert Witness,True
4680,2310,506026,Eye Witness,False
4681,2311,508837,Eye Witness,True
4682,2311,506073,Circumstantial Witness,True
4683,2312,502093,Circumstantial Witness,True
4684,2313,518187,Eye Witness,True
4685,2313,519399,Expert Witness,False
4686,2313,500947,Expert Witness,True
4687,2314,518901,Expert Witness,True
4688,2314,502596,Circumstantial Witness,True
4689,2314,500391,Circumstantial Witness,True
4690,2315,508131,Expert Witness,True
4691,2315,524014,Circumstantial Witness,False
4692,2317,524995,Expert Witness,True
4693,2317,502486,Eye Witness,False
4694,2318,508196,Expert Witness,True
4695,2318,506524,Eye Witness,True
4696,2318,520088,Circumstantial Witness,False
4697,2318,512452,Expert Witness,True
4698,2319,522765,Circumstantial Witness,False
4699,2319,516661,Circumstantial Witness,True
4700,2319,517659,Circumstantial Witness,False
4701,2319,512655,Expert Witness,True
4702,2320,513461,Circumstantial Witness,False
4703,2320,504896,Eye Witness,True
4704,2320,518282,Expert Witness,True
4705,2322,508732,Eye Witness,False
4706,2322,515466,Circumstantial Witness,False
4707,2322,523223,Circumstantial Witness,False
4708,2323,518527,Expert Witness,False
4709,2325,521123,Circumstantial Witness,True
4710,2325,512532,Eye Witness,False
4711,2325,502461,Expert Witness,False
4712,2325,524980,Eye Witness,False
4713,2326,514529,Expert Witness,True
4714,2326,510877,Circumstantial Witness,False
4715,2328,501216,Eye Witness,True
4716,2328,518744,Circumstantial Witness,True
4717,2328,510768,Eye Witness,False
4718,2328,510737,Expert Witness,False
4719,2329,512469,Expert Witness,False
4720,2329,519822,Circumstantial Witness,False
4721,2329,518790,Eye Witness,True
4722,2330,516960,Expert Witness,False
4723,2331,516253,Circumstantial Witness,False
4724,2332,512562,Eye Witness,False
4725,2332,503745,Expert Witness,False
4726,2332,505497,Expert Witness,False
4727,2332,522645,Expert Witness,True
4728,2334,503818,Circumstantial Witness,True
4729,2334,506477,Circumstantial Witness,True
4730,2334,512385,Circumstantial Witness,True
4731,2334,509618,Eye Witness,False
4732,2335,523818,Circumstantial Witness,True
4733,2335,500579,Eye Witness,True
4734,2335,507482,Eye Witness,False
4735,2335,510458,Eye Witness,False
4736,2337,513405,Expert Witness,False
4737,2337,517398,Circumstantial Witness,False
4738,2338,510062,Circumstantial Witness,True
4739,2338,524871,Circumstantial Witness,True
4740,2339,523982,Eye Witness,False
4741,2339,501131,Expert Witness,True
4742,2339,509919,Expert Witness,True
4743,2341,507448,Circumstantial Witness,True
4744,2341,517328,Circumstantial Witness,True
4745,2341,519514,Circumstantial Witness,True
4746,2341,501672,Circumstantial Witness,True
4747,2342,518334,Circumstantial Witness,True
4748,2342,506609,Expert Witness,False
4749,2342,513398,Eye Witness,True
4750,2343,510015,Expert Witness,True
4751,2343,511820,Eye Witness,True
4752,2344,523008,Circumstantial Witness,False
4753,2344,504562,Circumstantial Witness,False
4754,2344,507895,Eye Witness,True
4755,2344,520869,Circumstantial Witness,True
4756,2346,500500,Expert Witness,False
4757,2347,524251,Eye Witness,True
4758,2348,520459,Circumstantial Witness,True
4759,2348,520890,Circumstantial Witness,False
4760,2348,513780,Eye Witness,True
4761,2349,502682,Eye Witness,False
4762,2351,500026,Circumstantial Witness,True
4763,2351,521813,Eye Witness,True
4764,2351,500181,Expert Witness,True
4765,2351,520412,Expert Witness,False
4766,2354,524004,Circumstantial Witness,False
4767,2355,509672,Expert Witness,True
4768,2356,516226,Eye Witness,True
4769,2356,501408,Expert Witness,False
4770,2356,504600,Expert Witness,False
4771,2356,504178,Eye Witness,False
4772,2358,501681,Eye Witness,False
4773,2359,523548,Circumstantial Witness,False
4774,2359,511517,Expert Witness,False
4775,2359,522020,Circumstantial Witness,False
4776,2360,524848,Circumstantial Witness,False
4777,2360,501077,Eye Witness,False
4778,2361,508645,Expert Witness,False
4779,2361,522072,Circumstantial Witness,True
4780,2362,517034,Eye Witness,False
4781,2362,515758,Eye Witness,False
4782,2362,502007,Eye Witness,False
4783,2363,517392,Expert Witness,True
4784,2363,513034,Expert Witness,True
4785,2363,504900,Expert Witness,False
4786,2363,508274,Circumstantial Witness,False
4787,2364,518087,Expert Witness,False
4788,2364,514185,Eye Witness,True
4789,2364,507803,Expert Witness,False
4790,2365,508016,Expert Witness,True
4791,2366,521589,Eye Witness,True
4792,2366,523038,Circumstantial Witness,True
4793,2366,504390,Expert Witness,True
4794,2368,522281,Expert Witness,False
4795,2368,504922,Expert Witness,False
4796,2368,522428,Eye Witness,False
4797,2368,505907,Eye Witness,False
4798,2369,523982,Eye Witness,True
4799,2369,511425,Expert Witness,False
4800,2369,523724,Eye Witness,True
4801,2369,505210,Expert Witness,False
4802,2370,500655,Eye Witness,False
4803,2370,515096,Expert Witness,False
4804,2370,517487,Circumstantial Witness,False
4805,2370,504734,Expert Witness,True
4806,2371,504645,Eye Witness,False
4807,2371,504644,Eye Witness,False
4808,2372,524279,Circumstantial Witness,False
4809,2372,502943,Expert Witness,False
4810,2373,515249,Eye Witness,True
4811,2373,512891,Expert Witness,False
4812,2373,510095,Eye Witness,True
4813,2373,503218,Circumstantial Witness,False
4814,2374,503902,Circumstantial Witness,True
4815,2374,523503,Expert Witness,True
4816,2374,522002,Expert Witness,True
4817,2378,515040,Eye Witness,True
4818,2378,505960,Expert Witness,False
4819,2379,520371,Eye Witness,False
4820,2379,524005,Expert Witness,False
4821,2379,514473,Circumstantial Witness,True
4822,2380,511840,Expert Witness,True
4823,2381,522529,Expert Witness,False
4824,2381,524954,Circumstantial Witness,False
4825,2383,519853,Eye Witness,False
4826,2383,510026,Eye Witness,True
4827,2383,510926,Eye Witness,True
4828,2384,500497,Eye Witness,False
4829,2385,505309,Circumstantial Witness,False
4830,2386,504995,Circumstantial Witness,True
4831,2386,516727,Circumstantial Witness,True
4832,2386,520333,Eye Witness,True
4833,2386,508243,Eye Witness,False
4834,2387,502707,Expert Witness,False
4835,2387,518082,Expert Witness,False
4836,2387,512080,Circumstantial Witness,False
4837,2387,522975,Eye Witness,True
4838,2388,513168,Circumstantial Witness,False
4839,2388,513440,Expert Witness,False
4840,2389,506287,Eye Witness,True
4841,2390,500665,Expert Witness,True
4842,2390,510134,Eye Witness,False
4843,2390,519648,Circumstantial Witness,True
4844,2391,508661,Eye Witness,False
4845,2393,508552,Expert Witness,True
4846,2393,507615,Circumstantial Witness,False
4847,2393,516813,Eye Witness,True
4848,2393,510632,Expert Witness,False
4849,2395,521767,Eye Witness,True
4850,2396,514611,Eye Witness,True
4851,2396,523341,Eye Witness,True
4852,2396,516410,Circumstantial Witness,True
4853,2396,522150,Expert Witness,True
4854,2397,522696,Eye Witness,True
4855,2398,524720,Eye Witness,True
4856,2398,519230,Eye Witness,True
4857,2398,514262,Expert Witness,True
4858,2398,518793,Expert Witness,True
4859,2400,506490,Circumstantial Witness,True
4860,2400,508516,Eye Witness,False
4861,2400,509545,Eye Witness,False
4862,2402,521439,Circumstantial Witness,False
4863,2402,520077,Expert Witness,True
4864,2403,509958,Expert Witness,True
4865,2403,521778,Circumstantial Witness,True
4866,2403,521584,Eye Witness,False
4867,2403,510761,Circumstantial Witness,True
4868,2404,509969,Expert Witness,True
4869,2404,517251,Circumstantial Witness,True
4870,2404,506900,Circumstantial Witness,True
4871,2406,511979,Eye Witness,True
4872,2408,515839,Eye Witness,True
4873,2408,522810,Expert Witness,False
4874,2409,523196,Circumstantial Witness,False
4875,2409,520223,Eye Witness,True
4876,2410,513412,Expert Witness,True
4877,2410,510315,Circumstantial Witness,True
4878,2410,518927,Expert Witness,False
4879,2412,516713,Eye Witness,False
4880,2412,519047,Expert Witness,True
4881,2412,517327,Circumstantial Witness,True
4882,2413,519254,Expert Witness,False
4883,2413,504037,Circumstantial Witness,True
4884,2413,515979,Eye Witness,False
4885,2414,508570,Expert Witness,False
4886,2414,524079,Expert Witness,True
4887,2415,510568,Eye Witness,True
4888,2416,522369,Eye Witness,False
4889,2416,501534,Eye Witness,True
4890,2417,516575,Circumstantial Witness,False
4891,2417,520130,Expert Witness,True
4892,2418,522204,Expert Witness,False
4893,2418,506405,Expert Witness,True
4894,2419,507225,Eye Witness,False
4895,2419,507220,Eye Witness,True
4896,2419,516265,Eye Witness,True
4897,2421,520281,Expert Witness,False
4898,2422,500877,Eye Witness,True
4899,2422,518740,Eye Witness,True
4900,2422,517214,Expert Witness,True
4901,2423,506617,Expert Witness,True
4902,2423,505708,Circumstantial Witness,True
4903,2423,511562,Eye Witness,False
4904,2424,503621,Circumstantial Witness,False
4905,2424,516695,Circumstantial Witness,False
4906,2425,501164,Expert Witness,True
4907,2426,501739,Eye Witness,True
4908,2426,514207,Eye Witness,True
4909,2427,515284,Expert Witness,True
4910,2427,500591,Circumstantial Witness,True
4911,2427,524601,Eye Witness,False
4912,2427,512022,Eye Witness,True
4913,2428,502846,Circumstantial Witness,True
4914,2428,513065,Circumstantial Witness,False
4915,2428,501711,Circumstantial Witness,False
4916,2428,507841,Circumstantial Witness,False
4917,2429,517847,Eye Witness,True
4918,2430,503701,Eye Witness,True
4919,2430,520017,Expert Witness,False
4920,2430,514823,Expert Witness,False
4921,2431,515954,Expert Witness,True
4922,2432,517789,Expert Witness,False
4923,2432,512479,Circumstantial Witness,True
4924,2432,501602,Circumstantial Witness,False
4925,2433,518620,Circumstantial Witness,False
4926,2433,512998,Eye Witness,False
4927,2434,517414,Circumstantial Witness,True
4928,2435,501377,Circumstantial Witness,False
4929,2435,503996,Eye Witness,True
4930,2437,523264,Expert Witness,True
4931,2437,520057,Expert Witness,True
4932,2437,500651,Expert Witness,True
4933,2437,500408,Eye Witness,True
4934,2438,521508,Expert Witness,True
4935,2439,523713,Circumstantial Witness,False
4936,2439,504479,Circumstantial Witness,True
4937,2439,505094,Expert Witness,True
4938,2440,508450,Circumstantial Witness,True
4939,2440,510503,Expert Witness,False
4940,2442,524718,Eye Witness,False
4941,2442,513544,Eye Witness,False
4942,2443,513898,Eye Witness,True
4943,2444,514542,Eye Witness,True
4944,2445,505762,Expert Witness,True
4945,2446,520527,Circumstantial Witness,True
4946,2446,514887,Expert Witness,True
4947,2448,503024,Eye Witness,True
4948,2450,503497,Eye Witness,True
4949,2450,505503,Circumstantial Witness,True
4950,2450,511168,Eye Witness,True
4951,2452,503330,Expert Witness,False
4952,2453,521346,Eye Witness,True
4953,2453,522380,Circumstantial Witness,True
4954,2453,505235,Circumstantial Witness,True
4955,2454,521854,Expert Witness,True
4956,2454,503791,Circumstantial Witness,True
4957,2455,521526,Circumstantial Witness,True
4958,2456,523014,Expert Witness,False
4959,2456,513094,Eye Witness,False
4960,2458,523452,Expert Witness,True
4961,2458,512363,Expert Witness,False
4962,2459,516903,Circumstantial Witness,False
4963,2460,512925,Circumstantial Witness,False
4964,2460,509060,Eye Witness,True
4965,2460,506708,Eye Witness,False
4966,2460,502381,Expert Witness,False
4967,2461,523858,Eye Witness,False
4968,2461,502898,Eye Witness,True
4969,2461,515916,Expert Witness,True
4970,2462,510855,Expert Witness,True
4971,2462,521917,Expert Witness,False
4972,2463,515966,Circumstantial Witness,True
4973,2465,510670,Circumstantial Witness,False
4974,2466,517518,Eye Witness,True
4975,2466,514356,Expert Witness,True
4976,2466,517546,Expert Witness,False
4977,2466,519939,Expert Witness,False
4978,2467,515669,Eye Witness,False
4979,2468,517296,Circumstantial Witness,True
4980,2468,508580,Expert Witness,True
4981,2468,511181,Eye Witness,True
4982,2468,518543,Eye Witness,True
4983,2469,509021,Eye Witness,True
4984,2469,513722,Circumstantial Witness,False
4985,2470,509358,Expert Witness,True
4986,2470,504946,Circumstantial Witness,True
4987,2472,508004,Expert Witness,True
4988,2472,506377,Circumstantial Witness,False
4989,2472,503417,Circumstantial Witness,False
4990,2473,511413,Eye Witness,False
4991,2473,501307,Circumstantial Witness,False
4992,2473,503023,Eye Witness,False
4993,2474,521620,Expert Witness,True
4994,2474,502037,Eye Witness,True
4995,2474,513555,Expert Witness,True
4996,2474,505370,Circumstantial Witness,True
4997,2475,519836,Expert Witness,True
4998,2475,511887,Eye Witness,True
4999,2477,516994,Eye Witness,False
5000,2477,501718,Eye Witness,True
5001,2477,517494,Eye Witness,False
5002,2478,517275,Expert Witness,False
5003,2478,500305,Circumstantial Witness,False
5004,2478,518973,Circumstantial Witness,False
5005,2479,524324,Circumstantial Witness,True
5006,2479,517946,Eye Witness,False
5007,2483,513775,Circumstantial Witness,False
5008,2485,509670,Eye Witness,True
5009,2486,517937,Expert Witness,False
5010,2486,519080,Eye Witness,True
5011,2486,505749,Eye Witness,False
5012,2486,500723,Circumstantial Witness,True
5013,2487,501407,Expert Witness,False
5014,2487,514438,Eye Witness,False
5015,2489,507112,Expert Witness,False
5016,2489,512738,Eye Witness,True
5017,2489,503100,Circumstantial Witness,False
5018,2490,521007,Expert Witness,False
5019,2490,519908,Circumstantial Witness,False
5020,2491,502210,Eye Witness,True
5021,2492,516274,Circumstantial Witness,False
5022,2493,522993,Circumstantial Witness,False
5023,2493,513109,Eye Witness,True
5024,2493,515712,Circumstantial Witness,False
5025,2495,509496,Expert Witness,True
5026,2495,508275,Eye Witness,False
5027,2495,509052,Expert Witness,True
5028,2495,514311,Circumstantial Witness,False
5029,2496,513829,Expert Witness,True
5030,2497,508357,Eye Witness,False
5031,2497,500101,Expert Witness,True
5032,2497,507443,Expert Witness,False
5033,2498,500131,Circumstantial Witness,True
5034,2498,500155,Circumstantial Witness,False
5035,2498,522232,Expert Witness,False
5036,2498,509494,Eye Witness,False
5037,2499,500787,Circumstantial Witness,False
5038,2499,500807,Circumstantial Witness,False
5039,2500,502048,Circumstantial Witness,True
5040,2500,517573,Expert Witness,True
5041,2501,500664,Eye Witness,True
5042,2501,514621,Eye Witness,False
5043,2501,521427,Circumstantial Witness,False
5044,2502,504675,Eye Witness,True
5045,2502,514127,Circumstantial Witness,False
5046,2502,501128,Expert Witness,True
5047,2502,506461,Expert Witness,False
5048,2505,514433,Circumstantial Witness,True
5049,2508,516938,Eye Witness,False
5050,2508,513037,Circumstantial Witness,False
5051,2508,502735,Circumstantial Witness,True
5052,2509,517954,Expert Witness,False
5053,2509,517038,Circumstantial Witness,True
5054,2509,502099,Circumstantial Witness,False
5055,2509,500104,Eye Witness,False
5056,2510,517324,Circumstantial Witness,False
5057,2511,506944,Eye Witness,False
5058,2513,506881,Eye Witness,True
5059,2513,503259,Circumstantial Witness,True
5060,2513,511704,Circumstantial Witness,True
5061,2514,502764,Expert Witness,True
5062,2514,505480,Eye Witness,False
5063,2516,516632,Expert Witness,True
5064,2516,502385,Circumstantial Witness,True
5065,2517,506327,Circumstantial Witness,True
5066,2517,515482,Eye Witness,True
5067,2517,523209,Expert Witness,True
5068,2517,502231,Circumstantial Witness,False
5069,2518,524383,Circumstantial Witness,False
5070,2519,511135,Eye Witness,False
5071,2519,503937,Eye Witness,True
5072,2519,520905,Eye Witness,False
5073,2520,512834,Expert Witness,False
5074,2520,512451,Eye Witness,True
5075,2521,508153,Expert Witness,False
5076,2521,506371,Expert Witness,False
5077,2521,508571,Expert Witness,True
5078,2521,522426,Eye Witness,True
5079,2522,500510,Expert Witness,False
5080,2522,517647,Eye Witness,False
5081,2522,504026,Circumstantial Witness,True
5082,2526,522911,Circumstantial Witness,True
5083,2526,509107,Circumstantial Witness,True
5084,2527,522401,Expert Witness,False
5085,2528,505962,Expert Witness,False
5086,2528,508498,Circumstantial Witness,True
5087,2528,517394,Circumstantial Witness,False
5088,2528,504360,Circumstantial Witness,False
5089,2532,510864,Expert Witness,True
5090,2533,507028,Eye Witness,False
5091,2533,515610,Expert Witness,False
5092,2533,513725,Circumstantial Witness,True
5093,2533,513817,Eye Witness,False
5094,2534,510635,Eye Witness,False
5095,2534,508650,Expert Witness,True
5096,2534,505524,Expert Witness,False
5097,2534,510215,Eye Witness,True
5098,2535,521599,Circumstantial Witness,True
5099,2535,502168,Expert Witness,True
5100,2535,516424,Circumstantial Witness,True
5101,2536,505404,Eye Witness,False
5102,2536,512762,Circumstantial Witness,False
5103,2536,522871,Expert Witness,False
5104,2536,504235,Expert Witness,True
5105,2538,522451,Eye Witness,True
5106,2539,524530,Circumstantial Witness,True
5107,2539,511728,Eye Witness,False
5108,2539,524003,Eye Witness,False
5109,2539,513343,Circumstantial Witness,False
5110,2540,508255,Eye Witness,True
5111,2540,523994,Expert Witness,False
5112,2541,509493,Eye Witness,False
5113,2542,501043,Eye Witness,True
5114,2542,519365,Circumstantial Witness,True
5115,2542,507645,Expert Witness,False
5116,2542,515353,Circumstantial Witness,False
5117,2543,502254,Expert Witness,True
5118,2543,519388,Eye Witness,False
5119,2545,516761,Eye Witness,True
5120,2545,510075,Eye Witness,True
5121,2546,500030,Circumstantial Witness,False
5122,2546,506618,Eye Witness,False
5123,2547,518317,Eye Witness,True
5124,2547,521147,Circumstantial Witness,False
5125,2547,501804,Expert Witness,False
5126,2547,518708,Circumstantial Witness,False
5127,2549,510029,Expert Witness,True
5128,2549,503568,Eye Witness,True
5129,2549,502934,Circumstantial Witness,False
5130,2549,512185,Circumstantial Witness,False
5131,2550,508596,Circumstantial Witness,False
5132,2550,503563,Circumstantial Witness,True
5133,2550,513940,Expert Witness,True
5134,2551,520678,Eye Witness,True
5135,2552,518142,Eye Witness,True
5136,2553,515032,Circumstantial Witness,False
5137,2553,503888,Circumstantial Witness,True
5138,2553,514791,Circumstantial Witness,True
5139,2555,515229,Expert Witness,False
5140,2555,509026,Expert Witness,False
5141,2555,511544,Expert Witness,True
5142,2556,521839,Expert Witness,False
5143,2556,508002,Circumstantial Witness,False
5144,2556,514866,Expert Witness,True
5145,2556,518166,Eye Witness,False
5146,2557,512367,Circumstantial Witness,True
5147,2557,501339,Circumstantial Witness,True
5148,2557,512779,Eye Witness,True
5149,2557,521007,Expert Witness,False
5150,2558,514676,Expert Witness,True
5151,2558,522894,Expert Witness,True
5152,2559,507015,Circumstantial Witness,True
5153,2559,521204,Circumstantial Witness,True
5154,2559,512215,Circumstantial Witness,True
5155,2560,522106,Circumstantial Witness,True
5156,2560,503704,Circumstantial Witness,True
5157,2560,510080,Expert Witness,False
5158,2561,522866,Eye Witness,True
5159,2562,523516,Circumstantial Witness,True
5160,2563,516099,Expert Witness,False
5161,2564,517290,Expert Witness,False
5162,2564,500815,Eye Witness,False
5163,2565,514127,Circumstantial Witness,False
5164,2565,502173,Circumstantial Witness,False
5165,2566,503911,Circumstantial Witness,False
5166,2567,518422,Eye Witness,True
5167,2567,509946,Circumstantial Witness,True
5168,2567,501440,Expert Witness,True
5169,2567,514255,Eye Witness,True
5170,2568,504734,Expert Witness,True
5171,2568,512732,Eye Witness,False
5172,2568,515430,Eye Witness,False
5173,2569,517836,Eye Witness,False
5174,2569,523354,Circumstantial Witness,False
5175,2569,505752,Expert Witness,True
5176,2570,519401,Circumstantial Witness,True
5177,2570,508594,Expert Witness,False
5178,2570,524259,Circumstantial Witness,False
5179,2570,519826,Expert Witness,False
5180,2571,502929,Circumstantial Witness,True
5181,2571,514732,Eye Witness,False
5182,2572,500217,Eye Witness,False
5183,2572,500380,Circumstantial Witness,False
5184,2572,502771,Expert Witness,True
5185,2572,521578,Circumstantial Witness,False
5186,2573,501681,Expert Witness,True
5187,2573,512761,Eye Witness,False
5188,2573,518982,Eye Witness,False
5189,2573,524154,Expert Witness,False
5190,2574,520647,Circumstantial Witness,False
5191,2574,510116,Eye Witness,False
5192,2574,514357,Circumstantial Witness,False
5193,2574,505897,Expert Witness,True
5194,2575,503345,Circumstantial Witness,True
5195,2575,523307,Expert Witness,False
5196,2575,511192,Circumstantial Witness,False
5197,2575,524917,Circumstantial Witness,False
5198,2576,507183,Eye Witness,False
5199,2576,517528,Eye Witness,True
5200,2577,511643,Eye Witness,False
5201,2577,503844,Expert Witness,True
5202,2577,512722,Expert Witness,True
5203,2577,516007,Circumstantial Witness,True
5204,2578,512692,Circumstantial Witness,True
5205,2579,504234,Circumstantial Witness,True
5206,2579,508255,Expert Witness,True
5207,2579,513265,Expert Witness,True
5208,2580,524559,Expert Witness,True
5209,2580,519637,Circumstantial Witness,True
5210,2581,507607,Circumstantial Witness,True
5211,2581,510593,Expert Witness,True
5212,2582,516169,Eye Witness,False
5213,2582,516233,Eye Witness,True
5214,2583,519219,Eye Witness,False
5215,2583,516916,Circumstantial Witness,True
5216,2584,511887,Eye Witness,False
5217,2584,524042,Circumstantial Witness,True
5218,2584,500812,Eye Witness,False
5219,2584,500728,Eye Witness,False
5220,2585,520982,Eye Witness,True
5221,2585,522655,Expert Witness,True
5222,2586,508692,Circumstantial Witness,False
5223,2587,515732,Expert Witness,False
5224,2587,505064,Expert Witness,False
5225,2588,501597,Expert Witness,True
5226,2588,508236,Expert Witness,True
5227,2588,521312,Circumstantial Witness,False
5228,2588,503476,Circumstantial Witness,False
5229,2590,508528,Expert Witness,False
5230,2591,500392,Eye Witness,True
5231,2591,519862,Expert Witness,True
5232,2593,519838,Circumstantial Witness,False
5233,2593,502758,Circumstantial Witness,False
5234,2593,524402,Circumstantial Witness,True
5235,2594,514869,Eye Witness,False
5236,2594,522706,Expert Witness,False
5237,2594,506527,Expert Witness,True
5238,2595,513299,Circumstantial Witness,True
5239,2595,511149,Expert Witness,True
5240,2595,515027,Eye Witness,True
5241,2595,508063,Eye Witness,True
5242,2596,523755,Eye Witness,False
5243,2596,516041,Eye Witness,False
5244,2596,511448,Eye Witness,True
5245,2597,521737,Expert Witness,True
5246,2597,504321,Expert Witness,False
5247,2597,514375,Circumstantial Witness,False
5248,2597,508261,Circumstantial Witness,True
5249,2598,500525,Circumstantial Witness,True
5250,2598,501326,Eye Witness,True
5251,2599,515876,Expert Witness,True
5252,2599,524681,Expert Witness,True
5253,2599,516668,Circumstantial Witness,True
5254,2599,517385,Expert Witness,True
5255,2600,513874,Eye Witness,False
5256,2600,510141,Eye Witness,True
5257,2600,516051,Eye Witness,True
5258,2600,516691,Expert Witness,True
5259,2603,512758,Expert Witness,True
5260,2603,503462,Eye Witness,True
5261,2604,523866,Eye Witness,True
5262,2605,505504,Expert Witness,False
5263,2605,504607,Circumstantial Witness,False
5264,2605,508380,Expert Witness,False
5265,2607,517813,Circumstantial Witness,True
5266,2607,503495,Eye Witness,False
5267,2607,515908,Circumstantial Witness,False
5268,2607,519799,Eye Witness,False
5269,2609,519402,Eye Witness,True
5270,2610,519406,Circumstantial Witness,False
5271,2610,517522,Eye Witness,True
5272,2610,503081,Eye Witness,True
5273,2610,512486,Circumstantial Witness,False
5274,2611,503735,Circumstantial Witness,False
5275,2611,524678,Eye Witness,False
5276,2611,502166,Expert Witness,False
5277,2612,510973,Expert Witness,False
5278,2612,519224,Eye Witness,False
5279,2612,502587,Circumstantial Witness,True
5280,2612,511696,Eye Witness,True
5281,2613,515961,Expert Witness,False
5282,2613,513889,Eye Witness,False
5283,2614,500267,Circumstantial Witness,False
5284,2614,500842,Circumstantial Witness,False
5285,2614,513691,Eye Witness,True
5286,2615,500793,Circumstantial Witness,True
5287,2615,513882,Circumstantial Witness,True
5288,2615,502996,Expert Witness,True
5289,2615,520546,Eye Witness,True
5290,2616,500870,Circumstantial Witness,False
5291,2616,509484,Expert Witness,False
5292,2616,502584,Circumstantial Witness,False
5293,2616,515537,Eye Witness,True
5294,2617,519404,Expert Witness,True
5295,2618,511738,Circumstantial Witness,True
5296,2619,500258,Eye Witness,False
5297,2619,500596,Circumstantial Witness,True
5298,2619,506310,Eye Witness,False
5299,2619,503677,Eye Witness,False
5300,2620,519926,Circumstantial Witness,True
5301,2620,522754,Circumstantial Witness,True
5302,2620,524759,Expert Witness,False
5303,2620,507794,Circumstantial Witness,False
5304,2621,505159,Eye Witness,True
5305,2621,514047,Circumstantial Witness,False
5306,2621,515287,Circumstantial Witness,False
5307,2621,523040,Circumstantial Witness,False
5308,2622,524458,Eye Witness,False
5309,2622,506048,Circumstantial Witness,False
5310,2623,512090,Eye Witness,False
5311,2623,518212,Eye Witness,False
5312,2623,506613,Expert Witness,False
5313,2624,518807,Eye Witness,True
5314,2624,519958,Circumstantial Witness,False
5315,2625,505078,Eye Witness,False
5316,2625,514951,Eye Witness,True
5317,2625,516673,Eye Witness,False
5318,2626,505927,Expert Witness,False
5319,2627,506148,Expert Witness,False
5320,2627,502932,Eye Witness,True
5321,2627,501912,Eye Witness,True
5322,2627,523360,Expert Witness,False
5323,2630,513809,Expert Witness,True
5324,2630,500468,Expert Witness,False
5325,2631,502937,Eye Witness,False
5326,2633,510992,Expert Witness,False
5327,2633,519613,Expert Witness,False
5328,2633,508247,Circumstantial Witness,True
5329,2635,506704,Circumstantial Witness,True
5330,2635,523334,Expert Witness,False
5331,2636,500219,Expert Witness,False
5332,2636,518888,Eye Witness,False
5333,2636,520089,Eye Witness,True
5334,2636,512263,Circumstantial Witness,True
5335,2637,514946,Expert Witness,False
5336,2637,521242,Expert Witness,True
5337,2637,507667,Expert Witness,True
5338,2637,518391,Eye Witness,True
5339,2639,513674,Expert Witness,False
5340,2640,501902,Expert Witness,False
5341,2640,517841,Eye Witness,False
5342,2640,518942,Eye Witness,True
5343,2641,515609,Expert Witness,False
5344,2641,507590,Circumstantial Witness,True
5345,2641,519536,Eye Witness,False
5346,2641,522817,Eye Witness,True
5347,2642,517828,Circumstantial Witness,True
5348,2642,505182,Circumstantial Witness,False
5349,2643,515662,Circumstantial Witness,False
5350,2643,510609,Circumstantial Witness,False
5351,2643,520141,Circumstantial Witness,True
5352,2643,523020,Circumstantial Witness,True
5353,2644,502929,Circumstantial Witness,True
5354,2644,521015,Circumstantial Witness,False
5355,2644,514537,Circumstantial Witness,True
5356,2644,510932,Expert Witness,False
5357,2645,520588,Circumstantial Witness,True
5358,2648,517610,Expert Witness,True
5359,2648,500770,Expert Witness,True
5360,2648,510894,Expert Witness,False
5361,2648,511238,Expert Witness,False
5362,2649,511054,Circumstantial Witness,False
5363,2649,501203,Circumstantial Witness,False
5364,2649,520073,Eye Witness,True
5365,2650,521322,Expert Witness,False
5366,2650,513180,Circumstantial Witness,False
5367,2650,513115,Expert Witness,False
5368,2650,520105,Circumstantial Witness,False
5369,2652,518651,Circumstantial Witness,False
5370,2652,519867,Expert Witness,False
5371,2652,514103,Expert Witness,False
5372,2653,517293,Expert Witness,False
5373,2653,512528,Eye Witness,True
5374,2653,520684,Circumstantial Witness,True
5375,2653,500606,Expert Witness,False
5376,2655,520095,Expert Witness,True
5377,2655,519293,Eye Witness,True
5378,2656,511722,Circumstantial Witness,False
5379,2656,518532,Circumstantial Witness,True
5380,2656,524939,Circumstantial Witness,True
5381,2657,517729,Circumstantial Witness,True
5382,2659,511158,Circumstantial Witness,False
5383,2662,524549,Expert Witness,False
5384,2664,515100,Eye Witness,False
5385,2664,514763,Eye Witness,True
5386,2664,520292,Expert Witness,True
5387,2664,509426,Circumstantial Witness,False
5388,2665,520727,Circumstantial Witness,True
5389,2665,517173,Expert Witness,True
5390,2665,504513,Expert Witness,False
5391,2665,511143,Circumstantial Witness,True
5392,2668,514912,Circumstantial Witness,True
5393,2668,521813,Circumstantial Witness,True
5394,2670,514544,Circumstantial Witness,False
5395,2670,500562,Eye Witness,True
5396,2671,513556,Circumstantial Witness,False
5397,2671,502892,Eye Witness,True
5398,2672,518392,Expert Witness,False
5399,2672,508605,Circumstantial Witness,True
5400,2672,508277,Eye Witness,True
5401,2672,507550,Eye Witness,True
5402,2673,516681,Circumstantial Witness,False
5403,2673,521160,Circumstantial Witness,False
5404,2673,501460,Circumstantial Witness,True
5405,2673,506190,Expert Witness,True
5406,2674,507689,Eye Witness,True
5407,2674,523935,Expert Witness,True
5408,2674,523613,Eye Witness,True
5409,2676,503542,Circumstantial Witness,True
5410,2676,501139,Eye Witness,False
5411,2677,510696,Eye Witness,True
5412,2677,517806,Expert Witness,True
5413,2677,502632,Circumstantial Witness,False
5414,2677,500280,Expert Witness,True
5415,2678,503522,Circumstantial Witness,False
5416,2680,505521,Eye Witness,True
5417,2680,512271,Eye Witness,False
5418,2680,517364,Circumstantial Witness,True
5419,2681,516951,Circumstantial Witness,True
5420,2681,502126,Expert Witness,True
5421,2684,518978,Circumstantial Witness,True
5422,2684,518739,Eye Witness,True
5423,2684,517247,Expert Witness,False
5424,2686,504233,Expert Witness,True
5425,2686,520978,Circumstantial Witness,False
5426,2686,516317,Circumstantial Witness,True
5427,2686,509226,Expert Witness,False
5428,2687,508202,Circumstantial Witness,False
5429,2687,509510,Eye Witness,True
5430,2687,520970,Eye Witness,True
5431,2687,516869,Expert Witness,False
5432,2688,521090,Eye Witness,True
5433,2688,516502,Circumstantial Witness,False
5434,2688,522598,Circumstantial Witness,True
5435,2688,515278,Eye Witness,True
5436,2689,521629,Expert Witness,True
5437,2689,502896,Eye Witness,False
5438,2689,511141,Eye Witness,True
5439,2689,500872,Circumstantial Witness,False
5440,2690,519786,Circumstantial Witness,False
5441,2691,506513,Circumstantial Witness,True
5442,2692,522520,Circumstantial Witness,True
5443,2692,500686,Circumstantial Witness,True
5444,2693,521960,Expert Witness,True
5445,2693,501820,Circumstantial Witness,True
5446,2695,503739,Circumstantial Witness,True
5447,2695,512139,Eye Witness,False
5448,2695,505138,Circumstantial Witness,True
5449,2696,521283,Circumstantial Witness,False
5450,2696,513571,Circumstantial Witness,True
5451,2696,511536,Expert Witness,True
5452,2697,506319,Expert Witness,True
5453,2697,501335,Circumstantial Witness,True
5454,2698,503688,Expert Witness,True
5455,2698,519685,Circumstantial Witness,True
5456,2699,516948,Expert Witness,True
5457,2699,506542,Circumstantial Witness,True
5458,2699,502018,Expert Witness,True
5459,2699,507283,Eye Witness,True
5460,2700,507697,Eye Witness,True
5461,2700,523084,Circumstantial Witness,True
5462,2700,501324,Eye Witness,True
5463,2700,517674,Circumstantial Witness,False
5464,2702,510541,Circumstantial Witness,False
5465,2702,505272,Eye Witness,False
5466,2702,500918,Circumstantial Witness,False
5467,2702,506966,Circumstantial Witness,True
5468,2703,519486,Expert Witness,True
5469,2703,506285,Eye Witness,True
5470,2704,515973,Expert Witness,True
5471,2704,505518,Expert Witness,False
5472,2704,502952,Expert Witness,False
5473,2704,514363,Expert Witness,True
5474,2705,504184,Eye Witness,True
5475,2705,508355,Circumstantial Witness,True
5476,2705,509963,Eye Witness,False
5477,2706,504478,Eye Witness,False
5478,2706,521417,Circumstantial Witness,True
5479,2706,521415,Expert Witness,False
5480,2706,505978,Expert Witness,False
5481,2707,513089,Eye Witness,True
5482,2707,509682,Circumstantial Witness,False
5483,2707,507130,Circumstantial Witness,True
5484,2707,511489,Expert Witness,True
5485,2708,512279,Eye Witness,False
5486,2709,517004,Eye Witness,False
5487,2710,517545,Circumstantial Witness,True
5488,2712,517442,Eye Witness,False
5489,2712,510258,Eye Witness,True
5490,2713,519623,Expert Witness,False
5491,2713,506691,Expert Witness,True
5492,2714,520888,Eye Witness,True
5493,2714,514497,Eye Witness,False
5494,2714,512592,Expert Witness,False
5495,2714,512608,Circumstantial Witness,False
5496,2715,522141,Expert Witness,False
5497,2715,517939,Circumstantial Witness,False
5498,2715,518990,Circumstantial Witness,True
5499,2715,523724,Eye Witness,True
5500,2717,506312,Circumstantial Witness,False
5501,2717,512964,Circumstantial Witness,False
5502,2717,519353,Circumstantial Witness,True
5503,2718,500828,Expert Witness,False
5504,2718,504132,Eye Witness,True
5505,2720,507322,Circumstantial Witness,True
5506,2720,500780,Circumstantial Witness,True
5507,2720,516853,Eye Witness,False
5508,2720,509237,Circumstantial Witness,True
5509,2721,522962,Expert Witness,False
5510,2724,520783,Eye Witness,False
5511,2724,521423,Circumstantial Witness,False
5512,2724,517496,Expert Witness,True
5513,2724,520226,Circumstantial Witness,True
5514,2725,511404,Circumstantial Witness,True
5515,2725,521018,Eye Witness,True
5516,2725,522798,Expert Witness,False
5517,2726,523957,Eye Witness,True
5518,2726,520811,Circumstantial Witness,False
5519,2726,507967,Eye Witness,True
5520,2726,512717,Circumstantial Witness,False
5521,2727,522519,Expert Witness,True
5522,2728,503284,Circumstantial Witness,True
5523,2728,513440,Circumstantial Witness,False
5524,2728,511455,Eye Witness,True
5525,2728,502889,Expert Witness,False
5526,2729,506985,Expert Witness,True
5527,2729,506065,Circumstantial Witness,False
5528,2729,503581,Eye Witness,False
5529,2729,513847,Eye Witness,True
5530,2730,502677,Circumstantial Witness,True
5531,2730,504440,Expert Witness,True
5532,2730,516045,Circumstantial Witness,False
5533,2731,518334,Circumstantial Witness,False
5534,2731,501217,Circumstantial Witness,True
5535,2731,514783,Circumstantial Witness,False
5536,2732,519506,Circumstantial Witness,True
5537,2733,505263,Expert Witness,True
5538,2733,516422,Circumstantial Witness,True
5539,2733,507201,Circumstantial Witness,False
5540,2734,503389,Eye Witness,True
5541,2734,509436,Eye Witness,False
5542,2734,513428,Expert Witness,False
5543,2734,514277,Expert Witness,True
5544,2735,517472,Eye Witness,True
5545,2735,500882,Eye Witness,False
5546,2737,521127,Circumstantial Witness,True
5547,2737,503566,Expert Witness,False
5548,2737,523233,Circumstantial Witness,True
5549,2738,519775,Eye Witness,False
5550,2738,514203,Eye Witness,False
5551,2742,502183,Circumstantial Witness,False
5552,2743,508458,Circumstantial Witness,False
5553,2744,500359,Circumstantial Witness,True
5554,2744,502467,Expert Witness,True
5555,2744,504461,Eye Witness,False
5556,2745,506266,Expert Witness,True
5557,2745,508172,Expert Witness,True
5558,2745,502383,Circumstantial Witness,True
5559,2745,507530,Expert Witness,False
5560,2748,514389,Eye Witness,False
5561,2748,507094,Eye Witness,True
5562,2749,520735,Circumstantial Witness,False
5563,2749,517096,Expert Witness,False
5564,2749,501129,Eye Witness,True
5565,2750,524830,Expert Witness,False
5566,2750,514913,Circumstantial Witness,False
5567,2750,503122,Expert Witness,False
5568,2750,518949,Expert Witness,False
5569,2753,509624,Circumstantial Witness,False
5570,2753,513239,Expert Witness,False
5571,2753,518202,Eye Witness,False
5572,2753,507539,Expert Witness,False
5573,2754,507896,Eye Witness,True
5574,2754,507395,Circumstantial Witness,False
5575,2755,513360,Eye Witness,False
5576,2755,516237,Circumstantial Witness,False
5577,2756,520684,Expert Witness,False
5578,2756,503129,Circumstantial Witness,True
5579,2756,519757,Expert Witness,True
5580,2756,513896,Expert Witness,False
5581,2757,504896,Expert Witness,True
5582,2759,510082,Expert Witness,True
5583,2759,520704,Expert Witness,True
5584,2759,509872,Expert Witness,True
5585,2759,516200,Expert Witness,True
5586,2761,524968,Expert Witness,True
5587,2761,506663,Circumstantial Witness,False
5588,2761,514836,Eye Witness,True
5589,2762,507501,Eye Witness,False
5590,2762,514320,Eye Witness,False
5591,2763,514334,Circumstantial Witness,False
5592,2764,523367,Expert Witness,False
5593,2764,512104,Circumstantial Witness,False
5594,2764,501406,Expert Witness,False
5595,2764,507808,Eye Witness,True
5596,2765,502262,Eye Witness,True
5597,2765,521147,Circumstantial Witness,False
5598,2766,506532,Eye Witness,True
5599,2766,505242,Circumstantial Witness,False
5600,2766,524440,Circumstantial Witness,False
5601,2767,501582,Expert Witness,True
5602,2767,513674,Expert Witness,False
5603,2768,502175,Expert Witness,False
5604,2768,507280,Circumstantial Witness,True
5605,2768,516793,Expert Witness,False
5606,2768,501566,Circumstantial Witness,True
5607,2769,508283,Expert Witness,False
5608,2770,509173,Expert Witness,True
5609,2770,524714,Circumstantial Witness,False
5610,2770,523705,Eye Witness,True
5611,2770,513511,Eye Witness,False
5612,2771,502527,Circumstantial Witness,True
5613,2771,503805,Circumstantial Witness,False
5614,2773,512600,Circumstantial Witness,True
5615,2775,521212,Eye Witness,True
5616,2776,513892,Eye Witness,True
5617,2776,503965,Expert Witness,False
5618,2776,507307,Circumstantial Witness,False
5619,2776,504104,Circumstantial Witness,True
5620,2778,513280,Expert Witness,True
5621,2778,522790,Circumstantial Witness,False
5622,2778,507369,Circumstantial Witness,False
5623,2779,522049,Eye Witness,False
5624,2779,516787,Expert Witness,False
5625,2779,513590,Eye Witness,True
5626,2779,517363,Eye Witness,True
5627,2780,509423,Eye Witness,False
5628,2780,519418,Circumstantial Witness,False
5629,2780,520369,Circumstantial Witness,False
5630,2783,500340,Circumstantial Witness,False
5631,2783,511753,Eye Witness,False
5632,2783,520557,Eye Witness,False
5633,2784,503377,Circumstantial Witness,True
5634,2785,523170,Eye Witness,True
5635,2785,511555,Circumstantial Witness,True
5636,2787,522911,Expert Witness,False
5637,2787,521184,Eye Witness,False
5638,2787,501247,Circumstantial Witness,False
5639,2788,500628,Circumstantial Witness,False
5640,2788,500606,Eye Witness,False
5641,2788,516411,Circumstantial Witness,True
5642,2788,502193,Circumstantial Witness,False
5643,2789,517690,Eye Witness,True
5644,2789,505920,Circumstantial Witness,True
5645,2789,524565,Expert Witness,True
5646,2789,500397,Expert Witness,True
5647,2790,509659,Eye Witness,False
5648,2790,519434,Circumstantial Witness,True
5649,2791,514644,Circumstantial Witness,True
5650,2792,504693,Eye Witness,False
5651,2792,500989,Expert Witness,True
5652,2792,524942,Expert Witness,False
5653,2793,518217,Expert Witness,True
5654,2793,506339,Circumstantial Witness,True
5655,2793,508934,Eye Witness,True
5656,2793,519220,Circumstantial Witness,True
5657,2794,517922,Eye Witness,True
5658,2794,512875,Circumstantial Witness,True
5659,2794,518149,Circumstantial Witness,False
5660,2794,510110,Eye Witness,False
5661,2796,502474,Circumstantial Witness,True
5662,2796,517681,Eye Witness,True
5663,2796,522010,Circumstantial Witness,True
5664,2796,524383,Expert Witness,True
5665,2797,517240,Expert Witness,True
5666,2797,512067,Circumstantial Witness,True
5667,2797,504221,Circumstantial Witness,True
5668,2798,523288,Eye Witness,True
5669,2798,524754,Expert Witness,True
5670,2800,501188,Expert Witness,True
5671,2802,507190,Eye Witness,True
5672,2802,501629,Eye Witness,False
5673,2803,504529,Expert Witness,False
5674,2803,509642,Expert Witness,False
5675,2803,513569,Expert Witness,False
5676,2804,501594,Eye Witness,False
5677,2804,520244,Expert Witness,True
5678,2805,524230,Expert Witness,True
5679,2806,521245,Expert Witness,True
5680,2807,508236,Circumstantial Witness,True
5681,2808,501972,Circumstantial Witness,False
5682,2809,513079,Eye Witness,False
5683,2809,500212,Eye Witness,False
5684,2809,510679,Circumstantial Witness,True
5685,2810,509842,Eye Witness,False
5686,2810,506468,Eye Witness,False
5687,2810,505886,Eye Witness,True
5688,2810,503609,Expert Witness,True
5689,2811,505354,Circumstantial Witness,False
5690,2811,517360,Circumstantial Witness,False
5691,2811,502594,Circumstantial Witness,True
5692,2812,519483,Expert Witness,False
5693,2812,507816,Circumstantial Witness,False
5694,2812,524230,Eye Witness,False
5695,2812,513937,Expert Witness,False
5696,2813,503284,Eye Witness,False
5697,2813,508306,Eye Witness,False
5698,2814,519695,Expert Witness,True
5699,2815,508746,Expert Witness,False
5700,2816,501264,Eye Witness,True
5701,2816,520610,Circumstantial Witness,True
5702,2816,520621,Eye Witness,False
5703,2816,506040,Expert Witness,True
5704,2818,519798,Eye Witness,False
5705,2818,513924,Expert Witness,False
5706,2818,514665,Expert Witness,True
5707,2818,502571,Expert Witness,True
5708,2819,519052,Circumstantial Witness,False
5709,2819,513720,Expert Witness,True
5710,2819,512676,Eye Witness,True
5711,2819,520426,Eye Witness,False
5712,2820,501698,Circumstantial Witness,False
5713,2820,516353,Expert Witness,True
5714,2821,510614,Eye Witness,True
5715,2821,511717,Circumstantial Witness,False
5716,2822,519655,Expert Witness,False
5717,2822,518176,Circumstantial Witness,True
5718,2822,518123,Eye Witness,True
5719,2822,500484,Eye Witness,False
5720,2823,503798,Expert Witness,True
5721,2823,502068,Expert Witness,True
5722,2823,505950,Expert Witness,False
5723,2824,521593,Circumstantial Witness,True
5724,2825,509857,Expert Witness,True
5725,2825,505835,Circumstantial Witness,False
5726,2825,514786,Eye Witness,True
5727,2826,521602,Eye Witness,False
5728,2826,516028,Expert Witness,True
5729,2826,519477,Circumstantial Witness,False
5730,2827,516385,Circumstantial Witness,True
5731,2827,508781,Circumstantial Witness,True
5732,2827,503552,Eye Witness,True
5733,2827,521710,Expert Witness,False
5734,2828,507637,Eye Witness,False
5735,2828,517511,Eye Witness,True
5736,2828,506374,Eye Witness,True
5737,2829,522744,Expert Witness,True
5738,2829,511589,Expert Witness,False
5739,2831,518877,Circumstantial Witness,False
5740,2831,514205,Expert Witness,True
5741,2831,512330,Circumstantial Witness,False
5742,2832,510552,Expert Witness,True
5743,2832,521937,Expert Witness,False
5744,2832,502046,Expert Witness,False
5745,2834,522646,Eye Witness,True
5746,2835,500694,Circumstantial Witness,False
5747,2836,518267,Expert Witness,False
5748,2836,515351,Circumstantial Witness,False
5749,2836,504599,Circumstantial Witness,True
5750,2836,520159,Expert Witness,False
5751,2837,503325,Circumstantial Witness,True
5752,2838,502855,Eye Witness,False
5753,2839,522055,Expert Witness,False
5754,2839,503826,Circumstantial Witness,False
5755,2839,515783,Circumstantial Witness,False
5756,2841,522233,Circumstantial Witness,False
5757,2842,519392,Circumstantial Witness,False
5758,2842,509625,Expert Witness,False
5759,2844,512279,Eye Witness,True
5760,2844,508487,Circumstantial Witness,True
5761,2844,513070,Expert Witness,True
5762,2844,501354,Circumstantial Witness,False
5763,2845,523844,Expert Witness,True
5764,2845,501807,Circumstantial Witness,True
5765,2845,512519,Circumstantial Witness,True
5766,2845,503819,Circumstantial Witness,True
5767,2846,521364,Eye Witness,True
5768,2846,516426,Expert Witness,True
5769,2847,501443,Eye Witness,False
5770,2847,503000,Expert Witness,False
5771,2847,514858,Expert Witness,False
5772,2848,517757,Expert Witness,False
5773,2848,506692,Expert Witness,True
5774,2848,510758,Circumstantial Witness,True
5775,2849,512529,Expert Witness,False
5776,2850,515147,Expert Witness,False
5777,2850,511669,Eye Witness,False
5778,2850,510722,Circumstantial Witness,True
5779,2850,500490,Circumstantial Witness,False
5780,2852,513326,Expert Witness,False
5781,2853,504584,Circumstantial Witness,True
5782,2853,521136,Expert Witness,False
5783,2853,519573,Eye Witness,True
5784,2854,502380,Expert Witness,True
5785,2854,511479,Circumstantial Witness,False
5786,2855,523504,Expert Witness,True
5787,2855,509373,Expert Witness,False
5788,2855,518070,Expert Witness,False
5789,2856,508443,Expert Witness,True
5790,2856,502021,Circumstantial Witness,False
5791,2858,523918,Eye Witness,False
5792,2858,507445,Eye Witness,True
5793,2858,524251,Circumstantial Witness,True
5794,2859,501104,Expert Witness,True
5795,2859,509671,Eye Witness,True
5796,2859,506742,Expert Witness,True
5797,2860,509106,Circumstantial Witness,False
5798,2860,510241,Circumstantial Witness,False
5799,2860,524208,Eye Witness,False
5800,2860,522579,Eye Witness,True
5801,2861,513078,Circumstantial Witness,False
5802,2862,523810,Eye Witness,True
5803,2862,509300,Circumstantial Witness,True
5804,2862,512095,Expert Witness,True
5805,2862,524669,Circumstantial Witness,True
5806,2863,520310,Expert Witness,False
5807,2863,519753,Circumstantial Witness,True
5808,2863,513748,Eye Witness,True
5809,2864,517955,Expert Witness,False
5810,2864,514116,Eye Witness,True
5811,2864,524466,Eye Witness,True
5812,2864,517944,Eye Witness,True
5813,2865,511777,Circumstantial Witness,False
5814,2866,507971,Eye Witness,True
5815,2866,512271,Eye Witness,True
5816,2867,515425,Eye Witness,True
5817,2868,505672,Eye Witness,True
5818,2868,520313,Expert Witness,False
5819,2869,510759,Circumstantial Witness,False
5820,2869,510474,Circumstantial Witness,True
5821,2869,504923,Expert Witness,True
5822,2869,514762,Expert Witness,False
5823,2870,521180,Expert Witness,False
5824,2870,502305,Eye Witness,True
5825,2870,522724,Eye Witness,True
5826,2872,522041,Circumstantial Witness,False
5827,2872,502694,Expert Witness,True
5828,2872,523029,Circumstantial Witness,False
5829,2872,511325,Eye Witness,False
5830,2873,511324,Expert Witness,True
5831,2873,503254,Expert Witness,False
5832,2874,514875,Circumstantial Witness,True
5833,2874,513105,Circumstantial Witness,True
5834,2874,519094,Eye Witness,False
5835,2874,509903,Expert Witness,True
5836,2876,514547,Expert Witness,False
5837,2876,514859,Eye Witness,True
5838,2877,521494,Circumstantial Witness,True
5839,2877,517935,Eye Witness,True
5840,2877,515237,Eye Witness,True
5841,2877,501443,Eye Witness,True
5842,2878,513802,Eye Witness,True
5843,2878,508328,Circumstantial Witness,False
5844,2878,515828,Circumstantial Witness,False
5845,2878,508050,Eye Witness,True
5846,2879,520031,Expert Witness,True
5847,2879,509534,Circumstantial Witness,False
5848,2879,505311,Expert Witness,False
5849,2882,504467,Eye Witness,True
5850,2882,515791,Expert Witness,True
5851,2882,513282,Expert Witness,True
5852,2883,508649,Circumstantial Witness,True
5853,2883,509599,Eye Witness,True
5854,2883,515066,Expert Witness,True
5855,2884,515136,Circumstantial Witness,True
5856,2884,508506,Eye Witness,True
5857,2885,511065,Expert Witness,True
5858,2885,503335,Circumstantial Witness,True
5859,2885,523006,Expert Witness,False
5860,2885,507530,Circumstantial Witness,True
5861,2886,509345,Eye Witness,False
5862,2886,516294,Circumstantial Witness,True
5863,2887,522483,Circumstantial Witness,False
5864,2887,510160,Expert Witness,False
5865,2888,507748,Expert Witness,False
5866,2888,502915,Circumstantial Witness,True
5867,2888,516854,Expert Witness,False
5868,2889,505931,Eye Witness,False
5869,2890,508535,Eye Witness,False
5870,2890,515455,Eye Witness,False
5871,2890,505446,Expert Witness,True
5872,2891,516013,Expert Witness,True
5873,2891,511723,Expert Witness,True
5874,2891,506125,Circumstantial Witness,False
5875,2892,501069,Expert Witness,False
5876,2892,520322,Expert Witness,True
5877,2894,521014,Eye Witness,False
5878,2894,512163,Expert Witness,True
5879,2894,519902,Eye Witness,False
5880,2894,510945,Eye Witness,True
5881,2895,524137,Circumstantial Witness,False
5882,2895,523666,Circumstantial Witness,True
5883,2895,500205,Eye Witness,True
5884,2896,519978,Circumstantial Witness,False
5885,2896,517181,Expert Witness,True
5886,2896,523801,Circumstantial Witness,True
5887,2896,505018,Expert Witness,False
5888,2900,512797,Circumstantial Witness,False
5889,2900,502667,Circumstantial Witness,True
5890,2902,500636,Expert Witness,False
5891,2902,507095,Expert Witness,True
5892,2903,510498,Circumstantial Witness,False
5893,2903,522139,Eye Witness,False
5894,2903,515156,Eye Witness,False
5895,2904,502179,Expert Witness,False
5896,2904,514526,Circumstantial Witness,True
5897,2905,519606,Eye Witness,False
5898,2905,516384,Eye Witness,False
5899,2905,515060,Eye Witness,False
5900,2906,511349,Circumstantial Witness,False
5901,2906,522537,Eye Witness,True
5902,2906,518955,Circumstantial Witness,True
5903,2906,512520,Eye Witness,True
5904,2907,512924,Expert Witness,True
5905,2907,507421,Expert Witness,False
5906,2907,515934,Eye Witness,True
5907,2908,507623,Eye Witness,True
5908,2908,508610,Circumstantial Witness,True
5909,2909,521752,Expert Witness,False
5910,2909,503169,Circumstantial Witness,True
5911,2909,505366,Eye Witness,False
5912,2910,503677,Circumstantial Witness,False
5913,2911,520354,Expert Witness,False
5914,2911,509207,Eye Witness,False
5915,2911,518855,Circumstantial Witness,True
5916,2912,518439,Expert Witness,True
5917,2912,502302,Eye Witness,True
5918,2912,509900,Eye Witness,True
5919,2912,505178,Expert Witness,True
5920,2913,517067,Eye Witness,True
5921,2913,506154,Circumstantial Witness,False
5922,2914,502672,Circumstantial Witness,False
5923,2914,514376,Eye Witness,True
5924,2914,523269,Circumstantial Witness,True
5925,2915,500801,Eye Witness,False
5926,2915,521589,Eye Witness,False
5927,2915,521400,Expert Witness,False
5928,2915,510286,Circumstantial Witness,False
5929,2916,508479,Eye Witness,False
5930,2918,522565,Eye Witness,False
5931,2918,521523,Circumstantial Witness,True
5932,2918,519536,Circumstantial Witness,False
5933,2919,513290,Eye Witness,False
5934,2919,505712,Eye Witness,False
5935,2919,524147,Eye Witness,False
5936,2920,513673,Expert Witness,False
5937,2921,502316,Expert Witness,True
5938,2921,504061,Eye Witness,False
5939,2921,512128,Circumstantial Witness,True
5940,2921,508060,Circumstantial Witness,False
5941,2923,518585,Eye Witness,False
5942,2925,500745,Expert Witness,True
5943,2925,513239,Expert Witness,True
5944,2927,502787,Eye Witness,False
5945,2927,505616,Eye Witness,True
5946,2927,501126,Eye Witness,False
5947,2927,507617,Expert Witness,False
5948,2928,518257,Expert Witness,False
5949,2928,514332,Circumstantial Witness,True
5950,2928,514384,Expert Witness,False
5951,2928,507597,Expert Witness,True
5952,2930,524514,Circumstantial Witness,True
5953,2930,519166,Circumstantial Witness,True
5954,2931,523072,Eye Witness,True
5955,2931,511851,Expert Witness,False
5956,2931,500690,Circumstantial Witness,True
5957,2932,514633,Eye Witness,True
5958,2932,524816,Circumstantial Witness,False
5959,2932,511674,Eye Witness,False
5960,2934,508390,Expert Witness,True
5961,2934,517365,Eye Witness,False
5962,2934,513686,Circumstantial Witness,True
5963,2934,524655,Expert Witness,False
5964,2935,510728,Circumstantial Witness,True
5965,2935,523677,Expert Witness,False
5966,2936,521952,Circumstantial Witness,True
5967,2937,500793,Eye Witness,False
5968,2937,515681,Circumstantial Witness,False
5969,2937,515241,Expert Witness,True
5970,2937,522628,Eye Witness,False
5971,2938,519064,Eye Witness,False
5972,2938,518282,Eye Witness,False
5973,2939,523957,Circumstantial Witness,False
5974,2939,514785,Circumstantial Witness,False
5975,2939,507909,Expert Witness,False
5976,2940,506661,Eye Witness,True
5977,2940,510712,Circumstantial Witness,False
5978,2940,502091,Circumstantial Witness,True
5979,2940,515081,Expert Witness,True
5980,2941,516053,Circumstantial Witness,True
5981,2941,511266,Eye Witness,False
5982,2941,521954,Expert Witness,False
5983,2942,523172,Expert Witness,True
5984,2942,509443,Circumstantial Witness,True
5985,2942,505426,Circumstantial Witness,True
5986,2944,522169,Eye Witness,True
5987,2944,500864,Eye Witness,True
5988,2944,520882,Expert Witness,True
5989,2945,517954,Eye Witness,True
5990,2946,514463,Expert Witness,False
5991,2946,516403,Circumstantial Witness,False
5992,2946,508278,Expert Witness,False
5993,2946,500099,Eye Witness,False
5994,2947,507964,Expert Witness,False
5995,2947,524600,Eye Witness,True
5996,2948,502805,Expert Witness,False
5997,2949,507371,Eye Witness,True
5998,2950,521671,Circumstantial Witness,True
5999,2950,511078,Circumstantial Witness,True
6000,2950,520261,Expert Witness,True
6001,2951,500248,Eye Witness,False
6002,2951,519990,Eye Witness,True
6003,2951,507648,Circumstantial Witness,True
6004,2951,510612,Expert Witness,True
6005,2952,518583,Eye Witness,False
6006,2953,517488,Circumstantial Witness,True
6007,2953,503342,Expert Witness,False
6008,2953,500129,Expert Witness,True
6009,2953,519115,Eye Witness,False
6010,2954,519236,Circumstantial Witness,True
6011,2954,522557,Circumstantial Witness,True
6012,2954,501511,Expert Witness,True
6013,2954,518341,Circumstantial Witness,True
6014,2955,515889,Circumstantial Witness,True
6015,2955,508717,Eye Witness,True
6016,2955,505165,Eye Witness,False
6017,2956,508830,Expert Witness,False
6018,2956,516709,Expert Witness,True
6019,2956,517090,Eye Witness,True
6020,2959,514567,Circumstantial Witness,True
6021,2959,508460,Expert Witness,False
6022,2959,518604,Eye Witness,True
6023,2959,517520,Circumstantial Witness,True
6024,2960,502131,Eye Witness,False
6025,2962,505218,Expert Witness,True
6026,2962,515675,Expert Witness,True
6027,2963,524009,Eye Witness,True
6028,2963,519895,Expert Witness,False
6029,2964,510624,Circumstantial Witness,True
6030,2964,504556,Expert Witness,False
6031,2964,511368,Eye Witness,True
6032,2964,508329,Eye Witness,False
6033,2965,511188,Eye Witness,True
6034,2965,523820,Eye Witness,True
6035,2965,502716,Expert Witness,True
6036,2965,515194,Circumstantial Witness,True
6037,2966,504249,Expert Witness,True
6038,2968,502732,Expert Witness,True
6039,2968,500357,Expert Witness,True
6040,2968,515566,Expert Witness,False
6041,2969,517852,Circumstantial Witness,True
6042,2969,511918,Eye Witness,False
6043,2969,522288,Expert Witness,False
6044,2969,512259,Expert Witness,False
6045,2973,509863,Eye Witness,False
6046,2973,518066,Circumstantial Witness,False
6047,2973,521866,Eye Witness,True
6048,2974,513902,Circumstantial Witness,False
6049,2975,523203,Expert Witness,True
6050,2975,506857,Circumstantial Witness,False
6051,2975,507694,Circumstantial Witness,False
6052,2975,522636,Expert Witness,False
6053,2976,506625,Eye Witness,True
6054,2976,504192,Expert Witness,False
6055,2976,506482,Circumstantial Witness,False
6056,2976,510913,Eye Witness,True
6057,2977,515800,Expert Witness,False
6058,2977,512443,Eye Witness,False
6059,2977,517728,Expert Witness,True
6060,2978,501919,Expert Witness,False
6061,2978,521006,Expert Witness,False
6062,2978,520064,Circumstantial Witness,True
6063,2978,517076,Eye Witness,True
6064,2979,519094,Eye Witness,True
6065,2979,510805,Eye Witness,True
6066,2980,523188,Expert Witness,True
6067,2981,503817,Eye Witness,False
6068,2981,514589,Expert Witness,True
6069,2982,518029,Eye Witness,False
6070,2982,505661,Circumstantial Witness,False
6071,2982,518151,Circumstantial Witness,False
6072,2983,505452,Eye Witness,True
6073,2984,506034,Circumstantial Witness,True
6074,2984,504801,Expert Witness,False
6075,2984,518913,Circumstantial Witness,False
6076,2984,500931,Circumstantial Witness,False
6077,2985,503044,Expert Witness,True
6078,2985,515954,Expert Witness,True
6079,2985,500664,Eye Witness,True
6080,2985,502697,Circumstantial Witness,True
6081,2986,508288,Eye Witness,False
6082,2987,524114,Eye Witness,False
6083,2987,514436,Expert Witness,False
6084,2988,521739,Expert Witness,True
6085,2988,515600,Eye Witness,False
6086,2989,502293,Eye Witness,True
6087,2989,519624,Expert Witness,True
6088,2989,519199,Circumstantial Witness,True
6089,2990,503910,Expert Witness,True
6090,2990,505471,Eye Witness,False
6091,2990,522719,Circumstantial Witness,False
6092,2990,520556,Expert Witness,False
6093,2991,514873,Circumstantial Witness,False
6094,2991,514249,Expert Witness,False
6095,2991,510099,Eye Witness,False
6096,2991,513891,Expert Witness,True
6097,2992,508376,Expert Witness,True
6098,2992,501989,Eye Witness,True
6099,2992,502894,Eye Witness,False
6100,2993,512836,Eye Witness,False
6101,2993,503237,Expert Witness,False
6102,2993,513091,Expert Witness,False
6103,2994,514238,Circumstantial Witness,False
6104,2994,524199,Circumstantial Witness,True
6105,2994,509645,Expert Witness,False
6106,2995,504025,Expert Witness,True
6107,2997,503230,Eye Witness,True
6108,2997,522271,Expert Witness,False
6109,2998,514068,Eye Witness,True
6110,2999,523401,Eye Witness,True
6111,2999,503353,Expert Witness,True
6112,3001,516828,Expert Witness,False
6113,3001,518498,Circumstantial Witness,False
6114,3001,508914,Eye Witness,True
6115,3002,516995,Expert Witness,True
6116,3002,513898,Eye Witness,False
6117,3003,523540,Circumstantial Witness,False
6118,3003,520049,Expert Witness,False
6119,3003,506885,Eye Witness,True
6120,3004,501486,Eye Witness,False
6121,3004,515180,Expert Witness,False
6122,3004,508444,Eye Witness,False
6123,3005,500775,Expert Witness,False
6124,3005,504178,Expert Witness,False
6125,3006,521683,Expert Witness,False
6126,3007,501235,Eye Witness,True
6127,3007,504733,Circumstantial Witness,False
6128,3008,518614,Eye Witness,False
6129,3011,514651,Eye Witness,False
6130,3012,506869,Circumstantial Witness,True
6131,3012,504797,Circumstantial Witness,False
6132,3013,501538,Eye Witness,True
6133,3014,508338,Expert Witness,True
6134,3014,515564,Eye Witness,True
6135,3014,501996,Expert Witness,False
6136,3014,519013,Eye Witness,False
6137,3015,506498,Circumstantial Witness,False
6138,3016,524451,Expert Witness,False
6139,3016,514193,Circumstantial Witness,False
6140,3017,509169,Circumstantial Witness,False
6141,3017,514070,Circumstantial Witness,False
6142,3018,515084,Eye Witness,True
6143,3019,505669,Circumstantial Witness,True
6144,3020,508774,Circumstantial Witness,False
6145,3020,512912,Eye Witness,True
6146,3020,520517,Circumstantial Witness,True
6147,3020,506721,Expert Witness,True
6148,3021,519395,Eye Witness,True
6149,3021,522032,Circumstantial Witness,True
6150,3021,521643,Expert Witness,True
6151,3022,501525,Expert Witness,False
6152,3024,522035,Expert Witness,True
6153,3024,503970,Expert Witness,False
6154,3024,519577,Circumstantial Witness,False
6155,3025,523359,Expert Witness,False
6156,3025,503747,Expert Witness,True
6157,3025,508696,Eye Witness,True
6158,3027,523197,Circumstantial Witness,False
6159,3027,505923,Eye Witness,False
6160,3028,515209,Circumstantial Witness,True
6161,3028,512726,Expert Witness,False
6162,3028,518679,Expert Witness,True
6163,3029,508161,Expert Witness,False
6164,3029,500655,Eye Witness,False
6165,3029,502799,Eye Witness,True
6166,3031,507032,Circumstantial Witness,True
6167,3032,501798,Expert Witness,True
6168,3033,518652,Circumstantial Witness,False
6169,3034,524557,Circumstantial Witness,True
6170,3035,521882,Eye Witness,True
6171,3035,516440,Expert Witness,False
6172,3035,520689,Circumstantial Witness,True
6173,3036,514691,Eye Witness,False
6174,3036,506898,Eye Witness,True
6175,3036,509536,Expert Witness,True
6176,3036,520882,Expert Witness,True
6177,3038,514615,Eye Witness,True
6178,3038,523868,Circumstantial Witness,True
6179,3039,506273,Eye Witness,False
6180,3039,504661,Eye Witness,True
6181,3040,504198,Eye Witness,True
6182,3040,519386,Expert Witness,True
6183,3041,515733,Circumstantial Witness,True
6184,3041,505517,Eye Witness,True
6185,3041,516475,Circumstantial Witness,False
6186,3042,503995,Expert Witness,True
6187,3042,516029,Eye Witness,True
6188,3042,512028,Circumstantial Witness,True
6189,3043,501359,Circumstantial Witness,True
6190,3044,509195,Expert Witness,False
6191,3044,522484,Expert Witness,True
6192,3044,515387,Circumstantial Witness,False
6193,3044,517426,Circumstantial Witness,False
6194,3045,523407,Circumstantial Witness,True
6195,3045,523651,Circumstantial Witness,True
6196,3045,504414,Eye Witness,True
6197,3046,513049,Circumstantial Witness,False
6198,3046,520567,Circumstantial Witness,True
6199,3046,507118,Circumstantial Witness,True
6200,3046,508976,Circumstantial Witness,False
6201,3048,513666,Circumstantial Witness,True
6202,3048,510727,Expert Witness,True
6203,3048,519510,Circumstantial Witness,False
6204,3048,517276,Eye Witness,True
6205,3049,511748,Circumstantial Witness,True
6206,3049,513059,Eye Witness,True
6207,3049,517417,Eye Witness,True
6208,3049,512784,Circumstantial Witness,True
6209,3052,501838,Expert Witness,True
6210,3052,510768,Expert Witness,True
6211,3052,500749,Expert Witness,True
6212,3052,517853,Expert Witness,False
6213,3053,509924,Circumstantial Witness,False
6214,3053,520872,Expert Witness,False
6215,3053,511884,Expert Witness,True
6216,3054,515780,Eye Witness,True
6217,3054,514724,Expert Witness,False
6218,3054,519290,Expert Witness,False
6219,3054,513115,Circumstantial Witness,True
6220,3055,500660,Eye Witness,False
6221,3056,503572,Circumstantial Witness,False
6222,3056,512695,Eye Witness,False
6223,3056,505134,Eye Witness,True
6224,3057,514864,Expert Witness,True
6225,3057,504738,Circumstantial Witness,False
6226,3057,503790,Expert Witness,False
6227,3057,521121,Expert Witness,True
6228,3058,506851,Circumstantial Witness,False
6229,3058,516973,Circumstantial Witness,False
6230,3058,521217,Expert Witness,True
6231,3058,510217,Expert Witness,False
6232,3059,501268,Eye Witness,True
6233,3063,500697,Eye Witness,False
6234,3064,501430,Circumstantial Witness,True
6235,3065,508651,Circumstantial Witness,True
6236,3065,524918,Eye Witness,True
6237,3066,514341,Circumstantial Witness,False
6238,3068,518824,Eye Witness,False
6239,3068,507147,Eye Witness,False
6240,3068,515960,Expert Witness,False
6241,3069,518919,Circumstantial Witness,False
6242,3069,500090,Circumstantial Witness,False
6243,3070,505644,Expert Witness,True
6244,3070,508020,Circumstantial Witness,True
6245,3072,501750,Circumstantial Witness,False
6246,3072,511217,Eye Witness,False
6247,3072,524264,Eye Witness,False
6248,3073,509507,Eye Witness,False
6249,3074,514500,Eye Witness,False
6250,3074,507279,Circumstantial Witness,False
6251,3074,524340,Expert Witness,False
6252,3075,507683,Expert Witness,False
6253,3076,514359,Eye Witness,False
6254,3076,519798,Expert Witness,False
6255,3077,507825,Circumstantial Witness,True
6256,3077,521314,Expert Witness,True
6257,3077,507711,Expert Witness,True
6258,3077,519152,Circumstantial Witness,True
6259,3078,511132,Circumstantial Witness,True
6260,3078,510427,Expert Witness,True
6261,3078,513298,Expert Witness,True
6262,3080,516209,Circumstantial Witness,False
6263,3080,517487,Eye Witness,True
6264,3080,502946,Eye Witness,False
6265,3080,515006,Circumstantial Witness,True
6266,3081,504458,Eye Witness,False
6267,3081,510054,Circumstantial Witness,True
6268,3081,518757,Circumstantial Witness,False
6269,3081,506480,Eye Witness,False
6270,3083,507269,Eye Witness,False
6271,3083,517082,Circumstantial Witness,True
6272,3083,514243,Expert Witness,False
6273,3083,501079,Circumstantial Witness,False
6274,3084,502256,Eye Witness,False
6275,3084,520366,Eye Witness,False
6276,3085,521852,Eye Witness,True
6277,3085,517197,Circumstantial Witness,False
6278,3085,500777,Eye Witness,True
6279,3085,509853,Expert Witness,True
6280,3086,512291,Eye Witness,False
6281,3086,519472,Eye Witness,True
6282,3086,508028,Eye Witness,False
6283,3087,512569,Expert Witness,True
6284,3087,517781,Circumstantial Witness,False
6285,3088,502181,Eye Witness,False
6286,3088,515126,Circumstantial Witness,True
6287,3088,503473,Circumstantial Witness,False
6288,3088,510524,Eye Witness,False
6289,3089,523159,Expert Witness,False
6290,3089,509362,Circumstantial Witness,False
6291,3090,522417,Expert Witness,False
6292,3090,500085,Eye Witness,False
6293,3090,519989,Eye Witness,False
6294,3093,508602,Circumstantial Witness,False
6295,3093,509072,Expert Witness,False
6296,3093,511719,Eye Witness,False
6297,3093,509310,Expert Witness,False
6298,3094,501018,Expert Witness,True
6299,3094,505168,Expert Witness,False
6300,3094,517390,Circumstantial Witness,False
6301,3095,502744,Circumstantial Witness,True
6302,3097,517869,Circumstantial Witness,False
6303,3097,513527,Expert Witness,True
6304,3097,508954,Expert Witness,True
6305,3097,514604,Expert Witness,False
6306,3098,502870,Expert Witness,False
6307,3098,520412,Eye Witness,False
6308,3099,516652,Circumstantial Witness,False
6309,3099,516368,Eye Witness,True
6310,3099,507505,Expert Witness,True
6311,3099,521417,Expert Witness,True
6312,3100,511681,Circumstantial Witness,True
6313,3101,506840,Expert Witness,False
6314,3101,510466,Eye Witness,True
6315,3101,506202,Circumstantial Witness,True
6316,3104,509274,Eye Witness,False
6317,3104,519088,Circumstantial Witness,True
6318,3104,512628,Eye Witness,True
6319,3104,507313,Expert Witness,True
6320,3105,521448,Expert Witness,True
6321,3105,505693,Circumstantial Witness,True
6322,3105,524496,Eye Witness,True
6323,3108,512292,Expert Witness,True
6324,3108,519171,Expert Witness,True
6325,3108,518800,Expert Witness,False
6326,3108,518525,Circumstantial Witness,False
6327,3110,523710,Eye Witness,True
6328,3110,518920,Circumstantial Witness,True
6329,3110,516255,Expert Witness,True
6330,3110,500273,Circumstantial Witness,True
6331,3112,522285,Eye Witness,True
6332,3112,521084,Circumstantial Witness,False
6333,3113,518728,Eye Witness,False
6334,3113,513535,Expert Witness,False
6335,3113,518778,Circumstantial Witness,True
6336,3114,517287,Circumstantial Witness,False
6337,3114,513301,Circumstantial Witness,True
6338,3114,516291,Eye Witness,False
6339,3114,516504,Circumstantial Witness,True
6340,3116,522707,Circumstantial Witness,True
6341,3116,524277,Expert Witness,True
6342,3116,519652,Eye Witness,False
6343,3116,506216,Eye Witness,False
6344,3117,515302,Expert Witness,True
6345,3117,518884,Circumstantial Witness,True
6346,3118,505380,Circumstantial Witness,True
6347,3118,512970,Expert Witness,True
6348,3121,503761,Eye Witness,True
6349,3121,520819,Eye Witness,False
6350,3121,500977,Circumstantial Witness,True
6351,3121,522399,Eye Witness,True
6352,3123,515829,Expert Witness,True
6353,3123,506624,Circumstantial Witness,False
6354,3123,507109,Eye Witness,False
6355,3123,507436,Eye Witness,False
6356,3124,518786,Circumstantial Witness,False
6357,3125,510851,Expert Witness,True
6358,3126,506443,Expert Witness,True
6359,3126,506771,Expert Witness,False
6360,3127,519807,Eye Witness,False
6361,3127,501764,Circumstantial Witness,True
6362,3127,505203,Eye Witness,True
6363,3127,506392,Expert Witness,True
6364,3128,521045,Eye Witness,True
6365,3128,510988,Expert Witness,True
6366,3129,510353,Circumstantial Witness,True
6367,3129,510719,Eye Witness,True
6368,3130,500334,Eye Witness,True
6369,3130,524636,Expert Witness,False
6370,3130,508288,Expert Witness,False
6371,3130,517894,Expert Witness,False
6372,3131,520958,Expert Witness,False
6373,3133,519509,Expert Witness,False
6374,3133,504738,Expert Witness,False
6375,3133,521153,Expert Witness,True
6376,3133,524334,Circumstantial Witness,True
6377,3135,509481,Eye Witness,True
6378,3135,517591,Expert Witness,False
6379,3135,518618,Expert Witness,True
6380,3136,517040,Expert Witness,False
6381,3136,523799,Circumstantial Witness,False
6382,3136,514168,Expert Witness,False
6383,3138,514296,Expert Witness,True
6384,3140,510738,Eye Witness,True
6385,3142,523578,Circumstantial Witness,True
6386,3142,511890,Circumstantial Witness,False
6387,3142,522139,Expert Witness,False
6388,3142,524647,Eye Witness,True
6389,3143,512267,Eye Witness,False
6390,3143,508101,Expert Witness,True
6391,3143,501924,Expert Witness,True
6392,3143,500895,Circumstantial Witness,True
6393,3144,504634,Circumstantial Witness,True
6394,3145,514616,Eye Witness,True
6395,3147,523752,Eye Witness,False
6396,3147,503169,Expert Witness,True
6397,3147,513330,Circumstantial Witness,True
6398,3149,510604,Eye Witness,True
6399,3150,523898,Eye Witness,True
6400,3150,502133,Eye Witness,False
6401,3150,520097,Expert Witness,False
6402,3150,503531,Expert Witness,True
6403,3151,501351,Expert Witness,False
6404,3151,500949,Circumstantial Witness,True
6405,3151,503924,Circumstantial Witness,True
6406,3152,517714,Expert Witness,True
6407,3152,512789,Eye Witness,False
6408,3152,524373,Eye Witness,True
6409,3153,509745,Circumstantial Witness,True
6410,3153,510340,Circumstantial Witness,False
6411,3154,500023,Circumstantial Witness,False
6412,3154,511789,Expert Witness,False
6413,3154,507936,Eye Witness,True
6414,3154,523031,Eye Witness,True
6415,3155,522865,Circumstantial Witness,True
6416,3156,503062,Expert Witness,False
6417,3157,510588,Expert Witness,False
6418,3158,520441,Eye Witness,True
6419,3158,522938,Eye Witness,True
6420,3158,508785,Expert Witness,True
6421,3158,511732,Circumstantial Witness,False
6422,3159,500282,Eye Witness,False
6423,3159,520134,Eye Witness,True
6424,3159,518320,Circumstantial Witness,True
6425,3159,500806,Circumstantial Witness,True
6426,3160,503738,Expert Witness,False
6427,3160,523346,Expert Witness,False
6428,3160,523066,Eye Witness,True
6429,3160,515892,Eye Witness,True
6430,3161,516369,Eye Witness,True
6431,3163,513990,Expert Witness,True
6432,3164,518540,Expert Witness,True
6433,3164,505920,Expert Witness,True
6434,3165,518955,Expert Witness,True
6435,3165,523007,Circumstantial Witness,False
6436,3165,519470,Expert Witness,False
6437,3165,516957,Eye Witness,False
6438,3166,519855,Expert Witness,True
6439,3167,504172,Expert Witness,False
6440,3167,501379,Circumstantial Witness,True
6441,3167,508741,Circumstantial Witness,True
6442,3167,514835,Circumstantial Witness,True
6443,3168,509174,Eye Witness,False
6444,3168,522994,Eye Witness,True
6445,3168,514132,Circumstantial Witness,True
6446,3168,519745,Circumstantial Witness,True
6447,3169,510279,Expert Witness,False
6448,3169,514704,Expert Witness,False
6449,3169,523459,Expert Witness,False
6450,3170,511051,Circumstantial Witness,False
6451,3170,509853,Circumstantial Witness,False
6452,3170,508238,Eye Witness,False
6453,3170,505777,Expert Witness,True
6454,3171,510187,Expert Witness,True
6455,3171,500137,Eye Witness,False
6456,3171,516287,Circumstantial Witness,True
6457,3171,502168,Expert Witness,False
6458,3172,505637,Eye Witness,False
6459,3172,509359,Eye Witness,False
6460,3172,524522,Circumstantial Witness,False
6461,3173,516395,Expert Witness,True
6462,3173,506893,Circumstantial Witness,False
6463,3174,521831,Expert Witness,True
6464,3174,506979,Eye Witness,True
6465,3174,510428,Eye Witness,False
6466,3174,511651,Eye Witness,True
6467,3175,514547,Eye Witness,True
6468,3176,510971,Circumstantial Witness,True
6469,3176,512618,Expert Witness,False
6470,3176,511348,Circumstantial Witness,True
6471,3177,504874,Circumstantial Witness,False
6472,3177,505919,Expert Witness,True
6473,3178,513964,Eye Witness,True
6474,3178,515241,Expert Witness,False
6475,3178,519320,Eye Witness,False
6476,3178,501257,Circumstantial Witness,False
6477,3182,502890,Circumstantial Witness,False
6478,3182,515930,Eye Witness,False
6479,3182,508661,Eye Witness,True
6480,3182,502700,Circumstantial Witness,False
6481,3183,512076,Expert Witness,False
6482,3183,508031,Circumstantial Witness,False
6483,3183,501171,Expert Witness,False
6484,3183,507174,Circumstantial Witness,True
6485,3184,502540,Circumstantial Witness,False
6486,3185,508935,Expert Witness,False
6487,3185,513475,Eye Witness,True
6488,3186,524085,Circumstantial Witness,False
6489,3188,512753,Eye Witness,True
6490,3188,509584,Expert Witness,False
6491,3188,510227,Eye Witness,True
6492,3189,523354,Expert Witness,True
6493,3189,505253,Expert Witness,False
6494,3189,520359,Expert Witness,False
6495,3190,513861,Expert Witness,False
6496,3191,518788,Circumstantial Witness,True
6497,3191,520659,Eye Witness,False
6498,3191,500166,Expert Witness,False
6499,3192,508463,Expert Witness,False
6500,3192,521028,Eye Witness,True
6501,3194,515094,Eye Witness,False
6502,3194,518143,Eye Witness,False
6503,3198,511444,Expert Witness,True
6504,3199,514580,Expert Witness,False
6505,3201,509580,Expert Witness,False
6506,3201,515052,Eye Witness,False
6507,3201,509723,Circumstantial Witness,True
6508,3202,513234,Expert Witness,True
6509,3202,504329,Expert Witness,True
6510,3202,503083,Expert Witness,True
6511,3202,518373,Circumstantial Witness,True
6512,3204,505634,Eye Witness,True
6513,3204,512622,Circumstantial Witness,False
6514,3206,514119,Eye Witness,False
6515,3207,501024,Expert Witness,True
6516,3207,519968,Eye Witness,False
6517,3208,518273,Circumstantial Witness,False
6518,3210,509644,Eye Witness,False
6519,3210,511942,Circumstantial Witness,False
6520,3210,514268,Expert Witness,False
6521,3211,510922,Eye Witness,True
6522,3211,504491,Circumstantial Witness,True
6523,3211,515062,Expert Witness,True
6524,3211,510146,Eye Witness,False
6525,3212,524941,Circumstantial Witness,True
6526,3212,508465,Expert Witness,False
6527,3212,509551,Eye Witness,True
6528,3212,510763,Circumstantial Witness,True
6529,3213,521394,Circumstantial Witness,False
6530,3213,518868,Expert Witness,False
6531,3213,518363,Expert Witness,True
6532,3214,521853,Circumstantial Witness,False
6533,3214,517546,Expert Witness,True
6534,3214,508578,Eye Witness,False
6535,3215,505580,Eye Witness,True
6536,3215,516977,Expert Witness,False
6537,3216,511052,Circumstantial Witness,True
6538,3216,515050,Expert Witness,False
6539,3216,513490,Eye Witness,False
6540,3216,524604,Expert Witness,False
6541,3217,521550,Eye Witness,True
6542,3217,521539,Eye Witness,False
6543,3219,516135,Eye Witness,False
6544,3219,522462,Circumstantial Witness,True
6545,3219,519416,Circumstantial Witness,True
6546,3220,507607,Circumstantial Witness,False
6547,3220,521236,Expert Witness,True
6548,3221,507679,Eye Witness,True
6549,3221,510611,Eye Witness,False
6550,3221,517854,Eye Witness,False
6551,3222,521449,Circumstantial Witness,False
6552,3222,500056,Expert Witness,False
6553,3222,504980,Circumstantial Witness,True
6554,3222,524398,Eye Witness,True
6555,3223,523246,Eye Witness,True
6556,3224,505186,Expert Witness,True
6557,3226,519213,Circumstantial Witness,False
6558,3226,520519,Expert Witness,False
6559,3227,514946,Expert Witness,True
6560,3227,502848,Expert Witness,False
6561,3227,522235,Eye Witness,False
6562,3228,512741,Circumstantial Witness,False
6563,3229,509377,Eye Witness,True
6564,3229,508578,Eye Witness,False
6565,3229,523656,Eye Witness,False
6566,3229,508530,Expert Witness,True
6567,3230,520240,Expert Witness,False
6568,3231,512341,Circumstantial Witness,False
6569,3231,509335,Circumstantial Witness,True
6570,3231,517136,Expert Witness,True
6571,3231,511206,Expert Witness,False
6572,3232,524446,Circumstantial Witness,False
6573,3234,512320,Eye Witness,False
6574,3234,504266,Circumstantial Witness,True
6575,3234,522525,Eye Witness,True
6576,3234,500951,Circumstantial Witness,False
6577,3235,522471,Expert Witness,True
6578,3235,517764,Expert Witness,True
6579,3235,524575,Circumstantial Witness,True
6580,3235,515796,Eye Witness,True
6581,3236,507334,Expert Witness,True
6582,3236,508721,Eye Witness,False
6583,3236,501907,Eye Witness,True
6584,3236,503177,Circumstantial Witness,False
6585,3238,518956,Circumstantial Witness,True
6586,3238,517048,Expert Witness,True
6587,3240,517576,Eye Witness,False
6588,3240,519426,Eye Witness,False
6589,3241,517244,Eye Witness,True
6590,3241,520902,Circumstantial Witness,True
6591,3241,504017,Circumstantial Witness,True
6592,3243,520388,Expert Witness,True
6593,3244,513285,Expert Witness,True
6594,3244,506349,Expert Witness,True
6595,3244,503599,Expert Witness,False
6596,3244,504019,Expert Witness,False
6597,3245,509106,Expert Witness,True
6598,3247,510032,Circumstantial Witness,True
6599,3247,520651,Eye Witness,False
6600,3248,510557,Eye Witness,False
6601,3249,511311,Circumstantial Witness,False
6602,3249,511567,Expert Witness,False
6603,3249,518673,Circumstantial Witness,True
6604,3249,518936,Expert Witness,True
6605,3250,502316,Eye Witness,True
6606,3250,519955,Eye Witness,True
6607,3250,524009,Expert Witness,False
6608,3250,511400,Circumstantial Witness,True
6609,3251,512468,Eye Witness,False
6610,3252,519134,Circumstantial Witness,False
6611,3252,517580,Eye Witness,True
6612,3252,506469,Expert Witness,True
6613,3253,503597,Circumstantial Witness,True
6614,3253,507054,Eye Witness,True
6615,3253,512278,Eye Witness,False
6616,3254,518514,Expert Witness,False
6617,3254,514934,Eye Witness,False
6618,3254,506824,Circumstantial Witness,False
6619,3255,517700,Circumstantial Witness,True
6620,3255,516361,Eye Witness,False
6621,3255,510277,Expert Witness,False
6622,3255,503093,Expert Witness,False
6623,3257,503679,Circumstantial Witness,False
6624,3257,515543,Eye Witness,True
6625,3257,501197,Expert Witness,True
6626,3258,519507,Eye Witness,True
6627,3258,523528,Eye Witness,True
6628,3259,505470,Circumstantial Witness,False
6629,3259,505383,Circumstantial Witness,False
6630,3260,512449,Expert Witness,True
6631,3260,517485,Circumstantial Witness,False
6632,3261,509254,Circumstantial Witness,True
6633,3261,513646,Circumstantial Witness,False
6634,3262,515059,Circumstantial Witness,True
6635,3262,502380,Expert Witness,True
6636,3263,500275,Eye Witness,False
6637,3263,511004,Circumstantial Witness,False
6638,3263,503740,Expert Witness,True
6639,3264,521157,Circumstantial Witness,False
6640,3264,515593,Circumstantial Witness,False
6641,3267,506767,Circumstantial Witness,False
6642,3267,510778,Circumstantial Witness,False
6643,3268,519625,Circumstantial Witness,True
6644,3268,509719,Eye Witness,True
6645,3269,520409,Expert Witness,True
6646,3269,519178,Circumstantial Witness,False
6647,3269,523456,Circumstantial Witness,True
6648,3270,512007,Circumstantial Witness,False
6649,3271,502227,Circumstantial Witness,True
6650,3271,507089,Expert Witness,True
6651,3271,518999,Eye Witness,False
6652,3272,521577,Expert Witness,False
6653,3272,510057,Expert Witness,False
6654,3273,513594,Circumstantial Witness,True
6655,3273,508814,Expert Witness,True
6656,3273,500198,Eye Witness,False
6657,3277,501490,Circumstantial Witness,True
6658,3277,505576,Circumstantial Witness,True
6659,3277,520642,Eye Witness,False
6660,3278,501832,Eye Witness,False
6661,3278,505680,Circumstantial Witness,False
6662,3278,508594,Eye Witness,True
6663,3278,515538,Eye Witness,False
6664,3279,506438,Eye Witness,False
6665,3279,505423,Eye Witness,True
6666,3279,502340,Circumstantial Witness,False
6667,3281,517642,Eye Witness,True
6668,3281,514178,Circumstantial Witness,False
6669,3281,521357,Circumstantial Witness,False
6670,3282,524169,Circumstantial Witness,True
6671,3282,505310,Circumstantial Witness,False
6672,3282,501541,Circumstantial Witness,False
6673,3282,524025,Circumstantial Witness,False
6674,3285,509953,Eye Witness,False
6675,3286,519969,Eye Witness,True
6676,3286,520219,Circumstantial Witness,True
6677,3286,500628,Eye Witness,True
6678,3287,520663,Eye Witness,False
6679,3292,516146,Circumstantial Witness,True
6680,3292,523777,Circumstantial Witness,True
6681,3294,519601,Eye Witness,True
6682,3294,524547,Eye Witness,False
6683,3294,519740,Circumstantial Witness,True
6684,3295,509968,Circumstantial Witness,False
6685,3295,506364,Expert Witness,False
6686,3295,505915,Circumstantial Witness,False
6687,3295,519237,Expert Witness,False
6688,3296,505908,Eye Witness,False
6689,3296,510120,Eye Witness,True
6690,3296,519598,Eye Witness,True
6691,3297,506718,Eye Witness,True
6692,3297,520381,Eye Witness,False
6693,3298,515714,Expert Witness,False
6694,3298,520637,Eye Witness,False
6695,3298,522578,Eye Witness,False
6696,3298,523388,Expert Witness,True
6697,3299,522369,Eye Witness,False
6698,3300,523817,Eye Witness,True
6699,3300,506367,Expert Witness,False
6700,3300,500851,Eye Witness,True
6701,3300,516973,Circumstantial Witness,False
6702,3301,519064,Eye Witness,True
6703,3302,517891,Circumstantial Witness,True
6704,3304,501562,Circumstantial Witness,False
6705,3304,511567,Circumstantial Witness,True
6706,3304,508704,Eye Witness,True
6707,3304,508843,Expert Witness,False
6708,3305,508251,Expert Witness,False
6709,3305,500316,Circumstantial Witness,True
6710,3305,518086,Expert Witness,True
6711,3306,500780,Circumstantial Witness,False
6712,3307,523073,Expert Witness,False
6713,3307,509644,Circumstantial Witness,False
6714,3309,518549,Eye Witness,False
6715,3309,512749,Expert Witness,True
6716,3309,518078,Eye Witness,True
6717,3309,514342,Eye Witness,True
6718,3310,520955,Expert Witness,True
6719,3311,518704,Circumstantial Witness,True
6720,3311,521754,Expert Witness,True
6721,3311,512763,Eye Witness,False
6722,3311,507824,Eye Witness,True
6723,3312,502341,Expert Witness,True
6724,3312,523017,Eye Witness,False
6725,3314,524838,Eye Witness,False
6726,3315,512365,Eye Witness,False
6727,3316,518373,Expert Witness,True
6728,3317,504990,Circumstantial Witness,False
6729,3317,518909,Circumstantial Witness,True
6730,3317,509038,Eye Witness,False
6731,3317,513547,Eye Witness,False
6732,3318,512568,Expert Witness,True
6733,3318,517465,Circumstantial Witness,True
6734,3318,510115,Eye Witness,True
6735,3318,511421,Circumstantial Witness,True
6736,3319,508017,Expert Witness,False
6737,3319,514308,Eye Witness,True
6738,3319,512338,Eye Witness,True
6739,3319,510121,Circumstantial Witness,False
6740,3321,519226,Circumstantial Witness,True
6741,3321,500066,Expert Witness,False
6742,3321,510878,Circumstantial Witness,False
6743,3322,516686,Circumstantial Witness,True
6744,3322,508445,Expert Witness,False
6745,3322,508707,Expert Witness,False
6746,3322,516284,Eye Witness,True
6747,3323,503095,Expert Witness,True
6748,3324,502675,Circumstantial Witness,False
6749,3324,504981,Circumstantial Witness,False
6750,3325,505654,Circumstantial Witness,True
6751,3326,520925,Expert Witness,False
6752,3326,511119,Circumstantial Witness,True
6753,3326,504625,Expert Witness,False
6754,3326,501479,Expert Witness,True
6755,3328,510899,Expert Witness,False
6756,3328,514083,Eye Witness,True
6757,3328,507560,Circumstantial Witness,True
6758,3330,517911,Eye Witness,False
6759,3330,512332,Eye Witness,True
6760,3330,505482,Eye Witness,True
6761,3330,508982,Expert Witness,True
6762,3331,501541,Eye Witness,True
6763,3331,506682,Expert Witness,False
6764,3331,505684,Expert Witness,False
6765,3331,509876,Eye Witness,False
6766,3332,505568,Expert Witness,False
6767,3332,500502,Eye Witness,False
6768,3332,516411,Circumstantial Witness,True
6769,3332,517801,Eye Witness,False
6770,3333,523819,Expert Witness,False
6771,3333,515278,Circumstantial Witness,False
6772,3333,509450,Circumstantial Witness,False
6773,3333,515867,Circumstantial Witness,True
6774,3334,502526,Expert Witness,False
6775,3334,504681,Expert Witness,False
6776,3334,506706,Eye Witness,True
6777,3334,515041,Expert Witness,True
6778,3335,519080,Expert Witness,False
6779,3335,520127,Eye Witness,True
6780,3335,513098,Expert Witness,True
6781,3336,500683,Eye Witness,True
6782,3336,513202,Eye Witness,True
6783,3337,504097,Expert Witness,False
6784,3337,504276,Eye Witness,False
6785,3339,512362,Circumstantial Witness,True
6786,3339,505209,Expert Witness,True
6787,3340,521198,Expert Witness,False
6788,3340,504057,Eye Witness,True
6789,3340,524975,Circumstantial Witness,False
6790,3340,502347,Expert Witness,True
6791,3341,503434,Circumstantial Witness,True
6792,3341,513482,Expert Witness,True
6793,3341,513124,Circumstantial Witness,False
6794,3341,515257,Eye Witness,False
6795,3342,513381,Circumstantial Witness,False
6796,3342,518331,Eye Witness,True
6797,3342,502475,Circumstantial Witness,False
6798,3342,515473,Eye Witness,True
6799,3343,509122,Eye Witness,False
6800,3343,520753,Circumstantial Witness,False
6801,3344,514056,Eye Witness,False
6802,3344,510605,Eye Witness,True
6803,3344,510010,Circumstantial Witness,False
6804,3345,511521,Circumstantial Witness,True
6805,3347,519050,Expert Witness,False
6806,3347,521811,Expert Witness,True
6807,3348,523203,Eye Witness,False
6808,3348,505723,Circumstantial Witness,False
6809,3349,501719,Expert Witness,False
6810,3349,515939,Expert Witness,False
6811,3349,523534,Eye Witness,False
6812,3349,503062,Eye Witness,False
6813,3350,524192,Expert Witness,False
6814,3351,517152,Circumstantial Witness,False
6815,3351,518057,Expert Witness,False
6816,3351,510226,Expert Witness,False
6817,3352,523348,Circumstantial Witness,True
6818,3352,522828,Circumstantial Witness,True
6819,3352,523779,Circumstantial Witness,True
6820,3353,502028,Circumstantial Witness,True
6821,3353,511895,Eye Witness,False
6822,3353,513119,Circumstantial Witness,False
6823,3354,516912,Expert Witness,False
6824,3354,519615,Eye Witness,False
6825,3354,523180,Circumstantial Witness,True
6826,3354,514726,Eye Witness,False
6827,3355,518901,Eye Witness,False
6828,3355,501454,Expert Witness,True
6829,3355,519147,Expert Witness,True
6830,3356,509146,Eye Witness,True
6831,3356,506597,Expert Witness,False
6832,3356,517864,Circumstantial Witness,True
6833,3357,521757,Eye Witness,True
6834,3357,515738,Circumstantial Witness,False
6835,3359,505908,Eye Witness,False
6836,3360,500535,Expert Witness,True
6837,3360,504355,Expert Witness,True
6838,3360,523327,Expert Witness,True
6839,3361,507759,Eye Witness,False
6840,3361,503225,Expert Witness,False
6841,3361,520069,Eye Witness,False
6842,3362,514440,Eye Witness,True
6843,3363,512676,Circumstantial Witness,True
6844,3364,516665,Circumstantial Witness,False
6845,3365,523271,Eye Witness,False
6846,3365,524012,Circumstantial Witness,True
6847,3366,511155,Circumstantial Witness,True
6848,3367,508776,Expert Witness,True
6849,3367,514381,Circumstantial Witness,True
6850,3368,504511,Eye Witness,False
6851,3368,506446,Circumstantial Witness,False
6852,3369,517366,Circumstantial Witness,True
6853,3369,507924,Circumstantial Witness,False
6854,3369,504950,Circumstantial Witness,True
6855,3370,511419,Circumstantial Witness,False
6856,3371,511788,Eye Witness,False
6857,3372,509539,Eye Witness,True
6858,3373,507352,Eye Witness,False
6859,3373,523486,Eye Witness,True
6860,3373,524138,Expert Witness,True
6861,3373,514840,Expert Witness,True
6862,3375,522556,Eye Witness,True
6863,3375,507412,Circumstantial Witness,True
6864,3375,515402,Eye Witness,False
6865,3375,515211,Eye Witness,False
6866,3376,512046,Eye Witness,True
6867,3376,503544,Eye Witness,True
6868,3376,521043,Expert Witness,False
6869,3376,519068,Circumstantial Witness,True
6870,3377,509721,Expert Witness,True
6871,3377,501019,Circumstantial Witness,False
6872,3377,508101,Circumstantial Witness,True
6873,3378,503676,Eye Witness,True
6874,3378,512329,Expert Witness,True
6875,3378,504196,Expert Witness,True
6876,3380,509876,Eye Witness,False
6877,3382,516442,Eye Witness,False
6878,3382,505137,Circumstantial Witness,False
6879,3382,520300,Expert Witness,True
6880,3382,515493,Eye Witness,True
6881,3384,515448,Circumstantial Witness,True
6882,3384,519298,Expert Witness,True
6883,3384,512919,Expert Witness,True
6884,3385,513378,Expert Witness,True
6885,3385,510674,Circumstantial Witness,True
6886,3385,518285,Circumstantial Witness,False
6887,3386,520175,Expert Witness,False
6888,3388,510157,Expert Witness,False
6889,3388,505595,Expert Witness,True
6890,3389,524817,Circumstantial Witness,True
6891,3389,510683,Circumstantial Witness,True
6892,3390,504377,Expert Witness,False
6893,3390,524917,Eye Witness,False
6894,3390,522836,Circumstantial Witness,True
6895,3391,511801,Eye Witness,False
6896,3391,506270,Eye Witness,False
6897,3391,521825,Expert Witness,True
6898,3391,523148,Expert Witness,False
6899,3392,510463,Eye Witness,True
6900,3392,519538,Circumstantial Witness,False
6901,3392,507238,Expert Witness,False
6902,3392,524708,Expert Witness,True
6903,3393,506749,Circumstantial Witness,True
6904,3394,520458,Eye Witness,True
6905,3394,504029,Expert Witness,False
6906,3395,523471,Expert Witness,False
6907,3395,510645,Eye Witness,True
6908,3395,500220,Expert Witness,True
6909,3395,510810,Expert Witness,True
6910,3396,510447,Eye Witness,False
6911,3396,513360,Expert Witness,False
6912,3397,511413,Circumstantial Witness,False
6913,3398,524353,Circumstantial Witness,False
6914,3398,509682,Circumstantial Witness,False
6915,3399,523208,Expert Witness,False
6916,3399,519487,Expert Witness,True
6917,3399,521982,Expert Witness,True
6918,3400,511520,Expert Witness,False
6919,3400,524170,Expert Witness,True
6920,3403,522523,Circumstantial Witness,True
6921,3403,519556,Circumstantial Witness,False
6922,3404,501898,Expert Witness,False
6923,3404,516316,Circumstantial Witness,False
6924,3405,503580,Eye Witness,False
6925,3405,523058,Eye Witness,True
6926,3405,519206,Expert Witness,False
6927,3406,512609,Circumstantial Witness,False
6928,3406,518408,Expert Witness,True
6929,3407,508901,Eye Witness,True
6930,3407,517922,Circumstantial Witness,False
6931,3407,513552,Eye Witness,True
6932,3407,524399,Eye Witness,False
6933,3408,517894,Circumstantial Witness,False
6934,3408,515353,Eye Witness,False
6935,3408,501947,Expert Witness,True
6936,3408,507682,Eye Witness,False
6937,3409,503832,Expert Witness,True
6938,3411,520245,Circumstantial Witness,True
6939,3411,524033,Eye Witness,False
6940,3412,503247,Expert Witness,False
6941,3412,506753,Circumstantial Witness,False
6942,3412,524214,Circumstantial Witness,True
6943,3415,516676,Expert Witness,False
6944,3415,504140,Circumstantial Witness,False
6945,3415,520303,Expert Witness,False
6946,3416,514700,Eye Witness,False
6947,3416,508972,Expert Witness,True
6948,3417,516154,Expert Witness,False
6949,3418,524116,Circumstantial Witness,True
6950,3418,506188,Expert Witness,True
6951,3418,511854,Circumstantial Witness,True
6952,3419,521659,Expert Witness,False
6953,3419,512655,Expert Witness,True
6954,3419,503100,Eye Witness,False
6955,3419,523830,Eye Witness,True
6956,3420,502047,Eye Witness,True
6957,3422,512949,Expert Witness,False
6958,3422,517751,Circumstantial Witness,False
6959,3424,511114,Circumstantial Witness,True
6960,3424,512290,Circumstantial Witness,False
6961,3425,507887,Eye Witness,True
6962,3425,510252,Circumstantial Witness,True
6963,3425,524343,Eye Witness,True
6964,3425,514583,Eye Witness,False
6965,3426,510614,Expert Witness,True
6966,3427,516983,Expert Witness,False
6967,3427,501456,Circumstantial Witness,False
6968,3428,519796,Eye Witness,True
6969,3429,510833,Eye Witness,True
6970,3429,500918,Expert Witness,True
6971,3429,510858,Circumstantial Witness,True
6972,3429,506499,Eye Witness,True
6973,3430,520914,Circumstantial Witness,False
6974,3430,504218,Circumstantial Witness,False
6975,3431,515754,Eye Witness,False
6976,3433,521147,Expert Witness,True
6977,3433,514069,Expert Witness,True
6978,3433,517097,Eye Witness,False
6979,3434,515242,Eye Witness,False
6980,3434,508843,Eye Witness,False
6981,3435,519315,Circumstantial Witness,True
6982,3435,524745,Circumstantial Witness,False
6983,3435,500623,Expert Witness,False
6984,3436,507713,Circumstantial Witness,False
6985,3436,511526,Eye Witness,True
6986,3437,507956,Expert Witness,False
6987,3437,523637,Expert Witness,False
6988,3437,503262,Expert Witness,True
6989,3437,509358,Expert Witness,False
6990,3438,506916,Eye Witness,False
6991,3438,523840,Expert Witness,False
6992,3438,518373,Eye Witness,True
6993,3438,518742,Circumstantial Witness,False
6994,3440,523169,Expert Witness,True
6995,3440,524098,Eye Witness,False
6996,3440,504899,Circumstantial Witness,True
6997,3441,505417,Expert Witness,True
6998,3441,522083,Eye Witness,False
6999,3441,515208,Circumstantial Witness,False
7000,3443,524938,Eye Witness,False
7001,3444,502610,Eye Witness,False
7002,3444,509273,Eye Witness,True
7003,3444,514484,Expert Witness,False
7004,3444,522718,Circumstantial Witness,False
7005,3445,502226,Circumstantial Witness,True
7006,3445,518064,Eye Witness,False
7007,3446,507058,Expert Witness,False
7008,3446,505406,Eye Witness,False
7009,3446,504839,Expert Witness,True
7010,3446,521532,Expert Witness,False
7011,3448,515547,Eye Witness,False
7012,3448,506322,Circumstantial Witness,True
7013,3449,517894,Circumstantial Witness,True
7014,3449,502912,Expert Witness,False
7015,3450,506199,Eye Witness,False
7016,3450,523798,Circumstantial Witness,False
7017,3450,521029,Expert Witness,True
7018,3451,501614,Expert Witness,True
7019,3451,508119,Eye Witness,True
7020,3451,518009,Eye Witness,True
7021,3452,521712,Eye Witness,False
7022,3452,505686,Expert Witness,True
7023,3453,507791,Eye Witness,False
7024,3453,507237,Expert Witness,False
7025,3453,502794,Circumstantial Witness,True
7026,3455,519454,Expert Witness,False
7027,3455,516219,Eye Witness,True
7028,3456,512125,Eye Witness,False
7029,3456,505732,Expert Witness,False
7030,3456,504012,Eye Witness,True
7031,3456,512591,Expert Witness,True
7032,3457,523185,Expert Witness,False
7033,3457,502964,Expert Witness,True
7034,3457,503315,Eye Witness,False
7035,3457,519610,Eye Witness,False
7036,3458,506167,Eye Witness,True
7037,3459,516278,Circumstantial Witness,False
7038,3459,501040,Eye Witness,True
7039,3459,517115,Eye Witness,True
7040,3459,506216,Eye Witness,True
7041,3460,506385,Eye Witness,True
7042,3460,517936,Expert Witness,False
7043,3461,521752,Expert Witness,True
7044,3462,504870,Circumstantial Witness,True
7045,3462,506936,Eye Witness,True
7046,3463,521688,Circumstantial Witness,True
7047,3464,520204,Circumstantial Witness,True
7048,3464,514572,Eye Witness,True
7049,3464,509206,Eye Witness,True
7050,3465,514077,Eye Witness,False
7051,3465,508688,Eye Witness,False
7052,3465,524431,Circumstantial Witness,False
7053,3465,521003,Circumstantial Witness,False
7054,3466,523790,Eye Witness,False
7055,3469,500684,Circumstantial Witness,False
7056,3470,523077,Eye Witness,False
7057,3471,520771,Eye Witness,False
7058,3471,520847,Circumstantial Witness,False
7059,3471,503244,Expert Witness,False
7060,3473,518368,Circumstantial Witness,True
7061,3473,511295,Expert Witness,False
7062,3474,516994,Circumstantial Witness,True
7063,3474,506578,Expert Witness,True
7064,3474,502838,Circumstantial Witness,False
7065,3474,523433,Expert Witness,True
7066,3475,522083,Expert Witness,False
7067,3475,501468,Expert Witness,True
7068,3475,512686,Expert Witness,False
7069,3475,515246,Expert Witness,True
7070,3476,503164,Eye Witness,True
7071,3476,524755,Eye Witness,False
7072,3477,513452,Eye Witness,True
7073,3477,523754,Expert Witness,True
7074,3478,518079,Expert Witness,True
7075,3478,510367,Expert Witness,False
7076,3478,523888,Expert Witness,True
7077,3478,503852,Circumstantial Witness,False
7078,3479,516632,Eye Witness,True
7079,3479,503016,Expert Witness,True
7080,3479,519540,Eye Witness,True
7081,3480,522679,Eye Witness,False
7082,3481,523059,Expert Witness,True
7083,3481,514223,Eye Witness,True
7084,3481,506917,Eye Witness,True
7085,3482,509213,Circumstantial Witness,False
7086,3482,517781,Eye Witness,True
7087,3482,506236,Circumstantial Witness,False
7088,3483,505611,Circumstantial Witness,False
7089,3483,504228,Expert Witness,False
7090,3483,516873,Expert Witness,True
7091,3483,522282,Eye Witness,False
7092,3484,500507,Expert Witness,False
7093,3485,510406,Eye Witness,False
7094,3485,522836,Expert Witness,False
7095,3485,519109,Expert Witness,True
7096,3485,501085,Expert Witness,False
7097,3486,523608,Eye Witness,True
7098,3486,501064,Expert Witness,False
7099,3487,502679,Eye Witness,False
7100,3487,504659,Eye Witness,False
7101,3487,524683,Eye Witness,False
7102,3487,519452,Eye Witness,True
7103,3488,506970,Expert Witness,True
7104,3488,522710,Expert Witness,False
7105,3488,515295,Circumstantial Witness,True
7106,3488,502584,Expert Witness,False
7107,3489,517866,Circumstantial Witness,True
7108,3489,503340,Expert Witness,False
7109,3490,503901,Circumstantial Witness,True
7110,3490,512849,Expert Witness,False
7111,3490,500533,Eye Witness,False
7112,3490,510594,Expert Witness,True
7113,3492,516009,Circumstantial Witness,True
7114,3492,511272,Circumstantial Witness,False
7115,3493,519602,Eye Witness,True
7116,3493,524068,Eye Witness,False
7117,3494,509631,Expert Witness,False
7118,3494,506835,Circumstantial Witness,False
7119,3495,507271,Circumstantial Witness,False
7120,3495,524753,Expert Witness,False
7121,3495,523959,Eye Witness,False
7122,3495,504672,Circumstantial Witness,True
7123,3496,511091,Expert Witness,True
7124,3496,524798,Expert Witness,False
7125,3496,505721,Expert Witness,True
7126,3497,509475,Eye Witness,False
7127,3497,515019,Eye Witness,True
7128,3498,504801,Expert Witness,True
7129,3500,501814,Expert Witness,True
7130,3500,523683,Circumstantial Witness,False
7131,3500,504596,Circumstantial Witness,False
7132,3501,512544,Expert Witness,False
7133,3501,504191,Circumstantial Witness,True
7134,3501,509023,Eye Witness,False
7135,3502,502296,Eye Witness,False
7136,3503,506153,Circumstantial Witness,False
7137,3503,517547,Expert Witness,True
7138,3503,519611,Circumstantial Witness,False
7139,3503,507159,Eye Witness,False
7140,3504,510642,Expert Witness,False
7141,3504,503083,Eye Witness,True
7142,3505,508497,Circumstantial Witness,True
7143,3505,511203,Eye Witness,False
7144,3505,515702,Eye Witness,False
7145,3505,515556,Expert Witness,True
7146,3506,510228,Eye Witness,False
7147,3506,506361,Circumstantial Witness,False
7148,3506,508368,Eye Witness,True
7149,3507,503203,Circumstantial Witness,True
7150,3507,513914,Expert Witness,True
7151,3509,505512,Circumstantial Witness,False
7152,3509,509780,Eye Witness,True
7153,3509,505708,Eye Witness,False
7154,3509,504677,Circumstantial Witness,False
7155,3510,500144,Circumstantial Witness,False
7156,3510,524814,Circumstantial Witness,True
7157,3510,520901,Eye Witness,False
7158,3511,518331,Eye Witness,False
7159,3511,524898,Eye Witness,False
7160,3511,523586,Eye Witness,False
7161,3512,500768,Expert Witness,True
7162,3512,504293,Expert Witness,False
7163,3512,514263,Circumstantial Witness,True
7164,3513,506226,Circumstantial Witness,True
7165,3513,520865,Expert Witness,False
7166,3513,507125,Circumstantial Witness,True
7167,3513,507161,Circumstantial Witness,True
7168,3514,505834,Eye Witness,True
7169,3515,509867,Circumstantial Witness,True
7170,3515,523541,Expert Witness,False
7171,3515,504520,Expert Witness,True
7172,3516,503533,Eye Witness,True
7173,3517,521863,Expert Witness,True
7174,3517,512464,Expert Witness,False
7175,3517,508842,Expert Witness,False
7176,3517,521280,Eye Witness,False
7177,3518,500836,Eye Witness,False
7178,3518,520032,Expert Witness,True
7179,3518,503375,Circumstantial Witness,False
7180,3518,513634,Circumstantial Witness,False
7181,3520,514074,Eye Witness,True
7182,3522,517802,Circumstantial Witness,True
7183,3522,510835,Circumstantial Witness,True
7184,3522,522867,Eye Witness,False
7185,3522,520275,Eye Witness,False
7186,3525,505567,Eye Witness,False
7187,3525,514329,Eye Witness,False
7188,3525,512243,Circumstantial Witness,False
7189,3525,504235,Eye Witness,True
7190,3526,520212,Eye Witness,True
7191,3526,515549,Expert Witness,False
7192,3526,506667,Circumstantial Witness,True
7193,3528,523825,Eye Witness,True
7194,3528,521921,Eye Witness,False
7195,3529,505291,Eye Witness,True
7196,3530,504444,Expert Witness,False
7197,3530,513596,Circumstantial Witness,False
7198,3530,506645,Circumstantial Witness,True
7199,3531,520168,Circumstantial Witness,True
7200,3531,519023,Expert Witness,False
7201,3531,505989,Circumstantial Witness,False
7202,3533,503884,Expert Witness,False
7203,3533,516520,Circumstantial Witness,True
7204,3533,516935,Eye Witness,False
7205,3533,507355,Expert Witness,True
7206,3534,519044,Eye Witness,True
7207,3534,500150,Circumstantial Witness,False
7208,3534,509865,Circumstantial Witness,True
7209,3534,523718,Eye Witness,True
7210,3537,516002,Eye Witness,True
7211,3537,507790,Eye Witness,False
7212,3539,508499,Eye Witness,False
7213,3539,510320,Eye Witness,False
7214,3539,511672,Circumstantial Witness,False
7215,3539,504824,Circumstantial Witness,True
7216,3541,513670,Expert Witness,False
7217,3541,505060,Eye Witness,False
7218,3541,518533,Circumstantial Witness,False
7219,3541,517442,Circumstantial Witness,True
7220,3542,504359,Expert Witness,False
7221,3542,509814,Eye Witness,False
7222,3543,506264,Eye Witness,True
7223,3543,507469,Expert Witness,True
7224,3543,505286,Eye Witness,True
7225,3543,511480,Circumstantial Witness,True
7226,3544,503239,Expert Witness,False
7227,3545,509828,Eye Witness,True
7228,3546,508391,Expert Witness,False
7229,3546,504243,Circumstantial Witness,False
7230,3547,514223,Expert Witness,False
7231,3548,501507,Circumstantial Witness,False
7232,3549,520292,Expert Witness,True
7233,3549,515397,Eye Witness,True
7234,3549,522979,Eye Witness,True
7235,3550,523452,Circumstantial Witness,True
7236,3551,518982,Circumstantial Witness,False
7237,3551,516902,Circumstantial Witness,True
7238,3551,516636,Expert Witness,False
7239,3551,517345,Circumstantial Witness,True
7240,3552,517564,Eye Witness,True
7241,3552,516757,Eye Witness,False
7242,3552,514115,Expert Witness,False
7243,3553,505823,Circumstantial Witness,False
7244,3553,510795,Circumstantial Witness,True
7245,3555,514271,Expert Witness,False
7246,3555,521971,Eye Witness,True
7247,3556,516334,Circumstantial Witness,True
7248,3557,524504,Expert Witness,True
7249,3557,517102,Expert Witness,True
7250,3557,515081,Expert Witness,True
7251,3558,512752,Expert Witness,True
7252,3558,524963,Expert Witness,False
7253,3558,515779,Expert Witness,False
7254,3559,501259,Eye Witness,True
7255,3559,503429,Expert Witness,False
7256,3560,503791,Expert Witness,True
7257,3560,501119,Circumstantial Witness,False
7258,3561,509871,Eye Witness,True
7259,3561,514558,Circumstantial Witness,True
7260,3562,505209,Expert Witness,True
7261,3562,520510,Expert Witness,False
7262,3562,523201,Eye Witness,False
7263,3563,507767,Eye Witness,False
7264,3563,518900,Circumstantial Witness,False
7265,3563,505453,Eye Witness,True
7266,3563,521256,Circumstantial Witness,False
7267,3565,524873,Expert Witness,True
7268,3565,522835,Eye Witness,True
7269,3565,501749,Circumstantial Witness,True
7270,3565,500748,Circumstantial Witness,True
7271,3566,504999,Eye Witness,False
7272,3566,507424,Circumstantial Witness,False
7273,3566,522374,Circumstantial Witness,False
7274,3566,512908,Circumstantial Witness,True
7275,3569,500153,Circumstantial Witness,True
7276,3569,505238,Circumstantial Witness,False
7277,3569,510709,Expert Witness,False
7278,3569,511041,Eye Witness,True
7279,3570,509210,Expert Witness,True
7280,3570,510711,Eye Witness,True
7281,3572,514692,Eye Witness,True
7282,3572,510023,Expert Witness,True
7283,3573,516101,Circumstantial Witness,True
7284,3573,506263,Circumstantial Witness,False
7285,3574,505107,Circumstantial Witness,False
7286,3574,500836,Eye Witness,False
7287,3574,521234,Circumstantial Witness,True
7288,3576,520058,Expert Witness,True
7289,3576,518111,Eye Witness,False
7290,3577,509851,Expert Witness,False
7291,3579,515116,Eye Witness,True
7292,3579,518879,Eye Witness,True
7293,3579,503753,Eye Witness,False
7294,3580,500695,Circumstantial Witness,False
7295,3582,504104,Expert Witness,False
7296,3582,505502,Expert Witness,False
7297,3582,524703,Eye Witness,False
7298,3582,520062,Circumstantial Witness,True
7299,3583,501096,Circumstantial Witness,False
7300,3583,503162,Eye Witness,False
7301,3583,522899,Circumstantial Witness,False
7302,3583,508994,Circumstantial Witness,False
7303,3584,510431,Expert Witness,True
7304,3584,516410,Eye Witness,True
7305,3585,524255,Circumstantial Witness,True
7306,3585,518629,Eye Witness,True
7307,3585,523366,Eye Witness,True
7308,3585,501451,Eye Witness,False
7309,3586,521198,Eye Witness,True
7310,3587,515003,Eye Witness,True
7311,3588,514601,Eye Witness,False
7312,3588,504196,Eye Witness,True
7313,3588,524141,Expert Witness,False
7314,3588,503842,Eye Witness,False
7315,3589,520827,Expert Witness,False
7316,3590,524667,Eye Witness,True
7317,3592,504926,Circumstantial Witness,False
7318,3593,504520,Eye Witness,True
7319,3593,513962,Eye Witness,True
7320,3593,507759,Eye Witness,True
7321,3593,510594,Expert Witness,True
7322,3594,503724,Circumstantial Witness,True
7323,3594,513697,Circumstantial Witness,True
7324,3595,517988,Expert Witness,True
7325,3595,500354,Eye Witness,True
7326,3595,510105,Circumstantial Witness,False
7327,3595,505692,Circumstantial Witness,True
7328,3596,507685,Eye Witness,False
7329,3597,507007,Eye Witness,False
7330,3600,516786,Circumstantial Witness,False
7331,3601,500620,Eye Witness,True
7332,3602,507242,Circumstantial Witness,True
7333,3602,514457,Eye Witness,True
7334,3603,508613,Eye Witness,True
7335,3603,520264,Circumstantial Witness,True
7336,3603,508717,Eye Witness,True
7337,3604,500488,Circumstantial Witness,False
7338,3604,507483,Circumstantial Witness,True
7339,3604,522161,Eye Witness,True
7340,3605,507829,Circumstantial Witness,True
7341,3605,513134,Circumstantial Witness,True
7342,3605,510787,Circumstantial Witness,False
7343,3606,506740,Circumstantial Witness,False
7344,3606,523398,Eye Witness,True
7345,3606,509254,Eye Witness,False
7346,3607,504487,Expert Witness,False
7347,3607,516421,Circumstantial Witness,False
7348,3608,518974,Circumstantial Witness,True
7349,3608,509887,Eye Witness,True
7350,3608,521537,Circumstantial Witness,False
7351,3609,521625,Circumstantial Witness,False
7352,3609,505166,Eye Witness,False
7353,3609,516508,Expert Witness,False
7354,3609,514912,Expert Witness,True
7355,3610,517733,Circumstantial Witness,False
7356,3610,510292,Eye Witness,False
7357,3610,500803,Circumstantial Witness,False
7358,3611,516060,Eye Witness,False
7359,3611,518502,Expert Witness,False
7360,3611,507317,Circumstantial Witness,True
7361,3611,506793,Expert Witness,False
7362,3613,505392,Eye Witness,False
7363,3613,503454,Expert Witness,False
7364,3613,522444,Expert Witness,True
7365,3614,503140,Circumstantial Witness,False
7366,3615,517126,Expert Witness,False
7367,3615,517651,Circumstantial Witness,True
7368,3615,516007,Circumstantial Witness,False
7369,3616,518653,Circumstantial Witness,True
7370,3616,519783,Eye Witness,False
7371,3616,501543,Expert Witness,False
7372,3616,508820,Eye Witness,True
7373,3618,522084,Eye Witness,True
7374,3618,510086,Circumstantial Witness,False
7375,3619,515546,Expert Witness,False
7376,3619,505391,Eye Witness,False
7377,3620,516510,Eye Witness,True
7378,3620,509657,Circumstantial Witness,False
7379,3620,511968,Expert Witness,True
7380,3620,521310,Circumstantial Witness,False
7381,3621,514284,Circumstantial Witness,False
7382,3621,517086,Eye Witness,True
7383,3621,518548,Expert Witness,False
7384,3622,505062,Eye Witness,False
7385,3622,510384,Eye Witness,True
7386,3622,513010,Circumstantial Witness,True
7387,3622,507733,Eye Witness,True
7388,3623,524441,Eye Witness,False
7389,3623,515228,Circumstantial Witness,False
7390,3623,504212,Expert Witness,True
7391,3623,513717,Expert Witness,False
7392,3624,508271,Circumstantial Witness,True
7393,3625,517117,Circumstantial Witness,True
7394,3625,518564,Eye Witness,False
7395,3625,510321,Expert Witness,False
7396,3626,500477,Eye Witness,False
7397,3626,503455,Eye Witness,True
7398,3626,523169,Expert Witness,True
7399,3627,521622,Eye Witness,True
7400,3628,506441,Circumstantial Witness,True
7401,3629,514812,Circumstantial Witness,True
7402,3629,505895,Eye Witness,True
7403,3629,511247,Expert Witness,False
7404,3629,505183,Eye Witness,True
7405,3630,507922,Eye Witness,False
7406,3630,516812,Expert Witness,True
7407,3630,512140,Expert Witness,False
7408,3631,509461,Circumstantial Witness,True
7409,3632,507304,Eye Witness,False
7410,3632,524062,Circumstantial Witness,False
7411,3633,511501,Eye Witness,False
7412,3633,509320,Circumstantial Witness,True
7413,3633,508344,Circumstantial Witness,True
7414,3634,519753,Circumstantial Witness,False
7415,3634,500956,Eye Witness,False
7416,3634,520594,Circumstantial Witness,False
7417,3635,502397,Eye Witness,True
7418,3635,517688,Expert Witness,True
7419,3635,506605,Eye Witness,True
7420,3635,517443,Expert Witness,True
7421,3636,524901,Circumstantial Witness,False
7422,3636,519025,Expert Witness,False
7423,3636,506858,Expert Witness,True
7424,3636,500528,Circumstantial Witness,True
7425,3637,523212,Circumstantial Witness,False
7426,3637,518699,Eye Witness,True
7427,3637,503062,Circumstantial Witness,False
7428,3637,508100,Eye Witness,True
7429,3638,500501,Expert Witness,True
7430,3638,524949,Circumstantial Witness,True
7431,3638,507734,Expert Witness,True
7432,3639,502774,Expert Witness,False
7433,3640,501813,Circumstantial Witness,False
7434,3640,504032,Circumstantial Witness,True
7435,3641,513528,Circumstantial Witness,False
7436,3641,515823,Expert Witness,False
7437,3642,509986,Circumstantial Witness,False
7438,3642,521414,Circumstantial Witness,True
7439,3645,522749,Circumstantial Witness,False
7440,3645,505670,Expert Witness,True
7441,3646,512895,Circumstantial Witness,False
7442,3646,509681,Eye Witness,True
7443,3646,504625,Circumstantial Witness,True
7444,3646,514260,Circumstantial Witness,False
7445,3647,508731,Eye Witness,True
7446,3647,517654,Expert Witness,True
7447,3647,511471,Eye Witness,False
7448,3647,512028,Circumstantial Witness,False
7449,3649,520654,Circumstantial Witness,False
7450,3649,505624,Eye Witness,True
7451,3650,511603,Circumstantial Witness,True
7452,3651,511930,Circumstantial Witness,True
7453,3652,524075,Expert Witness,True
7454,3653,509155,Circumstantial Witness,True
7455,3654,506975,Eye Witness,True
7456,3654,521193,Expert Witness,True
7457,3656,502187,Circumstantial Witness,True
7458,3656,517493,Circumstantial Witness,True
7459,3656,521840,Expert Witness,False
7460,3656,507290,Eye Witness,True
7461,3657,511411,Expert Witness,True
7462,3657,507551,Circumstantial Witness,False
7463,3659,509942,Circumstantial Witness,False
7464,3659,522595,Eye Witness,True
7465,3659,505754,Expert Witness,False
7466,3660,514701,Circumstantial Witness,False
7467,3661,510837,Expert Witness,True
7468,3661,514063,Expert Witness,False
7469,3664,516167,Eye Witness,True
7470,3665,524465,Circumstantial Witness,False
7471,3665,509234,Eye Witness,False
7472,3665,521058,Eye Witness,True
7473,3666,518207,Expert Witness,True
7474,3666,512035,Eye Witness,True
7475,3666,502040,Expert Witness,False
7476,3666,505469,Circumstantial Witness,False
7477,3667,505077,Expert Witness,False
7478,3667,512111,Circumstantial Witness,False
7479,3667,511228,Eye Witness,True
7480,3667,508694,Expert Witness,False
7481,3670,506797,Expert Witness,True
7482,3670,516914,Eye Witness,False
7483,3670,524258,Circumstantial Witness,False
7484,3670,511422,Circumstantial Witness,False
7485,3671,514378,Circumstantial Witness,True
7486,3672,508660,Circumstantial Witness,False
7487,3672,502595,Expert Witness,True
7488,3673,506528,Eye Witness,False
7489,3675,511019,Expert Witness,True
7490,3676,518634,Circumstantial Witness,False
7491,3677,510842,Circumstantial Witness,False
7492,3677,513466,Eye Witness,True
7493,3678,517514,Circumstantial Witness,True
7494,3679,509038,Expert Witness,True
7495,3680,513138,Circumstantial Witness,False
7496,3680,506578,Expert Witness,True
7497,3681,506142,Eye Witness,True
7498,3681,507242,Circumstantial Witness,False
7499,3682,515792,Expert Witness,True
7500,3682,508282,Circumstantial Witness,False
7501,3683,522535,Expert Witness,True
7502,3684,513365,Expert Witness,True
7503,3684,509610,Circumstantial Witness,False
7504,3684,516709,Expert Witness,False
7505,3686,518929,Circumstantial Witness,False
7506,3686,520622,Eye Witness,True
7507,3689,519201,Eye Witness,True
7508,3689,519541,Eye Witness,False
7509,3690,516776,Circumstantial Witness,True
7510,3691,512312,Circumstantial Witness,True
7511,3692,509956,Eye Witness,False
7512,3692,505133,Eye Witness,False
7513,3693,502099,Expert Witness,False
7514,3693,514135,Circumstantial Witness,False
7515,3694,510240,Eye Witness,False
7516,3694,509231,Expert Witness,True
7517,3694,510896,Eye Witness,False
7518,3694,514523,Circumstantial Witness,False
7519,3695,503708,Expert Witness,False
7520,3696,516181,Circumstantial Witness,True
7521,3697,518280,Expert Witness,True
7522,3698,518751,Expert Witness,True
7523,3698,511468,Eye Witness,False
7524,3699,523235,Eye Witness,True
7525,3699,500065,Circumstantial Witness,False
7526,3699,518992,Eye Witness,False
7527,3699,502398,Circumstantial Witness,True
7528,3700,510799,Circumstantial Witness,True
7529,3700,513753,Circumstantial Witness,False
7530,3700,520278,Circumstantial Witness,True
7531,3700,517020,Circumstantial Witness,True
7532,3701,513497,Eye Witness,False
7533,3701,508838,Expert Witness,True
7534,3701,507858,Eye Witness,True
7535,3702,518993,Expert Witness,False
7536,3702,506743,Circumstantial Witness,True
7537,3702,520131,Expert Witness,True
7538,3703,512100,Circumstantial Witness,True
7539,3704,502858,Circumstantial Witness,False
7540,3704,509017,Eye Witness,False
7541,3705,520967,Circumstantial Witness,True
7542,3706,524622,Eye Witness,True
7543,3706,523621,Circumstantial Witness,True
7544,3706,500912,Expert Witness,False
7545,3706,521104,Circumstantial Witness,True
7546,3708,511416,Eye Witness,False
7547,3708,523783,Circumstantial Witness,True
7548,3708,510174,Circumstantial Witness,True
7549,3709,519258,Expert Witness,False
7550,3709,522891,Circumstantial Witness,False
7551,3709,503794,Expert Witness,False
7552,3710,519097,Eye Witness,False
7553,3710,510199,Eye Witness,True
7554,3710,502761,Circumstantial Witness,False
7555,3710,517420,Expert Witness,False
7556,3712,503491,Circumstantial Witness,True
7557,3712,502856,Circumstantial Witness,True
7558,3712,517882,Eye Witness,False
7559,3713,501563,Eye Witness,False
7560,3713,521920,Expert Witness,False
7561,3713,521999,Expert Witness,True
7562,3714,512969,Eye Witness,True
7563,3714,520282,Expert Witness,False
7564,3714,516360,Eye Witness,True
7565,3714,501606,Circumstantial Witness,True
7566,3715,514924,Circumstantial Witness,True
7567,3715,516569,Circumstantial Witness,False
7568,3716,521451,Eye Witness,False
7569,3717,513242,Eye Witness,True
7570,3718,524476,Eye Witness,False
7571,3719,522055,Expert Witness,True
7572,3719,507164,Eye Witness,True
7573,3719,504361,Circumstantial Witness,True
7574,3719,521294,Eye Witness,False
7575,3720,508578,Expert Witness,False
7576,3720,501411,Circumstantial Witness,False
7577,3720,504727,Expert Witness,False
7578,3722,521374,Circumstantial Witness,True
7579,3722,512228,Expert Witness,False
7580,3722,520162,Eye Witness,True
7581,3722,500189,Eye Witness,False
7582,3725,519884,Circumstantial Witness,False
7583,3725,517827,Eye Witness,False
7584,3725,511021,Expert Witness,False
7585,3725,507076,Eye Witness,False
7586,3726,514421,Eye Witness,False
7587,3726,520847,Expert Witness,True
7588,3726,522030,Circumstantial Witness,True
7589,3726,518462,Circumstantial Witness,True
7590,3728,514191,Eye Witness,False
7591,3728,519984,Eye Witness,False
7592,3728,520491,Eye Witness,False
7593,3728,521559,Eye Witness,False
7594,3729,504082,Circumstantial Witness,False
7595,3730,511477,Circumstantial Witness,False
7596,3730,516548,Circumstantial Witness,False
7597,3730,511514,Expert Witness,False
7598,3731,501813,Expert Witness,False
7599,3732,518492,Eye Witness,True
7600,3732,519400,Circumstantial Witness,True
7601,3732,520536,Expert Witness,True
7602,3732,504810,Eye Witness,False
7603,3733,505032,Circumstantial Witness,True
7604,3733,508349,Eye Witness,True
7605,3737,502655,Expert Witness,True
7606,3737,522224,Circumstantial Witness,True
7607,3739,500156,Eye Witness,True
7608,3739,520559,Circumstantial Witness,False
7609,3739,514802,Eye Witness,False
7610,3740,520987,Circumstantial Witness,True
7611,3740,519864,Eye Witness,False
7612,3740,508874,Eye Witness,True
7613,3740,515793,Eye Witness,True
7614,3741,502620,Expert Witness,False
7615,3741,502379,Expert Witness,True
7616,3741,524311,Eye Witness,False
7617,3741,509535,Eye Witness,True
7618,3742,502106,Eye Witness,True
7619,3743,503581,Circumstantial Witness,False
7620,3743,520798,Circumstantial Witness,True
7621,3743,506772,Expert Witness,False
7622,3744,507231,Expert Witness,False
7623,3744,514326,Expert Witness,True
7624,3744,513084,Circumstantial Witness,False
7625,3745,504104,Expert Witness,False
7626,3745,522423,Expert Witness,True
7627,3745,513294,Expert Witness,True
7628,3745,507889,Circumstantial Witness,False
7629,3746,519531,Circumstantial Witness,False
7630,3746,508225,Expert Witness,False
7631,3747,501874,Circumstantial Witness,False
7632,3747,508184,Expert Witness,False
7633,3749,505736,Circumstantial Witness,False
7634,3749,511632,Eye Witness,True
7635,3751,514605,Circumstantial Witness,True
7636,3751,516732,Expert Witness,False
7637,3751,523710,Eye Witness,False
7638,3751,521402,Circumstantial Witness,False
7639,3752,513219,Expert Witness,False
7640,3752,517550,Expert Witness,False
7641,3752,522085,Circumstantial Witness,True
7642,3753,517133,Expert Witness,True
7643,3753,510332,Circumstantial Witness,False
7644,3754,505935,Eye Witness,False
7645,3754,518218,Circumstantial Witness,False
7646,3756,506705,Eye Witness,True
7647,3756,509532,Eye Witness,False
7648,3758,516477,Expert Witness,False
7649,3758,508422,Eye Witness,True
7650,3758,520987,Circumstantial Witness,False
7651,3758,520429,Eye Witness,False
7652,3759,514293,Expert Witness,False
7653,3759,500358,Circumstantial Witness,False
7654,3760,516001,Circumstantial Witness,True
7655,3760,506831,Eye Witness,False
7656,3762,519028,Circumstantial Witness,False
7657,3762,516117,Expert Witness,False
7658,3762,500302,Circumstantial Witness,False
7659,3763,511028,Expert Witness,False
7660,3763,520745,Circumstantial Witness,True
7661,3763,502854,Expert Witness,True
7662,3764,505367,Eye Witness,False
7663,3764,514966,Eye Witness,True
7664,3767,501931,Eye Witness,False
7665,3768,500225,Expert Witness,True
7666,3769,504707,Eye Witness,False
7667,3770,509297,Circumstantial Witness,True
7668,3773,515581,Expert Witness,False
7669,3777,511456,Circumstantial Witness,False
7670,3777,508332,Eye Witness,False
7671,3777,507584,Eye Witness,False
7672,3778,511654,Eye Witness,True
7673,3778,509642,Expert Witness,False
7674,3781,511940,Circumstantial Witness,False
7675,3781,512726,Expert Witness,False
7676,3781,517283,Eye Witness,False
7677,3782,521832,Circumstantial Witness,False
7678,3782,524364,Circumstantial Witness,True
7679,3782,515855,Circumstantial Witness,True
7680,3782,516211,Circumstantial Witness,True
7681,3783,514649,Circumstantial Witness,False
7682,3783,506882,Expert Witness,False
7683,3783,500365,Eye Witness,True
7684,3784,507217,Eye Witness,False
7685,3785,500059,Circumstantial Witness,False
7686,3785,524586,Circumstantial Witness,True
7687,3785,508814,Circumstantial Witness,False
7688,3787,521481,Expert Witness,True
7689,3787,503159,Circumstantial Witness,False
7690,3787,507630,Circumstantial Witness,False
7691,3787,519664,Expert Witness,True
7692,3788,500677,Circumstantial Witness,False
7693,3789,509732,Circumstantial Witness,False
7694,3790,514693,Circumstantial Witness,True
7695,3790,503450,Expert Witness,True
7696,3790,519675,Circumstantial Witness,True
7697,3790,510613,Expert Witness,True
7698,3791,502768,Eye Witness,False
7699,3791,501195,Circumstantial Witness,True
7700,3791,511097,Expert Witness,True
7701,3792,505276,Expert Witness,True
7702,3792,518372,Circumstantial Witness,True
7703,3792,517350,Eye Witness,False
7704,3792,506799,Expert Witness,True
7705,3794,507860,Eye Witness,False
7706,3794,503840,Expert Witness,True
7707,3794,515138,Eye Witness,True
7708,3794,515977,Eye Witness,False
7709,3795,503591,Expert Witness,False
7710,3795,501835,Eye Witness,True
7711,3796,512265,Circumstantial Witness,True
7712,3796,511404,Circumstantial Witness,True
7713,3796,516223,Expert Witness,True
7714,3796,501926,Expert Witness,False
7715,3797,519889,Eye Witness,False
7716,3797,523540,Expert Witness,True
7717,3797,518096,Eye Witness,False
7718,3798,522346,Circumstantial Witness,True
7719,3798,504780,Expert Witness,False
7720,3798,515657,Circumstantial Witness,True
7721,3799,501915,Circumstantial Witness,True
7722,3799,500614,Expert Witness,True
7723,3799,506228,Circumstantial Witness,False
7724,3801,512392,Expert Witness,True
7725,3802,501273,Expert Witness,False
7726,3802,523801,Circumstantial Witness,False
7727,3803,517994,Eye Witness,True
7728,3803,521997,Eye Witness,False
7729,3803,519553,Eye Witness,False
7730,3804,518912,Expert Witness,True
7731,3804,501123,Eye Witness,True
7732,3804,510157,Eye Witness,True
7733,3804,517909,Eye Witness,True
7734,3805,507537,Circumstantial Witness,False
7735,3805,516986,Expert Witness,False
7736,3805,505110,Expert Witness,False
7737,3805,505272,Eye Witness,True
7738,3807,507262,Eye Witness,False
7739,3807,515946,Eye Witness,False
7740,3807,520764,Circumstantial Witness,True
7741,3807,504010,Circumstantial Witness,False
7742,3808,517603,Eye Witness,True
7743,3809,501528,Eye Witness,True
7744,3809,522862,Expert Witness,True
7745,3809,512362,Eye Witness,True
7746,3809,505053,Eye Witness,False
7747,3811,512091,Expert Witness,True
7748,3812,512274,Eye Witness,False
7749,3812,518959,Expert Witness,True
7750,3814,518162,Circumstantial Witness,True
7751,3814,519707,Expert Witness,True
7752,3814,501860,Circumstantial Witness,False
7753,3814,501202,Eye Witness,True
7754,3815,502220,Eye Witness,True
7755,3816,502737,Circumstantial Witness,True
7756,3817,506421,Expert Witness,True
7757,3817,513121,Circumstantial Witness,True
7758,3818,505073,Eye Witness,True
7759,3818,504134,Circumstantial Witness,False
7760,3818,516502,Eye Witness,True
7761,3819,503575,Circumstantial Witness,True
7762,3819,502700,Expert Witness,False
7763,3820,520883,Expert Witness,False
7764,3820,511427,Expert Witness,True
7765,3821,511369,Eye Witness,True
7766,3822,523136,Circumstantial Witness,True
7767,3823,519949,Eye Witness,True
7768,3824,511175,Eye Witness,True
7769,3824,515007,Circumstantial Witness,True
7770,3824,500094,Expert Witness,False
7771,3824,513072,Eye Witness,True
7772,3825,515883,Circumstantial Witness,True
7773,3825,507897,Eye Witness,False
7774,3825,509259,Expert Witness,True
7775,3825,502135,Expert Witness,False
7776,3826,517529,Circumstantial Witness,False
7777,3826,523645,Eye Witness,False
7778,3826,516726,Eye Witness,True
7779,3826,504827,Expert Witness,True
7780,3827,522414,Eye Witness,True
7781,3827,521778,Expert Witness,False
7782,3827,510075,Circumstantial Witness,False
7783,3828,523870,Expert Witness,False
7784,3828,516758,Expert Witness,False
7785,3829,509616,Eye Witness,True
7786,3829,502155,Circumstantial Witness,True
7787,3829,523794,Eye Witness,False
7788,3829,502825,Circumstantial Witness,False
7789,3830,508288,Circumstantial Witness,True
7790,3830,504074,Circumstantial Witness,False
7791,3830,508074,Circumstantial Witness,False
7792,3830,508187,Circumstantial Witness,True
7793,3831,508226,Circumstantial Witness,True
7794,3832,503281,Circumstantial Witness,True
7795,3832,511018,Eye Witness,True
7796,3833,502314,Circumstantial Witness,True
7797,3833,518358,Eye Witness,False
7798,3833,522646,Circumstantial Witness,False
7799,3834,519077,Eye Witness,True
7800,3836,515028,Circumstantial Witness,False
7801,3837,508751,Circumstantial Witness,False
7802,3837,510530,Circumstantial Witness,False
7803,3837,505968,Expert Witness,True
7804,3840,510006,Expert Witness,False
7805,3841,514690,Circumstantial Witness,True
7806,3841,501118,Expert Witness,False
7807,3841,514686,Eye Witness,False
7808,3843,505292,Expert Witness,False
7809,3843,513643,Circumstantial Witness,True
7810,3844,522035,Eye Witness,True
7811,3848,513261,Eye Witness,False
7812,3848,516470,Eye Witness,True
7813,3848,501383,Eye Witness,False
7814,3848,517153,Circumstantial Witness,False
7815,3849,504120,Circumstantial Witness,False
7816,3849,512824,Circumstantial Witness,True
7817,3849,501937,Circumstantial Witness,True
7818,3850,520623,Circumstantial Witness,True
7819,3850,510620,Eye Witness,False
7820,3850,514566,Eye Witness,True
7821,3850,524679,Circumstantial Witness,True
7822,3852,508594,Expert Witness,False
7823,3853,511178,Circumstantial Witness,True
7824,3853,509358,Expert Witness,False
7825,3853,522650,Expert Witness,True
7826,3853,502240,Eye Witness,False
7827,3855,513542,Expert Witness,False
7828,3855,514130,Circumstantial Witness,True
7829,3855,511045,Expert Witness,False
7830,3855,500662,Expert Witness,False
7831,3856,516477,Circumstantial Witness,True
7832,3856,506389,Eye Witness,True
7833,3856,506614,Eye Witness,True
7834,3858,523304,Eye Witness,False
7835,3858,517637,Eye Witness,False
7836,3858,519002,Eye Witness,True
7837,3860,519248,Expert Witness,False
7838,3860,515259,Expert Witness,False
7839,3861,503807,Eye Witness,True
7840,3861,503657,Circumstantial Witness,False
7841,3861,502687,Expert Witness,True
7842,3861,512307,Expert Witness,False
7843,3862,511226,Eye Witness,False
7844,3862,507686,Expert Witness,True
7845,3863,510784,Expert Witness,True
7846,3863,519343,Expert Witness,True
7847,3863,518556,Eye Witness,False
7848,3863,519334,Circumstantial Witness,True
7849,3864,509326,Eye Witness,True
7850,3865,524310,Expert Witness,False
7851,3868,508347,Expert Witness,True
7852,3869,511824,Expert Witness,False
7853,3869,505205,Expert Witness,True
7854,3870,503197,Circumstantial Witness,False
7855,3871,503210,Expert Witness,False
7856,3871,521932,Circumstantial Witness,False
7857,3871,523456,Circumstantial Witness,True
7858,3872,505472,Eye Witness,True
7859,3872,505177,Eye Witness,False
7860,3872,503484,Circumstantial Witness,False
7861,3873,522567,Circumstantial Witness,False
7862,3873,505716,Eye Witness,False
7863,3873,502344,Eye Witness,False
7864,3874,506593,Eye Witness,True
7865,3874,509446,Eye Witness,True
7866,3875,504479,Circumstantial Witness,False
7867,3875,517986,Circumstantial Witness,False
7868,3876,518472,Expert Witness,True
7869,3876,511214,Eye Witness,True
7870,3876,508820,Circumstantial Witness,True
7871,3876,500535,Circumstantial Witness,True
7872,3877,517839,Expert Witness,True
7873,3877,516523,Expert Witness,False
7874,3878,506216,Eye Witness,False
7875,3878,524906,Expert Witness,False
7876,3878,524909,Circumstantial Witness,True
7877,3879,505814,Circumstantial Witness,True
7878,3879,512833,Circumstantial Witness,True
7879,3879,508709,Expert Witness,True
7880,3880,510347,Circumstantial Witness,False
7881,3880,519366,Expert Witness,True
7882,3881,512197,Expert Witness,False
7883,3881,507306,Expert Witness,False
7884,3881,506876,Expert Witness,False
7885,3881,505436,Circumstantial Witness,False
7886,3882,522839,Circumstantial Witness,True
7887,3882,506025,Expert Witness,False
7888,3882,507523,Expert Witness,True
7889,3883,509483,Eye Witness,True
7890,3883,509413,Eye Witness,False
7891,3885,522291,Eye Witness,False
7892,3885,519426,Eye Witness,True
7893,3885,508494,Expert Witness,False
7894,3885,505764,Circumstantial Witness,False
7895,3886,502720,Eye Witness,True
7896,3887,515423,Expert Witness,False
7897,3887,511578,Circumstantial Witness,False
7898,3887,509146,Expert Witness,False
7899,3888,510541,Expert Witness,False
7900,3888,500913,Eye Witness,False
7901,3888,521868,Eye Witness,False
7902,3889,509928,Eye Witness,True
7903,3889,501807,Expert Witness,True
7904,3889,518765,Eye Witness,False
7905,3891,506505,Expert Witness,True
7906,3891,503968,Expert Witness,True
7907,3892,506601,Circumstantial Witness,False
7908,3893,502360,Circumstantial Witness,True
7909,3893,518472,Circumstantial Witness,True
7910,3893,508290,Expert Witness,False
7911,3894,503812,Eye Witness,True
7912,3894,511670,Eye Witness,True
7913,3894,514894,Eye Witness,True
7914,3894,523261,Circumstantial Witness,True
7915,3895,517944,Eye Witness,True
7916,3897,518294,Circumstantial Witness,False
7917,3898,521219,Expert Witness,False
7918,3898,522886,Circumstantial Witness,True
7919,3898,507514,Expert Witness,False
7920,3898,516966,Circumstantial Witness,True
7921,3900,508757,Circumstantial Witness,True
7922,3900,503264,Expert Witness,True
7923,3901,518194,Circumstantial Witness,False
7924,3901,518191,Eye Witness,True
7925,3901,507803,Expert Witness,True
7926,3902,500863,Circumstantial Witness,False
7927,3902,514338,Expert Witness,False
7928,3902,505367,Expert Witness,True
7929,3902,516349,Expert Witness,False
7930,3903,503952,Eye Witness,True
7931,3903,515309,Expert Witness,True
7932,3903,516368,Expert Witness,True
7933,3904,524731,Eye Witness,True
7934,3904,523608,Circumstantial Witness,False
7935,3904,513298,Expert Witness,True
7936,3904,523592,Expert Witness,True
7937,3906,505516,Eye Witness,False
7938,3907,503557,Eye Witness,False
7939,3908,502307,Expert Witness,False
7940,3908,519755,Circumstantial Witness,False
7941,3908,506905,Expert Witness,True
7942,3908,516491,Circumstantial Witness,False
7943,3909,509851,Expert Witness,True
7944,3909,518280,Expert Witness,True
7945,3909,520758,Expert Witness,False
7946,3910,521794,Expert Witness,True
7947,3911,507892,Eye Witness,False
7948,3911,514368,Circumstantial Witness,False
7949,3911,508349,Expert Witness,True
7950,3913,519661,Eye Witness,True
7951,3913,506538,Expert Witness,True
7952,3913,518912,Expert Witness,True
7953,3914,514610,Circumstantial Witness,False
7954,3915,506506,Expert Witness,True
7955,3915,522613,Circumstantial Witness,False
7956,3915,510863,Eye Witness,False
7957,3917,513673,Eye Witness,True
7958,3917,522450,Eye Witness,True
7959,3917,508734,Expert Witness,False
7960,3918,503466,Circumstantial Witness,False
7961,3919,501562,Eye Witness,False
7962,3919,501537,Expert Witness,False
7963,3920,504715,Expert Witness,False
7964,3920,507657,Eye Witness,False
7965,3920,513188,Circumstantial Witness,False
7966,3921,521791,Circumstantial Witness,True
7967,3921,501537,Expert Witness,False
7968,3921,514038,Circumstantial Witness,False
7969,3921,506344,Circumstantial Witness,False
7970,3922,500835,Circumstantial Witness,False
7971,3922,505559,Circumstantial Witness,True
7972,3923,520503,Circumstantial Witness,False
7973,3923,506909,Eye Witness,False
7974,3924,515032,Expert Witness,False
7975,3924,505590,Circumstantial Witness,False
7976,3924,522480,Eye Witness,False
7977,3925,514731,Eye Witness,False
7978,3925,504438,Expert Witness,False
7979,3925,506877,Circumstantial Witness,False
7980,3925,522205,Circumstantial Witness,True
7981,3926,515730,Eye Witness,True
7982,3926,523704,Expert Witness,False
7983,3927,507526,Eye Witness,False
7984,3928,506509,Expert Witness,False
7985,3928,500486,Circumstantial Witness,False
7986,3929,502111,Circumstantial Witness,True
7987,3929,513022,Circumstantial Witness,False
7988,3929,512998,Circumstantial Witness,False
7989,3929,524459,Eye Witness,True
7990,3930,509579,Expert Witness,False
7991,3930,519902,Eye Witness,True
7992,3931,500438,Expert Witness,False
7993,3933,521806,Eye Witness,True
7994,3933,520542,Expert Witness,False
7995,3933,506016,Circumstantial Witness,True
7996,3934,523055,Circumstantial Witness,False
7997,3935,517569,Eye Witness,False
7998,3935,524780,Expert Witness,True
7999,3935,515510,Expert Witness,False
8000,3935,501273,Eye Witness,True
8001,3936,503923,Circumstantial Witness,False
8002,3936,520075,Circumstantial Witness,False
8003,3937,519041,Eye Witness,True
8004,3937,501303,Expert Witness,True
8005,3937,511846,Circumstantial Witness,True
8006,3937,523437,Expert Witness,False
8007,3938,519931,Circumstantial Witness,True
8008,3938,505303,Expert Witness,False
8009,3939,508954,Expert Witness,True
8010,3939,508527,Eye Witness,False
8011,3939,519271,Circumstantial Witness,True
8012,3940,520534,Circumstantial Witness,False
8013,3940,501971,Expert Witness,True
8014,3940,500536,Circumstantial Witness,True
8015,3940,521438,Expert Witness,False
8016,3941,519681,Circumstantial Witness,True
8017,3942,516771,Eye Witness,True
8018,3942,507876,Expert Witness,False
8019,3942,513197,Expert Witness,True
8020,3944,515117,Expert Witness,False
8021,3944,511650,Expert Witness,True
8022,3944,514573,Expert Witness,True
8023,3944,508885,Eye Witness,False
8024,3945,524199,Eye Witness,True
8025,3945,519331,Expert Witness,False
8026,3945,501494,Circumstantial Witness,True
8027,3945,523343,Expert Witness,True
8028,3946,505120,Expert Witness,False
8029,3946,517144,Expert Witness,False
8030,3946,517390,Eye Witness,False
8031,3946,511124,Circumstantial Witness,False
8032,3947,518952,Eye Witness,False
8033,3947,513613,Eye Witness,True
8034,3947,501383,Eye Witness,False
8035,3948,516328,Eye Witness,False
8036,3948,512788,Expert Witness,True
8037,3948,519259,Eye Witness,True
8038,3949,520685,Circumstantial Witness,False
8039,3949,518626,Eye Witness,False
8040,3950,500371,Eye Witness,True
8041,3950,521977,Eye Witness,True
8042,3950,520403,Eye Witness,True
8043,3950,505325,Expert Witness,True
8044,3952,505149,Expert Witness,False
8045,3952,502037,Eye Witness,False
8046,3952,501153,Circumstantial Witness,False
8047,3953,521814,Circumstantial Witness,True
8048,3953,509196,Eye Witness,True
8049,3953,510627,Circumstantial Witness,True
8050,3954,508148,Expert Witness,True
8051,3954,506638,Expert Witness,True
8052,3956,512943,Expert Witness,False
8053,3957,506379,Expert Witness,True
8054,3958,507213,Circumstantial Witness,False
8055,3958,504099,Eye Witness,True
8056,3958,505141,Expert Witness,True
8057,3959,507220,Eye Witness,True
8058,3960,522147,Expert Witness,True
8059,3961,521053,Expert Witness,True
8060,3962,510538,Circumstantial Witness,True
8061,3962,510509,Expert Witness,False
8062,3964,520017,Eye Witness,True
8063,3964,518660,Circumstantial Witness,False
8064,3964,511511,Circumstantial Witness,True
8065,3967,519671,Expert Witness,True
8066,3967,521647,Expert Witness,False
8067,3967,500810,Expert Witness,True
8068,3968,510146,Expert Witness,True
8069,3968,517911,Circumstantial Witness,False
8070,3968,522026,Eye Witness,True
8071,3969,518188,Circumstantial Witness,False
8072,3969,516669,Eye Witness,True
8073,3971,504037,Expert Witness,False
8074,3972,505913,Expert Witness,False
8075,3972,503944,Expert Witness,False
8076,3972,513851,Circumstantial Witness,True
8077,3972,502327,Expert Witness,True
8078,3973,519165,Expert Witness,False
8079,3973,501294,Expert Witness,False
8080,3974,501556,Circumstantial Witness,False
8081,3974,511256,Expert Witness,True
8082,3975,509299,Circumstantial Witness,True
8083,3975,510552,Circumstantial Witness,False
8084,3975,522152,Expert Witness,True
8085,3976,523993,Expert Witness,True
8086,3976,514672,Expert Witness,True
8087,3976,522404,Expert Witness,False
8088,3976,510471,Eye Witness,False
8089,3977,500899,Expert Witness,True
8090,3977,507948,Circumstantial Witness,True
8091,3977,521993,Expert Witness,False
8092,3978,504581,Expert Witness,False
8093,3979,516089,Expert Witness,False
8094,3979,512701,Eye Witness,False
8095,3979,518317,Expert Witness,True
8096,3979,522864,Circumstantial Witness,True
8097,3980,503731,Eye Witness,False
8098,3980,519091,Circumstantial Witness,False
8099,3981,515909,Expert Witness,True
8100,3981,521624,Circumstantial Witness,False
8101,3981,511315,Circumstantial Witness,False
8102,3982,503003,Eye Witness,True
8103,3982,517723,Expert Witness,False
8104,3982,522006,Eye Witness,False
8105,3982,509208,Expert Witness,True
8106,3983,515257,Eye Witness,False
8107,3986,509181,Eye Witness,True
8108,3986,502467,Circumstantial Witness,False
8109,3987,505963,Eye Witness,True
8110,3987,519332,Expert Witness,True
8111,3987,517073,Circumstantial Witness,True
8112,3987,509074,Circumstantial Witness,False
8113,3990,500543,Expert Witness,False
8114,3992,520259,Expert Witness,True
8115,3993,509221,Expert Witness,False
8116,3993,521012,Eye Witness,False
8117,3993,523160,Eye Witness,False
8118,3994,516223,Eye Witness,True
8119,3995,524121,Circumstantial Witness,True
8120,3999,519359,Eye Witness,False
8121,4000,514592,Circumstantial Witness,True
8122,4000,506262,Eye Witness,True
8123,4001,507570,Eye Witness,True
8124,4001,514158,Expert Witness,False
8125,4002,510892,Eye Witness,False
8126,4002,524544,Circumstantial Witness,False
8127,4004,513466,Circumstantial Witness,True
8128,4004,500578,Expert Witness,False
8129,4004,512963,Expert Witness,True
8130,4005,504760,Expert Witness,False
8131,4008,503445,Expert Witness,False
8132,4008,524434,Circumstantial Witness,True
8133,4008,522778,Circumstantial Witness,False
8134,4009,506072,Circumstantial Witness,False
8135,4009,523192,Eye Witness,False
8136,4009,504986,Expert Witness,False
8137,4010,517182,Circumstantial Witness,False
8138,4010,504744,Expert Witness,False
8139,4010,517395,Circumstantial Witness,True
8140,4010,500335,Expert Witness,False
8141,4012,513283,Expert Witness,True
8142,4012,501338,Expert Witness,True
8143,4012,517856,Expert Witness,False
8144,4013,509734,Eye Witness,True
8145,4013,516320,Circumstantial Witness,False
8146,4015,508228,Expert Witness,False
8147,4015,522503,Eye Witness,True
8148,4015,506137,Eye Witness,False
8149,4016,515053,Circumstantial Witness,True
8150,4016,509369,Eye Witness,True
8151,4016,506402,Eye Witness,False
8152,4019,500684,Circumstantial Witness,False
8153,4020,515515,Expert Witness,False
8154,4020,508360,Eye Witness,True
8155,4021,517554,Eye Witness,True
8156,4021,509938,Eye Witness,False
8157,4021,508350,Eye Witness,True
8158,4022,517553,Expert Witness,False
8159,4023,506055,Circumstantial Witness,False
8160,4023,523774,Circumstantial Witness,False
8161,4024,522068,Expert Witness,True
8162,4024,520729,Expert Witness,False
8163,4025,502090,Eye Witness,True
8164,4026,520802,Circumstantial Witness,False
8165,4029,511784,Eye Witness,False
8166,4029,500328,Circumstantial Witness,False
8167,4029,520182,Circumstantial Witness,False
8168,4029,508963,Expert Witness,False
8169,4030,522921,Eye Witness,True
8170,4030,503991,Circumstantial Witness,False
8171,4030,513869,Eye Witness,True
8172,4030,517188,Eye Witness,False
8173,4032,511493,Expert Witness,True
8174,4032,503482,Circumstantial Witness,False
8175,4033,519847,Expert Witness,False
8176,4033,519760,Circumstantial Witness,True
8177,4033,511877,Expert Witness,True
8178,4033,502990,Circumstantial Witness,True
8179,4034,509582,Circumstantial Witness,True
8180,4034,504739,Expert Witness,False
8181,4034,508206,Circumstantial Witness,False
8182,4034,516123,Eye Witness,True
8183,4035,508175,Eye Witness,True
8184,4035,502428,Expert Witness,False
8185,4035,503827,Eye Witness,False
8186,4037,511506,Expert Witness,False
8187,4037,500153,Expert Witness,True
8188,4037,501895,Expert Witness,True
8189,4038,502573,Eye Witness,False
8190,4039,515171,Eye Witness,True
8191,4039,502928,Circumstantial Witness,True
8192,4039,507195,Expert Witness,True
8193,4040,519541,Eye Witness,True
8194,4040,521220,Expert Witness,False
8195,4040,515446,Expert Witness,False
8196,4041,503964,Circumstantial Witness,True
8197,4041,508991,Expert Witness,True
8198,4041,520985,Expert Witness,False
8199,4041,510169,Circumstantial Witness,False
8200,4042,508976,Expert Witness,True
8201,4042,506496,Expert Witness,False
8202,4043,509136,Circumstantial Witness,False
8203,4043,506390,Expert Witness,True
8204,4043,506012,Circumstantial Witness,True
8205,4043,519580,Eye Witness,False
8206,4044,500613,Expert Witness,True
8207,4044,515896,Eye Witness,True
8208,4045,500739,Expert Witness,False
8209,4045,514016,Expert Witness,False
8210,4045,515671,Circumstantial Witness,True
8211,4046,502252,Expert Witness,False
8212,4046,512456,Expert Witness,False
8213,4046,512397,Eye Witness,True
8214,4048,511941,Eye Witness,False
8215,4048,511980,Eye Witness,False
8216,4049,504405,Eye Witness,False
8217,4049,501587,Circumstantial Witness,False
8218,4050,519911,Eye Witness,True
8219,4050,518455,Expert Witness,False
8220,4050,506350,Eye Witness,True
8221,4051,512890,Expert Witness,False
8222,4051,522505,Expert Witness,False
8223,4051,503059,Eye Witness,False
8224,4052,518621,Circumstantial Witness,False
8225,4052,513220,Eye Witness,False
8226,4052,513553,Circumstantial Witness,True
8227,4052,511729,Expert Witness,False
8228,4053,523303,Circumstantial Witness,True
8229,4054,501325,Circumstantial Witness,True
8230,4054,518215,Expert Witness,False
8231,4055,501187,Circumstantial Witness,False
8232,4055,510280,Eye Witness,True
8233,4055,519220,Expert Witness,False
8234,4056,502184,Circumstantial Witness,False
8235,4056,521769,Circumstantial Witness,False
8236,4056,504842,Expert Witness,True
8237,4056,519182,Circumstantial Witness,True
8238,4057,507544,Circumstantial Witness,False
8239,4059,502552,Expert Witness,True
8240,4059,505133,Expert Witness,True
8241,4059,503688,Eye Witness,True
8242,4059,501931,Eye Witness,False
8243,4060,520144,Circumstantial Witness,True
8244,4060,520128,Expert Witness,True
8245,4061,513972,Expert Witness,False
8246,4062,502069,Expert Witness,True
8247,4062,524213,Circumstantial Witness,True
8248,4062,512828,Expert Witness,False
8249,4063,507009,Eye Witness,False
8250,4065,516989,Circumstantial Witness,False
8251,4065,516361,Circumstantial Witness,True
8252,4066,512207,Circumstantial Witness,False
8253,4067,511628,Circumstantial Witness,False
8254,4067,511260,Expert Witness,True
8255,4068,520188,Eye Witness,True
8256,4068,506380,Eye Witness,True
8257,4068,521417,Circumstantial Witness,False
8258,4070,507843,Eye Witness,True
8259,4071,510485,Eye Witness,True
8260,4072,507037,Eye Witness,True
8261,4072,504999,Circumstantial Witness,True
8262,4072,513696,Eye Witness,False
8263,4072,512477,Eye Witness,False
8264,4076,520446,Expert Witness,False
8265,4077,503969,Circumstantial Witness,True
8266,4077,514574,Eye Witness,False
8267,4077,522423,Circumstantial Witness,True
8268,4077,500278,Expert Witness,False
8269,4078,504840,Expert Witness,True
8270,4078,513864,Eye Witness,False
8271,4078,509342,Circumstantial Witness,False
8272,4078,513214,Eye Witness,True
8273,4079,511487,Circumstantial Witness,False
8274,4080,519273,Eye Witness,True
8275,4080,500879,Circumstantial Witness,True
8276,4082,520601,Expert Witness,True
8277,4082,516081,Circumstantial Witness,False
8278,4082,506713,Circumstantial Witness,True
8279,4083,524263,Circumstantial Witness,True
8280,4083,504171,Eye Witness,True
8281,4084,517250,Expert Witness,True
8282,4084,518802,Expert Witness,False
8283,4085,514981,Eye Witness,False
8284,4086,511924,Circumstantial Witness,True
8285,4086,502693,Eye Witness,False
8286,4086,504269,Expert Witness,False
8287,4086,519371,Expert Witness,False
8288,4087,523886,Eye Witness,False
8289,4087,501830,Circumstantial Witness,False
8290,4088,513208,Eye Witness,False
8291,4088,506386,Circumstantial Witness,True
8292,4088,510633,Eye Witness,True
8293,4088,517001,Expert Witness,False
8294,4089,510708,Eye Witness,True
8295,4089,505763,Expert Witness,True
8296,4089,510539,Circumstantial Witness,False
8297,4089,514633,Eye Witness,False
8298,4090,510986,Circumstantial Witness,True
8299,4092,505074,Expert Witness,True
8300,4092,512248,Circumstantial Witness,False
8301,4092,507995,Eye Witness,True
8302,4092,521612,Expert Witness,True
8303,4093,507816,Expert Witness,True
8304,4093,520169,Expert Witness,False
8305,4093,518961,Circumstantial Witness,True
8306,4094,510972,Eye Witness,True
8307,4094,516340,Eye Witness,True
8308,4094,521190,Expert Witness,False
8309,4095,500513,Circumstantial Witness,True
8310,4095,518802,Expert Witness,True
8311,4096,506511,Circumstantial Witness,False
8312,4096,517989,Eye Witness,True
8313,4097,504019,Eye Witness,False
8314,4099,520679,Expert Witness,False
8315,4099,510639,Expert Witness,False
8316,4099,523784,Expert Witness,False
8317,4100,516535,Eye Witness,True
8318,4100,523175,Eye Witness,True
8319,4100,501214,Expert Witness,False
8320,4100,505434,Expert Witness,False
8321,4101,523798,Eye Witness,True
8322,4101,500601,Eye Witness,True
8323,4102,511640,Expert Witness,True
8324,4102,505363,Eye Witness,False
8325,4103,506433,Circumstantial Witness,False
8326,4103,518947,Expert Witness,False
8327,4104,511934,Eye Witness,True
8328,4104,517283,Expert Witness,True
8329,4104,522940,Circumstantial Witness,True
8330,4104,501926,Circumstantial Witness,True
8331,4105,519331,Circumstantial Witness,False
8332,4105,522073,Eye Witness,False
8333,4105,500750,Eye Witness,False
8334,4105,501033,Expert Witness,True
8335,4106,511265,Expert Witness,True
8336,4107,523075,Eye Witness,False
8337,4107,512441,Expert Witness,False
8338,4107,509832,Expert Witness,True
8339,4107,521188,Circumstantial Witness,False
8340,4108,509120,Circumstantial Witness,False
8341,4108,515527,Eye Witness,True
8342,4108,523718,Circumstantial Witness,False
8343,4108,524883,Expert Witness,False
8344,4109,510809,Circumstantial Witness,False
8345,4111,503731,Eye Witness,False
8346,4112,510819,Eye Witness,False
8347,4113,521265,Expert Witness,True
8348,4113,505059,Expert Witness,True
8349,4114,518057,Eye Witness,True
8350,4114,515124,Eye Witness,True
8351,4114,501495,Expert Witness,True
8352,4114,520822,Eye Witness,False
8353,4115,500816,Expert Witness,True
8354,4115,519005,Expert Witness,False
8355,4116,514216,Eye Witness,False
8356,4116,514388,Eye Witness,False
8357,4116,509344,Circumstantial Witness,False
8358,4117,523072,Circumstantial Witness,False
8359,4117,501066,Circumstantial Witness,True
8360,4118,521905,Circumstantial Witness,False
8361,4118,524347,Eye Witness,True
8362,4118,501563,Circumstantial Witness,True
8363,4119,523656,Circumstantial Witness,False
8364,4120,522235,Circumstantial Witness,False
8365,4121,500607,Circumstantial Witness,False
8366,4122,504059,Expert Witness,True
8367,4122,500972,Circumstantial Witness,False
8368,4122,503188,Eye Witness,True
8369,4123,505076,Eye Witness,True
8370,4123,518858,Eye Witness,True
8371,4123,524842,Circumstantial Witness,False
8372,4123,514270,Circumstantial Witness,True
8373,4126,520330,Expert Witness,True
8374,4126,515747,Circumstantial Witness,False
8375,4127,523375,Eye Witness,True
8376,4127,522537,Expert Witness,False
8377,4128,517971,Expert Witness,True
8378,4128,518737,Eye Witness,False
8379,4128,513135,Expert Witness,False
8380,4128,500116,Eye Witness,True
8381,4129,520511,Expert Witness,True
8382,4129,505539,Eye Witness,True
8383,4129,505446,Expert Witness,False
8384,4129,504121,Eye Witness,True
8385,4130,520303,Eye Witness,False
8386,4130,511974,Circumstantial Witness,True
8387,4131,516514,Circumstantial Witness,True
8388,4131,513300,Expert Witness,False
8389,4132,512849,Eye Witness,False
8390,4132,504591,Expert Witness,False
8391,4132,510507,Expert Witness,False
8392,4132,519026,Eye Witness,False
8393,4133,522475,Circumstantial Witness,False
8394,4133,514518,Circumstantial Witness,True
8395,4133,514419,Expert Witness,True
8396,4133,516467,Expert Witness,False
8397,4134,500207,Eye Witness,True
8398,4134,502903,Circumstantial Witness,True
8399,4134,518804,Expert Witness,False
8400,4135,502124,Circumstantial Witness,False
8401,4135,508440,Expert Witness,True
8402,4135,505311,Circumstantial Witness,True
8403,4135,507802,Eye Witness,False
8404,4137,511390,Eye Witness,True
8405,4137,502104,Expert Witness,False
8406,4137,516915,Expert Witness,True
8407,4138,522939,Eye Witness,False
8408,4138,503561,Expert Witness,True
8409,4138,518869,Expert Witness,False
8410,4138,513587,Eye Witness,True
8411,4139,502398,Circumstantial Witness,True
8412,4139,512027,Eye Witness,False
8413,4140,516297,Eye Witness,False
8414,4140,520840,Expert Witness,False
8415,4140,510177,Eye Witness,False
8416,4141,508527,Expert Witness,False
8417,4141,524467,Circumstantial Witness,False
8418,4141,510430,Eye Witness,False
8419,4141,509562,Eye Witness,False
8420,4142,521632,Eye Witness,True
8421,4142,512916,Circumstantial Witness,True
8422,4142,506109,Expert Witness,True
8423,4142,523150,Expert Witness,True
8424,4143,502438,Circumstantial Witness,False
8425,4143,510783,Expert Witness,False
8426,4145,514471,Expert Witness,False
8427,4145,510342,Circumstantial Witness,False
8428,4145,502777,Circumstantial Witness,False
8429,4146,524882,Circumstantial Witness,False
8430,4147,523910,Expert Witness,False
8431,4148,500457,Eye Witness,True
8432,4148,502290,Eye Witness,True
8433,4149,517718,Expert Witness,False
8434,4150,508052,Circumstantial Witness,False
8435,4150,513801,Circumstantial Witness,True
8436,4150,513196,Expert Witness,True
8437,4150,518612,Expert Witness,True
8438,4152,509768,Expert Witness,True
8439,4152,522450,Expert Witness,False
8440,4152,518712,Circumstantial Witness,True
8441,4153,501743,Circumstantial Witness,False
8442,4153,511705,Circumstantial Witness,False
8443,4153,515268,Circumstantial Witness,False
8444,4153,505586,Expert Witness,False
8445,4154,522329,Eye Witness,False
8446,4154,500789,Circumstantial Witness,True
8447,4154,516921,Expert Witness,False
8448,4155,502071,Eye Witness,True
8449,4155,512409,Eye Witness,True
8450,4159,505802,Circumstantial Witness,False
8451,4159,500174,Expert Witness,False
8452,4159,510425,Eye Witness,True
8453,4159,524500,Expert Witness,False
8454,4160,511675,Eye Witness,True
8455,4160,513522,Circumstantial Witness,False
8456,4161,515863,Eye Witness,True
8457,4162,513134,Expert Witness,True
8458,4162,515283,Eye Witness,False
8459,4162,508513,Expert Witness,False
8460,4163,516255,Eye Witness,True
8461,4163,516219,Circumstantial Witness,True
8462,4164,503794,Expert Witness,True
8463,4164,520014,Expert Witness,True
8464,4165,507187,Eye Witness,True
8465,4165,523946,Expert Witness,True
8466,4166,507500,Circumstantial Witness,False
8467,4167,516193,Expert Witness,True
8468,4168,523985,Eye Witness,False
8469,4168,517273,Eye Witness,True
8470,4168,511814,Circumstantial Witness,True
8471,4170,514354,Eye Witness,True
8472,4170,518085,Eye Witness,True
8473,4170,520229,Circumstantial Witness,False
8474,4171,502149,Eye Witness,False
8475,4172,523344,Circumstantial Witness,False
8476,4172,514256,Eye Witness,True
8477,4173,511846,Eye Witness,True
8478,4173,519901,Eye Witness,True
8479,4173,522017,Expert Witness,True
8480,4173,522630,Expert Witness,True
8481,4174,520865,Circumstantial Witness,False
8482,4174,519959,Expert Witness,False
8483,4174,519336,Expert Witness,False
8484,4174,516113,Eye Witness,True
8485,4175,502270,Eye Witness,False
8486,4176,523257,Expert Witness,True
8487,4176,520769,Expert Witness,False
8488,4176,522915,Circumstantial Witness,True
8489,4176,511897,Eye Witness,True
8490,4177,524059,Circumstantial Witness,False
8491,4177,508009,Eye Witness,True
8492,4177,501078,Eye Witness,True
8493,4178,516049,Circumstantial Witness,False
8494,4178,518282,Expert Witness,False
8495,4178,511442,Expert Witness,False
8496,4179,507663,Expert Witness,True
8497,4179,503113,Circumstantial Witness,False
8498,4179,516926,Eye Witness,False
8499,4180,516152,Expert Witness,False
8500,4180,515626,Circumstantial Witness,True
8501,4181,519409,Eye Witness,True
8502,4181,505970,Circumstantial Witness,True
8503,4181,518902,Circumstantial Witness,True
8504,4181,501009,Eye Witness,True
8505,4183,524728,Eye Witness,True
8506,4183,524762,Eye Witness,False
8507,4183,500992,Circumstantial Witness,True
8508,4183,515732,Circumstantial Witness,False
8509,4184,524316,Circumstantial Witness,True
8510,4184,519822,Eye Witness,False
8511,4184,520181,Expert Witness,False
8512,4185,514656,Expert Witness,True
8513,4185,508742,Circumstantial Witness,False
8514,4185,520153,Expert Witness,True
8515,4185,500102,Eye Witness,True
8516,4186,519661,Expert Witness,False
8517,4187,511718,Expert Witness,True
8518,4189,503172,Expert Witness,False
8519,4189,519384,Circumstantial Witness,True
8520,4189,518623,Eye Witness,True
8521,4189,505080,Eye Witness,False
8522,4190,510716,Eye Witness,False
8523,4190,520599,Circumstantial Witness,True
8524,4190,523934,Circumstantial Witness,False
8525,4190,512361,Circumstantial Witness,True
8526,4191,512738,Circumstantial Witness,True
8527,4191,522162,Circumstantial Witness,True
8528,4191,516224,Circumstantial Witness,False
8529,4192,507690,Eye Witness,True
8530,4192,522357,Circumstantial Witness,False
8531,4192,513127,Eye Witness,True
8532,4193,503634,Eye Witness,True
8533,4193,515813,Eye Witness,False
8534,4195,504432,Circumstantial Witness,True
8535,4195,510629,Eye Witness,True
8536,4196,509818,Circumstantial Witness,False
8537,4196,517303,Eye Witness,False
8538,4196,523640,Expert Witness,False
8539,4196,502708,Expert Witness,True
8540,4197,507036,Expert Witness,True
8541,4197,519617,Expert Witness,False
8542,4198,523633,Expert Witness,True
8543,4198,500336,Expert Witness,True
8544,4199,504715,Expert Witness,False
8545,4199,502678,Expert Witness,True
8546,4199,510585,Circumstantial Witness,False
8547,4199,507560,Circumstantial Witness,False
8548,4200,503044,Circumstantial Witness,True
8549,4200,504989,Circumstantial Witness,False
8550,4200,511966,Circumstantial Witness,True
8551,4201,505326,Expert Witness,True
8552,4201,501623,Circumstantial Witness,False
8553,4202,510425,Circumstantial Witness,False
8554,4203,520504,Eye Witness,True
8555,4203,512390,Expert Witness,True
8556,4204,515061,Expert Witness,False
8557,4207,509965,Circumstantial Witness,False
8558,4208,514192,Expert Witness,False
8559,4208,510885,Eye Witness,False
8560,4210,509914,Expert Witness,True
8561,4211,516977,Circumstantial Witness,False
8562,4211,504873,Eye Witness,False
8563,4212,519187,Eye Witness,False
8564,4212,505693,Circumstantial Witness,False
8565,4212,504978,Eye Witness,True
8566,4213,501105,Eye Witness,True
8567,4215,522869,Circumstantial Witness,False
8568,4215,509586,Circumstantial Witness,True
8569,4216,519665,Circumstantial Witness,True
8570,4217,504353,Eye Witness,True
8571,4218,513867,Circumstantial Witness,True
8572,4218,524716,Expert Witness,False
8573,4219,504127,Eye Witness,False
8574,4219,516675,Eye Witness,True
8575,4219,524756,Eye Witness,False
8576,4219,524829,Eye Witness,True
8577,4220,514253,Expert Witness,True
8578,4220,523010,Circumstantial Witness,True
8579,4220,520769,Expert Witness,True
8580,4223,519626,Circumstantial Witness,False
8581,4223,509497,Circumstantial Witness,True
8582,4223,515227,Expert Witness,True
8583,4223,513541,Circumstantial Witness,True
8584,4224,524356,Circumstantial Witness,True
8585,4224,505338,Expert Witness,False
8586,4224,506943,Circumstantial Witness,True
8587,4225,524560,Circumstantial Witness,True
8588,4226,520987,Eye Witness,True
8589,4226,513852,Expert Witness,True
8590,4226,506223,Eye Witness,True
8591,4226,524346,Circumstantial Witness,False
8592,4227,519355,Expert Witness,True
8593,4227,519746,Circumstantial Witness,True
8594,4227,520181,Expert Witness,True
8595,4227,501266,Circumstantial Witness,True
8596,4228,514088,Circumstantial Witness,True
8597,4228,522398,Expert Witness,True
8598,4228,516097,Eye Witness,True
8599,4228,509370,Expert Witness,False
8600,4229,501071,Eye Witness,False
8601,4229,523590,Circumstantial Witness,False
8602,4229,502935,Eye Witness,False
8603,4230,504032,Circumstantial Witness,False
8604,4231,520254,Circumstantial Witness,False
8605,4231,500805,Circumstantial Witness,False
8606,4231,502575,Circumstantial Witness,False
8607,4231,511514,Eye Witness,False
8608,4232,524689,Eye Witness,False
8609,4232,524869,Expert Witness,False
8610,4232,517973,Expert Witness,False
8611,4232,510832,Expert Witness,True
8612,4233,502535,Eye Witness,False
8613,4233,511844,Expert Witness,False
8614,4233,519423,Circumstantial Witness,False
8615,4233,511365,Circumstantial Witness,False
8616,4238,506207,Circumstantial Witness,True
8617,4238,502488,Eye Witness,True
8618,4239,517319,Expert Witness,False
8619,4239,504274,Expert Witness,True
8620,4239,521313,Circumstantial Witness,True
8621,4239,507910,Circumstantial Witness,False
8622,4240,506402,Expert Witness,False
8623,4241,500531,Expert Witness,True
8624,4242,515125,Eye Witness,True
8625,4243,514757,Expert Witness,False
8626,4243,520778,Circumstantial Witness,True
8627,4243,518488,Circumstantial Witness,True
8628,4244,521701,Expert Witness,False
8629,4244,512965,Eye Witness,True
8630,4245,523455,Eye Witness,False
8631,4246,511057,Circumstantial Witness,True
8632,4246,505871,Eye Witness,True
8633,4246,520015,Eye Witness,False
8634,4246,508624,Circumstantial Witness,False
8635,4247,509911,Eye Witness,True
8636,4248,514844,Circumstantial Witness,True
8637,4248,523034,Eye Witness,True
8638,4248,509269,Eye Witness,False
8639,4249,508492,Circumstantial Witness,False
8640,4249,522053,Circumstantial Witness,False
8641,4249,510061,Circumstantial Witness,False
8642,4250,507209,Circumstantial Witness,False
8643,4251,523655,Eye Witness,False
8644,4251,509744,Eye Witness,True
8645,4252,524628,Circumstantial Witness,True
8646,4252,509973,Expert Witness,False
8647,4252,511403,Eye Witness,False
8648,4253,519941,Eye Witness,True
8649,4253,501037,Circumstantial Witness,False
8650,4253,514999,Circumstantial Witness,True
8651,4253,500466,Expert Witness,True
8652,4255,501675,Eye Witness,True
8653,4255,522942,Circumstantial Witness,True
8654,4255,520119,Circumstantial Witness,False
8655,4256,521224,Circumstantial Witness,False
8656,4257,501365,Eye Witness,False
8657,4259,515718,Expert Witness,True
8658,4259,502003,Circumstantial Witness,True
8659,4259,522737,Eye Witness,False
8660,4260,508211,Eye Witness,True
8661,4260,511870,Circumstantial Witness,True
8662,4260,518940,Expert Witness,True
8663,4260,509120,Expert Witness,False
8664,4261,521247,Expert Witness,False
8665,4261,516559,Circumstantial Witness,True
8666,4262,511559,Eye Witness,True
8667,4262,500957,Circumstantial Witness,True
8668,4262,516778,Expert Witness,True
8669,4264,510524,Expert Witness,False
8670,4264,517222,Expert Witness,False
8671,4264,515211,Expert Witness,True
8672,4265,510911,Expert Witness,True
8673,4265,520580,Expert Witness,True
8674,4265,502431,Circumstantial Witness,False
8675,4266,522979,Eye Witness,True
8676,4266,524733,Eye Witness,True
8677,4266,506177,Eye Witness,True
8678,4267,524167,Expert Witness,True
8679,4268,505063,Expert Witness,True
8680,4270,516678,Eye Witness,False
8681,4271,508397,Eye Witness,True
8682,4271,518434,Eye Witness,False
8683,4271,517408,Expert Witness,False
8684,4271,504258,Circumstantial Witness,False
8685,4272,515790,Expert Witness,True
8686,4272,519556,Eye Witness,True
8687,4272,519159,Circumstantial Witness,True
8688,4273,500981,Eye Witness,True
8689,4273,505740,Eye Witness,False
8690,4275,508495,Expert Witness,True
8691,4277,503495,Expert Witness,False
8692,4277,501904,Eye Witness,False
8693,4277,507260,Circumstantial Witness,False
8694,4277,520935,Circumstantial Witness,False
8695,4279,508468,Expert Witness,False
8696,4280,510081,Eye Witness,False
8697,4281,503245,Expert Witness,False
8698,4281,524911,Eye Witness,False
8699,4281,514046,Expert Witness,True
8700,4281,506562,Circumstantial Witness,False
8701,4283,511392,Eye Witness,True
8702,4283,510966,Expert Witness,True
8703,4283,503014,Expert Witness,False
8704,4284,500476,Circumstantial Witness,False
8705,4284,509404,Circumstantial Witness,False
8706,4284,509876,Eye Witness,True
8707,4284,522256,Circumstantial Witness,True
8708,4285,504513,Eye Witness,True
8709,4285,509713,Expert Witness,False
8710,4286,500264,Circumstantial Witness,False
8711,4286,510577,Circumstantial Witness,True
8712,4286,511553,Eye Witness,True
8713,4286,524940,Expert Witness,False
8714,4287,518724,Expert Witness,False
8715,4287,514747,Eye Witness,True
8716,4288,524669,Circumstantial Witness,True
8717,4289,523296,Circumstantial Witness,False
8718,4290,508426,Expert Witness,True
8719,4290,517067,Expert Witness,False
8720,4292,507193,Circumstantial Witness,False
8721,4293,512127,Expert Witness,False
8722,4294,509104,Circumstantial Witness,True
8723,4296,512570,Expert Witness,False
8724,4296,504426,Circumstantial Witness,False
8725,4296,514192,Expert Witness,True
8726,4297,507689,Expert Witness,False
8727,4298,518935,Eye Witness,False
8728,4299,506182,Eye Witness,False
8729,4299,508473,Eye Witness,True
8730,4300,509972,Eye Witness,True
8731,4300,510652,Expert Witness,False
8732,4300,509609,Expert Witness,False
8733,4301,508374,Eye Witness,False
8734,4301,510231,Expert Witness,False
8735,4301,508389,Expert Witness,True
8736,4301,510148,Circumstantial Witness,True
8737,4302,506512,Expert Witness,False
8738,4302,522491,Eye Witness,True
8739,4303,502546,Expert Witness,True
8740,4303,514531,Eye Witness,False
8741,4303,513573,Eye Witness,False
8742,4304,523670,Expert Witness,True
8743,4304,503648,Expert Witness,True
8744,4305,514404,Eye Witness,False
8745,4305,511784,Eye Witness,True
8746,4305,500355,Circumstantial Witness,True
8747,4306,510354,Expert Witness,False
8748,4306,500218,Circumstantial Witness,False
8749,4306,514718,Eye Witness,True
8750,4306,516241,Circumstantial Witness,False
8751,4307,511519,Eye Witness,True
8752,4308,517589,Expert Witness,False
8753,4308,501916,Circumstantial Witness,True
8754,4309,514173,Eye Witness,True
8755,4309,521071,Circumstantial Witness,True
8756,4310,521192,Circumstantial Witness,False
8757,4310,523837,Eye Witness,True
8758,4311,501384,Expert Witness,True
8759,4311,524005,Eye Witness,True
8760,4312,524494,Eye Witness,True
8761,4312,510201,Circumstantial Witness,True
8762,4312,513865,Circumstantial Witness,True
8763,4313,502332,Eye Witness,True
8764,4313,502779,Eye Witness,True
8765,4313,520158,Circumstantial Witness,True
8766,4313,505977,Expert Witness,False
8767,4314,521469,Circumstantial Witness,True
8768,4314,524295,Eye Witness,True
8769,4315,514527,Eye Witness,True
8770,4315,507809,Expert Witness,True
8771,4315,507829,Eye Witness,True
8772,4315,511674,Eye Witness,True
8773,4316,507699,Expert Witness,False
8774,4316,522129,Expert Witness,False
8775,4316,506020,Eye Witness,False
8776,4317,522898,Expert Witness,True
8777,4317,516877,Circumstantial Witness,False
8778,4318,512825,Eye Witness,True
8779,4318,501473,Circumstantial Witness,True
8780,4318,509384,Expert Witness,False
8781,4319,524481,Expert Witness,True
8782,4319,520551,Expert Witness,True
8783,4319,521216,Eye Witness,False
8784,4319,503453,Expert Witness,False
8785,4320,511357,Circumstantial Witness,True
8786,4320,523648,Eye Witness,False
8787,4320,515547,Eye Witness,False
8788,4321,500120,Eye Witness,True
8789,4321,509464,Expert Witness,True
8790,4321,510100,Expert Witness,True
8791,4321,520697,Expert Witness,True
8792,4322,519756,Expert Witness,False
8793,4322,509429,Circumstantial Witness,True
8794,4323,521878,Expert Witness,False
8795,4324,505240,Expert Witness,True
8796,4324,521900,Expert Witness,False
8797,4325,502438,Eye Witness,True
8798,4325,521126,Circumstantial Witness,False
8799,4325,500940,Circumstantial Witness,True
8800,4325,520656,Expert Witness,True
8801,4326,524450,Expert Witness,True
8802,4326,521824,Circumstantial Witness,True
8803,4327,514711,Eye Witness,False
8804,4327,519168,Circumstantial Witness,True
8805,4328,513076,Eye Witness,False
8806,4328,503960,Expert Witness,True
8807,4329,500691,Circumstantial Witness,True
8808,4332,504460,Expert Witness,False
8809,4332,509066,Circumstantial Witness,False
8810,4332,508074,Eye Witness,True
8811,4332,500992,Eye Witness,False
8812,4333,509390,Expert Witness,False
8813,4333,520956,Expert Witness,True
8814,4333,519361,Eye Witness,False
8815,4334,523780,Eye Witness,False
8816,4334,505558,Circumstantial Witness,True
8817,4335,519459,Expert Witness,False
8818,4335,501931,Expert Witness,False
8819,4335,515330,Eye Witness,False
8820,4335,500712,Circumstantial Witness,False
8821,4336,522274,Circumstantial Witness,False
8822,4336,503978,Expert Witness,False
8823,4336,507581,Eye Witness,True
8824,4337,522048,Circumstantial Witness,True
8825,4337,512447,Circumstantial Witness,False
8826,4337,506446,Circumstantial Witness,False
8827,4338,521394,Expert Witness,False
8828,4338,509218,Eye Witness,True
8829,4339,510442,Eye Witness,False
8830,4339,517712,Circumstantial Witness,True
8831,4339,523214,Expert Witness,False
8832,4340,505854,Expert Witness,False
8833,4340,515015,Eye Witness,True
8834,4341,504236,Circumstantial Witness,False
8835,4341,517901,Circumstantial Witness,True
8836,4341,514456,Circumstantial Witness,True
8837,4344,501938,Eye Witness,True
8838,4344,510232,Expert Witness,False
8839,4345,511000,Eye Witness,True
8840,4346,524913,Expert Witness,False
8841,4346,518386,Circumstantial Witness,True
8842,4346,506785,Circumstantial Witness,False
8843,4347,503840,Circumstantial Witness,True
8844,4348,514509,Circumstantial Witness,False
8845,4349,504171,Expert Witness,True
8846,4349,509221,Eye Witness,True
8847,4349,523670,Expert Witness,False
8848,4349,519327,Eye Witness,True
8849,4350,517443,Expert Witness,True
8850,4350,512291,Expert Witness,True
8851,4350,505824,Expert Witness,False
8852,4350,516775,Eye Witness,False
8853,4351,521083,Expert Witness,True
8854,4351,521420,Circumstantial Witness,False
8855,4351,516508,Circumstantial Witness,False
8856,4351,517327,Eye Witness,True
8857,4352,502433,Circumstantial Witness,False
8858,4352,509744,Circumstantial Witness,False
8859,4352,506846,Eye Witness,False
8860,4352,516244,Eye Witness,False
8861,4355,508369,Eye Witness,True
8862,4359,501737,Eye Witness,False
8863,4359,524649,Circumstantial Witness,False
8864,4360,520555,Eye Witness,False
8865,4360,506923,Eye Witness,False
8866,4360,504401,Eye Witness,True
8867,4360,500866,Circumstantial Witness,False
8868,4361,514735,Eye Witness,True
8869,4361,516063,Eye Witness,True
8870,4361,524886,Circumstantial Witness,True
8871,4362,512782,Eye Witness,False
8872,4364,503419,Circumstantial Witness,False
8873,4364,519433,Expert Witness,False
8874,4364,508938,Circumstantial Witness,False
8875,4365,507034,Circumstantial Witness,False
8876,4365,521492,Expert Witness,False
8877,4365,516612,Eye Witness,True
8878,4365,517938,Eye Witness,True
8879,4366,501459,Eye Witness,False
8880,4367,517291,Circumstantial Witness,True
8881,4367,512029,Expert Witness,False
8882,4367,522059,Circumstantial Witness,True
8883,4368,522230,Expert Witness,True
8884,4368,523578,Eye Witness,False
8885,4370,511295,Expert Witness,False
8886,4372,515862,Eye Witness,False
8887,4372,507737,Eye Witness,True
8888,4373,510191,Expert Witness,True
8889,4373,524121,Eye Witness,True
8890,4373,522832,Expert Witness,False
8891,4373,510541,Eye Witness,False
8892,4374,517345,Circumstantial Witness,True
8893,4374,505447,Eye Witness,False
8894,4374,507424,Expert Witness,True
8895,4374,506700,Eye Witness,False
8896,4375,516133,Expert Witness,False
8897,4376,522491,Expert Witness,False
8898,4379,519618,Expert Witness,True
8899,4380,517895,Expert Witness,False
8900,4380,511270,Eye Witness,False
8901,4382,502690,Circumstantial Witness,True
8902,4382,520170,Expert Witness,False
8903,4383,514050,Expert Witness,True
8904,4383,503975,Circumstantial Witness,True
8905,4383,523061,Circumstantial Witness,False
8906,4384,516924,Eye Witness,True
8907,4384,513534,Eye Witness,False
8908,4385,504998,Circumstantial Witness,True
8909,4386,504064,Eye Witness,True
8910,4386,508983,Expert Witness,True
8911,4387,508912,Expert Witness,False
8912,4387,524335,Expert Witness,True
8913,4387,516545,Circumstantial Witness,True
8914,4387,521539,Circumstantial Witness,True
8915,4388,503508,Circumstantial Witness,False
8916,4389,519835,Circumstantial Witness,False
8917,4390,512609,Eye Witness,True
8918,4390,511510,Circumstantial Witness,True
8919,4390,505868,Expert Witness,False
8920,4390,510134,Expert Witness,False
8921,4391,501050,Expert Witness,True
8922,4391,512711,Eye Witness,False
8923,4393,501219,Circumstantial Witness,False
8924,4394,500542,Circumstantial Witness,True
8925,4394,508322,Circumstantial Witness,True
8926,4394,522739,Circumstantial Witness,True
8927,4395,522643,Circumstantial Witness,True
8928,4395,518413,Expert Witness,True
8929,4395,508461,Expert Witness,True
8930,4395,518812,Expert Witness,True
8931,4396,520642,Eye Witness,False
8932,4396,515816,Expert Witness,True
8933,4398,516577,Expert Witness,False
8934,4398,518417,Eye Witness,False
8935,4398,518080,Eye Witness,False
8936,4399,518508,Expert Witness,True
8937,4399,513766,Eye Witness,True
8938,4400,506386,Eye Witness,True
8939,4400,503618,Expert Witness,False
8940,4400,505998,Eye Witness,True
8941,4401,503200,Expert Witness,True
8942,4401,503607,Circumstantial Witness,True
8943,4401,522193,Expert Witness,True
8944,4401,506256,Eye Witness,False
8945,4402,500790,Expert Witness,False
8946,4402,518869,Expert Witness,True
8947,4402,511307,Eye Witness,False
8948,4402,519956,Circumstantial Witness,False
8949,4403,507249,Eye Witness,False
8950,4403,523811,Expert Witness,False
8951,4403,506476,Eye Witness,False
8952,4405,515713,Expert Witness,False
8953,4405,506861,Expert Witness,True
8954,4406,510591,Expert Witness,False
8955,4406,504460,Circumstantial Witness,True
8956,4407,517182,Eye Witness,False
8957,4408,524599,Expert Witness,True
8958,4408,516283,Expert Witness,True
8959,4408,517490,Eye Witness,False
8960,4410,503097,Circumstantial Witness,False
8961,4412,522284,Circumstantial Witness,True
8962,4412,508697,Eye Witness,True
8963,4412,503019,Circumstantial Witness,True
8964,4413,503994,Eye Witness,True
8965,4415,513305,Eye Witness,True
8966,4415,509450,Eye Witness,True
8967,4416,522471,Circumstantial Witness,True
8968,4416,518545,Expert Witness,True
8969,4417,521192,Circumstantial Witness,False
8970,4418,502609,Expert Witness,True
8971,4418,510954,Circumstantial Witness,False
8972,4418,512149,Expert Witness,True
8973,4418,517143,Eye Witness,False
8974,4419,501490,Expert Witness,True
8975,4419,523515,Circumstantial Witness,True
8976,4419,514984,Eye Witness,True
8977,4419,509227,Eye Witness,True
8978,4420,521927,Eye Witness,False
8979,4420,506854,Expert Witness,True
8980,4420,515977,Circumstantial Witness,False
8981,4421,502990,Expert Witness,False
8982,4421,508071,Circumstantial Witness,False
8983,4422,520973,Circumstantial Witness,False
8984,4422,503347,Expert Witness,False
8985,4422,521546,Circumstantial Witness,False
8986,4424,507075,Eye Witness,False
8987,4424,511402,Expert Witness,True
8988,4424,504862,Eye Witness,True
8989,4426,504790,Expert Witness,False
8990,4426,501527,Eye Witness,False
8991,4426,505248,Expert Witness,False
8992,4426,512911,Circumstantial Witness,False
8993,4427,500034,Expert Witness,False
8994,4427,506331,Expert Witness,True
8995,4428,522855,Circumstantial Witness,True
8996,4428,502082,Eye Witness,True
8997,4428,501281,Expert Witness,False
8998,4429,509529,Eye Witness,False
8999,4429,510559,Expert Witness,True
9000,4431,512569,Expert Witness,True
9001,4431,500422,Expert Witness,False
9002,4431,518578,Circumstantial Witness,True
9003,4431,520260,Circumstantial Witness,False
9004,4432,522323,Circumstantial Witness,True
9005,4432,504862,Circumstantial Witness,True
9006,4433,524591,Eye Witness,True
9007,4433,516305,Eye Witness,False
9008,4433,514181,Expert Witness,False
9009,4433,514058,Expert Witness,False
9010,4434,502333,Eye Witness,True
9011,4434,506076,Circumstantial Witness,False
9012,4434,511689,Expert Witness,True
9013,4435,503759,Circumstantial Witness,True
9014,4435,503121,Eye Witness,False
9015,4437,519405,Circumstantial Witness,False
9016,4438,503072,Eye Witness,False
9017,4438,513138,Eye Witness,False
9018,4439,505540,Circumstantial Witness,True
9019,4441,509210,Expert Witness,True
9020,4441,510692,Expert Witness,True
9021,4442,500644,Eye Witness,False
9022,4442,518992,Eye Witness,False
9023,4442,513273,Circumstantial Witness,True
9024,4442,507357,Expert Witness,False
9025,4443,513144,Eye Witness,False
9026,4443,524137,Eye Witness,False
9027,4444,520823,Expert Witness,False
9028,4444,511137,Expert Witness,True
9029,4444,507578,Circumstantial Witness,False
9030,4444,501528,Expert Witness,True
9031,4445,500840,Expert Witness,True
9032,4445,505549,Circumstantial Witness,False
9033,4445,502681,Expert Witness,True
9034,4446,517688,Expert Witness,True
9035,4446,501221,Circumstantial Witness,False
9036,4446,517544,Circumstantial Witness,True
9037,4446,524277,Eye Witness,True
9038,4447,520452,Eye Witness,False
9039,4448,512314,Eye Witness,False
9040,4448,509641,Circumstantial Witness,True
9041,4448,500832,Circumstantial Witness,False
9042,4448,511058,Circumstantial Witness,True
9043,4449,519476,Expert Witness,True
9044,4449,515762,Circumstantial Witness,False
9045,4449,503455,Eye Witness,True
9046,4450,516665,Eye Witness,True
9047,4450,508000,Expert Witness,False
9048,4450,501214,Eye Witness,False
9049,4450,524923,Circumstantial Witness,True
9050,4451,522944,Circumstantial Witness,True
9051,4452,507113,Expert Witness,True
9052,4452,520904,Circumstantial Witness,False
9053,4452,503276,Eye Witness,True
9054,4452,516257,Expert Witness,False
9055,4455,521789,Expert Witness,True
9056,4455,511753,Circumstantial Witness,True
9057,4456,504381,Circumstantial Witness,True
9058,4457,512643,Expert Witness,False
9059,4457,524355,Circumstantial Witness,False
9060,4457,502081,Expert Witness,True
9061,4457,522985,Eye Witness,False
9062,4458,521737,Eye Witness,True
9063,4458,503105,Eye Witness,False
9064,4459,508078,Expert Witness,False
9065,4459,508280,Circumstantial Witness,False
9066,4459,524302,Circumstantial Witness,False
9067,4459,505320,Circumstantial Witness,True
9068,4460,501337,Circumstantial Witness,False
9069,4460,505229,Eye Witness,False
9070,4461,515559,Eye Witness,False
9071,4461,513269,Expert Witness,True
9072,4461,509750,Circumstantial Witness,False
9073,4461,509748,Circumstantial Witness,False
9074,4462,511684,Expert Witness,False
9075,4462,502741,Eye Witness,True
9076,4462,508062,Circumstantial Witness,False
9077,4462,520658,Expert Witness,False
9078,4464,506893,Eye Witness,True
9079,4464,522257,Circumstantial Witness,False
9080,4465,501580,Expert Witness,True
9081,4465,522349,Eye Witness,True
9082,4465,507385,Expert Witness,False
9083,4465,505314,Circumstantial Witness,True
9084,4466,506897,Expert Witness,False
9085,4467,519370,Eye Witness,False
9086,4467,507883,Eye Witness,False
9087,4467,522134,Circumstantial Witness,False
9088,4467,505208,Eye Witness,True
9089,4468,512987,Eye Witness,False
9090,4469,524226,Eye Witness,False
9091,4469,518899,Eye Witness,False
9092,4469,524416,Expert Witness,True
9093,4470,510873,Circumstantial Witness,True
9094,4471,504566,Eye Witness,True
9095,4471,520384,Eye Witness,False
9096,4472,503301,Eye Witness,True
9097,4474,504658,Expert Witness,True
9098,4475,522915,Expert Witness,False
9099,4476,510291,Circumstantial Witness,False
9100,4476,502550,Circumstantial Witness,False
9101,4476,501541,Expert Witness,False
9102,4476,523673,Expert Witness,True
9103,4477,504989,Eye Witness,True
9104,4477,500899,Expert Witness,True
9105,4477,520409,Expert Witness,True
9106,4477,510296,Circumstantial Witness,True
9107,4478,508634,Expert Witness,False
9108,4478,521345,Eye Witness,False
9109,4478,518616,Eye Witness,True
9110,4479,524750,Eye Witness,True
9111,4479,507742,Expert Witness,False
9112,4479,515968,Eye Witness,True
9113,4479,506596,Expert Witness,True
9114,4480,515794,Expert Witness,False
9115,4480,506335,Circumstantial Witness,False
9116,4480,521322,Expert Witness,True
9117,4482,514821,Eye Witness,True
9118,4482,508212,Expert Witness,False
9119,4483,509019,Eye Witness,True
9120,4483,510891,Eye Witness,True
9121,4483,511514,Eye Witness,True
9122,4484,516491,Expert Witness,True
9123,4484,508406,Circumstantial Witness,False
9124,4484,516229,Eye Witness,False
9125,4484,515488,Circumstantial Witness,False
9126,4485,508109,Circumstantial Witness,True
9127,4485,504309,Expert Witness,True
9128,4485,505382,Circumstantial Witness,False
9129,4485,510456,Expert Witness,False
9130,4486,520398,Expert Witness,False
9131,4486,508712,Eye Witness,False
9132,4486,519670,Circumstantial Witness,False
9133,4486,502494,Expert Witness,False
9134,4487,517174,Circumstantial Witness,False
9135,4487,519360,Circumstantial Witness,True
9136,4487,524759,Expert Witness,False
9137,4487,506753,Circumstantial Witness,False
9138,4488,507766,Circumstantial Witness,True
9139,4488,503499,Eye Witness,True
9140,4489,507177,Circumstantial Witness,True
9141,4489,521124,Eye Witness,True
9142,4490,523187,Expert Witness,True
9143,4490,523320,Expert Witness,True
9144,4491,514011,Circumstantial Witness,False
9145,4491,506552,Expert Witness,True
9146,4491,507393,Eye Witness,False
9147,4492,516127,Circumstantial Witness,False
9148,4492,514546,Circumstantial Witness,True
9149,4492,523673,Expert Witness,False
9150,4493,521034,Expert Witness,False
9151,4493,521271,Circumstantial Witness,True
9152,4493,519470,Expert Witness,True
9153,4493,506311,Eye Witness,False
9154,4494,512534,Expert Witness,False
9155,4494,510442,Eye Witness,True
9156,4494,502830,Expert Witness,False
9157,4494,509146,Eye Witness,True
9158,4495,515567,Circumstantial Witness,False
9159,4495,518990,Eye Witness,False
9160,4496,504249,Expert Witness,False
9161,4496,503046,Eye Witness,True
9162,4496,512301,Eye Witness,True
9163,4497,503243,Circumstantial Witness,False
9164,4498,508343,Circumstantial Witness,True
9165,4498,523551,Circumstantial Witness,False
9166,4498,521921,Circumstantial Witness,False
9167,4498,508069,Expert Witness,True
9168,4499,519938,Eye Witness,False
9169,4499,506936,Eye Witness,True
9170,4499,519942,Expert Witness,True
9171,4499,504975,Expert Witness,False
9172,4500,520833,Circumstantial Witness,True
9173,4500,518508,Expert Witness,False
9174,4501,507774,Eye Witness,True
9175,4501,514007,Circumstantial Witness,True
9176,4501,503876,Eye Witness,True
9177,4501,503420,Expert Witness,False
9178,4502,519483,Expert Witness,True
9179,4502,503678,Expert Witness,False
9180,4502,511274,Circumstantial Witness,False
9181,4504,522928,Circumstantial Witness,True
9182,4504,501080,Expert Witness,False
9183,4504,521949,Expert Witness,True
9184,4505,511601,Expert Witness,False
9185,4505,517189,Eye Witness,True
9186,4505,501666,Circumstantial Witness,False
9187,4505,510578,Expert Witness,True
9188,4508,503845,Circumstantial Witness,False
9189,4508,514047,Eye Witness,True
9190,4509,518836,Eye Witness,True
9191,4509,503007,Expert Witness,True
9192,4509,518555,Eye Witness,False
9193,4509,519866,Circumstantial Witness,True
9194,4510,518162,Eye Witness,True
9195,4510,503800,Expert Witness,False
9196,4510,501458,Eye Witness,True
9197,4510,507402,Eye Witness,False
9198,4511,508455,Expert Witness,True
9199,4511,507163,Eye Witness,False
9200,4511,517890,Expert Witness,True
9201,4512,510122,Expert Witness,True
9202,4512,511575,Eye Witness,False
9203,4513,508562,Expert Witness,False
9204,4513,517601,Circumstantial Witness,True
9205,4513,506243,Eye Witness,False
9206,4513,506202,Expert Witness,True
9207,4514,501030,Eye Witness,False
9208,4514,515937,Expert Witness,True
9209,4514,504331,Eye Witness,True
9210,4514,513180,Expert Witness,True
9211,4515,510175,Expert Witness,True
9212,4516,520842,Expert Witness,False
9213,4517,510174,Expert Witness,True
9214,4517,517905,Eye Witness,False
9215,4518,523947,Eye Witness,True
9216,4518,521556,Expert Witness,True
9217,4518,503881,Expert Witness,True
9218,4518,513216,Circumstantial Witness,True
9219,4520,514802,Eye Witness,True
9220,4520,509800,Eye Witness,True
9221,4520,518615,Circumstantial Witness,True
9222,4520,520565,Expert Witness,True
9223,4521,522615,Expert Witness,False
9224,4521,517837,Eye Witness,False
9225,4522,524163,Eye Witness,False
9226,4522,501697,Circumstantial Witness,False
9227,4523,502083,Eye Witness,True
9228,4523,514687,Circumstantial Witness,False
9229,4523,515446,Expert Witness,False
9230,4523,523533,Circumstantial Witness,False
9231,4526,519068,Expert Witness,False
9232,4526,514103,Expert Witness,True
9233,4526,511911,Expert Witness,True
9234,4527,518673,Circumstantial Witness,True
9235,4528,504620,Eye Witness,True
9236,4528,511772,Expert Witness,True
9237,4532,503145,Expert Witness,False
9238,4533,508469,Eye Witness,False
9239,4534,502697,Circumstantial Witness,False
9240,4534,522213,Expert Witness,False
9241,4534,516087,Eye Witness,False
9242,4534,503305,Circumstantial Witness,False
9243,4535,500311,Circumstantial Witness,False
9244,4537,508928,Expert Witness,False
9245,4538,507112,Circumstantial Witness,True
9246,4538,517361,Eye Witness,True
9247,4538,509575,Eye Witness,True
9248,4540,509675,Expert Witness,True
9249,4541,503887,Expert Witness,False
9250,4541,512354,Expert Witness,True
9251,4542,517716,Expert Witness,True
9252,4542,522738,Expert Witness,True
9253,4542,504750,Eye Witness,True
9254,4543,507325,Expert Witness,True
9255,4543,513540,Eye Witness,True
9256,4543,505391,Eye Witness,False
9257,4544,519255,Eye Witness,True
9258,4544,509967,Expert Witness,False
9259,4544,501841,Expert Witness,True
9260,4544,514905,Expert Witness,True
9261,4545,519335,Expert Witness,False
9262,4545,501783,Eye Witness,False
9263,4545,500777,Circumstantial Witness,True
9264,4547,521286,Eye Witness,False
9265,4547,511799,Eye Witness,False
9266,4547,508484,Eye Witness,False
9267,4547,514349,Eye Witness,False
9268,4548,517646,Circumstantial Witness,True
9269,4548,515283,Circumstantial Witness,False
9270,4548,513535,Eye Witness,False
9271,4550,511665,Expert Witness,False
9272,4551,505388,Circumstantial Witness,False
9273,4551,506283,Expert Witness,False
9274,4551,514180,Eye Witness,False
9275,4552,520206,Circumstantial Witness,True
9276,4552,520186,Circumstantial Witness,False
9277,4553,504836,Expert Witness,True
9278,4553,500380,Circumstantial Witness,True
9279,4554,523530,Circumstantial Witness,False
9280,4554,523145,Eye Witness,True
9281,4555,521490,Expert Witness,False
9282,4555,508249,Eye Witness,False
9283,4556,504136,Eye Witness,False
9284,4556,512432,Circumstantial Witness,False
9285,4557,514174,Eye Witness,False
9286,4557,507597,Eye Witness,True
9287,4557,515467,Expert Witness,False
9288,4557,511499,Eye Witness,False
9289,4558,503302,Expert Witness,True
9290,4558,524919,Expert Witness,False
9291,4559,523567,Circumstantial Witness,False
9292,4561,517804,Eye Witness,True
9293,4561,517594,Circumstantial Witness,False
9294,4561,502399,Eye Witness,False
9295,4561,523214,Circumstantial Witness,False
9296,4562,507046,Expert Witness,True
9297,4562,504552,Circumstantial Witness,False
9298,4562,517662,Eye Witness,True
9299,4562,508217,Circumstantial Witness,True
9300,4563,512102,Circumstantial Witness,False
9301,4563,500783,Eye Witness,False
9302,4563,502603,Expert Witness,False
9303,4564,501751,Eye Witness,True
9304,4564,506597,Expert Witness,True
9305,4565,508252,Eye Witness,False
9306,4565,519982,Eye Witness,True
9307,4565,503658,Expert Witness,True
9308,4566,502252,Circumstantial Witness,True
9309,4566,513316,Eye Witness,True
9310,4566,512942,Circumstantial Witness,True
9311,4566,524448,Eye Witness,True
9312,4567,524346,Expert Witness,True
9313,4567,504112,Eye Witness,False
9314,4567,509874,Expert Witness,False
9315,4568,513905,Eye Witness,False
9316,4568,523523,Eye Witness,True
9317,4568,513280,Eye Witness,True
9318,4569,521175,Circumstantial Witness,False
9319,4571,509702,Eye Witness,False
9320,4571,515465,Circumstantial Witness,True
9321,4571,513056,Expert Witness,True
9322,4572,514118,Expert Witness,False
9323,4573,506889,Eye Witness,True
9324,4573,516724,Expert Witness,True
9325,4573,503028,Eye Witness,False
9326,4574,518831,Circumstantial Witness,True
9327,4574,505777,Expert Witness,True
9328,4574,500831,Circumstantial Witness,True
9329,4574,504958,Circumstantial Witness,True
9330,4575,518185,Expert Witness,True
9331,4575,515060,Circumstantial Witness,False
9332,4576,509819,Eye Witness,False
9333,4576,518916,Circumstantial Witness,False
9334,4576,520012,Circumstantial Witness,True
9335,4576,501609,Circumstantial Witness,True
9336,4577,506364,Circumstantial Witness,False
9337,4578,518616,Eye Witness,False
9338,4578,506752,Circumstantial Witness,False
9339,4579,520354,Circumstantial Witness,True
9340,4580,509005,Circumstantial Witness,False
9341,4581,524213,Eye Witness,False
9342,4581,522060,Expert Witness,True
9343,4581,506364,Circumstantial Witness,False
9344,4582,507099,Eye Witness,True
9345,4582,503860,Eye Witness,True
9346,4582,509975,Expert Witness,False
9347,4582,517796,Expert Witness,True
9348,4584,520440,Eye Witness,False
9349,4584,518316,Circumstantial Witness,False
9350,4585,501800,Expert Witness,False
9351,4585,510964,Eye Witness,False
9352,4586,521758,Circumstantial Witness,True
9353,4586,500653,Expert Witness,True
9354,4586,504322,Eye Witness,False
9355,4587,516663,Expert Witness,True
9356,4587,511234,Eye Witness,True
9357,4588,522114,Eye Witness,True
9358,4589,520756,Expert Witness,True
9359,4590,516520,Expert Witness,False
9360,4590,500165,Eye Witness,True
9361,4591,524975,Circumstantial Witness,True
9362,4591,518848,Eye Witness,True
9363,4591,501097,Eye Witness,False
9364,4592,505534,Eye Witness,True
9365,4592,520085,Expert Witness,True
9366,4592,500160,Expert Witness,False
9367,4593,500434,Expert Witness,True
9368,4594,523155,Expert Witness,False
9369,4594,514369,Expert Witness,True
9370,4594,515880,Expert Witness,True
9371,4595,505752,Eye Witness,True
9372,4595,523520,Circumstantial Witness,False
9373,4595,500662,Eye Witness,True
9374,4595,502904,Eye Witness,True
9375,4596,516827,Expert Witness,False
9376,4597,508458,Circumstantial Witness,False
9377,4598,508036,Expert Witness,False
9378,4598,518295,Eye Witness,False
9379,4599,518673,Eye Witness,False
9380,4599,501854,Circumstantial Witness,False
9381,4600,521878,Eye Witness,True
9382,4601,504608,Expert Witness,False
9383,4601,514793,Circumstantial Witness,False
9384,4601,508567,Expert Witness,False
9385,4602,512631,Expert Witness,True
9386,4602,512284,Eye Witness,True
9387,4602,502219,Eye Witness,False
9388,4603,522327,Expert Witness,True
9389,4605,506134,Expert Witness,True
9390,4605,521928,Expert Witness,False
9391,4606,503123,Expert Witness,False
9392,4606,515998,Circumstantial Witness,False
9393,4606,519847,Expert Witness,True
9394,4606,514189,Eye Witness,True
9395,4608,521732,Expert Witness,False
9396,4608,505293,Circumstantial Witness,False
9397,4609,512247,Expert Witness,True
9398,4609,514136,Eye Witness,True
9399,4609,522477,Expert Witness,False
9400,4609,508433,Eye Witness,False
9401,4610,504306,Eye Witness,False
9402,4611,509554,Eye Witness,True
9403,4612,517745,Eye Witness,False
9404,4612,517482,Circumstantial Witness,True
9405,4612,501917,Eye Witness,True
9406,4613,501669,Eye Witness,True
9407,4613,523122,Circumstantial Witness,True
9408,4614,501292,Circumstantial Witness,True
9409,4614,519303,Circumstantial Witness,False
9410,4615,508919,Circumstantial Witness,False
9411,4617,524226,Expert Witness,True
9412,4617,510726,Circumstantial Witness,False
9413,4619,518824,Circumstantial Witness,False
9414,4619,521017,Expert Witness,True
9415,4620,520015,Circumstantial Witness,False
9416,4620,507819,Circumstantial Witness,False
9417,4621,500460,Eye Witness,False
9418,4621,520616,Eye Witness,False
9419,4623,509335,Circumstantial Witness,True
9420,4623,500904,Eye Witness,False
9421,4623,502248,Eye Witness,False
9422,4624,520412,Circumstantial Witness,False
9423,4624,501620,Eye Witness,True
9424,4626,507439,Eye Witness,False
9425,4626,514837,Eye Witness,True
9426,4627,521047,Circumstantial Witness,True
9427,4629,511128,Expert Witness,True
9428,4629,518301,Eye Witness,False
9429,4629,508773,Eye Witness,False
9430,4630,513324,Circumstantial Witness,True
9431,4630,509425,Circumstantial Witness,False
9432,4630,509499,Circumstantial Witness,False
9433,4630,510855,Eye Witness,False
9434,4631,511599,Circumstantial Witness,False
9435,4631,509088,Circumstantial Witness,True
9436,4631,511144,Circumstantial Witness,False
9437,4631,512844,Circumstantial Witness,True
9438,4632,501283,Circumstantial Witness,False
9439,4632,524585,Expert Witness,False
9440,4632,516641,Expert Witness,True
9441,4633,518623,Expert Witness,False
9442,4633,505105,Expert Witness,False
9443,4634,511802,Circumstantial Witness,False
9444,4634,510743,Circumstantial Witness,True
9445,4635,500582,Circumstantial Witness,False
9446,4635,502359,Circumstantial Witness,True
9447,4635,511256,Eye Witness,False
9448,4636,513433,Eye Witness,False
9449,4636,509326,Eye Witness,True
9450,4636,514886,Eye Witness,False
9451,4637,509166,Expert Witness,True
9452,4637,501402,Circumstantial Witness,True
9453,4637,517949,Circumstantial Witness,False
9454,4637,507989,Eye Witness,False
9455,4638,520647,Eye Witness,True
9456,4638,503414,Expert Witness,False
9457,4638,503951,Eye Witness,True
9458,4638,522901,Circumstantial Witness,False
9459,4641,521043,Circumstantial Witness,False
9460,4641,506082,Circumstantial Witness,False
9461,4641,517228,Expert Witness,False
9462,4641,518374,Eye Witness,False
9463,4642,519856,Eye Witness,False
9464,4644,511452,Circumstantial Witness,True
9465,4644,511014,Circumstantial Witness,True
9466,4644,515632,Eye Witness,True
9467,4647,512966,Expert Witness,False
9468,4647,514936,Expert Witness,True
9469,4647,522747,Eye Witness,True
9470,4647,514064,Expert Witness,True
9471,4648,523704,Expert Witness,True
9472,4648,507870,Circumstantial Witness,False
9473,4649,503773,Eye Witness,True
9474,4649,503950,Circumstantial Witness,True
9475,4649,520366,Expert Witness,True
9476,4649,515455,Expert Witness,False
9477,4650,501676,Circumstantial Witness,True
9478,4651,519031,Expert Witness,True
9479,4651,508824,Circumstantial Witness,True
9480,4651,517799,Eye Witness,True
9481,4651,503909,Expert Witness,False
9482,4653,518374,Circumstantial Witness,False
9483,4654,516038,Eye Witness,True
9484,4654,524716,Circumstantial Witness,False
9485,4655,501830,Eye Witness,True
9486,4655,516916,Eye Witness,True
9487,4655,519222,Circumstantial Witness,True
9488,4657,510321,Expert Witness,False
9489,4657,500573,Circumstantial Witness,False
9490,4658,523098,Circumstantial Witness,False
9491,4658,522863,Eye Witness,True
9492,4658,508002,Circumstantial Witness,True
9493,4658,509250,Expert Witness,True
9494,4659,519635,Circumstantial Witness,False
9495,4659,504172,Circumstantial Witness,False
9496,4659,513858,Eye Witness,False
9497,4659,501647,Eye Witness,True
9498,4660,500957,Expert Witness,False
9499,4660,503459,Eye Witness,True
9500,4660,513458,Expert Witness,False
9501,4660,507394,Eye Witness,True
9502,4661,500211,Expert Witness,True
9503,4661,519789,Expert Witness,True
9504,4662,517270,Eye Witness,False
9505,4662,514329,Eye Witness,False
9506,4663,516106,Circumstantial Witness,False
9507,4663,514469,Circumstantial Witness,False
9508,4664,523654,Expert Witness,True
9509,4665,524214,Eye Witness,False
9510,4665,523222,Eye Witness,True
9511,4665,508581,Expert Witness,False
9512,4665,524961,Eye Witness,True
9513,4666,508608,Expert Witness,False
9514,4667,500723,Expert Witness,True
9515,4668,509940,Expert Witness,False
9516,4668,519919,Expert Witness,True
9517,4668,522491,Circumstantial Witness,False
9518,4670,502368,Expert Witness,False
9519,4670,506430,Circumstantial Witness,False
9520,4670,504982,Expert Witness,False
9521,4671,507614,Eye Witness,True
9522,4671,521947,Circumstantial Witness,False
9523,4671,500018,Circumstantial Witness,False
9524,4672,503162,Eye Witness,False
9525,4673,501934,Circumstantial Witness,True
9526,4673,512694,Expert Witness,True
9527,4673,519502,Expert Witness,True
9528,4674,506957,Circumstantial Witness,True
9529,4674,517423,Eye Witness,True
9530,4676,518666,Expert Witness,False
9531,4677,519620,Circumstantial Witness,True
9532,4677,504374,Eye Witness,True
9533,4677,516954,Circumstantial Witness,True
9534,4677,519710,Circumstantial Witness,True
9535,4678,507792,Circumstantial Witness,False
9536,4678,505453,Expert Witness,False
9537,4680,523590,Circumstantial Witness,True
9538,4680,502039,Eye Witness,False
9539,4680,522147,Circumstantial Witness,True
9540,4681,521054,Circumstantial Witness,True
9541,4681,515095,Expert Witness,True
9542,4681,514968,Circumstantial Witness,True
9543,4682,510206,Circumstantial Witness,False
9544,4682,513583,Eye Witness,False
9545,4682,506788,Expert Witness,False
9546,4683,502241,Eye Witness,True
9547,4683,520545,Circumstantial Witness,False
9548,4684,501065,Circumstantial Witness,False
9549,4684,519775,Expert Witness,True
9550,4685,511977,Eye Witness,False
9551,4685,518347,Circumstantial Witness,False
9552,4687,516294,Eye Witness,False
9553,4687,522878,Expert Witness,True
9554,4687,505752,Circumstantial Witness,True
9555,4687,510586,Expert Witness,False
9556,4689,522904,Circumstantial Witness,True
9557,4689,507269,Expert Witness,False
9558,4689,504324,Expert Witness,False
9559,4689,508375,Expert Witness,True
9560,4690,517054,Expert Witness,False
9561,4690,515775,Eye Witness,False
9562,4690,523505,Eye Witness,False
9563,4690,514274,Expert Witness,True
9564,4691,508119,Eye Witness,True
9565,4691,514881,Expert Witness,True
9566,4692,524551,Eye Witness,False
9567,4693,512308,Eye Witness,True
9568,4693,512495,Expert Witness,True
9569,4693,513274,Expert Witness,True
9570,4695,508970,Expert Witness,False
9571,4695,506397,Eye Witness,True
9572,4695,524330,Expert Witness,False
9573,4695,506031,Circumstantial Witness,False
9574,4696,504895,Expert Witness,True
9575,4696,519499,Expert Witness,True
9576,4696,505319,Circumstantial Witness,False
9577,4696,503117,Eye Witness,True
9578,4697,518739,Circumstantial Witness,False
9579,4697,513507,Expert Witness,False
9580,4698,518310,Eye Witness,True
9581,4698,513824,Eye Witness,True
9582,4698,507182,Expert Witness,False
9583,4699,515407,Eye Witness,False
9584,4700,506429,Circumstantial Witness,False
9585,4700,523889,Circumstantial Witness,True
9586,4700,510536,Eye Witness,True
9587,4701,504056,Eye Witness,True
9588,4702,515736,Eye Witness,True
9589,4702,516697,Expert Witness,False
9590,4704,516787,Eye Witness,False
9591,4704,515297,Expert Witness,True
9592,4704,518187,Expert Witness,False
9593,4704,500007,Circumstantial Witness,True
9594,4705,519509,Eye Witness,False
9595,4706,502932,Eye Witness,False
9596,4706,508723,Expert Witness,True
9597,4706,504133,Expert Witness,True
9598,4706,521488,Expert Witness,True
9599,4707,519425,Eye Witness,False
9600,4707,503691,Eye Witness,False
9601,4708,501226,Expert Witness,True
9602,4708,515224,Eye Witness,False
9603,4709,517551,Eye Witness,False
9604,4710,505861,Eye Witness,False
9605,4712,519669,Eye Witness,True
9606,4712,507737,Expert Witness,True
9607,4712,508889,Eye Witness,False
9608,4713,516262,Circumstantial Witness,False
9609,4714,518063,Expert Witness,False
9610,4714,522294,Circumstantial Witness,False
9611,4715,508339,Circumstantial Witness,False
9612,4716,508727,Circumstantial Witness,False
9613,4716,518456,Eye Witness,False
9614,4716,518237,Expert Witness,True
9615,4716,504950,Circumstantial Witness,True
9616,4717,502129,Eye Witness,False
9617,4717,522227,Expert Witness,False
9618,4717,518474,Expert Witness,True
9619,4717,504517,Circumstantial Witness,True
9620,4718,517166,Eye Witness,False
9621,4718,524578,Eye Witness,True
9622,4718,520742,Circumstantial Witness,False
9623,4719,520803,Expert Witness,True
9624,4719,510420,Expert Witness,True
9625,4721,504819,Eye Witness,True
9626,4722,524539,Circumstantial Witness,True
9627,4722,508320,Circumstantial Witness,True
9628,4722,509794,Eye Witness,False
9629,4724,504001,Eye Witness,True
9630,4724,518027,Expert Witness,True
9631,4724,509551,Expert Witness,False
9632,4724,520346,Circumstantial Witness,False
9633,4725,522018,Circumstantial Witness,True
9634,4725,512592,Expert Witness,True
9635,4726,504800,Circumstantial Witness,True
9636,4726,514438,Expert Witness,False
9637,4726,518141,Expert Witness,True
9638,4726,518218,Expert Witness,False
9639,4727,507034,Circumstantial Witness,True
9640,4727,515233,Eye Witness,True
9641,4728,505594,Expert Witness,True
9642,4728,503032,Eye Witness,True
9643,4728,523154,Eye Witness,True
9644,4729,515026,Expert Witness,False
9645,4729,511959,Eye Witness,False
9646,4730,506564,Eye Witness,True
9647,4730,522521,Eye Witness,False
9648,4731,518321,Expert Witness,True
9649,4732,515192,Eye Witness,True
9650,4732,501593,Circumstantial Witness,True
9651,4732,505726,Circumstantial Witness,False
9652,4732,513158,Eye Witness,True
9653,4735,513710,Eye Witness,True
9654,4735,506482,Expert Witness,False
9655,4735,524802,Circumstantial Witness,True
9656,4736,513632,Eye Witness,False
9657,4736,502286,Expert Witness,False
9658,4736,523121,Expert Witness,True
9659,4737,502167,Expert Witness,True
9660,4737,520181,Eye Witness,True
9661,4737,502280,Eye Witness,True
9662,4738,500685,Eye Witness,True
9663,4738,519102,Circumstantial Witness,True
9664,4738,500075,Expert Witness,True
9665,4741,507410,Expert Witness,True
9666,4742,518618,Circumstantial Witness,True
9667,4742,515789,Circumstantial Witness,True
9668,4742,506337,Circumstantial Witness,True
9669,4744,513470,Expert Witness,True
9670,4745,512732,Eye Witness,False
9671,4746,507500,Circumstantial Witness,True
9672,4747,504023,Circumstantial Witness,True
9673,4747,505072,Eye Witness,True
9674,4748,503232,Eye Witness,False
9675,4748,517594,Circumstantial Witness,True
9676,4748,502536,Expert Witness,True
9677,4749,508782,Circumstantial Witness,True
9678,4749,513226,Expert Witness,True
9679,4749,517600,Expert Witness,True
9680,4750,505567,Expert Witness,True
9681,4751,503355,Expert Witness,False
9682,4752,521729,Circumstantial Witness,False
9683,4752,512037,Expert Witness,False
9684,4752,505985,Eye Witness,False
9685,4753,511377,Expert Witness,False
9686,4753,520682,Eye Witness,False
9687,4753,502402,Circumstantial Witness,False
9688,4753,523924,Expert Witness,True
9689,4755,522664,Expert Witness,True
9690,4755,505570,Eye Witness,True
9691,4755,514469,Eye Witness,False
9692,4755,502371,Eye Witness,True
9693,4757,513340,Eye Witness,False
9694,4760,515097,Circumstantial Witness,False
9695,4760,513634,Circumstantial Witness,True
9696,4761,518633,Eye Witness,False
9697,4761,506079,Eye Witness,True
9698,4761,504201,Expert Witness,False
9699,4761,522634,Circumstantial Witness,True
9700,4762,507969,Expert Witness,True
9701,4763,500100,Expert Witness,False
9702,4763,501226,Circumstantial Witness,True
9703,4763,519481,Eye Witness,True
9704,4763,507640,Circumstantial Witness,True
9705,4764,523152,Expert Witness,True
9706,4764,500210,Expert Witness,True
9707,4764,514481,Circumstantial Witness,True
9708,4764,507302,Circumstantial Witness,True
9709,4765,517758,Expert Witness,True
9710,4765,524705,Eye Witness,False
9711,4765,514574,Expert Witness,False
9712,4766,523349,Circumstantial Witness,True
9713,4766,520717,Expert Witness,True
9714,4767,512828,Circumstantial Witness,False
9715,4767,518639,Eye Witness,True
9716,4767,520444,Expert Witness,True
9717,4767,502842,Eye Witness,False
9718,4769,502883,Eye Witness,True
9719,4769,514921,Eye Witness,True
9720,4769,517036,Expert Witness,False
9721,4770,521190,Expert Witness,False
9722,4770,500281,Expert Witness,False
9723,4770,522795,Circumstantial Witness,False
9724,4770,520490,Eye Witness,True
9725,4771,520696,Expert Witness,False
9726,4771,524005,Circumstantial Witness,True
9727,4771,501740,Eye Witness,True
9728,4773,508250,Expert Witness,False
9729,4773,515198,Circumstantial Witness,False
9730,4773,510966,Eye Witness,True
9731,4774,509876,Eye Witness,True
9732,4774,523696,Expert Witness,False
9733,4774,516014,Eye Witness,True
9734,4776,503099,Eye Witness,True
9735,4776,504463,Circumstantial Witness,False
9736,4777,507518,Expert Witness,True
9737,4777,510303,Circumstantial Witness,False
9738,4777,501351,Eye Witness,True
9739,4778,506591,Circumstantial Witness,True
9740,4778,522555,Expert Witness,True
9741,4779,501355,Expert Witness,False
9742,4779,517068,Expert Witness,True
9743,4779,522099,Circumstantial Witness,False
9744,4779,512544,Expert Witness,False
9745,4780,507137,Expert Witness,True
9746,4780,501009,Expert Witness,True
9747,4780,505556,Circumstantial Witness,True
9748,4780,513934,Circumstantial Witness,True
9749,4781,509243,Expert Witness,True
9750,4781,507190,Circumstantial Witness,False
9751,4781,502611,Expert Witness,True
9752,4781,500318,Circumstantial Witness,False
9753,4783,506705,Circumstantial Witness,False
9754,4783,523775,Expert Witness,True
9755,4784,519724,Eye Witness,True
9756,4784,501383,Expert Witness,False
9757,4784,523204,Eye Witness,False
9758,4784,509643,Circumstantial Witness,False
9759,4785,503931,Circumstantial Witness,True
9760,4785,506236,Eye Witness,False
9761,4785,519203,Expert Witness,True
9762,4785,507364,Circumstantial Witness,False
9763,4787,516655,Expert Witness,False
9764,4787,508852,Circumstantial Witness,False
9765,4787,500757,Eye Witness,False
9766,4787,516674,Eye Witness,False
9767,4788,509413,Eye Witness,True
9768,4788,501971,Eye Witness,True
9769,4789,522224,Eye Witness,False
9770,4790,510325,Expert Witness,True
9771,4790,507950,Expert Witness,False
9772,4791,510682,Eye Witness,True
9773,4791,506988,Eye Witness,True
9774,4794,506484,Eye Witness,True
9775,4794,511787,Eye Witness,True
9776,4795,517685,Expert Witness,False
9777,4797,502061,Expert Witness,False
9778,4797,518333,Expert Witness,True
9779,4797,524766,Eye Witness,False
9780,4798,524698,Circumstantial Witness,True
9781,4798,502913,Circumstantial Witness,True
9782,4798,500407,Expert Witness,False
9783,4798,508634,Eye Witness,True
9784,4799,505455,Eye Witness,True
9785,4799,513142,Eye Witness,False
9786,4800,504740,Expert Witness,True
9787,4801,513040,Eye Witness,False
9788,4801,516113,Circumstantial Witness,True
9789,4802,503894,Eye Witness,False
9790,4802,502061,Circumstantial Witness,False
9791,4804,502489,Eye Witness,True
9792,4806,504891,Circumstantial Witness,False
9793,4806,505032,Circumstantial Witness,False
9794,4806,524033,Expert Witness,True
9795,4806,517111,Expert Witness,True
9796,4807,511748,Eye Witness,False
9797,4807,522214,Expert Witness,True
9798,4807,509389,Expert Witness,False
9799,4809,518523,Circumstantial Witness,True
9800,4809,514312,Eye Witness,True
9801,4810,506082,Expert Witness,True
9802,4810,500436,Expert Witness,False
9803,4810,502030,Circumstantial Witness,True
9804,4811,503498,Eye Witness,True
9805,4811,519136,Eye Witness,False
9806,4812,520705,Expert Witness,False
9807,4813,501164,Eye Witness,True
9808,4813,523551,Expert Witness,False
9809,4813,521521,Expert Witness,True
9810,4814,522741,Circumstantial Witness,False
9811,4814,511755,Expert Witness,True
9812,4814,505871,Circumstantial Witness,True
9813,4814,501517,Expert Witness,True
9814,4815,524832,Eye Witness,False
9815,4815,517364,Circumstantial Witness,True
9816,4817,511839,Circumstantial Witness,False
9817,4818,502386,Circumstantial Witness,True
9818,4818,524249,Circumstantial Witness,True
9819,4818,521264,Eye Witness,False
9820,4819,508855,Expert Witness,True
9821,4819,508542,Circumstantial Witness,True
9822,4819,513558,Circumstantial Witness,False
9823,4819,511257,Circumstantial Witness,True
9824,4821,501107,Expert Witness,True
9825,4821,510794,Circumstantial Witness,True
9826,4821,524000,Circumstantial Witness,True
9827,4821,502649,Eye Witness,False
9828,4822,501219,Circumstantial Witness,True
9829,4822,518364,Circumstantial Witness,False
9830,4822,502865,Eye Witness,True
9831,4822,506515,Expert Witness,False
9832,4824,520839,Circumstantial Witness,False
9833,4824,516722,Eye Witness,True
9834,4825,503075,Circumstantial Witness,False
9835,4826,509376,Circumstantial Witness,True
9836,4826,505280,Eye Witness,True
9837,4826,515532,Expert Witness,True
9838,4827,501516,Circumstantial Witness,False
9839,4828,522834,Eye Witness,True
9840,4828,512168,Eye Witness,True
9841,4828,509530,Eye Witness,True
9842,4829,513756,Expert Witness,True
9843,4829,504409,Expert Witness,False
9844,4829,524734,Circumstantial Witness,True
9845,4830,508615,Eye Witness,True
9846,4830,522073,Expert Witness,True
9847,4830,510859,Circumstantial Witness,True
9848,4831,515865,Expert Witness,True
9849,4831,507612,Eye Witness,True
9850,4831,513850,Circumstantial Witness,False
9851,4831,517835,Expert Witness,True
9852,4832,513859,Eye Witness,False
9853,4833,511898,Circumstantial Witness,True
9854,4834,511583,Expert Witness,True
9855,4834,518657,Eye Witness,False
9856,4837,516981,Expert Witness,False
9857,4838,508196,Expert Witness,True
9858,4838,509507,Expert Witness,False
9859,4838,501132,Expert Witness,False
9860,4838,523336,Eye Witness,True
9861,4839,516869,Circumstantial Witness,False
9862,4839,524304,Eye Witness,False
9863,4840,522433,Expert Witness,True
9864,4840,511015,Expert Witness,False
9865,4840,504014,Circumstantial Witness,False
9866,4840,511191,Eye Witness,True
9867,4841,506574,Expert Witness,True
9868,4841,507054,Circumstantial Witness,True
9869,4841,510240,Circumstantial Witness,False
9870,4841,518743,Eye Witness,True
9871,4843,503216,Eye Witness,True
9872,4844,512996,Eye Witness,False
9873,4844,509367,Eye Witness,True
9874,4845,522522,Expert Witness,False
9875,4846,507323,Expert Witness,True
9876,4847,509061,Circumstantial Witness,True
9877,4847,509215,Eye Witness,False
9878,4847,510265,Circumstantial Witness,False
9879,4848,504483,Circumstantial Witness,False
9880,4848,511073,Circumstantial Witness,True
9881,4848,521728,Expert Witness,True
9882,4850,500765,Expert Witness,True
9883,4851,522545,Expert Witness,True
9884,4852,505718,Circumstantial Witness,False
9885,4852,508301,Circumstantial Witness,False
9886,4852,520511,Expert Witness,True
9887,4852,500698,Circumstantial Witness,True
9888,4853,522796,Circumstantial Witness,True
9889,4854,514840,Circumstantial Witness,False
9890,4854,509679,Eye Witness,True
9891,4856,520258,Circumstantial Witness,True
9892,4856,524772,Expert Witness,False
9893,4856,515142,Expert Witness,True
9894,4856,516692,Expert Witness,True
9895,4858,524876,Eye Witness,True
9896,4858,504500,Expert Witness,True
9897,4858,504871,Expert Witness,False
9898,4858,521306,Circumstantial Witness,False
9899,4859,520041,Expert Witness,True
9900,4859,515416,Circumstantial Witness,True
9901,4859,500769,Eye Witness,False
9902,4860,521796,Expert Witness,False
9903,4860,505119,Expert Witness,True
9904,4862,514939,Expert Witness,False
9905,4862,518385,Circumstantial Witness,False
9906,4864,517044,Expert Witness,False
9907,4864,500660,Eye Witness,False
9908,4864,503687,Eye Witness,False
9909,4864,521851,Circumstantial Witness,False
9910,4865,520389,Circumstantial Witness,True
9911,4866,524367,Eye Witness,True
9912,4866,517599,Expert Witness,False
9913,4867,518836,Circumstantial Witness,False
9914,4868,509204,Expert Witness,True
9915,4868,521741,Eye Witness,True
9916,4868,508818,Expert Witness,True
9917,4868,510634,Circumstantial Witness,True
9918,4870,518939,Expert Witness,False
9919,4870,522057,Expert Witness,True
9920,4871,508482,Circumstantial Witness,True
9921,4871,512790,Circumstantial Witness,True
9922,4872,522927,Expert Witness,False
9923,4872,500606,Circumstantial Witness,False
9924,4874,523745,Eye Witness,False
9925,4874,522495,Circumstantial Witness,True
9926,4875,505199,Circumstantial Witness,False
9927,4875,509753,Eye Witness,False
9928,4875,502550,Circumstantial Witness,False
9929,4876,504821,Eye Witness,True
9930,4876,510083,Circumstantial Witness,True
9931,4876,500080,Expert Witness,False
9932,4876,521659,Eye Witness,False
9933,4877,511697,Expert Witness,True
9934,4877,513743,Expert Witness,False
9935,4877,502724,Eye Witness,False
9936,4877,515962,Eye Witness,True
9937,4878,523654,Circumstantial Witness,False
9938,4878,510954,Eye Witness,False
9939,4878,507163,Circumstantial Witness,True
9940,4880,501237,Circumstantial Witness,False
9941,4880,508138,Circumstantial Witness,False
9942,4880,505445,Eye Witness,False
9943,4882,519856,Eye Witness,False
9944,4883,510612,Eye Witness,False
9945,4883,507500,Circumstantial Witness,False
9946,4883,501708,Eye Witness,False
9947,4884,503213,Circumstantial Witness,True
9948,4884,506897,Expert Witness,False
9949,4884,513307,Eye Witness,True
9950,4884,502831,Expert Witness,False
9951,4886,518973,Eye Witness,True
9952,4886,501763,Circumstantial Witness,True
9953,4886,516704,Eye Witness,True
9954,4886,515821,Eye Witness,True
9955,4888,519746,Expert Witness,False
9956,4889,516041,Expert Witness,False
9957,4889,509818,Circumstantial Witness,True
9958,4889,520722,Eye Witness,False
9959,4890,508581,Eye Witness,False
9960,4890,500335,Eye Witness,False
9961,4890,520170,Expert Witness,True
9962,4890,516475,Eye Witness,True
9963,4891,506222,Expert Witness,True
9964,4891,501701,Eye Witness,True
9965,4891,514032,Eye Witness,True
9966,4892,514919,Eye Witness,True
9967,4892,502019,Circumstantial Witness,False
9968,4892,507021,Eye Witness,False
9969,4893,501612,Eye Witness,True
9970,4893,514093,Expert Witness,True
9971,4894,500141,Circumstantial Witness,True
9972,4894,521817,Eye Witness,False
9973,4895,502408,Circumstantial Witness,True
9974,4895,502740,Eye Witness,False
9975,4895,515200,Eye Witness,False
9976,4895,522409,Eye Witness,False
9977,4896,522658,Expert Witness,True
9978,4896,507661,Expert Witness,False
9979,4896,518594,Circumstantial Witness,True
9980,4896,502899,Eye Witness,False
9981,4897,516593,Expert Witness,False
9982,4897,504705,Eye Witness,False
9983,4897,504808,Circumstantial Witness,False
9984,4897,520056,Circumstantial Witness,False
9985,4898,516145,Eye Witness,True
9986,4898,511931,Eye Witness,True
9987,4898,519096,Expert Witness,False
9988,4899,510903,Eye Witness,False
9989,4899,521101,Expert Witness,False
9990,4899,524583,Circumstantial Witness,False
9991,4899,502350,Circumstantial Witness,False
9992,4901,505701,Expert Witness,False
9993,4901,502063,Circumstantial Witness,True
9994,4901,511011,Eye Witness,True
9995,4902,506671,Eye Witness,False
9996,4902,516096,Expert Witness,False
9997,4902,500838,Eye Witness,False
9998,4902,511275,Circumstantial Witness,False
9999,4903,504219,Circumstantial Witness,True
10000,4903,510659,Circumstantial Witness,True
10001,4904,501872,Circumstantial Witness,True
10002,4905,515881,Eye Witness,True
10003,4905,518915,Expert Witness,True
10004,4905,524264,Circumstantial Witness,True
10005,4908,517202,Eye Witness,False
10006,4908,504014,Expert Witness,True
10007,4909,517420,Eye Witness,False
10008,4909,519927,Circumstantial Witness,True
10009,4909,507997,Eye Witness,False
10010,4910,502244,Circumstantial Witness,True
10011,4910,505748,Circumstantial Witness,False
10012,4912,502909,Expert Witness,False
10013,4913,517817,Eye Witness,False
10014,4914,510361,Circumstantial Witness,True
10015,4914,504452,Circumstantial Witness,True
10016,4915,505546,Circumstantial Witness,True
10017,4915,501126,Circumstantial Witness,False
10018,4915,519956,Expert Witness,False
10019,4915,523257,Eye Witness,False
10020,4917,501645,Circumstantial Witness,False
10021,4918,505316,Circumstantial Witness,True
10022,4918,512921,Expert Witness,True
10023,4918,524279,Circumstantial Witness,True
10024,4921,500301,Eye Witness,True
10025,4921,517186,Circumstantial Witness,True
10026,4921,505887,Circumstantial Witness,False
10027,4921,518306,Circumstantial Witness,True
10028,4922,501496,Expert Witness,False
10029,4922,516219,Eye Witness,True
10030,4923,505553,Circumstantial Witness,False
10031,4923,516105,Eye Witness,True
10032,4923,519640,Expert Witness,True
10033,4923,518945,Circumstantial Witness,False
10034,4924,521856,Expert Witness,False
10035,4924,519464,Expert Witness,True
10036,4924,510813,Circumstantial Witness,False
10037,4925,515275,Circumstantial Witness,True
10038,4925,503072,Circumstantial Witness,False
10039,4925,513744,Eye Witness,True
10040,4925,508963,Eye Witness,False
10041,4926,521995,Circumstantial Witness,True
10042,4926,509887,Circumstantial Witness,False
10043,4927,521969,Eye Witness,True
10044,4927,521303,Circumstantial Witness,True
10045,4927,503846,Eye Witness,True
10046,4930,507630,Circumstantial Witness,False
10047,4930,516385,Circumstantial Witness,False
10048,4930,502301,Circumstantial Witness,True
10049,4930,507568,Eye Witness,True
10050,4931,519855,Eye Witness,True
10051,4934,522479,Expert Witness,True
10052,4934,506977,Circumstantial Witness,False
10053,4934,502952,Eye Witness,False
10054,4935,521518,Expert Witness,True
10055,4936,503213,Expert Witness,False
10056,4936,512689,Eye Witness,True
10057,4937,508874,Circumstantial Witness,False
10058,4937,517551,Circumstantial Witness,False
10059,4937,514630,Eye Witness,True
10060,4937,512552,Eye Witness,False
10061,4938,506436,Expert Witness,True
10062,4938,523723,Eye Witness,True
10063,4938,519370,Eye Witness,False
10064,4938,523464,Expert Witness,True
10065,4939,506537,Eye Witness,False
10066,4941,516476,Expert Witness,False
10067,4942,516782,Circumstantial Witness,False
10068,4942,502835,Circumstantial Witness,True
10069,4942,512936,Expert Witness,False
10070,4942,501941,Expert Witness,True
10071,4943,517316,Eye Witness,False
10072,4943,506145,Expert Witness,True
10073,4943,501784,Eye Witness,True
10074,4944,506494,Expert Witness,False
10075,4945,522882,Expert Witness,False
10076,4945,520594,Expert Witness,False
10077,4947,518064,Expert Witness,False
10078,4947,518549,Circumstantial Witness,True
10079,4948,500678,Circumstantial Witness,False
10080,4949,501111,Circumstantial Witness,False
10081,4950,501862,Circumstantial Witness,True
10082,4952,503217,Eye Witness,True
10083,4953,503135,Circumstantial Witness,True
10084,4954,504372,Eye Witness,False
10085,4954,502968,Eye Witness,False
10086,4954,509952,Eye Witness,True
10087,4955,508191,Circumstantial Witness,False
10088,4955,502032,Circumstantial Witness,True
10089,4955,511302,Eye Witness,True
10090,4958,516874,Expert Witness,False
10091,4958,503922,Eye Witness,False
10092,4958,500712,Expert Witness,False
10093,4958,520270,Circumstantial Witness,False
10094,4959,523356,Eye Witness,False
10095,4959,510487,Circumstantial Witness,True
10096,4959,516305,Expert Witness,True
10097,4959,516849,Expert Witness,True
10098,4960,519710,Expert Witness,True
10099,4961,502693,Eye Witness,True
10100,4961,503419,Circumstantial Witness,True
10101,4961,517912,Expert Witness,True
10102,4961,506837,Expert Witness,True
10103,4962,500160,Eye Witness,False
10104,4962,508867,Expert Witness,False
10105,4962,510629,Eye Witness,False
10106,4962,518091,Expert Witness,True
10107,4963,518522,Expert Witness,False
10108,4963,524276,Circumstantial Witness,True
10109,4963,520605,Expert Witness,True
10110,4964,507287,Expert Witness,True
10111,4964,524131,Expert Witness,True
10112,4965,503848,Expert Witness,False
10113,4965,524400,Eye Witness,False
10114,4965,509743,Eye Witness,True
10115,4965,506496,Circumstantial Witness,True
10116,4967,509155,Expert Witness,False
10117,4967,522801,Eye Witness,True
10118,4969,507168,Expert Witness,False
10119,4970,513444,Eye Witness,False
10120,4970,518753,Eye Witness,False
10121,4970,518340,Eye Witness,True
10122,4970,517568,Expert Witness,False
10123,4971,516655,Circumstantial Witness,True
10124,4971,504125,Circumstantial Witness,True
10125,4973,516240,Circumstantial Witness,True
10126,4973,524973,Expert Witness,False
10127,4973,521388,Expert Witness,False
10128,4974,507054,Expert Witness,True
10129,4975,523485,Circumstantial Witness,False
10130,4976,523147,Circumstantial Witness,False
10131,4976,508178,Eye Witness,True
10132,4976,518764,Circumstantial Witness,False
10133,4977,505347,Expert Witness,True
10134,4978,517418,Eye Witness,False
10135,4978,522066,Expert Witness,True
10136,4978,502449,Expert Witness,False
10137,4979,506326,Expert Witness,False
10138,4979,512012,Circumstantial Witness,True
10139,4980,521292,Eye Witness,False
10140,4980,508114,Circumstantial Witness,False
10141,4981,523604,Expert Witness,True
10142,4981,501254,Circumstantial Witness,True
10143,4981,517125,Expert Witness,False
10144,4983,519712,Circumstantial Witness,True
10145,4983,522410,Circumstantial Witness,True
10146,4983,514687,Circumstantial Witness,False
10147,4984,518884,Expert Witness,True
10148,4986,506892,Expert Witness,False
10149,4986,506965,Eye Witness,True
10150,4986,502695,Circumstantial Witness,True
10151,4986,511780,Eye Witness,False
10152,4987,515311,Circumstantial Witness,False
10153,4987,521857,Circumstantial Witness,True
10154,4987,508395,Eye Witness,True
10155,4989,514992,Eye Witness,True
10156,4989,507392,Expert Witness,False
10157,4991,502279,Expert Witness,True
10158,4991,511600,Circumstantial Witness,False
10159,4991,517860,Eye Witness,False
10160,4992,502180,Expert Witness,True
10161,4992,519164,Circumstantial Witness,True
10162,4992,517427,Eye Witness,False
10163,4992,515707,Circumstantial Witness,False
10164,4993,512553,Circumstantial Witness,True
10165,4993,504084,Circumstantial Witness,True
10166,4993,504516,Expert Witness,True
10167,4995,524800,Expert Witness,True
10168,4995,520450,Expert Witness,False
10169,4995,510302,Circumstantial Witness,True
10170,4995,524775,Expert Witness,False
10171,4996,502694,Eye Witness,False
10172,4997,501045,Circumstantial Witness,True
10173,4997,512439,Circumstantial Witness,False
10174,4997,510856,Expert Witness,True
10175,4998,514421,Expert Witness,True
10176,4998,500246,Expert Witness,False
10177,4998,503639,Expert Witness,False
10178,4999,514378,Expert Witness,True
10179,5000,512219,Circumstantial Witness,False
10180,5000,511652,Circumstantial Witness,True
